trmg2_node_id,gmns_node_id,taz
1,1,1
2,2,2
3,3,3
4,4,4
5,5,5
6,6,6
7,7,7
8,8,8
9,9,9
10,10,10
11,11,11
12,12,12
13,13,13
14,14,14
15,15,15
16,16,16
17,17,17
18,18,18
19,19,19
20,20,20
21,21,21
22,22,22
23,23,23
24,24,24
25,25,25
26,26,26
27,27,27
28,28,28
29,29,29
30,30,30
31,31,31
32,32,32
33,33,33
34,34,34
35,35,35
36,36,36
37,37,37
38,38,38
39,39,39
40,40,40
41,41,41
42,42,42
43,43,43
44,44,44
45,45,45
46,46,46
47,47,47
48,48,48
49,49,49
50,50,50
51,51,51
52,52,52
53,53,53
54,54,54
55,55,55
56,56,56
57,57,57
58,58,58
59,59,59
60,60,60
61,61,61
62,62,62
63,63,63
64,64,64
65,65,65
66,66,66
67,67,67
68,68,68
69,69,69
70,70,70
71,71,71
72,72,72
73,73,73
74,74,74
75,75,75
76,76,76
77,77,77
78,78,78
79,79,79
80,80,80
81,81,81
82,82,82
83,83,83
84,84,84
85,85,85
86,86,86
87,87,87
88,88,88
89,89,89
90,90,90
91,91,91
92,92,92
93,93,93
94,94,94
95,95,95
96,96,96
97,97,97
98,98,98
99,99,99
100,100,100
101,101,101
102,102,102
103,103,103
104,104,104
105,105,105
106,106,106
107,107,107
108,108,108
109,109,109
110,110,110
111,111,111
112,112,112
113,113,113
114,114,114
115,115,115
116,116,116
117,117,117
118,118,118
119,119,119
120,120,120
121,121,121
122,122,122
123,123,123
124,124,124
125,125,125
126,126,126
127,127,127
128,128,128
129,129,129
130,130,130
131,131,131
132,132,132
133,133,133
134,134,134
135,135,135
136,136,136
137,137,137
138,138,138
139,139,139
140,140,140
141,141,141
142,142,142
143,143,143
144,144,144
145,145,145
146,146,146
147,147,147
148,148,148
149,149,149
150,150,150
151,151,151
152,152,152
153,153,153
154,154,154
155,155,155
156,156,156
157,157,157
158,158,158
159,159,159
160,160,160
161,161,161
162,162,162
163,163,163
164,164,164
165,165,165
166,166,166
167,167,167
168,168,168
169,169,169
170,170,170
171,171,171
172,172,172
173,173,173
174,174,174
175,175,175
176,176,176
177,177,177
178,178,178
179,179,179
180,180,180
181,181,181
182,182,182
183,183,183
184,184,184
185,185,185
186,186,186
187,187,187
188,188,188
189,189,189
190,190,190
191,191,191
192,192,192
193,193,193
194,194,194
195,195,195
196,196,196
197,197,197
198,198,198
199,199,199
200,200,200
201,201,201
202,202,202
203,203,203
204,204,204
205,205,205
206,206,206
207,207,207
208,208,208
209,209,209
210,210,210
211,211,211
212,212,212
213,213,213
214,214,214
215,215,215
216,216,216
217,217,217
218,218,218
219,219,219
220,220,220
221,221,221
222,222,222
223,223,223
224,224,224
225,225,225
226,226,226
227,227,227
228,228,228
229,229,229
230,230,230
231,231,231
232,232,232
233,233,233
234,234,234
235,235,235
236,236,236
237,237,237
238,238,238
239,239,239
240,240,240
241,241,241
242,242,242
243,243,243
244,244,244
245,245,245
246,246,246
247,247,247
248,248,248
249,249,249
250,250,250
251,251,251
252,252,252
253,253,253
254,254,254
255,255,255
256,256,256
257,257,257
258,258,258
259,259,259
260,260,260
261,261,261
262,262,262
263,263,263
264,264,264
265,265,265
266,266,266
267,267,267
268,268,268
269,269,269
270,270,270
271,271,271
272,272,272
273,273,273
274,274,274
275,275,275
276,276,276
277,277,277
278,278,278
279,279,279
280,280,280
281,281,281
282,282,282
283,283,283
284,284,284
285,285,285
286,286,286
287,287,287
288,288,288
289,289,289
290,290,290
291,291,291
292,292,292
293,293,293
294,294,294
295,295,295
296,296,296
297,297,297
298,298,298
299,299,299
300,300,300
301,301,301
302,302,302
303,303,303
304,304,304
305,305,305
306,306,306
307,307,307
308,308,308
309,309,309
310,310,310
311,311,311
312,312,312
313,313,313
314,314,314
315,315,315
316,316,316
317,317,317
318,318,318
319,319,319
320,320,320
321,321,321
322,322,322
323,323,323
324,324,324
325,325,325
326,326,326
327,327,327
328,328,328
329,329,329
330,330,330
331,331,331
332,332,332
333,333,333
334,334,334
335,335,335
336,336,336
337,337,337
338,338,338
339,339,339
340,340,340
341,341,341
342,342,342
343,343,343
344,344,344
345,345,345
346,346,346
347,347,347
348,348,348
349,349,349
350,350,350
351,351,351
352,352,352
353,353,353
354,354,354
355,355,355
356,356,356
357,357,357
358,358,358
359,359,359
360,360,360
361,361,361
362,362,362
363,363,363
364,364,364
365,365,365
366,366,366
367,367,367
368,368,368
369,369,369
370,370,370
371,371,371
372,372,372
373,373,373
374,374,374
375,375,375
376,376,376
377,377,377
378,378,378
379,379,379
380,380,380
381,381,381
382,382,382
383,383,383
384,384,384
385,385,385
386,386,386
387,387,387
388,388,388
389,389,389
390,390,390
391,391,391
392,392,392
393,393,393
394,394,394
395,395,395
396,396,396
397,397,397
398,398,398
399,399,399
400,400,400
401,401,401
402,402,402
403,403,403
404,404,404
405,405,405
406,406,406
407,407,407
408,408,408
409,409,409
410,410,410
411,411,411
412,412,412
413,413,413
414,414,414
415,415,415
416,416,416
417,417,417
418,418,418
419,419,419
420,420,420
421,421,421
422,422,422
423,423,423
424,424,424
425,425,425
426,426,426
427,427,427
428,428,428
429,429,429
430,430,430
431,431,431
432,432,432
433,433,433
434,434,434
435,435,435
436,436,436
437,437,437
438,438,438
439,439,439
440,440,440
441,441,441
442,442,442
443,443,443
444,444,444
445,445,445
446,446,446
447,447,447
448,448,448
449,449,449
450,450,450
451,451,451
452,452,452
453,453,453
454,454,454
455,455,455
456,456,456
457,457,457
458,458,458
459,459,459
460,460,460
461,461,461
462,462,462
463,463,463
464,464,464
465,465,465
466,466,466
467,467,467
468,468,468
469,469,469
470,470,470
471,471,471
472,472,472
473,473,473
474,474,474
475,475,475
476,476,476
477,477,477
478,478,478
479,479,479
480,480,480
481,481,481
482,482,482
483,483,483
484,484,484
485,485,485
486,486,486
487,487,487
488,488,488
489,489,489
490,490,490
491,491,491
492,492,492
493,493,493
494,494,494
495,495,495
496,496,496
497,497,497
498,498,498
499,499,499
500,500,500
501,501,501
502,502,502
503,503,503
504,504,504
505,505,505
506,506,506
507,507,507
508,508,508
509,509,509
510,510,510
511,511,511
512,512,512
513,513,513
514,514,514
515,515,515
516,516,516
517,517,517
518,518,518
519,519,519
520,520,520
521,521,521
522,522,522
523,523,523
524,524,524
525,525,525
526,526,526
527,527,527
528,528,528
529,529,529
530,530,530
531,531,531
532,532,532
533,533,533
534,534,534
535,535,535
536,536,536
537,537,537
538,538,538
539,539,539
540,540,540
541,541,541
542,542,542
543,543,543
544,544,544
545,545,545
546,546,546
547,547,547
548,548,548
549,549,549
550,550,550
551,551,551
552,552,552
553,553,553
554,554,554
555,555,555
556,556,556
557,557,557
558,558,558
559,559,559
560,560,560
561,561,561
562,562,562
563,563,563
564,564,564
565,565,565
566,566,566
567,567,567
568,568,568
569,569,569
570,570,570
571,571,571
572,572,572
573,573,573
574,574,574
575,575,575
576,576,576
577,577,577
578,578,578
579,579,579
580,580,580
581,581,581
582,582,582
583,583,583
584,584,584
585,585,585
586,586,586
587,587,587
588,588,588
589,589,589
590,590,590
591,591,591
592,592,592
593,593,593
594,594,594
595,595,595
596,596,596
597,597,597
598,598,598
599,599,599
600,600,600
601,601,601
602,602,602
603,603,603
604,604,604
605,605,605
606,606,606
607,607,607
608,608,608
609,609,609
610,610,610
611,611,611
612,612,612
613,613,613
614,614,614
615,615,615
616,616,616
617,617,617
618,618,618
619,619,619
620,620,620
621,621,621
622,622,622
623,623,623
624,624,624
625,625,625
626,626,626
627,627,627
628,628,628
629,629,629
630,630,630
631,631,631
632,632,632
633,633,633
634,634,634
635,635,635
636,636,636
637,637,637
638,638,638
639,639,639
640,640,640
641,641,641
642,642,642
643,643,643
644,644,644
645,645,645
646,646,646
647,647,647
648,648,648
649,649,649
650,650,650
651,651,651
652,652,652
653,653,653
654,654,654
655,655,655
656,656,656
657,657,657
658,658,658
659,659,659
660,660,660
661,661,661
662,662,662
663,663,663
664,664,664
665,665,665
666,666,666
667,667,667
668,668,668
669,669,669
670,670,670
671,671,671
672,672,672
673,673,673
674,674,674
675,675,675
676,676,676
677,677,677
678,678,678
679,679,679
680,680,680
681,681,681
682,682,682
683,683,683
684,684,684
685,685,685
686,686,686
687,687,687
688,688,688
689,689,689
690,690,690
691,691,691
692,692,692
693,693,693
694,694,694
695,695,695
696,696,696
697,697,697
698,698,698
699,699,699
700,700,700
701,701,701
702,702,702
703,703,703
704,704,704
705,705,705
706,706,706
707,707,707
708,708,708
709,709,709
710,710,710
711,711,711
712,712,712
713,713,713
714,714,714
715,715,715
716,716,716
717,717,717
718,718,718
719,719,719
720,720,720
721,721,721
722,722,722
723,723,723
724,724,724
725,725,725
726,726,726
727,727,727
728,728,728
729,729,729
730,730,730
731,731,731
732,732,732
733,733,733
734,734,734
735,735,735
736,736,736
737,737,737
738,738,738
739,739,739
740,740,740
741,741,741
742,742,742
743,743,743
744,744,744
745,745,745
746,746,746
747,747,747
748,748,748
749,749,749
750,750,750
751,751,751
752,752,752
753,753,753
754,754,754
755,755,755
756,756,756
757,757,757
758,758,758
759,759,759
760,760,760
761,761,761
762,762,762
763,763,763
764,764,764
765,765,765
766,766,766
767,767,767
768,768,768
769,769,769
770,770,770
771,771,771
772,772,772
773,773,773
774,774,774
775,775,775
776,776,776
777,777,777
778,778,778
779,779,779
780,780,780
781,781,781
782,782,782
783,783,783
784,784,784
785,785,785
786,786,786
787,787,787
788,788,788
789,789,789
790,790,790
791,791,791
792,792,792
793,793,793
794,794,794
795,795,795
796,796,796
797,797,797
798,798,798
799,799,799
800,800,800
801,801,801
802,802,802
803,803,803
804,804,804
805,805,805
806,806,806
807,807,807
808,808,808
809,809,809
810,810,810
811,811,811
812,812,812
813,813,813
814,814,814
815,815,815
816,816,816
817,817,817
818,818,818
819,819,819
820,820,820
821,821,821
822,822,822
823,823,823
824,824,824
825,825,825
826,826,826
827,827,827
828,828,828
829,829,829
830,830,830
831,831,831
832,832,832
833,833,833
834,834,834
835,835,835
836,836,836
837,837,837
838,838,838
839,839,839
840,840,840
841,841,841
842,842,842
843,843,843
844,844,844
845,845,845
846,846,846
847,847,847
848,848,848
849,849,849
850,850,850
851,851,851
852,852,852
853,853,853
854,854,854
855,855,855
856,856,856
857,857,857
858,858,858
859,859,859
860,860,860
861,861,861
862,862,862
863,863,863
864,864,864
865,865,865
866,866,866
867,867,867
868,868,868
869,869,869
870,870,870
871,871,871
872,872,872
873,873,873
874,874,874
875,875,875
876,876,876
877,877,877
878,878,878
879,879,879
880,880,880
881,881,881
882,882,882
883,883,883
884,884,884
885,885,885
886,886,886
887,887,887
888,888,888
889,889,889
890,890,890
891,891,891
892,892,892
893,893,893
894,894,894
895,895,895
896,896,896
897,897,897
898,898,898
899,899,899
900,900,900
901,901,901
902,902,902
903,903,903
904,904,904
905,905,905
906,906,906
907,907,907
908,908,908
909,909,909
910,910,910
911,911,911
912,912,912
913,913,913
914,914,914
915,915,915
916,916,916
917,917,917
918,918,918
919,919,919
920,920,920
921,921,921
922,922,922
923,923,923
924,924,924
925,925,925
926,926,926
927,927,927
928,928,928
929,929,929
930,930,930
931,931,931
932,932,932
933,933,933
934,934,934
935,935,935
936,936,936
937,937,937
938,938,938
939,939,939
940,940,940
941,941,941
942,942,942
943,943,943
944,944,944
945,945,945
946,946,946
947,947,947
948,948,948
949,949,949
950,950,950
951,951,951
952,952,952
953,953,953
954,954,954
955,955,955
956,956,956
957,957,957
958,958,958
959,959,959
960,960,960
961,961,961
962,962,962
963,963,963
964,964,964
965,965,965
966,966,966
967,967,967
968,968,968
969,969,969
970,970,970
971,971,971
972,972,972
973,973,973
974,974,974
975,975,975
976,976,976
977,977,977
978,978,978
979,979,979
980,980,980
981,981,981
982,982,982
983,983,983
984,984,984
985,985,985
986,986,986
987,987,987
988,988,988
989,989,989
990,990,990
991,991,991
992,992,992
993,993,993
994,994,994
995,995,995
996,996,996
997,997,997
998,998,998
999,999,999
1000,1000,1000
1001,1001,1001
1002,1002,1002
1003,1003,1003
1004,1004,1004
1005,1005,1005
1006,1006,1006
1007,1007,1007
1008,1008,1008
1009,1009,1009
1010,1010,1010
1011,1011,1011
1012,1012,1012
1013,1013,1013
1014,1014,1014
1015,1015,1015
1016,1016,1016
1017,1017,1017
1018,1018,1018
1019,1019,1019
1020,1020,1020
1021,1021,1021
1022,1022,1022
1023,1023,1023
1024,1024,1024
1025,1025,1025
1026,1026,1026
1027,1027,1027
1028,1028,1028
1029,1029,1029
1030,1030,1030
1031,1031,1031
1032,1032,1032
1033,1033,1033
1034,1034,1034
1035,1035,1035
1036,1036,1036
1037,1037,1037
1038,1038,1038
1039,1039,1039
1040,1040,1040
1041,1041,1041
1042,1042,1042
1043,1043,1043
1044,1044,1044
1045,1045,1045
1046,1046,1046
1047,1047,1047
1048,1048,1048
1049,1049,1049
1050,1050,1050
1051,1051,1051
1052,1052,1052
1053,1053,1053
1054,1054,1054
1055,1055,1055
1056,1056,1056
1057,1057,1057
1058,1058,1058
1059,1059,1059
1060,1060,1060
1061,1061,1061
1062,1062,1062
1063,1063,1063
1064,1064,1064
1065,1065,1065
1066,1066,1066
1067,1067,1067
1068,1068,1068
1069,1069,1069
1070,1070,1070
1071,1071,1071
1072,1072,1072
1073,1073,1073
1074,1074,1074
1075,1075,1075
1076,1076,1076
1077,1077,1077
1078,1078,1078
1079,1079,1079
1080,1080,1080
1081,1081,1081
1082,1082,1082
1083,1083,1083
1084,1084,1084
1085,1085,1085
1086,1086,1086
1087,1087,1087
1088,1088,1088
1089,1089,1089
1090,1090,1090
1091,1091,1091
1092,1092,1092
1093,1093,1093
1094,1094,1094
1095,1095,1095
1096,1096,1096
1097,1097,1097
1098,1098,1098
1099,1099,1099
1100,1100,1100
1101,1101,1101
1102,1102,1102
1103,1103,1103
1104,1104,1104
1105,1105,1105
1106,1106,1106
1107,1107,1107
1108,1108,1108
1109,1109,1109
1110,1110,1110
1111,1111,1111
1112,1112,1112
1113,1113,1113
1114,1114,1114
1115,1115,1115
1116,1116,1116
1117,1117,1117
1118,1118,1118
1119,1119,1119
1120,1120,1120
1121,1121,1121
1122,1122,1122
1123,1123,1123
1124,1124,1124
1125,1125,1125
1126,1126,1126
1127,1127,1127
1128,1128,1128
1129,1129,1129
1130,1130,1130
1131,1131,1131
1132,1132,1132
1133,1133,1133
1134,1134,1134
1135,1135,1135
1136,1136,1136
1137,1137,1137
1138,1138,1138
1139,1139,1139
1140,1140,1140
1141,1141,1141
1142,1142,1142
1143,1143,1143
1144,1144,1144
1145,1145,1145
1146,1146,1146
1147,1147,1147
1148,1148,1148
1149,1149,1149
1150,1150,1150
1151,1151,1151
1152,1152,1152
1153,1153,1153
1154,1154,1154
1155,1155,1155
1156,1156,1156
1157,1157,1157
1158,1158,1158
1159,1159,1159
1160,1160,1160
1161,1161,1161
1162,1162,1162
1163,1163,1163
1164,1164,1164
1165,1165,1165
1166,1166,1166
1167,1167,1167
1168,1168,1168
1169,1169,1169
1170,1170,1170
1171,1171,1171
1172,1172,1172
1173,1173,1173
1174,1174,1174
1175,1175,1175
1176,1176,1176
1177,1177,1177
1178,1178,1178
1179,1179,1179
1180,1180,1180
1181,1181,1181
1182,1182,1182
1183,1183,1183
1184,1184,1184
1185,1185,1185
1186,1186,1186
1187,1187,1187
1188,1188,1188
1189,1189,1189
1190,1190,1190
1191,1191,1191
1192,1192,1192
1193,1193,1193
1194,1194,1194
1195,1195,1195
1196,1196,1196
1197,1197,1197
1198,1198,1198
1199,1199,1199
1200,1200,1200
1201,1201,1201
1202,1202,1202
1203,1203,1203
1204,1204,1204
1205,1205,1205
1206,1206,1206
1207,1207,1207
1208,1208,1208
1209,1209,1209
1210,1210,1210
1211,1211,1211
1212,1212,1212
1213,1213,1213
1214,1214,1214
1215,1215,1215
1216,1216,1216
1217,1217,1217
1218,1218,1218
1219,1219,1219
1220,1220,1220
1221,1221,1221
1222,1222,1222
1223,1223,1223
1224,1224,1224
1225,1225,1225
1226,1226,1226
1227,1227,1227
1228,1228,1228
1229,1229,1229
1230,1230,1230
1231,1231,1231
1232,1232,1232
1233,1233,1233
1234,1234,1234
1235,1235,1235
1236,1236,1236
1237,1237,1237
1238,1238,1238
1239,1239,1239
1240,1240,1240
1241,1241,1241
1242,1242,1242
1243,1243,1243
1244,1244,1244
1245,1245,1245
1246,1246,1246
1247,1247,1247
1248,1248,1248
1249,1249,1249
1250,1250,1250
1251,1251,1251
1252,1252,1252
1253,1253,1253
1254,1254,1254
1255,1255,1255
1256,1256,1256
1257,1257,1257
1258,1258,1258
1259,1259,1259
1260,1260,1260
1261,1261,1261
1262,1262,1262
1263,1263,1263
1264,1264,1264
1265,1265,1265
1266,1266,1266
1267,1267,1267
1268,1268,1268
1269,1269,1269
1270,1270,1270
1271,1271,1271
1272,1272,1272
1273,1273,1273
1274,1274,1274
1275,1275,1275
1276,1276,1276
1277,1277,1277
1278,1278,1278
1279,1279,1279
1280,1280,1280
1281,1281,1281
1282,1282,1282
1283,1283,1283
1284,1284,1284
1285,1285,1285
1286,1286,1286
1287,1287,1287
1288,1288,1288
1289,1289,1289
1290,1290,1290
1291,1291,1291
1292,1292,1292
1293,1293,1293
1294,1294,1294
1295,1295,1295
1296,1296,1296
1297,1297,1297
1298,1298,1298
1299,1299,1299
1300,1300,1300
1301,1301,1301
1302,1302,1302
1303,1303,1303
1304,1304,1304
1305,1305,1305
1306,1306,1306
1307,1307,1307
1308,1308,1308
1309,1309,1309
1310,1310,1310
1311,1311,1311
1312,1312,1312
1313,1313,1313
1314,1314,1314
1315,1315,1315
1316,1316,1316
1317,1317,1317
1318,1318,1318
1319,1319,1319
1320,1320,1320
1321,1321,1321
1322,1322,1322
1323,1323,1323
1324,1324,1324
1325,1325,1325
1326,1326,1326
1327,1327,1327
1328,1328,1328
1329,1329,1329
1330,1330,1330
1331,1331,1331
1332,1332,1332
1333,1333,1333
1334,1334,1334
1335,1335,1335
1336,1336,1336
1337,1337,1337
1338,1338,1338
1339,1339,1339
1340,1340,1340
1341,1341,1341
1342,1342,1342
1343,1343,1343
1344,1344,1344
1345,1345,1345
1346,1346,1346
1347,1347,1347
1348,1348,1348
1349,1349,1349
1350,1350,1350
1351,1351,1351
1352,1352,1352
1353,1353,1353
1354,1354,1354
1355,1355,1355
1356,1356,1356
1357,1357,1357
1358,1358,1358
1359,1359,1359
1360,1360,1360
1361,1361,1361
1362,1362,1362
1363,1363,1363
1364,1364,1364
1365,1365,1365
1366,1366,1366
1367,1367,1367
1368,1368,1368
1369,1369,1369
1370,1370,1370
1371,1371,1371
1372,1372,1372
1373,1373,1373
1374,1374,1374
1375,1375,1375
1376,1376,1376
1377,1377,1377
1378,1378,1378
1379,1379,1379
1380,1380,1380
1381,1381,1381
1382,1382,1382
1383,1383,1383
1384,1384,1384
1385,1385,1385
1386,1386,1386
1387,1387,1387
1388,1388,1388
1389,1389,1389
1390,1390,1390
1391,1391,1391
1392,1392,1392
1393,1393,1393
1394,1394,1394
1395,1395,1395
1396,1396,1396
1397,1397,1397
1398,1398,1398
1399,1399,1399
1400,1400,1400
1401,1401,1401
1402,1402,1402
1403,1403,1403
1404,1404,1404
1405,1405,1405
1406,1406,1406
1407,1407,1407
1408,1408,1408
1409,1409,1409
1410,1410,1410
1411,1411,1411
1412,1412,1412
1413,1413,1413
1414,1414,1414
1415,1415,1415
1416,1416,1416
1417,1417,1417
1418,1418,1418
1419,1419,1419
1420,1420,1420
1421,1421,1421
1422,1422,1422
1423,1423,1423
1424,1424,1424
1425,1425,1425
1426,1426,1426
1427,1427,1427
1428,1428,1428
1429,1429,1429
1430,1430,1430
1431,1431,1431
1432,1432,1432
1433,1433,1433
1434,1434,1434
1435,1435,1435
1436,1436,1436
1437,1437,1437
1438,1438,1438
1439,1439,1439
1440,1440,1440
1441,1441,1441
1442,1442,1442
1443,1443,1443
1444,1444,1444
1445,1445,1445
1446,1446,1446
1447,1447,1447
1448,1448,1448
1449,1449,1449
1450,1450,1450
1451,1451,1451
1452,1452,1452
1453,1453,1453
1454,1454,1454
1455,1455,1455
1456,1456,1456
1457,1457,1457
1458,1458,1458
1459,1459,1459
1460,1460,1460
1461,1461,1461
1462,1462,1462
1463,1463,1463
1464,1464,1464
1465,1465,1465
1466,1466,1466
1467,1467,1467
1468,1468,1468
1469,1469,1469
1470,1470,1470
1471,1471,1471
1472,1472,1472
1473,1473,1473
1474,1474,1474
1475,1475,1475
1476,1476,1476
1477,1477,1477
1478,1478,1478
1479,1479,1479
1480,1480,1480
1481,1481,1481
1482,1482,1482
1483,1483,1483
1484,1484,1484
1485,1485,1485
1486,1486,1486
1487,1487,1487
1488,1488,1488
1489,1489,1489
1490,1490,1490
1491,1491,1491
1492,1492,1492
1493,1493,1493
1494,1494,1494
1495,1495,1495
1496,1496,1496
1497,1497,1497
1498,1498,1498
1499,1499,1499
1500,1500,1500
1501,1501,1501
1502,1502,1502
1503,1503,1503
1504,1504,1504
1505,1505,1505
1506,1506,1506
1507,1507,1507
1508,1508,1508
1509,1509,1509
1510,1510,1510
1511,1511,1511
1512,1512,1512
1513,1513,1513
1514,1514,1514
1515,1515,1515
1516,1516,1516
1517,1517,1517
1518,1518,1518
1519,1519,1519
1520,1520,1520
1521,1521,1521
1522,1522,1522
1523,1523,1523
1524,1524,1524
1525,1525,1525
1526,1526,1526
1527,1527,1527
1528,1528,1528
1529,1529,1529
1530,1530,1530
1531,1531,1531
1532,1532,1532
1533,1533,1533
1534,1534,1534
1535,1535,1535
1536,1536,1536
1537,1537,1537
1538,1538,1538
1539,1539,1539
1540,1540,1540
1541,1541,1541
1542,1542,1542
1543,1543,1543
1544,1544,1544
1545,1545,1545
1546,1546,1546
1547,1547,1547
1548,1548,1548
1549,1549,1549
1550,1550,1550
1551,1551,1551
1552,1552,1552
1553,1553,1553
1554,1554,1554
1555,1555,1555
1556,1556,1556
1557,1557,1557
1558,1558,1558
1559,1559,1559
1560,1560,1560
1561,1561,1561
1562,1562,1562
1563,1563,1563
1564,1564,1564
1565,1565,1565
1566,1566,1566
1567,1567,1567
1568,1568,1568
1569,1569,1569
1570,1570,1570
1571,1571,1571
1572,1572,1572
1573,1573,1573
1574,1574,1574
1575,1575,1575
1576,1576,1576
1577,1577,1577
1578,1578,1578
1579,1579,1579
1580,1580,1580
1581,1581,1581
1582,1582,1582
1583,1583,1583
1584,1584,1584
1585,1585,1585
1586,1586,1586
1587,1587,1587
1588,1588,1588
1589,1589,1589
1590,1590,1590
1591,1591,1591
1592,1592,1592
1593,1593,1593
1594,1594,1594
1595,1595,1595
1596,1596,1596
1597,1597,1597
1598,1598,1598
1599,1599,1599
1600,1600,1600
1601,1601,1601
1602,1602,1602
1603,1603,1603
1604,1604,1604
1605,1605,1605
1606,1606,1606
1607,1607,1607
1608,1608,1608
1609,1609,1609
1610,1610,1610
1611,1611,1611
1612,1612,1612
1613,1613,1613
1614,1614,1614
1615,1615,1615
1616,1616,1616
1617,1617,1617
1618,1618,1618
1619,1619,1619
1620,1620,1620
1621,1621,1621
1622,1622,1622
1623,1623,1623
1624,1624,1624
1625,1625,1625
1626,1626,1626
1627,1627,1627
1628,1628,1628
1629,1629,1629
1630,1630,1630
1631,1631,1631
1632,1632,1632
1633,1633,1633
1634,1634,1634
1635,1635,1635
1636,1636,1636
1637,1637,1637
1638,1638,1638
1639,1639,1639
1640,1640,1640
1641,1641,1641
1642,1642,1642
1643,1643,1643
1644,1644,1644
1645,1645,1645
1646,1646,1646
1647,1647,1647
1648,1648,1648
1649,1649,1649
1650,1650,1650
1651,1651,1651
1652,1652,1652
1653,1653,1653
1654,1654,1654
1655,1655,1655
1656,1656,1656
1657,1657,1657
1658,1658,1658
1659,1659,1659
1660,1660,1660
1661,1661,1661
1662,1662,1662
1663,1663,1663
1664,1664,1664
1665,1665,1665
1666,1666,1666
1667,1667,1667
1668,1668,1668
1669,1669,1669
1670,1670,1670
1671,1671,1671
1672,1672,1672
1673,1673,1673
1674,1674,1674
1675,1675,1675
1676,1676,1676
1677,1677,1677
1678,1678,1678
1679,1679,1679
1680,1680,1680
1681,1681,1681
1682,1682,1682
1683,1683,1683
1684,1684,1684
1685,1685,1685
1686,1686,1686
1687,1687,1687
1688,1688,1688
1689,1689,1689
1690,1690,1690
1691,1691,1691
1692,1692,1692
1693,1693,1693
1694,1694,1694
1695,1695,1695
1696,1696,1696
1697,1697,1697
1698,1698,1698
1699,1699,1699
1700,1700,1700
1701,1701,1701
1702,1702,1702
1703,1703,1703
1704,1704,1704
1705,1705,1705
1706,1706,1706
1707,1707,1707
1708,1708,1708
1709,1709,1709
1710,1710,1710
1711,1711,1711
1712,1712,1712
1713,1713,1713
1714,1714,1714
1715,1715,1715
1716,1716,1716
1717,1717,1717
1718,1718,1718
1719,1719,1719
1720,1720,1720
1721,1721,1721
1722,1722,1722
1723,1723,1723
1724,1724,1724
1725,1725,1725
1726,1726,1726
1727,1727,1727
1728,1728,1728
1729,1729,1729
1730,1730,1730
1731,1731,1731
1732,1732,1732
1733,1733,1733
1734,1734,1734
1735,1735,1735
1736,1736,1736
1737,1737,1737
1738,1738,1738
1739,1739,1739
1740,1740,1740
1741,1741,1741
1742,1742,1742
1743,1743,1743
1744,1744,1744
1745,1745,1745
1746,1746,1746
1747,1747,1747
1748,1748,1748
1749,1749,1749
1750,1750,1750
1751,1751,1751
1752,1752,1752
1753,1753,1753
1754,1754,1754
1755,1755,1755
1756,1756,1756
1757,1757,1757
1758,1758,1758
1759,1759,1759
1760,1760,1760
1761,1761,1761
1762,1762,1762
1763,1763,1763
1764,1764,1764
1765,1765,1765
1766,1766,1766
1767,1767,1767
1768,1768,1768
1769,1769,1769
1770,1770,1770
1771,1771,1771
1772,1772,1772
1773,1773,1773
1774,1774,1774
1775,1775,1775
1776,1776,1776
1777,1777,1777
1778,1778,1778
1779,1779,1779
1780,1780,1780
1781,1781,1781
1782,1782,1782
1783,1783,1783
1784,1784,1784
1785,1785,1785
1786,1786,1786
1787,1787,1787
1788,1788,1788
1789,1789,1789
1790,1790,1790
1791,1791,1791
1792,1792,1792
1793,1793,1793
1794,1794,1794
1795,1795,1795
1796,1796,1796
1797,1797,1797
1798,1798,1798
1799,1799,1799
1800,1800,1800
1801,1801,1801
1802,1802,1802
1803,1803,1803
1804,1804,1804
1805,1805,1805
1806,1806,1806
1807,1807,1807
1808,1808,1808
1809,1809,1809
1810,1810,1810
1811,1811,1811
1812,1812,1812
1813,1813,1813
1814,1814,1814
1815,1815,1815
1816,1816,1816
1817,1817,1817
1818,1818,1818
1819,1819,1819
1820,1820,1820
1821,1821,1821
1822,1822,1822
1823,1823,1823
1824,1824,1824
1825,1825,1825
1826,1826,1826
1827,1827,1827
1828,1828,1828
1829,1829,1829
1830,1830,1830
1831,1831,1831
1832,1832,1832
1833,1833,1833
1834,1834,1834
1835,1835,1835
1836,1836,1836
1837,1837,1837
1838,1838,1838
1839,1839,1839
1840,1840,1840
1841,1841,1841
1842,1842,1842
1843,1843,1843
1844,1844,1844
1845,1845,1845
1846,1846,1846
1847,1847,1847
1848,1848,1848
1849,1849,1849
1850,1850,1850
1851,1851,1851
1852,1852,1852
1853,1853,1853
1854,1854,1854
1855,1855,1855
1856,1856,1856
1857,1857,1857
1858,1858,1858
1859,1859,1859
1860,1860,1860
1861,1861,1861
1862,1862,1862
1863,1863,1863
1864,1864,1864
1865,1865,1865
1866,1866,1866
1867,1867,1867
1868,1868,1868
1869,1869,1869
1870,1870,1870
1871,1871,1871
1872,1872,1872
1873,1873,1873
1874,1874,1874
1875,1875,1875
1876,1876,1876
1877,1877,1877
1878,1878,1878
1879,1879,1879
1880,1880,1880
1881,1881,1881
1882,1882,1882
1883,1883,1883
1884,1884,1884
1885,1885,1885
1886,1886,1886
1887,1887,1887
1888,1888,1888
1889,1889,1889
1890,1890,1890
1891,1891,1891
1892,1892,1892
1893,1893,1893
1894,1894,1894
1895,1895,1895
1896,1896,1896
1897,1897,1897
1898,1898,1898
1899,1899,1899
1900,1900,1900
1901,1901,1901
1902,1902,1902
1903,1903,1903
1904,1904,1904
1905,1905,1905
1906,1906,1906
1907,1907,1907
1908,1908,1908
1909,1909,1909
1910,1910,1910
1911,1911,1911
1912,1912,1912
1913,1913,1913
1914,1914,1914
1915,1915,1915
1916,1916,1916
1917,1917,1917
1918,1918,1918
1919,1919,1919
1920,1920,1920
1921,1921,1921
1922,1922,1922
1923,1923,1923
1924,1924,1924
1925,1925,1925
1926,1926,1926
1927,1927,1927
1928,1928,1928
1929,1929,1929
1930,1930,1930
1931,1931,1931
1932,1932,1932
1933,1933,1933
1934,1934,1934
1935,1935,1935
1936,1936,1936
1937,1937,1937
1938,1938,1938
1939,1939,1939
1940,1940,1940
1941,1941,1941
1942,1942,1942
1943,1943,1943
1944,1944,1944
1945,1945,1945
1946,1946,1946
1947,1947,1947
1948,1948,1948
1949,1949,1949
1950,1950,1950
1951,1951,1951
1952,1952,1952
1953,1953,1953
1954,1954,1954
1955,1955,1955
1956,1956,1956
1957,1957,1957
1958,1958,1958
1959,1959,1959
1960,1960,1960
1961,1961,1961
1962,1962,1962
1963,1963,1963
1964,1964,1964
1965,1965,1965
1966,1966,1966
1967,1967,1967
1968,1968,1968
1969,1969,1969
1970,1970,1970
1971,1971,1971
1972,1972,1972
1973,1973,1973
1974,1974,1974
1975,1975,1975
1976,1976,1976
1977,1977,1977
1978,1978,1978
1979,1979,1979
1980,1980,1980
1981,1981,1981
1982,1982,1982
1983,1983,1983
1984,1984,1984
1985,1985,1985
1986,1986,1986
1987,1987,1987
1988,1988,1988
1989,1989,1989
1990,1990,1990
1991,1991,1991
1992,1992,1992
1993,1993,1993
1994,1994,1994
1995,1995,1995
1996,1996,1996
1997,1997,1997
1998,1998,1998
1999,1999,1999
2000,2000,2000
2001,2001,2001
2002,2002,2002
2003,2003,2003
2004,2004,2004
2005,2005,2005
2006,2006,2006
2007,2007,2007
2008,2008,2008
2009,2009,2009
2010,2010,2010
2011,2011,2011
2012,2012,2012
2013,2013,2013
2014,2014,2014
2015,2015,2015
2016,2016,2016
2017,2017,2017
2018,2018,2018
2019,2019,2019
2020,2020,2020
2021,2021,2021
2022,2022,2022
2023,2023,2023
2024,2024,2024
2025,2025,2025
2026,2026,2026
2027,2027,2027
2028,2028,2028
2029,2029,2029
2030,2030,2030
2031,2031,2031
2032,2032,2032
2033,2033,2033
2034,2034,2034
2035,2035,2035
2036,2036,2036
2037,2037,2037
2038,2038,2038
2039,2039,2039
2040,2040,2040
2041,2041,2041
2042,2042,2042
2043,2043,2043
2044,2044,2044
2045,2045,2045
2046,2046,2046
2047,2047,2047
2048,2048,2048
2049,2049,2049
2050,2050,2050
2051,2051,2051
2052,2052,2052
2053,2053,2053
2054,2054,2054
2055,2055,2055
2056,2056,2056
2057,2057,2057
2058,2058,2058
2059,2059,2059
2060,2060,2060
2061,2061,2061
2062,2062,2062
2063,2063,2063
2064,2064,2064
2065,2065,2065
2066,2066,2066
2067,2067,2067
2068,2068,2068
2069,2069,2069
2070,2070,2070
2071,2071,2071
2072,2072,2072
2073,2073,2073
2074,2074,2074
2075,2075,2075
2076,2076,2076
2077,2077,2077
2078,2078,2078
2079,2079,2079
2080,2080,2080
2081,2081,2081
2082,2082,2082
2083,2083,2083
2084,2084,2084
2085,2085,2085
2086,2086,2086
2087,2087,2087
2088,2088,2088
2089,2089,2089
2090,2090,2090
2091,2091,2091
2092,2092,2092
2093,2093,2093
2094,2094,2094
2095,2095,2095
2096,2096,2096
2097,2097,2097
2098,2098,2098
2099,2099,2099
2100,2100,2100
2101,2101,2101
2102,2102,2102
2103,2103,2103
2104,2104,2104
2105,2105,2105
2106,2106,2106
2107,2107,2107
2108,2108,2108
2109,2109,2109
2110,2110,2110
2111,2111,2111
2112,2112,2112
2113,2113,2113
2114,2114,2114
2115,2115,2115
2116,2116,2116
2117,2117,2117
2118,2118,2118
2119,2119,2119
2120,2120,2120
2121,2121,2121
2122,2122,2122
2123,2123,2123
2124,2124,2124
2125,2125,2125
2126,2126,2126
2127,2127,2127
2128,2128,2128
2129,2129,2129
2130,2130,2130
2131,2131,2131
2132,2132,2132
2133,2133,2133
2134,2134,2134
2135,2135,2135
2136,2136,2136
2137,2137,2137
2138,2138,2138
2139,2139,2139
2140,2140,2140
2141,2141,2141
2142,2142,2142
2143,2143,2143
2144,2144,2144
2145,2145,2145
2146,2146,2146
2147,2147,2147
2148,2148,2148
2149,2149,2149
2150,2150,2150
2151,2151,2151
2152,2152,2152
2153,2153,2153
2154,2154,2154
2155,2155,2155
2156,2156,2156
2157,2157,2157
2158,2158,2158
2159,2159,2159
2160,2160,2160
2161,2161,2161
2162,2162,2162
2163,2163,2163
2164,2164,2164
2165,2165,2165
2166,2166,2166
2167,2167,2167
2168,2168,2168
2169,2169,2169
2170,2170,2170
2171,2171,2171
2172,2172,2172
2173,2173,2173
2174,2174,2174
2175,2175,2175
2176,2176,2176
2177,2177,2177
2178,2178,2178
2179,2179,2179
2180,2180,2180
2181,2181,2181
2182,2182,2182
2183,2183,2183
2184,2184,2184
2185,2185,2185
2186,2186,2186
2187,2187,2187
2188,2188,2188
2189,2189,2189
2190,2190,2190
2191,2191,2191
2192,2192,2192
2193,2193,2193
2194,2194,2194
2195,2195,2195
2196,2196,2196
2197,2197,2197
2198,2198,2198
2199,2199,2199
2200,2200,2200
2201,2201,2201
2202,2202,2202
2203,2203,2203
2204,2204,2204
2205,2205,2205
2206,2206,2206
2207,2207,2207
2208,2208,2208
2209,2209,2209
2210,2210,2210
2211,2211,2211
2212,2212,2212
2213,2213,2213
2214,2214,2214
2215,2215,2215
2216,2216,2216
2217,2217,2217
2218,2218,2218
2219,2219,2219
2220,2220,2220
2221,2221,2221
2222,2222,2222
2223,2223,2223
2224,2224,2224
2225,2225,2225
2226,2226,2226
2227,2227,2227
2228,2228,2228
2229,2229,2229
2230,2230,2230
2231,2231,2231
2232,2232,2232
2233,2233,2233
2234,2234,2234
2235,2235,2235
2236,2236,2236
2237,2237,2237
2238,2238,2238
2239,2239,2239
2240,2240,2240
2241,2241,2241
2242,2242,2242
2243,2243,2243
2244,2244,2244
2245,2245,2245
2246,2246,2246
2247,2247,2247
2248,2248,2248
2249,2249,2249
2250,2250,2250
2251,2251,2251
2252,2252,2252
2253,2253,2253
2254,2254,2254
2255,2255,2255
2256,2256,2256
2257,2257,2257
2258,2258,2258
2259,2259,2259
2260,2260,2260
2261,2261,2261
2262,2262,2262
2263,2263,2263
2264,2264,2264
2265,2265,2265
2266,2266,2266
2267,2267,2267
2268,2268,2268
2269,2269,2269
2270,2270,2270
2271,2271,2271
2272,2272,2272
2273,2273,2273
2274,2274,2274
2275,2275,2275
2276,2276,2276
2277,2277,2277
2278,2278,2278
2279,2279,2279
2280,2280,2280
2281,2281,2281
2282,2282,2282
2283,2283,2283
2284,2284,2284
2285,2285,2285
2286,2286,2286
2287,2287,2287
2288,2288,2288
2289,2289,2289
2290,2290,2290
2291,2291,2291
2292,2292,2292
2293,2293,2293
2294,2294,2294
2295,2295,2295
2296,2296,2296
2297,2297,2297
2298,2298,2298
2299,2299,2299
2300,2300,2300
2301,2301,2301
2302,2302,2302
2303,2303,2303
2304,2304,2304
2305,2305,2305
2306,2306,2306
2307,2307,2307
2308,2308,2308
2309,2309,2309
2310,2310,2310
2311,2311,2311
2312,2312,2312
2313,2313,2313
2314,2314,2314
2315,2315,2315
2316,2316,2316
2317,2317,2317
2318,2318,2318
2319,2319,2319
2320,2320,2320
2321,2321,2321
2322,2322,2322
2323,2323,2323
2324,2324,2324
2325,2325,2325
2326,2326,2326
2327,2327,2327
2328,2328,2328
2329,2329,2329
2330,2330,2330
2331,2331,2331
2332,2332,2332
2333,2333,2333
2334,2334,2334
2335,2335,2335
2336,2336,2336
2337,2337,2337
2338,2338,2338
2339,2339,2339
2340,2340,2340
2341,2341,2341
2342,2342,2342
2343,2343,2343
2344,2344,2344
2345,2345,2345
2346,2346,2346
2347,2347,2347
2348,2348,2348
2349,2349,2349
2350,2350,2350
2351,2351,2351
2352,2352,2352
2353,2353,2353
2354,2354,2354
2355,2355,2355
2356,2356,2356
2357,2357,2357
2358,2358,2358
2359,2359,2359
2360,2360,2360
2361,2361,2361
2362,2362,2362
2363,2363,2363
2364,2364,2364
2365,2365,2365
2366,2366,2366
2367,2367,2367
2368,2368,2368
2369,2369,2369
2370,2370,2370
2371,2371,2371
2372,2372,2372
2373,2373,2373
2374,2374,2374
2375,2375,2375
2376,2376,2376
2377,2377,2377
2378,2378,2378
2379,2379,2379
2380,2380,2380
2381,2381,2381
2382,2382,2382
2383,2383,2383
2384,2384,2384
2385,2385,2385
2386,2386,2386
2387,2387,2387
2388,2388,2388
2389,2389,2389
2390,2390,2390
2391,2391,2391
2392,2392,2392
2393,2393,2393
2394,2394,2394
2395,2395,2395
2396,2396,2396
2397,2397,2397
2398,2398,2398
2399,2399,2399
2400,2400,2400
2401,2401,2401
2402,2402,2402
2403,2403,2403
2404,2404,2404
2405,2405,2405
2406,2406,2406
2407,2407,2407
2408,2408,2408
2409,2409,2409
2410,2410,2410
2411,2411,2411
2412,2412,2412
2413,2413,2413
2414,2414,2414
2415,2415,2415
2416,2416,2416
2417,2417,2417
2418,2418,2418
2419,2419,2419
2420,2420,2420
2421,2421,2421
2422,2422,2422
2423,2423,2423
2424,2424,2424
2425,2425,2425
2426,2426,2426
2427,2427,2427
2428,2428,2428
2429,2429,2429
2430,2430,2430
2431,2431,2431
2432,2432,2432
2433,2433,2433
2434,2434,2434
2435,2435,2435
2436,2436,2436
2437,2437,2437
2438,2438,2438
2439,2439,2439
2440,2440,2440
2441,2441,2441
2442,2442,2442
2443,2443,2443
2444,2444,2444
2445,2445,2445
2446,2446,2446
2447,2447,2447
2448,2448,2448
2449,2449,2449
2450,2450,2450
2451,2451,2451
2452,2452,2452
2453,2453,2453
2454,2454,2454
2455,2455,2455
2456,2456,2456
2457,2457,2457
2458,2458,2458
2459,2459,2459
2460,2460,2460
2461,2461,2461
2462,2462,2462
2463,2463,2463
2464,2464,2464
2465,2465,2465
2466,2466,2466
2467,2467,2467
2468,2468,2468
2469,2469,2469
2470,2470,2470
2471,2471,2471
2472,2472,2472
2473,2473,2473
2474,2474,2474
2475,2475,2475
2476,2476,2476
2477,2477,2477
2478,2478,2478
2479,2479,2479
2480,2480,2480
2481,2481,2481
2482,2482,2482
2483,2483,2483
2484,2484,2484
2485,2485,2485
2486,2486,2486
2487,2487,2487
2488,2488,2488
2489,2489,2489
2490,2490,2490
2491,2491,2491
2492,2492,2492
2493,2493,2493
2494,2494,2494
2495,2495,2495
2496,2496,2496
2497,2497,2497
2498,2498,2498
2499,2499,2499
2500,2500,2500
2501,2501,2501
2502,2502,2502
2503,2503,2503
2504,2504,2504
2505,2505,2505
2506,2506,2506
2507,2507,2507
2508,2508,2508
2509,2509,2509
2510,2510,2510
2511,2511,2511
2512,2512,2512
2513,2513,2513
2514,2514,2514
2515,2515,2515
2516,2516,2516
2517,2517,2517
2518,2518,2518
2519,2519,2519
2520,2520,2520
2521,2521,2521
2522,2522,2522
2523,2523,2523
2524,2524,2524
2525,2525,2525
2526,2526,2526
2527,2527,2527
2528,2528,2528
2529,2529,2529
2530,2530,2530
2531,2531,2531
2532,2532,2532
2533,2533,2533
2534,2534,2534
2535,2535,2535
2536,2536,2536
2537,2537,2537
2538,2538,2538
2539,2539,2539
2540,2540,2540
2541,2541,2541
2542,2542,2542
2543,2543,2543
2544,2544,2544
2545,2545,2545
2546,2546,2546
2547,2547,2547
2548,2548,2548
2549,2549,2549
2550,2550,2550
2551,2551,2551
2552,2552,2552
2553,2553,2553
2554,2554,2554
2555,2555,2555
2556,2556,2556
2557,2557,2557
2558,2558,2558
2559,2559,2559
2560,2560,2560
2561,2561,2561
2562,2562,2562
2563,2563,2563
2564,2564,2564
2565,2565,2565
2566,2566,2566
2567,2567,2567
2568,2568,2568
2569,2569,2569
2570,2570,2570
2571,2571,2571
2572,2572,2572
2573,2573,2573
2574,2574,2574
2575,2575,2575
2576,2576,2576
2577,2577,2577
2578,2578,2578
2579,2579,2579
2580,2580,2580
2581,2581,2581
2582,2582,2582
2583,2583,2583
2584,2584,2584
2585,2585,2585
2586,2586,2586
2587,2587,2587
2588,2588,2588
2589,2589,2589
2590,2590,2590
2591,2591,2591
2592,2592,2592
2593,2593,2593
2594,2594,2594
2595,2595,2595
2596,2596,2596
2597,2597,2597
2598,2598,2598
2599,2599,2599
2600,2600,2600
2601,2601,2601
2602,2602,2602
2603,2603,2603
2604,2604,2604
2605,2605,2605
2606,2606,2606
2607,2607,2607
2608,2608,2608
2609,2609,2609
2610,2610,2610
2611,2611,2611
2612,2612,2612
2613,2613,2613
2614,2614,2614
2615,2615,2615
2616,2616,2616
2617,2617,2617
2618,2618,2618
2619,2619,2619
2620,2620,2620
2621,2621,2621
2622,2622,2622
2623,2623,2623
2624,2624,2624
2625,2625,2625
2626,2626,2626
2627,2627,2627
2628,2628,2628
2629,2629,2629
2630,2630,2630
2631,2631,2631
2632,2632,2632
2633,2633,2633
2634,2634,2634
2635,2635,2635
2636,2636,2636
2637,2637,2637
2638,2638,2638
2639,2639,2639
2640,2640,2640
2641,2641,2641
2642,2642,2642
2643,2643,2643
2644,2644,2644
2645,2645,2645
2646,2646,2646
2647,2647,2647
2648,2648,2648
2649,2649,2649
2650,2650,2650
2651,2651,2651
2652,2652,2652
2653,2653,2653
2654,2654,2654
2655,2655,2655
2656,2656,2656
2657,2657,2657
2658,2658,2658
2659,2659,2659
2660,2660,2660
2661,2661,2661
2662,2662,2662
2663,2663,2663
2664,2664,2664
2665,2665,2665
2666,2666,2666
2667,2667,2667
2668,2668,2668
2669,2669,2669
2670,2670,2670
2671,2671,2671
2672,2672,2672
2673,2673,2673
2674,2674,2674
2675,2675,2675
2676,2676,2676
2677,2677,2677
2678,2678,2678
2679,2679,2679
2680,2680,2680
2681,2681,2681
2682,2682,2682
2683,2683,2683
2684,2684,2684
2685,2685,2685
2686,2686,2686
2687,2687,2687
2688,2688,2688
2689,2689,2689
2690,2690,2690
2691,2691,2691
2692,2692,2692
2693,2693,2693
2694,2694,2694
2695,2695,2695
2696,2696,2696
2697,2697,2697
2698,2698,2698
2699,2699,2699
2700,2700,2700
2701,2701,2701
2702,2702,2702
2703,2703,2703
2704,2704,2704
2705,2705,2705
2706,2706,2706
2707,2707,2707
2708,2708,2708
2709,2709,2709
2710,2710,2710
2711,2711,2711
2712,2712,2712
2713,2713,2713
2714,2714,2714
2715,2715,2715
2716,2716,2716
2717,2717,2717
2718,2718,2718
2719,2719,2719
2720,2720,2720
2721,2721,2721
2722,2722,2722
2723,2723,2723
2724,2724,2724
2725,2725,2725
2726,2726,2726
2727,2727,2727
2728,2728,2728
2729,2729,2729
2730,2730,2730
2731,2731,2731
2732,2732,2732
2733,2733,2733
2734,2734,2734
2735,2735,2735
2736,2736,2736
2737,2737,2737
2738,2738,2738
2739,2739,2739
2740,2740,2740
2741,2741,2741
2742,2742,2742
2743,2743,2743
2744,2744,2744
2745,2745,2745
2746,2746,2746
2747,2747,2747
2748,2748,2748
2749,2749,2749
2750,2750,2750
2751,2751,2751
2752,2752,2752
2753,2753,2753
2754,2754,2754
2755,2755,2755
2756,2756,2756
2757,2757,2757
2758,2758,2758
2759,2759,2759
2760,2760,2760
2761,2761,2761
2762,2762,2762
2763,2763,2763
2764,2764,2764
2765,2765,2765
2766,2766,2766
2767,2767,2767
2768,2768,2768
2769,2769,2769
2770,2770,2770
2771,2771,2771
2772,2772,2772
2773,2773,2773
2774,2774,2774
2775,2775,2775
2776,2776,2776
2777,2777,2777
2778,2778,2778
2779,2779,2779
2780,2780,2780
2781,2781,2781
2782,2782,2782
2783,2783,2783
2784,2784,2784
2785,2785,2785
2786,2786,2786
2787,2787,2787
2788,2788,2788
2789,2789,2789
2790,2790,2790
2791,2791,2791
2792,2792,2792
2793,2793,2793
2794,2794,2794
2795,2795,2795
2796,2796,2796
2797,2797,2797
2798,2798,2798
2799,2799,2799
2800,2800,2800
2801,2801,2801
2802,2802,2802
2803,2803,2803
2804,2804,2804
2805,2805,2805
2806,2806,2806
2807,2807,2807
2808,2808,2808
2809,2809,2809
2810,2810,2810
2811,2811,2811
2812,2812,2812
2813,2813,2813
2814,2814,2814
2815,2815,2815
2816,2816,2816
2817,2817,2817
2818,2818,2818
2819,2819,2819
2820,2820,2820
2821,2821,2821
2822,2822,2822
2823,2823,2823
2824,2824,2824
2825,2825,2825
2826,2826,2826
2827,2827,2827
2828,2828,2828
2829,2829,2829
2830,2830,2830
2831,2831,2831
2832,2832,2832
2833,2833,2833
2834,2834,2834
2835,2835,2835
2836,2836,2836
2837,2837,2837
2838,2838,2838
2839,2839,2839
2840,2840,2840
2841,2841,2841
2842,2842,2842
2843,2843,2843
2844,2844,2844
2845,2845,2845
2846,2846,2846
2847,2847,2847
2848,2848,2848
2849,2849,2849
2850,2850,2850
2851,2851,2851
2852,2852,2852
2853,2853,2853
2854,2854,2854
2855,2855,2855
2856,2856,2856
2857,2857,2857
2858,2858,2858
2859,2859,2859
2860,2860,2860
2861,2861,2861
2862,2862,2862
2863,2863,2863
2864,2864,2864
2865,2865,2865
2866,2866,2866
2867,2867,2867
2868,2868,2868
2869,2869,2869
2870,2870,2870
2871,2871,2871
2872,2872,2872
2873,2873,2873
2874,2874,2874
2875,2875,2875
2876,2876,2876
2877,2877,2877
2878,2878,2878
2879,2879,2879
2880,2880,2880
2881,2881,2881
2882,2882,2882
2883,2883,2883
2884,2884,2884
2885,2885,2885
2886,2886,2886
2887,2887,2887
2888,2888,2888
2889,2889,2889
2890,2890,2890
2891,2891,2891
2892,2892,2892
2893,2893,2893
2894,2894,2894
2895,2895,2895
2896,2896,2896
2897,2897,2897
2898,2898,2898
2899,2899,2899
2900,2900,2900
2901,2901,2901
2902,2902,2902
2903,2903,2903
2904,2904,2904
2905,2905,2905
2906,2906,2906
2907,2907,2907
2908,2908,2908
2909,2909,2909
2910,2910,2910
2911,2911,2911
2912,2912,2912
2913,2913,2913
2914,2914,2914
2915,2915,2915
2916,2916,2916
2917,2917,2917
2918,2918,2918
2919,2919,2919
2920,2920,2920
2921,2921,2921
2922,2922,2922
2923,2923,2923
2924,2924,2924
2925,2925,2925
2926,2926,2926
2927,2927,2927
2928,2928,2928
2929,2929,2929
2930,2930,2930
2931,2931,2931
2932,2932,2932
2933,2933,2933
2934,2934,2934
2935,2935,2935
2936,2936,2936
2937,2937,2937
2938,2938,2938
2939,2939,2939
2940,2940,2940
2941,2941,2941
2942,2942,2942
2943,2943,2943
2944,2944,2944
2945,2945,2945
2946,2946,2946
2947,2947,2947
2948,2948,2948
2949,2949,2949
2950,2950,2950
2951,2951,2951
2952,2952,2952
2953,2953,2953
2954,2954,2954
2955,2955,2955
2956,2956,2956
2957,2957,2957
2958,2958,2958
2959,2959,2959
2960,2960,2960
2961,2961,2961
2962,2962,2962
2963,2963,2963
2964,2964,2964
2965,2965,2965
2966,2966,2966
2967,2967,2967
2968,2968,2968
2969,2969,2969
2970,2970,2970
2971,2971,2971
2972,2972,2972
2973,2973,2973
2974,2974,2974
2975,2975,2975
2976,2976,2976
2977,2977,2977
2978,2978,2978
2979,2979,2979
2980,2980,2980
2981,2981,2981
2982,2982,2982
2983,2983,2983
2984,2984,2984
2985,2985,2985
2986,2986,2986
2987,2987,2987
2988,2988,2988
2989,2989,2989
2990,2990,2990
2991,2991,2991
2992,2992,2992
2993,2993,2993
2994,2994,2994
2995,2995,2995
2996,2996,2996
2997,2997,2997
2998,2998,2998
2999,2999,2999
3000,3000,3000
3001,3001,3001
3002,3002,3002
3003,3003,3003
3004,3004,3004
3005,3005,3005
3006,3006,3006
3007,3007,3007
3008,3008,3008
3009,3009,3009
3010,3010,3010
3011,3011,3011
3012,3012,3012
3013,3013,3013
3014,3014,3014
3015,3015,3015
3016,3016,3016
3017,3017,3017
3018,3018,3018
3019,3019,3019
3020,3020,3020
3021,3021,3021
3022,3022,3022
3023,3023,3023
3024,3024,3024
3025,3025,3025
3026,3026,3026
3027,3027,3027
3028,3028,3028
3029,3029,3029
3030,3030,3030
3031,3031,3031
3032,3032,3032
3033,3033,3033
3034,3034,3034
3035,3035,3035
3036,3036,3036
3037,3037,3037
3038,3038,3038
3039,3039,3039
3040,3040,3040
3041,3041,3041
3042,3042,3042
3043,3043,3043
3044,3044,3044
3045,3045,3045
3046,3046,3046
3047,3047,3047
3048,3048,3048
3049,3049,3049
3050,3050,3050
3051,3051,3051
3052,3052,3052
3053,3053,3053
3054,3054,3054
3055,3055,3055
3056,3056,3056
3057,3057,3057
3058,3058,3058
3059,3059,3059
3060,3060,3060
3061,3061,3061
3062,3062,3062
3063,3063,3063
3064,3064,3064
3065,3065,3065
3066,3066,3066
3067,3067,3067
3068,3068,3068
3069,3069,3069
3070,3070,3070
3071,3071,3071
3072,3072,3072
3073,3073,3073
3074,3074,3074
3075,3075,3075
3076,3076,3076
3077,3077,3077
3078,3078,3078
3079,3079,3079
3080,3080,3080
3081,3081,3081
3082,3082,3082
3083,3083,3083
3084,3084,3084
3085,3085,3085
3086,3086,3086
3087,3087,3087
3088,3088,3088
3089,3089,3089
3090,3090,3090
3091,3091,3091
3092,3092,3092
3093,3093,3093
3094,3094,3094
3095,3095,3095
3096,3096,3096
3097,3097,3097
3098,3098,3098
3099,3099,3099
3100,3100,3100
3101,3101,3101
3102,3102,3102
3103,3103,3103
3104,3104,3104
3105,3105,3105
3106,3106,3106
3107,3107,3107
3108,3108,3108
3109,3109,3109
3110,3110,3110
3111,3111,3111
3112,3112,3112
3113,3113,3113
3114,3114,3114
3115,3115,3115
3116,3116,3116
3117,3117,3117
3118,3118,3118
3119,3119,3119
3120,3120,3120
3121,3121,3121
3122,3122,3122
3123,3123,3123
3124,3124,3124
3125,3125,3125
3126,3126,3126
3127,3127,3127
3128,3128,3128
3129,3129,3129
3130,3130,3130
3131,3131,3131
3132,3132,3132
3133,3133,3133
3134,3134,3134
3135,3135,3135
3136,3136,3136
3137,3137,3137
3138,3138,3138
3139,3139,3139
3140,3140,3140
3141,3141,3141
3142,3142,3142
3143,3143,3143
3144,3144,3144
3145,3145,3145
3146,3146,3146
3147,3147,3147
3501,3148,3501
3502,3149,3502
3503,3150,3503
3504,3151,3504
3505,3152,3505
3506,3153,3506
3507,3154,3507
3508,3155,3508
3509,3156,3509
3510,3157,3510
3511,3158,3511
3512,3159,3512
3513,3160,3513
3514,3161,3514
3515,3162,3515
3516,3163,3516
3517,3164,3517
3518,3165,3518
3519,3166,3519
3520,3167,3520
3521,3168,3521
3522,3169,3522
3523,3170,3523
3524,3171,3524
3525,3172,3525
3526,3173,3526
3527,3174,3527
3528,3175,3528
3529,3176,3529
3530,3177,3530
3531,3178,3531
3532,3179,3532
3533,3180,3533
3534,3181,3534
3535,3182,3535
3536,3183,3536
3537,3184,3537
3538,3185,3538
3539,3186,3539
3540,3187,3540
3541,3188,3541
3542,3189,3542
3543,3190,3543
3544,3191,3544
3545,3192,3545
3546,3193,3546
3547,3194,3547
3548,3195,3548
3549,3196,3549
3550,3197,3550
3551,3198,3551
3552,3199,3552
3553,3200,3553
3554,3201,3554
3555,3202,3555
3556,3203,3556
3557,3204,3557
3558,3205,3558
3559,3206,3559
3560,3207,3560
3561,3208,3561
3562,3209,3562
3563,3210,3563
3564,3211,3564
3565,3212,3565
3566,3213,3566
3567,3214,3567
3568,3215,3568
3569,3216,3569
3570,3217,3570
3571,3218,3571
3572,3219,3572
3573,3220,3573
3574,3221,3574
3575,3222,3575
3576,3223,3576
3577,3224,3577
3578,3225,3578
3579,3226,3579
3580,3227,3580
3581,3228,3581
3582,3229,3582
3583,3230,3583
3584,3231,3584
3585,3232,3585
3586,3233,3586
3587,3234,3587
3588,3235,3588
3589,3236,3589
3590,3237,3590
3591,3238,3591
3592,3239,3592
3593,3240,3593
3594,3241,3594
3595,3242,3595
3596,3243,3596
3597,3244,3597
3598,3245,3598
3599,3246,3599
3600,3247,3600
3200,3248,
3201,3249,
3202,3250,
3203,3251,
3204,3252,
3205,3253,
3206,3254,
3207,3255,
3208,3256,
3209,3257,
3210,3258,
3211,3259,
3212,3260,
3213,3261,
3214,3262,
3215,3263,
3216,3264,
3217,3265,
3218,3266,
3219,3267,
3220,3268,
3221,3269,
3222,3270,
3223,3271,
3224,3272,
3225,3273,
3226,3274,
3227,3275,
3228,3276,
3229,3277,
3230,3278,
3231,3279,
3232,3280,
3233,3281,
3234,3282,
3235,3283,
3236,3284,
3237,3285,
3238,3286,
3239,3287,
3240,3288,
3241,3289,
3242,3290,
3243,3291,
3244,3292,
3245,3293,
3246,3294,
3247,3295,
3248,3296,
3249,3297,
3250,3298,
3251,3299,
3252,3300,
3253,3301,
3254,3302,
3255,3303,
3256,3304,
3257,3305,
3258,3306,
3259,3307,
3260,3308,
3261,3309,
3262,3310,
3263,3311,
3264,3312,
3265,3313,
3266,3314,
3267,3315,
3268,3316,
3269,3317,
3270,3318,
3271,3319,
3272,3320,
3273,3321,
3274,3322,
3275,3323,
3276,3324,
3277,3325,
3278,3326,
3279,3327,
3446,3328,
3447,3329,
3448,3330,
3449,3331,
3450,3332,
3451,3333,
3452,3334,
3453,3335,
3454,3336,
3458,3337,
3459,3338,
3460,3339,
3461,3340,
3462,3341,
3467,3342,
3468,3343,
3469,3344,
3470,3345,
3471,3346,
3472,3347,
3474,3348,
3476,3349,
3477,3350,
3478,3351,
3479,3352,
3480,3353,
3481,3354,
3482,3355,
3483,3356,
3484,3357,
3485,3358,
3487,3359,
3488,3360,
3489,3361,
3490,3362,
3491,3363,
3492,3364,
3493,3365,
3494,3366,
3495,3367,
3496,3368,
3497,3369,
3498,3370,
3499,3371,
3601,3372,
3602,3373,
3603,3374,
3604,3375,
3605,3376,
3606,3377,
3607,3378,
3608,3379,
3610,3380,
3611,3381,
3612,3382,
3613,3383,
3614,3384,
3615,3385,
3616,3386,
3617,3387,
3619,3388,
3620,3389,
3621,3390,
3623,3391,
3624,3392,
3628,3393,
3630,3394,
3632,3395,
3633,3396,
3634,3397,
3635,3398,
3636,3399,
3637,3400,
3638,3401,
3639,3402,
3640,3403,
3641,3404,
3643,3405,
3644,3406,
3645,3407,
3646,3408,
3648,3409,
3649,3410,
3650,3411,
3651,3412,
3652,3413,
3653,3414,
3654,3415,
3655,3416,
3656,3417,
3657,3418,
3659,3419,
3660,3420,
3661,3421,
3662,3422,
3664,3423,
3665,3424,
3666,3425,
3667,3426,
3668,3427,
3669,3428,
3670,3429,
3671,3430,
3672,3431,
3673,3432,
3674,3433,
3676,3434,
3677,3435,
3679,3436,
3680,3437,
3681,3438,
3682,3439,
3683,3440,
3684,3441,
3686,3442,
3687,3443,
3688,3444,
3690,3445,
3691,3446,
3692,3447,
3693,3448,
3695,3449,
3696,3450,
3697,3451,
3699,3452,
3700,3453,
3701,3454,
3703,3455,
3704,3456,
3705,3457,
3706,3458,
3708,3459,
3709,3460,
3710,3461,
3711,3462,
3712,3463,
3713,3464,
3714,3465,
3716,3466,
3717,3467,
3718,3468,
3719,3469,
3720,3470,
3721,3471,
3722,3472,
3723,3473,
3724,3474,
3725,3475,
3726,3476,
3727,3477,
3728,3478,
3729,3479,
3730,3480,
3731,3481,
3732,3482,
3733,3483,
3734,3484,
3735,3485,
3736,3486,
3737,3487,
3738,3488,
3739,3489,
3742,3490,
3743,3491,
3744,3492,
3746,3493,
3748,3494,
3749,3495,
3750,3496,
3751,3497,
3752,3498,
3753,3499,
3754,3500,
3755,3501,
3756,3502,
3757,3503,
3758,3504,
3759,3505,
3761,3506,
3762,3507,
3764,3508,
3765,3509,
3766,3510,
3767,3511,
3768,3512,
3770,3513,
3772,3514,
3773,3515,
3774,3516,
3775,3517,
3777,3518,
3779,3519,
3780,3520,
3781,3521,
3783,3522,
3784,3523,
3785,3524,
3786,3525,
3787,3526,
3788,3527,
3789,3528,
3790,3529,
3791,3530,
3792,3531,
3793,3532,
3795,3533,
3796,3534,
3797,3535,
3798,3536,
3799,3537,
3802,3538,
3803,3539,
3804,3540,
3805,3541,
3807,3542,
3808,3543,
3809,3544,
3810,3545,
3811,3546,
3812,3547,
3813,3548,
3814,3549,
3815,3550,
3816,3551,
3817,3552,
3818,3553,
3819,3554,
3820,3555,
3821,3556,
3822,3557,
3823,3558,
3824,3559,
3825,3560,
3827,3561,
3828,3562,
3829,3563,
3830,3564,
3831,3565,
3832,3566,
3833,3567,
3834,3568,
3836,3569,
3837,3570,
3838,3571,
3839,3572,
3840,3573,
3841,3574,
3842,3575,
3844,3576,
3845,3577,
3846,3578,
3847,3579,
3848,3580,
3849,3581,
3850,3582,
3851,3583,
3852,3584,
3853,3585,
3854,3586,
3855,3587,
3856,3588,
3857,3589,
3858,3590,
3859,3591,
3860,3592,
3861,3593,
3863,3594,
3864,3595,
3865,3596,
3866,3597,
3867,3598,
3868,3599,
3870,3600,
3871,3601,
3872,3602,
3873,3603,
3875,3604,
3877,3605,
3878,3606,
3879,3607,
3880,3608,
3881,3609,
3882,3610,
3883,3611,
3884,3612,
3885,3613,
3887,3614,
3888,3615,
3889,3616,
3890,3617,
3891,3618,
3892,3619,
3893,3620,
3894,3621,
3895,3622,
3896,3623,
3897,3624,
3898,3625,
3899,3626,
3900,3627,
3901,3628,
3902,3629,
3903,3630,
3904,3631,
3905,3632,
3906,3633,
3907,3634,
3909,3635,
3910,3636,
3911,3637,
3912,3638,
3913,3639,
3914,3640,
3917,3641,
3918,3642,
3919,3643,
3921,3644,
3922,3645,
3923,3646,
3924,3647,
3925,3648,
3926,3649,
3928,3650,
3929,3651,
3930,3652,
3931,3653,
3932,3654,
3933,3655,
3934,3656,
3936,3657,
3937,3658,
3938,3659,
3940,3660,
3942,3661,
3943,3662,
3944,3663,
3945,3664,
3946,3665,
3947,3666,
3948,3667,
3950,3668,
3951,3669,
3952,3670,
3953,3671,
3955,3672,
3957,3673,
3958,3674,
3961,3675,
3962,3676,
3963,3677,
3964,3678,
3965,3679,
3966,3680,
3967,3681,
3968,3682,
3969,3683,
3970,3684,
3971,3685,
3972,3686,
3973,3687,
3974,3688,
3976,3689,
3977,3690,
3978,3691,
3979,3692,
3980,3693,
3981,3694,
3982,3695,
3983,3696,
3984,3697,
3985,3698,
3986,3699,
3987,3700,
3988,3701,
3989,3702,
3991,3703,
3992,3704,
3993,3705,
3994,3706,
3995,3707,
3997,3708,
3998,3709,
3999,3710,
4000,3711,
4001,3712,
4002,3713,
4003,3714,
4005,3715,
4006,3716,
4007,3717,
4009,3718,
4010,3719,
4011,3720,
4012,3721,
4014,3722,
4015,3723,
4016,3724,
4019,3725,
4021,3726,
4022,3727,
4024,3728,
4025,3729,
4026,3730,
4027,3731,
4028,3732,
4029,3733,
4031,3734,
4032,3735,
4033,3736,
4034,3737,
4035,3738,
4036,3739,
4037,3740,
4038,3741,
4040,3742,
4041,3743,
4043,3744,
4044,3745,
4045,3746,
4046,3747,
4047,3748,
4048,3749,
4049,3750,
4051,3751,
4052,3752,
4053,3753,
4054,3754,
4055,3755,
4056,3756,
4057,3757,
4058,3758,
4059,3759,
4060,3760,
4061,3761,
4062,3762,
4063,3763,
4064,3764,
4066,3765,
4067,3766,
4068,3767,
4069,3768,
4070,3769,
4071,3770,
4072,3771,
4073,3772,
4075,3773,
4076,3774,
4077,3775,
4079,3776,
4080,3777,
4081,3778,
4083,3779,
4085,3780,
4086,3781,
4088,3782,
4089,3783,
4092,3784,
4093,3785,
4095,3786,
4096,3787,
4097,3788,
4098,3789,
4099,3790,
4102,3791,
4104,3792,
4105,3793,
4106,3794,
4108,3795,
4109,3796,
4110,3797,
4111,3798,
4112,3799,
4114,3800,
4116,3801,
4119,3802,
4120,3803,
4121,3804,
4123,3805,
4124,3806,
4125,3807,
4126,3808,
4127,3809,
4128,3810,
4129,3811,
4130,3812,
4131,3813,
4133,3814,
4134,3815,
4137,3816,
4140,3817,
4141,3818,
4142,3819,
4143,3820,
4144,3821,
4146,3822,
4147,3823,
4149,3824,
4150,3825,
4151,3826,
4152,3827,
4153,3828,
4154,3829,
4155,3830,
4156,3831,
4157,3832,
4158,3833,
4160,3834,
4162,3835,
4163,3836,
4164,3837,
4165,3838,
4167,3839,
4168,3840,
4169,3841,
4170,3842,
4171,3843,
4172,3844,
4175,3845,
4176,3846,
4177,3847,
4178,3848,
4179,3849,
4180,3850,
4181,3851,
4182,3852,
4183,3853,
4184,3854,
4185,3855,
4186,3856,
4187,3857,
4188,3858,
4189,3859,
4190,3860,
4191,3861,
4192,3862,
4193,3863,
4194,3864,
4195,3865,
4196,3866,
4197,3867,
4198,3868,
4199,3869,
4200,3870,
4201,3871,
4202,3872,
4203,3873,
4204,3874,
4205,3875,
4206,3876,
4207,3877,
4208,3878,
4209,3879,
4210,3880,
4211,3881,
4212,3882,
4213,3883,
4214,3884,
4215,3885,
4216,3886,
4217,3887,
4224,3888,
4225,3889,
4227,3890,
4228,3891,
4229,3892,
4232,3893,
4235,3894,
4236,3895,
4237,3896,
4239,3897,
4240,3898,
4241,3899,
4242,3900,
4243,3901,
4245,3902,
4251,3903,
4252,3904,
4254,3905,
4255,3906,
4256,3907,
4257,3908,
4258,3909,
4260,3910,
4261,3911,
4262,3912,
4263,3913,
4264,3914,
4268,3915,
4269,3916,
4270,3917,
4272,3918,
4275,3919,
4277,3920,
4281,3921,
4282,3922,
4283,3923,
4285,3924,
4287,3925,
4291,3926,
4292,3927,
4293,3928,
4294,3929,
4295,3930,
4296,3931,
4304,3932,
4305,3933,
4306,3934,
4307,3935,
4308,3936,
4309,3937,
4312,3938,
4313,3939,
4314,3940,
4316,3941,
4322,3942,
4323,3943,
4324,3944,
4325,3945,
4326,3946,
4327,3947,
4328,3948,
4329,3949,
4330,3950,
4335,3951,
4337,3952,
4338,3953,
4339,3954,
4340,3955,
4341,3956,
4342,3957,
4343,3958,
4344,3959,
4345,3960,
4346,3961,
4347,3962,
4348,3963,
4350,3964,
4352,3965,
4353,3966,
4355,3967,
4356,3968,
4358,3969,
4359,3970,
4360,3971,
4361,3972,
4363,3973,
4365,3974,
4366,3975,
4367,3976,
4368,3977,
4369,3978,
4370,3979,
4371,3980,
4372,3981,
4373,3982,
4374,3983,
4375,3984,
4376,3985,
4377,3986,
4378,3987,
4379,3988,
4380,3989,
4381,3990,
4383,3991,
4384,3992,
4385,3993,
4386,3994,
4387,3995,
4388,3996,
4389,3997,
4390,3998,
4391,3999,
4392,4000,
4393,4001,
4394,4002,
4395,4003,
4396,4004,
4397,4005,
4398,4006,
4401,4007,
4402,4008,
4403,4009,
4405,4010,
4406,4011,
4407,4012,
4408,4013,
4410,4014,
4411,4015,
4412,4016,
4413,4017,
4415,4018,
4416,4019,
4417,4020,
4419,4021,
4420,4022,
4421,4023,
4422,4024,
4423,4025,
4424,4026,
4426,4027,
4427,4028,
4428,4029,
4429,4030,
4430,4031,
4431,4032,
4432,4033,
4433,4034,
4434,4035,
4435,4036,
4436,4037,
4437,4038,
4438,4039,
4439,4040,
4440,4041,
4441,4042,
4442,4043,
4443,4044,
4444,4045,
4445,4046,
4446,4047,
4447,4048,
4448,4049,
4449,4050,
4450,4051,
4451,4052,
4452,4053,
4453,4054,
4454,4055,
4455,4056,
4457,4057,
4458,4058,
4459,4059,
4460,4060,
4461,4061,
4462,4062,
4465,4063,
4466,4064,
4470,4065,
4471,4066,
4472,4067,
4473,4068,
4478,4069,
4479,4070,
4480,4071,
4481,4072,
4483,4073,
4485,4074,
4488,4075,
4489,4076,
4490,4077,
4491,4078,
4492,4079,
4493,4080,
4494,4081,
4496,4082,
4497,4083,
4500,4084,
4507,4085,
4508,4086,
4509,4087,
4511,4088,
4512,4089,
4513,4090,
4515,4091,
4516,4092,
4517,4093,
4518,4094,
4519,4095,
4520,4096,
4521,4097,
4522,4098,
4524,4099,
4527,4100,
4529,4101,
4530,4102,
4531,4103,
4532,4104,
4533,4105,
4537,4106,
4540,4107,
4542,4108,
4545,4109,
4546,4110,
4550,4111,
4552,4112,
4553,4113,
4554,4114,
4555,4115,
4557,4116,
4558,4117,
4560,4118,
4565,4119,
4569,4120,
4570,4121,
4571,4122,
4572,4123,
4574,4124,
4575,4125,
4576,4126,
4577,4127,
4578,4128,
4579,4129,
4580,4130,
4581,4131,
4582,4132,
4584,4133,
4585,4134,
4587,4135,
4588,4136,
4589,4137,
4590,4138,
4591,4139,
4592,4140,
4593,4141,
4594,4142,
4595,4143,
4596,4144,
4597,4145,
4598,4146,
4600,4147,
4601,4148,
4602,4149,
4603,4150,
4605,4151,
4606,4152,
4608,4153,
4609,4154,
4613,4155,
4614,4156,
4616,4157,
4619,4158,
4624,4159,
4626,4160,
4628,4161,
4629,4162,
4632,4163,
4633,4164,
4634,4165,
4636,4166,
4637,4167,
4638,4168,
4640,4169,
4641,4170,
4642,4171,
4643,4172,
4644,4173,
4645,4174,
4646,4175,
4647,4176,
4649,4177,
4650,4178,
4651,4179,
4653,4180,
4654,4181,
4655,4182,
4656,4183,
4657,4184,
4658,4185,
4659,4186,
4660,4187,
4661,4188,
4662,4189,
4663,4190,
4664,4191,
4665,4192,
4667,4193,
4668,4194,
4670,4195,
4672,4196,
4673,4197,
4675,4198,
4676,4199,
4677,4200,
4678,4201,
4679,4202,
4680,4203,
4681,4204,
4682,4205,
4683,4206,
4684,4207,
4685,4208,
4686,4209,
4687,4210,
4688,4211,
4689,4212,
4690,4213,
4697,4214,
4698,4215,
4699,4216,
4700,4217,
4701,4218,
4702,4219,
4703,4220,
4705,4221,
4706,4222,
4707,4223,
4708,4224,
4709,4225,
4711,4226,
4713,4227,
4714,4228,
4715,4229,
4716,4230,
4717,4231,
4719,4232,
4720,4233,
4721,4234,
4723,4235,
4724,4236,
4725,4237,
4726,4238,
4727,4239,
4728,4240,
4729,4241,
4730,4242,
4731,4243,
4732,4244,
4733,4245,
4736,4246,
4737,4247,
4738,4248,
4740,4249,
4742,4250,
4743,4251,
4744,4252,
4746,4253,
4748,4254,
4749,4255,
4750,4256,
4752,4257,
4753,4258,
4755,4259,
4756,4260,
4757,4261,
4758,4262,
4759,4263,
4760,4264,
4761,4265,
4762,4266,
4764,4267,
4765,4268,
4767,4269,
4769,4270,
4770,4271,
4771,4272,
4772,4273,
4773,4274,
4775,4275,
4776,4276,
4777,4277,
4778,4278,
4779,4279,
4780,4280,
4781,4281,
4782,4282,
4783,4283,
4784,4284,
4786,4285,
4787,4286,
4788,4287,
4789,4288,
4790,4289,
4791,4290,
4792,4291,
4793,4292,
4796,4293,
4798,4294,
4799,4295,
4800,4296,
4802,4297,
4803,4298,
4804,4299,
4807,4300,
4809,4301,
4810,4302,
4812,4303,
4813,4304,
4814,4305,
4815,4306,
4817,4307,
4818,4308,
4819,4309,
4820,4310,
4821,4311,
4822,4312,
4823,4313,
4824,4314,
4825,4315,
4826,4316,
4827,4317,
4828,4318,
4829,4319,
4831,4320,
4832,4321,
4834,4322,
4835,4323,
4836,4324,
4837,4325,
4838,4326,
4839,4327,
4840,4328,
4841,4329,
4843,4330,
4845,4331,
4847,4332,
4848,4333,
4851,4334,
4852,4335,
4853,4336,
4856,4337,
4857,4338,
4859,4339,
4861,4340,
4862,4341,
4864,4342,
4865,4343,
4866,4344,
4867,4345,
4869,4346,
4870,4347,
4871,4348,
4872,4349,
4873,4350,
4874,4351,
4875,4352,
4876,4353,
4877,4354,
4878,4355,
4879,4356,
4880,4357,
4881,4358,
4882,4359,
4883,4360,
4884,4361,
4885,4362,
4886,4363,
4887,4364,
4888,4365,
4890,4366,
4892,4367,
4893,4368,
4894,4369,
4895,4370,
4896,4371,
4897,4372,
4898,4373,
4899,4374,
4900,4375,
4901,4376,
4902,4377,
4903,4378,
4904,4379,
4905,4380,
4906,4381,
4907,4382,
4908,4383,
4909,4384,
4910,4385,
4911,4386,
4912,4387,
4913,4388,
4914,4389,
4915,4390,
4916,4391,
4917,4392,
4919,4393,
4920,4394,
4921,4395,
4922,4396,
4924,4397,
4925,4398,
4928,4399,
4929,4400,
4930,4401,
4931,4402,
4932,4403,
4933,4404,
4935,4405,
4936,4406,
4937,4407,
4938,4408,
4939,4409,
4940,4410,
4941,4411,
4943,4412,
4944,4413,
4946,4414,
4948,4415,
4949,4416,
4950,4417,
4952,4418,
4953,4419,
4954,4420,
4955,4421,
4956,4422,
4957,4423,
4958,4424,
4959,4425,
4960,4426,
4963,4427,
4966,4428,
4967,4429,
4969,4430,
4970,4431,
4971,4432,
4972,4433,
4973,4434,
4974,4435,
4975,4436,
4976,4437,
4977,4438,
4978,4439,
4979,4440,
4980,4441,
4981,4442,
4982,4443,
4983,4444,
4984,4445,
4985,4446,
4986,4447,
4987,4448,
4988,4449,
4990,4450,
4991,4451,
4994,4452,
4996,4453,
4997,4454,
4998,4455,
4999,4456,
5001,4457,
5002,4458,
5003,4459,
5005,4460,
5006,4461,
5007,4462,
5008,4463,
5010,4464,
5011,4465,
5012,4466,
5013,4467,
5014,4468,
5015,4469,
5016,4470,
5017,4471,
5018,4472,
5019,4473,
5020,4474,
5023,4475,
5025,4476,
5026,4477,
5027,4478,
5029,4479,
5030,4480,
5031,4481,
5032,4482,
5033,4483,
5034,4484,
5035,4485,
5037,4486,
5038,4487,
5039,4488,
5040,4489,
5042,4490,
5043,4491,
5044,4492,
5045,4493,
5046,4494,
5047,4495,
5048,4496,
5049,4497,
5050,4498,
5051,4499,
5053,4500,
5054,4501,
5055,4502,
5056,4503,
5057,4504,
5059,4505,
5060,4506,
5062,4507,
5064,4508,
5065,4509,
5066,4510,
5067,4511,
5068,4512,
5069,4513,
5070,4514,
5071,4515,
5072,4516,
5073,4517,
5074,4518,
5075,4519,
5076,4520,
5077,4521,
5079,4522,
5080,4523,
5081,4524,
5082,4525,
5083,4526,
5084,4527,
5085,4528,
5086,4529,
5087,4530,
5089,4531,
5091,4532,
5095,4533,
5097,4534,
5098,4535,
5099,4536,
5100,4537,
5101,4538,
5102,4539,
5103,4540,
5104,4541,
5109,4542,
5110,4543,
5111,4544,
5112,4545,
5113,4546,
5115,4547,
5116,4548,
5117,4549,
5118,4550,
5119,4551,
5120,4552,
5121,4553,
5123,4554,
5124,4555,
5126,4556,
5127,4557,
5128,4558,
5129,4559,
5130,4560,
5131,4561,
5132,4562,
5134,4563,
5135,4564,
5136,4565,
5138,4566,
5139,4567,
5140,4568,
5141,4569,
5142,4570,
5143,4571,
5144,4572,
5145,4573,
5146,4574,
5147,4575,
5148,4576,
5149,4577,
5150,4578,
5151,4579,
5153,4580,
5154,4581,
5155,4582,
5156,4583,
5158,4584,
5159,4585,
5161,4586,
5162,4587,
5163,4588,
5164,4589,
5165,4590,
5166,4591,
5167,4592,
5168,4593,
5169,4594,
5170,4595,
5171,4596,
5175,4597,
5176,4598,
5177,4599,
5178,4600,
5181,4601,
5182,4602,
5183,4603,
5185,4604,
5186,4605,
5187,4606,
5188,4607,
5189,4608,
5190,4609,
5191,4610,
5192,4611,
5193,4612,
5194,4613,
5195,4614,
5196,4615,
5197,4616,
5198,4617,
5199,4618,
5200,4619,
5201,4620,
5202,4621,
5204,4622,
5206,4623,
5207,4624,
5208,4625,
5209,4626,
5210,4627,
5212,4628,
5213,4629,
5214,4630,
5215,4631,
5216,4632,
5217,4633,
5218,4634,
5219,4635,
5220,4636,
5221,4637,
5222,4638,
5223,4639,
5224,4640,
5225,4641,
5226,4642,
5227,4643,
5229,4644,
5230,4645,
5231,4646,
5232,4647,
5233,4648,
5234,4649,
5235,4650,
5236,4651,
5237,4652,
5238,4653,
5239,4654,
5240,4655,
5241,4656,
5243,4657,
5244,4658,
5245,4659,
5246,4660,
5247,4661,
5248,4662,
5249,4663,
5250,4664,
5251,4665,
5252,4666,
5254,4667,
5256,4668,
5258,4669,
5259,4670,
5261,4671,
5262,4672,
5263,4673,
5264,4674,
5265,4675,
5266,4676,
5267,4677,
5268,4678,
5269,4679,
5270,4680,
5271,4681,
5272,4682,
5273,4683,
5274,4684,
5275,4685,
5276,4686,
5278,4687,
5279,4688,
5281,4689,
5282,4690,
5284,4691,
5285,4692,
5286,4693,
5289,4694,
5290,4695,
5291,4696,
5293,4697,
5294,4698,
5295,4699,
5296,4700,
5297,4701,
5298,4702,
5299,4703,
5301,4704,
5302,4705,
5303,4706,
5304,4707,
5305,4708,
5306,4709,
5307,4710,
5309,4711,
5310,4712,
5311,4713,
5312,4714,
5313,4715,
5314,4716,
5315,4717,
5316,4718,
5317,4719,
5318,4720,
5319,4721,
5320,4722,
5321,4723,
5322,4724,
5323,4725,
5324,4726,
5326,4727,
5327,4728,
5328,4729,
5329,4730,
5330,4731,
5331,4732,
5334,4733,
5335,4734,
5336,4735,
5339,4736,
5340,4737,
5341,4738,
5343,4739,
5344,4740,
5346,4741,
5348,4742,
5350,4743,
5351,4744,
5353,4745,
5355,4746,
5356,4747,
5357,4748,
5358,4749,
5359,4750,
5360,4751,
5362,4752,
5363,4753,
5364,4754,
5365,4755,
5369,4756,
5372,4757,
5373,4758,
5374,4759,
5375,4760,
5377,4761,
5379,4762,
5381,4763,
5383,4764,
5384,4765,
5387,4766,
5390,4767,
5392,4768,
5395,4769,
5397,4770,
5398,4771,
5399,4772,
5400,4773,
5401,4774,
5402,4775,
5403,4776,
5406,4777,
5407,4778,
5408,4779,
5410,4780,
5411,4781,
5412,4782,
5413,4783,
5414,4784,
5415,4785,
5416,4786,
5419,4787,
5420,4788,
5421,4789,
5422,4790,
5423,4791,
5426,4792,
5429,4793,
5430,4794,
5432,4795,
5433,4796,
5434,4797,
5435,4798,
5439,4799,
5442,4800,
5444,4801,
5447,4802,
5450,4803,
5451,4804,
5452,4805,
5453,4806,
5455,4807,
5457,4808,
5459,4809,
5460,4810,
5462,4811,
5463,4812,
5464,4813,
5465,4814,
5466,4815,
5467,4816,
5468,4817,
5469,4818,
5471,4819,
5472,4820,
5474,4821,
5476,4822,
5477,4823,
5478,4824,
5479,4825,
5480,4826,
5483,4827,
5484,4828,
5485,4829,
5486,4830,
5488,4831,
5490,4832,
5491,4833,
5493,4834,
5495,4835,
5496,4836,
5497,4837,
5498,4838,
5500,4839,
5501,4840,
5502,4841,
5503,4842,
5506,4843,
5507,4844,
5508,4845,
5509,4846,
5510,4847,
5512,4848,
5513,4849,
5514,4850,
5516,4851,
5517,4852,
5518,4853,
5519,4854,
5520,4855,
5522,4856,
5523,4857,
5524,4858,
5525,4859,
5527,4860,
5528,4861,
5530,4862,
5532,4863,
5534,4864,
5536,4865,
5537,4866,
5539,4867,
5540,4868,
5541,4869,
5542,4870,
5543,4871,
5544,4872,
5545,4873,
5547,4874,
5548,4875,
5549,4876,
5551,4877,
5554,4878,
5555,4879,
5556,4880,
5557,4881,
5558,4882,
5559,4883,
5560,4884,
5561,4885,
5562,4886,
5563,4887,
5564,4888,
5565,4889,
5568,4890,
5569,4891,
5571,4892,
5573,4893,
5574,4894,
5575,4895,
5576,4896,
5577,4897,
5578,4898,
5579,4899,
5580,4900,
5582,4901,
5584,4902,
5585,4903,
5586,4904,
5587,4905,
5588,4906,
5589,4907,
5590,4908,
5591,4909,
5592,4910,
5593,4911,
5594,4912,
5595,4913,
5597,4914,
5598,4915,
5599,4916,
5600,4917,
5601,4918,
5602,4919,
5603,4920,
5604,4921,
5605,4922,
5608,4923,
5609,4924,
5610,4925,
5611,4926,
5612,4927,
5613,4928,
5614,4929,
5615,4930,
5616,4931,
5617,4932,
5618,4933,
5619,4934,
5620,4935,
5621,4936,
5622,4937,
5625,4938,
5626,4939,
5628,4940,
5629,4941,
5630,4942,
5632,4943,
5633,4944,
5634,4945,
5635,4946,
5636,4947,
5637,4948,
5638,4949,
5639,4950,
5640,4951,
5641,4952,
5643,4953,
5644,4954,
5645,4955,
5646,4956,
5648,4957,
5650,4958,
5651,4959,
5653,4960,
5654,4961,
5655,4962,
5656,4963,
5657,4964,
5658,4965,
5659,4966,
5660,4967,
5661,4968,
5662,4969,
5663,4970,
5664,4971,
5665,4972,
5666,4973,
5668,4974,
5669,4975,
5670,4976,
5671,4977,
5672,4978,
5673,4979,
5674,4980,
5675,4981,
5677,4982,
5678,4983,
5679,4984,
5681,4985,
5682,4986,
5683,4987,
5685,4988,
5686,4989,
5687,4990,
5688,4991,
5689,4992,
5691,4993,
5692,4994,
5694,4995,
5695,4996,
5697,4997,
5698,4998,
5699,4999,
5700,5000,
5701,5001,
5702,5002,
5703,5003,
5705,5004,
5706,5005,
5708,5006,
5709,5007,
5710,5008,
5711,5009,
5712,5010,
5714,5011,
5715,5012,
5716,5013,
5717,5014,
5719,5015,
5720,5016,
5721,5017,
5722,5018,
5723,5019,
5724,5020,
5725,5021,
5726,5022,
5727,5023,
5728,5024,
5729,5025,
5730,5026,
5731,5027,
5732,5028,
5733,5029,
5734,5030,
5736,5031,
5739,5032,
5740,5033,
5741,5034,
5742,5035,
5743,5036,
5744,5037,
5745,5038,
5746,5039,
5747,5040,
5748,5041,
5749,5042,
5750,5043,
5752,5044,
5753,5045,
5754,5046,
5755,5047,
5756,5048,
5759,5049,
5760,5050,
5761,5051,
5763,5052,
5768,5053,
5771,5054,
5772,5055,
5774,5056,
5775,5057,
5776,5058,
5777,5059,
5778,5060,
5779,5061,
5780,5062,
5781,5063,
5782,5064,
5786,5065,
5787,5066,
5788,5067,
5789,5068,
5791,5069,
5792,5070,
5793,5071,
5795,5072,
5796,5073,
5797,5074,
5798,5075,
5799,5076,
5800,5077,
5801,5078,
5802,5079,
5803,5080,
5804,5081,
5806,5082,
5807,5083,
5808,5084,
5809,5085,
5810,5086,
5811,5087,
5812,5088,
5813,5089,
5814,5090,
5815,5091,
5816,5092,
5817,5093,
5818,5094,
5822,5095,
5823,5096,
5826,5097,
5832,5098,
5833,5099,
5838,5100,
5842,5101,
5843,5102,
5844,5103,
5845,5104,
5846,5105,
5847,5106,
5849,5107,
5850,5108,
5851,5109,
5852,5110,
5854,5111,
5855,5112,
5856,5113,
5857,5114,
5860,5115,
5861,5116,
5863,5117,
5866,5118,
5867,5119,
5868,5120,
5869,5121,
5870,5122,
5871,5123,
5872,5124,
5873,5125,
5874,5126,
5875,5127,
5876,5128,
5877,5129,
5878,5130,
5879,5131,
5880,5132,
5881,5133,
5882,5134,
5883,5135,
5884,5136,
5885,5137,
5886,5138,
5887,5139,
5888,5140,
5889,5141,
5893,5142,
5895,5143,
5896,5144,
5897,5145,
5898,5146,
5899,5147,
5900,5148,
5901,5149,
5902,5150,
5903,5151,
5907,5152,
5909,5153,
5910,5154,
5911,5155,
5913,5156,
5914,5157,
5915,5158,
5916,5159,
5917,5160,
5918,5161,
5919,5162,
5920,5163,
5921,5164,
5923,5165,
5924,5166,
5925,5167,
5926,5168,
5927,5169,
5928,5170,
5930,5171,
5931,5172,
5932,5173,
5933,5174,
5934,5175,
5935,5176,
5936,5177,
5937,5178,
5938,5179,
5939,5180,
5940,5181,
5941,5182,
5942,5183,
5943,5184,
5946,5185,
5948,5186,
5949,5187,
5950,5188,
5951,5189,
5952,5190,
5953,5191,
5954,5192,
5955,5193,
5956,5194,
5959,5195,
5960,5196,
5961,5197,
5962,5198,
5963,5199,
5964,5200,
5965,5201,
5966,5202,
5967,5203,
5968,5204,
5969,5205,
5970,5206,
5971,5207,
5972,5208,
5973,5209,
5974,5210,
5975,5211,
5976,5212,
5977,5213,
5978,5214,
5979,5215,
5980,5216,
5981,5217,
5982,5218,
5983,5219,
5984,5220,
5985,5221,
5986,5222,
5987,5223,
5988,5224,
5989,5225,
5990,5226,
5991,5227,
5992,5228,
5993,5229,
5994,5230,
5995,5231,
5996,5232,
5997,5233,
5998,5234,
5999,5235,
6000,5236,
6001,5237,
6002,5238,
6003,5239,
6005,5240,
6006,5241,
6007,5242,
6008,5243,
6009,5244,
6010,5245,
6011,5246,
6012,5247,
6013,5248,
6014,5249,
6015,5250,
6016,5251,
6017,5252,
6018,5253,
6019,5254,
6020,5255,
6021,5256,
6022,5257,
6024,5258,
6025,5259,
6026,5260,
6028,5261,
6029,5262,
6030,5263,
6031,5264,
6032,5265,
6033,5266,
6034,5267,
6035,5268,
6036,5269,
6037,5270,
6038,5271,
6039,5272,
6040,5273,
6041,5274,
6042,5275,
6043,5276,
6044,5277,
6045,5278,
6046,5279,
6047,5280,
6048,5281,
6049,5282,
6050,5283,
6052,5284,
6053,5285,
6054,5286,
6055,5287,
6056,5288,
6057,5289,
6058,5290,
6060,5291,
6061,5292,
6062,5293,
6063,5294,
6064,5295,
6065,5296,
6066,5297,
6067,5298,
6068,5299,
6069,5300,
6071,5301,
6072,5302,
6073,5303,
6074,5304,
6075,5305,
6076,5306,
6077,5307,
6079,5308,
6080,5309,
6081,5310,
6082,5311,
6083,5312,
6085,5313,
6086,5314,
6087,5315,
6088,5316,
6089,5317,
6090,5318,
6091,5319,
6092,5320,
6093,5321,
6094,5322,
6095,5323,
6096,5324,
6097,5325,
6098,5326,
6099,5327,
6100,5328,
6101,5329,
6102,5330,
6103,5331,
6104,5332,
6105,5333,
6106,5334,
6107,5335,
6108,5336,
6109,5337,
6110,5338,
6111,5339,
6112,5340,
6113,5341,
6114,5342,
6115,5343,
6116,5344,
6117,5345,
6118,5346,
6119,5347,
6120,5348,
6121,5349,
6122,5350,
6123,5351,
6124,5352,
6125,5353,
6126,5354,
6127,5355,
6128,5356,
6129,5357,
6130,5358,
6131,5359,
6132,5360,
6133,5361,
6134,5362,
6136,5363,
6137,5364,
6138,5365,
6140,5366,
6142,5367,
6144,5368,
6147,5369,
6149,5370,
6151,5371,
6152,5372,
6153,5373,
6154,5374,
6155,5375,
6156,5376,
6157,5377,
6158,5378,
6159,5379,
6160,5380,
6161,5381,
6162,5382,
6163,5383,
6164,5384,
6165,5385,
6166,5386,
6167,5387,
6168,5388,
6169,5389,
6170,5390,
6171,5391,
6172,5392,
6173,5393,
6174,5394,
6175,5395,
6176,5396,
6177,5397,
6178,5398,
6179,5399,
6180,5400,
6181,5401,
6182,5402,
6183,5403,
6184,5404,
6185,5405,
6186,5406,
6187,5407,
6188,5408,
6189,5409,
6190,5410,
6191,5411,
6192,5412,
6193,5413,
6194,5414,
6195,5415,
6196,5416,
6197,5417,
6198,5418,
6199,5419,
6200,5420,
6201,5421,
6202,5422,
6203,5423,
6204,5424,
6205,5425,
6206,5426,
6207,5427,
6208,5428,
6209,5429,
6210,5430,
6211,5431,
6212,5432,
6213,5433,
6214,5434,
6215,5435,
6216,5436,
6217,5437,
6218,5438,
6219,5439,
6220,5440,
6222,5441,
6224,5442,
6227,5443,
6229,5444,
6231,5445,
6232,5446,
6233,5447,
6235,5448,
6236,5449,
6237,5450,
6238,5451,
6239,5452,
6241,5453,
6242,5454,
6243,5455,
6244,5456,
6245,5457,
6246,5458,
6247,5459,
6248,5460,
6249,5461,
6250,5462,
6251,5463,
6252,5464,
6254,5465,
6255,5466,
6258,5467,
6259,5468,
6260,5469,
6261,5470,
6262,5471,
6264,5472,
6265,5473,
6266,5474,
6267,5475,
6268,5476,
6269,5477,
6270,5478,
6272,5479,
6273,5480,
6274,5481,
6275,5482,
6276,5483,
6277,5484,
6278,5485,
6279,5486,
6280,5487,
6283,5488,
6286,5489,
6296,5490,
6299,5491,
6300,5492,
6301,5493,
6304,5494,
6305,5495,
6308,5496,
6310,5497,
6311,5498,
6312,5499,
6313,5500,
6314,5501,
6315,5502,
6316,5503,
6317,5504,
6318,5505,
6319,5506,
6320,5507,
6321,5508,
6322,5509,
6325,5510,
6326,5511,
6327,5512,
6328,5513,
6330,5514,
6331,5515,
6332,5516,
6333,5517,
6334,5518,
6335,5519,
6336,5520,
6337,5521,
6338,5522,
6339,5523,
6341,5524,
6342,5525,
6343,5526,
6344,5527,
6345,5528,
6346,5529,
6347,5530,
6348,5531,
6349,5532,
6350,5533,
6351,5534,
6352,5535,
6353,5536,
6354,5537,
6355,5538,
6356,5539,
6357,5540,
6358,5541,
6359,5542,
6360,5543,
6361,5544,
6363,5545,
6364,5546,
6366,5547,
6367,5548,
6368,5549,
6369,5550,
6370,5551,
6371,5552,
6373,5553,
6378,5554,
6382,5555,
6383,5556,
6384,5557,
6385,5558,
6386,5559,
6387,5560,
6388,5561,
6389,5562,
6392,5563,
6393,5564,
6395,5565,
6398,5566,
6399,5567,
6401,5568,
6405,5569,
6407,5570,
6408,5571,
6409,5572,
6410,5573,
6411,5574,
6412,5575,
6413,5576,
6415,5577,
6416,5578,
6418,5579,
6420,5580,
6421,5581,
6422,5582,
6423,5583,
6424,5584,
6425,5585,
6426,5586,
6427,5587,
6428,5588,
6429,5589,
6430,5590,
6431,5591,
6432,5592,
6433,5593,
6434,5594,
6435,5595,
6436,5596,
6437,5597,
6438,5598,
6439,5599,
6440,5600,
6441,5601,
6442,5602,
6443,5603,
6444,5604,
6445,5605,
6446,5606,
6447,5607,
6448,5608,
6449,5609,
6450,5610,
6451,5611,
6452,5612,
6454,5613,
6455,5614,
6456,5615,
6457,5616,
6458,5617,
6459,5618,
6460,5619,
6461,5620,
6462,5621,
6463,5622,
6464,5623,
6465,5624,
6467,5625,
6468,5626,
6469,5627,
6471,5628,
6472,5629,
6473,5630,
6474,5631,
6475,5632,
6476,5633,
6477,5634,
6478,5635,
6479,5636,
6480,5637,
6481,5638,
6482,5639,
6483,5640,
6485,5641,
6486,5642,
6487,5643,
6489,5644,
6490,5645,
6493,5646,
6494,5647,
6498,5648,
6499,5649,
6500,5650,
6503,5651,
6504,5652,
6505,5653,
6506,5654,
6507,5655,
6509,5656,
6510,5657,
6511,5658,
6512,5659,
6517,5660,
6518,5661,
6519,5662,
6520,5663,
6521,5664,
6522,5665,
6523,5666,
6524,5667,
6525,5668,
6526,5669,
6527,5670,
6528,5671,
6529,5672,
6530,5673,
6531,5674,
6534,5675,
6536,5676,
6537,5677,
6538,5678,
6539,5679,
6543,5680,
6544,5681,
6545,5682,
6546,5683,
6547,5684,
6549,5685,
6550,5686,
6551,5687,
6552,5688,
6554,5689,
6555,5690,
6556,5691,
6557,5692,
6558,5693,
6559,5694,
6560,5695,
6561,5696,
6562,5697,
6563,5698,
6565,5699,
6566,5700,
6567,5701,
6568,5702,
6571,5703,
6572,5704,
6573,5705,
6574,5706,
6575,5707,
6578,5708,
6579,5709,
6580,5710,
6581,5711,
6582,5712,
6583,5713,
6584,5714,
6585,5715,
6586,5716,
6589,5717,
6590,5718,
6592,5719,
6593,5720,
6594,5721,
6595,5722,
6597,5723,
6598,5724,
6599,5725,
6600,5726,
6601,5727,
6602,5728,
6603,5729,
6604,5730,
6605,5731,
6606,5732,
6607,5733,
6608,5734,
6610,5735,
6611,5736,
6612,5737,
6613,5738,
6614,5739,
6615,5740,
6616,5741,
6617,5742,
6618,5743,
6619,5744,
6620,5745,
6621,5746,
6622,5747,
6623,5748,
6624,5749,
6625,5750,
6627,5751,
6628,5752,
6630,5753,
6632,5754,
6633,5755,
6634,5756,
6635,5757,
6636,5758,
6637,5759,
6638,5760,
6639,5761,
6640,5762,
6641,5763,
6642,5764,
6643,5765,
6644,5766,
6645,5767,
6646,5768,
6647,5769,
6648,5770,
6649,5771,
6650,5772,
6652,5773,
6653,5774,
6654,5775,
6655,5776,
6656,5777,
6657,5778,
6658,5779,
6659,5780,
6660,5781,
6661,5782,
6662,5783,
6663,5784,
6664,5785,
6665,5786,
6666,5787,
6667,5788,
6668,5789,
6669,5790,
6670,5791,
6671,5792,
6672,5793,
6673,5794,
6674,5795,
6675,5796,
6676,5797,
6678,5798,
6679,5799,
6681,5800,
6683,5801,
6684,5802,
6685,5803,
6686,5804,
6687,5805,
6688,5806,
6689,5807,
6690,5808,
6691,5809,
6692,5810,
6693,5811,
6694,5812,
6695,5813,
6696,5814,
6697,5815,
6702,5816,
6703,5817,
6704,5818,
6705,5819,
6706,5820,
6707,5821,
6708,5822,
6709,5823,
6710,5824,
6713,5825,
6714,5826,
6715,5827,
6716,5828,
6717,5829,
6718,5830,
6719,5831,
6720,5832,
6721,5833,
6722,5834,
6723,5835,
6724,5836,
6725,5837,
6728,5838,
6729,5839,
6732,5840,
6734,5841,
6735,5842,
6737,5843,
6739,5844,
6742,5845,
6746,5846,
6747,5847,
6748,5848,
6749,5849,
6751,5850,
6753,5851,
6754,5852,
6755,5853,
6756,5854,
6758,5855,
6759,5856,
6760,5857,
6762,5858,
6763,5859,
6764,5860,
6765,5861,
6767,5862,
6768,5863,
6769,5864,
6770,5865,
6771,5866,
6772,5867,
6773,5868,
6774,5869,
6777,5870,
6781,5871,
6782,5872,
6784,5873,
6785,5874,
6786,5875,
6787,5876,
6788,5877,
6789,5878,
6791,5879,
6792,5880,
6793,5881,
6796,5882,
6797,5883,
6798,5884,
6799,5885,
6802,5886,
6804,5887,
6806,5888,
6807,5889,
6808,5890,
6809,5891,
6810,5892,
6811,5893,
6812,5894,
6814,5895,
6815,5896,
6816,5897,
6817,5898,
6818,5899,
6819,5900,
6820,5901,
6821,5902,
6822,5903,
6823,5904,
6824,5905,
6825,5906,
6826,5907,
6827,5908,
6828,5909,
6829,5910,
6830,5911,
6831,5912,
6834,5913,
6837,5914,
6838,5915,
6839,5916,
6841,5917,
6842,5918,
6843,5919,
6844,5920,
6845,5921,
6847,5922,
6848,5923,
6850,5924,
6851,5925,
6852,5926,
6853,5927,
6855,5928,
6856,5929,
6857,5930,
6858,5931,
6859,5932,
6860,5933,
6861,5934,
6862,5935,
6863,5936,
6864,5937,
6865,5938,
6866,5939,
6867,5940,
6870,5941,
6871,5942,
6872,5943,
6873,5944,
6874,5945,
6875,5946,
6877,5947,
6878,5948,
6879,5949,
6880,5950,
6881,5951,
6882,5952,
6883,5953,
6884,5954,
6885,5955,
6886,5956,
6887,5957,
6888,5958,
6889,5959,
6890,5960,
6891,5961,
6892,5962,
6893,5963,
6894,5964,
6895,5965,
6896,5966,
6897,5967,
6898,5968,
6899,5969,
6901,5970,
6902,5971,
6903,5972,
6904,5973,
6905,5974,
6906,5975,
6907,5976,
6908,5977,
6909,5978,
6910,5979,
6911,5980,
6913,5981,
6914,5982,
6916,5983,
6917,5984,
6918,5985,
6919,5986,
6921,5987,
6922,5988,
6923,5989,
6924,5990,
6925,5991,
6926,5992,
6927,5993,
6928,5994,
6929,5995,
6930,5996,
6931,5997,
6932,5998,
6933,5999,
6934,6000,
6935,6001,
6936,6002,
6937,6003,
6938,6004,
6939,6005,
6940,6006,
6941,6007,
6942,6008,
6944,6009,
6945,6010,
6947,6011,
6948,6012,
6949,6013,
6950,6014,
6951,6015,
6952,6016,
6953,6017,
6954,6018,
6955,6019,
6956,6020,
6957,6021,
6958,6022,
6959,6023,
6960,6024,
6962,6025,
6963,6026,
6964,6027,
6965,6028,
6966,6029,
6967,6030,
6968,6031,
6969,6032,
6970,6033,
6971,6034,
6972,6035,
6973,6036,
6974,6037,
6975,6038,
6976,6039,
6978,6040,
6979,6041,
6982,6042,
6985,6043,
6986,6044,
6988,6045,
6992,6046,
6993,6047,
6995,6048,
6996,6049,
6999,6050,
7000,6051,
7001,6052,
7002,6053,
7003,6054,
7004,6055,
7005,6056,
7006,6057,
7007,6058,
7008,6059,
7009,6060,
7010,6061,
7011,6062,
7012,6063,
7013,6064,
7014,6065,
7015,6066,
7016,6067,
7017,6068,
7018,6069,
7019,6070,
7020,6071,
7021,6072,
7022,6073,
7023,6074,
7024,6075,
7025,6076,
7026,6077,
7027,6078,
7028,6079,
7029,6080,
7030,6081,
7031,6082,
7032,6083,
7033,6084,
7034,6085,
7035,6086,
7036,6087,
7037,6088,
7038,6089,
7039,6090,
7040,6091,
7041,6092,
7042,6093,
7043,6094,
7044,6095,
7045,6096,
7046,6097,
7047,6098,
7048,6099,
7049,6100,
7050,6101,
7051,6102,
7052,6103,
7053,6104,
7054,6105,
7055,6106,
7056,6107,
7057,6108,
7058,6109,
7059,6110,
7060,6111,
7061,6112,
7062,6113,
7063,6114,
7064,6115,
7065,6116,
7066,6117,
7067,6118,
7068,6119,
7069,6120,
7070,6121,
7071,6122,
7072,6123,
7073,6124,
7074,6125,
7075,6126,
7076,6127,
7077,6128,
7078,6129,
7079,6130,
7080,6131,
7081,6132,
7082,6133,
7083,6134,
7084,6135,
7085,6136,
7086,6137,
7087,6138,
7089,6139,
7090,6140,
7091,6141,
7092,6142,
7093,6143,
7094,6144,
7095,6145,
7097,6146,
7098,6147,
7100,6148,
7101,6149,
7102,6150,
7104,6151,
7106,6152,
7107,6153,
7108,6154,
7111,6155,
7112,6156,
7114,6157,
7115,6158,
7116,6159,
7118,6160,
7119,6161,
7120,6162,
7121,6163,
7122,6164,
7123,6165,
7124,6166,
7125,6167,
7127,6168,
7128,6169,
7130,6170,
7131,6171,
7132,6172,
7133,6173,
7134,6174,
7135,6175,
7136,6176,
7137,6177,
7138,6178,
7140,6179,
7141,6180,
7143,6181,
7144,6182,
7147,6183,
7149,6184,
7150,6185,
7151,6186,
7152,6187,
7153,6188,
7154,6189,
7155,6190,
7156,6191,
7157,6192,
7158,6193,
7159,6194,
7160,6195,
7161,6196,
7162,6197,
7163,6198,
7164,6199,
7165,6200,
7166,6201,
7167,6202,
7168,6203,
7169,6204,
7170,6205,
7171,6206,
7172,6207,
7173,6208,
7174,6209,
7175,6210,
7177,6211,
7179,6212,
7180,6213,
7181,6214,
7182,6215,
7183,6216,
7184,6217,
7185,6218,
7186,6219,
7187,6220,
7188,6221,
7189,6222,
7190,6223,
7191,6224,
7192,6225,
7193,6226,
7194,6227,
7195,6228,
7196,6229,
7197,6230,
7198,6231,
7199,6232,
7200,6233,
7202,6234,
7203,6235,
7204,6236,
7205,6237,
7206,6238,
7207,6239,
7208,6240,
7209,6241,
7210,6242,
7211,6243,
7212,6244,
7214,6245,
7215,6246,
7216,6247,
7217,6248,
7218,6249,
7219,6250,
7220,6251,
7221,6252,
7222,6253,
7223,6254,
7224,6255,
7225,6256,
7226,6257,
7227,6258,
7228,6259,
7229,6260,
7236,6261,
7237,6262,
7238,6263,
7240,6264,
7242,6265,
7243,6266,
7244,6267,
7245,6268,
7246,6269,
7247,6270,
7248,6271,
7249,6272,
7250,6273,
7251,6274,
7252,6275,
7253,6276,
7254,6277,
7257,6278,
7258,6279,
7260,6280,
7261,6281,
7263,6282,
7264,6283,
7265,6284,
7266,6285,
7267,6286,
7268,6287,
7269,6288,
7270,6289,
7271,6290,
7272,6291,
7273,6292,
7274,6293,
7275,6294,
7276,6295,
7277,6296,
7278,6297,
7279,6298,
7280,6299,
7281,6300,
7282,6301,
7283,6302,
7285,6303,
7286,6304,
7287,6305,
7288,6306,
7289,6307,
7292,6308,
7293,6309,
7295,6310,
7296,6311,
7298,6312,
7299,6313,
7301,6314,
7302,6315,
7304,6316,
7305,6317,
7306,6318,
7307,6319,
7309,6320,
7310,6321,
7311,6322,
7312,6323,
7313,6324,
7314,6325,
7317,6326,
7319,6327,
7320,6328,
7321,6329,
7322,6330,
7323,6331,
7326,6332,
7327,6333,
7328,6334,
7329,6335,
7330,6336,
7332,6337,
7334,6338,
7335,6339,
7336,6340,
7338,6341,
7339,6342,
7341,6343,
7342,6344,
7345,6345,
7346,6346,
7347,6347,
7348,6348,
7350,6349,
7351,6350,
7352,6351,
7353,6352,
7355,6353,
7356,6354,
7357,6355,
7358,6356,
7360,6357,
7361,6358,
7362,6359,
7364,6360,
7365,6361,
7366,6362,
7367,6363,
7368,6364,
7369,6365,
7372,6366,
7375,6367,
7376,6368,
7377,6369,
7378,6370,
7379,6371,
7380,6372,
7381,6373,
7382,6374,
7383,6375,
7384,6376,
7385,6377,
7386,6378,
7387,6379,
7388,6380,
7389,6381,
7390,6382,
7391,6383,
7392,6384,
7393,6385,
7394,6386,
7395,6387,
7396,6388,
7398,6389,
7399,6390,
7401,6391,
7402,6392,
7403,6393,
7406,6394,
7407,6395,
7408,6396,
7409,6397,
7410,6398,
7412,6399,
7413,6400,
7414,6401,
7415,6402,
7416,6403,
7417,6404,
7418,6405,
7419,6406,
7420,6407,
7421,6408,
7423,6409,
7424,6410,
7425,6411,
7428,6412,
7429,6413,
7430,6414,
7431,6415,
7432,6416,
7433,6417,
7434,6418,
7435,6419,
7436,6420,
7438,6421,
7439,6422,
7440,6423,
7442,6424,
7443,6425,
7444,6426,
7445,6427,
7446,6428,
7448,6429,
7449,6430,
7450,6431,
7452,6432,
7453,6433,
7455,6434,
7456,6435,
7457,6436,
7458,6437,
7460,6438,
7461,6439,
7463,6440,
7464,6441,
7465,6442,
7466,6443,
7467,6444,
7468,6445,
7469,6446,
7470,6447,
7471,6448,
7472,6449,
7474,6450,
7476,6451,
7477,6452,
7478,6453,
7480,6454,
7481,6455,
7483,6456,
7484,6457,
7486,6458,
7487,6459,
7488,6460,
7489,6461,
7490,6462,
7492,6463,
7493,6464,
7494,6465,
7495,6466,
7496,6467,
7497,6468,
7499,6469,
7502,6470,
7504,6471,
7505,6472,
7506,6473,
7507,6474,
7508,6475,
7510,6476,
7511,6477,
7512,6478,
7513,6479,
7514,6480,
7516,6481,
7517,6482,
7519,6483,
7521,6484,
7523,6485,
7524,6486,
7525,6487,
7526,6488,
7527,6489,
7530,6490,
7531,6491,
7533,6492,
7534,6493,
7535,6494,
7536,6495,
7538,6496,
7539,6497,
7540,6498,
7541,6499,
7542,6500,
7545,6501,
7546,6502,
7547,6503,
7548,6504,
7549,6505,
7550,6506,
7551,6507,
7552,6508,
7553,6509,
7556,6510,
7557,6511,
7558,6512,
7559,6513,
7560,6514,
7561,6515,
7562,6516,
7565,6517,
7567,6518,
7568,6519,
7570,6520,
7572,6521,
7575,6522,
7576,6523,
7577,6524,
7578,6525,
7579,6526,
7580,6527,
7581,6528,
7582,6529,
7583,6530,
7585,6531,
7586,6532,
7589,6533,
7590,6534,
7591,6535,
7592,6536,
7593,6537,
7594,6538,
7595,6539,
7596,6540,
7597,6541,
7598,6542,
7599,6543,
7600,6544,
7602,6545,
7603,6546,
7604,6547,
7605,6548,
7606,6549,
7607,6550,
7608,6551,
7609,6552,
7610,6553,
7611,6554,
7612,6555,
7614,6556,
7615,6557,
7616,6558,
7617,6559,
7618,6560,
7619,6561,
7620,6562,
7621,6563,
7622,6564,
7623,6565,
7624,6566,
7625,6567,
7626,6568,
7627,6569,
7628,6570,
7629,6571,
7630,6572,
7631,6573,
7632,6574,
7635,6575,
7636,6576,
7637,6577,
7638,6578,
7641,6579,
7643,6580,
7644,6581,
7645,6582,
7646,6583,
7647,6584,
7649,6585,
7650,6586,
7651,6587,
7652,6588,
7653,6589,
7654,6590,
7655,6591,
7656,6592,
7657,6593,
7658,6594,
7659,6595,
7661,6596,
7664,6597,
7665,6598,
7666,6599,
7667,6600,
7668,6601,
7671,6602,
7672,6603,
7673,6604,
7674,6605,
7675,6606,
7676,6607,
7678,6608,
7679,6609,
7680,6610,
7681,6611,
7683,6612,
7684,6613,
7685,6614,
7686,6615,
7687,6616,
7688,6617,
7689,6618,
7690,6619,
7692,6620,
7694,6621,
7695,6622,
7696,6623,
7697,6624,
7698,6625,
7702,6626,
7703,6627,
7704,6628,
7705,6629,
7707,6630,
7709,6631,
7711,6632,
7712,6633,
7713,6634,
7714,6635,
7716,6636,
7717,6637,
7718,6638,
7719,6639,
7720,6640,
7722,6641,
7723,6642,
7724,6643,
7725,6644,
7728,6645,
7729,6646,
7731,6647,
7732,6648,
7733,6649,
7734,6650,
7736,6651,
7737,6652,
7738,6653,
7739,6654,
7740,6655,
7741,6656,
7742,6657,
7743,6658,
7744,6659,
7745,6660,
7746,6661,
7747,6662,
7748,6663,
7752,6664,
7753,6665,
7754,6666,
7755,6667,
7757,6668,
7758,6669,
7760,6670,
7761,6671,
7762,6672,
7764,6673,
7768,6674,
7769,6675,
7770,6676,
7771,6677,
7772,6678,
7773,6679,
7774,6680,
7775,6681,
7776,6682,
7777,6683,
7780,6684,
7781,6685,
7782,6686,
7783,6687,
7784,6688,
7785,6689,
7786,6690,
7787,6691,
7788,6692,
7789,6693,
7790,6694,
7793,6695,
7794,6696,
7796,6697,
7797,6698,
7798,6699,
7800,6700,
7801,6701,
7803,6702,
7805,6703,
7806,6704,
7807,6705,
7808,6706,
7809,6707,
7810,6708,
7811,6709,
7812,6710,
7813,6711,
7816,6712,
7818,6713,
7819,6714,
7820,6715,
7821,6716,
7822,6717,
7823,6718,
7824,6719,
7825,6720,
7827,6721,
7828,6722,
7829,6723,
7830,6724,
7831,6725,
7832,6726,
7833,6727,
7834,6728,
7835,6729,
7836,6730,
7837,6731,
7838,6732,
7840,6733,
7841,6734,
7843,6735,
7844,6736,
7845,6737,
7846,6738,
7849,6739,
7851,6740,
7852,6741,
7853,6742,
7854,6743,
7855,6744,
7856,6745,
7857,6746,
7858,6747,
7859,6748,
7860,6749,
7861,6750,
7862,6751,
7863,6752,
7864,6753,
7865,6754,
7866,6755,
7867,6756,
7868,6757,
7869,6758,
7870,6759,
7871,6760,
7872,6761,
7873,6762,
7874,6763,
7876,6764,
7877,6765,
7878,6766,
7879,6767,
7880,6768,
7881,6769,
7882,6770,
7884,6771,
7885,6772,
7887,6773,
7888,6774,
7890,6775,
7893,6776,
7895,6777,
7896,6778,
7897,6779,
7898,6780,
7899,6781,
7904,6782,
7905,6783,
7907,6784,
7908,6785,
7909,6786,
7910,6787,
7911,6788,
7912,6789,
7913,6790,
7914,6791,
7915,6792,
7916,6793,
7917,6794,
7918,6795,
7919,6796,
7920,6797,
7921,6798,
7923,6799,
7924,6800,
7925,6801,
7926,6802,
7927,6803,
7928,6804,
7929,6805,
7930,6806,
7933,6807,
7934,6808,
7935,6809,
7936,6810,
7937,6811,
7938,6812,
7939,6813,
7940,6814,
7941,6815,
7942,6816,
7944,6817,
7945,6818,
7946,6819,
7947,6820,
7948,6821,
7949,6822,
7950,6823,
7951,6824,
7953,6825,
7955,6826,
7956,6827,
7959,6828,
7960,6829,
7961,6830,
7962,6831,
7964,6832,
7965,6833,
7966,6834,
7967,6835,
7969,6836,
7971,6837,
7977,6838,
7978,6839,
7979,6840,
7981,6841,
7984,6842,
7986,6843,
7987,6844,
7988,6845,
7990,6846,
7991,6847,
7993,6848,
7994,6849,
7996,6850,
7998,6851,
7999,6852,
8000,6853,
8001,6854,
8002,6855,
8003,6856,
8005,6857,
8006,6858,
8007,6859,
8008,6860,
8009,6861,
8010,6862,
8011,6863,
8014,6864,
8015,6865,
8017,6866,
8019,6867,
8020,6868,
8021,6869,
8022,6870,
8023,6871,
8024,6872,
8026,6873,
8027,6874,
8029,6875,
8030,6876,
8031,6877,
8032,6878,
8033,6879,
8034,6880,
8035,6881,
8037,6882,
8039,6883,
8041,6884,
8042,6885,
8044,6886,
8050,6887,
8052,6888,
8054,6889,
8056,6890,
8057,6891,
8058,6892,
8059,6893,
8060,6894,
8061,6895,
8062,6896,
8063,6897,
8064,6898,
8065,6899,
8067,6900,
8068,6901,
8069,6902,
8072,6903,
8073,6904,
8074,6905,
8075,6906,
8076,6907,
8077,6908,
8080,6909,
8081,6910,
8084,6911,
8085,6912,
8086,6913,
8088,6914,
8090,6915,
8091,6916,
8093,6917,
8094,6918,
8095,6919,
8097,6920,
8098,6921,
8099,6922,
8100,6923,
8101,6924,
8102,6925,
8104,6926,
8105,6927,
8108,6928,
8109,6929,
8111,6930,
8112,6931,
8113,6932,
8114,6933,
8115,6934,
8116,6935,
8117,6936,
8118,6937,
8119,6938,
8120,6939,
8122,6940,
8124,6941,
8125,6942,
8126,6943,
8127,6944,
8128,6945,
8129,6946,
8131,6947,
8133,6948,
8134,6949,
8135,6950,
8136,6951,
8137,6952,
8138,6953,
8139,6954,
8140,6955,
8141,6956,
8142,6957,
8143,6958,
8144,6959,
8145,6960,
8146,6961,
8147,6962,
8149,6963,
8150,6964,
8151,6965,
8153,6966,
8154,6967,
8155,6968,
8156,6969,
8157,6970,
8158,6971,
8160,6972,
8161,6973,
8162,6974,
8163,6975,
8164,6976,
8165,6977,
8166,6978,
8167,6979,
8171,6980,
8172,6981,
8173,6982,
8174,6983,
8175,6984,
8176,6985,
8177,6986,
8178,6987,
8179,6988,
8180,6989,
8181,6990,
8182,6991,
8184,6992,
8185,6993,
8187,6994,
8188,6995,
8189,6996,
8190,6997,
8191,6998,
8192,6999,
8193,7000,
8194,7001,
8195,7002,
8196,7003,
8197,7004,
8198,7005,
8199,7006,
8200,7007,
8201,7008,
8202,7009,
8203,7010,
8205,7011,
8207,7012,
8208,7013,
8209,7014,
8210,7015,
8211,7016,
8212,7017,
8214,7018,
8216,7019,
8217,7020,
8218,7021,
8219,7022,
8220,7023,
8221,7024,
8224,7025,
8225,7026,
8226,7027,
8227,7028,
8228,7029,
8229,7030,
8230,7031,
8231,7032,
8232,7033,
8233,7034,
8234,7035,
8237,7036,
8241,7037,
8242,7038,
8243,7039,
8244,7040,
8247,7041,
8248,7042,
8250,7043,
8253,7044,
8254,7045,
8257,7046,
8258,7047,
8260,7048,
8262,7049,
8264,7050,
8265,7051,
8266,7052,
8267,7053,
8269,7054,
8271,7055,
8272,7056,
8273,7057,
8274,7058,
8276,7059,
8278,7060,
8279,7061,
8280,7062,
8281,7063,
8283,7064,
8284,7065,
8286,7066,
8288,7067,
8290,7068,
8291,7069,
8292,7070,
8294,7071,
8296,7072,
8297,7073,
8298,7074,
8299,7075,
8300,7076,
8302,7077,
8303,7078,
8304,7079,
8305,7080,
8306,7081,
8307,7082,
8308,7083,
8309,7084,
8310,7085,
8311,7086,
8312,7087,
8313,7088,
8314,7089,
8315,7090,
8316,7091,
8317,7092,
8318,7093,
8319,7094,
8320,7095,
8321,7096,
8322,7097,
8324,7098,
8325,7099,
8326,7100,
8327,7101,
8329,7102,
8330,7103,
8331,7104,
8333,7105,
8334,7106,
8335,7107,
8336,7108,
8337,7109,
8338,7110,
8339,7111,
8340,7112,
8341,7113,
8342,7114,
8345,7115,
8346,7116,
8348,7117,
8349,7118,
8350,7119,
8351,7120,
8352,7121,
8353,7122,
8354,7123,
8355,7124,
8356,7125,
8357,7126,
8360,7127,
8361,7128,
8363,7129,
8367,7130,
8368,7131,
8369,7132,
8370,7133,
8371,7134,
8374,7135,
8375,7136,
8376,7137,
8377,7138,
8378,7139,
8379,7140,
8380,7141,
8381,7142,
8382,7143,
8384,7144,
8385,7145,
8386,7146,
8387,7147,
8388,7148,
8389,7149,
8390,7150,
8391,7151,
8393,7152,
8394,7153,
8395,7154,
8396,7155,
8397,7156,
8399,7157,
8401,7158,
8402,7159,
8403,7160,
8404,7161,
8405,7162,
8406,7163,
8408,7164,
8409,7165,
8410,7166,
8411,7167,
8412,7168,
8413,7169,
8414,7170,
8416,7171,
8417,7172,
8419,7173,
8420,7174,
8421,7175,
8422,7176,
8423,7177,
8424,7178,
8427,7179,
8428,7180,
8429,7181,
8430,7182,
8431,7183,
8432,7184,
8434,7185,
8435,7186,
8437,7187,
8439,7188,
8440,7189,
8442,7190,
8443,7191,
8444,7192,
8445,7193,
8446,7194,
8447,7195,
8448,7196,
8449,7197,
8450,7198,
8451,7199,
8452,7200,
8454,7201,
8455,7202,
8457,7203,
8458,7204,
8459,7205,
8460,7206,
8461,7207,
8462,7208,
8463,7209,
8465,7210,
8470,7211,
8471,7212,
8473,7213,
8474,7214,
8475,7215,
8476,7216,
8477,7217,
8478,7218,
8479,7219,
8480,7220,
8482,7221,
8484,7222,
8486,7223,
8487,7224,
8488,7225,
8489,7226,
8492,7227,
8493,7228,
8494,7229,
8495,7230,
8496,7231,
8499,7232,
8500,7233,
8501,7234,
8502,7235,
8506,7236,
8508,7237,
8509,7238,
8510,7239,
8511,7240,
8513,7241,
8517,7242,
8518,7243,
8519,7244,
8522,7245,
8523,7246,
8524,7247,
8526,7248,
8527,7249,
8528,7250,
8530,7251,
8531,7252,
8532,7253,
8535,7254,
8536,7255,
8539,7256,
8540,7257,
8541,7258,
8542,7259,
8546,7260,
8547,7261,
8548,7262,
8549,7263,
8550,7264,
8551,7265,
8552,7266,
8555,7267,
8556,7268,
8557,7269,
8558,7270,
8559,7271,
8560,7272,
8561,7273,
8562,7274,
8563,7275,
8564,7276,
8565,7277,
8566,7278,
8567,7279,
8569,7280,
8571,7281,
8572,7282,
8574,7283,
8575,7284,
8576,7285,
8577,7286,
8578,7287,
8579,7288,
8580,7289,
8581,7290,
8582,7291,
8583,7292,
8584,7293,
8585,7294,
8586,7295,
8587,7296,
8590,7297,
8592,7298,
8593,7299,
8594,7300,
8595,7301,
8596,7302,
8597,7303,
8598,7304,
8599,7305,
8602,7306,
8604,7307,
8605,7308,
8606,7309,
8607,7310,
8608,7311,
8609,7312,
8611,7313,
8612,7314,
8613,7315,
8614,7316,
8616,7317,
8617,7318,
8619,7319,
8621,7320,
8624,7321,
8625,7322,
8626,7323,
8627,7324,
8628,7325,
8629,7326,
8630,7327,
8631,7328,
8632,7329,
8633,7330,
8634,7331,
8636,7332,
8637,7333,
8638,7334,
8640,7335,
8641,7336,
8642,7337,
8643,7338,
8648,7339,
8649,7340,
8650,7341,
8651,7342,
8652,7343,
8654,7344,
8655,7345,
8656,7346,
8657,7347,
8659,7348,
8661,7349,
8663,7350,
8664,7351,
8665,7352,
8666,7353,
8667,7354,
8668,7355,
8669,7356,
8670,7357,
8672,7358,
8673,7359,
8675,7360,
8676,7361,
8677,7362,
8678,7363,
8679,7364,
8680,7365,
8682,7366,
8683,7367,
8684,7368,
8685,7369,
8686,7370,
8687,7371,
8688,7372,
8689,7373,
8690,7374,
8693,7375,
8694,7376,
8695,7377,
8696,7378,
8697,7379,
8698,7380,
8699,7381,
8700,7382,
8701,7383,
8704,7384,
8706,7385,
8707,7386,
8708,7387,
8709,7388,
8713,7389,
8714,7390,
8715,7391,
8716,7392,
8719,7393,
8720,7394,
8721,7395,
8722,7396,
8723,7397,
8724,7398,
8727,7399,
8728,7400,
8731,7401,
8732,7402,
8734,7403,
8736,7404,
8737,7405,
8738,7406,
8739,7407,
8740,7408,
8741,7409,
8742,7410,
8743,7411,
8744,7412,
8746,7413,
8747,7414,
8748,7415,
8749,7416,
8750,7417,
8751,7418,
8752,7419,
8754,7420,
8755,7421,
8756,7422,
8757,7423,
8758,7424,
8759,7425,
8760,7426,
8761,7427,
8762,7428,
8763,7429,
8765,7430,
8766,7431,
8767,7432,
8768,7433,
8770,7434,
8771,7435,
8772,7436,
8773,7437,
8774,7438,
8775,7439,
8776,7440,
8777,7441,
8778,7442,
8780,7443,
8781,7444,
8782,7445,
8787,7446,
8788,7447,
8789,7448,
8790,7449,
8791,7450,
8793,7451,
8795,7452,
8796,7453,
8797,7454,
8798,7455,
8801,7456,
8802,7457,
8803,7458,
8804,7459,
8805,7460,
8806,7461,
8807,7462,
8809,7463,
8810,7464,
8812,7465,
8813,7466,
8814,7467,
8815,7468,
8816,7469,
8817,7470,
8818,7471,
8819,7472,
8820,7473,
8821,7474,
8822,7475,
8823,7476,
8824,7477,
8825,7478,
8826,7479,
8827,7480,
8828,7481,
8829,7482,
8830,7483,
8831,7484,
8834,7485,
8835,7486,
8836,7487,
8837,7488,
8838,7489,
8839,7490,
8840,7491,
8843,7492,
8844,7493,
8845,7494,
8846,7495,
8847,7496,
8848,7497,
8850,7498,
8851,7499,
8852,7500,
8854,7501,
8855,7502,
8856,7503,
8857,7504,
8858,7505,
8859,7506,
8860,7507,
8862,7508,
8863,7509,
8864,7510,
8865,7511,
8866,7512,
8867,7513,
8868,7514,
8869,7515,
8870,7516,
8871,7517,
8873,7518,
8874,7519,
8875,7520,
8876,7521,
8877,7522,
8878,7523,
8879,7524,
8880,7525,
8882,7526,
8883,7527,
8884,7528,
8885,7529,
8886,7530,
8887,7531,
8888,7532,
8889,7533,
8890,7534,
8891,7535,
8892,7536,
8893,7537,
8894,7538,
8895,7539,
8896,7540,
8897,7541,
8898,7542,
8899,7543,
8900,7544,
8901,7545,
8903,7546,
8904,7547,
8905,7548,
8906,7549,
8907,7550,
8909,7551,
8910,7552,
8911,7553,
8912,7554,
8913,7555,
8915,7556,
8916,7557,
8917,7558,
8918,7559,
8919,7560,
8920,7561,
8921,7562,
8922,7563,
8923,7564,
8924,7565,
8925,7566,
8927,7567,
8928,7568,
8929,7569,
8930,7570,
8931,7571,
8932,7572,
8933,7573,
8934,7574,
8935,7575,
8936,7576,
8937,7577,
8938,7578,
8939,7579,
8940,7580,
8941,7581,
8942,7582,
8944,7583,
8945,7584,
8947,7585,
8948,7586,
8950,7587,
8951,7588,
8952,7589,
8953,7590,
8954,7591,
8955,7592,
8956,7593,
8958,7594,
8959,7595,
8961,7596,
8962,7597,
8963,7598,
8964,7599,
8965,7600,
8966,7601,
8967,7602,
8968,7603,
8969,7604,
8970,7605,
8971,7606,
8972,7607,
8973,7608,
8974,7609,
8975,7610,
8977,7611,
8978,7612,
8982,7613,
8983,7614,
8984,7615,
8986,7616,
8987,7617,
8988,7618,
8989,7619,
8990,7620,
8991,7621,
8992,7622,
8993,7623,
8995,7624,
8996,7625,
8997,7626,
8998,7627,
8999,7628,
9002,7629,
9003,7630,
9004,7631,
9005,7632,
9006,7633,
9007,7634,
9008,7635,
9009,7636,
9010,7637,
9011,7638,
9012,7639,
9013,7640,
9015,7641,
9016,7642,
9018,7643,
9019,7644,
9020,7645,
9022,7646,
9023,7647,
9024,7648,
9026,7649,
9027,7650,
9028,7651,
9029,7652,
9030,7653,
9032,7654,
9033,7655,
9034,7656,
9035,7657,
9036,7658,
9037,7659,
9038,7660,
9039,7661,
9040,7662,
9041,7663,
9042,7664,
9043,7665,
9044,7666,
9045,7667,
9046,7668,
9047,7669,
9048,7670,
9049,7671,
9050,7672,
9051,7673,
9052,7674,
9054,7675,
9055,7676,
9056,7677,
9057,7678,
9058,7679,
9059,7680,
9060,7681,
9061,7682,
9063,7683,
9064,7684,
9065,7685,
9067,7686,
9068,7687,
9069,7688,
9070,7689,
9071,7690,
9072,7691,
9073,7692,
9074,7693,
9075,7694,
9076,7695,
9077,7696,
9079,7697,
9081,7698,
9083,7699,
9084,7700,
9085,7701,
9086,7702,
9087,7703,
9088,7704,
9089,7705,
9090,7706,
9091,7707,
9093,7708,
9094,7709,
9095,7710,
9096,7711,
9097,7712,
9098,7713,
9099,7714,
9100,7715,
9101,7716,
9102,7717,
9103,7718,
9104,7719,
9108,7720,
9109,7721,
9110,7722,
9111,7723,
9112,7724,
9113,7725,
9117,7726,
9118,7727,
9119,7728,
9121,7729,
9122,7730,
9123,7731,
9124,7732,
9127,7733,
9128,7734,
9129,7735,
9130,7736,
9131,7737,
9132,7738,
9135,7739,
9138,7740,
9139,7741,
9141,7742,
9144,7743,
9146,7744,
9147,7745,
9149,7746,
9150,7747,
9152,7748,
9153,7749,
9154,7750,
9155,7751,
9156,7752,
9158,7753,
9159,7754,
9160,7755,
9161,7756,
9162,7757,
9163,7758,
9164,7759,
9165,7760,
9166,7761,
9167,7762,
9169,7763,
9170,7764,
9171,7765,
9172,7766,
9173,7767,
9174,7768,
9176,7769,
9177,7770,
9179,7771,
9180,7772,
9181,7773,
9185,7774,
9186,7775,
9187,7776,
9188,7777,
9189,7778,
9190,7779,
9191,7780,
9195,7781,
9196,7782,
9197,7783,
9199,7784,
9201,7785,
9202,7786,
9203,7787,
9204,7788,
9205,7789,
9206,7790,
9207,7791,
9208,7792,
9209,7793,
9210,7794,
9211,7795,
9215,7796,
9216,7797,
9219,7798,
9220,7799,
9221,7800,
9222,7801,
9223,7802,
9226,7803,
9228,7804,
9229,7805,
9230,7806,
9232,7807,
9233,7808,
9234,7809,
9236,7810,
9237,7811,
9238,7812,
9240,7813,
9241,7814,
9243,7815,
9244,7816,
9246,7817,
9248,7818,
9250,7819,
9251,7820,
9253,7821,
9255,7822,
9256,7823,
9257,7824,
9258,7825,
9259,7826,
9260,7827,
9261,7828,
9262,7829,
9263,7830,
9265,7831,
9266,7832,
9267,7833,
9268,7834,
9269,7835,
9270,7836,
9271,7837,
9272,7838,
9273,7839,
9274,7840,
9275,7841,
9277,7842,
9278,7843,
9279,7844,
9281,7845,
9282,7846,
9283,7847,
9285,7848,
9286,7849,
9287,7850,
9288,7851,
9289,7852,
9290,7853,
9291,7854,
9292,7855,
9293,7856,
9294,7857,
9297,7858,
9299,7859,
9300,7860,
9302,7861,
9303,7862,
9304,7863,
9305,7864,
9306,7865,
9307,7866,
9308,7867,
9309,7868,
9310,7869,
9312,7870,
9313,7871,
9315,7872,
9316,7873,
9317,7874,
9318,7875,
9319,7876,
9320,7877,
9321,7878,
9322,7879,
9323,7880,
9325,7881,
9326,7882,
9328,7883,
9329,7884,
9330,7885,
9331,7886,
9332,7887,
9334,7888,
9336,7889,
9337,7890,
9338,7891,
9339,7892,
9340,7893,
9341,7894,
9342,7895,
9343,7896,
9344,7897,
9345,7898,
9346,7899,
9347,7900,
9348,7901,
9349,7902,
9350,7903,
9353,7904,
9354,7905,
9355,7906,
9356,7907,
9358,7908,
9359,7909,
9360,7910,
9361,7911,
9362,7912,
9363,7913,
9364,7914,
9365,7915,
9366,7916,
9367,7917,
9368,7918,
9369,7919,
9370,7920,
9371,7921,
9372,7922,
9373,7923,
9374,7924,
9375,7925,
9376,7926,
9377,7927,
9378,7928,
9379,7929,
9381,7930,
9382,7931,
9383,7932,
9384,7933,
9385,7934,
9386,7935,
9387,7936,
9388,7937,
9390,7938,
9392,7939,
9393,7940,
9395,7941,
9396,7942,
9398,7943,
9399,7944,
9401,7945,
9402,7946,
9405,7947,
9406,7948,
9408,7949,
9409,7950,
9410,7951,
9411,7952,
9412,7953,
9414,7954,
9415,7955,
9416,7956,
9417,7957,
9421,7958,
9422,7959,
9423,7960,
9424,7961,
9426,7962,
9427,7963,
9428,7964,
9429,7965,
9430,7966,
9431,7967,
9432,7968,
9433,7969,
9434,7970,
9435,7971,
9438,7972,
9439,7973,
9440,7974,
9441,7975,
9442,7976,
9443,7977,
9444,7978,
9445,7979,
9446,7980,
9447,7981,
9449,7982,
9450,7983,
9451,7984,
9452,7985,
9453,7986,
9456,7987,
9457,7988,
9458,7989,
9460,7990,
9461,7991,
9462,7992,
9463,7993,
9464,7994,
9465,7995,
9466,7996,
9467,7997,
9468,7998,
9469,7999,
9470,8000,
9471,8001,
9472,8002,
9474,8003,
9475,8004,
9476,8005,
9477,8006,
9478,8007,
9479,8008,
9480,8009,
9481,8010,
9482,8011,
9483,8012,
9484,8013,
9485,8014,
9486,8015,
9487,8016,
9488,8017,
9489,8018,
9490,8019,
9491,8020,
9492,8021,
9493,8022,
9494,8023,
9497,8024,
9498,8025,
9500,8026,
9501,8027,
9503,8028,
9504,8029,
9505,8030,
9506,8031,
9508,8032,
9509,8033,
9510,8034,
9511,8035,
9512,8036,
9513,8037,
9514,8038,
9515,8039,
9516,8040,
9517,8041,
9518,8042,
9519,8043,
9520,8044,
9521,8045,
9522,8046,
9523,8047,
9524,8048,
9525,8049,
9526,8050,
9528,8051,
9529,8052,
9530,8053,
9531,8054,
9532,8055,
9533,8056,
9534,8057,
9535,8058,
9536,8059,
9537,8060,
9539,8061,
9540,8062,
9541,8063,
9542,8064,
9543,8065,
9544,8066,
9545,8067,
9546,8068,
9547,8069,
9548,8070,
9549,8071,
9551,8072,
9553,8073,
9555,8074,
9556,8075,
9557,8076,
9558,8077,
9559,8078,
9560,8079,
9561,8080,
9565,8081,
9567,8082,
9568,8083,
9569,8084,
9570,8085,
9571,8086,
9572,8087,
9574,8088,
9575,8089,
9576,8090,
9577,8091,
9579,8092,
9580,8093,
9581,8094,
9582,8095,
9583,8096,
9584,8097,
9585,8098,
9588,8099,
9589,8100,
9590,8101,
9592,8102,
9593,8103,
9594,8104,
9595,8105,
9596,8106,
9597,8107,
9598,8108,
9599,8109,
9600,8110,
9602,8111,
9603,8112,
9605,8113,
9606,8114,
9607,8115,
9609,8116,
9611,8117,
9613,8118,
9614,8119,
9617,8120,
9618,8121,
9620,8122,
9622,8123,
9623,8124,
9624,8125,
9625,8126,
9627,8127,
9628,8128,
9629,8129,
9631,8130,
9632,8131,
9633,8132,
9635,8133,
9636,8134,
9638,8135,
9639,8136,
9640,8137,
9642,8138,
9643,8139,
9644,8140,
9645,8141,
9648,8142,
9649,8143,
9652,8144,
9654,8145,
9656,8146,
9657,8147,
9659,8148,
9660,8149,
9661,8150,
9662,8151,
9663,8152,
9665,8153,
9666,8154,
9667,8155,
9668,8156,
9670,8157,
9671,8158,
9673,8159,
9674,8160,
9675,8161,
9676,8162,
9677,8163,
9678,8164,
9680,8165,
9681,8166,
9682,8167,
9683,8168,
9685,8169,
9686,8170,
9687,8171,
9688,8172,
9689,8173,
9690,8174,
9691,8175,
9694,8176,
9695,8177,
9696,8178,
9697,8179,
9698,8180,
9699,8181,
9700,8182,
9701,8183,
9702,8184,
9703,8185,
9704,8186,
9705,8187,
9707,8188,
9709,8189,
9711,8190,
9712,8191,
9713,8192,
9714,8193,
9715,8194,
9716,8195,
9717,8196,
9718,8197,
9719,8198,
9720,8199,
9721,8200,
9722,8201,
9724,8202,
9725,8203,
9730,8204,
9732,8205,
9733,8206,
9734,8207,
9735,8208,
9736,8209,
9737,8210,
9739,8211,
9741,8212,
9742,8213,
9743,8214,
9746,8215,
9747,8216,
9748,8217,
9749,8218,
9750,8219,
9752,8220,
9753,8221,
9754,8222,
9755,8223,
9757,8224,
9759,8225,
9761,8226,
9762,8227,
9763,8228,
9764,8229,
9765,8230,
9766,8231,
9767,8232,
9768,8233,
9769,8234,
9771,8235,
9772,8236,
9773,8237,
9776,8238,
9777,8239,
9778,8240,
9779,8241,
9780,8242,
9784,8243,
9785,8244,
9786,8245,
9787,8246,
9788,8247,
9789,8248,
9790,8249,
9791,8250,
9792,8251,
9793,8252,
9795,8253,
9796,8254,
9797,8255,
9798,8256,
9799,8257,
9800,8258,
9801,8259,
9802,8260,
9804,8261,
9805,8262,
9806,8263,
9807,8264,
9808,8265,
9809,8266,
9810,8267,
9811,8268,
9812,8269,
9813,8270,
9815,8271,
9816,8272,
9817,8273,
9818,8274,
9819,8275,
9820,8276,
9821,8277,
9822,8278,
9823,8279,
9824,8280,
9825,8281,
9826,8282,
9827,8283,
9830,8284,
9832,8285,
9838,8286,
9839,8287,
9840,8288,
9841,8289,
9842,8290,
9843,8291,
9844,8292,
9845,8293,
9846,8294,
9849,8295,
9850,8296,
9851,8297,
9852,8298,
9854,8299,
9855,8300,
9856,8301,
9857,8302,
9859,8303,
9860,8304,
9862,8305,
9863,8306,
9865,8307,
9866,8308,
9867,8309,
9868,8310,
9869,8311,
9870,8312,
9871,8313,
9872,8314,
9873,8315,
9874,8316,
9875,8317,
9876,8318,
9880,8319,
9883,8320,
9884,8321,
9885,8322,
9886,8323,
9887,8324,
9888,8325,
9890,8326,
9892,8327,
9893,8328,
9894,8329,
9896,8330,
9897,8331,
9898,8332,
9899,8333,
9900,8334,
9901,8335,
9902,8336,
9904,8337,
9905,8338,
9906,8339,
9909,8340,
9910,8341,
9911,8342,
9912,8343,
9913,8344,
9914,8345,
9915,8346,
9916,8347,
9917,8348,
9918,8349,
9919,8350,
9920,8351,
9922,8352,
9923,8353,
9925,8354,
9926,8355,
9927,8356,
9928,8357,
9929,8358,
9930,8359,
9933,8360,
9934,8361,
9935,8362,
9936,8363,
9937,8364,
9939,8365,
9942,8366,
9943,8367,
9945,8368,
9946,8369,
9947,8370,
9948,8371,
9949,8372,
9950,8373,
9951,8374,
9952,8375,
9953,8376,
9954,8377,
9955,8378,
9956,8379,
9957,8380,
9958,8381,
9961,8382,
9962,8383,
9963,8384,
9966,8385,
9968,8386,
9969,8387,
9970,8388,
9971,8389,
9972,8390,
9973,8391,
9974,8392,
9975,8393,
9976,8394,
9977,8395,
9978,8396,
9979,8397,
9980,8398,
9981,8399,
9982,8400,
9983,8401,
9984,8402,
9985,8403,
9986,8404,
9987,8405,
9988,8406,
9990,8407,
9991,8408,
9992,8409,
9993,8410,
9994,8411,
9995,8412,
9996,8413,
9999,8414,
10000,8415,
10001,8416,
10002,8417,
10003,8418,
10004,8419,
10005,8420,
10007,8421,
10008,8422,
10010,8423,
10011,8424,
10012,8425,
10014,8426,
10015,8427,
10016,8428,
10017,8429,
10018,8430,
10020,8431,
10021,8432,
10022,8433,
10023,8434,
10024,8435,
10025,8436,
10026,8437,
10027,8438,
10028,8439,
10031,8440,
10032,8441,
10035,8442,
10037,8443,
10038,8444,
10039,8445,
10040,8446,
10041,8447,
10042,8448,
10043,8449,
10044,8450,
10045,8451,
10047,8452,
10049,8453,
10050,8454,
10051,8455,
10052,8456,
10053,8457,
10055,8458,
10056,8459,
10057,8460,
10058,8461,
10059,8462,
10060,8463,
10061,8464,
10062,8465,
10063,8466,
10064,8467,
10065,8468,
10066,8469,
10067,8470,
10068,8471,
10069,8472,
10070,8473,
10071,8474,
10072,8475,
10076,8476,
10077,8477,
10079,8478,
10080,8479,
10082,8480,
10085,8481,
10088,8482,
10089,8483,
10090,8484,
10091,8485,
10092,8486,
10093,8487,
10094,8488,
10095,8489,
10096,8490,
10097,8491,
10098,8492,
10099,8493,
10100,8494,
10101,8495,
10102,8496,
10103,8497,
10104,8498,
10105,8499,
10106,8500,
10107,8501,
10108,8502,
10109,8503,
10110,8504,
10111,8505,
10112,8506,
10113,8507,
10115,8508,
10116,8509,
10117,8510,
10118,8511,
10119,8512,
10120,8513,
10121,8514,
10122,8515,
10124,8516,
10125,8517,
10126,8518,
10127,8519,
10134,8520,
10135,8521,
10136,8522,
10137,8523,
10138,8524,
10139,8525,
10141,8526,
10142,8527,
10143,8528,
10144,8529,
10145,8530,
10146,8531,
10147,8532,
10148,8533,
10149,8534,
10150,8535,
10151,8536,
10152,8537,
10153,8538,
10154,8539,
10155,8540,
10156,8541,
10157,8542,
10158,8543,
10159,8544,
10160,8545,
10161,8546,
10162,8547,
10163,8548,
10165,8549,
10166,8550,
10168,8551,
10169,8552,
10170,8553,
10171,8554,
10172,8555,
10173,8556,
10174,8557,
10176,8558,
10177,8559,
10178,8560,
10179,8561,
10180,8562,
10182,8563,
10183,8564,
10184,8565,
10185,8566,
10186,8567,
10188,8568,
10189,8569,
10190,8570,
10191,8571,
10192,8572,
10193,8573,
10194,8574,
10195,8575,
10196,8576,
10197,8577,
10198,8578,
10199,8579,
10200,8580,
10201,8581,
10202,8582,
10203,8583,
10204,8584,
10205,8585,
10206,8586,
10207,8587,
10208,8588,
10209,8589,
10210,8590,
10213,8591,
10214,8592,
10216,8593,
10218,8594,
10219,8595,
10224,8596,
10225,8597,
10226,8598,
10229,8599,
10230,8600,
10233,8601,
10235,8602,
10237,8603,
10238,8604,
10239,8605,
10240,8606,
10243,8607,
10244,8608,
10245,8609,
10246,8610,
10247,8611,
10248,8612,
10249,8613,
10251,8614,
10253,8615,
10254,8616,
10256,8617,
10257,8618,
10258,8619,
10259,8620,
10260,8621,
10262,8622,
10263,8623,
10264,8624,
10266,8625,
10267,8626,
10268,8627,
10271,8628,
10274,8629,
10275,8630,
10276,8631,
10277,8632,
10278,8633,
10280,8634,
10281,8635,
10282,8636,
10283,8637,
10286,8638,
10287,8639,
10288,8640,
10289,8641,
10291,8642,
10292,8643,
10293,8644,
10295,8645,
10296,8646,
10297,8647,
10298,8648,
10301,8649,
10302,8650,
10303,8651,
10304,8652,
10305,8653,
10306,8654,
10307,8655,
10308,8656,
10310,8657,
10311,8658,
10312,8659,
10313,8660,
10314,8661,
10315,8662,
10316,8663,
10317,8664,
10318,8665,
10320,8666,
10322,8667,
10323,8668,
10324,8669,
10325,8670,
10327,8671,
10329,8672,
10332,8673,
10333,8674,
10334,8675,
10335,8676,
10336,8677,
10337,8678,
10338,8679,
10339,8680,
10340,8681,
10342,8682,
10343,8683,
10345,8684,
10347,8685,
10348,8686,
10349,8687,
10350,8688,
10351,8689,
10352,8690,
10353,8691,
10356,8692,
10357,8693,
10358,8694,
10359,8695,
10360,8696,
10365,8697,
10366,8698,
10367,8699,
10369,8700,
10370,8701,
10372,8702,
10373,8703,
10374,8704,
10375,8705,
10377,8706,
10378,8707,
10379,8708,
10380,8709,
10381,8710,
10382,8711,
10383,8712,
10384,8713,
10386,8714,
10387,8715,
10390,8716,
10391,8717,
10393,8718,
10394,8719,
10395,8720,
10396,8721,
10397,8722,
10399,8723,
10400,8724,
10401,8725,
10402,8726,
10403,8727,
10405,8728,
10406,8729,
10407,8730,
10409,8731,
10410,8732,
10413,8733,
10414,8734,
10415,8735,
10416,8736,
10417,8737,
10418,8738,
10419,8739,
10420,8740,
10421,8741,
10422,8742,
10423,8743,
10425,8744,
10426,8745,
10428,8746,
10429,8747,
10432,8748,
10433,8749,
10434,8750,
10436,8751,
10437,8752,
10438,8753,
10439,8754,
10440,8755,
10441,8756,
10442,8757,
10443,8758,
10444,8759,
10446,8760,
10447,8761,
10449,8762,
10450,8763,
10451,8764,
10452,8765,
10453,8766,
10454,8767,
10455,8768,
10456,8769,
10457,8770,
10458,8771,
10459,8772,
10460,8773,
10461,8774,
10464,8775,
10465,8776,
10466,8777,
10467,8778,
10468,8779,
10469,8780,
10470,8781,
10471,8782,
10472,8783,
10473,8784,
10475,8785,
10476,8786,
10477,8787,
10479,8788,
10483,8789,
10484,8790,
10486,8791,
10487,8792,
10488,8793,
10489,8794,
10490,8795,
10491,8796,
10493,8797,
10494,8798,
10495,8799,
10496,8800,
10497,8801,
10498,8802,
10499,8803,
10500,8804,
10501,8805,
10502,8806,
10503,8807,
10504,8808,
10505,8809,
10506,8810,
10507,8811,
10508,8812,
10509,8813,
10513,8814,
10514,8815,
10515,8816,
10516,8817,
10517,8818,
10518,8819,
10519,8820,
10520,8821,
10523,8822,
10524,8823,
10525,8824,
10528,8825,
10529,8826,
10530,8827,
10532,8828,
10533,8829,
10535,8830,
10536,8831,
10537,8832,
10538,8833,
10539,8834,
10540,8835,
10541,8836,
10542,8837,
10543,8838,
10544,8839,
10545,8840,
10546,8841,
10547,8842,
10548,8843,
10549,8844,
10550,8845,
10551,8846,
10553,8847,
10554,8848,
10557,8849,
10558,8850,
10559,8851,
10560,8852,
10563,8853,
10564,8854,
10565,8855,
10566,8856,
10567,8857,
10572,8858,
10574,8859,
10576,8860,
10577,8861,
10581,8862,
10583,8863,
10585,8864,
10586,8865,
10587,8866,
10588,8867,
10589,8868,
10590,8869,
10591,8870,
10592,8871,
10593,8872,
10596,8873,
10597,8874,
10598,8875,
10599,8876,
10600,8877,
10601,8878,
10607,8879,
10608,8880,
10611,8881,
10612,8882,
10613,8883,
10614,8884,
10615,8885,
10616,8886,
10617,8887,
10618,8888,
10619,8889,
10620,8890,
10621,8891,
10622,8892,
10623,8893,
10625,8894,
10626,8895,
10627,8896,
10629,8897,
10630,8898,
10631,8899,
10632,8900,
10633,8901,
10634,8902,
10636,8903,
10637,8904,
10638,8905,
10640,8906,
10642,8907,
10643,8908,
10644,8909,
10645,8910,
10646,8911,
10647,8912,
10648,8913,
10649,8914,
10651,8915,
10652,8916,
10653,8917,
10654,8918,
10655,8919,
10656,8920,
10657,8921,
10659,8922,
10660,8923,
10661,8924,
10662,8925,
10663,8926,
10664,8927,
10665,8928,
10666,8929,
10667,8930,
10668,8931,
10669,8932,
10670,8933,
10671,8934,
10672,8935,
10673,8936,
10674,8937,
10675,8938,
10676,8939,
10677,8940,
10678,8941,
10679,8942,
10680,8943,
10682,8944,
10683,8945,
10684,8946,
10686,8947,
10687,8948,
10688,8949,
10689,8950,
10690,8951,
10692,8952,
10693,8953,
10695,8954,
10696,8955,
10697,8956,
10699,8957,
10700,8958,
10701,8959,
10702,8960,
10703,8961,
10704,8962,
10705,8963,
10707,8964,
10708,8965,
10709,8966,
10710,8967,
10711,8968,
10712,8969,
10713,8970,
10714,8971,
10715,8972,
10716,8973,
10717,8974,
10718,8975,
10719,8976,
10720,8977,
10721,8978,
10722,8979,
10723,8980,
10724,8981,
10725,8982,
10727,8983,
10728,8984,
10729,8985,
10730,8986,
10731,8987,
10733,8988,
10734,8989,
10735,8990,
10736,8991,
10737,8992,
10738,8993,
10739,8994,
10740,8995,
10741,8996,
10743,8997,
10745,8998,
10746,8999,
10747,9000,
10748,9001,
10749,9002,
10750,9003,
10751,9004,
10752,9005,
10753,9006,
10754,9007,
10755,9008,
10756,9009,
10757,9010,
10758,9011,
10759,9012,
10760,9013,
10761,9014,
10762,9015,
10763,9016,
10764,9017,
10765,9018,
10766,9019,
10767,9020,
10770,9021,
10771,9022,
10772,9023,
10773,9024,
10774,9025,
10775,9026,
10777,9027,
10778,9028,
10779,9029,
10780,9030,
10783,9031,
10784,9032,
10785,9033,
10786,9034,
10787,9035,
10788,9036,
10789,9037,
10790,9038,
10791,9039,
10792,9040,
10793,9041,
10794,9042,
10795,9043,
10796,9044,
10798,9045,
10799,9046,
10801,9047,
10802,9048,
10803,9049,
10804,9050,
10805,9051,
10806,9052,
10807,9053,
10808,9054,
10809,9055,
10810,9056,
10811,9057,
10812,9058,
10813,9059,
10814,9060,
10815,9061,
10816,9062,
10817,9063,
10818,9064,
10819,9065,
10820,9066,
10821,9067,
10822,9068,
10823,9069,
10824,9070,
10826,9071,
10827,9072,
10829,9073,
10830,9074,
10831,9075,
10832,9076,
10833,9077,
10835,9078,
10836,9079,
10837,9080,
10838,9081,
10839,9082,
10841,9083,
10843,9084,
10844,9085,
10846,9086,
10847,9087,
10849,9088,
10850,9089,
10851,9090,
10852,9091,
10853,9092,
10854,9093,
10856,9094,
10857,9095,
10858,9096,
10859,9097,
10860,9098,
10861,9099,
10863,9100,
10864,9101,
10866,9102,
10871,9103,
10873,9104,
10874,9105,
10875,9106,
10876,9107,
10877,9108,
10878,9109,
10879,9110,
10881,9111,
10882,9112,
10883,9113,
10884,9114,
10887,9115,
10889,9116,
10891,9117,
10892,9118,
10893,9119,
10894,9120,
10895,9121,
10896,9122,
10897,9123,
10899,9124,
10900,9125,
10901,9126,
10902,9127,
10903,9128,
10905,9129,
10906,9130,
10907,9131,
10908,9132,
10909,9133,
10910,9134,
10911,9135,
10913,9136,
10914,9137,
10915,9138,
10917,9139,
10918,9140,
10920,9141,
10921,9142,
10923,9143,
10924,9144,
10925,9145,
10927,9146,
10928,9147,
10929,9148,
10930,9149,
10931,9150,
10932,9151,
10933,9152,
10934,9153,
10935,9154,
10936,9155,
10937,9156,
10938,9157,
10940,9158,
10941,9159,
10942,9160,
10943,9161,
10944,9162,
10945,9163,
10946,9164,
10947,9165,
10949,9166,
10950,9167,
10951,9168,
10953,9169,
10954,9170,
10956,9171,
10957,9172,
10959,9173,
10961,9174,
10962,9175,
10965,9176,
10966,9177,
10967,9178,
10969,9179,
10970,9180,
10971,9181,
10972,9182,
10973,9183,
10974,9184,
10976,9185,
10977,9186,
10978,9187,
10979,9188,
10980,9189,
10981,9190,
10982,9191,
10983,9192,
10985,9193,
10986,9194,
10987,9195,
10988,9196,
10989,9197,
10990,9198,
10991,9199,
10992,9200,
10993,9201,
10994,9202,
10995,9203,
10996,9204,
10997,9205,
10999,9206,
11000,9207,
11001,9208,
11002,9209,
11003,9210,
11004,9211,
11005,9212,
11006,9213,
11007,9214,
11008,9215,
11009,9216,
11012,9217,
11013,9218,
11014,9219,
11015,9220,
11017,9221,
11018,9222,
11019,9223,
11020,9224,
11021,9225,
11022,9226,
11023,9227,
11024,9228,
11025,9229,
11026,9230,
11030,9231,
11031,9232,
11032,9233,
11033,9234,
11036,9235,
11037,9236,
11038,9237,
11040,9238,
11041,9239,
11042,9240,
11043,9241,
11044,9242,
11046,9243,
11048,9244,
11049,9245,
11050,9246,
11051,9247,
11052,9248,
11053,9249,
11054,9250,
11057,9251,
11058,9252,
11059,9253,
11061,9254,
11062,9255,
11063,9256,
11064,9257,
11065,9258,
11067,9259,
11068,9260,
11069,9261,
11070,9262,
11074,9263,
11075,9264,
11077,9265,
11078,9266,
11080,9267,
11081,9268,
11084,9269,
11085,9270,
11086,9271,
11087,9272,
11088,9273,
11089,9274,
11090,9275,
11093,9276,
11094,9277,
11095,9278,
11096,9279,
11097,9280,
11099,9281,
11100,9282,
11101,9283,
11102,9284,
11103,9285,
11105,9286,
11107,9287,
11110,9288,
11111,9289,
11112,9290,
11113,9291,
11114,9292,
11116,9293,
11117,9294,
11119,9295,
11123,9296,
11125,9297,
11126,9298,
11127,9299,
11128,9300,
11129,9301,
11130,9302,
11131,9303,
11132,9304,
11133,9305,
11134,9306,
11135,9307,
11136,9308,
11137,9309,
11138,9310,
11140,9311,
11141,9312,
11142,9313,
11143,9314,
11144,9315,
11145,9316,
11147,9317,
11148,9318,
11149,9319,
11150,9320,
11152,9321,
11153,9322,
11154,9323,
11156,9324,
11157,9325,
11159,9326,
11161,9327,
11162,9328,
11163,9329,
11164,9330,
11165,9331,
11166,9332,
11167,9333,
11169,9334,
11172,9335,
11173,9336,
11174,9337,
11176,9338,
11177,9339,
11178,9340,
11181,9341,
11182,9342,
11183,9343,
11185,9344,
11187,9345,
11189,9346,
11190,9347,
11191,9348,
11192,9349,
11194,9350,
11195,9351,
11196,9352,
11197,9353,
11199,9354,
11200,9355,
11201,9356,
11202,9357,
11203,9358,
11205,9359,
11206,9360,
11207,9361,
11210,9362,
11211,9363,
11215,9364,
11216,9365,
11218,9366,
11219,9367,
11220,9368,
11221,9369,
11222,9370,
11223,9371,
11224,9372,
11225,9373,
11226,9374,
11227,9375,
11228,9376,
11229,9377,
11230,9378,
11231,9379,
11233,9380,
11234,9381,
11235,9382,
11236,9383,
11237,9384,
11238,9385,
11239,9386,
11240,9387,
11241,9388,
11244,9389,
11246,9390,
11247,9391,
11249,9392,
11250,9393,
11251,9394,
11252,9395,
11253,9396,
11255,9397,
11257,9398,
11259,9399,
11262,9400,
11263,9401,
11264,9402,
11265,9403,
11266,9404,
11268,9405,
11270,9406,
11271,9407,
11273,9408,
11274,9409,
11275,9410,
11277,9411,
11278,9412,
11279,9413,
11280,9414,
11281,9415,
11282,9416,
11283,9417,
11285,9418,
11286,9419,
11288,9420,
11289,9421,
11291,9422,
11293,9423,
11294,9424,
11295,9425,
11296,9426,
11297,9427,
11298,9428,
11299,9429,
11300,9430,
11301,9431,
11302,9432,
11303,9433,
11304,9434,
11305,9435,
11307,9436,
11308,9437,
11309,9438,
11311,9439,
11312,9440,
11313,9441,
11316,9442,
11317,9443,
11318,9444,
11319,9445,
11320,9446,
11321,9447,
11322,9448,
11323,9449,
11324,9450,
11325,9451,
11326,9452,
11327,9453,
11329,9454,
11330,9455,
11331,9456,
11332,9457,
11333,9458,
11334,9459,
11335,9460,
11336,9461,
11339,9462,
11340,9463,
11341,9464,
11342,9465,
11343,9466,
11345,9467,
11346,9468,
11347,9469,
11348,9470,
11349,9471,
11350,9472,
11351,9473,
11353,9474,
11354,9475,
11355,9476,
11356,9477,
11357,9478,
11358,9479,
11360,9480,
11361,9481,
11362,9482,
11363,9483,
11365,9484,
11366,9485,
11371,9486,
11374,9487,
11375,9488,
11377,9489,
11378,9490,
11379,9491,
11380,9492,
11387,9493,
11390,9494,
11394,9495,
11395,9496,
11396,9497,
11397,9498,
11398,9499,
11399,9500,
11400,9501,
11401,9502,
11406,9503,
11407,9504,
11409,9505,
11416,9506,
11417,9507,
11420,9508,
11421,9509,
11423,9510,
11424,9511,
11426,9512,
11427,9513,
11430,9514,
11431,9515,
11432,9516,
11433,9517,
11434,9518,
11435,9519,
11436,9520,
11437,9521,
11438,9522,
11439,9523,
11440,9524,
11441,9525,
11442,9526,
11443,9527,
11444,9528,
11445,9529,
11446,9530,
11447,9531,
11449,9532,
11450,9533,
11451,9534,
11454,9535,
11456,9536,
11457,9537,
11462,9538,
11465,9539,
11466,9540,
11467,9541,
11468,9542,
11470,9543,
11472,9544,
11477,9545,
11478,9546,
11479,9547,
11480,9548,
11483,9549,
11486,9550,
11487,9551,
11488,9552,
11489,9553,
11490,9554,
11491,9555,
11494,9556,
11495,9557,
11496,9558,
11497,9559,
11498,9560,
11499,9561,
11501,9562,
11503,9563,
11504,9564,
11505,9565,
11514,9566,
11515,9567,
11518,9568,
11522,9569,
11523,9570,
11524,9571,
11526,9572,
11527,9573,
11528,9574,
11529,9575,
11530,9576,
11532,9577,
11533,9578,
11535,9579,
11536,9580,
11537,9581,
11538,9582,
11539,9583,
11541,9584,
11544,9585,
11545,9586,
11546,9587,
11548,9588,
11549,9589,
11551,9590,
11553,9591,
11557,9592,
11559,9593,
11560,9594,
11561,9595,
11563,9596,
11565,9597,
11567,9598,
11568,9599,
11569,9600,
11575,9601,
11576,9602,
11577,9603,
11578,9604,
11579,9605,
11581,9606,
11582,9607,
11583,9608,
11584,9609,
11585,9610,
11586,9611,
11587,9612,
11590,9613,
11591,9614,
11592,9615,
11593,9616,
11594,9617,
11595,9618,
11596,9619,
11597,9620,
11599,9621,
11600,9622,
11601,9623,
11602,9624,
11603,9625,
11604,9626,
11605,9627,
11609,9628,
11611,9629,
11615,9630,
11616,9631,
11617,9632,
11621,9633,
11624,9634,
11625,9635,
11626,9636,
11627,9637,
11628,9638,
11629,9639,
11630,9640,
11631,9641,
11632,9642,
11633,9643,
11639,9644,
11640,9645,
11641,9646,
11642,9647,
11643,9648,
11644,9649,
11645,9650,
11648,9651,
11650,9652,
11653,9653,
11654,9654,
11655,9655,
11656,9656,
11657,9657,
11663,9658,
11665,9659,
11666,9660,
11668,9661,
11672,9662,
11676,9663,
11677,9664,
11680,9665,
11681,9666,
11682,9667,
11685,9668,
11686,9669,
11687,9670,
11689,9671,
11691,9672,
11692,9673,
11693,9674,
11694,9675,
11696,9676,
11697,9677,
11698,9678,
11699,9679,
11700,9680,
11701,9681,
11702,9682,
11703,9683,
11704,9684,
11705,9685,
11706,9686,
11707,9687,
11708,9688,
11709,9689,
11710,9690,
11711,9691,
11712,9692,
11713,9693,
11714,9694,
11715,9695,
11716,9696,
11717,9697,
11718,9698,
11720,9699,
11721,9700,
11722,9701,
11723,9702,
11724,9703,
11725,9704,
11726,9705,
11727,9706,
11728,9707,
11732,9708,
11733,9709,
11734,9710,
11736,9711,
11737,9712,
11738,9713,
11739,9714,
11740,9715,
11741,9716,
11742,9717,
11747,9718,
11748,9719,
11755,9720,
11756,9721,
11763,9722,
11764,9723,
11765,9724,
11766,9725,
11771,9726,
11772,9727,
11773,9728,
11774,9729,
11781,9730,
11783,9731,
11790,9732,
11791,9733,
11795,9734,
11798,9735,
11803,9736,
11812,9737,
11814,9738,
11816,9739,
11818,9740,
11821,9741,
11822,9742,
11823,9743,
11825,9744,
11826,9745,
11827,9746,
11829,9747,
11830,9748,
11831,9749,
11832,9750,
11849,9751,
11850,9752,
11851,9753,
11852,9754,
11854,9755,
11855,9756,
11856,9757,
11857,9758,
11858,9759,
11859,9760,
11865,9761,
11866,9762,
11870,9763,
11877,9764,
11878,9765,
11879,9766,
11880,9767,
11881,9768,
11882,9769,
11883,9770,
11884,9771,
11891,9772,
11895,9773,
11901,9774,
11904,9775,
11905,9776,
11906,9777,
11907,9778,
11908,9779,
11909,9780,
11910,9781,
11911,9782,
11919,9783,
11920,9784,
11921,9785,
11922,9786,
11924,9787,
11925,9788,
11926,9789,
11930,9790,
11931,9791,
11932,9792,
11933,9793,
11937,9794,
11938,9795,
11939,9796,
11946,9797,
11947,9798,
11956,9799,
11968,9800,
11969,9801,
11970,9802,
11971,9803,
11975,9804,
11976,9805,
11977,9806,
11981,9807,
11988,9808,
11989,9809,
12000,9810,
12001,9811,
12002,9812,
12003,9813,
12004,9814,
12005,9815,
12006,9816,
12007,9817,
12008,9818,
12009,9819,
12010,9820,
12011,9821,
12012,9822,
12013,9823,
12014,9824,
12015,9825,
12016,9826,
12017,9827,
12018,9828,
12019,9829,
12023,9830,
12024,9831,
12025,9832,
12031,9833,
12032,9834,
12033,9835,
12034,9836,
12035,9837,
12036,9838,
12038,9839,
12041,9840,
12042,9841,
12043,9842,
12044,9843,
12045,9844,
12046,9845,
12048,9846,
12051,9847,
12054,9848,
12055,9849,
12056,9850,
12057,9851,
12058,9852,
12059,9853,
12060,9854,
12069,9855,
12077,9856,
12078,9857,
12080,9858,
12081,9859,
12085,9860,
12086,9861,
12088,9862,
12089,9863,
12092,9864,
12094,9865,
12095,9866,
12096,9867,
12097,9868,
12098,9869,
12102,9870,
12103,9871,
12104,9872,
12105,9873,
12106,9874,
12107,9875,
12108,9876,
12109,9877,
12110,9878,
12111,9879,
12112,9880,
12113,9881,
12114,9882,
12115,9883,
12116,9884,
12117,9885,
12118,9886,
12122,9887,
12125,9888,
12126,9889,
12127,9890,
12128,9891,
12131,9892,
12132,9893,
12133,9894,
12134,9895,
12135,9896,
12136,9897,
12140,9898,
12141,9899,
12142,9900,
12143,9901,
12144,9902,
12147,9903,
12148,9904,
12149,9905,
12150,9906,
12151,9907,
12152,9908,
12153,9909,
12154,9910,
12155,9911,
12156,9912,
12157,9913,
12158,9914,
12159,9915,
12160,9916,
12161,9917,
12162,9918,
12164,9919,
12165,9920,
12166,9921,
12167,9922,
12168,9923,
12170,9924,
12171,9925,
12172,9926,
12173,9927,
12174,9928,
12177,9929,
12178,9930,
12179,9931,
12182,9932,
12183,9933,
12184,9934,
12186,9935,
12187,9936,
12191,9937,
12197,9938,
12198,9939,
12199,9940,
12200,9941,
12205,9942,
12206,9943,
12213,9944,
12226,9945,
12227,9946,
12230,9947,
12246,9948,
12248,9949,
12257,9950,
12258,9951,
12261,9952,
12262,9953,
12263,9954,
12283,9955,
12293,9956,
12294,9957,
12324,9958,
12325,9959,
12329,9960,
12332,9961,
12334,9962,
12337,9963,
12342,9964,
12348,9965,
12357,9966,
12358,9967,
12375,9968,
12399,9969,
12405,9970,
12412,9971,
12414,9972,
12418,9973,
12421,9974,
12422,9975,
12425,9976,
12426,9977,
12430,9978,
12439,9979,
12443,9980,
12445,9981,
12449,9982,
12451,9983,
12452,9984,
12453,9985,
12454,9986,
12458,9987,
12459,9988,
12461,9989,
12462,9990,
12466,9991,
12475,9992,
12476,9993,
12478,9994,
12479,9995,
12483,9996,
12484,9997,
12485,9998,
12486,9999,
12489,10000,
12490,10001,
12493,10002,
12495,10003,
12497,10004,
12498,10005,
12500,10006,
12502,10007,
12504,10008,
12507,10009,
12513,10010,
12514,10011,
12516,10012,
12517,10013,
12520,10014,
12523,10015,
12524,10016,
12525,10017,
12526,10018,
12527,10019,
12528,10020,
12529,10021,
12530,10022,
12531,10023,
12532,10024,
12533,10025,
12534,10026,
12535,10027,
12546,10028,
12549,10029,
12554,10030,
12558,10031,
12559,10032,
12560,10033,
12562,10034,
12563,10035,
12569,10036,
12570,10037,
12576,10038,
12585,10039,
12588,10040,
12596,10041,
12598,10042,
12607,10043,
12608,10044,
12609,10045,
12610,10046,
12629,10047,
12630,10048,
12631,10049,
12633,10050,
12634,10051,
12635,10052,
12636,10053,
12637,10054,
12638,10055,
12639,10056,
12640,10057,
12643,10058,
12645,10059,
12648,10060,
12650,10061,
12660,10062,
12661,10063,
12663,10064,
12664,10065,
12669,10066,
12671,10067,
12674,10068,
12675,10069,
12676,10070,
12677,10071,
12678,10072,
12679,10073,
12683,10074,
12685,10075,
12688,10076,
12690,10077,
12692,10078,
12702,10079,
12704,10080,
12705,10081,
12706,10082,
12707,10083,
12708,10084,
12709,10085,
12710,10086,
12711,10087,
12716,10088,
12717,10089,
12721,10090,
12722,10091,
12723,10092,
12725,10093,
12728,10094,
12730,10095,
12731,10096,
12732,10097,
12733,10098,
12735,10099,
12736,10100,
12737,10101,
12738,10102,
12739,10103,
12740,10104,
12742,10105,
12743,10106,
12744,10107,
12745,10108,
12746,10109,
12747,10110,
12749,10111,
12752,10112,
12753,10113,
12754,10114,
12755,10115,
12756,10116,
12757,10117,
12758,10118,
12763,10119,
12764,10120,
12765,10121,
12767,10122,
12768,10123,
12769,10124,
12770,10125,
12771,10126,
12774,10127,
12775,10128,
12776,10129,
12777,10130,
12779,10131,
12780,10132,
12781,10133,
12782,10134,
12783,10135,
12784,10136,
12785,10137,
12786,10138,
12787,10139,
12788,10140,
12789,10141,
12791,10142,
12792,10143,
12793,10144,
12794,10145,
12795,10146,
12796,10147,
12797,10148,
12798,10149,
12799,10150,
12800,10151,
12804,10152,
12805,10153,
12808,10154,
12810,10155,
12812,10156,
12813,10157,
12814,10158,
12817,10159,
12818,10160,
12819,10161,
12821,10162,
12822,10163,
12823,10164,
12824,10165,
12825,10166,
12826,10167,
12827,10168,
12828,10169,
12829,10170,
12830,10171,
12832,10172,
12833,10173,
12834,10174,
12836,10175,
12837,10176,
12838,10177,
12839,10178,
12841,10179,
12842,10180,
12843,10181,
12844,10182,
12845,10183,
12846,10184,
12847,10185,
12848,10186,
12849,10187,
12852,10188,
12853,10189,
12854,10190,
12855,10191,
12856,10192,
12857,10193,
12858,10194,
12859,10195,
12860,10196,
12861,10197,
12862,10198,
12863,10199,
12865,10200,
12866,10201,
12867,10202,
12868,10203,
12869,10204,
12871,10205,
12872,10206,
12873,10207,
12874,10208,
12876,10209,
12877,10210,
12878,10211,
12879,10212,
12880,10213,
12881,10214,
12882,10215,
12883,10216,
12884,10217,
12885,10218,
12886,10219,
12887,10220,
12888,10221,
12889,10222,
12890,10223,
12892,10224,
12893,10225,
12894,10226,
12895,10227,
12896,10228,
12897,10229,
12898,10230,
12899,10231,
12900,10232,
12901,10233,
12902,10234,
12903,10235,
12904,10236,
12905,10237,
12906,10238,
12907,10239,
12908,10240,
12909,10241,
12910,10242,
12911,10243,
12912,10244,
12913,10245,
12914,10246,
12915,10247,
12916,10248,
12917,10249,
12918,10250,
12919,10251,
12920,10252,
12921,10253,
12922,10254,
12923,10255,
12924,10256,
12925,10257,
12926,10258,
12927,10259,
12928,10260,
12929,10261,
12930,10262,
12931,10263,
12932,10264,
12933,10265,
12934,10266,
12935,10267,
12936,10268,
12938,10269,
12939,10270,
12940,10271,
12941,10272,
12942,10273,
12943,10274,
12944,10275,
12945,10276,
12946,10277,
12947,10278,
12950,10279,
12951,10280,
12952,10281,
12953,10282,
12954,10283,
12955,10284,
12956,10285,
12957,10286,
12958,10287,
12959,10288,
12960,10289,
12961,10290,
12962,10291,
12963,10292,
12964,10293,
12965,10294,
12966,10295,
12967,10296,
12969,10297,
12970,10298,
12971,10299,
12972,10300,
12973,10301,
12974,10302,
12975,10303,
12976,10304,
12977,10305,
12978,10306,
12979,10307,
12981,10308,
12982,10309,
12983,10310,
12984,10311,
12985,10312,
12986,10313,
12987,10314,
12988,10315,
12989,10316,
12990,10317,
12993,10318,
12994,10319,
12995,10320,
12996,10321,
12997,10322,
12998,10323,
12999,10324,
13000,10325,
13001,10326,
13002,10327,
13003,10328,
13004,10329,
13005,10330,
13006,10331,
13007,10332,
13008,10333,
13009,10334,
13010,10335,
13011,10336,
13012,10337,
13013,10338,
13014,10339,
13015,10340,
13016,10341,
13017,10342,
13018,10343,
13019,10344,
13020,10345,
13022,10346,
13023,10347,
13024,10348,
13025,10349,
13026,10350,
13027,10351,
13028,10352,
13029,10353,
13030,10354,
13031,10355,
13032,10356,
13033,10357,
13034,10358,
13035,10359,
13036,10360,
13037,10361,
13038,10362,
13039,10363,
13040,10364,
13041,10365,
13042,10366,
13043,10367,
13044,10368,
13045,10369,
13046,10370,
13048,10371,
13049,10372,
13050,10373,
13051,10374,
13052,10375,
13053,10376,
13054,10377,
13055,10378,
13056,10379,
13057,10380,
13058,10381,
13059,10382,
13060,10383,
13061,10384,
13062,10385,
13063,10386,
13064,10387,
13065,10388,
13066,10389,
13067,10390,
13068,10391,
13069,10392,
13070,10393,
13071,10394,
13073,10395,
13074,10396,
13076,10397,
13077,10398,
13079,10399,
13080,10400,
13081,10401,
13082,10402,
13083,10403,
13084,10404,
13085,10405,
13086,10406,
13087,10407,
13088,10408,
13089,10409,
13092,10410,
13093,10411,
13094,10412,
13096,10413,
13097,10414,
13099,10415,
13100,10416,
13101,10417,
13102,10418,
13103,10419,
13104,10420,
13105,10421,
13106,10422,
13107,10423,
13108,10424,
13109,10425,
13110,10426,
13111,10427,
13112,10428,
13113,10429,
13114,10430,
13115,10431,
13116,10432,
13117,10433,
13118,10434,
13119,10435,
13120,10436,
13121,10437,
13122,10438,
13123,10439,
13124,10440,
13125,10441,
13126,10442,
13127,10443,
13128,10444,
13129,10445,
13131,10446,
13132,10447,
13134,10448,
13138,10449,
13139,10450,
13140,10451,
13141,10452,
13146,10453,
13147,10454,
13148,10455,
13151,10456,
13152,10457,
13154,10458,
13155,10459,
13156,10460,
13157,10461,
13158,10462,
13159,10463,
13160,10464,
13161,10465,
13162,10466,
13163,10467,
13164,10468,
13165,10469,
13167,10470,
13172,10471,
13173,10472,
13174,10473,
13175,10474,
13176,10475,
13177,10476,
13179,10477,
13180,10478,
13181,10479,
13182,10480,
13183,10481,
13184,10482,
13185,10483,
13186,10484,
13187,10485,
13191,10486,
13193,10487,
13194,10488,
13197,10489,
13198,10490,
13200,10491,
13203,10492,
13204,10493,
13205,10494,
13206,10495,
13207,10496,
13208,10497,
13209,10498,
13210,10499,
13211,10500,
13212,10501,
13213,10502,
13214,10503,
13215,10504,
13216,10505,
13217,10506,
13218,10507,
13219,10508,
13220,10509,
13221,10510,
13222,10511,
13225,10512,
13226,10513,
13227,10514,
13228,10515,
13230,10516,
13231,10517,
13232,10518,
13233,10519,
13234,10520,
13235,10521,
13236,10522,
13237,10523,
13238,10524,
13239,10525,
13241,10526,
13242,10527,
13244,10528,
13245,10529,
13247,10530,
13248,10531,
13250,10532,
13251,10533,
13252,10534,
13253,10535,
13254,10536,
13255,10537,
13256,10538,
13257,10539,
13258,10540,
13260,10541,
13261,10542,
13262,10543,
13263,10544,
13264,10545,
13266,10546,
13267,10547,
13268,10548,
13269,10549,
13270,10550,
13271,10551,
13272,10552,
13273,10553,
13274,10554,
13275,10555,
13276,10556,
13277,10557,
13278,10558,
13279,10559,
13280,10560,
13281,10561,
13283,10562,
13284,10563,
13286,10564,
13287,10565,
13288,10566,
13289,10567,
13290,10568,
13291,10569,
13292,10570,
13293,10571,
13294,10572,
13295,10573,
13296,10574,
13297,10575,
13298,10576,
13299,10577,
13300,10578,
13301,10579,
13302,10580,
13303,10581,
13304,10582,
13305,10583,
13306,10584,
13309,10585,
13310,10586,
13311,10587,
13312,10588,
13313,10589,
13314,10590,
13316,10591,
13317,10592,
13319,10593,
13320,10594,
13321,10595,
13322,10596,
13323,10597,
13324,10598,
13325,10599,
13326,10600,
13327,10601,
13328,10602,
13329,10603,
13330,10604,
13331,10605,
13332,10606,
13333,10607,
13334,10608,
13335,10609,
13336,10610,
13337,10611,
13338,10612,
13339,10613,
13340,10614,
13341,10615,
13342,10616,
13344,10617,
13347,10618,
13348,10619,
13349,10620,
13350,10621,
13351,10622,
13352,10623,
13354,10624,
13355,10625,
13356,10626,
13357,10627,
13358,10628,
13359,10629,
13360,10630,
13361,10631,
13362,10632,
13363,10633,
13365,10634,
13366,10635,
13367,10636,
13368,10637,
13369,10638,
13370,10639,
13371,10640,
13372,10641,
13373,10642,
13376,10643,
13377,10644,
13378,10645,
13381,10646,
13382,10647,
13383,10648,
13384,10649,
13385,10650,
13387,10651,
13388,10652,
13389,10653,
13391,10654,
13392,10655,
13393,10656,
13394,10657,
13397,10658,
13398,10659,
13400,10660,
13401,10661,
13402,10662,
13403,10663,
13404,10664,
13405,10665,
13406,10666,
13407,10667,
13408,10668,
13410,10669,
13411,10670,
13412,10671,
13413,10672,
13414,10673,
13415,10674,
13416,10675,
13417,10676,
13418,10677,
13420,10678,
13421,10679,
13422,10680,
13423,10681,
13424,10682,
13425,10683,
13426,10684,
13427,10685,
13428,10686,
13429,10687,
13430,10688,
13431,10689,
13432,10690,
13433,10691,
13434,10692,
13435,10693,
13436,10694,
13437,10695,
13438,10696,
13439,10697,
13440,10698,
13441,10699,
13442,10700,
13443,10701,
13444,10702,
13445,10703,
13447,10704,
13448,10705,
13449,10706,
13450,10707,
13452,10708,
13453,10709,
13454,10710,
13455,10711,
13456,10712,
13457,10713,
13458,10714,
13459,10715,
13460,10716,
13462,10717,
13463,10718,
13464,10719,
13465,10720,
13466,10721,
13467,10722,
13468,10723,
13469,10724,
13470,10725,
13471,10726,
13472,10727,
13474,10728,
13475,10729,
13476,10730,
13478,10731,
13479,10732,
13480,10733,
13481,10734,
13482,10735,
13483,10736,
13484,10737,
13487,10738,
13488,10739,
13489,10740,
13490,10741,
13491,10742,
13492,10743,
13493,10744,
13495,10745,
13499,10746,
13500,10747,
13501,10748,
13502,10749,
13503,10750,
13504,10751,
13505,10752,
13506,10753,
13507,10754,
13508,10755,
13510,10756,
13511,10757,
13512,10758,
13513,10759,
13514,10760,
13516,10761,
13518,10762,
13519,10763,
13520,10764,
13521,10765,
13522,10766,
13523,10767,
13524,10768,
13526,10769,
13527,10770,
13528,10771,
13529,10772,
13530,10773,
13531,10774,
13532,10775,
13533,10776,
13534,10777,
13535,10778,
13536,10779,
13537,10780,
13538,10781,
13539,10782,
13540,10783,
13541,10784,
13542,10785,
13545,10786,
13546,10787,
13547,10788,
13549,10789,
13550,10790,
13554,10791,
13555,10792,
13556,10793,
13557,10794,
13558,10795,
13559,10796,
13560,10797,
13562,10798,
13563,10799,
13564,10800,
13565,10801,
13566,10802,
13567,10803,
13568,10804,
13569,10805,
13570,10806,
13571,10807,
13572,10808,
13573,10809,
13574,10810,
13575,10811,
13576,10812,
13577,10813,
13578,10814,
13579,10815,
13580,10816,
13581,10817,
13582,10818,
13583,10819,
13585,10820,
13586,10821,
13587,10822,
13588,10823,
13589,10824,
13590,10825,
13591,10826,
13592,10827,
13594,10828,
13595,10829,
13596,10830,
13597,10831,
13598,10832,
13599,10833,
13601,10834,
13603,10835,
13604,10836,
13606,10837,
13607,10838,
13608,10839,
13609,10840,
13610,10841,
13611,10842,
13612,10843,
13613,10844,
13616,10845,
13617,10846,
13618,10847,
13619,10848,
13620,10849,
13621,10850,
13622,10851,
13623,10852,
13624,10853,
13625,10854,
13626,10855,
13627,10856,
13628,10857,
13629,10858,
13630,10859,
13632,10860,
13633,10861,
13634,10862,
13635,10863,
13636,10864,
13637,10865,
13638,10866,
13639,10867,
13640,10868,
13641,10869,
13642,10870,
13643,10871,
13644,10872,
13645,10873,
13646,10874,
13647,10875,
13648,10876,
13650,10877,
13651,10878,
13652,10879,
13653,10880,
13654,10881,
13655,10882,
13656,10883,
13657,10884,
13658,10885,
13659,10886,
13661,10887,
13662,10888,
13663,10889,
13664,10890,
13665,10891,
13666,10892,
13667,10893,
13668,10894,
13669,10895,
13670,10896,
13671,10897,
13675,10898,
13676,10899,
13677,10900,
13680,10901,
13681,10902,
13682,10903,
13683,10904,
13686,10905,
13687,10906,
13688,10907,
13689,10908,
13691,10909,
13692,10910,
13693,10911,
13694,10912,
13697,10913,
13699,10914,
13700,10915,
13701,10916,
13702,10917,
13703,10918,
13704,10919,
13705,10920,
13706,10921,
13709,10922,
13710,10923,
13711,10924,
13712,10925,
13713,10926,
13714,10927,
13715,10928,
13716,10929,
13717,10930,
13718,10931,
13719,10932,
13720,10933,
13721,10934,
13722,10935,
13724,10936,
13726,10937,
13727,10938,
13728,10939,
13729,10940,
13730,10941,
13731,10942,
13733,10943,
13735,10944,
13739,10945,
13740,10946,
13741,10947,
13742,10948,
13743,10949,
13744,10950,
13748,10951,
13749,10952,
13750,10953,
13751,10954,
13752,10955,
13753,10956,
13754,10957,
13755,10958,
13757,10959,
13761,10960,
13762,10961,
13763,10962,
13766,10963,
13767,10964,
13768,10965,
13771,10966,
13773,10967,
13774,10968,
13775,10969,
13776,10970,
13777,10971,
13778,10972,
13779,10973,
13780,10974,
13781,10975,
13782,10976,
13784,10977,
13785,10978,
13786,10979,
13788,10980,
13789,10981,
13790,10982,
13791,10983,
13792,10984,
13793,10985,
13795,10986,
13797,10987,
13798,10988,
13799,10989,
13800,10990,
13801,10991,
13802,10992,
13803,10993,
13804,10994,
13805,10995,
13807,10996,
13808,10997,
13809,10998,
13810,10999,
13811,11000,
13812,11001,
13814,11002,
13815,11003,
13816,11004,
13817,11005,
13818,11006,
13819,11007,
13820,11008,
13821,11009,
13822,11010,
13823,11011,
13824,11012,
13827,11013,
13828,11014,
13830,11015,
13831,11016,
13832,11017,
13833,11018,
13834,11019,
13835,11020,
13836,11021,
13838,11022,
13840,11023,
13841,11024,
13842,11025,
13843,11026,
13844,11027,
13846,11028,
13847,11029,
13848,11030,
13849,11031,
13850,11032,
13851,11033,
13852,11034,
13853,11035,
13854,11036,
13855,11037,
13856,11038,
13857,11039,
13858,11040,
13859,11041,
13860,11042,
13861,11043,
13862,11044,
13863,11045,
13864,11046,
13865,11047,
13866,11048,
13868,11049,
13869,11050,
13870,11051,
13871,11052,
13872,11053,
13873,11054,
13874,11055,
13875,11056,
13876,11057,
13877,11058,
13878,11059,
13879,11060,
13880,11061,
13881,11062,
13882,11063,
13884,11064,
13885,11065,
13886,11066,
13887,11067,
13888,11068,
13889,11069,
13890,11070,
13891,11071,
13892,11072,
13893,11073,
13894,11074,
13895,11075,
13896,11076,
13897,11077,
13898,11078,
13899,11079,
13900,11080,
13901,11081,
13902,11082,
13903,11083,
13904,11084,
13905,11085,
13906,11086,
13907,11087,
13908,11088,
13909,11089,
13910,11090,
13911,11091,
13912,11092,
13913,11093,
13914,11094,
13916,11095,
13917,11096,
13918,11097,
13920,11098,
13921,11099,
13922,11100,
13923,11101,
13924,11102,
13925,11103,
13927,11104,
13928,11105,
13929,11106,
13930,11107,
13931,11108,
13932,11109,
13933,11110,
13934,11111,
13935,11112,
13937,11113,
13938,11114,
13939,11115,
13940,11116,
13941,11117,
13942,11118,
13944,11119,
13945,11120,
13946,11121,
13947,11122,
13948,11123,
13949,11124,
13950,11125,
13951,11126,
13952,11127,
13953,11128,
13954,11129,
13955,11130,
13956,11131,
13957,11132,
13958,11133,
13959,11134,
13960,11135,
13961,11136,
13962,11137,
13963,11138,
13964,11139,
13965,11140,
13966,11141,
13967,11142,
13968,11143,
13969,11144,
13970,11145,
13971,11146,
13972,11147,
13973,11148,
13975,11149,
13976,11150,
13977,11151,
13978,11152,
13979,11153,
13980,11154,
13981,11155,
13982,11156,
13983,11157,
13984,11158,
13985,11159,
13986,11160,
13987,11161,
13988,11162,
13989,11163,
13990,11164,
13991,11165,
13992,11166,
13993,11167,
13994,11168,
13995,11169,
13996,11170,
13997,11171,
13998,11172,
13999,11173,
14000,11174,
14001,11175,
14002,11176,
14003,11177,
14004,11178,
14005,11179,
14006,11180,
14007,11181,
14008,11182,
14009,11183,
14010,11184,
14011,11185,
14012,11186,
14013,11187,
14014,11188,
14016,11189,
14017,11190,
14018,11191,
14019,11192,
14020,11193,
14021,11194,
14023,11195,
14024,11196,
14025,11197,
14026,11198,
14029,11199,
14030,11200,
14031,11201,
14032,11202,
14033,11203,
14034,11204,
14035,11205,
14037,11206,
14039,11207,
14040,11208,
14041,11209,
14042,11210,
14045,11211,
14046,11212,
14047,11213,
14048,11214,
14049,11215,
14050,11216,
14051,11217,
14052,11218,
14053,11219,
14054,11220,
14055,11221,
14056,11222,
14057,11223,
14058,11224,
14059,11225,
14060,11226,
14061,11227,
14062,11228,
14063,11229,
14064,11230,
14065,11231,
14066,11232,
14067,11233,
14068,11234,
14069,11235,
14070,11236,
14071,11237,
14073,11238,
14074,11239,
14075,11240,
14076,11241,
14078,11242,
14079,11243,
14080,11244,
14081,11245,
14082,11246,
14083,11247,
14084,11248,
14085,11249,
14086,11250,
14087,11251,
14088,11252,
14089,11253,
14090,11254,
14091,11255,
14092,11256,
14093,11257,
14094,11258,
14095,11259,
14096,11260,
14097,11261,
14098,11262,
14099,11263,
14100,11264,
14102,11265,
14104,11266,
14106,11267,
14108,11268,
14109,11269,
14110,11270,
14111,11271,
14112,11272,
14114,11273,
14115,11274,
14116,11275,
14118,11276,
14119,11277,
14121,11278,
14122,11279,
14123,11280,
14124,11281,
14126,11282,
14128,11283,
14129,11284,
14130,11285,
14131,11286,
14133,11287,
14134,11288,
14137,11289,
14138,11290,
14139,11291,
14140,11292,
14142,11293,
14145,11294,
14146,11295,
14147,11296,
14149,11297,
14150,11298,
14151,11299,
14152,11300,
14153,11301,
14155,11302,
14157,11303,
14159,11304,
14160,11305,
14161,11306,
14162,11307,
14163,11308,
14165,11309,
14167,11310,
14168,11311,
14169,11312,
14171,11313,
14172,11314,
14174,11315,
14177,11316,
14178,11317,
14179,11318,
14180,11319,
14181,11320,
14183,11321,
14184,11322,
14185,11323,
14186,11324,
14187,11325,
14188,11326,
14189,11327,
14192,11328,
14193,11329,
14194,11330,
14195,11331,
14197,11332,
14198,11333,
14199,11334,
14201,11335,
14203,11336,
14207,11337,
14208,11338,
14209,11339,
14211,11340,
14213,11341,
14214,11342,
14216,11343,
14217,11344,
14218,11345,
14219,11346,
14220,11347,
14221,11348,
14222,11349,
14223,11350,
14224,11351,
14226,11352,
14227,11353,
14229,11354,
14230,11355,
14231,11356,
14232,11357,
14234,11358,
14236,11359,
14237,11360,
14238,11361,
14239,11362,
14240,11363,
14241,11364,
14243,11365,
14245,11366,
14246,11367,
14247,11368,
14248,11369,
14249,11370,
14250,11371,
14252,11372,
14253,11373,
14254,11374,
14255,11375,
14256,11376,
14257,11377,
14258,11378,
14261,11379,
14262,11380,
14263,11381,
14264,11382,
14266,11383,
14268,11384,
14272,11385,
14274,11386,
14275,11387,
14278,11388,
14279,11389,
14280,11390,
14281,11391,
14282,11392,
14283,11393,
14284,11394,
14285,11395,
14286,11396,
14287,11397,
14288,11398,
14289,11399,
14290,11400,
14291,11401,
14292,11402,
14293,11403,
14294,11404,
14295,11405,
14296,11406,
14297,11407,
14298,11408,
14299,11409,
14300,11410,
14301,11411,
14302,11412,
14303,11413,
14304,11414,
14305,11415,
14306,11416,
14307,11417,
14309,11418,
14310,11419,
14311,11420,
14313,11421,
14314,11422,
14315,11423,
14316,11424,
14317,11425,
14318,11426,
14319,11427,
14320,11428,
14322,11429,
14324,11430,
14325,11431,
14326,11432,
14327,11433,
14328,11434,
14329,11435,
14331,11436,
14332,11437,
14333,11438,
14334,11439,
14335,11440,
14336,11441,
14337,11442,
14338,11443,
14339,11444,
14340,11445,
14341,11446,
14342,11447,
14343,11448,
14344,11449,
14345,11450,
14346,11451,
14347,11452,
14348,11453,
14349,11454,
14351,11455,
14352,11456,
14353,11457,
14354,11458,
14355,11459,
14356,11460,
14357,11461,
14360,11462,
14361,11463,
14363,11464,
14364,11465,
14365,11466,
14366,11467,
14367,11468,
14368,11469,
14369,11470,
14370,11471,
14371,11472,
14372,11473,
14373,11474,
14374,11475,
14375,11476,
14376,11477,
14377,11478,
14378,11479,
14379,11480,
14380,11481,
14381,11482,
14382,11483,
14383,11484,
14384,11485,
14385,11486,
14386,11487,
14387,11488,
14388,11489,
14389,11490,
14390,11491,
14391,11492,
14392,11493,
14393,11494,
14394,11495,
14395,11496,
14396,11497,
14397,11498,
14398,11499,
14399,11500,
14400,11501,
14401,11502,
14402,11503,
14403,11504,
14404,11505,
14405,11506,
14406,11507,
14407,11508,
14408,11509,
14409,11510,
14410,11511,
14411,11512,
14413,11513,
14414,11514,
14418,11515,
14419,11516,
14422,11517,
14423,11518,
14425,11519,
14426,11520,
14427,11521,
14428,11522,
14430,11523,
14431,11524,
14432,11525,
14435,11526,
14436,11527,
14437,11528,
14438,11529,
14439,11530,
14440,11531,
14441,11532,
14443,11533,
14444,11534,
14445,11535,
14446,11536,
14447,11537,
14448,11538,
14449,11539,
14450,11540,
14452,11541,
14453,11542,
14454,11543,
14455,11544,
14456,11545,
14457,11546,
14459,11547,
14460,11548,
14461,11549,
14462,11550,
14463,11551,
14464,11552,
14465,11553,
14466,11554,
14467,11555,
14468,11556,
14469,11557,
14470,11558,
14471,11559,
14472,11560,
14473,11561,
14474,11562,
14475,11563,
14476,11564,
14477,11565,
14478,11566,
14479,11567,
14480,11568,
14481,11569,
14482,11570,
14483,11571,
14484,11572,
14485,11573,
14486,11574,
14487,11575,
14488,11576,
14489,11577,
14490,11578,
14491,11579,
14492,11580,
14493,11581,
14494,11582,
14496,11583,
14497,11584,
14498,11585,
14499,11586,
14500,11587,
14501,11588,
14502,11589,
14503,11590,
14504,11591,
14505,11592,
14506,11593,
14507,11594,
14508,11595,
14509,11596,
14510,11597,
14511,11598,
14513,11599,
14514,11600,
14515,11601,
14516,11602,
14517,11603,
14520,11604,
14521,11605,
14522,11606,
14523,11607,
14525,11608,
14526,11609,
14527,11610,
14528,11611,
14529,11612,
14530,11613,
14531,11614,
14532,11615,
14533,11616,
14534,11617,
14535,11618,
14536,11619,
14537,11620,
14538,11621,
14539,11622,
14540,11623,
14541,11624,
14542,11625,
14543,11626,
14544,11627,
14545,11628,
14546,11629,
14547,11630,
14548,11631,
14549,11632,
14550,11633,
14551,11634,
14552,11635,
14553,11636,
14554,11637,
14555,11638,
14556,11639,
14557,11640,
14558,11641,
14559,11642,
14560,11643,
14561,11644,
14562,11645,
14563,11646,
14564,11647,
14565,11648,
14566,11649,
14567,11650,
14568,11651,
14569,11652,
14570,11653,
14571,11654,
14572,11655,
14573,11656,
14574,11657,
14575,11658,
14576,11659,
14578,11660,
14579,11661,
14580,11662,
14581,11663,
14582,11664,
14584,11665,
14588,11666,
14589,11667,
14590,11668,
14592,11669,
14593,11670,
14594,11671,
14595,11672,
14596,11673,
14597,11674,
14598,11675,
14599,11676,
14600,11677,
14601,11678,
14602,11679,
14603,11680,
14604,11681,
14605,11682,
14606,11683,
14608,11684,
14609,11685,
14610,11686,
14611,11687,
14612,11688,
14613,11689,
14614,11690,
14615,11691,
14616,11692,
14617,11693,
14618,11694,
14619,11695,
14620,11696,
14621,11697,
14622,11698,
14623,11699,
14624,11700,
14626,11701,
14627,11702,
14628,11703,
14629,11704,
14630,11705,
14631,11706,
14632,11707,
14633,11708,
14634,11709,
14635,11710,
14636,11711,
14637,11712,
14638,11713,
14639,11714,
14640,11715,
14641,11716,
14642,11717,
14643,11718,
14644,11719,
14645,11720,
14646,11721,
14647,11722,
14648,11723,
14649,11724,
14650,11725,
14651,11726,
14652,11727,
14653,11728,
14654,11729,
14655,11730,
14656,11731,
14657,11732,
14658,11733,
14659,11734,
14662,11735,
14663,11736,
14664,11737,
14665,11738,
14666,11739,
14667,11740,
14668,11741,
14669,11742,
14672,11743,
14673,11744,
14674,11745,
14675,11746,
14676,11747,
14677,11748,
14678,11749,
14679,11750,
14680,11751,
14681,11752,
14682,11753,
14683,11754,
14684,11755,
14685,11756,
14686,11757,
14688,11758,
14690,11759,
14691,11760,
14692,11761,
14693,11762,
14694,11763,
14695,11764,
14696,11765,
14697,11766,
14698,11767,
14699,11768,
14700,11769,
14701,11770,
14702,11771,
14703,11772,
14705,11773,
14706,11774,
14707,11775,
14708,11776,
14709,11777,
14710,11778,
14711,11779,
14712,11780,
14715,11781,
14716,11782,
14717,11783,
14718,11784,
14719,11785,
14720,11786,
14721,11787,
14722,11788,
14723,11789,
14724,11790,
14725,11791,
14726,11792,
14727,11793,
14729,11794,
14730,11795,
14731,11796,
14732,11797,
14733,11798,
14734,11799,
14735,11800,
14736,11801,
14737,11802,
14738,11803,
14739,11804,
14740,11805,
14743,11806,
14744,11807,
14746,11808,
14747,11809,
14748,11810,
14750,11811,
14751,11812,
14752,11813,
14753,11814,
14754,11815,
14755,11816,
14756,11817,
14757,11818,
14758,11819,
14759,11820,
14760,11821,
14761,11822,
14762,11823,
14763,11824,
14764,11825,
14765,11826,
14766,11827,
14769,11828,
14771,11829,
14772,11830,
14773,11831,
14774,11832,
14775,11833,
14776,11834,
14778,11835,
14779,11836,
14780,11837,
14781,11838,
14782,11839,
14783,11840,
14784,11841,
14785,11842,
14786,11843,
14787,11844,
14789,11845,
14790,11846,
14791,11847,
14792,11848,
14793,11849,
14797,11850,
14798,11851,
14799,11852,
14800,11853,
14801,11854,
14802,11855,
14803,11856,
14804,11857,
14805,11858,
14806,11859,
14807,11860,
14808,11861,
14809,11862,
14810,11863,
14812,11864,
14813,11865,
14814,11866,
14816,11867,
14818,11868,
14819,11869,
14820,11870,
14823,11871,
14824,11872,
14825,11873,
14826,11874,
14827,11875,
14828,11876,
14830,11877,
14831,11878,
14832,11879,
14833,11880,
14834,11881,
14836,11882,
14837,11883,
14838,11884,
14839,11885,
14840,11886,
14841,11887,
14842,11888,
14843,11889,
14844,11890,
14845,11891,
14846,11892,
14848,11893,
14849,11894,
14850,11895,
14851,11896,
14852,11897,
14853,11898,
14855,11899,
14856,11900,
14857,11901,
14858,11902,
14860,11903,
14862,11904,
14863,11905,
14864,11906,
14865,11907,
14866,11908,
14867,11909,
14868,11910,
14869,11911,
14870,11912,
14871,11913,
14872,11914,
14873,11915,
14874,11916,
14875,11917,
14876,11918,
14877,11919,
14878,11920,
14879,11921,
14880,11922,
14881,11923,
14882,11924,
14883,11925,
14884,11926,
14885,11927,
14886,11928,
14887,11929,
14888,11930,
14889,11931,
14890,11932,
14891,11933,
14892,11934,
14893,11935,
14894,11936,
14895,11937,
14896,11938,
14897,11939,
14898,11940,
14899,11941,
14900,11942,
14901,11943,
14902,11944,
14903,11945,
14904,11946,
14905,11947,
14906,11948,
14907,11949,
14908,11950,
14909,11951,
14911,11952,
14912,11953,
14913,11954,
14914,11955,
14915,11956,
14916,11957,
14917,11958,
14918,11959,
14919,11960,
14921,11961,
14922,11962,
14923,11963,
14924,11964,
14925,11965,
14926,11966,
14927,11967,
14929,11968,
14930,11969,
14931,11970,
14932,11971,
14939,11972,
14941,11973,
14942,11974,
14943,11975,
14944,11976,
14945,11977,
14946,11978,
14947,11979,
14948,11980,
14949,11981,
14950,11982,
14951,11983,
14953,11984,
14955,11985,
14956,11986,
14958,11987,
14959,11988,
14964,11989,
14965,11990,
14966,11991,
14970,11992,
14971,11993,
14972,11994,
14973,11995,
14974,11996,
14975,11997,
14976,11998,
14977,11999,
14978,12000,
14979,12001,
14980,12002,
14983,12003,
14985,12004,
14987,12005,
14988,12006,
14989,12007,
14990,12008,
14991,12009,
14992,12010,
14993,12011,
14994,12012,
14995,12013,
14996,12014,
14998,12015,
14999,12016,
15000,12017,
15001,12018,
15002,12019,
15003,12020,
15004,12021,
15005,12022,
15006,12023,
15007,12024,
15008,12025,
15009,12026,
15010,12027,
15017,12028,
15032,12029,
15033,12030,
15037,12031,
15038,12032,
15042,12033,
15045,12034,
15046,12035,
15047,12036,
15056,12037,
15063,12038,
15074,12039,
15076,12040,
15088,12041,
15091,12042,
15104,12043,
15111,12044,
15113,12045,
15114,12046,
15115,12047,
15133,12048,
15135,12049,
15137,12050,
15139,12051,
15140,12052,
15141,12053,
15142,12054,
15143,12055,
15144,12056,
15145,12057,
15146,12058,
15148,12059,
15149,12060,
15150,12061,
15151,12062,
15153,12063,
15156,12064,
15158,12065,
15159,12066,
15172,12067,
15173,12068,
15176,12069,
15186,12070,
15193,12071,
15198,12072,
15204,12073,
15211,12074,
15212,12075,
15213,12076,
15214,12077,
15215,12078,
15216,12079,
15217,12080,
15218,12081,
15219,12082,
15220,12083,
15221,12084,
15222,12085,
15223,12086,
15225,12087,
15226,12088,
15227,12089,
15228,12090,
15229,12091,
15230,12092,
15231,12093,
15232,12094,
15233,12095,
15234,12096,
15237,12097,
15239,12098,
15240,12099,
15241,12100,
15244,12101,
15245,12102,
15248,12103,
15249,12104,
15252,12105,
15253,12106,
15254,12107,
15257,12108,
15258,12109,
15259,12110,
15261,12111,
15262,12112,
15264,12113,
15266,12114,
15267,12115,
15268,12116,
15269,12117,
15270,12118,
15271,12119,
15272,12120,
15273,12121,
15274,12122,
15275,12123,
15276,12124,
15277,12125,
15278,12126,
15279,12127,
15280,12128,
15282,12129,
15284,12130,
15285,12131,
15286,12132,
15287,12133,
15288,12134,
15289,12135,
15290,12136,
15292,12137,
15293,12138,
15294,12139,
15295,12140,
15296,12141,
15297,12142,
15298,12143,
15299,12144,
15300,12145,
15301,12146,
15302,12147,
15303,12148,
15304,12149,
15305,12150,
15306,12151,
15307,12152,
15308,12153,
15309,12154,
15310,12155,
15312,12156,
15313,12157,
15315,12158,
15317,12159,
15318,12160,
15319,12161,
15320,12162,
15322,12163,
15324,12164,
15325,12165,
15326,12166,
15328,12167,
15329,12168,
15330,12169,
15331,12170,
15333,12171,
15334,12172,
15335,12173,
15336,12174,
15337,12175,
15338,12176,
15339,12177,
15340,12178,
15343,12179,
15344,12180,
15345,12181,
15346,12182,
15347,12183,
15349,12184,
15350,12185,
15351,12186,
15352,12187,
15354,12188,
15356,12189,
15357,12190,
15358,12191,
15359,12192,
15360,12193,
15361,12194,
15362,12195,
15363,12196,
15364,12197,
15365,12198,
15366,12199,
15369,12200,
15372,12201,
15374,12202,
15375,12203,
15376,12204,
15377,12205,
15379,12206,
15380,12207,
15381,12208,
15382,12209,
15391,12210,
15392,12211,
15415,12212,
15435,12213,
15481,12214,
15523,12215,
15548,12216,
15568,12217,
15571,12218,
15572,12219,
15573,12220,
15575,12221,
15578,12222,
15580,12223,
15581,12224,
15582,12225,
15583,12226,
15584,12227,
15585,12228,
15586,12229,
15587,12230,
15588,12231,
15589,12232,
15590,12233,
15591,12234,
15594,12235,
15596,12236,
15597,12237,
15598,12238,
15599,12239,
15600,12240,
15601,12241,
15602,12242,
15603,12243,
15604,12244,
15606,12245,
15608,12246,
15609,12247,
15610,12248,
15611,12249,
15612,12250,
15613,12251,
15614,12252,
15615,12253,
15616,12254,
15617,12255,
15618,12256,
15619,12257,
15620,12258,
15621,12259,
15622,12260,
15623,12261,
15624,12262,
15625,12263,
15627,12264,
15628,12265,
15630,12266,
15631,12267,
15632,12268,
15633,12269,
15634,12270,
15635,12271,
15636,12272,
15637,12273,
15638,12274,
15639,12275,
15640,12276,
15642,12277,
15643,12278,
15644,12279,
15645,12280,
15646,12281,
15647,12282,
15649,12283,
15650,12284,
15651,12285,
15652,12286,
15653,12287,
15654,12288,
15655,12289,
15656,12290,
15657,12291,
15658,12292,
15659,12293,
15660,12294,
15661,12295,
15662,12296,
15663,12297,
15665,12298,
15666,12299,
15667,12300,
15668,12301,
15669,12302,
15670,12303,
15671,12304,
15672,12305,
15673,12306,
15674,12307,
15675,12308,
15677,12309,
15678,12310,
15679,12311,
15682,12312,
15683,12313,
15684,12314,
15685,12315,
15686,12316,
15687,12317,
15688,12318,
15689,12319,
15690,12320,
15691,12321,
15692,12322,
15693,12323,
15694,12324,
15695,12325,
15696,12326,
15697,12327,
15698,12328,
15700,12329,
15701,12330,
15703,12331,
15705,12332,
15706,12333,
15707,12334,
15708,12335,
15709,12336,
15710,12337,
15711,12338,
15712,12339,
15714,12340,
15716,12341,
15717,12342,
15718,12343,
15719,12344,
15720,12345,
15721,12346,
15722,12347,
15723,12348,
15724,12349,
15725,12350,
15726,12351,
15727,12352,
15728,12353,
15729,12354,
15732,12355,
15734,12356,
15735,12357,
15736,12358,
15737,12359,
15738,12360,
15739,12361,
15740,12362,
15741,12363,
15742,12364,
15744,12365,
15745,12366,
15746,12367,
15747,12368,
15748,12369,
15750,12370,
15751,12371,
15752,12372,
15754,12373,
15755,12374,
15756,12375,
15757,12376,
15758,12377,
15759,12378,
15760,12379,
15761,12380,
15762,12381,
15763,12382,
15764,12383,
15765,12384,
15766,12385,
15767,12386,
15768,12387,
15770,12388,
15771,12389,
15772,12390,
15773,12391,
15774,12392,
15776,12393,
15777,12394,
15778,12395,
15779,12396,
15780,12397,
15781,12398,
15782,12399,
15783,12400,
15784,12401,
15785,12402,
15786,12403,
15787,12404,
15788,12405,
15789,12406,
15790,12407,
15791,12408,
15792,12409,
15793,12410,
15794,12411,
15795,12412,
15796,12413,
15797,12414,
15798,12415,
15800,12416,
15801,12417,
15802,12418,
15803,12419,
15804,12420,
15805,12421,
15806,12422,
15807,12423,
15808,12424,
15809,12425,
15810,12426,
15811,12427,
15812,12428,
15813,12429,
15814,12430,
15815,12431,
15818,12432,
15819,12433,
15820,12434,
15823,12435,
15824,12436,
15825,12437,
15826,12438,
15827,12439,
15828,12440,
15829,12441,
15832,12442,
15833,12443,
15835,12444,
15836,12445,
15837,12446,
15840,12447,
15841,12448,
15842,12449,
15843,12450,
15844,12451,
15845,12452,
15846,12453,
15847,12454,
15848,12455,
15849,12456,
15850,12457,
15851,12458,
15852,12459,
15853,12460,
15855,12461,
15859,12462,
15860,12463,
15861,12464,
15862,12465,
15864,12466,
15865,12467,
15866,12468,
15867,12469,
15868,12470,
15869,12471,
15870,12472,
15872,12473,
15875,12474,
15876,12475,
15877,12476,
15878,12477,
15879,12478,
15880,12479,
15881,12480,
15882,12481,
15883,12482,
15884,12483,
15885,12484,
15886,12485,
15887,12486,
15888,12487,
15889,12488,
15890,12489,
15891,12490,
15892,12491,
15893,12492,
15894,12493,
15895,12494,
15897,12495,
15899,12496,
15900,12497,
15903,12498,
15905,12499,
15906,12500,
15908,12501,
15909,12502,
15911,12503,
15912,12504,
15913,12505,
15915,12506,
15916,12507,
15917,12508,
15918,12509,
15920,12510,
15923,12511,
15924,12512,
15925,12513,
15929,12514,
15930,12515,
15931,12516,
15932,12517,
15933,12518,
15934,12519,
15935,12520,
15936,12521,
15938,12522,
15939,12523,
15941,12524,
15943,12525,
15944,12526,
15946,12527,
15947,12528,
15948,12529,
15950,12530,
15951,12531,
15954,12532,
15959,12533,
15960,12534,
15963,12535,
15970,12536,
15971,12537,
15974,12538,
15975,12539,
15979,12540,
15980,12541,
15984,12542,
15985,12543,
15988,12544,
15989,12545,
15990,12546,
15992,12547,
15993,12548,
15994,12549,
15995,12550,
15996,12551,
15997,12552,
15998,12553,
15999,12554,
16000,12555,
16001,12556,
16003,12557,
16005,12558,
16006,12559,
16007,12560,
16008,12561,
16009,12562,
16012,12563,
16013,12564,
16014,12565,
16018,12566,
16019,12567,
16020,12568,
16043,12569,
16048,12570,
16049,12571,
16050,12572,
16051,12573,
16052,12574,
16053,12575,
16054,12576,
16055,12577,
16056,12578,
16057,12579,
16060,12580,
16067,12581,
16068,12582,
16069,12583,
16070,12584,
16074,12585,
16076,12586,
16077,12587,
16078,12588,
16079,12589,
16080,12590,
16081,12591,
16086,12592,
16087,12593,
16088,12594,
16089,12595,
16090,12596,
16091,12597,
16092,12598,
16096,12599,
16097,12600,
16098,12601,
16115,12602,
16116,12603,
16117,12604,
16120,12605,
16123,12606,
16125,12607,
16126,12608,
16127,12609,
16129,12610,
16133,12611,
16134,12612,
16143,12613,
16144,12614,
16147,12615,
16150,12616,
16153,12617,
16154,12618,
16155,12619,
16156,12620,
16160,12621,
16161,12622,
16172,12623,
16174,12624,
16179,12625,
16180,12626,
16184,12627,
16185,12628,
16186,12629,
16187,12630,
16189,12631,
16192,12632,
16194,12633,
16195,12634,
16196,12635,
16198,12636,
16199,12637,
16204,12638,
16205,12639,
16206,12640,
16215,12641,
16231,12642,
16238,12643,
16248,12644,
16249,12645,
16252,12646,
16261,12647,
16268,12648,
16272,12649,
16273,12650,
16275,12651,
16277,12652,
16285,12653,
16292,12654,
16297,12655,
16298,12656,
16304,12657,
16305,12658,
16307,12659,
16315,12660,
16316,12661,
16317,12662,
16318,12663,
16322,12664,
16324,12665,
16337,12666,
16339,12667,
16341,12668,
16342,12669,
16355,12670,
16357,12671,
16359,12672,
16363,12673,
16365,12674,
16366,12675,
16368,12676,
16371,12677,
16375,12678,
16377,12679,
16384,12680,
16385,12681,
16389,12682,
16390,12683,
16394,12684,
16396,12685,
16403,12686,
16408,12687,
16410,12688,
16412,12689,
16413,12690,
16416,12691,
16427,12692,
16428,12693,
16432,12694,
16433,12695,
16441,12696,
16442,12697,
16446,12698,
16451,12699,
16455,12700,
16457,12701,
16461,12702,
16462,12703,
16465,12704,
16466,12705,
16477,12706,
16478,12707,
16482,12708,
16496,12709,
16497,12710,
16498,12711,
16507,12712,
16508,12713,
16510,12714,
16519,12715,
16520,12716,
16524,12717,
16526,12718,
16530,12719,
16534,12720,
16540,12721,
16550,12722,
16551,12723,
16559,12724,
16568,12725,
16574,12726,
16579,12727,
16580,12728,
16581,12729,
16585,12730,
16600,12731,
16602,12732,
16606,12733,
16610,12734,
16611,12735,
16612,12736,
16613,12737,
16621,12738,
16622,12739,
16624,12740,
16625,12741,
16627,12742,
16632,12743,
16633,12744,
16634,12745,
16635,12746,
16645,12747,
16647,12748,
16653,12749,
16659,12750,
16660,12751,
16664,12752,
16666,12753,
16670,12754,
16672,12755,
16673,12756,
16677,12757,
16679,12758,
16695,12759,
16701,12760,
16702,12761,
16703,12762,
16705,12763,
16706,12764,
16707,12765,
16713,12766,
16714,12767,
16718,12768,
16719,12769,
16720,12770,
16721,12771,
16724,12772,
16731,12773,
16732,12774,
16734,12775,
16755,12776,
16757,12777,
16760,12778,
16762,12779,
16767,12780,
16769,12781,
16771,12782,
16777,12783,
16791,12784,
16792,12785,
16795,12786,
16796,12787,
16797,12788,
16798,12789,
16799,12790,
16800,12791,
16801,12792,
16806,12793,
16811,12794,
16817,12795,
16818,12796,
16819,12797,
16820,12798,
16821,12799,
16822,12800,
16823,12801,
16826,12802,
16828,12803,
16831,12804,
16835,12805,
16837,12806,
16839,12807,
16844,12808,
16845,12809,
16852,12810,
16853,12811,
16856,12812,
16857,12813,
16859,12814,
16860,12815,
16861,12816,
16862,12817,
16863,12818,
16864,12819,
16872,12820,
16873,12821,
16875,12822,
16879,12823,
16885,12824,
16887,12825,
16888,12826,
16889,12827,
16890,12828,
16891,12829,
16893,12830,
16894,12831,
16896,12832,
16897,12833,
16900,12834,
16901,12835,
16902,12836,
16905,12837,
16907,12838,
16908,12839,
16909,12840,
16910,12841,
16911,12842,
16913,12843,
16914,12844,
16915,12845,
16916,12846,
16917,12847,
16919,12848,
16924,12849,
16927,12850,
16932,12851,
16937,12852,
16940,12853,
16941,12854,
16942,12855,
16943,12856,
16944,12857,
16946,12858,
16947,12859,
16948,12860,
16950,12861,
16952,12862,
16955,12863,
16957,12864,
16958,12865,
16959,12866,
16963,12867,
16968,12868,
16969,12869,
16972,12870,
16973,12871,
16978,12872,
16982,12873,
16984,12874,
16987,12875,
16988,12876,
17003,12877,
17027,12878,
17029,12879,
17034,12880,
17037,12881,
17038,12882,
17040,12883,
17041,12884,
17044,12885,
17048,12886,
17050,12887,
17055,12888,
17062,12889,
17063,12890,
17064,12891,
17066,12892,
17067,12893,
17069,12894,
17071,12895,
17074,12896,
17076,12897,
17078,12898,
17079,12899,
17080,12900,
17084,12901,
17085,12902,
17087,12903,
17089,12904,
17091,12905,
17095,12906,
17100,12907,
17103,12908,
17106,12909,
17108,12910,
17110,12911,
17112,12912,
17115,12913,
17118,12914,
17119,12915,
17121,12916,
17123,12917,
17124,12918,
17127,12919,
17130,12920,
17136,12921,
17138,12922,
17141,12923,
17142,12924,
17143,12925,
17146,12926,
17150,12927,
17154,12928,
17157,12929,
17160,12930,
17162,12931,
17164,12932,
17169,12933,
17174,12934,
17178,12935,
17179,12936,
17182,12937,
17183,12938,
17184,12939,
17187,12940,
17188,12941,
17189,12942,
17192,12943,
17193,12944,
17196,12945,
17197,12946,
17198,12947,
17201,12948,
17202,12949,
17203,12950,
17206,12951,
17207,12952,
17209,12953,
17211,12954,
17213,12955,
17217,12956,
17218,12957,
17221,12958,
17222,12959,
17223,12960,
17224,12961,
17231,12962,
17232,12963,
17233,12964,
17236,12965,
17239,12966,
17240,12967,
17243,12968,
17244,12969,
17246,12970,
17247,12971,
17248,12972,
17249,12973,
17252,12974,
17254,12975,
17257,12976,
17258,12977,
17259,12978,
17260,12979,
17261,12980,
17263,12981,
17265,12982,
17266,12983,
17267,12984,
17268,12985,
17270,12986,
17271,12987,
17275,12988,
17279,12989,
17280,12990,
17290,12991,
17292,12992,
17297,12993,
17299,12994,
17302,12995,
17307,12996,
17309,12997,
17312,12998,
17314,12999,
17316,13000,
17321,13001,
17322,13002,
17325,13003,
17330,13004,
17332,13005,
17334,13006,
17336,13007,
17337,13008,
17341,13009,
17343,13010,
17345,13011,
17347,13012,
17351,13013,
17353,13014,
17355,13015,
17357,13016,
17358,13017,
17359,13018,
17361,13019,
17363,13020,
17365,13021,
17367,13022,
17369,13023,
17371,13024,
17373,13025,
17375,13026,
17377,13027,
17380,13028,
17382,13029,
17384,13030,
17386,13031,
17388,13032,
17390,13033,
17392,13034,
17394,13035,
17396,13036,
17398,13037,
17400,13038,
17402,13039,
17404,13040,
17407,13041,
17408,13042,
17410,13043,
17412,13044,
17414,13045,
17416,13046,
17418,13047,
17420,13048,
17421,13049,
17422,13050,
17423,13051,
17426,13052,
17428,13053,
17430,13054,
17432,13055,
17434,13056,
17436,13057,
17439,13058,
17442,13059,
17444,13060,
17446,13061,
17449,13062,
17450,13063,
17452,13064,
17453,13065,
17454,13066,
17455,13067,
17456,13068,
17457,13069,
17458,13070,
17460,13071,
17461,13072,
17462,13073,
17463,13074,
17464,13075,
17465,13076,
17466,13077,
17468,13078,
17473,13079,
17478,13080,
17481,13081,
17483,13082,
17484,13083,
17491,13084,
17494,13085,
17497,13086,
17501,13087,
17502,13088,
17503,13089,
17504,13090,
17505,13091,
17506,13092,
17507,13093,
17508,13094,
17510,13095,
17513,13096,
17516,13097,
17525,13098,
17528,13099,
17540,13100,
17542,13101,
17550,13102,
17552,13103,
17556,13104,
17557,13105,
17558,13106,
17559,13107,
17560,13108,
17561,13109,
17563,13110,
17565,13111,
17569,13112,
17570,13113,
17571,13114,
17572,13115,
17576,13116,
17579,13117,
17586,13118,
17587,13119,
17589,13120,
17593,13121,
17597,13122,
17603,13123,
17604,13124,
17605,13125,
17608,13126,
17610,13127,
17612,13128,
17613,13129,
17614,13130,
17615,13131,
17616,13132,
17617,13133,
17618,13134,
17619,13135,
17620,13136,
17621,13137,
17626,13138,
17627,13139,
17628,13140,
17629,13141,
17630,13142,
17631,13143,
17632,13144,
17635,13145,
17636,13146,
17637,13147,
17638,13148,
17639,13149,
17640,13150,
17641,13151,
17642,13152,
17643,13153,
17644,13154,
17645,13155,
17646,13156,
17647,13157,
17648,13158,
17649,13159,
17650,13160,
17651,13161,
17652,13162,
17653,13163,
17654,13164,
17655,13165,
17656,13166,
17658,13167,
17659,13168,
17662,13169,
17663,13170,
17664,13171,
17665,13172,
17666,13173,
17667,13174,
17668,13175,
17676,13176,
17683,13177,
17704,13178,
17705,13179,
17706,13180,
17707,13181,
17709,13182,
17711,13183,
17712,13184,
17713,13185,
17714,13186,
17715,13187,
17716,13188,
17717,13189,
17719,13190,
17721,13191,
17723,13192,
17725,13193,
17727,13194,
17728,13195,
17729,13196,
17733,13197,
17742,13198,
17743,13199,
17745,13200,
17746,13201,
17749,13202,
17750,13203,
17753,13204,
17756,13205,
17759,13206,
17765,13207,
17773,13208,
17774,13209,
17780,13210,
17782,13211,
17787,13212,
17788,13213,
17789,13214,
17790,13215,
17791,13216,
17794,13217,
17795,13218,
17798,13219,
17799,13220,
17806,13221,
17808,13222,
17809,13223,
17812,13224,
17813,13225,
17814,13226,
17815,13227,
17816,13228,
17817,13229,
17818,13230,
17819,13231,
17820,13232,
17822,13233,
17826,13234,
17827,13235,
17828,13236,
17829,13237,
17830,13238,
17831,13239,
17832,13240,
17834,13241,
17835,13242,
17836,13243,
17840,13244,
17843,13245,
17845,13246,
17846,13247,
17847,13248,
17848,13249,
17849,13250,
17850,13251,
17852,13252,
17856,13253,
17857,13254,
17860,13255,
17861,13256,
17862,13257,
17864,13258,
17865,13259,
17866,13260,
17867,13261,
17868,13262,
17869,13263,
17870,13264,
17874,13265,
17875,13266,
17876,13267,
17877,13268,
17878,13269,
17881,13270,
17882,13271,
17883,13272,
17886,13273,
17887,13274,
17888,13275,
17890,13276,
17891,13277,
17892,13278,
17895,13279,
17896,13280,
17897,13281,
17898,13282,
17899,13283,
17900,13284,
17901,13285,
17904,13286,
17906,13287,
17909,13288,
17911,13289,
17912,13290,
17914,13291,
17915,13292,
17916,13293,
17922,13294,
17923,13295,
17924,13296,
17927,13297,
17928,13298,
17929,13299,
17930,13300,
17931,13301,
17932,13302,
17933,13303,
17934,13304,
17935,13305,
17938,13306,
17940,13307,
17941,13308,
17944,13309,
17945,13310,
17951,13311,
17952,13312,
17954,13313,
17957,13314,
17960,13315,
17969,13316,
17973,13317,
17980,13318,
17981,13319,
17982,13320,
17987,13321,
17991,13322,
17995,13323,
17998,13324,
18002,13325,
18007,13326,
18016,13327,
18023,13328,
18025,13329,
18032,13330,
18037,13331,
18040,13332,
18044,13333,
18046,13334,
18047,13335,
18049,13336,
18050,13337,
18051,13338,
18052,13339,
18053,13340,
18054,13341,
18062,13342,
18063,13343,
18064,13344,
18065,13345,
18069,13346,
18071,13347,
18077,13348,
18082,13349,
18084,13350,
18091,13351,
18094,13352,
18096,13353,
18099,13354,
18109,13355,
18112,13356,
18113,13357,
18116,13358,
18117,13359,
18118,13360,
18119,13361,
18120,13362,
18121,13363,
18124,13364,
18125,13365,
18128,13366,
18129,13367,
18132,13368,
18133,13369,
18135,13370,
18136,13371,
18137,13372,
18138,13373,
18139,13374,
18140,13375,
18141,13376,
18142,13377,
18143,13378,
18147,13379,
18150,13380,
18151,13381,
18152,13382,
18153,13383,
18154,13384,
18155,13385,
18156,13386,
18157,13387,
18158,13388,
18159,13389,
18160,13390,
18161,13391,
18162,13392,
18163,13393,
18164,13394,
18165,13395,
18166,13396,
18167,13397,
18168,13398,
18169,13399,
18170,13400,
18173,13401,
18174,13402,
18179,13403,
18180,13404,
18181,13405,
18182,13406,
18183,13407,
18184,13408,
18185,13409,
18186,13410,
18187,13411,
18188,13412,
18189,13413,
18193,13414,
18194,13415,
18195,13416,
18196,13417,
18199,13418,
18202,13419,
18204,13420,
18208,13421,
18209,13422,
18210,13423,
18211,13424,
18214,13425,
18216,13426,
18217,13427,
18219,13428,
18221,13429,
18224,13430,
18228,13431,
18229,13432,
18230,13433,
18231,13434,
18232,13435,
18233,13436,
18234,13437,
18239,13438,
18243,13439,
18244,13440,
18247,13441,
18248,13442,
18249,13443,
18251,13444,
18252,13445,
18253,13446,
18258,13447,
18261,13448,
18263,13449,
18265,13450,
18266,13451,
18267,13452,
18268,13453,
18272,13454,
18273,13455,
18274,13456,
18275,13457,
18276,13458,
18277,13459,
18288,13460,
18289,13461,
18290,13462,
18291,13463,
18292,13464,
18312,13465,
18313,13466,
18314,13467,
18315,13468,
18316,13469,
18320,13470,
18323,13471,
18324,13472,
18325,13473,
18326,13474,
18327,13475,
18328,13476,
18338,13477,
18340,13478,
18346,13479,
18347,13480,
18348,13481,
18349,13482,
18350,13483,
18351,13484,
18352,13485,
18353,13486,
18355,13487,
18356,13488,
18358,13489,
18359,13490,
18360,13491,
18362,13492,
18364,13493,
18367,13494,
18372,13495,
18375,13496,
18376,13497,
18377,13498,
18378,13499,
18379,13500,
18380,13501,
18381,13502,
18383,13503,
18386,13504,
18387,13505,
18391,13506,
18392,13507,
18393,13508,
18394,13509,
18395,13510,
18398,13511,
18403,13512,
18404,13513,
18405,13514,
18411,13515,
18413,13516,
18414,13517,
18420,13518,
18421,13519,
18423,13520,
18424,13521,
18426,13522,
18427,13523,
18430,13524,
18431,13525,
18433,13526,
18435,13527,
18443,13528,
18447,13529,
18453,13530,
18454,13531,
18457,13532,
18462,13533,
18463,13534,
18464,13535,
18465,13536,
18466,13537,
18467,13538,
18468,13539,
18470,13540,
18476,13541,
18477,13542,
18478,13543,
18479,13544,
18481,13545,
18482,13546,
18484,13547,
18486,13548,
18489,13549,
18490,13550,
18491,13551,
18492,13552,
18493,13553,
18494,13554,
18495,13555,
18496,13556,
18497,13557,
18498,13558,
18501,13559,
18502,13560,
18506,13561,
18510,13562,
18511,13563,
18512,13564,
18515,13565,
18516,13566,
18517,13567,
18518,13568,
18521,13569,
18522,13570,
18523,13571,
18524,13572,
18525,13573,
18527,13574,
18528,13575,
18530,13576,
18531,13577,
18532,13578,
18534,13579,
18537,13580,
18539,13581,
18540,13582,
18542,13583,
18544,13584,
18548,13585,
18550,13586,
18551,13587,
18552,13588,
18553,13589,
18554,13590,
18555,13591,
18565,13592,
18566,13593,
18569,13594,
18570,13595,
18573,13596,
18576,13597,
18577,13598,
18581,13599,
18583,13600,
18586,13601,
18587,13602,
18590,13603,
18591,13604,
18600,13605,
18601,13606,
18602,13607,
18603,13608,
18604,13609,
18605,13610,
18606,13611,
18607,13612,
18608,13613,
18610,13614,
18611,13615,
18616,13616,
18619,13617,
18620,13618,
18621,13619,
18622,13620,
18623,13621,
18624,13622,
18626,13623,
18628,13624,
18630,13625,
18632,13626,
18633,13627,
18634,13628,
18635,13629,
18636,13630,
18637,13631,
18638,13632,
18639,13633,
18640,13634,
18642,13635,
18643,13636,
18644,13637,
18645,13638,
18646,13639,
18647,13640,
18650,13641,
18651,13642,
18654,13643,
18655,13644,
18656,13645,
18657,13646,
18658,13647,
18659,13648,
18660,13649,
18661,13650,
18662,13651,
18663,13652,
18664,13653,
18666,13654,
18667,13655,
18668,13656,
18673,13657,
18674,13658,
18676,13659,
18677,13660,
18681,13661,
18682,13662,
18683,13663,
18684,13664,
18686,13665,
18687,13666,
18689,13667,
18690,13668,
18691,13669,
18692,13670,
18693,13671,
18694,13672,
18695,13673,
18696,13674,
18697,13675,
18698,13676,
18699,13677,
18700,13678,
18701,13679,
18702,13680,
18703,13681,
18704,13682,
18705,13683,
18711,13684,
18715,13685,
18716,13686,
18718,13687,
18719,13688,
18724,13689,
18725,13690,
18726,13691,
18727,13692,
18728,13693,
18729,13694,
18731,13695,
18732,13696,
18736,13697,
18742,13698,
18745,13699,
18758,13700,
18759,13701,
18761,13702,
18762,13703,
18764,13704,
18765,13705,
18770,13706,
18776,13707,
18777,13708,
18779,13709,
18786,13710,
18795,13711,
18796,13712,
18800,13713,
18801,13714,
18803,13715,
18807,13716,
18810,13717,
18814,13718,
18815,13719,
18818,13720,
18825,13721,
18830,13722,
18832,13723,
18834,13724,
18836,13725,
18840,13726,
18846,13727,
18853,13728,
18861,13729,
18864,13730,
18865,13731,
18866,13732,
18867,13733,
18869,13734,
18880,13735,
18881,13736,
18882,13737,
18883,13738,
18884,13739,
18886,13740,
18888,13741,
18889,13742,
18890,13743,
18891,13744,
18892,13745,
18893,13746,
18894,13747,
18895,13748,
18901,13749,
18905,13750,
18906,13751,
18907,13752,
18908,13753,
18909,13754,
18910,13755,
18911,13756,
18912,13757,
18913,13758,
18914,13759,
18915,13760,
18917,13761,
18918,13762,
18919,13763,
18920,13764,
18921,13765,
18922,13766,
18923,13767,
18924,13768,
18925,13769,
18927,13770,
18928,13771,
18930,13772,
18931,13773,
18937,13774,
18938,13775,
18939,13776,
18941,13777,
18943,13778,
18944,13779,
18945,13780,
18946,13781,
18947,13782,
18948,13783,
18949,13784,
18950,13785,
18951,13786,
18953,13787,
18954,13788,
18955,13789,
18956,13790,
18957,13791,
18958,13792,
18959,13793,
18960,13794,
18961,13795,
18962,13796,
18964,13797,
18966,13798,
18967,13799,
18968,13800,
18969,13801,
18970,13802,
18971,13803,
18972,13804,
18975,13805,
18976,13806,
18977,13807,
18978,13808,
18979,13809,
18980,13810,
18981,13811,
18982,13812,
18983,13813,
18985,13814,
18986,13815,
18987,13816,
18989,13817,
18990,13818,
18991,13819,
18992,13820,
18993,13821,
18994,13822,
18995,13823,
18996,13824,
18997,13825,
18998,13826,
18999,13827,
19000,13828,
19001,13829,
19002,13830,
19003,13831,
19004,13832,
19005,13833,
19006,13834,
19007,13835,
19008,13836,
19009,13837,
19010,13838,
19011,13839,
19012,13840,
19013,13841,
19014,13842,
19015,13843,
19016,13844,
19017,13845,
19018,13846,
19019,13847,
19020,13848,
19021,13849,
19022,13850,
19023,13851,
19024,13852,
19025,13853,
19026,13854,
19027,13855,
19028,13856,
19029,13857,
19030,13858,
19031,13859,
19032,13860,
19033,13861,
19034,13862,
19035,13863,
19036,13864,
19037,13865,
19038,13866,
19039,13867,
19040,13868,
19041,13869,
19042,13870,
19043,13871,
19044,13872,
19045,13873,
19046,13874,
19047,13875,
19048,13876,
19049,13877,
19051,13878,
19052,13879,
19053,13880,
19054,13881,
19055,13882,
19056,13883,
19057,13884,
19058,13885,
19059,13886,
19060,13887,
19061,13888,
19062,13889,
19063,13890,
19064,13891,
19065,13892,
19066,13893,
19067,13894,
19068,13895,
19069,13896,
19070,13897,
19071,13898,
19072,13899,
19073,13900,
19074,13901,
19076,13902,
19077,13903,
19078,13904,
19079,13905,
19080,13906,
19081,13907,
19082,13908,
19083,13909,
19084,13910,
19087,13911,
19088,13912,
19089,13913,
19090,13914,
19091,13915,
19092,13916,
19095,13917,
19096,13918,
19097,13919,
19098,13920,
19099,13921,
19101,13922,
19102,13923,
19103,13924,
19104,13925,
19105,13926,
19106,13927,
19107,13928,
19108,13929,
19109,13930,
19110,13931,
19113,13932,
19114,13933,
19123,13934,
19124,13935,
19125,13936,
19126,13937,
19127,13938,
19128,13939,
19129,13940,
19133,13941,
19138,13942,
19139,13943,
19140,13944,
19141,13945,
19142,13946,
19143,13947,
19148,13948,
19150,13949,
19152,13950,
19154,13951,
19156,13952,
19158,13953,
19160,13954,
19161,13955,
19162,13956,
19164,13957,
19165,13958,
19166,13959,
19167,13960,
19170,13961,
19171,13962,
19172,13963,
19173,13964,
19174,13965,
19175,13966,
19177,13967,
19181,13968,
19182,13969,
19183,13970,
19184,13971,
19185,13972,
19186,13973,
19190,13974,
19191,13975,
19192,13976,
19194,13977,
19195,13978,
19199,13979,
19203,13980,
19204,13981,
19205,13982,
19208,13983,
19213,13984,
19216,13985,
19218,13986,
19219,13987,
19222,13988,
19225,13989,
19230,13990,
19233,13991,
19238,13992,
19256,13993,
19257,13994,
19260,13995,
19269,13996,
19274,13997,
19275,13998,
19278,13999,
19281,14000,
19285,14001,
19289,14002,
19297,14003,
19299,14004,
19302,14005,
19305,14006,
19306,14007,
19307,14008,
19310,14009,
19311,14010,
19314,14011,
19315,14012,
19318,14013,
19321,14014,
19322,14015,
19324,14016,
19325,14017,
19328,14018,
19329,14019,
19332,14020,
19335,14021,
19338,14022,
19341,14023,
19342,14024,
19346,14025,
19349,14026,
19350,14027,
19351,14028,
19352,14029,
19353,14030,
19357,14031,
19358,14032,
19359,14033,
19360,14034,
19362,14035,
19365,14036,
19368,14037,
19369,14038,
19372,14039,
19374,14040,
19378,14041,
19379,14042,
19382,14043,
19384,14044,
19385,14045,
19388,14046,
19390,14047,
19391,14048,
19392,14049,
19393,14050,
19394,14051,
19395,14052,
19398,14053,
19403,14054,
19405,14055,
19407,14056,
19408,14057,
19409,14058,
19411,14059,
19412,14060,
19413,14061,
19414,14062,
19415,14063,
19417,14064,
19420,14065,
19421,14066,
19422,14067,
19424,14068,
19426,14069,
19427,14070,
19428,14071,
19429,14072,
19433,14073,
19435,14074,
19436,14075,
19437,14076,
19438,14077,
19439,14078,
19443,14079,
19444,14080,
19447,14081,
19448,14082,
19449,14083,
19450,14084,
19456,14085,
19457,14086,
19460,14087,
19463,14088,
19464,14089,
19465,14090,
19467,14091,
19468,14092,
19472,14093,
19473,14094,
19475,14095,
19476,14096,
19478,14097,
19481,14098,
19482,14099,
19484,14100,
19485,14101,
19486,14102,
19487,14103,
19488,14104,
19489,14105,
19490,14106,
19491,14107,
19492,14108,
19493,14109,
19494,14110,
19497,14111,
19499,14112,
19503,14113,
19504,14114,
19505,14115,
19506,14116,
19507,14117,
19509,14118,
19511,14119,
19513,14120,
19515,14121,
19516,14122,
19518,14123,
19519,14124,
19521,14125,
19522,14126,
19523,14127,
19524,14128,
19528,14129,
19529,14130,
19533,14131,
19537,14132,
19538,14133,
19541,14134,
19543,14135,
19547,14136,
19548,14137,
19551,14138,
19554,14139,
19558,14140,
19559,14141,
19560,14142,
19561,14143,
19562,14144,
19563,14145,
19567,14146,
19568,14147,
19571,14148,
19576,14149,
19577,14150,
19578,14151,
19581,14152,
19582,14153,
19583,14154,
19586,14155,
19588,14156,
19589,14157,
19592,14158,
19593,14159,
19595,14160,
19596,14161,
19599,14162,
19600,14163,
19603,14164,
19606,14165,
19607,14166,
19608,14167,
19610,14168,
19613,14169,
19614,14170,
19615,14171,
19619,14172,
19620,14173,
19624,14174,
19626,14175,
19628,14176,
19629,14177,
19631,14178,
19632,14179,
19634,14180,
19637,14181,
19638,14182,
19641,14183,
19642,14184,
19644,14185,
19645,14186,
19646,14187,
19650,14188,
19651,14189,
19652,14190,
19653,14191,
19656,14192,
19657,14193,
19660,14194,
19662,14195,
19664,14196,
19668,14197,
19669,14198,
19672,14199,
19675,14200,
19677,14201,
19678,14202,
19682,14203,
19683,14204,
19684,14205,
19685,14206,
19686,14207,
19689,14208,
19693,14209,
19696,14210,
19698,14211,
19700,14212,
19701,14213,
19704,14214,
19705,14215,
19706,14216,
19707,14217,
19711,14218,
19713,14219,
19716,14220,
19717,14221,
19718,14222,
19719,14223,
19720,14224,
19722,14225,
19724,14226,
19725,14227,
19726,14228,
19727,14229,
19728,14230,
19730,14231,
19731,14232,
19732,14233,
19733,14234,
19736,14235,
19737,14236,
19738,14237,
19739,14238,
19742,14239,
19746,14240,
19747,14241,
19748,14242,
19750,14243,
19751,14244,
19753,14245,
19755,14246,
19756,14247,
19759,14248,
19760,14249,
19761,14250,
19762,14251,
19763,14252,
19767,14253,
19770,14254,
19774,14255,
19785,14256,
19790,14257,
19791,14258,
19793,14259,
19794,14260,
19797,14261,
19800,14262,
19802,14263,
19803,14264,
19806,14265,
19809,14266,
19810,14267,
19813,14268,
19814,14269,
19818,14270,
19821,14271,
19823,14272,
19825,14273,
19827,14274,
19830,14275,
19831,14276,
19832,14277,
19836,14278,
19839,14279,
19840,14280,
19843,14281,
19844,14282,
19849,14283,
19851,14284,
19855,14285,
19856,14286,
19857,14287,
19858,14288,
19860,14289,
19861,14290,
19862,14291,
19863,14292,
19864,14293,
19865,14294,
19866,14295,
19867,14296,
19868,14297,
19869,14298,
19871,14299,
19874,14300,
19875,14301,
19876,14302,
19877,14303,
19879,14304,
19881,14305,
19882,14306,
19883,14307,
19884,14308,
19885,14309,
19888,14310,
19891,14311,
19892,14312,
19893,14313,
19896,14314,
19899,14315,
19900,14316,
19902,14317,
19904,14318,
19907,14319,
19908,14320,
19909,14321,
19910,14322,
19911,14323,
19912,14324,
19913,14325,
19914,14326,
19918,14327,
19919,14328,
19920,14329,
19921,14330,
19923,14331,
19924,14332,
19925,14333,
19927,14334,
19930,14335,
19933,14336,
19936,14337,
19938,14338,
19939,14339,
19941,14340,
19942,14341,
19943,14342,
19944,14343,
19945,14344,
19946,14345,
19947,14346,
19955,14347,
19956,14348,
19957,14349,
19958,14350,
19959,14351,
19960,14352,
19961,14353,
19965,14354,
19978,14355,
19981,14356,
19982,14357,
19984,14358,
19987,14359,
19988,14360,
19989,14361,
19990,14362,
19992,14363,
19995,14364,
19998,14365,
20002,14366,
20003,14367,
20004,14368,
20007,14369,
20010,14370,
20011,14371,
20012,14372,
20013,14373,
20014,14374,
20015,14375,
20016,14376,
20017,14377,
20018,14378,
20019,14379,
20024,14380,
20025,14381,
20028,14382,
20029,14383,
20031,14384,
20032,14385,
20033,14386,
20034,14387,
20035,14388,
20036,14389,
20037,14390,
20038,14391,
20039,14392,
20040,14393,
20043,14394,
20044,14395,
20045,14396,
20046,14397,
20047,14398,
20048,14399,
20049,14400,
20050,14401,
20051,14402,
20052,14403,
20055,14404,
20058,14405,
20059,14406,
20060,14407,
20063,14408,
20066,14409,
20067,14410,
20068,14411,
20069,14412,
20070,14413,
20072,14414,
20073,14415,
20074,14416,
20075,14417,
20076,14418,
20077,14419,
20078,14420,
20079,14421,
20080,14422,
20081,14423,
20082,14424,
20083,14425,
20086,14426,
20087,14427,
20089,14428,
20090,14429,
20091,14430,
20093,14431,
20094,14432,
20095,14433,
20115,14434,
20116,14435,
20117,14436,
20121,14437,
20122,14438,
20123,14439,
20127,14440,
20128,14441,
20129,14442,
20131,14443,
20132,14444,
20133,14445,
20134,14446,
20135,14447,
20136,14448,
20137,14449,
20138,14450,
20139,14451,
20140,14452,
20141,14453,
20142,14454,
20144,14455,
20148,14456,
20149,14457,
20150,14458,
20152,14459,
20154,14460,
20158,14461,
20159,14462,
20160,14463,
20163,14464,
20164,14465,
20167,14466,
20168,14467,
20169,14468,
20170,14469,
20171,14470,
20172,14471,
20173,14472,
20176,14473,
20177,14474,
20179,14475,
20180,14476,
20182,14477,
20184,14478,
20185,14479,
20187,14480,
20188,14481,
20189,14482,
20190,14483,
20191,14484,
20192,14485,
20193,14486,
20194,14487,
20195,14488,
20198,14489,
20199,14490,
20200,14491,
20201,14492,
20202,14493,
20203,14494,
20204,14495,
20205,14496,
20206,14497,
20207,14498,
20208,14499,
20209,14500,
20210,14501,
20211,14502,
20212,14503,
20214,14504,
20215,14505,
20216,14506,
20217,14507,
20218,14508,
20219,14509,
20220,14510,
20221,14511,
20222,14512,
20223,14513,
20224,14514,
20225,14515,
20226,14516,
20227,14517,
20228,14518,
20229,14519,
20230,14520,
20231,14521,
20232,14522,
20233,14523,
20234,14524,
20235,14525,
20236,14526,
20237,14527,
20238,14528,
20239,14529,
20240,14530,
20241,14531,
20242,14532,
20243,14533,
20244,14534,
20245,14535,
20246,14536,
20247,14537,
20248,14538,
20249,14539,
20250,14540,
20251,14541,
20252,14542,
20253,14543,
20254,14544,
20255,14545,
20258,14546,
20259,14547,
20260,14548,
20261,14549,
20262,14550,
20263,14551,
20268,14552,
20269,14553,
20270,14554,
20274,14555,
20276,14556,
20279,14557,
20280,14558,
20281,14559,
20282,14560,
20289,14561,
20290,14562,
20302,14563,
20304,14564,
20305,14565,
20306,14566,
20308,14567,
20309,14568,
20312,14569,
20314,14570,
20315,14571,
20316,14572,
20317,14573,
20322,14574,
20323,14575,
20324,14576,
20325,14577,
20327,14578,
20328,14579,
20329,14580,
20330,14581,
20331,14582,
20332,14583,
20333,14584,
20336,14585,
20337,14586,
20338,14587,
20339,14588,
20340,14589,
20341,14590,
20342,14591,
20343,14592,
20344,14593,
20347,14594,
20348,14595,
20366,14596,
20367,14597,
20368,14598,
20369,14599,
20370,14600,
20375,14601,
20383,14602,
20384,14603,
20385,14604,
20386,14605,
20387,14606,
20389,14607,
20390,14608,
20391,14609,
20392,14610,
20393,14611,
20394,14612,
20395,14613,
20396,14614,
20397,14615,
20398,14616,
20403,14617,
20404,14618,
20406,14619,
20408,14620,
20414,14621,
20416,14622,
20422,14623,
20423,14624,
20425,14625,
20426,14626,
20427,14627,
20428,14628,
20429,14629,
20430,14630,
20432,14631,
20435,14632,
20436,14633,
20437,14634,
20438,14635,
20439,14636,
20440,14637,
20441,14638,
20442,14639,
20451,14640,
20455,14641,
20457,14642,
20459,14643,
20460,14644,
20471,14645,
20472,14646,
20474,14647,
20476,14648,
20478,14649,
20479,14650,
20480,14651,
20484,14652,
20489,14653,
20490,14654,
20491,14655,
20492,14656,
20494,14657,
20497,14658,
20498,14659,
20499,14660,
20500,14661,
20501,14662,
20502,14663,
20505,14664,
20506,14665,
20507,14666,
20508,14667,
20509,14668,
20510,14669,
20513,14670,
20514,14671,
20515,14672,
20518,14673,
20519,14674,
20522,14675,
20523,14676,
20527,14677,
20528,14678,
20529,14679,
20538,14680,
20539,14681,
20540,14682,
20543,14683,
20546,14684,
20547,14685,
20549,14686,
20555,14687,
20559,14688,
20560,14689,
20563,14690,
20564,14691,
20566,14692,
20567,14693,
20568,14694,
20570,14695,
20575,14696,
20576,14697,
20577,14698,
20584,14699,
20587,14700,
20590,14701,
20592,14702,
20595,14703,
20596,14704,
20599,14705,
20601,14706,
20602,14707,
20604,14708,
20611,14709,
20615,14710,
20616,14711,
20617,14712,
20622,14713,
20625,14714,
20626,14715,
20629,14716,
20632,14717,
20635,14718,
20636,14719,
20639,14720,
20645,14721,
20646,14722,
20648,14723,
20649,14724,
20654,14725,
20655,14726,
20659,14727,
20664,14728,
20668,14729,
20669,14730,
20671,14731,
20678,14732,
20679,14733,
20680,14734,
20688,14735,
20689,14736,
20692,14737,
20693,14738,
20694,14739,
20706,14740,
20707,14741,
20709,14742,
20710,14743,
20713,14744,
20715,14745,
20716,14746,
20718,14747,
20721,14748,
20724,14749,
20729,14750,
20730,14751,
20731,14752,
20738,14753,
20743,14754,
20744,14755,
20747,14756,
20748,14757,
20751,14758,
20752,14759,
20754,14760,
20756,14761,
20763,14762,
20764,14763,
20768,14764,
20771,14765,
20773,14766,
20774,14767,
20775,14768,
20780,14769,
20782,14770,
20783,14771,
20786,14772,
20787,14773,
20789,14774,
20792,14775,
20793,14776,
20795,14777,
20796,14778,
20798,14779,
20799,14780,
20804,14781,
20806,14782,
20807,14783,
20809,14784,
20815,14785,
20817,14786,
20818,14787,
20820,14788,
20823,14789,
20825,14790,
20827,14791,
20828,14792,
20832,14793,
20837,14794,
20838,14795,
20840,14796,
20842,14797,
20844,14798,
20845,14799,
20848,14800,
20851,14801,
20853,14802,
20854,14803,
20856,14804,
20858,14805,
20860,14806,
20862,14807,
20863,14808,
20864,14809,
20865,14810,
20866,14811,
20867,14812,
20868,14813,
20869,14814,
20870,14815,
20871,14816,
20872,14817,
20873,14818,
20875,14819,
20876,14820,
20877,14821,
20878,14822,
20879,14823,
20881,14824,
20882,14825,
20884,14826,
20889,14827,
20891,14828,
20894,14829,
20896,14830,
20897,14831,
20900,14832,
20901,14833,
20902,14834,
20903,14835,
20904,14836,
20905,14837,
20906,14838,
20908,14839,
20909,14840,
20910,14841,
20911,14842,
20912,14843,
20913,14844,
20914,14845,
20915,14846,
20916,14847,
20917,14848,
20918,14849,
20919,14850,
20920,14851,
20921,14852,
20922,14853,
20923,14854,
20924,14855,
20925,14856,
20928,14857,
20929,14858,
20930,14859,
20931,14860,
20932,14861,
20933,14862,
20934,14863,
20935,14864,
20936,14865,
20937,14866,
20938,14867,
20939,14868,
20940,14869,
20941,14870,
20942,14871,
20943,14872,
20944,14873,
20945,14874,
20946,14875,
20947,14876,
20948,14877,
20952,14878,
20953,14879,
20958,14880,
20959,14881,
20961,14882,
20962,14883,
20963,14884,
20964,14885,
20965,14886,
20966,14887,
20967,14888,
20968,14889,
20969,14890,
20970,14891,
20971,14892,
20972,14893,
20973,14894,
20974,14895,
20975,14896,
20976,14897,
20977,14898,
20978,14899,
20979,14900,
20980,14901,
20981,14902,
20982,14903,
20983,14904,
20984,14905,
20985,14906,
20986,14907,
20990,14908,
20991,14909,
20992,14910,
20993,14911,
20994,14912,
20995,14913,
20996,14914,
20997,14915,
20998,14916,
20999,14917,
21000,14918,
21001,14919,
21002,14920,
21003,14921,
21004,14922,
21005,14923,
21006,14924,
21007,14925,
21008,14926,
21009,14927,
21012,14928,
21021,14929,
21022,14930,
21023,14931,
21024,14932,
21025,14933,
21027,14934,
21028,14935,
21031,14936,
21038,14937,
21039,14938,
21041,14939,
21042,14940,
21045,14941,
21046,14942,
21048,14943,
21049,14944,
21050,14945,
21051,14946,
21054,14947,
21076,14948,
21091,14949,
21092,14950,
21093,14951,
21094,14952,
21095,14953,
21096,14954,
21097,14955,
21098,14956,
21100,14957,
21105,14958,
21106,14959,
21107,14960,
21108,14961,
21109,14962,
21110,14963,
21112,14964,
21113,14965,
21114,14966,
21115,14967,
21116,14968,
21117,14969,
21118,14970,
21119,14971,
21120,14972,
21121,14973,
21122,14974,
21123,14975,
21124,14976,
21125,14977,
21126,14978,
21127,14979,
21128,14980,
21129,14981,
21130,14982,
21131,14983,
21132,14984,
21133,14985,
21134,14986,
21135,14987,
21136,14988,
21137,14989,
21138,14990,
21139,14991,
21140,14992,
21141,14993,
21142,14994,
21143,14995,
21144,14996,
21147,14997,
21148,14998,
21149,14999,
21150,15000,
21151,15001,
21152,15002,
21153,15003,
21154,15004,
21155,15005,
21156,15006,
21157,15007,
21158,15008,
21159,15009,
21160,15010,
21161,15011,
21162,15012,
21163,15013,
21164,15014,
21165,15015,
21166,15016,
21167,15017,
21168,15018,
21169,15019,
21171,15020,
21173,15021,
21176,15022,
21178,15023,
21179,15024,
21182,15025,
21183,15026,
21184,15027,
21185,15028,
21186,15029,
21187,15030,
21188,15031,
21189,15032,
21190,15033,
21191,15034,
21192,15035,
21193,15036,
21194,15037,
21195,15038,
21196,15039,
21197,15040,
21198,15041,
21200,15042,
21202,15043,
21203,15044,
21204,15045,
21205,15046,
21206,15047,
21209,15048,
21210,15049,
21211,15050,
21212,15051,
21213,15052,
21214,15053,
21215,15054,
21216,15055,
21217,15056,
21218,15057,
21229,15058,
21237,15059,
21238,15060,
21240,15061,
21241,15062,
21243,15063,
21244,15064,
21245,15065,
21247,15066,
21248,15067,
21250,15068,
21251,15069,
21253,15070,
21254,15071,
21256,15072,
21257,15073,
21259,15074,
21261,15075,
21263,15076,
21264,15077,
21266,15078,
21267,15079,
21270,15080,
21273,15081,
21276,15082,
21279,15083,
21280,15084,
21281,15085,
21282,15086,
21283,15087,
21284,15088,
21286,15089,
21287,15090,
21288,15091,
21289,15092,
21290,15093,
21291,15094,
21293,15095,
21295,15096,
21297,15097,
21299,15098,
21300,15099,
21301,15100,
21302,15101,
21303,15102,
21304,15103,
21305,15104,
21306,15105,
21307,15106,
21308,15107,
21309,15108,
21310,15109,
21312,15110,
21313,15111,
21314,15112,
21315,15113,
21317,15114,
21318,15115,
21319,15116,
21320,15117,
21322,15118,
21324,15119,
21325,15120,
21327,15121,
21328,15122,
21329,15123,
21330,15124,
21331,15125,
21332,15126,
21334,15127,
21335,15128,
21336,15129,
21337,15130,
21339,15131,
21340,15132,
21342,15133,
21345,15134,
21346,15135,
21348,15136,
21349,15137,
21350,15138,
21351,15139,
21352,15140,
21353,15141,
21354,15142,
21355,15143,
21356,15144,
21357,15145,
21358,15146,
21359,15147,
21360,15148,
21361,15149,
21362,15150,
21363,15151,
21366,15152,
21367,15153,
21370,15154,
21371,15155,
21372,15156,
21373,15157,
21374,15158,
21375,15159,
21377,15160,
21378,15161,
21380,15162,
21381,15163,
21382,15164,
21383,15165,
21384,15166,
21385,15167,
21386,15168,
21388,15169,
21389,15170,
21391,15171,
21392,15172,
21393,15173,
21394,15174,
21395,15175,
21396,15176,
21397,15177,
21398,15178,
21399,15179,
21401,15180,
21403,15181,
21404,15182,
21406,15183,
21407,15184,
21408,15185,
21409,15186,
21410,15187,
21411,15188,
21413,15189,
21415,15190,
21416,15191,
21417,15192,
21418,15193,
21419,15194,
21420,15195,
21421,15196,
21422,15197,
21423,15198,
21425,15199,
21426,15200,
21427,15201,
21428,15202,
21429,15203,
21430,15204,
21431,15205,
21432,15206,
21433,15207,
21434,15208,
21452,15209,
21453,15210,
21454,15211,
21455,15212,
21456,15213,
21457,15214,
21458,15215,
21459,15216,
21463,15217,
21464,15218,
21465,15219,
21466,15220,
21467,15221,
21468,15222,
21469,15223,
21471,15224,
21472,15225,
21473,15226,
21474,15227,
21485,15228,
21486,15229,
21487,15230,
21488,15231,
21489,15232,
21491,15233,
21492,15234,
21493,15235,
21494,15236,
21495,15237,
21496,15238,
21497,15239,
21499,15240,
21502,15241,
21503,15242,
21504,15243,
21505,15244,
21506,15245,
21509,15246,
21510,15247,
21511,15248,
21512,15249,
21513,15250,
21514,15251,
21515,15252,
21517,15253,
21519,15254,
21520,15255,
21521,15256,
21522,15257,
21523,15258,
21524,15259,
21525,15260,
21526,15261,
21527,15262,
21528,15263,
21529,15264,
21531,15265,
21534,15266,
21537,15267,
21539,15268,
21540,15269,
21542,15270,
21543,15271,
21545,15272,
21546,15273,
21547,15274,
21550,15275,
21552,15276,
21553,15277,
21555,15278,
21557,15279,
21558,15280,
21561,15281,
21562,15282,
21563,15283,
21565,15284,
21566,15285,
21567,15286,
21568,15287,
21569,15288,
21570,15289,
21573,15290,
21574,15291,
21577,15292,
21578,15293,
21579,15294,
21580,15295,
21581,15296,
21582,15297,
21583,15298,
21585,15299,
21586,15300,
21587,15301,
21588,15302,
21589,15303,
21590,15304,
21592,15305,
21593,15306,
21594,15307,
21595,15308,
21596,15309,
21597,15310,
21598,15311,
21599,15312,
21600,15313,
21601,15314,
21605,15315,
21606,15316,
21608,15317,
21610,15318,
21611,15319,
21612,15320,
21613,15321,
21615,15322,
21616,15323,
21618,15324,
21619,15325,
21620,15326,
21621,15327,
21622,15328,
21626,15329,
21627,15330,
21628,15331,
21629,15332,
21630,15333,
21631,15334,
21635,15335,
21636,15336,
21637,15337,
21638,15338,
21659,15339,
21691,15340,
21693,15341,
21694,15342,
21695,15343,
21696,15344,
21697,15345,
21698,15346,
21700,15347,
21701,15348,
21702,15349,
21703,15350,
21704,15351,
21705,15352,
21762,15353,
21763,15354,
21764,15355,
21765,15356,
21771,15357,
21772,15358,
21773,15359,
21774,15360,
21775,15361,
21776,15362,
21779,15363,
21781,15364,
21783,15365,
21784,15366,
21786,15367,
21787,15368,
21789,15369,
21791,15370,
21793,15371,
21795,15372,
21799,15373,
21819,15374,
21820,15375,
21821,15376,
21823,15377,
21824,15378,
21825,15379,
21826,15380,
21831,15381,
21834,15382,
21835,15383,
21837,15384,
21838,15385,
21839,15386,
21840,15387,
21841,15388,
21842,15389,
21843,15390,
21844,15391,
21845,15392,
21846,15393,
21847,15394,
21848,15395,
21849,15396,
21850,15397,
21851,15398,
21852,15399,
21853,15400,
21854,15401,
21856,15402,
21857,15403,
21858,15404,
21859,15405,
21860,15406,
21861,15407,
21862,15408,
21863,15409,
21864,15410,
21865,15411,
21866,15412,
21867,15413,
21868,15414,
21869,15415,
21870,15416,
21871,15417,
21872,15418,
21873,15419,
21876,15420,
21877,15421,
21878,15422,
21879,15423,
21880,15424,
21882,15425,
21883,15426,
21884,15427,
21885,15428,
21886,15429,
21887,15430,
21888,15431,
21889,15432,
21890,15433,
21891,15434,
21892,15435,
21893,15436,
21894,15437,
21896,15438,
21897,15439,
21898,15440,
21899,15441,
21900,15442,
21901,15443,
21902,15444,
21903,15445,
21904,15446,
21905,15447,
21907,15448,
21908,15449,
21909,15450,
21910,15451,
21911,15452,
21926,15453,
21928,15454,
21929,15455,
21930,15456,
21931,15457,
21941,15458,
21942,15459,
21943,15460,
21944,15461,
21947,15462,
21948,15463,
21949,15464,
21950,15465,
21951,15466,
21952,15467,
21962,15468,
21965,15469,
21968,15470,
21976,15471,
21977,15472,
21984,15473,
21993,15474,
22012,15475,
22017,15476,
22018,15477,
22019,15478,
22020,15479,
22038,15480,
22062,15481,
22063,15482,
22064,15483,
22072,15484,
22073,15485,
22074,15486,
22077,15487,
22078,15488,
22079,15489,
22080,15490,
22083,15491,
22090,15492,
22091,15493,
22092,15494,
22093,15495,
22094,15496,
22095,15497,
22096,15498,
22097,15499,
22098,15500,
22099,15501,
22100,15502,
22102,15503,
22104,15504,
22124,15505,
22125,15506,
22126,15507,
22128,15508,
22134,15509,
22150,15510,
22157,15511,
22159,15512,
22172,15513,
22178,15514,
22182,15515,
22216,15516,
22237,15517,
22240,15518,
22278,15519,
22299,15520,
22300,15521,
22303,15522,
22305,15523,
22307,15524,
22309,15525,
22313,15526,
22314,15527,
22316,15528,
22317,15529,
22318,15530,
22319,15531,
22320,15532,
22322,15533,
22328,15534,
22332,15535,
22334,15536,
22338,15537,
22347,15538,
22351,15539,
22355,15540,
22356,15541,
22357,15542,
22358,15543,
22362,15544,
22364,15545,
22369,15546,
22370,15547,
22383,15548,
22385,15549,
22386,15550,
22388,15551,
22389,15552,
22392,15553,
22396,15554,
22398,15555,
22399,15556,
22400,15557,
22401,15558,
22405,15559,
22675,15560,
22676,15561,
22679,15562,
22681,15563,
23678,15564,
23681,15565,
23682,15566,
23684,15567,
23685,15568,
23687,15569,
23689,15570,
23690,15571,
23691,15572,
23695,15573,
23942,15574,
23951,15575,
25344,15576,
25345,15577,
25704,15578,
25705,15579,
25708,15580,
25709,15581,
25711,15582,
25714,15583,
27098,15584,
27101,15585,
27388,15586,
27390,15587,
27392,15588,
27807,15589,
27993,15590,
27994,15591,
27995,15592,
27996,15593,
28010,15594,
28109,15595,
28110,15596,
28125,15597,
28126,15598,
28130,15599,
28132,15600,
28133,15601,
29067,15602,
29069,15603,
29071,15604,
29076,15605,
29077,15606,
29080,15607,
29081,15608,
29083,15609,
29118,15610,
29119,15611,
29120,15612,
29121,15613,
29122,15614,
29123,15615,
29124,15616,
29125,15617,
29126,15618,
29127,15619,
29766,15620,
30194,15621,
30196,15622,
30223,15623,
30227,15624,
30236,15625,
30659,15626,
30778,15627,
30788,15628,
30789,15629,
30790,15630,
30819,15631,
30821,15632,
30866,15633,
30888,15634,
30890,15635,
30893,15636,
30894,15637,
31763,15638,
31764,15639,
31765,15640,
31767,15641,
31777,15642,
31779,15643,
31780,15644,
31782,15645,
31900,15646,
31903,15647,
31904,15648,
31996,15649,
32007,15650,
32699,15651,
32701,15652,
32755,15653,
32900,15654,
33548,15655,
33892,15656,
33893,15657,
34042,15658,
34151,15659,
34153,15660,
34155,15661,
34156,15662,
34164,15663,
34165,15664,
34166,15665,
34167,15666,
34741,15667,
34742,15668,
34743,15669,
34748,15670,
34750,15671,
34752,15672,
34757,15673,
34759,15674,
34760,15675,
34762,15676,
34765,15677,
34766,15678,
34767,15679,
34772,15680,
34773,15681,
34777,15682,
34779,15683,
34784,15684,
34859,15685,
34862,15686,
34864,15687,
34868,15688,
34923,15689,
34976,15690,
34982,15691,
35111,15692,
35157,15693,
35408,15694,
35553,15695,
35560,15696,
35585,15697,
35794,15698,
35884,15699,
35886,15700,
36190,15701,
36664,15702,
36741,15703,
36780,15704,
37361,15705,
37363,15706,
37526,15707,
37530,15708,
37542,15709,
37544,15710,
37547,15711,
37861,15712,
37863,15713,
38605,15714,
38845,15715,
38846,15716,
38937,15717,
38994,15718,
38996,15719,
38998,15720,
38999,15721,
39000,15722,
39004,15723,
39005,15724,
39006,15725,
39008,15726,
39010,15727,
39011,15728,
39013,15729,
39015,15730,
39016,15731,
39017,15732,
39019,15733,
39020,15734,
39021,15735,
39022,15736,
39023,15737,
39024,15738,
39026,15739,
39028,15740,
39029,15741,
39030,15742,
39031,15743,
39032,15744,
39034,15745,
39037,15746,
39038,15747,
39040,15748,
39041,15749,
39044,15750,
39046,15751,
39047,15752,
39050,15753,
39051,15754,
39053,15755,
39054,15756,
39056,15757,
39057,15758,
39059,15759,
39060,15760,
39062,15761,
39064,15762,
39066,15763,
39068,15764,
39069,15765,
39071,15766,
39072,15767,
39074,15768,
39075,15769,
39077,15770,
39078,15771,
39080,15772,
39083,15773,
39084,15774,
39086,15775,
39088,15776,
39090,15777,
39091,15778,
39093,15779,
39095,15780,
39097,15781,
39098,15782,
39099,15783,
39101,15784,
39103,15785,
39104,15786,
39106,15787,
39108,15788,
39110,15789,
39112,15790,
39114,15791,
39116,15792,
39118,15793,
39120,15794,
39123,15795,
39124,15796,
39126,15797,
39127,15798,
39130,15799,
39131,15800,
39132,15801,
39133,15802,
39134,15803,
39135,15804,
39136,15805,
39138,15806,
39139,15807,
39140,15808,
39142,15809,
39143,15810,
39144,15811,
39146,15812,
39147,15813,
39150,15814,
39151,15815,
39153,15816,
39154,15817,
39156,15818,
39159,15819,
39160,15820,
39162,15821,
39163,15822,
39165,15823,
39167,15824,
39169,15825,
39170,15826,
39172,15827,
39174,15828,
39175,15829,
39176,15830,
39177,15831,
39180,15832,
39182,15833,
39183,15834,
39185,15835,
39187,15836,
39189,15837,
39190,15838,
39191,15839,
39193,15840,
39194,15841,
39195,15842,
39196,15843,
39199,15844,
39201,15845,
39202,15846,
39205,15847,
39207,15848,
39208,15849,
39210,15850,
39212,15851,
39214,15852,
39216,15853,
39217,15854,
39218,15855,
39219,15856,
39222,15857,
39223,15858,
39225,15859,
39226,15860,
39227,15861,
39228,15862,
39229,15863,
39230,15864,
39231,15865,
39233,15866,
39236,15867,
39237,15868,
39238,15869,
39239,15870,
39240,15871,
39241,15872,
39242,15873,
39243,15874,
39245,15875,
39247,15876,
39248,15877,
39251,15878,
39252,15879,
39253,15880,
39254,15881,
39257,15882,
39258,15883,
39260,15884,
39261,15885,
39265,15886,
39266,15887,
39268,15888,
39270,15889,
39272,15890,
39274,15891,
39276,15892,
39278,15893,
39280,15894,
39282,15895,
39284,15896,
39286,15897,
39288,15898,
39290,15899,
39291,15900,
39293,15901,
39294,15902,
39295,15903,
39296,15904,
39297,15905,
39299,15906,
39300,15907,
39301,15908,
39303,15909,
39305,15910,
39307,15911,
39309,15912,
39311,15913,
39312,15914,
39314,15915,
39316,15916,
39317,15917,
39318,15918,
39319,15919,
39320,15920,
39322,15921,
39323,15922,
39324,15923,
39325,15924,
39327,15925,
39328,15926,
39330,15927,
39332,15928,
39334,15929,
39335,15930,
39336,15931,
39337,15932,
39339,15933,
39340,15934,
39342,15935,
39344,15936,
39346,15937,
39348,15938,
39350,15939,
39352,15940,
39355,15941,
39357,15942,
39358,15943,
39359,15944,
39360,15945,
39362,15946,
39364,15947,
39366,15948,
39367,15949,
39369,15950,
39371,15951,
39372,15952,
39374,15953,
39375,15954,
39376,15955,
39377,15956,
39378,15957,
39379,15958,
39380,15959,
39381,15960,
39383,15961,
39384,15962,
39385,15963,
39386,15964,
39387,15965,
39389,15966,
39391,15967,
39393,15968,
39395,15969,
39396,15970,
39397,15971,
39398,15972,
39399,15973,
39400,15974,
39403,15975,
39404,15976,
39405,15977,
39407,15978,
39408,15979,
39410,15980,
39412,15981,
39413,15982,
39416,15983,
39418,15984,
39420,15985,
39423,15986,
39424,15987,
39425,15988,
39426,15989,
39428,15990,
39430,15991,
39431,15992,
39432,15993,
39434,15994,
39435,15995,
39436,15996,
39438,15997,
39440,15998,
39441,15999,
39442,16000,
39443,16001,
39444,16002,
39446,16003,
39447,16004,
39448,16005,
39449,16006,
39450,16007,
39451,16008,
39452,16009,
39453,16010,
39454,16011,
39455,16012,
39456,16013,
39457,16014,
39458,16015,
39459,16016,
39461,16017,
39463,16018,
39465,16019,
39466,16020,
39468,16021,
39469,16022,
39470,16023,
39471,16024,
39473,16025,
39474,16026,
39476,16027,
39478,16028,
39481,16029,
39483,16030,
39484,16031,
39486,16032,
39488,16033,
39490,16034,
39491,16035,
39492,16036,
39494,16037,
39496,16038,
39498,16039,
39501,16040,
39502,16041,
39503,16042,
39504,16043,
39506,16044,
39507,16045,
39508,16046,
39510,16047,
39512,16048,
39514,16049,
39515,16050,
39517,16051,
39519,16052,
39520,16053,
39521,16054,
39522,16055,
39523,16056,
39524,16057,
39525,16058,
39526,16059,
39528,16060,
39530,16061,
39531,16062,
39533,16063,
39534,16064,
39535,16065,
39538,16066,
39539,16067,
39541,16068,
39542,16069,
39543,16070,
39544,16071,
39545,16072,
39547,16073,
39549,16074,
39550,16075,
39552,16076,
39554,16077,
39556,16078,
39557,16079,
39559,16080,
39560,16081,
39561,16082,
39562,16083,
39563,16084,
39565,16085,
39567,16086,
39570,16087,
39571,16088,
39573,16089,
39574,16090,
39576,16091,
39577,16092,
39578,16093,
39580,16094,
39582,16095,
39583,16096,
39584,16097,
39585,16098,
39587,16099,
39589,16100,
39591,16101,
39593,16102,
39594,16103,
39596,16104,
39597,16105,
39599,16106,
39601,16107,
39604,16108,
39606,16109,
39607,16110,
39608,16111,
39610,16112,
39611,16113,
39613,16114,
39614,16115,
39615,16116,
39616,16117,
39617,16118,
39618,16119,
39620,16120,
39621,16121,
39623,16122,
39625,16123,
39627,16124,
39629,16125,
39630,16126,
39632,16127,
39633,16128,
39635,16129,
39638,16130,
39640,16131,
39641,16132,
39643,16133,
39644,16134,
39645,16135,
39646,16136,
39647,16137,
39649,16138,
39651,16139,
39654,16140,
39655,16141,
39657,16142,
39659,16143,
39662,16144,
39663,16145,
39664,16146,
39666,16147,
39668,16148,
39669,16149,
39670,16150,
39671,16151,
39673,16152,
39675,16153,
39676,16154,
39678,16155,
39679,16156,
39681,16157,
39683,16158,
39685,16159,
39687,16160,
39688,16161,
39690,16162,
39691,16163,
39693,16164,
39695,16165,
39697,16166,
39699,16167,
39701,16168,
39703,16169,
39704,16170,
39705,16171,
39707,16172,
39708,16173,
39710,16174,
39712,16175,
39714,16176,
39716,16177,
39718,16178,
39720,16179,
39722,16180,
39724,16181,
39725,16182,
39726,16183,
39727,16184,
39729,16185,
39731,16186,
39732,16187,
39733,16188,
39734,16189,
39735,16190,
39736,16191,
39737,16192,
39740,16193,
39742,16194,
39744,16195,
39746,16196,
39748,16197,
39749,16198,
39750,16199,
39752,16200,
39753,16201,
39754,16202,
39756,16203,
39758,16204,
39759,16205,
39761,16206,
39763,16207,
39764,16208,
39765,16209,
39766,16210,
39767,16211,
39768,16212,
39769,16213,
39771,16214,
39772,16215,
39774,16216,
39777,16217,
39778,16218,
39780,16219,
39783,16220,
39785,16221,
39787,16222,
39789,16223,
39791,16224,
39793,16225,
39794,16226,
39796,16227,
39798,16228,
39799,16229,
39801,16230,
39803,16231,
39805,16232,
39806,16233,
39809,16234,
39810,16235,
39811,16236,
39813,16237,
39815,16238,
39817,16239,
39819,16240,
39821,16241,
39822,16242,
39824,16243,
39826,16244,
39828,16245,
39830,16246,
39832,16247,
39834,16248,
39836,16249,
39838,16250,
39839,16251,
39840,16252,
39841,16253,
39842,16254,
39844,16255,
39845,16256,
39846,16257,
39848,16258,
39850,16259,
39851,16260,
39852,16261,
39853,16262,
39855,16263,
39857,16264,
39859,16265,
39861,16266,
39863,16267,
39865,16268,
39867,16269,
39869,16270,
39870,16271,
39872,16272,
39874,16273,
39876,16274,
39878,16275,
39879,16276,
39881,16277,
39883,16278,
39886,16279,
39887,16280,
39890,16281,
39891,16282,
39892,16283,
39893,16284,
39896,16285,
39897,16286,
39899,16287,
39902,16288,
39903,16289,
39904,16290,
39906,16291,
39908,16292,
39909,16293,
39910,16294,
39911,16295,
39912,16296,
39914,16297,
39915,16298,
39916,16299,
39917,16300,
39918,16301,
39920,16302,
39922,16303,
39923,16304,
39925,16305,
39926,16306,
39927,16307,
39928,16308,
39930,16309,
39931,16310,
39933,16311,
39935,16312,
39937,16313,
39938,16314,
39940,16315,
39941,16316,
39943,16317,
39945,16318,
39947,16319,
39948,16320,
39950,16321,
39951,16322,
39952,16323,
39953,16324,
39955,16325,
39957,16326,
39959,16327,
39961,16328,
39963,16329,
39965,16330,
39967,16331,
39969,16332,
39970,16333,
39971,16334,
39973,16335,
39976,16336,
39979,16337,
39981,16338,
39983,16339,
39984,16340,
39985,16341,
39987,16342,
39989,16343,
39990,16344,
39992,16345,
39994,16346,
39995,16347,
39996,16348,
39997,16349,
39999,16350,
40001,16351,
40003,16352,
40005,16353,
40007,16354,
40009,16355,
40011,16356,
40013,16357,
40015,16358,
40017,16359,
40018,16360,
40019,16361,
40020,16362,
40022,16363,
40023,16364,
40024,16365,
40025,16366,
40028,16367,
40030,16368,
40031,16369,
40034,16370,
40036,16371,
40038,16372,
40039,16373,
40040,16374,
40041,16375,
40042,16376,
40044,16377,
40045,16378,
40047,16379,
40048,16380,
40050,16381,
40053,16382,
40054,16383,
40055,16384,
40057,16385,
40059,16386,
40061,16387,
40063,16388,
40065,16389,
40066,16390,
40068,16391,
40070,16392,
40072,16393,
40073,16394,
40074,16395,
40075,16396,
40078,16397,
40079,16398,
40080,16399,
40082,16400,
40084,16401,
40086,16402,
40087,16403,
40089,16404,
40091,16405,
40093,16406,
40094,16407,
40095,16408,
40096,16409,
40097,16410,
40099,16411,
40102,16412,
40103,16413,
40105,16414,
40107,16415,
40108,16416,
40110,16417,
40111,16418,
40112,16419,
40113,16420,
40115,16421,
40117,16422,
40119,16423,
40121,16424,
40123,16425,
40125,16426,
40128,16427,
40129,16428,
40131,16429,
40133,16430,
40134,16431,
40135,16432,
40137,16433,
40138,16434,
40139,16435,
40142,16436,
40143,16437,
40145,16438,
40147,16439,
40149,16440,
40152,16441,
40154,16442,
40155,16443,
40158,16444,
40159,16445,
40160,16446,
40161,16447,
40162,16448,
40164,16449,
40166,16450,
40168,16451,
40171,16452,
40173,16453,
40174,16454,
40175,16455,
40177,16456,
40180,16457,
40181,16458,
40182,16459,
40183,16460,
40185,16461,
40187,16462,
40188,16463,
40191,16464,
40192,16465,
40194,16466,
40197,16467,
40198,16468,
40200,16469,
40202,16470,
40203,16471,
40204,16472,
40207,16473,
40208,16474,
40209,16475,
40211,16476,
40212,16477,
40214,16478,
40216,16479,
40219,16480,
40220,16481,
40221,16482,
40223,16483,
40224,16484,
40226,16485,
40228,16486,
40229,16487,
40232,16488,
40234,16489,
40235,16490,
40237,16491,
40239,16492,
40242,16493,
40243,16494,
40244,16495,
40246,16496,
40248,16497,
40249,16498,
40250,16499,
40251,16500,
40253,16501,
40256,16502,
40257,16503,
40259,16504,
40261,16505,
40263,16506,
40264,16507,
40266,16508,
40269,16509,
40270,16510,
40271,16511,
40273,16512,
40275,16513,
40276,16514,
40278,16515,
40280,16516,
40282,16517,
40283,16518,
40285,16519,
40287,16520,
40290,16521,
40292,16522,
40295,16523,
40296,16524,
40297,16525,
40298,16526,
40300,16527,
40301,16528,
40304,16529,
40305,16530,
40306,16531,
40308,16532,
40311,16533,
40312,16534,
40316,16535,
40317,16536,
40319,16537,
40320,16538,
40322,16539,
40323,16540,
40325,16541,
40326,16542,
40329,16543,
40331,16544,
40332,16545,
40333,16546,
40335,16547,
40337,16548,
40339,16549,
40341,16550,
40343,16551,
40344,16552,
40345,16553,
40346,16554,
40347,16555,
40348,16556,
40349,16557,
40350,16558,
40351,16559,
40352,16560,
40354,16561,
40355,16562,
40356,16563,
40357,16564,
40359,16565,
40362,16566,
40363,16567,
40364,16568,
40365,16569,
40366,16570,
40368,16571,
40369,16572,
40371,16573,
40373,16574,
40375,16575,
40377,16576,
40379,16577,
40381,16578,
40382,16579,
40383,16580,
40385,16581,
40387,16582,
40389,16583,
40392,16584,
40393,16585,
40394,16586,
40396,16587,
40398,16588,
40399,16589,
40401,16590,
40402,16591,
40404,16592,
40408,16593,
40409,16594,
40410,16595,
40411,16596,
40413,16597,
40414,16598,
40416,16599,
40418,16600,
40419,16601,
40420,16602,
40421,16603,
40422,16604,
40423,16605,
40424,16606,
40425,16607,
40426,16608,
40427,16609,
40428,16610,
40429,16611,
40430,16612,
40431,16613,
40432,16614,
40433,16615,
40434,16616,
40435,16617,
40437,16618,
40439,16619,
40440,16620,
40442,16621,
40444,16622,
40445,16623,
40447,16624,
40449,16625,
40451,16626,
40453,16627,
40454,16628,
40455,16629,
40457,16630,
40460,16631,
40462,16632,
40463,16633,
40464,16634,
40466,16635,
40468,16636,
40469,16637,
40470,16638,
40471,16639,
40473,16640,
40474,16641,
40475,16642,
40476,16643,
40477,16644,
40479,16645,
40480,16646,
40482,16647,
40484,16648,
40485,16649,
40486,16650,
40487,16651,
40488,16652,
40490,16653,
40491,16654,
40492,16655,
40493,16656,
40495,16657,
40497,16658,
40498,16659,
40499,16660,
40500,16661,
40501,16662,
40503,16663,
40504,16664,
40505,16665,
40506,16666,
40507,16667,
40508,16668,
40510,16669,
40512,16670,
40514,16671,
40516,16672,
40518,16673,
40520,16674,
40521,16675,
40522,16676,
40523,16677,
40524,16678,
40525,16679,
40526,16680,
40527,16681,
40528,16682,
40529,16683,
40531,16684,
40533,16685,
40535,16686,
40536,16687,
40538,16688,
40540,16689,
40542,16690,
40544,16691,
40545,16692,
40547,16693,
40549,16694,
40553,16695,
40555,16696,
40557,16697,
40558,16698,
40559,16699,
40560,16700,
40563,16701,
40565,16702,
40567,16703,
40568,16704,
40570,16705,
40571,16706,
40573,16707,
40575,16708,
40576,16709,
40578,16710,
40580,16711,
40581,16712,
40583,16713,
40585,16714,
40588,16715,
40592,16716,
40593,16717,
40596,16718,
40597,16719,
40598,16720,
40599,16721,
40600,16722,
40602,16723,
40604,16724,
40605,16725,
40606,16726,
40607,16727,
40608,16728,
40610,16729,
40612,16730,
40614,16731,
40616,16732,
40618,16733,
40620,16734,
40621,16735,
40625,16736,
40626,16737,
40628,16738,
40629,16739,
40630,16740,
40633,16741,
40634,16742,
40636,16743,
40638,16744,
40640,16745,
40641,16746,
40643,16747,
40645,16748,
40646,16749,
40649,16750,
40651,16751,
40652,16752,
40654,16753,
40657,16754,
40658,16755,
40662,16756,
40663,16757,
40665,16758,
40667,16759,
40668,16760,
40669,16761,
40671,16762,
40672,16763,
40673,16764,
40675,16765,
40677,16766,
40678,16767,
40680,16768,
40681,16769,
40682,16770,
40683,16771,
40684,16772,
40686,16773,
40688,16774,
40689,16775,
40691,16776,
40693,16777,
40695,16778,
40696,16779,
40697,16780,
40698,16781,
40700,16782,
40702,16783,
40703,16784,
40704,16785,
40705,16786,
40706,16787,
40707,16788,
40708,16789,
40709,16790,
40712,16791,
40713,16792,
40714,16793,
40716,16794,
40718,16795,
40719,16796,
40722,16797,
40724,16798,
40727,16799,
40728,16800,
40729,16801,
40730,16802,
40733,16803,
40734,16804,
40735,16805,
40737,16806,
40738,16807,
40740,16808,
40741,16809,
40743,16810,
40744,16811,
40745,16812,
40748,16813,
40749,16814,
40750,16815,
40752,16816,
40753,16817,
40755,16818,
40756,16819,
40758,16820,
40759,16821,
40761,16822,
40763,16823,
40764,16824,
40766,16825,
40768,16826,
40769,16827,
40770,16828,
40772,16829,
40774,16830,
40776,16831,
40778,16832,
40779,16833,
40780,16834,
40782,16835,
40783,16836,
40784,16837,
40785,16838,
40786,16839,
40787,16840,
40789,16841,
40790,16842,
40791,16843,
40793,16844,
40794,16845,
40795,16846,
40797,16847,
40798,16848,
40800,16849,
40802,16850,
40803,16851,
40805,16852,
40807,16853,
40809,16854,
40810,16855,
40812,16856,
40814,16857,
40816,16858,
40817,16859,
40818,16860,
40820,16861,
40822,16862,
40824,16863,
40826,16864,
40827,16865,
40828,16866,
40829,16867,
40831,16868,
40833,16869,
40834,16870,
40836,16871,
40837,16872,
40840,16873,
40841,16874,
40843,16875,
40844,16876,
40846,16877,
40848,16878,
40852,16879,
40853,16880,
40854,16881,
40856,16882,
40858,16883,
40860,16884,
40861,16885,
40862,16886,
40863,16887,
40865,16888,
40867,16889,
40869,16890,
40871,16891,
40873,16892,
40874,16893,
40875,16894,
40876,16895,
40877,16896,
40878,16897,
40880,16898,
40882,16899,
40883,16900,
40884,16901,
40885,16902,
40886,16903,
40887,16904,
40888,16905,
40889,16906,
40890,16907,
40891,16908,
40892,16909,
40893,16910,
40894,16911,
40895,16912,
40896,16913,
40897,16914,
40898,16915,
40899,16916,
40900,16917,
40901,16918,
40902,16919,
40903,16920,
40904,16921,
40905,16922,
40906,16923,
40907,16924,
40908,16925,
40910,16926,
40911,16927,
40912,16928,
40914,16929,
40916,16930,
40917,16931,
40919,16932,
40921,16933,
40924,16934,
40925,16935,
40928,16936,
40929,16937,
40932,16938,
40933,16939,
40934,16940,
40936,16941,
40937,16942,
40939,16943,
40940,16944,
40942,16945,
40944,16946,
40945,16947,
40947,16948,
40948,16949,
40951,16950,
40953,16951,
40955,16952,
40957,16953,
40959,16954,
40960,16955,
40962,16956,
40964,16957,
40965,16958,
40966,16959,
40967,16960,
40968,16961,
40970,16962,
40972,16963,
40973,16964,
40974,16965,
40975,16966,
40977,16967,
40980,16968,
40981,16969,
40983,16970,
40988,16971,
40989,16972,
40992,16973,
40994,16974,
40996,16975,
40997,16976,
40999,16977,
41001,16978,
41003,16979,
41004,16980,
41005,16981,
41006,16982,
41009,16983,
41012,16984,
41014,16985,
41017,16986,
41018,16987,
41020,16988,
41023,16989,
41026,16990,
41030,16991,
41031,16992,
41032,16993,
41033,16994,
41034,16995,
41036,16996,
41037,16997,
41039,16998,
41041,16999,
41044,17000,
41045,17001,
41046,17002,
41047,17003,
41048,17004,
41050,17005,
41051,17006,
41052,17007,
41054,17008,
41056,17009,
41057,17010,
41059,17011,
41060,17012,
41062,17013,
41064,17014,
41067,17015,
41068,17016,
41069,17017,
41071,17018,
41072,17019,
41074,17020,
41076,17021,
41079,17022,
41080,17023,
41081,17024,
41083,17025,
41085,17026,
41087,17027,
41089,17028,
41092,17029,
41093,17030,
41095,17031,
41097,17032,
41098,17033,
41101,17034,
41104,17035,
41105,17036,
41107,17037,
41108,17038,
41109,17039,
41111,17040,
41112,17041,
41115,17042,
41116,17043,
41117,17044,
41119,17045,
41120,17046,
41121,17047,
41122,17048,
41123,17049,
41125,17050,
41128,17051,
41129,17052,
41131,17053,
41134,17054,
41136,17055,
41137,17056,
41138,17057,
41139,17058,
41140,17059,
41141,17060,
41142,17061,
41143,17062,
41144,17063,
41146,17064,
41149,17065,
41150,17066,
41151,17067,
41153,17068,
41155,17069,
41157,17070,
41160,17071,
41164,17072,
41165,17073,
41166,17074,
41167,17075,
41168,17076,
41170,17077,
41171,17078,
41172,17079,
41174,17080,
41175,17081,
41176,17082,
41177,17083,
41179,17084,
41180,17085,
41181,17086,
41182,17087,
41183,17088,
41184,17089,
41186,17090,
41188,17091,
41189,17092,
41191,17093,
41192,17094,
41194,17095,
41196,17096,
41197,17097,
41198,17098,
41199,17099,
41200,17100,
41201,17101,
41202,17102,
41204,17103,
41206,17104,
41208,17105,
41209,17106,
41211,17107,
41213,17108,
41214,17109,
41215,17110,
41216,17111,
41217,17112,
41219,17113,
41221,17114,
41222,17115,
41225,17116,
41226,17117,
41229,17118,
41230,17119,
41233,17120,
41234,17121,
41235,17122,
41237,17123,
41238,17124,
41239,17125,
41241,17126,
41242,17127,
41243,17128,
41244,17129,
41246,17130,
41250,17131,
41251,17132,
41253,17133,
41254,17134,
41255,17135,
41258,17136,
41260,17137,
41262,17138,
41264,17139,
41267,17140,
41270,17141,
41272,17142,
41273,17143,
41274,17144,
41275,17145,
41276,17146,
41278,17147,
41279,17148,
41280,17149,
41285,17150,
41286,17151,
41289,17152,
41290,17153,
41291,17154,
41292,17155,
41294,17156,
41295,17157,
41298,17158,
41300,17159,
41303,17160,
41305,17161,
41306,17162,
41307,17163,
41308,17164,
41309,17165,
41311,17166,
41312,17167,
41314,17168,
41319,17169,
41321,17170,
41322,17171,
41324,17172,
41325,17173,
41326,17174,
41327,17175,
41329,17176,
41330,17177,
41333,17178,
41335,17179,
41336,17180,
41337,17181,
41339,17182,
41341,17183,
41342,17184,
41345,17185,
41346,17186,
41348,17187,
41349,17188,
41350,17189,
41352,17190,
41353,17191,
41354,17192,
41356,17193,
41358,17194,
41360,17195,
41362,17196,
41363,17197,
41364,17198,
41367,17199,
41368,17200,
41370,17201,
41371,17202,
41373,17203,
41374,17204,
41375,17205,
41376,17206,
41378,17207,
41379,17208,
41381,17209,
41383,17210,
41385,17211,
41387,17212,
41388,17213,
41390,17214,
41392,17215,
41394,17216,
41395,17217,
41396,17218,
41397,17219,
41401,17220,
41402,17221,
41404,17222,
41405,17223,
41406,17224,
41407,17225,
41409,17226,
41411,17227,
41414,17228,
41416,17229,
41417,17230,
41418,17231,
41419,17232,
41421,17233,
41424,17234,
41425,17235,
41427,17236,
41430,17237,
41432,17238,
41433,17239,
41434,17240,
41435,17241,
41436,17242,
41437,17243,
41439,17244,
41440,17245,
41442,17246,
41443,17247,
41444,17248,
41445,17249,
41447,17250,
41448,17251,
41450,17252,
41452,17253,
41453,17254,
41454,17255,
41456,17256,
41458,17257,
41460,17258,
41462,17259,
41463,17260,
41464,17261,
41465,17262,
41466,17263,
41467,17264,
41468,17265,
41471,17266,
41472,17267,
41474,17268,
41476,17269,
41478,17270,
41479,17271,
41481,17272,
41482,17273,
41484,17274,
41485,17275,
41486,17276,
41488,17277,
41490,17278,
41492,17279,
41493,17280,
41495,17281,
41496,17282,
41498,17283,
41500,17284,
41502,17285,
41503,17286,
41505,17287,
41507,17288,
41510,17289,
41511,17290,
41513,17291,
41514,17292,
41515,17293,
41516,17294,
41517,17295,
41519,17296,
41520,17297,
41521,17298,
41522,17299,
41523,17300,
41524,17301,
41525,17302,
41528,17303,
41530,17304,
41531,17305,
41532,17306,
41536,17307,
41537,17308,
41538,17309,
41539,17310,
41540,17311,
41542,17312,
41543,17313,
41544,17314,
41545,17315,
41546,17316,
41547,17317,
41548,17318,
41549,17319,
41550,17320,
41551,17321,
41552,17322,
41553,17323,
41555,17324,
41556,17325,
41557,17326,
41558,17327,
41560,17328,
41561,17329,
41564,17330,
41565,17331,
41567,17332,
41569,17333,
41570,17334,
41572,17335,
41573,17336,
41575,17337,
41576,17338,
41577,17339,
41578,17340,
41579,17341,
41580,17342,
41581,17343,
41583,17344,
41584,17345,
41585,17346,
41586,17347,
41587,17348,
41588,17349,
41590,17350,
41592,17351,
41593,17352,
41594,17353,
41595,17354,
41596,17355,
41597,17356,
41598,17357,
41600,17358,
41601,17359,
41603,17360,
41604,17361,
41605,17362,
41606,17363,
41608,17364,
41609,17365,
41611,17366,
41613,17367,
41614,17368,
41616,17369,
41618,17370,
41620,17371,
41621,17372,
41623,17373,
41625,17374,
41629,17375,
41630,17376,
41634,17377,
41635,17378,
41636,17379,
41637,17380,
41639,17381,
41640,17382,
41641,17383,
41642,17384,
41643,17385,
41644,17386,
41645,17387,
41646,17388,
41648,17389,
41649,17390,
41652,17391,
41653,17392,
41655,17393,
41658,17394,
41659,17395,
41660,17396,
41661,17397,
41662,17398,
41663,17399,
41664,17400,
41665,17401,
41668,17402,
41670,17403,
41671,17404,
41672,17405,
41674,17406,
41676,17407,
41677,17408,
41678,17409,
41680,17410,
41681,17411,
41684,17412,
41685,17413,
41686,17414,
41687,17415,
41688,17416,
41689,17417,
41691,17418,
41692,17419,
41693,17420,
41695,17421,
41696,17422,
41698,17423,
41699,17424,
41701,17425,
41702,17426,
41703,17427,
41704,17428,
41705,17429,
41706,17430,
41707,17431,
41708,17432,
41709,17433,
41710,17434,
41711,17435,
41713,17436,
41714,17437,
41715,17438,
41716,17439,
41719,17440,
41721,17441,
41722,17442,
41724,17443,
41725,17444,
41727,17445,
41728,17446,
41729,17447,
41731,17448,
41733,17449,
41734,17450,
41736,17451,
41737,17452,
41739,17453,
41741,17454,
41743,17455,
41744,17456,
41745,17457,
41746,17458,
41747,17459,
41748,17460,
41749,17461,
41751,17462,
41753,17463,
41755,17464,
41756,17465,
41757,17466,
41758,17467,
41759,17468,
41760,17469,
41761,17470,
41762,17471,
41763,17472,
41764,17473,
41765,17474,
41766,17475,
41767,17476,
41768,17477,
41769,17478,
41770,17479,
41771,17480,
41773,17481,
41774,17482,
41775,17483,
41777,17484,
41778,17485,
41780,17486,
41782,17487,
41783,17488,
41784,17489,
41785,17490,
41786,17491,
41787,17492,
41788,17493,
41789,17494,
41791,17495,
41794,17496,
41795,17497,
41797,17498,
41798,17499,
41800,17500,
41802,17501,
41803,17502,
41806,17503,
41808,17504,
41810,17505,
41814,17506,
41815,17507,
41817,17508,
41818,17509,
41820,17510,
41821,17511,
41823,17512,
41824,17513,
41826,17514,
41827,17515,
41828,17516,
41831,17517,
41832,17518,
41833,17519,
41836,17520,
41837,17521,
41838,17522,
41840,17523,
41842,17524,
41843,17525,
41845,17526,
41846,17527,
41848,17528,
41851,17529,
41853,17530,
41856,17531,
41857,17532,
41859,17533,
41862,17534,
41863,17535,
41864,17536,
41865,17537,
41867,17538,
41869,17539,
41871,17540,
41874,17541,
41876,17542,
41877,17543,
41879,17544,
41882,17545,
41884,17546,
41886,17547,
41887,17548,
41889,17549,
41890,17550,
41891,17551,
41893,17552,
41894,17553,
41895,17554,
41896,17555,
41897,17556,
41899,17557,
41900,17558,
41901,17559,
41903,17560,
41906,17561,
41907,17562,
41909,17563,
41910,17564,
41913,17565,
41915,17566,
41917,17567,
41920,17568,
41921,17569,
41923,17570,
41925,17571,
41927,17572,
41930,17573,
41931,17574,
41933,17575,
41935,17576,
41936,17577,
41938,17578,
41939,17579,
41940,17580,
41943,17581,
41944,17582,
41946,17583,
41947,17584,
41949,17585,
41951,17586,
41953,17587,
41954,17588,
41956,17589,
41958,17590,
41960,17591,
41962,17592,
41963,17593,
41966,17594,
41967,17595,
41970,17596,
41971,17597,
41974,17598,
41975,17599,
41977,17600,
41978,17601,
41979,17602,
41981,17603,
41984,17604,
41986,17605,
41987,17606,
41990,17607,
41991,17608,
41993,17609,
41996,17610,
41998,17611,
42001,17612,
42002,17613,
42004,17614,
42005,17615,
42006,17616,
42007,17617,
42010,17618,
42012,17619,
42013,17620,
42014,17621,
42016,17622,
42017,17623,
42018,17624,
42020,17625,
42021,17626,
42023,17627,
42026,17628,
42028,17629,
42030,17630,
42031,17631,
42032,17632,
42033,17633,
42034,17634,
42036,17635,
42038,17636,
42039,17637,
42040,17638,
42041,17639,
42043,17640,
42044,17641,
42045,17642,
42046,17643,
42048,17644,
42050,17645,
42052,17646,
42053,17647,
42055,17648,
42056,17649,
42057,17650,
42058,17651,
42059,17652,
42062,17653,
42063,17654,
42064,17655,
42066,17656,
42068,17657,
42069,17658,
42071,17659,
42072,17660,
42074,17661,
42075,17662,
42077,17663,
42079,17664,
42080,17665,
42081,17666,
42084,17667,
42085,17668,
42087,17669,
42090,17670,
42091,17671,
42093,17672,
42095,17673,
42097,17674,
42099,17675,
42101,17676,
42103,17677,
42104,17678,
42105,17679,
42106,17680,
42107,17681,
42108,17682,
42109,17683,
42110,17684,
42111,17685,
42112,17686,
42113,17687,
42114,17688,
42116,17689,
42117,17690,
42120,17691,
42121,17692,
42123,17693,
42124,17694,
42126,17695,
42127,17696,
42129,17697,
42130,17698,
42131,17699,
42132,17700,
42134,17701,
42135,17702,
42137,17703,
42138,17704,
42139,17705,
42140,17706,
42142,17707,
42143,17708,
42144,17709,
42146,17710,
42147,17711,
42148,17712,
42150,17713,
42151,17714,
42152,17715,
42154,17716,
42155,17717,
42156,17718,
42157,17719,
42158,17720,
42159,17721,
42160,17722,
42161,17723,
42162,17724,
42164,17725,
42166,17726,
42167,17727,
42168,17728,
42169,17729,
42170,17730,
42171,17731,
42173,17732,
42175,17733,
42176,17734,
42177,17735,
42178,17736,
42179,17737,
42181,17738,
42182,17739,
42184,17740,
42185,17741,
42186,17742,
42187,17743,
42188,17744,
42189,17745,
42190,17746,
42191,17747,
42192,17748,
42193,17749,
42194,17750,
42195,17751,
42196,17752,
42198,17753,
42199,17754,
42201,17755,
42202,17756,
42203,17757,
42204,17758,
42205,17759,
42206,17760,
42207,17761,
42209,17762,
42211,17763,
42212,17764,
42213,17765,
42214,17766,
42215,17767,
42217,17768,
42218,17769,
42220,17770,
42221,17771,
42223,17772,
42225,17773,
42226,17774,
42228,17775,
42230,17776,
42232,17777,
42233,17778,
42234,17779,
42237,17780,
42239,17781,
42241,17782,
42242,17783,
42243,17784,
42244,17785,
42245,17786,
42247,17787,
42250,17788,
42252,17789,
42254,17790,
42256,17791,
42259,17792,
42260,17793,
42261,17794,
42263,17795,
42264,17796,
42266,17797,
42267,17798,
42269,17799,
42271,17800,
42272,17801,
42274,17802,
42277,17803,
42279,17804,
42280,17805,
42282,17806,
42284,17807,
42286,17808,
42288,17809,
42290,17810,
42291,17811,
42292,17812,
42293,17813,
42295,17814,
42297,17815,
42299,17816,
42300,17817,
42301,17818,
42303,17819,
42306,17820,
42307,17821,
42308,17822,
42311,17823,
42314,17824,
42315,17825,
42316,17826,
42317,17827,
42318,17828,
42321,17829,
42322,17830,
42323,17831,
42324,17832,
42325,17833,
42328,17834,
42329,17835,
42331,17836,
42332,17837,
42334,17838,
42339,17839,
42340,17840,
42341,17841,
42343,17842,
42344,17843,
42345,17844,
42347,17845,
42348,17846,
42350,17847,
42351,17848,
42354,17849,
42356,17850,
42358,17851,
42360,17852,
42361,17853,
42363,17854,
42364,17855,
42366,17856,
42369,17857,
42371,17858,
42373,17859,
42374,17860,
42375,17861,
42377,17862,
42379,17863,
42381,17864,
42383,17865,
42384,17866,
42386,17867,
42387,17868,
42388,17869,
42389,17870,
42390,17871,
42392,17872,
42394,17873,
42395,17874,
42396,17875,
42398,17876,
42401,17877,
42403,17878,
42404,17879,
42406,17880,
42407,17881,
42408,17882,
42411,17883,
42413,17884,
42414,17885,
42416,17886,
42417,17887,
42419,17888,
42422,17889,
42423,17890,
42424,17891,
42426,17892,
42427,17893,
42428,17894,
42429,17895,
42430,17896,
42431,17897,
42432,17898,
42433,17899,
42434,17900,
42436,17901,
42438,17902,
42440,17903,
42441,17904,
42443,17905,
42444,17906,
42445,17907,
42447,17908,
42449,17909,
42450,17910,
42452,17911,
42453,17912,
42455,17913,
42456,17914,
42457,17915,
42458,17916,
42460,17917,
42461,17918,
42463,17919,
42464,17920,
42465,17921,
42466,17922,
42467,17923,
42469,17924,
42477,17925,
42481,17926,
42483,17927,
42485,17928,
42486,17929,
42487,17930,
42491,17931,
42492,17932,
42494,17933,
42495,17934,
42496,17935,
42497,17936,
42498,17937,
42499,17938,
42500,17939,
42502,17940,
42503,17941,
42504,17942,
42505,17943,
42506,17944,
42508,17945,
42509,17946,
42510,17947,
42511,17948,
42512,17949,
42513,17950,
42514,17951,
42515,17952,
42516,17953,
42517,17954,
42518,17955,
42519,17956,
42521,17957,
42523,17958,
42524,17959,
42525,17960,
42526,17961,
42528,17962,
42529,17963,
42530,17964,
42531,17965,
42532,17966,
42533,17967,
42534,17968,
42535,17969,
42536,17970,
42537,17971,
42539,17972,
42540,17973,
42541,17974,
42542,17975,
42543,17976,
42544,17977,
42547,17978,
42549,17979,
42550,17980,
42551,17981,
42552,17982,
42553,17983,
42554,17984,
42555,17985,
42557,17986,
42558,17987,
42560,17988,
42562,17989,
42564,17990,
42565,17991,
42567,17992,
42568,17993,
42569,17994,
42570,17995,
42571,17996,
42573,17997,
42574,17998,
42575,17999,
42576,18000,
42578,18001,
42579,18002,
42580,18003,
42582,18004,
42583,18005,
42584,18006,
42585,18007,
42586,18008,
42587,18009,
42588,18010,
42589,18011,
42590,18012,
42591,18013,
42592,18014,
42593,18015,
42594,18016,
42595,18017,
42596,18018,
42599,18019,
42600,18020,
42603,18021,
42604,18022,
42605,18023,
42606,18024,
42607,18025,
42608,18026,
42609,18027,
42610,18028,
42611,18029,
42612,18030,
42614,18031,
42615,18032,
42617,18033,
42619,18034,
42620,18035,
42621,18036,
42622,18037,
42623,18038,
42626,18039,
42628,18040,
42630,18041,
42631,18042,
42633,18043,
42634,18044,
42637,18045,
42639,18046,
42641,18047,
42643,18048,
42646,18049,
42647,18050,
42648,18051,
42649,18052,
42650,18053,
42652,18054,
42654,18055,
42656,18056,
42657,18057,
42658,18058,
42660,18059,
42662,18060,
42664,18061,
42666,18062,
42668,18063,
42670,18064,
42672,18065,
42674,18066,
42677,18067,
42678,18068,
42679,18069,
42681,18070,
42683,18071,
42685,18072,
42686,18073,
42687,18074,
42688,18075,
42690,18076,
42692,18077,
42693,18078,
42694,18079,
42697,18080,
42700,18081,
42701,18082,
42702,18083,
42703,18084,
42704,18085,
42706,18086,
42707,18087,
42712,18088,
42714,18089,
42715,18090,
42717,18091,
42719,18092,
42722,18093,
42723,18094,
42724,18095,
42725,18096,
42726,18097,
42727,18098,
42729,18099,
42730,18100,
42731,18101,
42733,18102,
42734,18103,
42735,18104,
42736,18105,
42737,18106,
42739,18107,
42740,18108,
42742,18109,
42746,18110,
42747,18111,
42748,18112,
42750,18113,
42753,18114,
42754,18115,
42756,18116,
42758,18117,
42760,18118,
42761,18119,
42763,18120,
42764,18121,
42765,18122,
42766,18123,
42768,18124,
42770,18125,
42771,18126,
42772,18127,
42773,18128,
42774,18129,
42775,18130,
42777,18131,
42778,18132,
42780,18133,
42782,18134,
42783,18135,
42784,18136,
42786,18137,
42787,18138,
42788,18139,
42791,18140,
42792,18141,
42793,18142,
42794,18143,
42796,18144,
42798,18145,
42800,18146,
42801,18147,
42802,18148,
42803,18149,
42804,18150,
42805,18151,
42806,18152,
42808,18153,
42809,18154,
42810,18155,
42811,18156,
42812,18157,
42813,18158,
42814,18159,
42815,18160,
42816,18161,
42817,18162,
42818,18163,
42819,18164,
42820,18165,
42821,18166,
42822,18167,
42823,18168,
42825,18169,
42826,18170,
42827,18171,
42828,18172,
42829,18173,
42831,18174,
42833,18175,
42834,18176,
42835,18177,
42837,18178,
42838,18179,
42840,18180,
42844,18181,
42845,18182,
42846,18183,
42847,18184,
42848,18185,
42850,18186,
42852,18187,
42853,18188,
42856,18189,
42857,18190,
42858,18191,
42859,18192,
42860,18193,
42861,18194,
42863,18195,
42864,18196,
42865,18197,
42866,18198,
42868,18199,
42869,18200,
42871,18201,
42873,18202,
42875,18203,
42876,18204,
42877,18205,
42880,18206,
42881,18207,
42882,18208,
42883,18209,
42884,18210,
42885,18211,
42886,18212,
42889,18213,
42890,18214,
42892,18215,
42893,18216,
42895,18217,
42897,18218,
42899,18219,
42900,18220,
42902,18221,
42903,18222,
42905,18223,
42907,18224,
42909,18225,
42911,18226,
42912,18227,
42913,18228,
42914,18229,
42916,18230,
42918,18231,
42919,18232,
42920,18233,
42921,18234,
42922,18235,
42923,18236,
42924,18237,
42925,18238,
42926,18239,
42928,18240,
42930,18241,
42932,18242,
42933,18243,
42934,18244,
42936,18245,
42938,18246,
42941,18247,
42942,18248,
42943,18249,
42945,18250,
42946,18251,
42948,18252,
42949,18253,
42951,18254,
42952,18255,
42953,18256,
42955,18257,
42957,18258,
42958,18259,
42959,18260,
42961,18261,
42962,18262,
42963,18263,
42964,18264,
42965,18265,
42966,18266,
42967,18267,
42968,18268,
42969,18269,
42970,18270,
42971,18271,
42972,18272,
42974,18273,
42975,18274,
42977,18275,
42978,18276,
42981,18277,
42983,18278,
42985,18279,
42987,18280,
42989,18281,
42990,18282,
42995,18283,
42999,18284,
43000,18285,
43003,18286,
43008,18287,
43012,18288,
43013,18289,
43015,18290,
43016,18291,
43017,18292,
43018,18293,
43020,18294,
43022,18295,
43024,18296,
43025,18297,
43027,18298,
43028,18299,
43029,18300,
43031,18301,
43032,18302,
43033,18303,
43034,18304,
43036,18305,
43037,18306,
43038,18307,
43039,18308,
43040,18309,
43042,18310,
43043,18311,
43044,18312,
43045,18313,
43047,18314,
43048,18315,
43050,18316,
43051,18317,
43052,18318,
43054,18319,
43055,18320,
43056,18321,
43057,18322,
43058,18323,
43059,18324,
43060,18325,
43062,18326,
43063,18327,
43064,18328,
43065,18329,
43066,18330,
43068,18331,
43071,18332,
43074,18333,
43076,18334,
43078,18335,
43080,18336,
43081,18337,
43083,18338,
43084,18339,
43085,18340,
43086,18341,
43087,18342,
43088,18343,
43089,18344,
43090,18345,
43092,18346,
43094,18347,
43095,18348,
43096,18349,
43099,18350,
43100,18351,
43103,18352,
43104,18353,
43106,18354,
43109,18355,
43110,18356,
43111,18357,
43113,18358,
43115,18359,
43117,18360,
43118,18361,
43119,18362,
43120,18363,
43122,18364,
43124,18365,
43125,18366,
43126,18367,
43127,18368,
43129,18369,
43131,18370,
43136,18371,
43138,18372,
43139,18373,
43140,18374,
43143,18375,
43146,18376,
43148,18377,
43151,18378,
43152,18379,
43153,18380,
43154,18381,
43156,18382,
43158,18383,
43159,18384,
43160,18385,
43161,18386,
43162,18387,
43163,18388,
43164,18389,
43166,18390,
43168,18391,
43170,18392,
43171,18393,
43172,18394,
43173,18395,
43175,18396,
43176,18397,
43177,18398,
43178,18399,
43180,18400,
43182,18401,
43183,18402,
43184,18403,
43188,18404,
43190,18405,
43193,18406,
43194,18407,
43196,18408,
43197,18409,
43198,18410,
43199,18411,
43200,18412,
43203,18413,
43204,18414,
43205,18415,
43206,18416,
43208,18417,
43209,18418,
43210,18419,
43211,18420,
43212,18421,
43213,18422,
43216,18423,
43217,18424,
43219,18425,
43220,18426,
43221,18427,
43222,18428,
43225,18429,
43226,18430,
43228,18431,
43229,18432,
43232,18433,
43233,18434,
43234,18435,
43235,18436,
43236,18437,
43237,18438,
43238,18439,
43239,18440,
43241,18441,
43243,18442,
43247,18443,
43248,18444,
43249,18445,
43250,18446,
43252,18447,
43254,18448,
43255,18449,
43256,18450,
43257,18451,
43258,18452,
43259,18453,
43260,18454,
43264,18455,
43265,18456,
43266,18457,
43268,18458,
43269,18459,
43270,18460,
43271,18461,
43272,18462,
43273,18463,
43276,18464,
43277,18465,
43278,18466,
43279,18467,
43280,18468,
43281,18469,
43282,18470,
43283,18471,
43284,18472,
43285,18473,
43286,18474,
43287,18475,
43288,18476,
43289,18477,
43291,18478,
43292,18479,
43293,18480,
43294,18481,
43295,18482,
43297,18483,
43298,18484,
43299,18485,
43303,18486,
43305,18487,
43306,18488,
43307,18489,
43308,18490,
43309,18491,
43311,18492,
43312,18493,
43313,18494,
43314,18495,
43315,18496,
43317,18497,
43318,18498,
43320,18499,
43321,18500,
43322,18501,
43323,18502,
43324,18503,
43327,18504,
43330,18505,
43331,18506,
43333,18507,
43335,18508,
43336,18509,
43337,18510,
43339,18511,
43340,18512,
43341,18513,
43342,18514,
43343,18515,
43344,18516,
43346,18517,
43348,18518,
43350,18519,
43351,18520,
43352,18521,
43354,18522,
43356,18523,
43359,18524,
43362,18525,
43364,18526,
43365,18527,
43368,18528,
43369,18529,
43370,18530,
43372,18531,
43373,18532,
43374,18533,
43377,18534,
43378,18535,
43379,18536,
43380,18537,
43381,18538,
43382,18539,
43383,18540,
43386,18541,
43389,18542,
43390,18543,
43391,18544,
43392,18545,
43393,18546,
43394,18547,
43396,18548,
43397,18549,
43399,18550,
43400,18551,
43401,18552,
43403,18553,
43406,18554,
43407,18555,
43408,18556,
43409,18557,
43411,18558,
43412,18559,
43413,18560,
43414,18561,
43417,18562,
43419,18563,
43422,18564,
43423,18565,
43425,18566,
43426,18567,
43427,18568,
43428,18569,
43429,18570,
43430,18571,
43431,18572,
43432,18573,
43433,18574,
43434,18575,
43435,18576,
43436,18577,
43440,18578,
43442,18579,
43444,18580,
43446,18581,
43447,18582,
43451,18583,
43455,18584,
43456,18585,
43458,18586,
43460,18587,
43461,18588,
43463,18589,
43464,18590,
43468,18591,
43469,18592,
43470,18593,
43471,18594,
43473,18595,
43474,18596,
43477,18597,
43478,18598,
43479,18599,
43480,18600,
43482,18601,
43485,18602,
43487,18603,
43489,18604,
43491,18605,
43493,18606,
43494,18607,
43496,18608,
43498,18609,
43502,18610,
43504,18611,
43505,18612,
43509,18613,
43510,18614,
43512,18615,
43513,18616,
43516,18617,
43517,18618,
43518,18619,
43519,18620,
43521,18621,
43522,18622,
43523,18623,
43524,18624,
43525,18625,
43526,18626,
43528,18627,
43529,18628,
43530,18629,
43533,18630,
43536,18631,
43537,18632,
43538,18633,
43540,18634,
43541,18635,
43544,18636,
43545,18637,
43546,18638,
43549,18639,
43550,18640,
43552,18641,
43553,18642,
43556,18643,
43558,18644,
43560,18645,
43561,18646,
43562,18647,
43564,18648,
43565,18649,
43566,18650,
43568,18651,
43570,18652,
43574,18653,
43576,18654,
43578,18655,
43579,18656,
43580,18657,
43581,18658,
43582,18659,
43583,18660,
43584,18661,
43586,18662,
43588,18663,
43589,18664,
43591,18665,
43597,18666,
43598,18667,
43600,18668,
43602,18669,
43604,18670,
43606,18671,
43608,18672,
43609,18673,
43610,18674,
43612,18675,
43613,18676,
43614,18677,
43615,18678,
43616,18679,
43617,18680,
43618,18681,
43619,18682,
43620,18683,
43622,18684,
43623,18685,
43625,18686,
43626,18687,
43627,18688,
43631,18689,
43632,18690,
43633,18691,
43634,18692,
43635,18693,
43636,18694,
43637,18695,
43639,18696,
43641,18697,
43642,18698,
43644,18699,
43647,18700,
43649,18701,
43650,18702,
43651,18703,
43652,18704,
43654,18705,
43656,18706,
43658,18707,
43659,18708,
43661,18709,
43662,18710,
43663,18711,
43664,18712,
43667,18713,
43669,18714,
43672,18715,
43673,18716,
43674,18717,
43677,18718,
43678,18719,
43680,18720,
43682,18721,
43683,18722,
43686,18723,
43688,18724,
43690,18725,
43692,18726,
43694,18727,
43696,18728,
43697,18729,
43699,18730,
43702,18731,
43703,18732,
43704,18733,
43705,18734,
43706,18735,
43709,18736,
43711,18737,
43713,18738,
43714,18739,
43716,18740,
43718,18741,
43719,18742,
43720,18743,
43721,18744,
43727,18745,
43728,18746,
43730,18747,
43731,18748,
43733,18749,
43735,18750,
43736,18751,
43737,18752,
43739,18753,
43741,18754,
43742,18755,
43743,18756,
43744,18757,
43745,18758,
43746,18759,
43747,18760,
43748,18761,
43750,18762,
43752,18763,
43753,18764,
43756,18765,
43757,18766,
43759,18767,
43762,18768,
43764,18769,
43765,18770,
43766,18771,
43767,18772,
43768,18773,
43769,18774,
43770,18775,
43772,18776,
43773,18777,
43774,18778,
43775,18779,
43776,18780,
43777,18781,
43778,18782,
43779,18783,
43781,18784,
43782,18785,
43784,18786,
43786,18787,
43787,18788,
43788,18789,
43789,18790,
43790,18791,
43793,18792,
43794,18793,
43797,18794,
43800,18795,
43802,18796,
43803,18797,
43804,18798,
43806,18799,
43807,18800,
43808,18801,
43809,18802,
43811,18803,
43812,18804,
43813,18805,
43814,18806,
43815,18807,
43816,18808,
43817,18809,
43818,18810,
43820,18811,
43822,18812,
43824,18813,
43825,18814,
43827,18815,
43829,18816,
43832,18817,
43833,18818,
43834,18819,
43835,18820,
43836,18821,
43837,18822,
43838,18823,
43839,18824,
43840,18825,
43841,18826,
43842,18827,
43843,18828,
43844,18829,
43845,18830,
43846,18831,
43849,18832,
43851,18833,
43853,18834,
43854,18835,
43855,18836,
43856,18837,
43858,18838,
43861,18839,
43863,18840,
43865,18841,
43867,18842,
43868,18843,
43870,18844,
43871,18845,
43872,18846,
43873,18847,
43874,18848,
43878,18849,
43880,18850,
43881,18851,
43882,18852,
43883,18853,
43886,18854,
43887,18855,
43888,18856,
43889,18857,
43891,18858,
43893,18859,
43894,18860,
43895,18861,
43896,18862,
43897,18863,
43899,18864,
43901,18865,
43902,18866,
43904,18867,
43907,18868,
43909,18869,
43912,18870,
43914,18871,
43916,18872,
43917,18873,
43919,18874,
43921,18875,
43923,18876,
43926,18877,
43929,18878,
43930,18879,
43932,18880,
43933,18881,
43935,18882,
43938,18883,
43939,18884,
43940,18885,
43943,18886,
43945,18887,
43946,18888,
43947,18889,
43949,18890,
43950,18891,
43951,18892,
43952,18893,
43954,18894,
43956,18895,
43957,18896,
43959,18897,
43960,18898,
43961,18899,
43962,18900,
43964,18901,
43965,18902,
43966,18903,
43968,18904,
43969,18905,
43970,18906,
43971,18907,
43974,18908,
43975,18909,
43976,18910,
43977,18911,
43979,18912,
43981,18913,
43982,18914,
43983,18915,
43984,18916,
43986,18917,
43988,18918,
43990,18919,
43996,18920,
43998,18921,
43999,18922,
44000,18923,
44001,18924,
44004,18925,
44005,18926,
44006,18927,
44007,18928,
44008,18929,
44010,18930,
44011,18931,
44013,18932,
44014,18933,
44015,18934,
44016,18935,
44017,18936,
44019,18937,
44021,18938,
44023,18939,
44714,18940,
46398,18941,
46403,18942,
46404,18943,
46405,18944,
46407,18945,
46410,18946,
46411,18947,
46416,18948,
46418,18949,
46419,18950,
46427,18951,
46452,18952,
46454,18953,
46575,18954,
46579,18955,
46581,18956,
46631,18957,
46635,18958,
46640,18959,
46647,18960,
46797,18961,
46798,18962,
46812,18963,
47011,18964,
47012,18965,
47014,18966,
47474,18967,
47482,18968,
47483,18969,
47857,18970,
47916,18971,
47917,18972,
48302,18973,
48304,18974,
48307,18975,
48332,18976,
48333,18977,
48401,18978,
48406,18979,
48407,18980,
48409,18981,
48830,18982,
48857,18983,
48858,18984,
48864,18985,
49291,18986,
49301,18987,
49317,18988,
49318,18989,
49319,18990,
49320,18991,
50761,18992,
50765,18993,
51245,18994,
51246,18995,
51250,18996,
51264,18997,
51265,18998,
51269,18999,
51281,19000,
51286,19001,
51287,19002,
51302,19003,
51303,19004,
51307,19005,
51392,19006,
51417,19007,
51421,19008,
51422,19009,
51423,19010,
51495,19011,
51500,19012,
51552,19013,
51556,19014,
51563,19015,
52405,19016,
52417,19017,
52439,19018,
52440,19019,
52441,19020,
52443,19021,
52480,19022,
52506,19023,
52508,19024,
52558,19025,
52705,19026,
52726,19027,
52738,19028,
52753,19029,
52755,19030,
52756,19031,
52759,19032,
52761,19033,
52763,19034,
52766,19035,
52770,19036,
52772,19037,
52776,19038,
52778,19039,
52780,19040,
53333,19041,
53334,19042,
53357,19043,
53358,19044,
53360,19045,
53362,19046,
53363,19047,
53365,19048,
56635,19049,
56636,19050,
56668,19051,
56797,19052,
56858,19053,
56859,19054,
56865,19055,
56868,19056,
57040,19057,
57044,19058,
57046,19059,
57051,19060,
57053,19061,
57057,19062,
57060,19063,
57114,19064,
57115,19065,
57116,19066,
59097,19067,
59098,19068,
59162,19069,
59164,19070,
59165,19071,
59166,19072,
59168,19073,
59169,19074,
59171,19075,
59172,19076,
59173,19077,
59174,19078,
59176,19079,
59179,19080,
59180,19081,
59181,19082,
59183,19083,
59185,19084,
59187,19085,
59188,19086,
59189,19087,
59190,19088,
59191,19089,
59193,19090,
59195,19091,
59196,19092,
59197,19093,
59199,19094,
59201,19095,
59203,19096,
59204,19097,
59205,19098,
59207,19099,
59208,19100,
59210,19101,
59211,19102,
59212,19103,
59213,19104,
59214,19105,
59216,19106,
59218,19107,
59220,19108,
59222,19109,
59225,19110,
59226,19111,
59229,19112,
59230,19113,
59231,19114,
59232,19115,
59233,19116,
59236,19117,
59237,19118,
59238,19119,
59239,19120,
59241,19121,
59242,19122,
59243,19123,
59246,19124,
59247,19125,
59248,19126,
59250,19127,
59252,19128,
59253,19129,
59255,19130,
59256,19131,
59258,19132,
59259,19133,
59261,19134,
59264,19135,
59265,19136,
59266,19137,
59267,19138,
59269,19139,
59271,19140,
59272,19141,
59273,19142,
59275,19143,
59277,19144,
59278,19145,
59280,19146,
59281,19147,
59282,19148,
59284,19149,
59285,19150,
59286,19151,
59287,19152,
59289,19153,
59291,19154,
59293,19155,
59294,19156,
59296,19157,
59298,19158,
59299,19159,
59300,19160,
59302,19161,
59304,19162,
59305,19163,
59306,19164,
59308,19165,
59309,19166,
59310,19167,
59312,19168,
59314,19169,
59316,19170,
59317,19171,
59318,19172,
59320,19173,
59322,19174,
59324,19175,
59325,19176,
59327,19177,
59329,19178,
59330,19179,
59331,19180,
59333,19181,
59335,19182,
59337,19183,
59339,19184,
59341,19185,
59342,19186,
59343,19187,
59345,19188,
59347,19189,
59349,19190,
59350,19191,
59352,19192,
59354,19193,
59355,19194,
59357,19195,
59358,19196,
59359,19197,
59361,19198,
59363,19199,
59368,19200,
59369,19201,
59371,19202,
59372,19203,
59375,19204,
59376,19205,
59377,19206,
59378,19207,
59380,19208,
59381,19209,
59383,19210,
59385,19211,
59386,19212,
59387,19213,
59388,19214,
59389,19215,
59390,19216,
59391,19217,
59392,19218,
59393,19219,
59395,19220,
59397,19221,
59399,19222,
59400,19223,
59401,19224,
59404,19225,
59405,19226,
59406,19227,
59407,19228,
59408,19229,
59410,19230,
59411,19231,
59412,19232,
59413,19233,
59414,19234,
59416,19235,
59417,19236,
59418,19237,
59420,19238,
59421,19239,
59422,19240,
59423,19241,
59425,19242,
59426,19243,
59428,19244,
59430,19245,
59431,19246,
59432,19247,
59435,19248,
59436,19249,
59437,19250,
59439,19251,
59440,19252,
59442,19253,
59443,19254,
59444,19255,
59445,19256,
59447,19257,
59449,19258,
59450,19259,
59452,19260,
59453,19261,
59454,19262,
59456,19263,
59457,19264,
59458,19265,
59459,19266,
59461,19267,
59463,19268,
59465,19269,
59466,19270,
59468,19271,
59470,19272,
59471,19273,
59473,19274,
59475,19275,
59477,19276,
59478,19277,
59480,19278,
59481,19279,
59483,19280,
59484,19281,
59486,19282,
59488,19283,
59489,19284,
59490,19285,
59491,19286,
59493,19287,
59495,19288,
59496,19289,
59497,19290,
59499,19291,
59501,19292,
59503,19293,
59504,19294,
59507,19295,
59508,19296,
59511,19297,
59515,19298,
59516,19299,
59517,19300,
59519,19301,
59520,19302,
59522,19303,
59525,19304,
59526,19305,
59528,19306,
59530,19307,
59531,19308,
59532,19309,
59533,19310,
59534,19311,
59535,19312,
59536,19313,
59538,19314,
59539,19315,
59540,19316,
59542,19317,
59543,19318,
59544,19319,
59545,19320,
59547,19321,
59550,19322,
59552,19323,
59554,19324,
59555,19325,
59557,19326,
59558,19327,
59559,19328,
59562,19329,
59565,19330,
59566,19331,
59569,19332,
59571,19333,
59572,19334,
59573,19335,
59574,19336,
59575,19337,
59576,19338,
59578,19339,
59580,19340,
59581,19341,
59582,19342,
59584,19343,
59586,19344,
59588,19345,
59589,19346,
59590,19347,
59591,19348,
59593,19349,
59595,19350,
59597,19351,
59599,19352,
59600,19353,
59601,19354,
59603,19355,
59604,19356,
59605,19357,
59606,19358,
59607,19359,
59608,19360,
59609,19361,
59610,19362,
59611,19363,
59612,19364,
59613,19365,
59615,19366,
59616,19367,
59618,19368,
59619,19369,
59621,19370,
59622,19371,
59623,19372,
59624,19373,
59625,19374,
59626,19375,
59627,19376,
59628,19377,
59629,19378,
59630,19379,
59631,19380,
59632,19381,
59633,19382,
59634,19383,
59635,19384,
59636,19385,
59638,19386,
59640,19387,
59641,19388,
59642,19389,
59643,19390,
59644,19391,
59645,19392,
59646,19393,
59648,19394,
59649,19395,
59651,19396,
59654,19397,
59655,19398,
59657,19399,
59659,19400,
59660,19401,
59661,19402,
59662,19403,
59664,19404,
59665,19405,
59667,19406,
59669,19407,
59670,19408,
59672,19409,
59673,19410,
59674,19411,
59676,19412,
59678,19413,
59679,19414,
59681,19415,
59682,19416,
59684,19417,
59686,19418,
59687,19419,
59689,19420,
59693,19421,
59694,19422,
59696,19423,
59698,19424,
59699,19425,
59701,19426,
59703,19427,
59705,19428,
59707,19429,
59709,19430,
59711,19431,
59712,19432,
59714,19433,
59715,19434,
59718,19435,
59719,19436,
59720,19437,
59721,19438,
59723,19439,
59725,19440,
59728,19441,
59729,19442,
59730,19443,
59731,19444,
59732,19445,
59733,19446,
59734,19447,
59738,19448,
59739,19449,
59740,19450,
59742,19451,
59743,19452,
59744,19453,
59745,19454,
59746,19455,
59747,19456,
59748,19457,
59749,19458,
59750,19459,
59751,19460,
59752,19461,
59753,19462,
59754,19463,
59755,19464,
59757,19465,
59758,19466,
59760,19467,
59761,19468,
59763,19469,
59764,19470,
59765,19471,
59766,19472,
59767,19473,
59768,19474,
59769,19475,
59771,19476,
59772,19477,
59774,19478,
59775,19479,
59777,19480,
59778,19481,
59779,19482,
59780,19483,
59781,19484,
59782,19485,
59783,19486,
59785,19487,
59786,19488,
59787,19489,
59788,19490,
59790,19491,
59793,19492,
59794,19493,
59796,19494,
59797,19495,
59798,19496,
59799,19497,
59800,19498,
59801,19499,
59803,19500,
59804,19501,
59806,19502,
59807,19503,
59809,19504,
59810,19505,
59811,19506,
59813,19507,
59814,19508,
59816,19509,
59817,19510,
59819,19511,
59820,19512,
59821,19513,
59822,19514,
59824,19515,
59825,19516,
59827,19517,
59828,19518,
59830,19519,
59832,19520,
59833,19521,
59834,19522,
59835,19523,
59837,19524,
59839,19525,
59842,19526,
59844,19527,
59846,19528,
59849,19529,
59850,19530,
59852,19531,
59853,19532,
59855,19533,
59856,19534,
59857,19535,
59859,19536,
59861,19537,
59862,19538,
59863,19539,
59865,19540,
59867,19541,
59868,19542,
59870,19543,
59873,19544,
59875,19545,
59877,19546,
59878,19547,
59879,19548,
59881,19549,
59884,19550,
59885,19551,
59887,19552,
59888,19553,
59891,19554,
59892,19555,
59895,19556,
59896,19557,
59897,19558,
59898,19559,
59899,19560,
59900,19561,
59901,19562,
59902,19563,
59903,19564,
59904,19565,
59905,19566,
59906,19567,
59909,19568,
59910,19569,
59911,19570,
59913,19571,
59914,19572,
59917,19573,
59919,19574,
59921,19575,
59923,19576,
59924,19577,
59926,19578,
59928,19579,
59930,19580,
59933,19581,
59934,19582,
59935,19583,
59937,19584,
59938,19585,
59940,19586,
59942,19587,
59944,19588,
59946,19589,
59948,19590,
59950,19591,
59951,19592,
59954,19593,
59955,19594,
59959,19595,
59960,19596,
59962,19597,
59963,19598,
59964,19599,
59965,19600,
59969,19601,
59970,19602,
59972,19603,
59973,19604,
59974,19605,
59977,19606,
59979,19607,
59980,19608,
59982,19609,
59984,19610,
59987,19611,
59988,19612,
59989,19613,
59990,19614,
59991,19615,
59992,19616,
59993,19617,
59995,19618,
59996,19619,
59998,19620,
59999,19621,
60001,19622,
60003,19623,
60005,19624,
60006,19625,
60008,19626,
60010,19627,
60011,19628,
60012,19629,
60013,19630,
60014,19631,
60015,19632,
60016,19633,
60017,19634,
60018,19635,
60019,19636,
60020,19637,
60021,19638,
60022,19639,
60024,19640,
60026,19641,
60027,19642,
60028,19643,
60029,19644,
60031,19645,
60035,19646,
60036,19647,
60039,19648,
60040,19649,
60042,19650,
60043,19651,
60044,19652,
60045,19653,
60048,19654,
60049,19655,
60051,19656,
60053,19657,
60055,19658,
60056,19659,
60058,19660,
60059,19661,
60060,19662,
60061,19663,
60062,19664,
60063,19665,
60064,19666,
60065,19667,
60066,19668,
60067,19669,
60068,19670,
60069,19671,
60070,19672,
60071,19673,
60072,19674,
60073,19675,
60074,19676,
60076,19677,
60077,19678,
60079,19679,
60080,19680,
60081,19681,
60083,19682,
60084,19683,
60085,19684,
60086,19685,
60087,19686,
60088,19687,
60089,19688,
60090,19689,
60091,19690,
60092,19691,
60093,19692,
60094,19693,
60095,19694,
60096,19695,
60097,19696,
60098,19697,
60099,19698,
60100,19699,
60102,19700,
60103,19701,
60105,19702,
60107,19703,
60108,19704,
60110,19705,
60111,19706,
60112,19707,
60113,19708,
60115,19709,
60117,19710,
60118,19711,
60119,19712,
60123,19713,
60124,19714,
60125,19715,
60128,19716,
60129,19717,
60131,19718,
60133,19719,
60135,19720,
60137,19721,
60138,19722,
60139,19723,
60140,19724,
60141,19725,
60142,19726,
60143,19727,
60144,19728,
60145,19729,
60146,19730,
60147,19731,
60148,19732,
60149,19733,
60150,19734,
60151,19735,
60153,19736,
60155,19737,
60156,19738,
60157,19739,
60159,19740,
60160,19741,
60161,19742,
60164,19743,
60165,19744,
60166,19745,
60167,19746,
60168,19747,
60169,19748,
60170,19749,
60171,19750,
60172,19751,
60173,19752,
60174,19753,
60175,19754,
60176,19755,
60177,19756,
60178,19757,
60179,19758,
60180,19759,
60181,19760,
60182,19761,
60183,19762,
60185,19763,
60186,19764,
60187,19765,
60188,19766,
60189,19767,
60190,19768,
60192,19769,
60193,19770,
60195,19771,
60197,19772,
60199,19773,
60200,19774,
60203,19775,
60204,19776,
60206,19777,
60207,19778,
60210,19779,
60214,19780,
60216,19781,
60217,19782,
60218,19783,
60220,19784,
60222,19785,
60225,19786,
60226,19787,
60228,19788,
60229,19789,
60230,19790,
60231,19791,
60232,19792,
60233,19793,
60234,19794,
60235,19795,
60237,19796,
60239,19797,
60241,19798,
60242,19799,
60243,19800,
60244,19801,
60246,19802,
60247,19803,
60248,19804,
60250,19805,
60251,19806,
60253,19807,
60255,19808,
60256,19809,
60257,19810,
60260,19811,
60261,19812,
60262,19813,
60263,19814,
60264,19815,
60266,19816,
60268,19817,
60269,19818,
60270,19819,
60271,19820,
60272,19821,
60273,19822,
60275,19823,
60277,19824,
60278,19825,
60279,19826,
60281,19827,
60282,19828,
60283,19829,
60284,19830,
60286,19831,
60287,19832,
60288,19833,
60289,19834,
60290,19835,
60291,19836,
60292,19837,
60294,19838,
60295,19839,
60297,19840,
60298,19841,
60299,19842,
60300,19843,
60301,19844,
60302,19845,
60304,19846,
60305,19847,
60306,19848,
60307,19849,
60308,19850,
60310,19851,
60312,19852,
60314,19853,
60322,19854,
60323,19855,
60324,19856,
60325,19857,
60327,19858,
60328,19859,
60329,19860,
60330,19861,
60331,19862,
60332,19863,
60336,19864,
60337,19865,
60338,19866,
60339,19867,
60340,19868,
60341,19869,
60342,19870,
60343,19871,
60344,19872,
60346,19873,
60347,19874,
60348,19875,
60349,19876,
60350,19877,
60351,19878,
60352,19879,
60353,19880,
60354,19881,
60355,19882,
60356,19883,
60357,19884,
60358,19885,
60359,19886,
60360,19887,
60362,19888,
60363,19889,
60364,19890,
60365,19891,
60366,19892,
60367,19893,
60368,19894,
60371,19895,
60375,19896,
60376,19897,
60377,19898,
60378,19899,
60379,19900,
60380,19901,
60381,19902,
60382,19903,
60383,19904,
60384,19905,
60385,19906,
60386,19907,
60387,19908,
60388,19909,
60389,19910,
60390,19911,
60391,19912,
60392,19913,
60393,19914,
60394,19915,
60395,19916,
60396,19917,
60397,19918,
60398,19919,
60399,19920,
60400,19921,
60401,19922,
60402,19923,
60403,19924,
60404,19925,
60406,19926,
60407,19927,
60408,19928,
60409,19929,
60410,19930,
60411,19931,
60412,19932,
60413,19933,
60414,19934,
60415,19935,
60416,19936,
60417,19937,
60418,19938,
60419,19939,
60420,19940,
60421,19941,
60422,19942,
60424,19943,
60425,19944,
60426,19945,
60427,19946,
60428,19947,
60429,19948,
60430,19949,
60431,19950,
60432,19951,
60434,19952,
60436,19953,
60437,19954,
60438,19955,
60439,19956,
60440,19957,
60441,19958,
60442,19959,
60443,19960,
60444,19961,
60446,19962,
60447,19963,
60448,19964,
60449,19965,
60450,19966,
60451,19967,
60452,19968,
60455,19969,
60456,19970,
60458,19971,
60459,19972,
60460,19973,
60461,19974,
60462,19975,
60463,19976,
60466,19977,
60467,19978,
60468,19979,
60469,19980,
60470,19981,
60471,19982,
60472,19983,
60474,19984,
60476,19985,
60477,19986,
60478,19987,
60479,19988,
60480,19989,
60482,19990,
60483,19991,
60484,19992,
60485,19993,
60486,19994,
60487,19995,
60488,19996,
60489,19997,
60490,19998,
60491,19999,
60492,20000,
60493,20001,
60494,20002,
60495,20003,
60497,20004,
60498,20005,
60499,20006,
60501,20007,
60502,20008,
60504,20009,
60505,20010,
60506,20011,
60507,20012,
60509,20013,
60510,20014,
60511,20015,
60512,20016,
60513,20017,
60514,20018,
60515,20019,
60519,20020,
60521,20021,
60523,20022,
60525,20023,
60526,20024,
60527,20025,
60528,20026,
60529,20027,
60530,20028,
60531,20029,
60532,20030,
60533,20031,
60534,20032,
60536,20033,
60537,20034,
60538,20035,
60539,20036,
60540,20037,
60542,20038,
60543,20039,
60545,20040,
60546,20041,
60547,20042,
60548,20043,
60551,20044,
60552,20045,
60554,20046,
60555,20047,
60557,20048,
60561,20049,
60563,20050,
60565,20051,
60567,20052,
60569,20053,
60571,20054,
60572,20055,
60573,20056,
60574,20057,
60575,20058,
60577,20059,
60578,20060,
60579,20061,
60580,20062,
60581,20063,
60583,20064,
60584,20065,
60585,20066,
60587,20067,
60588,20068,
60591,20069,
60592,20070,
60593,20071,
60596,20072,
60597,20073,
60599,20074,
60601,20075,
60602,20076,
60604,20077,
60605,20078,
60606,20079,
60608,20080,
60611,20081,
60613,20082,
60615,20083,
60616,20084,
60617,20085,
60618,20086,
60620,20087,
60622,20088,
60623,20089,
60624,20090,
60626,20091,
60627,20092,
60629,20093,
60631,20094,
60633,20095,
60635,20096,
60636,20097,
60637,20098,
60639,20099,
60641,20100,
60643,20101,
60645,20102,
60646,20103,
60648,20104,
60650,20105,
60652,20106,
60654,20107,
60656,20108,
60658,20109,
60659,20110,
60661,20111,
60663,20112,
60664,20113,
60666,20114,
60668,20115,
60670,20116,
60672,20117,
60673,20118,
60675,20119,
60677,20120,
60678,20121,
60681,20122,
60682,20123,
60684,20124,
60686,20125,
60687,20126,
60688,20127,
60689,20128,
60690,20129,
60692,20130,
60693,20131,
60694,20132,
60695,20133,
60696,20134,
60698,20135,
60699,20136,
60700,20137,
60701,20138,
60702,20139,
60703,20140,
60704,20141,
60705,20142,
60707,20143,
60708,20144,
60709,20145,
60711,20146,
60713,20147,
60714,20148,
60715,20149,
60716,20150,
60717,20151,
60719,20152,
60720,20153,
60722,20154,
60724,20155,
60725,20156,
60727,20157,
60728,20158,
60729,20159,
60731,20160,
60732,20161,
60734,20162,
60735,20163,
60736,20164,
60737,20165,
60739,20166,
60741,20167,
60743,20168,
60745,20169,
60746,20170,
60748,20171,
60750,20172,
60752,20173,
60753,20174,
60754,20175,
60755,20176,
60756,20177,
60757,20178,
60758,20179,
60759,20180,
60760,20181,
60761,20182,
60762,20183,
60764,20184,
60765,20185,
60766,20186,
60767,20187,
60768,20188,
60769,20189,
60770,20190,
60772,20191,
60773,20192,
60774,20193,
60775,20194,
60776,20195,
60778,20196,
60780,20197,
60782,20198,
60783,20199,
60784,20200,
60785,20201,
60786,20202,
60788,20203,
60789,20204,
60791,20205,
60793,20206,
60794,20207,
60795,20208,
60796,20209,
60797,20210,
60798,20211,
60799,20212,
60801,20213,
60802,20214,
60803,20215,
60804,20216,
60805,20217,
60806,20218,
60808,20219,
60810,20220,
60812,20221,
60813,20222,
60816,20223,
60817,20224,
60819,20225,
60820,20226,
60821,20227,
60822,20228,
60825,20229,
60826,20230,
60827,20231,
60828,20232,
60829,20233,
60830,20234,
60831,20235,
60833,20236,
60834,20237,
60835,20238,
60837,20239,
60838,20240,
60839,20241,
60840,20242,
60841,20243,
60842,20244,
60843,20245,
60844,20246,
60846,20247,
60847,20248,
60848,20249,
60850,20250,
60853,20251,
60855,20252,
60856,20253,
60857,20254,
60858,20255,
60859,20256,
60862,20257,
60863,20258,
60864,20259,
60866,20260,
60867,20261,
60869,20262,
60871,20263,
60873,20264,
60874,20265,
60875,20266,
60876,20267,
60877,20268,
60878,20269,
60879,20270,
60880,20271,
60881,20272,
60883,20273,
60884,20274,
60885,20275,
60887,20276,
60889,20277,
60891,20278,
60894,20279,
60896,20280,
60897,20281,
60899,20282,
60901,20283,
60902,20284,
60903,20285,
60905,20286,
60906,20287,
60907,20288,
60909,20289,
60910,20290,
60911,20291,
60912,20292,
60913,20293,
60914,20294,
60915,20295,
60916,20296,
60917,20297,
60918,20298,
60919,20299,
60920,20300,
60921,20301,
60922,20302,
60924,20303,
60926,20304,
60928,20305,
60930,20306,
60931,20307,
60932,20308,
60934,20309,
60935,20310,
60937,20311,
60939,20312,
60940,20313,
60941,20314,
60942,20315,
60944,20316,
60945,20317,
60946,20318,
60947,20319,
60948,20320,
60949,20321,
60950,20322,
60951,20323,
60952,20324,
60954,20325,
60955,20326,
60957,20327,
60959,20328,
60960,20329,
60961,20330,
60962,20331,
60963,20332,
60966,20333,
60967,20334,
60968,20335,
60969,20336,
60971,20337,
60972,20338,
60973,20339,
60974,20340,
60975,20341,
60976,20342,
60978,20343,
60980,20344,
60984,20345,
60985,20346,
60986,20347,
60987,20348,
60989,20349,
60990,20350,
60991,20351,
60992,20352,
60993,20353,
60994,20354,
60998,20355,
60999,20356,
61000,20357,
61001,20358,
61002,20359,
61003,20360,
61006,20361,
61007,20362,
61008,20363,
61010,20364,
61011,20365,
61012,20366,
61013,20367,
61015,20368,
61016,20369,
61017,20370,
61018,20371,
61019,20372,
61021,20373,
61022,20374,
61024,20375,
61026,20376,
61027,20377,
61028,20378,
61030,20379,
61031,20380,
61033,20381,
61036,20382,
61038,20383,
61040,20384,
61041,20385,
61043,20386,
61045,20387,
61046,20388,
61048,20389,
61049,20390,
61053,20391,
61054,20392,
61055,20393,
61057,20394,
61059,20395,
61060,20396,
61062,20397,
61063,20398,
61065,20399,
61066,20400,
61067,20401,
61068,20402,
61069,20403,
61070,20404,
61071,20405,
61072,20406,
61074,20407,
61075,20408,
61076,20409,
61077,20410,
61078,20411,
61079,20412,
61080,20413,
61081,20414,
61082,20415,
61083,20416,
61084,20417,
61086,20418,
61087,20419,
61089,20420,
61090,20421,
61091,20422,
61092,20423,
61094,20424,
61096,20425,
61097,20426,
61098,20427,
61099,20428,
61100,20429,
61102,20430,
61103,20431,
61105,20432,
61106,20433,
61108,20434,
61109,20435,
61112,20436,
61114,20437,
61115,20438,
61116,20439,
61118,20440,
61119,20441,
61120,20442,
61121,20443,
61126,20444,
61128,20445,
61129,20446,
61130,20447,
61131,20448,
61132,20449,
61133,20450,
61134,20451,
61137,20452,
61138,20453,
61141,20454,
61142,20455,
61143,20456,
61146,20457,
61148,20458,
61149,20459,
61150,20460,
61151,20461,
61152,20462,
61153,20463,
61156,20464,
61157,20465,
61158,20466,
61159,20467,
61160,20468,
61161,20469,
61162,20470,
61163,20471,
61165,20472,
61166,20473,
61167,20474,
61169,20475,
61171,20476,
61174,20477,
61175,20478,
61176,20479,
61178,20480,
61179,20481,
61180,20482,
61181,20483,
61182,20484,
61184,20485,
61186,20486,
61188,20487,
61191,20488,
61192,20489,
61195,20490,
61197,20491,
61198,20492,
61200,20493,
61202,20494,
61203,20495,
61204,20496,
61205,20497,
61206,20498,
61208,20499,
61209,20500,
61210,20501,
61211,20502,
61213,20503,
61215,20504,
61216,20505,
61217,20506,
61218,20507,
61220,20508,
61221,20509,
61222,20510,
61223,20511,
61224,20512,
61225,20513,
61226,20514,
61227,20515,
61228,20516,
61229,20517,
61230,20518,
61232,20519,
61233,20520,
61234,20521,
61236,20522,
61237,20523,
61238,20524,
61239,20525,
61240,20526,
61242,20527,
61243,20528,
61245,20529,
61248,20530,
61249,20531,
61250,20532,
61251,20533,
61252,20534,
61254,20535,
61255,20536,
61257,20537,
61258,20538,
61260,20539,
61262,20540,
61264,20541,
61266,20542,
61267,20543,
61268,20544,
61269,20545,
61272,20546,
61273,20547,
61274,20548,
61275,20549,
61276,20550,
61277,20551,
61279,20552,
61281,20553,
61282,20554,
61283,20555,
61284,20556,
61285,20557,
61286,20558,
61289,20559,
61290,20560,
61291,20561,
61292,20562,
61294,20563,
61295,20564,
61296,20565,
61297,20566,
61298,20567,
61299,20568,
61300,20569,
61301,20570,
61302,20571,
61303,20572,
61304,20573,
61306,20574,
61308,20575,
61309,20576,
61310,20577,
61311,20578,
61312,20579,
61313,20580,
61315,20581,
61318,20582,
61319,20583,
61320,20584,
61321,20585,
61322,20586,
61323,20587,
61324,20588,
61325,20589,
61327,20590,
61328,20591,
61330,20592,
61331,20593,
61332,20594,
61335,20595,
61336,20596,
61337,20597,
61338,20598,
61339,20599,
61341,20600,
61343,20601,
61344,20602,
61346,20603,
61348,20604,
61349,20605,
61350,20606,
61352,20607,
61354,20608,
61355,20609,
61356,20610,
61359,20611,
61360,20612,
61361,20613,
61363,20614,
61365,20615,
61366,20616,
61368,20617,
61370,20618,
61373,20619,
61374,20620,
61375,20621,
61377,20622,
61379,20623,
61380,20624,
61381,20625,
61382,20626,
61383,20627,
61384,20628,
61385,20629,
61386,20630,
61387,20631,
61388,20632,
61389,20633,
61390,20634,
61393,20635,
61394,20636,
61395,20637,
61396,20638,
61397,20639,
61399,20640,
61401,20641,
61403,20642,
61405,20643,
61406,20644,
61407,20645,
61411,20646,
61412,20647,
61413,20648,
61414,20649,
61415,20650,
61417,20651,
61418,20652,
61419,20653,
61420,20654,
61421,20655,
61422,20656,
61424,20657,
61425,20658,
61426,20659,
61428,20660,
61429,20661,
61430,20662,
61431,20663,
61432,20664,
61434,20665,
61435,20666,
61437,20667,
61438,20668,
61440,20669,
61441,20670,
61442,20671,
61444,20672,
61446,20673,
61447,20674,
61449,20675,
61451,20676,
61453,20677,
61454,20678,
61455,20679,
61457,20680,
61458,20681,
61459,20682,
61460,20683,
61461,20684,
61463,20685,
61466,20686,
61468,20687,
61469,20688,
61470,20689,
61471,20690,
61472,20691,
61473,20692,
61474,20693,
61475,20694,
61476,20695,
61477,20696,
61478,20697,
61480,20698,
61481,20699,
61483,20700,
61485,20701,
61486,20702,
61487,20703,
61488,20704,
61489,20705,
61490,20706,
61491,20707,
61492,20708,
61493,20709,
61494,20710,
61495,20711,
61496,20712,
61497,20713,
61499,20714,
61500,20715,
61501,20716,
61502,20717,
61503,20718,
61504,20719,
61506,20720,
61507,20721,
61509,20722,
61510,20723,
61511,20724,
61512,20725,
61514,20726,
61517,20727,
61518,20728,
61519,20729,
61520,20730,
61522,20731,
61523,20732,
61524,20733,
61525,20734,
61527,20735,
61528,20736,
61529,20737,
61531,20738,
61533,20739,
61534,20740,
61535,20741,
61537,20742,
61538,20743,
61539,20744,
61540,20745,
61541,20746,
61542,20747,
61544,20748,
61545,20749,
61548,20750,
61550,20751,
61552,20752,
61554,20753,
61555,20754,
61557,20755,
61559,20756,
61560,20757,
61562,20758,
61565,20759,
61566,20760,
61568,20761,
61569,20762,
61573,20763,
61574,20764,
61575,20765,
61576,20766,
61577,20767,
61578,20768,
61579,20769,
61580,20770,
61582,20771,
61583,20772,
61584,20773,
61585,20774,
61586,20775,
61587,20776,
61588,20777,
61589,20778,
61590,20779,
61591,20780,
61592,20781,
61593,20782,
61594,20783,
61595,20784,
61596,20785,
61598,20786,
61601,20787,
61602,20788,
61603,20789,
61606,20790,
61607,20791,
61608,20792,
61609,20793,
61610,20794,
61611,20795,
61612,20796,
61614,20797,
61615,20798,
61616,20799,
61617,20800,
61619,20801,
61620,20802,
61621,20803,
61622,20804,
61623,20805,
61625,20806,
61626,20807,
61627,20808,
61628,20809,
61629,20810,
61630,20811,
61631,20812,
61632,20813,
61633,20814,
61635,20815,
61638,20816,
61640,20817,
61641,20818,
61644,20819,
61645,20820,
61646,20821,
61647,20822,
61648,20823,
61649,20824,
61650,20825,
61651,20826,
61652,20827,
61653,20828,
61655,20829,
61656,20830,
61658,20831,
61660,20832,
61661,20833,
61663,20834,
61664,20835,
61665,20836,
61666,20837,
61667,20838,
61668,20839,
61669,20840,
61670,20841,
61671,20842,
61672,20843,
61673,20844,
61674,20845,
61676,20846,
61677,20847,
61678,20848,
61679,20849,
61681,20850,
61682,20851,
61683,20852,
61684,20853,
61685,20854,
61686,20855,
61687,20856,
61689,20857,
61690,20858,
61691,20859,
61692,20860,
61693,20861,
61695,20862,
61696,20863,
61698,20864,
61700,20865,
61701,20866,
61702,20867,
61704,20868,
61706,20869,
61707,20870,
61708,20871,
61709,20872,
61710,20873,
61711,20874,
61712,20875,
61713,20876,
61714,20877,
61715,20878,
61716,20879,
61717,20880,
61718,20881,
61719,20882,
61721,20883,
61722,20884,
61724,20885,
61725,20886,
61726,20887,
61727,20888,
61728,20889,
61729,20890,
61733,20891,
61734,20892,
61735,20893,
61736,20894,
61737,20895,
61738,20896,
61740,20897,
61741,20898,
61742,20899,
61743,20900,
61744,20901,
61745,20902,
61746,20903,
61747,20904,
61748,20905,
61750,20906,
61751,20907,
61752,20908,
61753,20909,
61754,20910,
61755,20911,
61757,20912,
61758,20913,
61759,20914,
61760,20915,
61761,20916,
61762,20917,
61763,20918,
61765,20919,
61766,20920,
61767,20921,
61768,20922,
61770,20923,
61771,20924,
61772,20925,
61773,20926,
61774,20927,
61775,20928,
61776,20929,
61777,20930,
61779,20931,
61780,20932,
61782,20933,
61783,20934,
61784,20935,
61786,20936,
61790,20937,
61791,20938,
61793,20939,
61795,20940,
61797,20941,
61798,20942,
61799,20943,
61800,20944,
61801,20945,
61803,20946,
61804,20947,
61805,20948,
61806,20949,
61808,20950,
61809,20951,
61810,20952,
61812,20953,
61814,20954,
61816,20955,
61817,20956,
61818,20957,
61819,20958,
61820,20959,
61822,20960,
61823,20961,
61824,20962,
61825,20963,
61827,20964,
61828,20965,
61829,20966,
61830,20967,
61831,20968,
61832,20969,
61833,20970,
61835,20971,
61837,20972,
61838,20973,
61841,20974,
61842,20975,
61843,20976,
61844,20977,
61845,20978,
61846,20979,
61848,20980,
61849,20981,
61850,20982,
61852,20983,
61853,20984,
61854,20985,
61856,20986,
61857,20987,
61858,20988,
61859,20989,
61860,20990,
61861,20991,
61862,20992,
61863,20993,
61864,20994,
61866,20995,
61869,20996,
61870,20997,
61871,20998,
61873,20999,
61874,21000,
61876,21001,
61878,21002,
61879,21003,
61880,21004,
61881,21005,
61882,21006,
61883,21007,
61884,21008,
61886,21009,
61887,21010,
61888,21011,
61890,21012,
61891,21013,
61892,21014,
61893,21015,
61894,21016,
61895,21017,
61897,21018,
61900,21019,
61901,21020,
61903,21021,
61904,21022,
61905,21023,
61906,21024,
61907,21025,
61910,21026,
61912,21027,
61914,21028,
61915,21029,
61916,21030,
61917,21031,
61918,21032,
61919,21033,
61920,21034,
61921,21035,
61922,21036,
61925,21037,
61926,21038,
61928,21039,
61930,21040,
61931,21041,
61933,21042,
61934,21043,
61935,21044,
61937,21045,
61938,21046,
61939,21047,
61941,21048,
61943,21049,
61944,21050,
61945,21051,
61947,21052,
61948,21053,
61949,21054,
61952,21055,
61953,21056,
61954,21057,
61955,21058,
61956,21059,
61957,21060,
61958,21061,
61959,21062,
61960,21063,
61962,21064,
61963,21065,
61965,21066,
61966,21067,
61968,21068,
61969,21069,
61970,21070,
61972,21071,
61973,21072,
61974,21073,
61975,21074,
61976,21075,
61977,21076,
61978,21077,
61979,21078,
61981,21079,
61983,21080,
61984,21081,
61985,21082,
61987,21083,
61988,21084,
61989,21085,
61991,21086,
61992,21087,
61994,21088,
61995,21089,
61996,21090,
61997,21091,
61998,21092,
61999,21093,
62000,21094,
62002,21095,
62003,21096,
62004,21097,
62005,21098,
62006,21099,
62007,21100,
62008,21101,
62010,21102,
62011,21103,
62012,21104,
62013,21105,
62014,21106,
62015,21107,
62016,21108,
62019,21109,
62020,21110,
62022,21111,
62024,21112,
62026,21113,
62028,21114,
62029,21115,
62031,21116,
62032,21117,
62033,21118,
62034,21119,
62035,21120,
62036,21121,
62037,21122,
62038,21123,
62039,21124,
62040,21125,
62041,21126,
62042,21127,
62047,21128,
62049,21129,
62050,21130,
62051,21131,
62052,21132,
62053,21133,
62054,21134,
62055,21135,
62056,21136,
62058,21137,
62059,21138,
62062,21139,
62063,21140,
62064,21141,
62065,21142,
62066,21143,
62067,21144,
62068,21145,
62069,21146,
62071,21147,
62072,21148,
62073,21149,
62074,21150,
62077,21151,
62079,21152,
62080,21153,
62081,21154,
62082,21155,
62083,21156,
62084,21157,
62085,21158,
62086,21159,
62087,21160,
62088,21161,
62089,21162,
62090,21163,
62091,21164,
62092,21165,
62093,21166,
62094,21167,
62095,21168,
62096,21169,
62097,21170,
62099,21171,
62101,21172,
62102,21173,
62103,21174,
62104,21175,
62105,21176,
62106,21177,
62108,21178,
62110,21179,
62111,21180,
62112,21181,
62114,21182,
62115,21183,
62116,21184,
62117,21185,
62118,21186,
62120,21187,
62121,21188,
62122,21189,
62123,21190,
62124,21191,
62125,21192,
62126,21193,
62127,21194,
62128,21195,
62129,21196,
62130,21197,
62131,21198,
62132,21199,
62134,21200,
62136,21201,
62137,21202,
62138,21203,
62139,21204,
62142,21205,
62144,21206,
62145,21207,
62146,21208,
62147,21209,
62148,21210,
62149,21211,
62150,21212,
62152,21213,
62153,21214,
62154,21215,
62156,21216,
62158,21217,
62160,21218,
62161,21219,
62163,21220,
62165,21221,
62167,21222,
62169,21223,
62171,21224,
62172,21225,
62174,21226,
62175,21227,
62176,21228,
62177,21229,
62178,21230,
62180,21231,
62182,21232,
62183,21233,
62184,21234,
62185,21235,
62187,21236,
62188,21237,
62189,21238,
62190,21239,
62191,21240,
62192,21241,
62193,21242,
62195,21243,
62196,21244,
62197,21245,
62198,21246,
62199,21247,
62200,21248,
62201,21249,
62202,21250,
62203,21251,
62205,21252,
62207,21253,
62209,21254,
62211,21255,
62213,21256,
62214,21257,
62216,21258,
62218,21259,
62219,21260,
62221,21261,
62222,21262,
62223,21263,
62224,21264,
62225,21265,
62226,21266,
62228,21267,
62229,21268,
62230,21269,
62232,21270,
62234,21271,
62236,21272,
62237,21273,
62238,21274,
62240,21275,
62241,21276,
62243,21277,
62244,21278,
62245,21279,
62247,21280,
62248,21281,
62250,21282,
62251,21283,
62253,21284,
62255,21285,
62256,21286,
62258,21287,
62259,21288,
62260,21289,
62262,21290,
62263,21291,
62264,21292,
62265,21293,
62267,21294,
62269,21295,
62271,21296,
62273,21297,
62275,21298,
62277,21299,
62279,21300,
62280,21301,
62281,21302,
62282,21303,
62283,21304,
62284,21305,
62285,21306,
62286,21307,
62288,21308,
62289,21309,
62290,21310,
62293,21311,
62294,21312,
62296,21313,
62300,21314,
62302,21315,
62303,21316,
62304,21317,
62305,21318,
62306,21319,
62307,21320,
62309,21321,
62312,21322,
62313,21323,
62315,21324,
62318,21325,
62319,21326,
62321,21327,
62322,21328,
62323,21329,
62324,21330,
62327,21331,
62328,21332,
62330,21333,
62331,21334,
62332,21335,
62333,21336,
62335,21337,
62337,21338,
62338,21339,
62339,21340,
62341,21341,
62342,21342,
62343,21343,
62347,21344,
62348,21345,
62349,21346,
62350,21347,
62353,21348,
62354,21349,
62356,21350,
62358,21351,
62360,21352,
62362,21353,
62363,21354,
62364,21355,
62366,21356,
62367,21357,
62368,21358,
62369,21359,
62371,21360,
62372,21361,
62373,21362,
62374,21363,
62377,21364,
62378,21365,
62379,21366,
62380,21367,
62383,21368,
62385,21369,
62386,21370,
62387,21371,
62388,21372,
62389,21373,
62391,21374,
62392,21375,
62394,21376,
62395,21377,
62396,21378,
62397,21379,
62398,21380,
62401,21381,
62402,21382,
62403,21383,
62404,21384,
62405,21385,
62406,21386,
62408,21387,
62409,21388,
62410,21389,
62411,21390,
62412,21391,
62413,21392,
62414,21393,
62415,21394,
62416,21395,
62417,21396,
62418,21397,
62420,21398,
62422,21399,
62424,21400,
62426,21401,
62428,21402,
62430,21403,
62432,21404,
62433,21405,
62434,21406,
62436,21407,
62438,21408,
62440,21409,
62442,21410,
62443,21411,
62444,21412,
62445,21413,
62446,21414,
62448,21415,
62449,21416,
62450,21417,
62452,21418,
62453,21419,
62455,21420,
62456,21421,
62458,21422,
62460,21423,
62461,21424,
62462,21425,
62463,21426,
62464,21427,
62465,21428,
62466,21429,
62467,21430,
62469,21431,
62471,21432,
62472,21433,
62473,21434,
62475,21435,
62476,21436,
62478,21437,
62480,21438,
62481,21439,
62482,21440,
62483,21441,
62485,21442,
62486,21443,
62487,21444,
62489,21445,
62491,21446,
62492,21447,
62493,21448,
62495,21449,
62497,21450,
62498,21451,
62500,21452,
62502,21453,
62504,21454,
62505,21455,
62507,21456,
62508,21457,
62509,21458,
62510,21459,
62512,21460,
62513,21461,
62515,21462,
62516,21463,
62517,21464,
62519,21465,
62520,21466,
62521,21467,
62522,21468,
62524,21469,
62526,21470,
62527,21471,
62528,21472,
62529,21473,
62530,21474,
62531,21475,
62533,21476,
62534,21477,
62537,21478,
62538,21479,
62540,21480,
62541,21481,
62543,21482,
62544,21483,
62545,21484,
62546,21485,
62548,21486,
62550,21487,
62552,21488,
62553,21489,
62555,21490,
62557,21491,
62558,21492,
62559,21493,
62561,21494,
62563,21495,
62566,21496,
62567,21497,
62568,21498,
62569,21499,
62570,21500,
62572,21501,
62574,21502,
62577,21503,
62578,21504,
62579,21505,
62580,21506,
62582,21507,
62583,21508,
62584,21509,
62586,21510,
62588,21511,
62590,21512,
62593,21513,
62594,21514,
62596,21515,
62598,21516,
62599,21517,
62601,21518,
62604,21519,
62605,21520,
62607,21521,
62608,21522,
62609,21523,
62612,21524,
62613,21525,
62615,21526,
62616,21527,
62617,21528,
62619,21529,
62621,21530,
62623,21531,
62625,21532,
62626,21533,
62628,21534,
62629,21535,
62631,21536,
62632,21537,
62634,21538,
62635,21539,
62636,21540,
62638,21541,
62640,21542,
62643,21543,
62644,21544,
62645,21545,
62646,21546,
62648,21547,
62652,21548,
62653,21549,
62655,21550,
62657,21551,
62658,21552,
62660,21553,
62662,21554,
62664,21555,
62666,21556,
62668,21557,
62669,21558,
62670,21559,
62672,21560,
62673,21561,
62676,21562,
62677,21563,
62680,21564,
62681,21565,
62682,21566,
62683,21567,
62684,21568,
62686,21569,
62688,21570,
62690,21571,
62692,21572,
62693,21573,
62694,21574,
62696,21575,
62698,21576,
62700,21577,
62701,21578,
62704,21579,
62705,21580,
62706,21581,
62709,21582,
62710,21583,
62712,21584,
62713,21585,
62716,21586,
62717,21587,
62719,21588,
62721,21589,
62723,21590,
62725,21591,
62726,21592,
62729,21593,
62731,21594,
62733,21595,
62734,21596,
62735,21597,
62736,21598,
62737,21599,
62738,21600,
62739,21601,
62740,21602,
62742,21603,
62743,21604,
62745,21605,
62746,21606,
62747,21607,
62748,21608,
62749,21609,
62750,21610,
62752,21611,
62753,21612,
62755,21613,
62756,21614,
62757,21615,
62759,21616,
62760,21617,
62761,21618,
62763,21619,
62764,21620,
62766,21621,
62767,21622,
62768,21623,
62770,21624,
62771,21625,
62772,21626,
62773,21627,
62774,21628,
62775,21629,
62776,21630,
62777,21631,
62778,21632,
62779,21633,
62780,21634,
62781,21635,
62783,21636,
62784,21637,
62785,21638,
62786,21639,
62788,21640,
62789,21641,
62791,21642,
62792,21643,
62793,21644,
62794,21645,
62797,21646,
62799,21647,
62800,21648,
62801,21649,
62802,21650,
62804,21651,
62805,21652,
62807,21653,
62808,21654,
62811,21655,
62813,21656,
62814,21657,
62815,21658,
62816,21659,
62817,21660,
62818,21661,
62820,21662,
62822,21663,
62823,21664,
62824,21665,
62827,21666,
62830,21667,
62831,21668,
62833,21669,
62835,21670,
62836,21671,
62837,21672,
62838,21673,
62839,21674,
62840,21675,
62841,21676,
62842,21677,
62843,21678,
62844,21679,
62845,21680,
62846,21681,
62847,21682,
62848,21683,
62849,21684,
62851,21685,
62853,21686,
62855,21687,
62856,21688,
62858,21689,
62859,21690,
62860,21691,
62861,21692,
62862,21693,
62864,21694,
62865,21695,
62868,21696,
62870,21697,
62871,21698,
62872,21699,
62873,21700,
62874,21701,
62876,21702,
62877,21703,
62878,21704,
62881,21705,
62882,21706,
62884,21707,
62885,21708,
62887,21709,
62890,21710,
62891,21711,
62893,21712,
62894,21713,
62895,21714,
62897,21715,
62899,21716,
62901,21717,
62902,21718,
62903,21719,
62905,21720,
62906,21721,
62907,21722,
62908,21723,
62909,21724,
62911,21725,
62912,21726,
62913,21727,
62915,21728,
62917,21729,
62918,21730,
62919,21731,
62920,21732,
62922,21733,
62923,21734,
62924,21735,
62926,21736,
62927,21737,
62928,21738,
62930,21739,
62931,21740,
62932,21741,
62933,21742,
62934,21743,
62935,21744,
62936,21745,
62937,21746,
62938,21747,
62939,21748,
62940,21749,
62941,21750,
62942,21751,
62943,21752,
62944,21753,
62946,21754,
62947,21755,
62949,21756,
62950,21757,
62952,21758,
62955,21759,
62957,21760,
62958,21761,
62960,21762,
62962,21763,
62963,21764,
62964,21765,
62966,21766,
62967,21767,
62969,21768,
62971,21769,
62972,21770,
62974,21771,
62975,21772,
62976,21773,
62977,21774,
62978,21775,
62979,21776,
62980,21777,
62983,21778,
62984,21779,
62985,21780,
62986,21781,
62988,21782,
62989,21783,
62990,21784,
62992,21785,
62993,21786,
62994,21787,
62995,21788,
62996,21789,
62998,21790,
62999,21791,
63000,21792,
63001,21793,
63002,21794,
63004,21795,
63006,21796,
63007,21797,
63009,21798,
63011,21799,
63012,21800,
63013,21801,
63015,21802,
63016,21803,
63017,21804,
63019,21805,
63020,21806,
63022,21807,
63023,21808,
63025,21809,
63026,21810,
63027,21811,
63028,21812,
63030,21813,
63031,21814,
63032,21815,
63034,21816,
63035,21817,
63036,21818,
63037,21819,
63038,21820,
63040,21821,
63042,21822,
63044,21823,
63045,21824,
63047,21825,
63049,21826,
63051,21827,
63053,21828,
63055,21829,
63057,21830,
63060,21831,
63062,21832,
63064,21833,
63065,21834,
63068,21835,
63069,21836,
63071,21837,
63073,21838,
63075,21839,
63077,21840,
63078,21841,
63079,21842,
63080,21843,
63081,21844,
63082,21845,
63084,21846,
63085,21847,
63087,21848,
63088,21849,
63091,21850,
63092,21851,
63095,21852,
63096,21853,
63098,21854,
63101,21855,
63102,21856,
63104,21857,
63107,21858,
63110,21859,
63111,21860,
63113,21861,
63115,21862,
63116,21863,
63117,21864,
63119,21865,
63120,21866,
63122,21867,
63124,21868,
63125,21869,
63126,21870,
63127,21871,
63129,21872,
63131,21873,
63132,21874,
63133,21875,
63134,21876,
63135,21877,
63136,21878,
63139,21879,
63140,21880,
63142,21881,
63146,21882,
63147,21883,
63150,21884,
63151,21885,
63153,21886,
63154,21887,
63157,21888,
63158,21889,
63159,21890,
63161,21891,
63162,21892,
63164,21893,
63166,21894,
63168,21895,
63170,21896,
63173,21897,
63174,21898,
63176,21899,
63178,21900,
63179,21901,
63180,21902,
63181,21903,
63182,21904,
63183,21905,
63185,21906,
63186,21907,
63188,21908,
63190,21909,
63192,21910,
63194,21911,
63196,21912,
63198,21913,
63199,21914,
63200,21915,
63201,21916,
63204,21917,
63206,21918,
63207,21919,
63209,21920,
63210,21921,
63212,21922,
63214,21923,
63215,21924,
63217,21925,
63219,21926,
63221,21927,
63222,21928,
63223,21929,
63225,21930,
63227,21931,
63229,21932,
63230,21933,
63231,21934,
63232,21935,
63234,21936,
63236,21937,
63237,21938,
63239,21939,
63240,21940,
63242,21941,
63244,21942,
63246,21943,
63248,21944,
63250,21945,
63251,21946,
63253,21947,
63254,21948,
63256,21949,
63258,21950,
63259,21951,
63261,21952,
63262,21953,
63263,21954,
63264,21955,
63266,21956,
63268,21957,
63270,21958,
63272,21959,
63273,21960,
63275,21961,
63277,21962,
63279,21963,
63281,21964,
63282,21965,
63284,21966,
63286,21967,
63288,21968,
63290,21969,
63291,21970,
63292,21971,
63294,21972,
63295,21973,
63297,21974,
63298,21975,
63301,21976,
63302,21977,
63306,21978,
63308,21979,
63309,21980,
63311,21981,
63314,21982,
63315,21983,
63316,21984,
63318,21985,
63319,21986,
63321,21987,
63322,21988,
63323,21989,
63325,21990,
63328,21991,
63329,21992,
63331,21993,
63333,21994,
63335,21995,
63338,21996,
63339,21997,
63341,21998,
63342,21999,
63344,22000,
63345,22001,
63347,22002,
63348,22003,
63350,22004,
63352,22005,
63355,22006,
63356,22007,
63357,22008,
63359,22009,
63361,22010,
63362,22011,
63363,22012,
63364,22013,
63366,22014,
63368,22015,
63369,22016,
63371,22017,
63373,22018,
63375,22019,
63377,22020,
63379,22021,
63381,22022,
63383,22023,
63386,22024,
63388,22025,
63389,22026,
63390,22027,
63391,22028,
63392,22029,
63394,22030,
63395,22031,
63396,22032,
63398,22033,
63399,22034,
63400,22035,
63401,22036,
63403,22037,
63405,22038,
63407,22039,
63408,22040,
63409,22041,
63414,22042,
63415,22043,
63417,22044,
63418,22045,
63419,22046,
63420,22047,
63421,22048,
63422,22049,
63423,22050,
63426,22051,
63427,22052,
63428,22053,
63429,22054,
63430,22055,
63432,22056,
63433,22057,
63434,22058,
63435,22059,
63436,22060,
63438,22061,
63439,22062,
63440,22063,
63442,22064,
63443,22065,
63444,22066,
63445,22067,
63447,22068,
63448,22069,
63450,22070,
63452,22071,
63453,22072,
63455,22073,
63456,22074,
63458,22075,
63460,22076,
63461,22077,
63463,22078,
63465,22079,
63467,22080,
63470,22081,
63471,22082,
63472,22083,
63474,22084,
63475,22085,
63476,22086,
63478,22087,
63480,22088,
63481,22089,
63485,22090,
63487,22091,
63488,22092,
63489,22093,
63491,22094,
63493,22095,
63495,22096,
63496,22097,
63497,22098,
63499,22099,
63500,22100,
63501,22101,
63502,22102,
63503,22103,
63504,22104,
63505,22105,
63506,22106,
63509,22107,
63511,22108,
63512,22109,
63514,22110,
63516,22111,
63519,22112,
63520,22113,
63522,22114,
63524,22115,
63525,22116,
63526,22117,
63527,22118,
63528,22119,
63530,22120,
63531,22121,
63533,22122,
63534,22123,
63536,22124,
63539,22125,
63541,22126,
63542,22127,
63543,22128,
63545,22129,
63547,22130,
63549,22131,
63551,22132,
63553,22133,
63554,22134,
63556,22135,
63557,22136,
63560,22137,
63561,22138,
63563,22139,
63565,22140,
63567,22141,
63568,22142,
63569,22143,
63571,22144,
63572,22145,
63574,22146,
63575,22147,
63576,22148,
63578,22149,
63580,22150,
63582,22151,
63584,22152,
63585,22153,
63587,22154,
63589,22155,
63590,22156,
63592,22157,
63593,22158,
63594,22159,
63596,22160,
63598,22161,
63600,22162,
63602,22163,
63604,22164,
63605,22165,
63607,22166,
63608,22167,
63610,22168,
63611,22169,
63613,22170,
63615,22171,
63617,22172,
63618,22173,
63619,22174,
63620,22175,
63622,22176,
63624,22177,
63625,22178,
63626,22179,
63627,22180,
63628,22181,
63629,22182,
63630,22183,
63631,22184,
63633,22185,
63635,22186,
63637,22187,
63639,22188,
63641,22189,
63642,22190,
63643,22191,
63645,22192,
63646,22193,
63647,22194,
63648,22195,
63650,22196,
63651,22197,
63653,22198,
63655,22199,
63656,22200,
63658,22201,
63661,22202,
63662,22203,
63664,22204,
63666,22205,
63667,22206,
63669,22207,
63671,22208,
63672,22209,
63673,22210,
63676,22211,
63677,22212,
63678,22213,
63680,22214,
63681,22215,
63682,22216,
63683,22217,
63686,22218,
63688,22219,
63689,22220,
63690,22221,
63691,22222,
63693,22223,
63694,22224,
63696,22225,
63697,22226,
63698,22227,
63699,22228,
63700,22229,
63701,22230,
63703,22231,
63704,22232,
63705,22233,
63706,22234,
63707,22235,
63709,22236,
63711,22237,
63712,22238,
63713,22239,
63714,22240,
63717,22241,
63718,22242,
63719,22243,
63720,22244,
63721,22245,
63722,22246,
63723,22247,
63725,22248,
63726,22249,
63727,22250,
63728,22251,
63729,22252,
63731,22253,
63732,22254,
63733,22255,
63734,22256,
63736,22257,
63737,22258,
63738,22259,
63740,22260,
63741,22261,
63742,22262,
63743,22263,
63744,22264,
63745,22265,
63746,22266,
63747,22267,
63748,22268,
63749,22269,
63750,22270,
63751,22271,
63752,22272,
63753,22273,
63754,22274,
63755,22275,
63757,22276,
63758,22277,
63759,22278,
63760,22279,
63761,22280,
63762,22281,
63763,22282,
63764,22283,
63765,22284,
63766,22285,
63768,22286,
63769,22287,
63770,22288,
63771,22289,
63772,22290,
63775,22291,
63776,22292,
63777,22293,
63778,22294,
63779,22295,
63781,22296,
63782,22297,
63784,22298,
63786,22299,
63788,22300,
63789,22301,
63791,22302,
63794,22303,
63795,22304,
63797,22305,
63798,22306,
63799,22307,
63800,22308,
63802,22309,
63803,22310,
63804,22311,
63806,22312,
63808,22313,
63810,22314,
63812,22315,
63813,22316,
63814,22317,
63816,22318,
63817,22319,
63818,22320,
63819,22321,
63820,22322,
63822,22323,
63823,22324,
63825,22325,
63826,22326,
63828,22327,
63829,22328,
63830,22329,
63831,22330,
63832,22331,
63834,22332,
63835,22333,
63837,22334,
63838,22335,
63839,22336,
63840,22337,
63842,22338,
63844,22339,
63846,22340,
63847,22341,
63848,22342,
63850,22343,
63852,22344,
63855,22345,
63857,22346,
63859,22347,
63861,22348,
63862,22349,
63864,22350,
63865,22351,
63866,22352,
63867,22353,
63868,22354,
63870,22355,
63871,22356,
63872,22357,
63874,22358,
63876,22359,
63878,22360,
63880,22361,
63881,22362,
63882,22363,
63884,22364,
63885,22365,
63887,22366,
63888,22367,
63889,22368,
63890,22369,
63892,22370,
63893,22371,
63894,22372,
63896,22373,
63898,22374,
63900,22375,
63901,22376,
63903,22377,
63904,22378,
63905,22379,
63906,22380,
63908,22381,
63910,22382,
63912,22383,
63913,22384,
63914,22385,
63915,22386,
63917,22387,
63918,22388,
63919,22389,
63922,22390,
63923,22391,
63924,22392,
63925,22393,
63926,22394,
63927,22395,
63928,22396,
63929,22397,
63930,22398,
63931,22399,
63933,22400,
63934,22401,
63936,22402,
63938,22403,
63939,22404,
63940,22405,
63941,22406,
63942,22407,
63944,22408,
63946,22409,
63947,22410,
63949,22411,
63951,22412,
63953,22413,
63955,22414,
63956,22415,
63958,22416,
63959,22417,
63960,22418,
63961,22419,
63963,22420,
63965,22421,
63968,22422,
63969,22423,
63970,22424,
63972,22425,
63973,22426,
63975,22427,
63977,22428,
63978,22429,
63980,22430,
63983,22431,
63984,22432,
63985,22433,
63986,22434,
63988,22435,
63990,22436,
63992,22437,
63994,22438,
63996,22439,
63997,22440,
63998,22441,
64000,22442,
64001,22443,
64003,22444,
64005,22445,
64006,22446,
64007,22447,
64009,22448,
64010,22449,
64011,22450,
64012,22451,
64013,22452,
64015,22453,
64017,22454,
64019,22455,
64021,22456,
64023,22457,
64024,22458,
64025,22459,
64028,22460,
64029,22461,
64030,22462,
64031,22463,
64033,22464,
64036,22465,
64037,22466,
64039,22467,
64041,22468,
64043,22469,
64044,22470,
64046,22471,
64049,22472,
64051,22473,
64053,22474,
64055,22475,
64056,22476,
64057,22477,
64060,22478,
64061,22479,
64062,22480,
64063,22481,
64064,22482,
64067,22483,
64069,22484,
64071,22485,
64073,22486,
64074,22487,
64075,22488,
64077,22489,
64078,22490,
64079,22491,
64080,22492,
64082,22493,
64084,22494,
64086,22495,
64088,22496,
64090,22497,
64091,22498,
64092,22499,
64093,22500,
64096,22501,
64098,22502,
64100,22503,
64101,22504,
64103,22505,
64105,22506,
64107,22507,
64109,22508,
64111,22509,
64113,22510,
64114,22511,
64115,22512,
64116,22513,
64117,22514,
64119,22515,
64121,22516,
64123,22517,
64125,22518,
64126,22519,
64127,22520,
64129,22521,
64130,22522,
64131,22523,
64132,22524,
64134,22525,
64135,22526,
64136,22527,
64137,22528,
64140,22529,
64141,22530,
64143,22531,
64145,22532,
64147,22533,
64148,22534,
64149,22535,
64151,22536,
64153,22537,
64155,22538,
64157,22539,
64160,22540,
64161,22541,
64162,22542,
64164,22543,
64166,22544,
64169,22545,
64170,22546,
64171,22547,
64172,22548,
64175,22549,
64177,22550,
64178,22551,
64180,22552,
64182,22553,
64183,22554,
64186,22555,
64187,22556,
64188,22557,
64190,22558,
64192,22559,
64194,22560,
64195,22561,
64196,22562,
64198,22563,
64200,22564,
64201,22565,
64203,22566,
64205,22567,
64206,22568,
64208,22569,
64209,22570,
64211,22571,
64213,22572,
64214,22573,
64216,22574,
64219,22575,
64220,22576,
64221,22577,
64222,22578,
64225,22579,
64226,22580,
64228,22581,
64230,22582,
64232,22583,
64234,22584,
64235,22585,
64236,22586,
64237,22587,
64238,22588,
64240,22589,
64242,22590,
64244,22591,
64246,22592,
64247,22593,
64248,22594,
64250,22595,
64252,22596,
64254,22597,
64256,22598,
64258,22599,
64260,22600,
64264,22601,
64266,22602,
64269,22603,
64271,22604,
64273,22605,
64276,22606,
64277,22607,
64279,22608,
64282,22609,
64284,22610,
64286,22611,
64288,22612,
64289,22613,
64290,22614,
64292,22615,
64294,22616,
64297,22617,
64299,22618,
64302,22619,
64303,22620,
64305,22621,
64307,22622,
64308,22623,
64311,22624,
64312,22625,
64314,22626,
64315,22627,
64316,22628,
64318,22629,
64321,22630,
64322,22631,
64323,22632,
64325,22633,
64327,22634,
64330,22635,
64331,22636,
64332,22637,
64334,22638,
64335,22639,
64337,22640,
64338,22641,
64340,22642,
64342,22643,
64344,22644,
64346,22645,
64348,22646,
64350,22647,
64352,22648,
64354,22649,
64356,22650,
64358,22651,
64359,22652,
64360,22653,
64361,22654,
64362,22655,
64363,22656,
64364,22657,
64366,22658,
64368,22659,
64369,22660,
64370,22661,
64372,22662,
64373,22663,
64374,22664,
64375,22665,
64376,22666,
64377,22667,
64378,22668,
64379,22669,
64380,22670,
64381,22671,
64382,22672,
64384,22673,
64386,22674,
64389,22675,
64391,22676,
64393,22677,
64394,22678,
64395,22679,
64397,22680,
64399,22681,
64401,22682,
64402,22683,
64404,22684,
64406,22685,
64408,22686,
64409,22687,
64410,22688,
64411,22689,
64413,22690,
64415,22691,
64416,22692,
64418,22693,
64419,22694,
64422,22695,
64425,22696,
64427,22697,
64428,22698,
64430,22699,
64432,22700,
64433,22701,
64434,22702,
64436,22703,
64438,22704,
64440,22705,
64442,22706,
64444,22707,
64445,22708,
64447,22709,
64449,22710,
64451,22711,
64452,22712,
64454,22713,
64456,22714,
64457,22715,
64459,22716,
64460,22717,
64462,22718,
64463,22719,
64464,22720,
64466,22721,
64467,22722,
64469,22723,
64471,22724,
64473,22725,
64474,22726,
64477,22727,
64478,22728,
64479,22729,
64482,22730,
64484,22731,
64485,22732,
64487,22733,
64489,22734,
64491,22735,
64493,22736,
64495,22737,
64497,22738,
64498,22739,
64500,22740,
64502,22741,
64503,22742,
64507,22743,
64509,22744,
64511,22745,
64513,22746,
64514,22747,
64515,22748,
64516,22749,
64517,22750,
64518,22751,
64520,22752,
64522,22753,
64523,22754,
64525,22755,
64526,22756,
64529,22757,
64530,22758,
64532,22759,
64534,22760,
64535,22761,
64536,22762,
64538,22763,
64539,22764,
64541,22765,
64544,22766,
64546,22767,
64548,22768,
64549,22769,
64551,22770,
64553,22771,
64554,22772,
64556,22773,
64558,22774,
64560,22775,
64562,22776,
64563,22777,
64564,22778,
64566,22779,
64567,22780,
64569,22781,
64572,22782,
64573,22783,
64574,22784,
64575,22785,
64577,22786,
64579,22787,
64581,22788,
64584,22789,
64585,22790,
64586,22791,
64588,22792,
64589,22793,
64590,22794,
64594,22795,
64596,22796,
64597,22797,
64598,22798,
64600,22799,
64601,22800,
64602,22801,
64604,22802,
64605,22803,
64607,22804,
64609,22805,
64611,22806,
64612,22807,
64615,22808,
64616,22809,
64618,22810,
64619,22811,
64620,22812,
64622,22813,
64623,22814,
64625,22815,
64626,22816,
64628,22817,
64630,22818,
64634,22819,
64635,22820,
64636,22821,
64638,22822,
64639,22823,
64640,22824,
64641,22825,
64643,22826,
64644,22827,
64646,22828,
64648,22829,
64649,22830,
64650,22831,
64652,22832,
64653,22833,
64656,22834,
64658,22835,
64660,22836,
64662,22837,
64664,22838,
64665,22839,
64668,22840,
64670,22841,
64671,22842,
64673,22843,
64674,22844,
64675,22845,
64677,22846,
64679,22847,
64681,22848,
64682,22849,
64683,22850,
64685,22851,
64687,22852,
64689,22853,
64691,22854,
64692,22855,
64694,22856,
64695,22857,
64696,22858,
64698,22859,
64699,22860,
64701,22861,
64703,22862,
64706,22863,
64708,22864,
64710,22865,
64711,22866,
64713,22867,
64716,22868,
64717,22869,
64719,22870,
64720,22871,
64721,22872,
64723,22873,
64726,22874,
64727,22875,
64729,22876,
64730,22877,
64732,22878,
64733,22879,
64734,22880,
64736,22881,
64738,22882,
64740,22883,
64742,22884,
64743,22885,
64745,22886,
64746,22887,
64748,22888,
64749,22889,
64750,22890,
64751,22891,
64752,22892,
64753,22893,
64754,22894,
64755,22895,
64756,22896,
64758,22897,
64760,22898,
64761,22899,
64762,22900,
64764,22901,
64766,22902,
64767,22903,
64769,22904,
64771,22905,
64773,22906,
64774,22907,
64776,22908,
64779,22909,
64781,22910,
64782,22911,
64783,22912,
64785,22913,
64787,22914,
64790,22915,
64793,22916,
64794,22917,
64795,22918,
64796,22919,
64798,22920,
64800,22921,
64802,22922,
64804,22923,
64807,22924,
64808,22925,
64810,22926,
64812,22927,
64813,22928,
64815,22929,
64816,22930,
64817,22931,
64818,22932,
64819,22933,
64821,22934,
64822,22935,
64824,22936,
64825,22937,
64827,22938,
64829,22939,
64831,22940,
64833,22941,
64836,22942,
64838,22943,
64839,22944,
64841,22945,
64843,22946,
64844,22947,
64846,22948,
64848,22949,
64850,22950,
64852,22951,
64854,22952,
64856,22953,
64858,22954,
64860,22955,
64862,22956,
64863,22957,
64865,22958,
64867,22959,
64868,22960,
64869,22961,
64871,22962,
64873,22963,
64875,22964,
64877,22965,
64878,22966,
64880,22967,
64882,22968,
64884,22969,
64886,22970,
64887,22971,
64889,22972,
64891,22973,
64892,22974,
64894,22975,
64896,22976,
64898,22977,
64901,22978,
64902,22979,
64904,22980,
64906,22981,
64908,22982,
64910,22983,
64911,22984,
64912,22985,
64913,22986,
64915,22987,
64917,22988,
64918,22989,
64919,22990,
64920,22991,
64921,22992,
64923,22993,
64925,22994,
64926,22995,
64928,22996,
64930,22997,
64932,22998,
64933,22999,
64934,23000,
64936,23001,
64938,23002,
64940,23003,
64941,23004,
64942,23005,
64945,23006,
64946,23007,
64947,23008,
64950,23009,
64951,23010,
64953,23011,
64955,23012,
64956,23013,
64958,23014,
64959,23015,
64961,23016,
64962,23017,
64964,23018,
64966,23019,
64967,23020,
64968,23021,
64969,23022,
64971,23023,
64973,23024,
64976,23025,
64978,23026,
64979,23027,
64981,23028,
64982,23029,
64984,23030,
64986,23031,
64987,23032,
64988,23033,
64989,23034,
64990,23035,
64992,23036,
64994,23037,
64996,23038,
64997,23039,
64998,23040,
64999,23041,
65000,23042,
65001,23043,
65004,23044,
65006,23045,
65008,23046,
65010,23047,
65011,23048,
65013,23049,
65014,23050,
65015,23051,
65016,23052,
65018,23053,
65019,23054,
65022,23055,
65023,23056,
65024,23057,
65026,23058,
65028,23059,
65029,23060,
65031,23061,
65032,23062,
65034,23063,
65035,23064,
65037,23065,
65039,23066,
65040,23067,
65042,23068,
65044,23069,
65045,23070,
65046,23071,
65047,23072,
65049,23073,
65050,23074,
65052,23075,
65054,23076,
65056,23077,
65058,23078,
65060,23079,
65061,23080,
65062,23081,
65063,23082,
65064,23083,
65065,23084,
65068,23085,
65069,23086,
65070,23087,
65075,23088,
65077,23089,
65079,23090,
65080,23091,
65082,23092,
65086,23093,
65088,23094,
65089,23095,
65091,23096,
65092,23097,
65094,23098,
65095,23099,
65097,23100,
65098,23101,
65099,23102,
65100,23103,
65101,23104,
65102,23105,
65103,23106,
65104,23107,
65105,23108,
65106,23109,
65107,23110,
65108,23111,
65109,23112,
65110,23113,
65111,23114,
65112,23115,
65113,23116,
65115,23117,
65116,23118,
65117,23119,
65119,23120,
65120,23121,
65121,23122,
65122,23123,
65123,23124,
65124,23125,
65126,23126,
65127,23127,
65128,23128,
65129,23129,
65130,23130,
65131,23131,
65132,23132,
65133,23133,
65134,23134,
65135,23135,
65137,23136,
65139,23137,
65141,23138,
65144,23139,
65145,23140,
65147,23141,
65148,23142,
65149,23143,
65150,23144,
65151,23145,
65153,23146,
65154,23147,
65157,23148,
65159,23149,
65161,23150,
65164,23151,
65165,23152,
65168,23153,
65170,23154,
65172,23155,
65174,23156,
65175,23157,
65177,23158,
65179,23159,
65180,23160,
65181,23161,
65182,23162,
65184,23163,
65186,23164,
65187,23165,
65188,23166,
65191,23167,
65193,23168,
65195,23169,
65197,23170,
65199,23171,
65201,23172,
65203,23173,
65204,23174,
65205,23175,
65207,23176,
65208,23177,
65210,23178,
65212,23179,
65213,23180,
65215,23181,
65217,23182,
65218,23183,
65219,23184,
65220,23185,
65222,23186,
65223,23187,
65224,23188,
65225,23189,
65226,23190,
65227,23191,
65228,23192,
65230,23193,
65232,23194,
65234,23195,
65236,23196,
65237,23197,
65238,23198,
65239,23199,
65240,23200,
65242,23201,
65244,23202,
65246,23203,
65248,23204,
65250,23205,
65251,23206,
65252,23207,
65254,23208,
65256,23209,
65257,23210,
65259,23211,
65261,23212,
65262,23213,
65263,23214,
65265,23215,
65267,23216,
65268,23217,
65270,23218,
65272,23219,
65273,23220,
65275,23221,
65276,23222,
65278,23223,
65280,23224,
65282,23225,
65283,23226,
65285,23227,
65287,23228,
65289,23229,
65291,23230,
65292,23231,
65295,23232,
65297,23233,
65298,23234,
65300,23235,
65303,23236,
65305,23237,
65306,23238,
65644,23239,
65645,23240,
65646,23241,
65650,23242,
65651,23243,
65653,23244,
65654,23245,
65656,23246,
65659,23247,
65660,23248,
65661,23249,
65665,23250,
65721,23251,
65738,23252,
65740,23253,
65790,23254,
65791,23255,
65794,23256,
65803,23257,
65805,23258,
65807,23259,
65808,23260,
65810,23261,
65852,23262,
65854,23263,
65860,23264,
65861,23265,
65862,23266,
66016,23267,
67238,23268,
67288,23269,
67289,23270,
68069,23271,
68115,23272,
68134,23273,
68135,23274,
68136,23275,
68138,23276,
68140,23277,
68148,23278,
68349,23279,
68386,23280,
68427,23281,
68452,23282,
68456,23283,
68458,23284,
68463,23285,
68530,23286,
68531,23287,
68532,23288,
68534,23289,
68535,23290,
68629,23291,
68635,23292,
68640,23293,
68715,23294,
68716,23295,
68718,23296,
68742,23297,
68743,23298,
68751,23299,
68798,23300,
68800,23301,
68967,23302,
69514,23303,
69527,23304,
69670,23305,
69673,23306,
69688,23307,
69691,23308,
69694,23309,
69697,23310,
69731,23311,
69734,23312,
69740,23313,
69742,23314,
69763,23315,
69771,23316,
69772,23317,
69827,23318,
69828,23319,
69829,23320,
69831,23321,
69833,23322,
69877,23323,
69878,23324,
69930,23325,
69931,23326,
69932,23327,
69935,23328,
69941,23329,
70018,23330,
70024,23331,
70026,23332,
70033,23333,
70034,23334,
70036,23335,
70038,23336,
70040,23337,
70051,23338,
70055,23339,
70066,23340,
70068,23341,
70623,23342,
70626,23343,
70628,23344,
71321,23345,
71670,23346,
71671,23347,
71673,23348,
71675,23349,
71676,23350,
71678,23351,
71681,23352,
71683,23353,
71685,23354,
71701,23355,
71798,23356,
71802,23357,
71856,23358,
71857,23359,
71895,23360,
72005,23361,
72007,23362,
72009,23363,
72085,23364,
72086,23365,
72087,23366,
72088,23367,
72112,23368,
72493,23369,
72498,23370,
72559,23371,
72562,23372,
72563,23373,
72580,23374,
72582,23375,
72583,23376,
72590,23377,
72592,23378,
73515,23379,
73528,23380,
73530,23381,
73538,23382,
73543,23383,
73778,23384,
73779,23385,
73782,23386,
73785,23387,
73809,23388,
73812,23389,
73817,23390,
73849,23391,
74062,23392,
74104,23393,
74124,23394,
74135,23395,
74137,23396,
74411,23397,
74444,23398,
74446,23399,
75058,23400,
75059,23401,
75060,23402,
75949,23403,
76052,23404,
76054,23405,
76644,23406,
76667,23407,
76668,23408,
76794,23409,
77256,23410,
78480,23411,
78807,23412,
78809,23413,
78834,23414,
78835,23415,
78865,23416,
78866,23417,
78873,23418,
81487,23419,
81488,23420,
81489,23421,
81490,23422,
81491,23423,
81492,23424,
81493,23425,
81494,23426,
81495,23427,
81496,23428,
81497,23429,
81498,23430,
81499,23431,
81501,23432,
81502,23433,
81504,23434,
81506,23435,
81507,23436,
81508,23437,
81509,23438,
81510,23439,
81511,23440,
81512,23441,
81513,23442,
81515,23443,
81516,23444,
81517,23445,
81518,23446,
81520,23447,
81521,23448,
81523,23449,
81525,23450,
81526,23451,
81527,23452,
81529,23453,
81531,23454,
81532,23455,
81533,23456,
81535,23457,
81536,23458,
81538,23459,
81540,23460,
81542,23461,
81545,23462,
81546,23463,
81547,23464,
81549,23465,
81551,23466,
81553,23467,
81554,23468,
81556,23469,
81557,23470,
81559,23471,
81560,23472,
81561,23473,
81562,23474,
81564,23475,
81565,23476,
81566,23477,
81568,23478,
81569,23479,
81570,23480,
81572,23481,
81573,23482,
81575,23483,
81577,23484,
81580,23485,
81581,23486,
81583,23487,
81584,23488,
81586,23489,
81587,23490,
81588,23491,
81590,23492,
81592,23493,
81595,23494,
81597,23495,
81599,23496,
81601,23497,
81604,23498,
81605,23499,
81606,23500,
81607,23501,
81608,23502,
81609,23503,
81611,23504,
81613,23505,
81615,23506,
81616,23507,
81618,23508,
81619,23509,
81620,23510,
81622,23511,
81623,23512,
81625,23513,
81627,23514,
81628,23515,
81629,23516,
81632,23517,
81633,23518,
81635,23519,
81636,23520,
81637,23521,
81638,23522,
81640,23523,
81641,23524,
81645,23525,
81647,23526,
81648,23527,
81649,23528,
81650,23529,
81651,23530,
81652,23531,
81653,23532,
81654,23533,
81655,23534,
81656,23535,
81657,23536,
81658,23537,
81659,23538,
81660,23539,
81661,23540,
81662,23541,
81664,23542,
81665,23543,
81667,23544,
81669,23545,
81671,23546,
81672,23547,
81674,23548,
81675,23549,
81676,23550,
81678,23551,
81679,23552,
81681,23553,
81684,23554,
81685,23555,
81687,23556,
81690,23557,
81691,23558,
81693,23559,
81695,23560,
81696,23561,
81698,23562,
81699,23563,
81700,23564,
81701,23565,
81704,23566,
81705,23567,
81706,23568,
81707,23569,
81709,23570,
81711,23571,
81713,23572,
81716,23573,
81718,23574,
81720,23575,
81721,23576,
81723,23577,
81724,23578,
81725,23579,
81727,23580,
81728,23581,
81729,23582,
81731,23583,
81733,23584,
81734,23585,
81735,23586,
81736,23587,
81737,23588,
81739,23589,
81740,23590,
81743,23591,
81745,23592,
81747,23593,
81749,23594,
81752,23595,
81753,23596,
81754,23597,
81755,23598,
81756,23599,
81757,23600,
81758,23601,
81759,23602,
81761,23603,
81762,23604,
81765,23605,
81766,23606,
81767,23607,
81768,23608,
81770,23609,
81772,23610,
81774,23611,
81776,23612,
81778,23613,
81779,23614,
81780,23615,
81782,23616,
81784,23617,
81786,23618,
81789,23619,
81790,23620,
81791,23621,
81793,23622,
81795,23623,
81796,23624,
81798,23625,
81800,23626,
81801,23627,
81802,23628,
81803,23629,
81804,23630,
81805,23631,
81806,23632,
81807,23633,
81809,23634,
81811,23635,
81813,23636,
81815,23637,
81817,23638,
81819,23639,
81821,23640,
81822,23641,
81823,23642,
81824,23643,
81825,23644,
81826,23645,
81827,23646,
81828,23647,
81830,23648,
81831,23649,
81834,23650,
81835,23651,
81836,23652,
81837,23653,
81838,23654,
81839,23655,
81840,23656,
81841,23657,
81842,23658,
81843,23659,
81844,23660,
81845,23661,
81846,23662,
81847,23663,
81848,23664,
81849,23665,
81850,23666,
81851,23667,
81852,23668,
81853,23669,
81854,23670,
81855,23671,
81859,23672,
81861,23673,
81864,23674,
81866,23675,
81868,23676,
81869,23677,
81870,23678,
81871,23679,
81872,23680,
81873,23681,
81875,23682,
81876,23683,
81877,23684,
81878,23685,
81879,23686,
81881,23687,
81883,23688,
81885,23689,
81886,23690,
81887,23691,
81888,23692,
81889,23693,
81891,23694,
81892,23695,
81893,23696,
81895,23697,
81896,23698,
81897,23699,
81898,23700,
81899,23701,
81900,23702,
81901,23703,
81902,23704,
81903,23705,
81904,23706,
81905,23707,
81906,23708,
81907,23709,
81910,23710,
81911,23711,
81912,23712,
81913,23713,
81914,23714,
81915,23715,
81916,23716,
81918,23717,
81920,23718,
81921,23719,
81922,23720,
81923,23721,
81925,23722,
81926,23723,
81927,23724,
81928,23725,
81929,23726,
81930,23727,
81931,23728,
81932,23729,
81933,23730,
81934,23731,
81935,23732,
81936,23733,
81937,23734,
81938,23735,
81939,23736,
81941,23737,
81942,23738,
81943,23739,
81944,23740,
81946,23741,
81947,23742,
81948,23743,
81949,23744,
81951,23745,
81952,23746,
81953,23747,
81954,23748,
81955,23749,
81956,23750,
81957,23751,
81959,23752,
81960,23753,
81961,23754,
81963,23755,
81964,23756,
81965,23757,
81966,23758,
81967,23759,
81968,23760,
81969,23761,
81970,23762,
81971,23763,
81972,23764,
81973,23765,
81974,23766,
81975,23767,
81977,23768,
81979,23769,
81980,23770,
81981,23771,
81982,23772,
81983,23773,
81984,23774,
81985,23775,
81987,23776,
81989,23777,
81992,23778,
81993,23779,
81994,23780,
81995,23781,
81996,23782,
81998,23783,
81999,23784,
82001,23785,
82003,23786,
82004,23787,
82005,23788,
82006,23789,
82007,23790,
82009,23791,
82010,23792,
82011,23793,
82013,23794,
82014,23795,
82016,23796,
82017,23797,
82018,23798,
82019,23799,
82020,23800,
82021,23801,
82022,23802,
82023,23803,
82024,23804,
82025,23805,
82026,23806,
82027,23807,
82028,23808,
82029,23809,
82030,23810,
82032,23811,
82034,23812,
82035,23813,
82036,23814,
82037,23815,
82038,23816,
82039,23817,
82041,23818,
82042,23819,
82044,23820,
82045,23821,
82046,23822,
82047,23823,
82048,23824,
82049,23825,
82050,23826,
82051,23827,
82052,23828,
82053,23829,
82054,23830,
82055,23831,
82056,23832,
82057,23833,
82058,23834,
82059,23835,
82061,23836,
82062,23837,
82063,23838,
82064,23839,
82065,23840,
82066,23841,
82067,23842,
82068,23843,
82069,23844,
82070,23845,
82071,23846,
82072,23847,
82073,23848,
82074,23849,
82075,23850,
82076,23851,
82077,23852,
82079,23853,
82082,23854,
82083,23855,
82085,23856,
82087,23857,
82088,23858,
82089,23859,
82091,23860,
82092,23861,
82094,23862,
82096,23863,
82097,23864,
82099,23865,
82100,23866,
82101,23867,
82102,23868,
82103,23869,
82104,23870,
82106,23871,
82109,23872,
82110,23873,
82112,23874,
82113,23875,
82115,23876,
82116,23877,
82117,23878,
82118,23879,
82119,23880,
82120,23881,
82121,23882,
82122,23883,
82124,23884,
82125,23885,
82127,23886,
82128,23887,
82129,23888,
82131,23889,
82132,23890,
82133,23891,
82134,23892,
82135,23893,
82136,23894,
82137,23895,
82138,23896,
82140,23897,
82143,23898,
82144,23899,
82148,23900,
82150,23901,
82153,23902,
82155,23903,
82156,23904,
82158,23905,
82159,23906,
82161,23907,
82162,23908,
82163,23909,
82164,23910,
82165,23911,
82167,23912,
82168,23913,
82169,23914,
82170,23915,
82171,23916,
82172,23917,
82173,23918,
82175,23919,
82176,23920,
82177,23921,
82178,23922,
82180,23923,
82181,23924,
82183,23925,
82184,23926,
82187,23927,
82188,23928,
82190,23929,
82191,23930,
82193,23931,
82194,23932,
82196,23933,
82197,23934,
82199,23935,
82201,23936,
82202,23937,
82203,23938,
82205,23939,
82206,23940,
82207,23941,
82209,23942,
82210,23943,
82211,23944,
82212,23945,
82213,23946,
82215,23947,
82216,23948,
82217,23949,
82219,23950,
82220,23951,
82221,23952,
82222,23953,
82224,23954,
82225,23955,
82226,23956,
82229,23957,
82231,23958,
82232,23959,
82233,23960,
82235,23961,
82236,23962,
82238,23963,
82240,23964,
82241,23965,
82243,23966,
82244,23967,
82245,23968,
82247,23969,
82248,23970,
82249,23971,
82250,23972,
82251,23973,
82252,23974,
82253,23975,
82255,23976,
82256,23977,
82257,23978,
82258,23979,
82259,23980,
82260,23981,
82262,23982,
82263,23983,
82265,23984,
82268,23985,
82269,23986,
82270,23987,
82271,23988,
82273,23989,
82274,23990,
82275,23991,
82277,23992,
82278,23993,
82279,23994,
82281,23995,
82282,23996,
82283,23997,
82284,23998,
82286,23999,
82288,24000,
82290,24001,
82291,24002,
82292,24003,
82293,24004,
82294,24005,
82296,24006,
82297,24007,
82298,24008,
82299,24009,
82302,24010,
82303,24011,
82306,24012,
82307,24013,
82309,24014,
82311,24015,
82312,24016,
82313,24017,
82316,24018,
82317,24019,
82319,24020,
82321,24021,
82323,24022,
82324,24023,
82326,24024,
82327,24025,
82328,24026,
82329,24027,
82331,24028,
82332,24029,
82334,24030,
82336,24031,
82337,24032,
82338,24033,
82340,24034,
82342,24035,
82344,24036,
82346,24037,
82347,24038,
82348,24039,
82349,24040,
82350,24041,
82351,24042,
82352,24043,
82353,24044,
82355,24045,
82356,24046,
82358,24047,
82359,24048,
82360,24049,
82361,24050,
82362,24051,
82363,24052,
82364,24053,
82365,24054,
82366,24055,
82368,24056,
82369,24057,
82370,24058,
82372,24059,
82373,24060,
82374,24061,
82375,24062,
82377,24063,
82378,24064,
82379,24065,
82381,24066,
82382,24067,
82384,24068,
82385,24069,
82386,24070,
82387,24071,
82388,24072,
82389,24073,
82390,24074,
82392,24075,
82395,24076,
82397,24077,
82399,24078,
82400,24079,
82401,24080,
82402,24081,
82405,24082,
82406,24083,
82409,24084,
82411,24085,
82413,24086,
82414,24087,
82416,24088,
82417,24089,
82418,24090,
82419,24091,
82422,24092,
82424,24093,
82425,24094,
82427,24095,
82429,24096,
82430,24097,
82431,24098,
82432,24099,
82434,24100,
82435,24101,
82436,24102,
82437,24103,
82440,24104,
82441,24105,
82442,24106,
82443,24107,
82444,24108,
82445,24109,
82446,24110,
82448,24111,
82450,24112,
82451,24113,
82453,24114,
82454,24115,
82455,24116,
82456,24117,
82457,24118,
82458,24119,
82460,24120,
82461,24121,
82463,24122,
82464,24123,
82465,24124,
82467,24125,
82468,24126,
82470,24127,
82472,24128,
82475,24129,
82476,24130,
82477,24131,
82479,24132,
82480,24133,
82481,24134,
82482,24135,
82484,24136,
82485,24137,
82487,24138,
82489,24139,
82491,24140,
82492,24141,
82493,24142,
82494,24143,
82495,24144,
82498,24145,
82499,24146,
82500,24147,
82501,24148,
82502,24149,
82503,24150,
82504,24151,
82505,24152,
82506,24153,
82507,24154,
82509,24155,
82511,24156,
82512,24157,
82513,24158,
82514,24159,
82516,24160,
82517,24161,
82519,24162,
82520,24163,
82522,24164,
82524,24165,
82525,24166,
82526,24167,
82528,24168,
82529,24169,
82530,24170,
82531,24171,
82532,24172,
82534,24173,
82535,24174,
82536,24175,
82537,24176,
82538,24177,
82539,24178,
82540,24179,
82542,24180,
82543,24181,
82544,24182,
82545,24183,
82548,24184,
82551,24185,
82553,24186,
82554,24187,
82555,24188,
82556,24189,
82557,24190,
82558,24191,
82559,24192,
82560,24193,
82561,24194,
82562,24195,
82563,24196,
82564,24197,
82565,24198,
82567,24199,
82568,24200,
82570,24201,
82571,24202,
82572,24203,
82573,24204,
82574,24205,
82575,24206,
82576,24207,
82577,24208,
82578,24209,
82579,24210,
82580,24211,
82582,24212,
82583,24213,
82584,24214,
82585,24215,
82586,24216,
82587,24217,
82588,24218,
82590,24219,
82591,24220,
82592,24221,
82593,24222,
82594,24223,
82595,24224,
82596,24225,
82597,24226,
82598,24227,
82599,24228,
82600,24229,
82601,24230,
82603,24231,
82604,24232,
82605,24233,
82606,24234,
82608,24235,
82610,24236,
82612,24237,
82615,24238,
82616,24239,
82617,24240,
82618,24241,
82619,24242,
82620,24243,
82622,24244,
82624,24245,
82625,24246,
82627,24247,
82628,24248,
82630,24249,
82632,24250,
82633,24251,
82635,24252,
82637,24253,
82640,24254,
82641,24255,
82642,24256,
82644,24257,
82645,24258,
82646,24259,
82647,24260,
82648,24261,
82649,24262,
82650,24263,
82651,24264,
82652,24265,
82655,24266,
82656,24267,
82657,24268,
82658,24269,
82659,24270,
82660,24271,
82661,24272,
82662,24273,
82663,24274,
82665,24275,
82667,24276,
82668,24277,
82670,24278,
82671,24279,
82674,24280,
82675,24281,
82677,24282,
82680,24283,
82682,24284,
82683,24285,
82685,24286,
82687,24287,
82688,24288,
82689,24289,
82690,24290,
82691,24291,
82692,24292,
82693,24293,
82694,24294,
82696,24295,
82697,24296,
82698,24297,
82699,24298,
82701,24299,
82703,24300,
82705,24301,
82707,24302,
82708,24303,
82709,24304,
82711,24305,
82713,24306,
82714,24307,
82718,24308,
82719,24309,
82720,24310,
82721,24311,
82722,24312,
82723,24313,
82725,24314,
82726,24315,
82727,24316,
82728,24317,
82729,24318,
82730,24319,
82731,24320,
82732,24321,
82734,24322,
82735,24323,
82736,24324,
82738,24325,
82739,24326,
82740,24327,
82741,24328,
82742,24329,
82744,24330,
82745,24331,
82746,24332,
82747,24333,
82749,24334,
82752,24335,
82753,24336,
82755,24337,
82757,24338,
82758,24339,
82759,24340,
82761,24341,
82763,24342,
82765,24343,
82766,24344,
82767,24345,
82768,24346,
82769,24347,
82770,24348,
82772,24349,
82773,24350,
82776,24351,
82777,24352,
82778,24353,
82781,24354,
82782,24355,
82783,24356,
82785,24357,
82787,24358,
82789,24359,
82791,24360,
82792,24361,
82794,24362,
82797,24363,
82798,24364,
82801,24365,
82802,24366,
82803,24367,
82804,24368,
82807,24369,
82809,24370,
82811,24371,
82813,24372,
82816,24373,
82817,24374,
82819,24375,
82821,24376,
82824,24377,
82827,24378,
82830,24379,
82831,24380,
82833,24381,
82834,24382,
82835,24383,
82836,24384,
82838,24385,
82840,24386,
82841,24387,
82842,24388,
82843,24389,
82845,24390,
82846,24391,
82848,24392,
82850,24393,
82851,24394,
82853,24395,
82855,24396,
82856,24397,
82857,24398,
82858,24399,
82859,24400,
82860,24401,
82861,24402,
82862,24403,
82863,24404,
82864,24405,
82865,24406,
82866,24407,
82867,24408,
82868,24409,
82869,24410,
82870,24411,
82871,24412,
82872,24413,
82873,24414,
82875,24415,
82876,24416,
82877,24417,
82878,24418,
82880,24419,
82881,24420,
82882,24421,
82883,24422,
82884,24423,
82885,24424,
82887,24425,
82889,24426,
82890,24427,
82892,24428,
82893,24429,
82895,24430,
82896,24431,
82897,24432,
82899,24433,
82900,24434,
82902,24435,
82903,24436,
82904,24437,
82905,24438,
82907,24439,
82909,24440,
82910,24441,
82911,24442,
82912,24443,
82913,24444,
82914,24445,
82916,24446,
82917,24447,
82918,24448,
82919,24449,
82921,24450,
82922,24451,
82923,24452,
82924,24453,
82925,24454,
82927,24455,
82928,24456,
82929,24457,
82930,24458,
82932,24459,
82933,24460,
82934,24461,
82935,24462,
82936,24463,
82937,24464,
82940,24465,
82941,24466,
82942,24467,
82943,24468,
82944,24469,
82945,24470,
82946,24471,
82947,24472,
82948,24473,
82949,24474,
82951,24475,
82953,24476,
82954,24477,
82955,24478,
82956,24479,
82957,24480,
82959,24481,
82961,24482,
82963,24483,
82965,24484,
82967,24485,
82968,24486,
82969,24487,
82970,24488,
82972,24489,
82973,24490,
82974,24491,
82975,24492,
82976,24493,
82978,24494,
82979,24495,
82981,24496,
82982,24497,
82985,24498,
82986,24499,
82988,24500,
82990,24501,
82992,24502,
82993,24503,
82995,24504,
82996,24505,
82997,24506,
82998,24507,
82999,24508,
83000,24509,
83001,24510,
83003,24511,
83005,24512,
83006,24513,
83007,24514,
83008,24515,
83009,24516,
83010,24517,
83011,24518,
83013,24519,
83014,24520,
83015,24521,
83018,24522,
83020,24523,
83021,24524,
83024,24525,
83026,24526,
83027,24527,
83028,24528,
83030,24529,
83031,24530,
83032,24531,
83034,24532,
83035,24533,
83036,24534,
83038,24535,
83039,24536,
83040,24537,
83042,24538,
83043,24539,
83045,24540,
83046,24541,
83053,24542,
83054,24543,
83056,24544,
83059,24545,
83061,24546,
83062,24547,
83064,24548,
83065,24549,
83068,24550,
83071,24551,
83072,24552,
83074,24553,
83076,24554,
83077,24555,
83079,24556,
83080,24557,
83081,24558,
83082,24559,
83083,24560,
83085,24561,
83087,24562,
83088,24563,
83089,24564,
83090,24565,
83093,24566,
83094,24567,
83097,24568,
83098,24569,
83099,24570,
83100,24571,
83102,24572,
83103,24573,
83104,24574,
83106,24575,
83107,24576,
83108,24577,
83109,24578,
83110,24579,
83113,24580,
83114,24581,
83115,24582,
83117,24583,
83118,24584,
83119,24585,
83120,24586,
83121,24587,
83123,24588,
83124,24589,
83125,24590,
83128,24591,
83129,24592,
83130,24593,
83131,24594,
83132,24595,
83134,24596,
83135,24597,
83136,24598,
83137,24599,
83138,24600,
83140,24601,
83141,24602,
83142,24603,
83145,24604,
83146,24605,
83147,24606,
83148,24607,
83149,24608,
83151,24609,
83152,24610,
83153,24611,
83155,24612,
83157,24613,
83158,24614,
83159,24615,
83160,24616,
83161,24617,
83162,24618,
83163,24619,
83164,24620,
83165,24621,
83166,24622,
83167,24623,
83168,24624,
83170,24625,
83171,24626,
83172,24627,
83173,24628,
83175,24629,
83176,24630,
83177,24631,
83178,24632,
83179,24633,
83180,24634,
83182,24635,
83184,24636,
83185,24637,
83186,24638,
83187,24639,
83189,24640,
83190,24641,
83191,24642,
83192,24643,
83194,24644,
83196,24645,
83197,24646,
83198,24647,
83199,24648,
83201,24649,
83203,24650,
83204,24651,
83205,24652,
83207,24653,
83208,24654,
83210,24655,
83211,24656,
83212,24657,
83213,24658,
83214,24659,
83215,24660,
83216,24661,
83217,24662,
83218,24663,
83219,24664,
83220,24665,
83221,24666,
83222,24667,
83224,24668,
83227,24669,
83228,24670,
83229,24671,
83230,24672,
83231,24673,
83232,24674,
83233,24675,
83234,24676,
83235,24677,
83236,24678,
83237,24679,
83238,24680,
83239,24681,
83240,24682,
83241,24683,
83242,24684,
83243,24685,
83244,24686,
83246,24687,
83247,24688,
83248,24689,
83249,24690,
83250,24691,
83251,24692,
83253,24693,
83254,24694,
83255,24695,
83257,24696,
83258,24697,
83260,24698,
83261,24699,
83262,24700,
83264,24701,
83267,24702,
83268,24703,
83269,24704,
83270,24705,
83271,24706,
83272,24707,
83273,24708,
83274,24709,
83275,24710,
83276,24711,
83277,24712,
83278,24713,
83280,24714,
83281,24715,
83282,24716,
83284,24717,
83285,24718,
83288,24719,
83289,24720,
83291,24721,
83294,24722,
83295,24723,
83298,24724,
83299,24725,
83300,24726,
83302,24727,
83303,24728,
83304,24729,
83306,24730,
83307,24731,
83308,24732,
83309,24733,
83310,24734,
83313,24735,
83315,24736,
83316,24737,
83317,24738,
83318,24739,
83320,24740,
83321,24741,
83322,24742,
83323,24743,
83324,24744,
83325,24745,
83327,24746,
83328,24747,
83329,24748,
83330,24749,
83331,24750,
83332,24751,
83333,24752,
83335,24753,
83337,24754,
83338,24755,
83339,24756,
83340,24757,
83341,24758,
83342,24759,
83343,24760,
83344,24761,
83346,24762,
83348,24763,
83351,24764,
83353,24765,
83354,24766,
83356,24767,
83358,24768,
83359,24769,
83361,24770,
83362,24771,
83363,24772,
83365,24773,
83367,24774,
83368,24775,
83369,24776,
83370,24777,
83371,24778,
83372,24779,
83373,24780,
83374,24781,
83377,24782,
83378,24783,
83381,24784,
83382,24785,
83383,24786,
83385,24787,
83386,24788,
83387,24789,
83388,24790,
83389,24791,
83390,24792,
83391,24793,
83394,24794,
83395,24795,
83396,24796,
83398,24797,
83400,24798,
83402,24799,
83403,24800,
83404,24801,
83405,24802,
83406,24803,
83407,24804,
83408,24805,
83409,24806,
83411,24807,
83412,24808,
83413,24809,
83414,24810,
83415,24811,
83416,24812,
83417,24813,
83418,24814,
83419,24815,
83420,24816,
83424,24817,
83425,24818,
83426,24819,
83427,24820,
83429,24821,
83430,24822,
83432,24823,
83433,24824,
83434,24825,
83435,24826,
83436,24827,
83437,24828,
83439,24829,
83441,24830,
83442,24831,
83443,24832,
83444,24833,
83445,24834,
83447,24835,
83448,24836,
83451,24837,
83452,24838,
83454,24839,
83455,24840,
83457,24841,
83458,24842,
83459,24843,
83461,24844,
83462,24845,
83463,24846,
83464,24847,
83466,24848,
83467,24849,
83469,24850,
83470,24851,
83472,24852,
83473,24853,
83474,24854,
83475,24855,
83477,24856,
83478,24857,
83479,24858,
83480,24859,
83482,24860,
83483,24861,
83484,24862,
83485,24863,
83487,24864,
83488,24865,
83489,24866,
83490,24867,
83491,24868,
83492,24869,
83493,24870,
83494,24871,
83495,24872,
83496,24873,
83498,24874,
83500,24875,
83501,24876,
83502,24877,
83503,24878,
83504,24879,
83505,24880,
83506,24881,
83508,24882,
83510,24883,
83512,24884,
83514,24885,
83516,24886,
83517,24887,
83519,24888,
83520,24889,
83521,24890,
83523,24891,
83524,24892,
83525,24893,
83526,24894,
83527,24895,
83528,24896,
83529,24897,
83531,24898,
83532,24899,
83533,24900,
83534,24901,
83535,24902,
83537,24903,
83538,24904,
83540,24905,
83542,24906,
83543,24907,
83545,24908,
83547,24909,
83549,24910,
83550,24911,
83551,24912,
83552,24913,
83555,24914,
83556,24915,
83557,24916,
83559,24917,
83561,24918,
83564,24919,
83565,24920,
83566,24921,
83568,24922,
83570,24923,
83571,24924,
83572,24925,
83574,24926,
83576,24927,
83579,24928,
83581,24929,
83583,24930,
83586,24931,
83587,24932,
83589,24933,
83590,24934,
83591,24935,
83594,24936,
83595,24937,
83597,24938,
83598,24939,
83601,24940,
83602,24941,
83604,24942,
83605,24943,
83608,24944,
83609,24945,
83610,24946,
83612,24947,
83614,24948,
83615,24949,
83618,24950,
83619,24951,
83620,24952,
83622,24953,
83624,24954,
83625,24955,
83626,24956,
83628,24957,
83629,24958,
83631,24959,
83633,24960,
83635,24961,
83636,24962,
83639,24963,
83640,24964,
83641,24965,
83643,24966,
83645,24967,
83647,24968,
83648,24969,
83650,24970,
83651,24971,
83652,24972,
83654,24973,
83656,24974,
83659,24975,
83660,24976,
83662,24977,
83663,24978,
83664,24979,
83666,24980,
83668,24981,
83669,24982,
83671,24983,
83673,24984,
83675,24985,
83677,24986,
83679,24987,
83680,24988,
83682,24989,
83683,24990,
83685,24991,
83688,24992,
83690,24993,
83691,24994,
83692,24995,
83694,24996,
83695,24997,
83696,24998,
83698,24999,
83699,25000,
83700,25001,
83701,25002,
83703,25003,
83705,25004,
83706,25005,
83708,25006,
83709,25007,
83710,25008,
83713,25009,
83714,25010,
83715,25011,
83717,25012,
83718,25013,
83719,25014,
83720,25015,
83723,25016,
83724,25017,
83725,25018,
83726,25019,
83727,25020,
83728,25021,
83729,25022,
83731,25023,
83733,25024,
83734,25025,
83736,25026,
83737,25027,
83738,25028,
83740,25029,
83742,25030,
83744,25031,
83745,25032,
83746,25033,
83748,25034,
83749,25035,
83751,25036,
83752,25037,
83753,25038,
83755,25039,
83756,25040,
83758,25041,
83760,25042,
83761,25043,
83762,25044,
83763,25045,
83764,25046,
83766,25047,
83768,25048,
83769,25049,
83773,25050,
83775,25051,
83777,25052,
83780,25053,
83782,25054,
83783,25055,
83785,25056,
83787,25057,
83789,25058,
83791,25059,
83793,25060,
83795,25061,
83797,25062,
83799,25063,
83801,25064,
83802,25065,
83803,25066,
83804,25067,
83805,25068,
83807,25069,
83809,25070,
83811,25071,
83813,25072,
83814,25073,
83815,25074,
83817,25075,
83818,25076,
83819,25077,
83821,25078,
83822,25079,
83823,25080,
83824,25081,
83826,25082,
83828,25083,
83830,25084,
83831,25085,
83832,25086,
83835,25087,
83836,25088,
83838,25089,
83840,25090,
83842,25091,
83844,25092,
83845,25093,
83846,25094,
83847,25095,
83849,25096,
83850,25097,
83851,25098,
83853,25099,
83855,25100,
83856,25101,
83857,25102,
83858,25103,
83859,25104,
83860,25105,
83861,25106,
83862,25107,
83865,25108,
83866,25109,
83867,25110,
83868,25111,
83869,25112,
83870,25113,
83871,25114,
83872,25115,
83873,25116,
83874,25117,
83876,25118,
83878,25119,
83879,25120,
83880,25121,
83881,25122,
83883,25123,
83885,25124,
83886,25125,
83887,25126,
83888,25127,
83890,25128,
83891,25129,
83892,25130,
83894,25131,
83895,25132,
83897,25133,
83898,25134,
83900,25135,
83902,25136,
83904,25137,
83907,25138,
83908,25139,
83910,25140,
83911,25141,
83913,25142,
83914,25143,
83916,25144,
83918,25145,
83919,25146,
83921,25147,
83924,25148,
83925,25149,
83926,25150,
83927,25151,
83928,25152,
83929,25153,
83930,25154,
83932,25155,
83933,25156,
83934,25157,
83935,25158,
83937,25159,
83938,25160,
83939,25161,
83941,25162,
83942,25163,
83943,25164,
83944,25165,
83946,25166,
83947,25167,
83949,25168,
83951,25169,
83953,25170,
83955,25171,
83956,25172,
83958,25173,
83960,25174,
83961,25175,
83962,25176,
83964,25177,
83965,25178,
83966,25179,
83967,25180,
83969,25181,
83971,25182,
83972,25183,
83973,25184,
83974,25185,
83976,25186,
83977,25187,
83979,25188,
83980,25189,
83982,25190,
83984,25191,
83986,25192,
83988,25193,
83989,25194,
83991,25195,
83993,25196,
83995,25197,
83997,25198,
83999,25199,
84000,25200,
84001,25201,
84002,25202,
84004,25203,
84006,25204,
84007,25205,
84008,25206,
84009,25207,
84010,25208,
84011,25209,
84012,25210,
84013,25211,
84015,25212,
84016,25213,
84017,25214,
84018,25215,
84020,25216,
84022,25217,
84023,25218,
84024,25219,
84026,25220,
84028,25221,
84029,25222,
84030,25223,
84031,25224,
84033,25225,
84035,25226,
84036,25227,
84039,25228,
84040,25229,
84042,25230,
84043,25231,
84044,25232,
84047,25233,
84048,25234,
84050,25235,
84052,25236,
84053,25237,
84054,25238,
84055,25239,
84056,25240,
84058,25241,
84059,25242,
84062,25243,
84064,25244,
84065,25245,
84067,25246,
84069,25247,
84070,25248,
84071,25249,
84072,25250,
84073,25251,
84074,25252,
84075,25253,
84077,25254,
84080,25255,
84082,25256,
84083,25257,
84084,25258,
84086,25259,
84087,25260,
84089,25261,
84091,25262,
84093,25263,
84095,25264,
84097,25265,
84099,25266,
84102,25267,
84104,25268,
84105,25269,
84106,25270,
84107,25271,
84109,25272,
84111,25273,
84113,25274,
84116,25275,
84118,25276,
84120,25277,
84122,25278,
84124,25279,
84126,25280,
84128,25281,
84129,25282,
84131,25283,
84132,25284,
84135,25285,
84137,25286,
84139,25287,
84141,25288,
84142,25289,
84146,25290,
84148,25291,
84149,25292,
84151,25293,
84154,25294,
84155,25295,
84156,25296,
84158,25297,
84159,25298,
84161,25299,
84162,25300,
84164,25301,
84165,25302,
84166,25303,
84169,25304,
84171,25305,
84173,25306,
84174,25307,
84175,25308,
84176,25309,
84178,25310,
84179,25311,
84180,25312,
84182,25313,
84184,25314,
84185,25315,
84186,25316,
84188,25317,
84191,25318,
84192,25319,
84193,25320,
84194,25321,
84196,25322,
84197,25323,
84199,25324,
84200,25325,
84201,25326,
84202,25327,
84203,25328,
84204,25329,
84205,25330,
84207,25331,
84209,25332,
84211,25333,
84212,25334,
84214,25335,
84216,25336,
84218,25337,
84220,25338,
84222,25339,
84223,25340,
84225,25341,
84227,25342,
84229,25343,
84230,25344,
84232,25345,
84235,25346,
84237,25347,
84239,25348,
84240,25349,
84241,25350,
84243,25351,
84245,25352,
84246,25353,
84248,25354,
84250,25355,
84251,25356,
84252,25357,
84254,25358,
84255,25359,
84258,25360,
84259,25361,
84261,25362,
84263,25363,
84264,25364,
84266,25365,
84269,25366,
84271,25367,
84273,25368,
84275,25369,
84277,25370,
84278,25371,
84280,25372,
84281,25373,
84282,25374,
84284,25375,
84287,25376,
84289,25377,
84290,25378,
84292,25379,
84294,25380,
84295,25381,
84296,25382,
84298,25383,
84300,25384,
84301,25385,
84303,25386,
84305,25387,
84306,25388,
84308,25389,
84310,25390,
84311,25391,
84313,25392,
84316,25393,
84317,25394,
84319,25395,
84320,25396,
84322,25397,
84323,25398,
84324,25399,
84325,25400,
84326,25401,
84328,25402,
84330,25403,
84331,25404,
84333,25405,
84335,25406,
84336,25407,
84340,25408,
84341,25409,
84342,25410,
84343,25411,
84345,25412,
84346,25413,
84348,25414,
84350,25415,
84352,25416,
84354,25417,
84355,25418,
84356,25419,
84357,25420,
84358,25421,
84360,25422,
84361,25423,
84362,25424,
84363,25425,
84364,25426,
84366,25427,
84368,25428,
84369,25429,
84371,25430,
84373,25431,
84375,25432,
84377,25433,
84378,25434,
84379,25435,
84381,25436,
84382,25437,
84383,25438,
84384,25439,
84386,25440,
84387,25441,
84388,25442,
84390,25443,
84391,25444,
84392,25445,
84393,25446,
84394,25447,
84395,25448,
84397,25449,
84398,25450,
84400,25451,
84401,25452,
84404,25453,
84405,25454,
84406,25455,
84408,25456,
84410,25457,
84412,25458,
84414,25459,
84416,25460,
84418,25461,
84420,25462,
84421,25463,
84423,25464,
84424,25465,
84427,25466,
84428,25467,
84430,25468,
84431,25469,
84432,25470,
84433,25471,
84434,25472,
84435,25473,
84436,25474,
84437,25475,
84439,25476,
84442,25477,
84443,25478,
84446,25479,
84447,25480,
84448,25481,
84449,25482,
84450,25483,
84451,25484,
84452,25485,
84453,25486,
84454,25487,
84456,25488,
84458,25489,
84459,25490,
84460,25491,
84461,25492,
84462,25493,
84464,25494,
84465,25495,
84466,25496,
84469,25497,
84470,25498,
84472,25499,
84474,25500,
84475,25501,
84476,25502,
84477,25503,
84478,25504,
84479,25505,
84480,25506,
84482,25507,
84483,25508,
84484,25509,
84485,25510,
84488,25511,
84489,25512,
84490,25513,
84493,25514,
84495,25515,
84496,25516,
84497,25517,
84498,25518,
84499,25519,
84500,25520,
84501,25521,
84502,25522,
84503,25523,
84505,25524,
84509,25525,
84510,25526,
84512,25527,
84514,25528,
84515,25529,
84516,25530,
84518,25531,
84522,25532,
84523,25533,
84524,25534,
84525,25535,
84526,25536,
84527,25537,
84529,25538,
84531,25539,
84532,25540,
84533,25541,
84534,25542,
84536,25543,
84537,25544,
84538,25545,
84539,25546,
84540,25547,
84541,25548,
84542,25549,
84543,25550,
84544,25551,
84545,25552,
84546,25553,
84547,25554,
84548,25555,
84550,25556,
84551,25557,
84555,25558,
84556,25559,
84558,25560,
84559,25561,
84561,25562,
84562,25563,
84563,25564,
84564,25565,
84565,25566,
84566,25567,
84567,25568,
84570,25569,
84571,25570,
84572,25571,
84574,25572,
84575,25573,
84577,25574,
84578,25575,
84580,25576,
84582,25577,
84583,25578,
84585,25579,
84586,25580,
84587,25581,
84588,25582,
84590,25583,
84592,25584,
84594,25585,
84596,25586,
84597,25587,
84598,25588,
84599,25589,
84600,25590,
84603,25591,
84604,25592,
84606,25593,
84608,25594,
84609,25595,
84610,25596,
84612,25597,
84613,25598,
84614,25599,
84616,25600,
84617,25601,
84619,25602,
84620,25603,
84624,25604,
84625,25605,
84626,25606,
84627,25607,
84628,25608,
84629,25609,
84630,25610,
84632,25611,
84633,25612,
84635,25613,
84636,25614,
84637,25615,
84638,25616,
84640,25617,
84641,25618,
84644,25619,
84645,25620,
84646,25621,
84647,25622,
84650,25623,
84651,25624,
84652,25625,
84653,25626,
84655,25627,
84656,25628,
84657,25629,
84658,25630,
84660,25631,
84662,25632,
84663,25633,
84664,25634,
84666,25635,
84669,25636,
84670,25637,
84671,25638,
84673,25639,
84674,25640,
84675,25641,
84676,25642,
84677,25643,
84679,25644,
84680,25645,
84682,25646,
84683,25647,
84684,25648,
84685,25649,
84687,25650,
84688,25651,
84690,25652,
84691,25653,
84692,25654,
84693,25655,
84694,25656,
84695,25657,
84696,25658,
84697,25659,
84698,25660,
84699,25661,
84700,25662,
84701,25663,
84703,25664,
84704,25665,
84706,25666,
84708,25667,
84709,25668,
84711,25669,
84712,25670,
84713,25671,
84715,25672,
84717,25673,
84718,25674,
84720,25675,
84721,25676,
84723,25677,
84725,25678,
84726,25679,
84727,25680,
84729,25681,
84730,25682,
84731,25683,
84732,25684,
84733,25685,
84734,25686,
84735,25687,
84736,25688,
84737,25689,
84739,25690,
84740,25691,
84742,25692,
84744,25693,
84745,25694,
84747,25695,
84748,25696,
84750,25697,
84751,25698,
84752,25699,
84753,25700,
84754,25701,
84756,25702,
84757,25703,
84760,25704,
84761,25705,
84762,25706,
84764,25707,
84766,25708,
84768,25709,
84769,25710,
84770,25711,
84771,25712,
84774,25713,
84775,25714,
84777,25715,
84779,25716,
84780,25717,
84781,25718,
84782,25719,
84784,25720,
84786,25721,
84787,25722,
84788,25723,
84789,25724,
84790,25725,
84791,25726,
84792,25727,
84794,25728,
84796,25729,
84797,25730,
84798,25731,
84800,25732,
84803,25733,
84805,25734,
84807,25735,
84808,25736,
84810,25737,
84811,25738,
84812,25739,
84814,25740,
84815,25741,
84816,25742,
84818,25743,
84819,25744,
84820,25745,
84821,25746,
84822,25747,
84823,25748,
84824,25749,
84825,25750,
84826,25751,
84827,25752,
84828,25753,
84830,25754,
84831,25755,
84832,25756,
84833,25757,
84836,25758,
84837,25759,
84839,25760,
84840,25761,
84842,25762,
84844,25763,
84846,25764,
84847,25765,
84848,25766,
84849,25767,
84850,25768,
84851,25769,
84852,25770,
84853,25771,
84854,25772,
84855,25773,
84856,25774,
84857,25775,
84858,25776,
84859,25777,
84860,25778,
84861,25779,
84862,25780,
84864,25781,
84865,25782,
84866,25783,
84867,25784,
84868,25785,
84869,25786,
84871,25787,
84872,25788,
84873,25789,
84874,25790,
84875,25791,
84876,25792,
84877,25793,
84878,25794,
84879,25795,
84880,25796,
84881,25797,
84882,25798,
84883,25799,
84885,25800,
84886,25801,
84887,25802,
84888,25803,
84890,25804,
84891,25805,
84892,25806,
84894,25807,
84895,25808,
84897,25809,
84898,25810,
84900,25811,
84901,25812,
84903,25813,
84904,25814,
84905,25815,
84906,25816,
84908,25817,
84909,25818,
84910,25819,
84911,25820,
84912,25821,
84913,25822,
84914,25823,
84915,25824,
84916,25825,
84917,25826,
84918,25827,
84919,25828,
84920,25829,
84921,25830,
84922,25831,
84924,25832,
84925,25833,
84926,25834,
84927,25835,
84929,25836,
84930,25837,
84932,25838,
84933,25839,
84935,25840,
84937,25841,
84939,25842,
84941,25843,
84943,25844,
84945,25845,
84946,25846,
84947,25847,
84948,25848,
84950,25849,
84952,25850,
84954,25851,
84956,25852,
84959,25853,
84960,25854,
84962,25855,
84964,25856,
84965,25857,
84966,25858,
84968,25859,
84969,25860,
84970,25861,
84971,25862,
84973,25863,
84974,25864,
84975,25865,
84976,25866,
84977,25867,
84978,25868,
84979,25869,
84980,25870,
84982,25871,
84983,25872,
84984,25873,
84986,25874,
84988,25875,
84990,25876,
84991,25877,
84994,25878,
84995,25879,
84997,25880,
85000,25881,
85001,25882,
85002,25883,
85004,25884,
85005,25885,
85007,25886,
85008,25887,
85009,25888,
85011,25889,
85012,25890,
85013,25891,
85015,25892,
85017,25893,
85019,25894,
85022,25895,
85023,25896,
85026,25897,
85027,25898,
85029,25899,
85030,25900,
85032,25901,
85033,25902,
85035,25903,
85036,25904,
85037,25905,
85038,25906,
85039,25907,
85041,25908,
85043,25909,
85044,25910,
85046,25911,
85048,25912,
85049,25913,
85050,25914,
85052,25915,
85054,25916,
85056,25917,
85059,25918,
85060,25919,
85061,25920,
85063,25921,
85064,25922,
85065,25923,
85067,25924,
85068,25925,
85069,25926,
85071,25927,
85073,25928,
85074,25929,
85076,25930,
85079,25931,
85080,25932,
85082,25933,
85084,25934,
85086,25935,
85087,25936,
85089,25937,
85091,25938,
85092,25939,
85094,25940,
85095,25941,
85097,25942,
85098,25943,
85100,25944,
85101,25945,
85102,25946,
85104,25947,
85106,25948,
85107,25949,
85109,25950,
85111,25951,
85114,25952,
85115,25953,
85117,25954,
85119,25955,
85121,25956,
85124,25957,
85125,25958,
85127,25959,
85129,25960,
85131,25961,
85133,25962,
85135,25963,
85136,25964,
85137,25965,
85139,25966,
85140,25967,
85142,25968,
85144,25969,
85145,25970,
85146,25971,
85148,25972,
85151,25973,
85152,25974,
85153,25975,
85155,25976,
85157,25977,
85159,25978,
85160,25979,
85163,25980,
85164,25981,
85165,25982,
85166,25983,
85168,25984,
85170,25985,
85173,25986,
85175,25987,
85177,25988,
85178,25989,
85180,25990,
85182,25991,
85183,25992,
85185,25993,
85187,25994,
85189,25995,
85191,25996,
85192,25997,
85193,25998,
85194,25999,
85195,26000,
85197,26001,
85198,26002,
85200,26003,
85202,26004,
85204,26005,
85205,26006,
85206,26007,
85207,26008,
85208,26009,
85210,26010,
85211,26011,
85212,26012,
85213,26013,
85215,26014,
85218,26015,
85220,26016,
85222,26017,
85224,26018,
85226,26019,
85227,26020,
85230,26021,
85231,26022,
85233,26023,
85235,26024,
85236,26025,
85237,26026,
85239,26027,
85241,26028,
85242,26029,
85243,26030,
85245,26031,
85247,26032,
85249,26033,
85250,26034,
85251,26035,
85252,26036,
85254,26037,
85255,26038,
85257,26039,
85259,26040,
85261,26041,
85262,26042,
85264,26043,
85265,26044,
85266,26045,
85268,26046,
85270,26047,
85272,26048,
85274,26049,
85276,26050,
85278,26051,
85279,26052,
85280,26053,
85285,26054,
85286,26055,
85288,26056,
85289,26057,
85291,26058,
85292,26059,
85293,26060,
85295,26061,
85299,26062,
85300,26063,
85301,26064,
85303,26065,
85305,26066,
85306,26067,
85308,26068,
85310,26069,
85311,26070,
85312,26071,
85313,26072,
85315,26073,
85316,26074,
85317,26075,
85319,26076,
85320,26077,
85321,26078,
85324,26079,
85325,26080,
85327,26081,
85329,26082,
85331,26083,
85333,26084,
85335,26085,
85337,26086,
85339,26087,
85342,26088,
85344,26089,
85346,26090,
85347,26091,
85348,26092,
85350,26093,
85352,26094,
85353,26095,
85354,26096,
85355,26097,
85357,26098,
85358,26099,
85359,26100,
85361,26101,
85362,26102,
85364,26103,
85365,26104,
85366,26105,
85368,26106,
85371,26107,
85372,26108,
85373,26109,
85374,26110,
85375,26111,
85376,26112,
85377,26113,
85378,26114,
85379,26115,
85380,26116,
85381,26117,
85382,26118,
85384,26119,
85385,26120,
85386,26121,
85387,26122,
85388,26123,
85389,26124,
85390,26125,
85391,26126,
85393,26127,
85394,26128,
85395,26129,
85396,26130,
85397,26131,
85398,26132,
85399,26133,
85400,26134,
85402,26135,
85403,26136,
85404,26137,
85406,26138,
85408,26139,
85409,26140,
85410,26141,
85411,26142,
85412,26143,
85414,26144,
85416,26145,
85417,26146,
85418,26147,
85419,26148,
85421,26149,
85422,26150,
85424,26151,
85425,26152,
85426,26153,
85427,26154,
85429,26155,
85430,26156,
85431,26157,
85432,26158,
85433,26159,
85434,26160,
85435,26161,
85436,26162,
85437,26163,
85439,26164,
85440,26165,
85441,26166,
85443,26167,
85445,26168,
85446,26169,
85447,26170,
85448,26171,
85449,26172,
85450,26173,
85451,26174,
85453,26175,
85454,26176,
85456,26177,
85459,26178,
85460,26179,
85462,26180,
85464,26181,
85465,26182,
85466,26183,
85467,26184,
85469,26185,
85470,26186,
85471,26187,
85473,26188,
85475,26189,
85477,26190,
85479,26191,
85480,26192,
85481,26193,
85482,26194,
85484,26195,
85485,26196,
85486,26197,
85488,26198,
85490,26199,
85492,26200,
85493,26201,
85496,26202,
85497,26203,
85498,26204,
85500,26205,
85501,26206,
85502,26207,
85503,26208,
85505,26209,
85506,26210,
85507,26211,
85508,26212,
85509,26213,
85512,26214,
85513,26215,
85514,26216,
85516,26217,
85517,26218,
85518,26219,
85519,26220,
85520,26221,
85521,26222,
85522,26223,
85523,26224,
85524,26225,
85525,26226,
85527,26227,
85528,26228,
85529,26229,
85531,26230,
85533,26231,
85534,26232,
85535,26233,
85537,26234,
85538,26235,
85539,26236,
85540,26237,
85541,26238,
85543,26239,
85545,26240,
85546,26241,
85548,26242,
85551,26243,
85552,26244,
85554,26245,
85555,26246,
85557,26247,
85559,26248,
85562,26249,
85564,26250,
85566,26251,
85568,26252,
85569,26253,
85571,26254,
85572,26255,
85574,26256,
85575,26257,
85576,26258,
85578,26259,
85579,26260,
85581,26261,
85582,26262,
85583,26263,
85584,26264,
85585,26265,
85587,26266,
85589,26267,
85591,26268,
85593,26269,
85595,26270,
85597,26271,
85599,26272,
85600,26273,
85602,26274,
85603,26275,
85604,26276,
85606,26277,
85607,26278,
85608,26279,
85610,26280,
85612,26281,
85614,26282,
85615,26283,
85616,26284,
85617,26285,
85619,26286,
85620,26287,
85621,26288,
85622,26289,
85623,26290,
85625,26291,
85626,26292,
85627,26293,
85629,26294,
85630,26295,
85631,26296,
85633,26297,
85634,26298,
85635,26299,
85636,26300,
85638,26301,
85639,26302,
85640,26303,
85641,26304,
85642,26305,
85643,26306,
85645,26307,
85647,26308,
85649,26309,
85650,26310,
85652,26311,
85653,26312,
85654,26313,
85655,26314,
85657,26315,
85660,26316,
85661,26317,
85663,26318,
85664,26319,
85666,26320,
85668,26321,
85669,26322,
85670,26323,
85672,26324,
85674,26325,
85675,26326,
85677,26327,
85679,26328,
85680,26329,
85682,26330,
85684,26331,
85685,26332,
85687,26333,
85689,26334,
85690,26335,
85692,26336,
85694,26337,
85696,26338,
85698,26339,
85701,26340,
85702,26341,
85703,26342,
85704,26343,
85705,26344,
85707,26345,
85708,26346,
85710,26347,
85711,26348,
85712,26349,
85713,26350,
85714,26351,
85715,26352,
85716,26353,
85718,26354,
85720,26355,
85723,26356,
85724,26357,
85726,26358,
85727,26359,
85728,26360,
85729,26361,
85730,26362,
85731,26363,
85732,26364,
85733,26365,
85734,26366,
85735,26367,
85737,26368,
85739,26369,
85740,26370,
85743,26371,
85744,26372,
85745,26373,
85746,26374,
85747,26375,
85748,26376,
85749,26377,
85750,26378,
85751,26379,
85752,26380,
85753,26381,
85754,26382,
85755,26383,
85757,26384,
85758,26385,
85760,26386,
85761,26387,
85762,26388,
85763,26389,
85764,26390,
85765,26391,
85766,26392,
85767,26393,
85768,26394,
85769,26395,
85771,26396,
85772,26397,
85773,26398,
85774,26399,
85775,26400,
85777,26401,
85778,26402,
85781,26403,
85782,26404,
85784,26405,
85786,26406,
85788,26407,
85790,26408,
85793,26409,
85794,26410,
85795,26411,
85796,26412,
85798,26413,
85799,26414,
85802,26415,
85804,26416,
85805,26417,
85808,26418,
85809,26419,
85810,26420,
85812,26421,
85814,26422,
85816,26423,
85818,26424,
85820,26425,
85821,26426,
85822,26427,
85826,26428,
85827,26429,
85828,26430,
85829,26431,
85830,26432,
85832,26433,
85834,26434,
85836,26435,
85838,26436,
85839,26437,
85840,26438,
85841,26439,
85843,26440,
85844,26441,
85847,26442,
85849,26443,
85850,26444,
85851,26445,
85853,26446,
85854,26447,
85855,26448,
85856,26449,
85858,26450,
85859,26451,
85861,26452,
85863,26453,
85864,26454,
85866,26455,
85867,26456,
85869,26457,
85870,26458,
85872,26459,
85873,26460,
85875,26461,
85876,26462,
85878,26463,
85880,26464,
85881,26465,
85882,26466,
85885,26467,
85886,26468,
85887,26469,
85889,26470,
85890,26471,
85891,26472,
85894,26473,
85895,26474,
85897,26475,
85899,26476,
85900,26477,
85902,26478,
85904,26479,
85907,26480,
85909,26481,
85911,26482,
85914,26483,
85915,26484,
85917,26485,
85918,26486,
85919,26487,
85920,26488,
85921,26489,
85922,26490,
85923,26491,
85924,26492,
85926,26493,
85927,26494,
85928,26495,
85929,26496,
85931,26497,
85932,26498,
85933,26499,
85936,26500,
85937,26501,
85939,26502,
85941,26503,
85942,26504,
85944,26505,
85945,26506,
85946,26507,
85948,26508,
85949,26509,
85950,26510,
85951,26511,
85953,26512,
85956,26513,
85957,26514,
85958,26515,
85959,26516,
85960,26517,
85961,26518,
85963,26519,
85964,26520,
85966,26521,
85968,26522,
85970,26523,
85971,26524,
85972,26525,
85973,26526,
85976,26527,
85977,26528,
85979,26529,
85980,26530,
85981,26531,
85982,26532,
85984,26533,
85986,26534,
85988,26535,
85990,26536,
85991,26537,
85994,26538,
85995,26539,
85996,26540,
85997,26541,
85998,26542,
85999,26543,
86000,26544,
86001,26545,
86002,26546,
86003,26547,
86004,26548,
86006,26549,
86007,26550,
86008,26551,
86009,26552,
86011,26553,
86013,26554,
86014,26555,
86015,26556,
86016,26557,
86017,26558,
86019,26559,
86020,26560,
86021,26561,
86023,26562,
86024,26563,
86025,26564,
86028,26565,
86030,26566,
86031,26567,
86033,26568,
86035,26569,
86036,26570,
86037,26571,
86038,26572,
86040,26573,
86041,26574,
86042,26575,
86043,26576,
86045,26577,
86046,26578,
86047,26579,
86048,26580,
86049,26581,
86051,26582,
86053,26583,
86054,26584,
86055,26585,
86056,26586,
86058,26587,
86061,26588,
86062,26589,
86065,26590,
86066,26591,
86068,26592,
86070,26593,
86072,26594,
86073,26595,
86075,26596,
86077,26597,
86079,26598,
86081,26599,
86083,26600,
86085,26601,
86086,26602,
86088,26603,
86090,26604,
86092,26605,
86093,26606,
86095,26607,
86097,26608,
86099,26609,
86101,26610,
86103,26611,
86105,26612,
86106,26613,
86109,26614,
86111,26615,
86113,26616,
86114,26617,
86116,26618,
86117,26619,
86118,26620,
86119,26621,
86120,26622,
86122,26623,
86124,26624,
86125,26625,
86126,26626,
86127,26627,
86129,26628,
86131,26629,
86132,26630,
86135,26631,
86137,26632,
86138,26633,
86139,26634,
86140,26635,
86141,26636,
86144,26637,
86145,26638,
86147,26639,
86149,26640,
86150,26641,
86152,26642,
86153,26643,
86155,26644,
86157,26645,
86159,26646,
86161,26647,
86162,26648,
86163,26649,
86165,26650,
86166,26651,
86167,26652,
86168,26653,
86169,26654,
86171,26655,
86172,26656,
86173,26657,
86176,26658,
86178,26659,
86180,26660,
86182,26661,
86183,26662,
86184,26663,
86185,26664,
86186,26665,
86188,26666,
86189,26667,
86190,26668,
86192,26669,
86193,26670,
86194,26671,
86195,26672,
86196,26673,
86197,26674,
86199,26675,
86201,26676,
86203,26677,
86204,26678,
86205,26679,
86206,26680,
86207,26681,
86208,26682,
86209,26683,
86211,26684,
86213,26685,
86215,26686,
86217,26687,
86218,26688,
86220,26689,
86222,26690,
86224,26691,
86225,26692,
86226,26693,
86228,26694,
86230,26695,
86232,26696,
86234,26697,
86236,26698,
86238,26699,
86240,26700,
86241,26701,
86242,26702,
86244,26703,
86246,26704,
86247,26705,
86248,26706,
86250,26707,
86251,26708,
86252,26709,
86254,26710,
86256,26711,
86257,26712,
86258,26713,
86259,26714,
86261,26715,
86262,26716,
86263,26717,
86264,26718,
86265,26719,
86267,26720,
86271,26721,
86273,26722,
86275,26723,
86276,26724,
86277,26725,
86278,26726,
86279,26727,
86280,26728,
86281,26729,
86282,26730,
86284,26731,
86286,26732,
86287,26733,
86289,26734,
86290,26735,
86291,26736,
86292,26737,
86293,26738,
86295,26739,
86296,26740,
86298,26741,
86300,26742,
86301,26743,
86302,26744,
86303,26745,
86306,26746,
86308,26747,
86309,26748,
86311,26749,
86313,26750,
86314,26751,
86315,26752,
86316,26753,
86318,26754,
86319,26755,
86321,26756,
86322,26757,
86324,26758,
86325,26759,
86326,26760,
86329,26761,
86330,26762,
86331,26763,
86332,26764,
86334,26765,
86335,26766,
86337,26767,
86339,26768,
86340,26769,
86341,26770,
86342,26771,
86343,26772,
86344,26773,
86345,26774,
86347,26775,
86348,26776,
86349,26777,
86350,26778,
86351,26779,
86353,26780,
86355,26781,
86357,26782,
86358,26783,
86359,26784,
86360,26785,
86361,26786,
86362,26787,
86363,26788,
86364,26789,
86366,26790,
86367,26791,
86368,26792,
86369,26793,
86370,26794,
86371,26795,
86372,26796,
86374,26797,
86375,26798,
86376,26799,
86377,26800,
86378,26801,
86379,26802,
86380,26803,
86381,26804,
86382,26805,
86383,26806,
86384,26807,
86385,26808,
86387,26809,
86389,26810,
86391,26811,
86393,26812,
86394,26813,
86395,26814,
86398,26815,
86399,26816,
86400,26817,
86402,26818,
86404,26819,
86405,26820,
86407,26821,
86409,26822,
86411,26823,
86412,26824,
86414,26825,
86415,26826,
86416,26827,
86417,26828,
86419,26829,
86420,26830,
86422,26831,
86424,26832,
86426,26833,
86429,26834,
86430,26835,
86431,26836,
86434,26837,
86435,26838,
86438,26839,
86439,26840,
86441,26841,
86443,26842,
86445,26843,
86446,26844,
86448,26845,
86450,26846,
86452,26847,
86453,26848,
86455,26849,
86458,26850,
86459,26851,
86460,26852,
86462,26853,
86463,26854,
86465,26855,
86467,26856,
86469,26857,
86470,26858,
86471,26859,
86473,26860,
86476,26861,
86477,26862,
86478,26863,
86480,26864,
86481,26865,
86483,26866,
86484,26867,
86485,26868,
86486,26869,
86488,26870,
86490,26871,
86491,26872,
86492,26873,
86493,26874,
86495,26875,
86498,26876,
86499,26877,
86500,26878,
86502,26879,
86503,26880,
86505,26881,
86507,26882,
86509,26883,
86510,26884,
86511,26885,
86513,26886,
86515,26887,
86517,26888,
86518,26889,
86519,26890,
86520,26891,
86522,26892,
86524,26893,
86527,26894,
86529,26895,
86531,26896,
86533,26897,
86536,26898,
86537,26899,
86538,26900,
86540,26901,
86542,26902,
86545,26903,
86547,26904,
86548,26905,
86550,26906,
86553,26907,
86555,26908,
86557,26909,
86558,26910,
86559,26911,
86561,26912,
86564,26913,
86565,26914,
86566,26915,
86568,26916,
86569,26917,
86571,26918,
86573,26919,
86575,26920,
86576,26921,
86578,26922,
86579,26923,
86582,26924,
86584,26925,
86585,26926,
86586,26927,
86588,26928,
86590,26929,
86591,26930,
86593,26931,
86595,26932,
86596,26933,
86597,26934,
86598,26935,
86599,26936,
86602,26937,
86603,26938,
86605,26939,
86608,26940,
86609,26941,
86610,26942,
86613,26943,
86614,26944,
86615,26945,
86617,26946,
86619,26947,
86620,26948,
86621,26949,
86623,26950,
86625,26951,
86626,26952,
86628,26953,
86630,26954,
86631,26955,
86632,26956,
86634,26957,
86635,26958,
86637,26959,
86638,26960,
86640,26961,
86642,26962,
86644,26963,
86645,26964,
86647,26965,
86648,26966,
86649,26967,
86651,26968,
86652,26969,
86654,26970,
86656,26971,
86657,26972,
86659,26973,
86661,26974,
86663,26975,
86665,26976,
86666,26977,
86668,26978,
86670,26979,
86671,26980,
86673,26981,
86674,26982,
86677,26983,
86679,26984,
86681,26985,
86682,26986,
86683,26987,
86684,26988,
86685,26989,
86686,26990,
86687,26991,
86689,26992,
86690,26993,
86692,26994,
86694,26995,
86696,26996,
86697,26997,
86699,26998,
86701,26999,
86703,27000,
86704,27001,
86706,27002,
86708,27003,
86709,27004,
86710,27005,
86713,27006,
86715,27007,
86716,27008,
86717,27009,
86718,27010,
86720,27011,
86722,27012,
86725,27013,
86726,27014,
86728,27015,
86730,27016,
86732,27017,
86734,27018,
86735,27019,
86736,27020,
86737,27021,
86739,27022,
86741,27023,
86742,27024,
86744,27025,
86746,27026,
86749,27027,
86750,27028,
86753,27029,
86754,27030,
86756,27031,
86758,27032,
86760,27033,
86762,27034,
86763,27035,
86765,27036,
86766,27037,
86768,27038,
86770,27039,
86772,27040,
86774,27041,
86776,27042,
86778,27043,
86781,27044,
86782,27045,
86783,27046,
86784,27047,
86786,27048,
86788,27049,
86790,27050,
86792,27051,
86794,27052,
86796,27053,
86797,27054,
86799,27055,
86800,27056,
86801,27057,
86802,27058,
86804,27059,
86806,27060,
86808,27061,
86809,27062,
86811,27063,
86818,27064,
86819,27065,
86821,27066,
86823,27067,
86824,27068,
86826,27069,
86828,27070,
86829,27071,
86830,27072,
86832,27073,
86833,27074,
86835,27075,
86837,27076,
86838,27077,
86840,27078,
86843,27079,
86845,27080,
86846,27081,
86847,27082,
86849,27083,
86850,27084,
86852,27085,
86853,27086,
86855,27087,
86857,27088,
86859,27089,
86861,27090,
86863,27091,
86865,27092,
86867,27093,
86869,27094,
86871,27095,
86872,27096,
86874,27097,
86876,27098,
86877,27099,
86878,27100,
86879,27101,
86880,27102,
86881,27103,
86882,27104,
86883,27105,
86884,27106,
86885,27107,
86886,27108,
86887,27109,
86888,27110,
86889,27111,
86891,27112,
86893,27113,
86894,27114,
86895,27115,
86896,27116,
86897,27117,
86900,27118,
86901,27119,
86903,27120,
86905,27121,
86907,27122,
86908,27123,
86910,27124,
86911,27125,
86912,27126,
86913,27127,
86914,27128,
86915,27129,
86916,27130,
86918,27131,
86920,27132,
86922,27133,
86924,27134,
86926,27135,
86928,27136,
86930,27137,
86932,27138,
86933,27139,
86934,27140,
86936,27141,
86939,27142,
86940,27143,
86943,27144,
86945,27145,
86947,27146,
86949,27147,
86951,27148,
86953,27149,
86955,27150,
86957,27151,
86958,27152,
86960,27153,
86962,27154,
86964,27155,
86966,27156,
86969,27157,
86970,27158,
86971,27159,
86973,27160,
86976,27161,
86978,27162,
86980,27163,
86981,27164,
86983,27165,
86985,27166,
86987,27167,
86989,27168,
86992,27169,
86994,27170,
86995,27171,
86996,27172,
86997,27173,
86998,27174,
86999,27175,
87001,27176,
87002,27177,
87003,27178,
87004,27179,
87005,27180,
87007,27181,
87009,27182,
87011,27183,
87013,27184,
87015,27185,
87016,27186,
87017,27187,
87018,27188,
87019,27189,
87020,27190,
87021,27191,
87022,27192,
87024,27193,
87026,27194,
87028,27195,
87030,27196,
87031,27197,
87032,27198,
87033,27199,
87036,27200,
87038,27201,
87039,27202,
87040,27203,
87042,27204,
87043,27205,
87044,27206,
87046,27207,
87047,27208,
87048,27209,
87050,27210,
87052,27211,
87053,27212,
87054,27213,
87055,27214,
87056,27215,
87058,27216,
87059,27217,
87062,27218,
87063,27219,
87064,27220,
87065,27221,
87067,27222,
87069,27223,
87071,27224,
87073,27225,
87075,27226,
87076,27227,
87078,27228,
87079,27229,
87082,27230,
87083,27231,
87084,27232,
87086,27233,
87088,27234,
87090,27235,
87091,27236,
87093,27237,
87095,27238,
87097,27239,
87099,27240,
87100,27241,
87102,27242,
87104,27243,
87106,27244,
87108,27245,
87110,27246,
87111,27247,
87112,27248,
87113,27249,
87115,27250,
87116,27251,
87118,27252,
87121,27253,
87122,27254,
87123,27255,
87125,27256,
87127,27257,
87128,27258,
87130,27259,
87133,27260,
87135,27261,
87136,27262,
87139,27263,
87140,27264,
87141,27265,
87143,27266,
87144,27267,
87145,27268,
87146,27269,
87147,27270,
87148,27271,
87149,27272,
87150,27273,
87151,27274,
87153,27275,
87154,27276,
87158,27277,
87159,27278,
87161,27279,
87162,27280,
87163,27281,
87164,27282,
87165,27283,
87166,27284,
87167,27285,
87168,27286,
87169,27287,
87170,27288,
87171,27289,
87172,27290,
87173,27291,
87174,27292,
87175,27293,
87176,27294,
87177,27295,
87179,27296,
87180,27297,
87181,27298,
87182,27299,
87183,27300,
87184,27301,
87185,27302,
87186,27303,
87187,27304,
87188,27305,
87189,27306,
87191,27307,
87193,27308,
87194,27309,
87196,27310,
87197,27311,
87198,27312,
87199,27313,
87200,27314,
87201,27315,
87202,27316,
87203,27317,
87204,27318,
87205,27319,
87206,27320,
87208,27321,
87209,27322,
87210,27323,
87211,27324,
87212,27325,
87213,27326,
87215,27327,
87216,27328,
87218,27329,
87220,27330,
87221,27331,
87222,27332,
87223,27333,
87224,27334,
87227,27335,
87228,27336,
87229,27337,
87231,27338,
87233,27339,
87234,27340,
87235,27341,
87237,27342,
87238,27343,
87240,27344,
87242,27345,
87243,27346,
87244,27347,
87246,27348,
87247,27349,
87250,27350,
87251,27351,
87252,27352,
87254,27353,
87255,27354,
87257,27355,
87258,27356,
87259,27357,
87260,27358,
87263,27359,
87264,27360,
87267,27361,
87268,27362,
87270,27363,
87272,27364,
87273,27365,
87274,27366,
87275,27367,
87277,27368,
87279,27369,
87281,27370,
87282,27371,
87283,27372,
87285,27373,
87286,27374,
87287,27375,
87289,27376,
87291,27377,
87293,27378,
87295,27379,
87297,27380,
87299,27381,
87300,27382,
87301,27383,
87303,27384,
87304,27385,
87305,27386,
87306,27387,
87308,27388,
87310,27389,
87311,27390,
87313,27391,
87314,27392,
87315,27393,
87317,27394,
87319,27395,
87320,27396,
87322,27397,
87324,27398,
87326,27399,
87327,27400,
87329,27401,
87330,27402,
87333,27403,
87334,27404,
87336,27405,
87338,27406,
87339,27407,
87340,27408,
87342,27409,
87344,27410,
87346,27411,
87348,27412,
87350,27413,
87352,27414,
87354,27415,
87356,27416,
87358,27417,
87360,27418,
87361,27419,
87362,27420,
87363,27421,
87364,27422,
87365,27423,
87366,27424,
87367,27425,
87369,27426,
87371,27427,
87373,27428,
87375,27429,
87376,27430,
87378,27431,
87380,27432,
87382,27433,
87384,27434,
87386,27435,
87388,27436,
87390,27437,
87392,27438,
87394,27439,
87396,27440,
87398,27441,
87399,27442,
87401,27443,
87402,27444,
87404,27445,
87405,27446,
87407,27447,
87409,27448,
87411,27449,
87413,27450,
87414,27451,
87415,27452,
87417,27453,
87418,27454,
87419,27455,
87421,27456,
87422,27457,
87423,27458,
87426,27459,
87427,27460,
87429,27461,
87431,27462,
87433,27463,
87436,27464,
87437,27465,
87439,27466,
87441,27467,
87442,27468,
87444,27469,
87446,27470,
87448,27471,
87450,27472,
87451,27473,
87452,27474,
87453,27475,
87454,27476,
87455,27477,
87457,27478,
87459,27479,
87461,27480,
87462,27481,
87464,27482,
87466,27483,
87468,27484,
87470,27485,
87472,27486,
87474,27487,
87475,27488,
87477,27489,
87479,27490,
87481,27491,
87482,27492,
87483,27493,
87485,27494,
87488,27495,
87490,27496,
87491,27497,
87494,27498,
87495,27499,
87497,27500,
87501,27501,
87502,27502,
87503,27503,
87505,27504,
87508,27505,
87509,27506,
87511,27507,
87513,27508,
87514,27509,
87516,27510,
87518,27511,
87520,27512,
87522,27513,
87523,27514,
87524,27515,
87525,27516,
87527,27517,
87529,27518,
87530,27519,
87533,27520,
87534,27521,
87536,27522,
87537,27523,
87539,27524,
87541,27525,
87542,27526,
87545,27527,
87546,27528,
87548,27529,
87550,27530,
87552,27531,
87553,27532,
87554,27533,
87556,27534,
87559,27535,
87561,27536,
87563,27537,
87566,27538,
87567,27539,
87569,27540,
87571,27541,
87573,27542,
87574,27543,
87576,27544,
87577,27545,
87579,27546,
87581,27547,
87582,27548,
87584,27549,
87586,27550,
87589,27551,
87591,27552,
87593,27553,
87595,27554,
87597,27555,
87599,27556,
87601,27557,
87602,27558,
87603,27559,
87604,27560,
87605,27561,
87606,27562,
87607,27563,
87608,27564,
87609,27565,
87611,27566,
87613,27567,
87615,27568,
87617,27569,
87618,27570,
87619,27571,
87621,27572,
87623,27573,
87625,27574,
87627,27575,
87629,27576,
87631,27577,
87633,27578,
87635,27579,
87636,27580,
87637,27581,
87639,27582,
87640,27583,
87642,27584,
87643,27585,
87644,27586,
87646,27587,
87648,27588,
87650,27589,
87651,27590,
87653,27591,
87655,27592,
87657,27593,
87659,27594,
87661,27595,
87663,27596,
87665,27597,
87667,27598,
87669,27599,
87671,27600,
87673,27601,
87674,27602,
87675,27603,
87676,27604,
87678,27605,
87680,27606,
87682,27607,
87683,27608,
87685,27609,
87687,27610,
87688,27611,
87690,27612,
87692,27613,
87695,27614,
87697,27615,
87699,27616,
87701,27617,
87702,27618,
87704,27619,
87706,27620,
87707,27621,
87709,27622,
87711,27623,
87713,27624,
87715,27625,
87717,27626,
87719,27627,
87721,27628,
87724,27629,
87725,27630,
87727,27631,
87729,27632,
87731,27633,
87733,27634,
87736,27635,
87738,27636,
87740,27637,
87742,27638,
87744,27639,
87747,27640,
87750,27641,
87753,27642,
87754,27643,
87757,27644,
87758,27645,
87760,27646,
87762,27647,
87763,27648,
87765,27649,
87767,27650,
87771,27651,
87772,27652,
87774,27653,
87775,27654,
87776,27655,
87779,27656,
87782,27657,
87783,27658,
87785,27659,
87787,27660,
87880,27661,
87884,27662,
88182,27663,
88184,27664,
88186,27665,
88187,27666,
88189,27667,
88191,27668,
88192,27669,
88197,27670,
88201,27671,
88202,27672,
88211,27673,
88212,27674,
88214,27675,
88391,27676,
89115,27677,
89169,27678,
89181,27679,
89184,27680,
89187,27681,
89260,27682,
89743,27683,
89787,27684,
89788,27685,
89789,27686,
89790,27687,
90195,27688,
90197,27689,
90199,27690,
90239,27691,
90241,27692,
90245,27693,
90246,27694,
90248,27695,
90255,27696,
90606,27697,
90607,27698,
90780,27699,
90782,27700,
90852,27701,
92150,27702,
92152,27703,
92153,27704,
92155,27705,
92265,27706,
92267,27707,
92282,27708,
92283,27709,
92284,27710,
92409,27711,
92590,27712,
92592,27713,
92594,27714,
94373,27715,
94726,27716,
94727,27717,
94734,27718,
94861,27719,
94863,27720,
95474,27721,
95634,27722,
95636,27723,
95637,27724,
95656,27725,
95657,27726,
95828,27727,
95829,27728,
96039,27729,
96040,27730,
96041,27731,
96043,27732,
96045,27733,
96046,27734,
96049,27735,
96051,27736,
96052,27737,
96476,27738,
96501,27739,
96502,27740,
96503,27741,
96504,27742,
96536,27743,
96537,27744,
96545,27745,
96547,27746,
96549,27747,
96551,27748,
96552,27749,
96581,27750,
97310,27751,
97313,27752,
97314,27753,
97315,27754,
97318,27755,
97319,27756,
97321,27757,
97322,27758,
97323,27759,
97326,27760,
97328,27761,
97330,27762,
97331,27763,
97333,27764,
97336,27765,
97338,27766,
97340,27767,
97342,27768,
97345,27769,
97346,27770,
97352,27771,
97353,27772,
97354,27773,
97355,27774,
97364,27775,
97365,27776,
97366,27777,
97368,27778,
97381,27779,
97382,27780,
97387,27781,
97389,27782,
97401,27783,
97402,27784,
97787,27785,
97812,27786,
97814,27787,
97816,27788,
97817,27789,
97819,27790,
99816,27791,
99850,27792,
99851,27793,
99873,27794,
99874,27795,
100010,27796,
100083,27797,
100085,27798,
100086,27799,
100090,27800,
100091,27801,
100092,27802,
100275,27803,
100285,27804,
100287,27805,
100298,27806,
100409,27807,
100431,27808,
100906,27809,
100918,27810,
100919,27811,
100921,27812,
100922,27813,
100932,27814,
101322,27815,
101323,27816,
101324,27817,
101325,27818,
101933,27819,
101934,27820,
101989,27821,
101990,27822,
102098,27823,
102143,27824,
102195,27825,
102238,27826,
102239,27827,
102489,27828,
102545,27829,
102547,27830,
102548,27831,
102563,27832,
102564,27833,
102863,27834,
102864,27835,
102865,27836,
102866,27837,
102868,27838,
102876,27839,
102879,27840,
102943,27841,
102944,27842,
102946,27843,
102947,27844,
102948,27845,
102950,27846,
102951,27847,
102952,27848,
102954,27849,
102955,27850,
102956,27851,
102958,27852,
102960,27853,
102961,27854,
102962,27855,
102963,27856,
102964,27857,
102966,27858,
102967,27859,
102969,27860,
102970,27861,
102972,27862,
102973,27863,
102974,27864,
102977,27865,
102978,27866,
102979,27867,
102980,27868,
102982,27869,
102983,27870,
102984,27871,
102987,27872,
102990,27873,
102991,27874,
102992,27875,
102994,27876,
102995,27877,
102996,27878,
102998,27879,
103000,27880,
103003,27881,
103004,27882,
103006,27883,
103007,27884,
103009,27885,
103010,27886,
103011,27887,
103013,27888,
103014,27889,
103016,27890,
103017,27891,
103018,27892,
103019,27893,
103020,27894,
103021,27895,
103023,27896,
103024,27897,
103026,27898,
103028,27899,
103030,27900,
103031,27901,
103033,27902,
103035,27903,
103036,27904,
103037,27905,
103038,27906,
103039,27907,
103043,27908,
103044,27909,
103046,27910,
103047,27911,
103049,27912,
103052,27913,
103054,27914,
103056,27915,
103058,27916,
103059,27917,
103060,27918,
103061,27919,
103063,27920,
103064,27921,
103066,27922,
103067,27923,
103069,27924,
103070,27925,
103071,27926,
103072,27927,
103073,27928,
103074,27929,
103075,27930,
103077,27931,
103078,27932,
103079,27933,
103080,27934,
103081,27935,
103083,27936,
103084,27937,
103086,27938,
103088,27939,
103090,27940,
103092,27941,
103093,27942,
103095,27943,
103096,27944,
103097,27945,
103098,27946,
103100,27947,
103101,27948,
103103,27949,
103105,27950,
103107,27951,
103109,27952,
103110,27953,
103111,27954,
103113,27955,
103114,27956,
103116,27957,
103119,27958,
103120,27959,
103122,27960,
103124,27961,
103126,27962,
103128,27963,
103130,27964,
103131,27965,
103133,27966,
103135,27967,
103137,27968,
103138,27969,
103139,27970,
103141,27971,
103144,27972,
103145,27973,
103146,27974,
103148,27975,
103149,27976,
103150,27977,
103151,27978,
103153,27979,
103155,27980,
103157,27981,
103159,27982,
103161,27983,
103163,27984,
103165,27985,
103167,27986,
103171,27987,
103172,27988,
103173,27989,
103174,27990,
103175,27991,
103177,27992,
103178,27993,
103179,27994,
103181,27995,
103182,27996,
103184,27997,
103186,27998,
103188,27999,
103190,28000,
103192,28001,
103194,28002,
103195,28003,
103197,28004,
103198,28005,
103200,28006,
103201,28007,
103202,28008,
103203,28009,
103204,28010,
103205,28011,
103207,28012,
103209,28013,
103210,28014,
103211,28015,
103213,28016,
103214,28017,
103216,28018,
103217,28019,
103218,28020,
103219,28021,
103220,28022,
103222,28023,
103224,28024,
103225,28025,
103226,28026,
103228,28027,
103229,28028,
103232,28029,
103234,28030,
103236,28031,
103237,28032,
103239,28033,
103240,28034,
103242,28035,
103244,28036,
103245,28037,
103247,28038,
103248,28039,
103250,28040,
103252,28041,
103254,28042,
103255,28043,
103256,28044,
103258,28045,
103260,28046,
103262,28047,
103264,28048,
103265,28049,
103267,28050,
103268,28051,
103269,28052,
103271,28053,
103273,28054,
103276,28055,
103277,28056,
103279,28057,
103281,28058,
103283,28059,
103284,28060,
103285,28061,
103287,28062,
103288,28063,
103289,28064,
103291,28065,
103292,28066,
103293,28067,
103294,28068,
103295,28069,
103296,28070,
103297,28071,
103298,28072,
103299,28073,
103301,28074,
103302,28075,
103304,28076,
103305,28077,
103306,28078,
103308,28079,
103309,28080,
103310,28081,
103311,28082,
103312,28083,
103313,28084,
103314,28085,
103315,28086,
103318,28087,
103320,28088,
103321,28089,
103322,28090,
103324,28091,
103327,28092,
103329,28093,
103330,28094,
103331,28095,
103332,28096,
103334,28097,
103335,28098,
103337,28099,
103338,28100,
103340,28101,
103342,28102,
103343,28103,
103344,28104,
103346,28105,
103347,28106,
103348,28107,
103349,28108,
103350,28109,
103352,28110,
103354,28111,
103355,28112,
103356,28113,
103357,28114,
103359,28115,
103361,28116,
103362,28117,
103364,28118,
103365,28119,
103368,28120,
103369,28121,
103370,28122,
103371,28123,
103372,28124,
103374,28125,
103376,28126,
103377,28127,
103378,28128,
103379,28129,
103380,28130,
103382,28131,
103384,28132,
103386,28133,
103388,28134,
103390,28135,
103392,28136,
103394,28137,
103396,28138,
103397,28139,
103398,28140,
103399,28141,
103401,28142,
103402,28143,
103404,28144,
103405,28145,
103406,28146,
103407,28147,
103408,28148,
103409,28149,
103410,28150,
103411,28151,
103412,28152,
103413,28153,
103415,28154,
103416,28155,
103417,28156,
103418,28157,
103420,28158,
103422,28159,
103424,28160,
103426,28161,
103427,28162,
103429,28163,
103430,28164,
103432,28165,
103433,28166,
103436,28167,
103437,28168,
103439,28169,
103440,28170,
103441,28171,
103442,28172,
103443,28173,
103445,28174,
103447,28175,
103448,28176,
103449,28177,
103451,28178,
103452,28179,
103453,28180,
103455,28181,
103456,28182,
103458,28183,
103459,28184,
103460,28185,
103461,28186,
103463,28187,
103464,28188,
103465,28189,
103466,28190,
103467,28191,
103468,28192,
103469,28193,
103470,28194,
103471,28195,
103472,28196,
103474,28197,
103475,28198,
103476,28199,
103477,28200,
103479,28201,
103480,28202,
103482,28203,
103483,28204,
103484,28205,
103485,28206,
103486,28207,
103487,28208,
103488,28209,
103489,28210,
103490,28211,
103492,28212,
103493,28213,
103497,28214,
103498,28215,
103499,28216,
103501,28217,
103502,28218,
103503,28219,
103504,28220,
103505,28221,
103506,28222,
103507,28223,
103508,28224,
103509,28225,
103510,28226,
103512,28227,
103513,28228,
103514,28229,
103515,28230,
103516,28231,
103517,28232,
103519,28233,
103520,28234,
103521,28235,
103522,28236,
103523,28237,
103524,28238,
103525,28239,
103526,28240,
103527,28241,
103529,28242,
103530,28243,
103532,28244,
103533,28245,
103534,28246,
103535,28247,
103536,28248,
103537,28249,
103538,28250,
103539,28251,
103540,28252,
103541,28253,
103542,28254,
103544,28255,
103545,28256,
103546,28257,
103548,28258,
103549,28259,
103550,28260,
103552,28261,
103554,28262,
103555,28263,
103556,28264,
103557,28265,
103558,28266,
103559,28267,
103562,28268,
103563,28269,
103564,28270,
103565,28271,
103566,28272,
103569,28273,
103570,28274,
103573,28275,
103574,28276,
103575,28277,
103576,28278,
103577,28279,
103579,28280,
103581,28281,
103582,28282,
103583,28283,
103584,28284,
103585,28285,
103586,28286,
103588,28287,
103589,28288,
103591,28289,
103593,28290,
103594,28291,
103596,28292,
103597,28293,
103598,28294,
103601,28295,
103603,28296,
103604,28297,
103605,28298,
103607,28299,
103608,28300,
103609,28301,
103612,28302,
103614,28303,
103616,28304,
103618,28305,
103620,28306,
103621,28307,
103623,28308,
103625,28309,
103626,28310,
103627,28311,
103628,28312,
103629,28313,
103630,28314,
103631,28315,
103633,28316,
103635,28317,
103637,28318,
103638,28319,
103639,28320,
103640,28321,
103641,28322,
103643,28323,
103644,28324,
103645,28325,
103647,28326,
103649,28327,
103652,28328,
103654,28329,
103656,28330,
103659,28331,
103660,28332,
103662,28333,
103664,28334,
103668,28335,
103669,28336,
103670,28337,
103672,28338,
103675,28339,
103676,28340,
103678,28341,
103679,28342,
103680,28343,
103681,28344,
103683,28345,
103684,28346,
103685,28347,
103687,28348,
103688,28349,
103691,28350,
103693,28351,
103694,28352,
103695,28353,
103696,28354,
103698,28355,
103700,28356,
103702,28357,
103704,28358,
103705,28359,
103706,28360,
103708,28361,
103709,28362,
103710,28363,
103712,28364,
103713,28365,
103714,28366,
103716,28367,
103718,28368,
103720,28369,
103723,28370,
103725,28371,
103727,28372,
103728,28373,
103730,28374,
103733,28375,
103734,28376,
103736,28377,
103737,28378,
103739,28379,
103740,28380,
103741,28381,
103742,28382,
103743,28383,
103744,28384,
103745,28385,
103746,28386,
103747,28387,
103749,28388,
103751,28389,
103753,28390,
103754,28391,
103755,28392,
103756,28393,
103759,28394,
103760,28395,
103762,28396,
103763,28397,
103765,28398,
103766,28399,
103768,28400,
103770,28401,
103772,28402,
103774,28403,
103777,28404,
103778,28405,
103780,28406,
103781,28407,
103782,28408,
103785,28409,
103786,28410,
103788,28411,
103790,28412,
103792,28413,
103793,28414,
103796,28415,
103797,28416,
103800,28417,
103801,28418,
103802,28419,
103803,28420,
103804,28421,
103805,28422,
103807,28423,
103808,28424,
103809,28425,
103810,28426,
103811,28427,
103812,28428,
103813,28429,
103814,28430,
103816,28431,
103817,28432,
103818,28433,
103819,28434,
103820,28435,
103821,28436,
103823,28437,
103825,28438,
103827,28439,
103829,28440,
103831,28441,
103833,28442,
103834,28443,
103836,28444,
103837,28445,
103838,28446,
103840,28447,
103842,28448,
103844,28449,
103845,28450,
103846,28451,
103847,28452,
103849,28453,
103850,28454,
103851,28455,
103852,28456,
103853,28457,
103854,28458,
103856,28459,
103858,28460,
103859,28461,
103860,28462,
103862,28463,
103863,28464,
103864,28465,
103865,28466,
103867,28467,
103868,28468,
103869,28469,
103870,28470,
103871,28471,
103872,28472,
103873,28473,
103874,28474,
103875,28475,
103876,28476,
103877,28477,
103878,28478,
103879,28479,
103881,28480,
103882,28481,
103883,28482,
103884,28483,
103885,28484,
103887,28485,
103888,28486,
103889,28487,
103890,28488,
103894,28489,
103895,28490,
103897,28491,
103900,28492,
103901,28493,
103903,28494,
103904,28495,
103905,28496,
103910,28497,
103912,28498,
103913,28499,
103915,28500,
103917,28501,
103919,28502,
103920,28503,
103922,28504,
103923,28505,
103925,28506,
103926,28507,
103928,28508,
103929,28509,
103931,28510,
103932,28511,
103933,28512,
103935,28513,
103938,28514,
103940,28515,
103941,28516,
103942,28517,
103943,28518,
103944,28519,
103947,28520,
103948,28521,
103949,28522,
103951,28523,
103953,28524,
103955,28525,
103956,28526,
103958,28527,
103960,28528,
103961,28529,
103962,28530,
103963,28531,
103964,28532,
103965,28533,
103967,28534,
103968,28535,
103969,28536,
103970,28537,
103971,28538,
103972,28539,
103973,28540,
103974,28541,
103975,28542,
103976,28543,
103977,28544,
103978,28545,
103979,28546,
103980,28547,
103982,28548,
103983,28549,
103984,28550,
103986,28551,
103987,28552,
103988,28553,
103989,28554,
103990,28555,
103991,28556,
103992,28557,
103993,28558,
103994,28559,
103995,28560,
103996,28561,
103997,28562,
103999,28563,
104000,28564,
104001,28565,
104002,28566,
104003,28567,
104005,28568,
104006,28569,
104007,28570,
104009,28571,
104010,28572,
104011,28573,
104013,28574,
104014,28575,
104015,28576,
104016,28577,
104017,28578,
104019,28579,
104021,28580,
104022,28581,
104024,28582,
104026,28583,
104027,28584,
104029,28585,
104031,28586,
104033,28587,
104034,28588,
104036,28589,
104038,28590,
104040,28591,
104042,28592,
104043,28593,
104045,28594,
104046,28595,
104048,28596,
104050,28597,
104051,28598,
104052,28599,
104054,28600,
104057,28601,
104058,28602,
104059,28603,
104061,28604,
104063,28605,
104064,28606,
104067,28607,
104068,28608,
104069,28609,
104071,28610,
104072,28611,
104073,28612,
104075,28613,
104077,28614,
104078,28615,
104079,28616,
104081,28617,
104083,28618,
104084,28619,
104086,28620,
104088,28621,
104089,28622,
104090,28623,
104092,28624,
104093,28625,
104095,28626,
104096,28627,
104097,28628,
104098,28629,
104100,28630,
104101,28631,
104103,28632,
104105,28633,
104107,28634,
104108,28635,
104110,28636,
104113,28637,
104114,28638,
104116,28639,
104117,28640,
104118,28641,
104119,28642,
104120,28643,
104122,28644,
104124,28645,
104125,28646,
104127,28647,
104128,28648,
104130,28649,
104132,28650,
104134,28651,
104136,28652,
104138,28653,
104140,28654,
104142,28655,
104143,28656,
104144,28657,
104145,28658,
104146,28659,
104147,28660,
104149,28661,
104150,28662,
104151,28663,
104153,28664,
104155,28665,
104156,28666,
104158,28667,
104159,28668,
104161,28669,
104163,28670,
104165,28671,
104167,28672,
104168,28673,
104170,28674,
104173,28675,
104174,28676,
104176,28677,
104179,28678,
104180,28679,
104182,28680,
104183,28681,
104185,28682,
104188,28683,
104189,28684,
104191,28685,
104193,28686,
104195,28687,
104196,28688,
104197,28689,
104198,28690,
104199,28691,
104201,28692,
104202,28693,
104204,28694,
104205,28695,
104207,28696,
104209,28697,
104212,28698,
104213,28699,
104214,28700,
104216,28701,
104217,28702,
104219,28703,
104220,28704,
104222,28705,
104226,28706,
104227,28707,
104229,28708,
104231,28709,
104233,28710,
104234,28711,
104235,28712,
104237,28713,
104238,28714,
104239,28715,
104241,28716,
104243,28717,
104245,28718,
104247,28719,
104248,28720,
104249,28721,
104251,28722,
104253,28723,
104255,28724,
104257,28725,
104259,28726,
104261,28727,
104262,28728,
104264,28729,
104265,28730,
104266,28731,
104268,28732,
104269,28733,
104270,28734,
104272,28735,
104273,28736,
104275,28737,
104277,28738,
104283,28739,
104284,28740,
104285,28741,
104286,28742,
104288,28743,
104289,28744,
104292,28745,
104293,28746,
104294,28747,
104296,28748,
104297,28749,
104299,28750,
104300,28751,
104302,28752,
104303,28753,
104304,28754,
104305,28755,
104306,28756,
104307,28757,
104310,28758,
104312,28759,
104313,28760,
104315,28761,
104317,28762,
104319,28763,
104320,28764,
104321,28765,
104322,28766,
104323,28767,
104325,28768,
104326,28769,
104327,28770,
104328,28771,
104329,28772,
104330,28773,
104331,28774,
104333,28775,
104334,28776,
104336,28777,
104337,28778,
104338,28779,
104339,28780,
104341,28781,
104342,28782,
104344,28783,
104346,28784,
104347,28785,
104348,28786,
104352,28787,
104353,28788,
104354,28789,
104356,28790,
104358,28791,
104361,28792,
104363,28793,
104365,28794,
104367,28795,
104368,28796,
104370,28797,
104371,28798,
104373,28799,
104375,28800,
104376,28801,
104378,28802,
104380,28803,
104383,28804,
104385,28805,
104386,28806,
104390,28807,
104392,28808,
104394,28809,
104397,28810,
104398,28811,
104400,28812,
104402,28813,
104404,28814,
104406,28815,
104408,28816,
104410,28817,
104411,28818,
104413,28819,
104414,28820,
104415,28821,
104416,28822,
104418,28823,
104420,28824,
104422,28825,
104423,28826,
104425,28827,
104428,28828,
104429,28829,
104430,28830,
104432,28831,
104434,28832,
104435,28833,
104436,28834,
104438,28835,
104439,28836,
104441,28837,
104444,28838,
104445,28839,
104446,28840,
104447,28841,
104449,28842,
104450,28843,
104451,28844,
104453,28845,
104454,28846,
104456,28847,
104458,28848,
104459,28849,
104460,28850,
104462,28851,
104463,28852,
104465,28853,
104466,28854,
104468,28855,
104471,28856,
104472,28857,
104474,28858,
104476,28859,
104478,28860,
104479,28861,
104481,28862,
104482,28863,
104483,28864,
104485,28865,
104487,28866,
104488,28867,
104490,28868,
104491,28869,
104492,28870,
104494,28871,
104495,28872,
104496,28873,
104498,28874,
104499,28875,
104500,28876,
104501,28877,
104502,28878,
104505,28879,
104507,28880,
104509,28881,
104511,28882,
104514,28883,
104515,28884,
104517,28885,
104519,28886,
104522,28887,
104524,28888,
104525,28889,
104527,28890,
104528,28891,
104529,28892,
104531,28893,
104533,28894,
104534,28895,
104536,28896,
104537,28897,
104539,28898,
104541,28899,
104542,28900,
104544,28901,
104546,28902,
104547,28903,
104549,28904,
104550,28905,
104551,28906,
104552,28907,
104553,28908,
104555,28909,
104556,28910,
104558,28911,
104559,28912,
104560,28913,
104562,28914,
104564,28915,
104566,28916,
104568,28917,
104569,28918,
104570,28919,
104571,28920,
104572,28921,
104574,28922,
104576,28923,
104577,28924,
104578,28925,
104579,28926,
104581,28927,
104583,28928,
104584,28929,
104585,28930,
104587,28931,
104589,28932,
104590,28933,
104591,28934,
104592,28935,
104593,28936,
104595,28937,
104596,28938,
104597,28939,
104598,28940,
104600,28941,
104601,28942,
104603,28943,
104605,28944,
104608,28945,
104610,28946,
104611,28947,
104613,28948,
104614,28949,
104616,28950,
104618,28951,
104620,28952,
104622,28953,
104623,28954,
104624,28955,
104626,28956,
104628,28957,
104630,28958,
104631,28959,
104632,28960,
104633,28961,
104635,28962,
104637,28963,
104638,28964,
104640,28965,
104642,28966,
104643,28967,
104644,28968,
104646,28969,
104647,28970,
104648,28971,
104651,28972,
104652,28973,
104654,28974,
104655,28975,
104656,28976,
104658,28977,
104659,28978,
104660,28979,
104661,28980,
104662,28981,
104663,28982,
104664,28983,
104665,28984,
104666,28985,
104667,28986,
104668,28987,
104669,28988,
104670,28989,
104671,28990,
104672,28991,
104673,28992,
104674,28993,
104675,28994,
104676,28995,
104677,28996,
104678,28997,
104679,28998,
104680,28999,
104681,29000,
104682,29001,
104684,29002,
104685,29003,
104687,29004,
104690,29005,
104691,29006,
104692,29007,
104693,29008,
104694,29009,
104696,29010,
104697,29011,
104698,29012,
104699,29013,
104700,29014,
104701,29015,
104702,29016,
104703,29017,
104704,29018,
104705,29019,
104707,29020,
104708,29021,
104710,29022,
104711,29023,
104712,29024,
104713,29025,
104714,29026,
104715,29027,
104716,29028,
104717,29029,
104719,29030,
104721,29031,
104722,29032,
104723,29033,
104724,29034,
104726,29035,
104727,29036,
104728,29037,
104730,29038,
104731,29039,
104734,29040,
104736,29041,
104737,29042,
104740,29043,
104741,29044,
104742,29045,
104743,29046,
104745,29047,
104746,29048,
104748,29049,
104749,29050,
104751,29051,
104753,29052,
104754,29053,
104755,29054,
104756,29055,
104757,29056,
104759,29057,
104760,29058,
104761,29059,
104763,29060,
104765,29061,
104766,29062,
104767,29063,
104768,29064,
104769,29065,
104770,29066,
104772,29067,
104773,29068,
104775,29069,
104776,29070,
104777,29071,
104778,29072,
104779,29073,
104780,29074,
104783,29075,
104784,29076,
104786,29077,
104787,29078,
104789,29079,
104791,29080,
104792,29081,
104794,29082,
104796,29083,
104798,29084,
104799,29085,
104801,29086,
104802,29087,
104804,29088,
104805,29089,
104806,29090,
104809,29091,
104811,29092,
104812,29093,
104813,29094,
104815,29095,
104817,29096,
104818,29097,
104820,29098,
104822,29099,
104823,29100,
104824,29101,
104826,29102,
104828,29103,
104829,29104,
104831,29105,
104832,29106,
104833,29107,
104834,29108,
104836,29109,
104837,29110,
104838,29111,
104839,29112,
104841,29113,
104842,29114,
104844,29115,
104846,29116,
104848,29117,
104850,29118,
104852,29119,
104853,29120,
104856,29121,
104857,29122,
104859,29123,
104861,29124,
104862,29125,
104864,29126,
104866,29127,
104868,29128,
104870,29129,
104872,29130,
104873,29131,
104876,29132,
104877,29133,
104878,29134,
104879,29135,
104880,29136,
104883,29137,
104884,29138,
104886,29139,
104888,29140,
104889,29141,
104890,29142,
104892,29143,
104893,29144,
104895,29145,
104896,29146,
104897,29147,
104898,29148,
104899,29149,
104900,29150,
104902,29151,
104905,29152,
104907,29153,
104908,29154,
104909,29155,
104911,29156,
104913,29157,
104914,29158,
104916,29159,
104917,29160,
104918,29161,
104919,29162,
104921,29163,
104922,29164,
104923,29165,
104925,29166,
104927,29167,
104929,29168,
104931,29169,
104933,29170,
104934,29171,
104935,29172,
104936,29173,
104939,29174,
104940,29175,
104942,29176,
104943,29177,
104944,29178,
104946,29179,
104948,29180,
104949,29181,
104950,29182,
104952,29183,
104955,29184,
104956,29185,
104957,29186,
104958,29187,
104962,29188,
104963,29189,
104966,29190,
104967,29191,
104970,29192,
104972,29193,
104973,29194,
104974,29195,
104975,29196,
104977,29197,
104978,29198,
104979,29199,
104980,29200,
104981,29201,
104984,29202,
104987,29203,
104988,29204,
104989,29205,
104991,29206,
104993,29207,
104994,29208,
104995,29209,
104997,29210,
104998,29211,
104999,29212,
105001,29213,
105002,29214,
105004,29215,
105006,29216,
105007,29217,
105008,29218,
105009,29219,
105011,29220,
105013,29221,
105014,29222,
105016,29223,
105018,29224,
105020,29225,
105022,29226,
105023,29227,
105024,29228,
105026,29229,
105027,29230,
105029,29231,
105030,29232,
105032,29233,
105033,29234,
105035,29235,
105037,29236,
105038,29237,
105039,29238,
105041,29239,
105042,29240,
105043,29241,
105044,29242,
105046,29243,
105048,29244,
105050,29245,
105052,29246,
105054,29247,
105056,29248,
105057,29249,
105058,29250,
105059,29251,
105061,29252,
105063,29253,
105064,29254,
105065,29255,
105066,29256,
105067,29257,
105068,29258,
105069,29259,
105071,29260,
105072,29261,
105074,29262,
105075,29263,
105076,29264,
105078,29265,
105080,29266,
105081,29267,
105083,29268,
105084,29269,
105085,29270,
105086,29271,
105087,29272,
105090,29273,
105091,29274,
105093,29275,
105094,29276,
105095,29277,
105097,29278,
105098,29279,
105099,29280,
105100,29281,
105102,29282,
105103,29283,
105104,29284,
105106,29285,
105107,29286,
105108,29287,
105110,29288,
105112,29289,
105114,29290,
105116,29291,
105117,29292,
105118,29293,
105120,29294,
105121,29295,
105122,29296,
105123,29297,
105125,29298,
105126,29299,
105127,29300,
105128,29301,
105129,29302,
105130,29303,
105131,29304,
105132,29305,
105133,29306,
105135,29307,
105136,29308,
105138,29309,
105139,29310,
105140,29311,
105141,29312,
105142,29313,
105144,29314,
105145,29315,
105147,29316,
105148,29317,
105149,29318,
105150,29319,
105151,29320,
105153,29321,
105155,29322,
105157,29323,
105158,29324,
105159,29325,
105160,29326,
105161,29327,
105163,29328,
105164,29329,
105165,29330,
105166,29331,
105167,29332,
105169,29333,
105170,29334,
105172,29335,
105173,29336,
105174,29337,
105175,29338,
105176,29339,
105177,29340,
105178,29341,
105179,29342,
105180,29343,
105182,29344,
105183,29345,
105184,29346,
105185,29347,
105186,29348,
105187,29349,
105188,29350,
105189,29351,
105190,29352,
105192,29353,
105194,29354,
105197,29355,
105198,29356,
105200,29357,
105201,29358,
105202,29359,
105203,29360,
105205,29361,
105207,29362,
105208,29363,
105210,29364,
105211,29365,
105213,29366,
105214,29367,
105215,29368,
105217,29369,
105219,29370,
105220,29371,
105221,29372,
105223,29373,
105224,29374,
105226,29375,
105227,29376,
105228,29377,
105229,29378,
105230,29379,
105231,29380,
105232,29381,
105233,29382,
105234,29383,
105236,29384,
105238,29385,
105239,29386,
105240,29387,
105241,29388,
105243,29389,
105244,29390,
105245,29391,
105246,29392,
105247,29393,
105249,29394,
105250,29395,
105251,29396,
105252,29397,
105254,29398,
105257,29399,
105258,29400,
105260,29401,
105262,29402,
105264,29403,
105266,29404,
105268,29405,
105269,29406,
105271,29407,
105272,29408,
105274,29409,
105277,29410,
105278,29411,
105280,29412,
105281,29413,
105283,29414,
105284,29415,
105285,29416,
105286,29417,
105287,29418,
105288,29419,
105290,29420,
105292,29421,
105293,29422,
105294,29423,
105296,29424,
105297,29425,
105299,29426,
105301,29427,
105303,29428,
105305,29429,
105306,29430,
105307,29431,
105308,29432,
105309,29433,
105310,29434,
105312,29435,
105313,29436,
105315,29437,
105316,29438,
105318,29439,
105320,29440,
105322,29441,
105323,29442,
105324,29443,
105325,29444,
105327,29445,
105329,29446,
105330,29447,
105331,29448,
105333,29449,
105334,29450,
105335,29451,
105336,29452,
105337,29453,
105340,29454,
105341,29455,
105342,29456,
105343,29457,
105344,29458,
105345,29459,
105346,29460,
105347,29461,
105349,29462,
105350,29463,
105352,29464,
105353,29465,
105354,29466,
105355,29467,
105356,29468,
105358,29469,
105361,29470,
105363,29471,
105364,29472,
105365,29473,
105366,29474,
105368,29475,
105370,29476,
105371,29477,
105374,29478,
105375,29479,
105376,29480,
105378,29481,
105379,29482,
105381,29483,
105384,29484,
105385,29485,
105388,29486,
105389,29487,
105390,29488,
105391,29489,
105393,29490,
105395,29491,
105396,29492,
105397,29493,
105400,29494,
105402,29495,
105404,29496,
105405,29497,
105406,29498,
105408,29499,
105409,29500,
105410,29501,
105411,29502,
105413,29503,
105415,29504,
105416,29505,
105418,29506,
105419,29507,
105420,29508,
105422,29509,
105423,29510,
105424,29511,
105426,29512,
105427,29513,
105428,29514,
105429,29515,
105430,29516,
105432,29517,
105434,29518,
105435,29519,
105436,29520,
105437,29521,
105440,29522,
105442,29523,
105444,29524,
105447,29525,
105448,29526,
105449,29527,
105450,29528,
105451,29529,
105452,29530,
105453,29531,
105454,29532,
105455,29533,
105456,29534,
105458,29535,
105459,29536,
105460,29537,
105462,29538,
105464,29539,
105465,29540,
105466,29541,
105467,29542,
105468,29543,
105471,29544,
105472,29545,
105474,29546,
105476,29547,
105477,29548,
105478,29549,
105480,29550,
105483,29551,
105484,29552,
105485,29553,
105487,29554,
105488,29555,
105489,29556,
105491,29557,
105493,29558,
105494,29559,
105497,29560,
105500,29561,
105501,29562,
105502,29563,
105503,29564,
105505,29565,
105506,29566,
105508,29567,
105509,29568,
105510,29569,
105511,29570,
105512,29571,
105513,29572,
105515,29573,
105517,29574,
105520,29575,
105521,29576,
105523,29577,
105524,29578,
105525,29579,
105527,29580,
105528,29581,
105529,29582,
105530,29583,
105531,29584,
105532,29585,
105534,29586,
105535,29587,
105536,29588,
105537,29589,
105538,29590,
105540,29591,
105542,29592,
105543,29593,
105545,29594,
105546,29595,
105547,29596,
105549,29597,
105550,29598,
105551,29599,
105553,29600,
105554,29601,
105555,29602,
105557,29603,
105558,29604,
105559,29605,
105561,29606,
105562,29607,
105563,29608,
105564,29609,
105566,29610,
105567,29611,
105569,29612,
105570,29613,
105572,29614,
105574,29615,
105576,29616,
105577,29617,
105579,29618,
105581,29619,
105583,29620,
105584,29621,
105585,29622,
105586,29623,
105587,29624,
105589,29625,
105591,29626,
105593,29627,
105595,29628,
105597,29629,
105599,29630,
105601,29631,
105603,29632,
105604,29633,
105605,29634,
105606,29635,
105608,29636,
105609,29637,
105611,29638,
105612,29639,
105613,29640,
105614,29641,
105615,29642,
105616,29643,
105618,29644,
105619,29645,
105620,29646,
105621,29647,
105622,29648,
105623,29649,
105624,29650,
105625,29651,
105627,29652,
105628,29653,
105629,29654,
105630,29655,
105631,29656,
105633,29657,
105634,29658,
105635,29659,
105636,29660,
105637,29661,
105638,29662,
105639,29663,
105640,29664,
105642,29665,
105643,29666,
105644,29667,
105645,29668,
105647,29669,
105648,29670,
105650,29671,
105651,29672,
105653,29673,
105654,29674,
105655,29675,
105657,29676,
105659,29677,
105661,29678,
105663,29679,
105665,29680,
105667,29681,
105668,29682,
105669,29683,
105670,29684,
105672,29685,
105675,29686,
105676,29687,
105678,29688,
105681,29689,
105682,29690,
105684,29691,
105686,29692,
105687,29693,
105688,29694,
105690,29695,
105691,29696,
105693,29697,
105695,29698,
105696,29699,
105699,29700,
105700,29701,
105701,29702,
105703,29703,
105705,29704,
105707,29705,
105709,29706,
105710,29707,
105711,29708,
105713,29709,
105714,29710,
105715,29711,
105717,29712,
105718,29713,
105719,29714,
105721,29715,
105722,29716,
105724,29717,
105725,29718,
105727,29719,
105728,29720,
105731,29721,
105733,29722,
105734,29723,
105736,29724,
105738,29725,
105740,29726,
105742,29727,
105743,29728,
105744,29729,
105746,29730,
105749,29731,
105750,29732,
105751,29733,
105753,29734,
105755,29735,
105756,29736,
105757,29737,
105759,29738,
105760,29739,
105761,29740,
105762,29741,
105763,29742,
105765,29743,
105767,29744,
105768,29745,
105770,29746,
105771,29747,
105772,29748,
105773,29749,
105775,29750,
105777,29751,
105778,29752,
105780,29753,
105782,29754,
105785,29755,
105786,29756,
105788,29757,
105790,29758,
105792,29759,
105794,29760,
105795,29761,
105796,29762,
105797,29763,
105799,29764,
105800,29765,
105803,29766,
105804,29767,
105805,29768,
105806,29769,
105807,29770,
105808,29771,
105809,29772,
105811,29773,
105813,29774,
105814,29775,
105815,29776,
105817,29777,
105819,29778,
105821,29779,
105823,29780,
105824,29781,
105827,29782,
105828,29783,
105829,29784,
105831,29785,
105832,29786,
105833,29787,
105834,29788,
105835,29789,
105837,29790,
105838,29791,
105840,29792,
105841,29793,
105843,29794,
105845,29795,
105846,29796,
105847,29797,
105848,29798,
105850,29799,
105852,29800,
105854,29801,
105856,29802,
105857,29803,
105859,29804,
105861,29805,
105863,29806,
105864,29807,
105865,29808,
105867,29809,
105868,29810,
105869,29811,
105870,29812,
105872,29813,
105874,29814,
105875,29815,
105877,29816,
105879,29817,
105881,29818,
105883,29819,
105884,29820,
105885,29821,
105887,29822,
105888,29823,
105889,29824,
105890,29825,
105891,29826,
105892,29827,
105894,29828,
105896,29829,
105897,29830,
105898,29831,
105899,29832,
105900,29833,
105901,29834,
105903,29835,
105904,29836,
105905,29837,
105906,29838,
105907,29839,
105908,29840,
105909,29841,
105910,29842,
105911,29843,
105912,29844,
105913,29845,
105914,29846,
105916,29847,
105917,29848,
105918,29849,
105919,29850,
105920,29851,
105922,29852,
105923,29853,
105924,29854,
105925,29855,
105926,29856,
105928,29857,
105929,29858,
105930,29859,
105931,29860,
105932,29861,
105933,29862,
105934,29863,
105935,29864,
105936,29865,
105938,29866,
105939,29867,
105941,29868,
105942,29869,
105943,29870,
105944,29871,
105946,29872,
105947,29873,
105948,29874,
105949,29875,
105950,29876,
105951,29877,
105952,29878,
105953,29879,
105955,29880,
105956,29881,
105957,29882,
105958,29883,
105959,29884,
105961,29885,
105962,29886,
105963,29887,
105964,29888,
105965,29889,
105966,29890,
105967,29891,
105969,29892,
105970,29893,
105971,29894,
105972,29895,
105973,29896,
105975,29897,
105977,29898,
105978,29899,
105979,29900,
105980,29901,
105982,29902,
105983,29903,
105984,29904,
105985,29905,
105986,29906,
105987,29907,
105989,29908,
105991,29909,
105993,29910,
105994,29911,
105995,29912,
105997,29913,
105998,29914,
106000,29915,
106001,29916,
106002,29917,
106004,29918,
106006,29919,
106007,29920,
106009,29921,
106010,29922,
106012,29923,
106014,29924,
106016,29925,
106018,29926,
106019,29927,
106020,29928,
106021,29929,
106022,29930,
106024,29931,
106026,29932,
106028,29933,
106030,29934,
106031,29935,
106033,29936,
106035,29937,
106037,29938,
106038,29939,
106039,29940,
106041,29941,
106043,29942,
106045,29943,
106047,29944,
106049,29945,
106050,29946,
106052,29947,
106054,29948,
106056,29949,
106057,29950,
106059,29951,
106060,29952,
106061,29953,
106062,29954,
106064,29955,
106065,29956,
106066,29957,
106068,29958,
106070,29959,
106072,29960,
106074,29961,
106075,29962,
106076,29963,
106078,29964,
106080,29965,
106081,29966,
106082,29967,
106084,29968,
106085,29969,
106086,29970,
106088,29971,
106089,29972,
106090,29973,
106092,29974,
106094,29975,
106095,29976,
106096,29977,
106099,29978,
106100,29979,
106101,29980,
106102,29981,
106103,29982,
106104,29983,
106105,29984,
106106,29985,
106107,29986,
106108,29987,
106112,29988,
106113,29989,
106114,29990,
106115,29991,
106117,29992,
106120,29993,
106121,29994,
106122,29995,
106123,29996,
106125,29997,
106127,29998,
106128,29999,
106130,30000,
106131,30001,
106133,30002,
106135,30003,
106136,30004,
106138,30005,
106139,30006,
106141,30007,
106142,30008,
106144,30009,
106146,30010,
106147,30011,
106148,30012,
106149,30013,
106150,30014,
106152,30015,
106153,30016,
106155,30017,
106156,30018,
106158,30019,
106159,30020,
106160,30021,
106161,30022,
106162,30023,
106163,30024,
106164,30025,
106166,30026,
106167,30027,
106168,30028,
106169,30029,
106170,30030,
106172,30031,
106173,30032,
106174,30033,
106176,30034,
106177,30035,
106178,30036,
106179,30037,
106181,30038,
106183,30039,
106185,30040,
106186,30041,
106187,30042,
106188,30043,
106189,30044,
106190,30045,
106192,30046,
106193,30047,
106194,30048,
106196,30049,
106197,30050,
106198,30051,
106200,30052,
106201,30053,
106203,30054,
106204,30055,
106205,30056,
106206,30057,
106208,30058,
106210,30059,
106214,30060,
106215,30061,
106216,30062,
106217,30063,
106218,30064,
106219,30065,
106220,30066,
106221,30067,
106222,30068,
106223,30069,
106224,30070,
106225,30071,
106226,30072,
106227,30073,
106228,30074,
106229,30075,
106230,30076,
106231,30077,
106232,30078,
106233,30079,
106235,30080,
106236,30081,
106237,30082,
106238,30083,
106239,30084,
106240,30085,
106241,30086,
106243,30087,
106244,30088,
106246,30089,
106247,30090,
106248,30091,
106249,30092,
106250,30093,
106252,30094,
106253,30095,
106254,30096,
106255,30097,
106256,30098,
106257,30099,
106258,30100,
106259,30101,
106260,30102,
106261,30103,
106262,30104,
106263,30105,
106264,30106,
106265,30107,
106266,30108,
106267,30109,
106268,30110,
106269,30111,
106270,30112,
106271,30113,
106272,30114,
106273,30115,
106274,30116,
106275,30117,
106276,30118,
106277,30119,
106278,30120,
106279,30121,
106280,30122,
106281,30123,
106282,30124,
106283,30125,
106284,30126,
106285,30127,
106286,30128,
106287,30129,
106288,30130,
106289,30131,
106290,30132,
106291,30133,
106293,30134,
106295,30135,
106296,30136,
106298,30137,
106299,30138,
106300,30139,
106302,30140,
106303,30141,
106306,30142,
106307,30143,
106308,30144,
106309,30145,
106311,30146,
106313,30147,
106314,30148,
106315,30149,
106317,30150,
106319,30151,
106320,30152,
106321,30153,
106322,30154,
106323,30155,
106324,30156,
106325,30157,
106326,30158,
106328,30159,
106329,30160,
106332,30161,
106333,30162,
106335,30163,
106337,30164,
106338,30165,
106339,30166,
106340,30167,
106341,30168,
106343,30169,
106344,30170,
106345,30171,
106346,30172,
106347,30173,
106348,30174,
106349,30175,
106350,30176,
106353,30177,
106354,30178,
106355,30179,
106356,30180,
106358,30181,
106359,30182,
106360,30183,
106362,30184,
106363,30185,
106364,30186,
106365,30187,
106366,30188,
106367,30189,
106370,30190,
106371,30191,
106372,30192,
106373,30193,
106374,30194,
106375,30195,
106376,30196,
106377,30197,
106379,30198,
106381,30199,
106382,30200,
106384,30201,
106385,30202,
106386,30203,
106387,30204,
106388,30205,
106389,30206,
106390,30207,
106391,30208,
106393,30209,
106395,30210,
106396,30211,
106398,30212,
106399,30213,
106401,30214,
106402,30215,
106403,30216,
106404,30217,
106405,30218,
106406,30219,
106407,30220,
106409,30221,
106411,30222,
106413,30223,
106415,30224,
106416,30225,
106417,30226,
106418,30227,
106420,30228,
106422,30229,
106424,30230,
106425,30231,
106426,30232,
106428,30233,
106429,30234,
106431,30235,
106432,30236,
106433,30237,
106434,30238,
106437,30239,
106438,30240,
106439,30241,
106441,30242,
106442,30243,
106443,30244,
106444,30245,
106445,30246,
106446,30247,
106448,30248,
106449,30249,
106452,30250,
106455,30251,
106456,30252,
106457,30253,
106458,30254,
106459,30255,
106460,30256,
106461,30257,
106463,30258,
106464,30259,
106465,30260,
106466,30261,
106467,30262,
106468,30263,
106469,30264,
106470,30265,
106472,30266,
106474,30267,
106476,30268,
106478,30269,
106479,30270,
106480,30271,
106482,30272,
106484,30273,
106485,30274,
106487,30275,
106489,30276,
106490,30277,
106491,30278,
106492,30279,
106493,30280,
106494,30281,
106495,30282,
106496,30283,
106497,30284,
106498,30285,
106500,30286,
106501,30287,
106502,30288,
106503,30289,
106505,30290,
106506,30291,
106509,30292,
106510,30293,
106512,30294,
106513,30295,
106514,30296,
106515,30297,
106516,30298,
106518,30299,
106519,30300,
106520,30301,
106521,30302,
106522,30303,
106523,30304,
106524,30305,
106525,30306,
106526,30307,
106527,30308,
106528,30309,
106530,30310,
106531,30311,
106532,30312,
106533,30313,
106534,30314,
106535,30315,
106536,30316,
106537,30317,
106538,30318,
106539,30319,
106540,30320,
106541,30321,
106542,30322,
106543,30323,
106544,30324,
106546,30325,
106548,30326,
106550,30327,
106551,30328,
106554,30329,
106555,30330,
106558,30331,
106559,30332,
106561,30333,
106562,30334,
106563,30335,
106564,30336,
106566,30337,
106567,30338,
106568,30339,
106569,30340,
106570,30341,
106571,30342,
106572,30343,
106574,30344,
106575,30345,
106577,30346,
106578,30347,
106579,30348,
106580,30349,
106582,30350,
106583,30351,
106584,30352,
106585,30353,
106586,30354,
106589,30355,
106590,30356,
106592,30357,
106593,30358,
106594,30359,
106595,30360,
106596,30361,
106597,30362,
106598,30363,
106600,30364,
106602,30365,
106604,30366,
106605,30367,
106607,30368,
106608,30369,
106609,30370,
106610,30371,
106611,30372,
106612,30373,
106613,30374,
106614,30375,
106615,30376,
106616,30377,
106617,30378,
106618,30379,
106619,30380,
106620,30381,
106621,30382,
106622,30383,
106624,30384,
106625,30385,
106626,30386,
106627,30387,
106628,30388,
106629,30389,
106630,30390,
106631,30391,
106632,30392,
106633,30393,
106634,30394,
106635,30395,
106636,30396,
106637,30397,
106638,30398,
106639,30399,
106640,30400,
106642,30401,
106643,30402,
106644,30403,
106645,30404,
106646,30405,
106647,30406,
106649,30407,
106650,30408,
106652,30409,
106653,30410,
106654,30411,
106655,30412,
106657,30413,
106659,30414,
106661,30415,
106662,30416,
106663,30417,
106664,30418,
106667,30419,
106669,30420,
106671,30421,
106672,30422,
106675,30423,
106676,30424,
106678,30425,
106679,30426,
106681,30427,
106683,30428,
106685,30429,
106686,30430,
106687,30431,
106689,30432,
106690,30433,
106691,30434,
106693,30435,
106698,30436,
106699,30437,
106700,30438,
106701,30439,
106702,30440,
106703,30441,
106704,30442,
106705,30443,
106707,30444,
106708,30445,
106709,30446,
106714,30447,
106715,30448,
106716,30449,
106718,30450,
106719,30451,
106720,30452,
106721,30453,
106723,30454,
106726,30455,
106727,30456,
106728,30457,
106729,30458,
106730,30459,
106731,30460,
106732,30461,
106733,30462,
106735,30463,
106736,30464,
106737,30465,
106740,30466,
106741,30467,
106743,30468,
106745,30469,
106746,30470,
106747,30471,
106750,30472,
106752,30473,
106754,30474,
106755,30475,
106756,30476,
106757,30477,
106758,30478,
106759,30479,
106760,30480,
106761,30481,
106763,30482,
106764,30483,
106766,30484,
106767,30485,
106769,30486,
106771,30487,
106773,30488,
106774,30489,
106775,30490,
106776,30491,
106777,30492,
106778,30493,
106780,30494,
106782,30495,
106785,30496,
106786,30497,
106787,30498,
106788,30499,
106790,30500,
106791,30501,
106792,30502,
106793,30503,
106795,30504,
106796,30505,
106797,30506,
106798,30507,
106799,30508,
106800,30509,
106801,30510,
106802,30511,
106804,30512,
106805,30513,
106807,30514,
106808,30515,
106809,30516,
106810,30517,
106811,30518,
106813,30519,
106815,30520,
106816,30521,
106817,30522,
106818,30523,
106820,30524,
106821,30525,
106822,30526,
106823,30527,
106824,30528,
106825,30529,
106826,30530,
106828,30531,
106830,30532,
106832,30533,
106833,30534,
106834,30535,
106835,30536,
106836,30537,
106837,30538,
106838,30539,
106839,30540,
106842,30541,
106843,30542,
106845,30543,
106846,30544,
106848,30545,
106849,30546,
106850,30547,
106851,30548,
106852,30549,
106853,30550,
106854,30551,
106855,30552,
106856,30553,
106858,30554,
106859,30555,
106861,30556,
106862,30557,
106863,30558,
106865,30559,
106866,30560,
106868,30561,
106870,30562,
106871,30563,
106872,30564,
106873,30565,
106875,30566,
106877,30567,
106879,30568,
106880,30569,
106881,30570,
106882,30571,
106884,30572,
106885,30573,
106886,30574,
106888,30575,
106889,30576,
106890,30577,
106891,30578,
106892,30579,
106894,30580,
106895,30581,
106897,30582,
106899,30583,
106900,30584,
106902,30585,
106903,30586,
106904,30587,
106906,30588,
106908,30589,
106910,30590,
106911,30591,
106912,30592,
106913,30593,
106915,30594,
106916,30595,
106917,30596,
106919,30597,
106920,30598,
106921,30599,
106923,30600,
106925,30601,
106928,30602,
106931,30603,
106932,30604,
106934,30605,
106936,30606,
106937,30607,
106939,30608,
106940,30609,
106942,30610,
106943,30611,
106944,30612,
106946,30613,
106947,30614,
106949,30615,
106950,30616,
106952,30617,
106953,30618,
106955,30619,
106957,30620,
106960,30621,
106962,30622,
106963,30623,
106965,30624,
106966,30625,
106968,30626,
106969,30627,
106970,30628,
106971,30629,
106972,30630,
106974,30631,
106975,30632,
106977,30633,
106979,30634,
106980,30635,
106982,30636,
106984,30637,
106986,30638,
106988,30639,
106990,30640,
106991,30641,
106993,30642,
106995,30643,
106997,30644,
106998,30645,
107000,30646,
107002,30647,
107003,30648,
107005,30649,
107006,30650,
107008,30651,
107009,30652,
107010,30653,
107011,30654,
107013,30655,
107016,30656,
107018,30657,
107019,30658,
107020,30659,
107021,30660,
107022,30661,
107024,30662,
107025,30663,
107027,30664,
107029,30665,
107031,30666,
107032,30667,
107033,30668,
107034,30669,
107037,30670,
107040,30671,
107042,30672,
107044,30673,
107046,30674,
107047,30675,
107048,30676,
107049,30677,
107050,30678,
107051,30679,
107054,30680,
107055,30681,
107056,30682,
107057,30683,
107058,30684,
107060,30685,
107066,30686,
107067,30687,
107068,30688,
107069,30689,
107071,30690,
107072,30691,
107074,30692,
107076,30693,
107078,30694,
107079,30695,
107081,30696,
107083,30697,
107084,30698,
107086,30699,
107088,30700,
107090,30701,
107091,30702,
107092,30703,
107094,30704,
107095,30705,
107097,30706,
107099,30707,
107101,30708,
107104,30709,
107106,30710,
107108,30711,
107109,30712,
107110,30713,
107113,30714,
107115,30715,
107116,30716,
107117,30717,
107119,30718,
107120,30719,
107121,30720,
107122,30721,
107123,30722,
107125,30723,
107126,30724,
107127,30725,
107129,30726,
107131,30727,
107132,30728,
107134,30729,
107135,30730,
107137,30731,
107138,30732,
107139,30733,
107141,30734,
107142,30735,
107144,30736,
107146,30737,
107149,30738,
107150,30739,
107151,30740,
107152,30741,
107154,30742,
107156,30743,
107159,30744,
107160,30745,
107162,30746,
107164,30747,
107165,30748,
107166,30749,
107167,30750,
107168,30751,
107172,30752,
107174,30753,
107177,30754,
107178,30755,
107179,30756,
107180,30757,
107181,30758,
107183,30759,
107184,30760,
107185,30761,
107186,30762,
107187,30763,
107188,30764,
107189,30765,
107190,30766,
107191,30767,
107192,30768,
107193,30769,
107194,30770,
107195,30771,
107196,30772,
107197,30773,
107199,30774,
107201,30775,
107202,30776,
107204,30777,
107205,30778,
107206,30779,
107207,30780,
107208,30781,
107209,30782,
107210,30783,
107211,30784,
107212,30785,
107213,30786,
107214,30787,
107215,30788,
107216,30789,
107217,30790,
107219,30791,
107221,30792,
107222,30793,
107223,30794,
107224,30795,
107225,30796,
107227,30797,
107228,30798,
107231,30799,
107232,30800,
107234,30801,
107236,30802,
107237,30803,
107238,30804,
107240,30805,
107241,30806,
107242,30807,
107243,30808,
107244,30809,
107245,30810,
107246,30811,
107247,30812,
107248,30813,
107250,30814,
107252,30815,
107253,30816,
107254,30817,
107256,30818,
107258,30819,
107259,30820,
107260,30821,
107261,30822,
107262,30823,
107263,30824,
107264,30825,
107265,30826,
107267,30827,
107268,30828,
107270,30829,
107271,30830,
107272,30831,
107273,30832,
107274,30833,
107276,30834,
107277,30835,
107278,30836,
107282,30837,
107283,30838,
107284,30839,
107286,30840,
107287,30841,
107289,30842,
107291,30843,
107293,30844,
107294,30845,
107295,30846,
107297,30847,
107298,30848,
107299,30849,
107300,30850,
107301,30851,
107302,30852,
107304,30853,
107306,30854,
107307,30855,
107309,30856,
107311,30857,
107313,30858,
107314,30859,
107316,30860,
107318,30861,
107319,30862,
107321,30863,
107322,30864,
107323,30865,
107324,30866,
107325,30867,
107326,30868,
107327,30869,
107329,30870,
107330,30871,
107332,30872,
107333,30873,
107335,30874,
107337,30875,
107339,30876,
107341,30877,
107344,30878,
107345,30879,
107347,30880,
107348,30881,
107349,30882,
107350,30883,
107352,30884,
107353,30885,
107355,30886,
107357,30887,
107359,30888,
107361,30889,
107362,30890,
107364,30891,
107365,30892,
107366,30893,
107367,30894,
107368,30895,
107370,30896,
107372,30897,
107373,30898,
107378,30899,
107379,30900,
107380,30901,
107381,30902,
107382,30903,
107383,30904,
107384,30905,
107385,30906,
107386,30907,
107387,30908,
107388,30909,
107389,30910,
107390,30911,
107392,30912,
107394,30913,
107396,30914,
107397,30915,
107398,30916,
107400,30917,
107401,30918,
107402,30919,
107407,30920,
107408,30921,
107410,30922,
107412,30923,
107413,30924,
107414,30925,
107415,30926,
107417,30927,
107420,30928,
107421,30929,
107422,30930,
107423,30931,
107424,30932,
107425,30933,
107426,30934,
107427,30935,
107428,30936,
107429,30937,
107430,30938,
107431,30939,
107432,30940,
107433,30941,
107434,30942,
107435,30943,
107436,30944,
107437,30945,
107439,30946,
107440,30947,
107441,30948,
107442,30949,
107443,30950,
107445,30951,
107446,30952,
107447,30953,
107448,30954,
107449,30955,
107451,30956,
107452,30957,
107453,30958,
107454,30959,
107455,30960,
107457,30961,
107458,30962,
107459,30963,
107461,30964,
107462,30965,
107463,30966,
107464,30967,
107465,30968,
107466,30969,
107467,30970,
107468,30971,
107470,30972,
107472,30973,
107473,30974,
107474,30975,
107475,30976,
107476,30977,
107478,30978,
107479,30979,
107480,30980,
107481,30981,
107482,30982,
107483,30983,
107484,30984,
107485,30985,
107487,30986,
107490,30987,
107492,30988,
107494,30989,
107496,30990,
107497,30991,
107498,30992,
107501,30993,
107502,30994,
107503,30995,
107504,30996,
107505,30997,
107507,30998,
107508,30999,
107509,31000,
107510,31001,
107511,31002,
107513,31003,
107514,31004,
107515,31005,
107516,31006,
107518,31007,
107519,31008,
107520,31009,
107521,31010,
107522,31011,
107523,31012,
107524,31013,
107525,31014,
107526,31015,
107528,31016,
107530,31017,
107531,31018,
107532,31019,
107533,31020,
107534,31021,
107537,31022,
107540,31023,
107541,31024,
107544,31025,
107545,31026,
107547,31027,
107551,31028,
107554,31029,
107555,31030,
107556,31031,
107557,31032,
107558,31033,
107560,31034,
107561,31035,
107562,31036,
107563,31037,
107564,31038,
107568,31039,
107569,31040,
107570,31041,
107573,31042,
107574,31043,
107576,31044,
107577,31045,
107578,31046,
107579,31047,
107581,31048,
107582,31049,
107583,31050,
107584,31051,
107585,31052,
107586,31053,
107587,31054,
107588,31055,
107590,31056,
107592,31057,
107594,31058,
107595,31059,
107596,31060,
107597,31061,
107598,31062,
107599,31063,
107601,31064,
107602,31065,
107603,31066,
107606,31067,
107607,31068,
107608,31069,
107609,31070,
107611,31071,
107612,31072,
107614,31073,
107615,31074,
107616,31075,
107618,31076,
107619,31077,
107623,31078,
107624,31079,
107625,31080,
107626,31081,
107627,31082,
107628,31083,
107629,31084,
107630,31085,
107631,31086,
107632,31087,
107633,31088,
107634,31089,
107636,31090,
107637,31091,
107638,31092,
107639,31093,
107641,31094,
107643,31095,
107645,31096,
107646,31097,
107647,31098,
107649,31099,
107651,31100,
107652,31101,
107653,31102,
107654,31103,
107655,31104,
107656,31105,
107657,31106,
107658,31107,
107659,31108,
107660,31109,
107661,31110,
107662,31111,
107663,31112,
107665,31113,
107667,31114,
107668,31115,
107669,31116,
107671,31117,
107673,31118,
107674,31119,
107675,31120,
107676,31121,
107677,31122,
107678,31123,
107679,31124,
107680,31125,
107683,31126,
107686,31127,
107687,31128,
107693,31129,
107695,31130,
107696,31131,
107697,31132,
107698,31133,
107699,31134,
107700,31135,
107701,31136,
107702,31137,
107703,31138,
107705,31139,
107706,31140,
107707,31141,
107708,31142,
107709,31143,
107710,31144,
107711,31145,
107712,31146,
107714,31147,
107715,31148,
107716,31149,
107717,31150,
107718,31151,
107719,31152,
107720,31153,
107721,31154,
107722,31155,
107724,31156,
107725,31157,
107728,31158,
107729,31159,
107731,31160,
107732,31161,
107733,31162,
107734,31163,
107735,31164,
107736,31165,
107738,31166,
107739,31167,
107740,31168,
107741,31169,
107742,31170,
107743,31171,
107744,31172,
107745,31173,
107747,31174,
107748,31175,
107749,31176,
107750,31177,
107751,31178,
107752,31179,
107753,31180,
107754,31181,
107755,31182,
107756,31183,
107757,31184,
107758,31185,
107759,31186,
107760,31187,
107762,31188,
107763,31189,
107765,31190,
107767,31191,
107769,31192,
107771,31193,
107773,31194,
107774,31195,
107775,31196,
107777,31197,
107778,31198,
107779,31199,
107780,31200,
107781,31201,
107782,31202,
107783,31203,
107784,31204,
107785,31205,
107787,31206,
107788,31207,
107790,31208,
107792,31209,
107794,31210,
107795,31211,
107796,31212,
107797,31213,
107798,31214,
107799,31215,
107800,31216,
107801,31217,
107802,31218,
107803,31219,
107806,31220,
107807,31221,
107808,31222,
107809,31223,
107810,31224,
107811,31225,
107812,31226,
107813,31227,
107814,31228,
107815,31229,
107816,31230,
107819,31231,
107820,31232,
107821,31233,
107822,31234,
107824,31235,
107825,31236,
107826,31237,
107827,31238,
107828,31239,
107829,31240,
107830,31241,
107834,31242,
107835,31243,
107837,31244,
107839,31245,
107840,31246,
107841,31247,
107842,31248,
107844,31249,
107845,31250,
107847,31251,
107848,31252,
107850,31253,
107851,31254,
107852,31255,
107854,31256,
107855,31257,
107857,31258,
107860,31259,
107861,31260,
107862,31261,
107863,31262,
107864,31263,
107865,31264,
107866,31265,
107867,31266,
107868,31267,
107869,31268,
107870,31269,
107871,31270,
107872,31271,
107873,31272,
107874,31273,
107876,31274,
107878,31275,
107879,31276,
107883,31277,
107885,31278,
107888,31279,
107890,31280,
107891,31281,
107892,31282,
107893,31283,
107895,31284,
107896,31285,
107897,31286,
107899,31287,
107900,31288,
107901,31289,
107902,31290,
107903,31291,
107904,31292,
107905,31293,
107907,31294,
107909,31295,
107910,31296,
107911,31297,
107912,31298,
107913,31299,
107914,31300,
107915,31301,
107916,31302,
107917,31303,
107918,31304,
107919,31305,
107920,31306,
107921,31307,
107923,31308,
107924,31309,
107925,31310,
107926,31311,
107927,31312,
107928,31313,
107929,31314,
107931,31315,
107932,31316,
107933,31317,
107935,31318,
107936,31319,
107937,31320,
107938,31321,
107939,31322,
107941,31323,
107943,31324,
107945,31325,
107946,31326,
107947,31327,
107948,31328,
107949,31329,
107950,31330,
107952,31331,
107954,31332,
107956,31333,
107957,31334,
107958,31335,
107960,31336,
107961,31337,
107963,31338,
107964,31339,
107966,31340,
107968,31341,
107969,31342,
107971,31343,
107972,31344,
107973,31345,
107976,31346,
107977,31347,
107979,31348,
107980,31349,
107981,31350,
107982,31351,
107984,31352,
107986,31353,
107988,31354,
107989,31355,
107990,31356,
107991,31357,
107992,31358,
107993,31359,
107994,31360,
107995,31361,
107997,31362,
107999,31363,
108000,31364,
108001,31365,
108002,31366,
108003,31367,
108005,31368,
108006,31369,
108007,31370,
108009,31371,
108012,31372,
108013,31373,
108014,31374,
108016,31375,
108017,31376,
108018,31377,
108019,31378,
108020,31379,
108021,31380,
108024,31381,
108026,31382,
108027,31383,
108029,31384,
108030,31385,
108032,31386,
108034,31387,
108035,31388,
108037,31389,
108038,31390,
108040,31391,
108042,31392,
108043,31393,
108044,31394,
108046,31395,
108047,31396,
108048,31397,
108049,31398,
108050,31399,
108052,31400,
108053,31401,
108054,31402,
108056,31403,
108057,31404,
108058,31405,
108059,31406,
108064,31407,
108065,31408,
108066,31409,
108067,31410,
108069,31411,
108071,31412,
108073,31413,
108074,31414,
108075,31415,
108076,31416,
108077,31417,
108078,31418,
108079,31419,
108080,31420,
108081,31421,
108082,31422,
108083,31423,
108085,31424,
108087,31425,
108089,31426,
108090,31427,
108091,31428,
108092,31429,
108094,31430,
108096,31431,
108097,31432,
108098,31433,
108100,31434,
108102,31435,
108104,31436,
108107,31437,
108108,31438,
108109,31439,
108110,31440,
108111,31441,
108112,31442,
108113,31443,
108116,31444,
108118,31445,
108119,31446,
108121,31447,
108122,31448,
108123,31449,
108124,31450,
108126,31451,
108128,31452,
108129,31453,
108130,31454,
108131,31455,
108132,31456,
108133,31457,
108134,31458,
108135,31459,
108138,31460,
108139,31461,
108140,31462,
108141,31463,
108142,31464,
108143,31465,
108144,31466,
108145,31467,
108148,31468,
108149,31469,
108150,31470,
108151,31471,
108152,31472,
108153,31473,
108154,31474,
108155,31475,
108156,31476,
108159,31477,
108160,31478,
108161,31479,
108162,31480,
108163,31481,
108165,31482,
108166,31483,
108168,31484,
108170,31485,
108171,31486,
108172,31487,
108174,31488,
108175,31489,
108176,31490,
108177,31491,
108179,31492,
108180,31493,
108183,31494,
108184,31495,
108185,31496,
108186,31497,
108187,31498,
108189,31499,
108190,31500,
108191,31501,
108192,31502,
108194,31503,
108195,31504,
108196,31505,
108197,31506,
108198,31507,
108199,31508,
108200,31509,
108201,31510,
108202,31511,
108203,31512,
108204,31513,
108205,31514,
108206,31515,
108207,31516,
108208,31517,
108209,31518,
108210,31519,
108211,31520,
108212,31521,
108213,31522,
108214,31523,
108216,31524,
108217,31525,
108218,31526,
108220,31527,
108221,31528,
108222,31529,
108223,31530,
108224,31531,
108225,31532,
108226,31533,
108227,31534,
108228,31535,
108229,31536,
108231,31537,
108232,31538,
108233,31539,
108234,31540,
108236,31541,
108237,31542,
108238,31543,
108240,31544,
108242,31545,
108245,31546,
108246,31547,
108248,31548,
108249,31549,
108250,31550,
108251,31551,
108252,31552,
108253,31553,
108254,31554,
108255,31555,
108256,31556,
108257,31557,
108259,31558,
108260,31559,
108261,31560,
108262,31561,
108263,31562,
108264,31563,
108265,31564,
108266,31565,
108267,31566,
108268,31567,
108269,31568,
108271,31569,
108273,31570,
108274,31571,
108276,31572,
108277,31573,
108279,31574,
108280,31575,
108281,31576,
108283,31577,
108284,31578,
108287,31579,
108289,31580,
108291,31581,
108293,31582,
108296,31583,
108297,31584,
108298,31585,
108299,31586,
108300,31587,
108301,31588,
108303,31589,
108304,31590,
108305,31591,
108307,31592,
108309,31593,
108310,31594,
108311,31595,
108312,31596,
108314,31597,
108315,31598,
108317,31599,
108319,31600,
108321,31601,
108323,31602,
108324,31603,
108326,31604,
108328,31605,
108330,31606,
108331,31607,
108332,31608,
108333,31609,
108334,31610,
108335,31611,
108337,31612,
108338,31613,
108339,31614,
108340,31615,
108342,31616,
108345,31617,
108346,31618,
108347,31619,
108350,31620,
108351,31621,
108352,31622,
108356,31623,
108357,31624,
108359,31625,
108360,31626,
108363,31627,
108365,31628,
108367,31629,
108368,31630,
108369,31631,
108370,31632,
108371,31633,
108374,31634,
108375,31635,
108376,31636,
108378,31637,
108380,31638,
108382,31639,
108383,31640,
108384,31641,
108385,31642,
108386,31643,
108387,31644,
108389,31645,
108390,31646,
108392,31647,
108393,31648,
108395,31649,
108396,31650,
108398,31651,
108400,31652,
108402,31653,
108404,31654,
108405,31655,
108406,31656,
108407,31657,
108408,31658,
108409,31659,
108410,31660,
108411,31661,
108412,31662,
108414,31663,
108415,31664,
108416,31665,
108417,31666,
108419,31667,
108421,31668,
108423,31669,
108424,31670,
108425,31671,
108427,31672,
108429,31673,
108430,31674,
108431,31675,
108432,31676,
108433,31677,
108434,31678,
108435,31679,
108436,31680,
108437,31681,
108438,31682,
108440,31683,
108441,31684,
108442,31685,
108444,31686,
108446,31687,
108447,31688,
108448,31689,
108449,31690,
108451,31691,
108453,31692,
108454,31693,
108455,31694,
108456,31695,
108457,31696,
108459,31697,
108461,31698,
108462,31699,
108463,31700,
108465,31701,
108467,31702,
108469,31703,
108470,31704,
108471,31705,
108472,31706,
108473,31707,
108474,31708,
108475,31709,
108477,31710,
108480,31711,
108481,31712,
108482,31713,
108484,31714,
108485,31715,
108487,31716,
108489,31717,
108490,31718,
108491,31719,
108492,31720,
108493,31721,
108494,31722,
108495,31723,
108496,31724,
108497,31725,
108499,31726,
108501,31727,
108502,31728,
108503,31729,
108504,31730,
108505,31731,
108506,31732,
108507,31733,
108508,31734,
108511,31735,
108512,31736,
108513,31737,
108515,31738,
108516,31739,
108517,31740,
108518,31741,
108519,31742,
108520,31743,
108521,31744,
108522,31745,
108523,31746,
108524,31747,
108525,31748,
108526,31749,
108527,31750,
108528,31751,
108530,31752,
108531,31753,
108541,31754,
108542,31755,
108544,31756,
108546,31757,
108547,31758,
108560,31759,
108561,31760,
108563,31761,
108564,31762,
108593,31763,
108620,31764,
108621,31765,
108629,31766,
108630,31767,
108636,31768,
108637,31769,
108649,31770,
108667,31771,
108679,31772,
108680,31773,
108681,31774,
108682,31775,
108685,31776,
108687,31777,
108689,31778,
108690,31779,
108691,31780,
108694,31781,
108695,31782,
108696,31783,
108697,31784,
108698,31785,
108710,31786,
108711,31787,
108714,31788,
108715,31789,
108758,31790,
108777,31791,
108779,31792,
108783,31793,
108785,31794,
108794,31795,
108795,31796,
108797,31797,
108798,31798,
108802,31799,
108809,31800,
108810,31801,
108836,31802,
108883,31803,
108897,31804,
108898,31805,
108900,31806,
108917,31807,
108932,31808,
108933,31809,
108935,31810,
108936,31811,
108937,31812,
108977,31813,
109003,31814,
109021,31815,
109026,31816,
109075,31817,
109078,31818,
109080,31819,
109081,31820,
109083,31821,
109084,31822,
109085,31823,
109093,31824,
109095,31825,
109096,31826,
109097,31827,
109112,31828,
109113,31829,
109114,31830,
109115,31831,
109119,31832,
109122,31833,
109123,31834,
109125,31835,
109126,31836,
109132,31837,
109134,31838,
109138,31839,
109155,31840,
109190,31841,
109199,31842,
109200,31843,
109202,31844,
109203,31845,
109210,31846,
109223,31847,
109239,31848,
109240,31849,
109274,31850,
109282,31851,
109292,31852,
109306,31853,
109307,31854,
109308,31855,
109309,31856,
109326,31857,
109331,31858,
109339,31859,
109352,31860,
109353,31861,
109355,31862,
109357,31863,
109370,31864,
109386,31865,
109397,31866,
109401,31867,
109413,31868,
109414,31869,
109428,31870,
109439,31871,
109448,31872,
109459,31873,
109461,31874,
109468,31875,
109481,31876,
109489,31877,
109490,31878,
109491,31879,
109492,31880,
109509,31881,
109587,31882,
109588,31883,
109595,31884,
109601,31885,
109667,31886,
109668,31887,
109669,31888,
109679,31889,
109683,31890,
109715,31891,
109731,31892,
109736,31893,
109738,31894,
109739,31895,
109741,31896,
109742,31897,
109743,31898,
109750,31899,
109751,31900,
109850,31901,
109854,31902,
109922,31903,
109923,31904,
109932,31905,
109959,31906,
109965,31907,
110001,31908,
110005,31909,
110051,31910,
110073,31911,
110074,31912,
110121,31913,
110131,31914,
110155,31915,
110181,31916,
110184,31917,
110189,31918,
110211,31919,
110213,31920,
110216,31921,
110217,31922,
110229,31923,
110230,31924,
110272,31925,
110276,31926,
110278,31927,
110279,31928,
110294,31929,
110295,31930,
110296,31931,
110297,31932,
110298,31933,
110300,31934,
110311,31935,
110314,31936,
110315,31937,
110316,31938,
110317,31939,
110319,31940,
110320,31941,
110321,31942,
110322,31943,
110323,31944,
110324,31945,
110325,31946,
110326,31947,
110333,31948,
110334,31949,
110336,31950,
110340,31951,
110341,31952,
110344,31953,
110348,31954,
110350,31955,
110351,31956,
110352,31957,
110353,31958,
110354,31959,
110355,31960,
110356,31961,
110358,31962,
110359,31963,
110362,31964,
110363,31965,
110365,31966,
110366,31967,
110367,31968,
110374,31969,
110375,31970,
110376,31971,
110377,31972,
110379,31973,
110383,31974,
110393,31975,
110396,31976,
110398,31977,
110399,31978,
110404,31979,
110652,31980,
110907,31981,
111725,31982,
111947,31983,
112217,31984,
113613,31985,
113615,31986,
113617,31987,
113619,31988,
113622,31989,
113630,31990,
113656,31991,
113680,31992,
113694,31993,
113704,31994,
113710,31995,
113718,31996,
113722,31997,
113728,31998,
113732,31999,
113734,32000,
113738,32001,
113764,32002,
113778,32003,
113782,32004,
113868,32005,
113876,32006,
113884,32007,
113908,32008,
113918,32009,
113946,32010,
113974,32011,
114000,32012,
114002,32013,
114014,32014,
114028,32015,
114054,32016,
114072,32017,
114086,32018,
114088,32019,
114090,32020,
114092,32021,
114110,32022,
114170,32023,
114186,32024,
114190,32025,
114210,32026,
114212,32027,
114224,32028,
114268,32029,
114270,32030,
114292,32031,
114314,32032,
114426,32033,
114428,32034,
114436,32035,
114438,32036,
114440,32037,
114442,32038,
114444,32039,
114448,32040,
114458,32041,
114462,32042,
114464,32043,
114470,32044,
114476,32045,
114486,32046,
114494,32047,
114508,32048,
114536,32049,
114566,32050,
114584,32051,
114596,32052,
114610,32053,
114612,32054,
114616,32055,
114618,32056,
114622,32057,
114632,32058,
114660,32059,
114664,32060,
114680,32061,
114708,32062,
114732,32063,
114744,32064,
114756,32065,
114760,32066,
114768,32067,
114772,32068,
114782,32069,
114784,32070,
114790,32071,
114792,32072,
114816,32073,
114840,32074,
114846,32075,
114872,32076,
114874,32077,
114880,32078,
114898,32079,
114902,32080,
114970,32081,
114984,32082,
115018,32083,
115020,32084,
115028,32085,
115030,32086,
115034,32087,
115042,32088,
115062,32089,
115064,32090,
115066,32091,
115068,32092,
115070,32093,
115080,32094,
115082,32095,
115110,32096,
115114,32097,
115118,32098,
115132,32099,
115149,32100,
115151,32101,
115165,32102,
115185,32103,
115187,32104,
115201,32105,
115221,32106,
115309,32107,
115327,32108,
115337,32109,
115349,32110,
115355,32111,
115416,32112,
115472,32113,
115476,32114,
115486,32115,
115488,32116,
115490,32117,
115499,32118,
115501,32119,
115509,32120,
115511,32121,
115539,32122,
115549,32123,
115553,32124,
115557,32125,
115559,32126,
115567,32127,
115569,32128,
115571,32129,
115573,32130,
115611,32131,
115619,32132,
115637,32133,
115641,32134,
115655,32135,
115657,32136,
115693,32137,
115705,32138,
115707,32139,
115725,32140,
115727,32141,
115745,32142,
115749,32143,
115755,32144,
115757,32145,
115763,32146,
115773,32147,
115775,32148,
115779,32149,
115787,32150,
115791,32151,
115793,32152,
115795,32153,
115805,32154,
115811,32155,
115815,32156,
115817,32157,
115831,32158,
115839,32159,
115841,32160,
115843,32161,
115883,32162,
115903,32163,
115909,32164,
115911,32165,
115929,32166,
115967,32167,
116005,32168,
116011,32169,
116015,32170,
116017,32171,
116037,32172,
116041,32173,
116057,32174,
116061,32175,
116085,32176,
116093,32177,
116097,32178,
116099,32179,
116121,32180,
116123,32181,
116127,32182,
116139,32183,
116177,32184,
116193,32185,
116209,32186,
116213,32187,
116225,32188,
116231,32189,
116233,32190,
116235,32191,
116251,32192,
116271,32193,
116283,32194,
116289,32195,
116293,32196,
116297,32197,
116325,32198,
116331,32199,
116389,32200,
116391,32201,
116431,32202,
116439,32203,
116449,32204,
116463,32205,
116467,32206,
116471,32207,
116473,32208,
116475,32209,
116479,32210,
116481,32211,
116491,32212,
116493,32213,
116499,32214,
116501,32215,
116503,32216,
116509,32217,
116521,32218,
116523,32219,
116525,32220,
116527,32221,
116531,32222,
116533,32223,
116537,32224,
116547,32225,
116557,32226,
116559,32227,
116583,32228,
116593,32229,
116609,32230,
116619,32231,
116621,32232,
116623,32233,
116643,32234,
116681,32235,
116693,32236,
116695,32237,
116697,32238,
116701,32239,
116705,32240,
116711,32241,
116715,32242,
116761,32243,
116777,32244,
116821,32245,
116825,32246,
116839,32247,
116855,32248,
116905,32249,
116909,32250,
116911,32251,
116913,32252,
116949,32253,
116989,32254,
116991,32255,
116999,32256,
117005,32257,
117009,32258,
117011,32259,
117013,32260,
117063,32261,
117071,32262,
117083,32263,
117099,32264,
117101,32265,
117111,32266,
117113,32267,
117137,32268,
117145,32269,
117167,32270,
117171,32271,
117183,32272,
117195,32273,
117197,32274,
117199,32275,
117215,32276,
117227,32277,
117235,32278,
117273,32279,
117275,32280,
117291,32281,
117339,32282,
117351,32283,
117379,32284,
117401,32285,
117405,32286,
117407,32287,
117409,32288,
117441,32289,
117443,32290,
117455,32291,
117457,32292,
117461,32293,
117465,32294,
117485,32295,
117489,32296,
117507,32297,
117511,32298,
117529,32299,
117555,32300,
117559,32301,
117573,32302,
117575,32303,
117577,32304,
117579,32305,
117581,32306,
117583,32307,
117585,32308,
117592,32309,
117596,32310,
117606,32311,
117608,32312,
117620,32313,
117622,32314,
117626,32315,
117630,32316,
117632,32317,
117638,32318,
117646,32319,
117664,32320,
117668,32321,
117710,32322,
117742,32323,
117750,32324,
117758,32325,
117760,32326,
117768,32327,
117770,32328,
117814,32329,
117816,32330,
117824,32331,
117828,32332,
117850,32333,
117852,32334,
117864,32335,
117866,32336,
117888,32337,
117909,32338,
117935,32339,
117951,32340,
117959,32341,
118003,32342,
118011,32343,
118015,32344,
118033,32345,
118039,32346,
118053,32347,
118063,32348,
118065,32349,
118071,32350,
118081,32351,
118095,32352,
118097,32353,
118107,32354,
118115,32355,
118117,32356,
118127,32357,
118137,32358,
118148,32359,
118154,32360,
118212,32361,
118234,32362,
118238,32363,
118248,32364,
118254,32365,
118288,32366,
118294,32367,
118296,32368,
118314,32369,
118320,32370,
118322,32371,
118330,32372,
118340,32373,
118352,32374,
118372,32375,
118384,32376,
118390,32377,
118392,32378,
118394,32379,
118396,32380,
118400,32381,
118402,32382,
118406,32383,
118410,32384,
118412,32385,
118414,32386,
118416,32387,
118418,32388,
118420,32389,
118424,32390,
118426,32391,
118445,32392,
118473,32393,
118485,32394,
118493,32395,
118527,32396,
118543,32397,
118571,32398,
118587,32399,
118589,32400,
118591,32401,
118597,32402,
118609,32403,
118643,32404,
118651,32405,
118653,32406,
118655,32407,
118657,32408,
118661,32409,
118663,32410,
118683,32411,
118685,32412,
118689,32413,
118693,32414,
118715,32415,
118719,32416,
118725,32417,
118743,32418,
118755,32419,
118757,32420,
118772,32421,
118788,32422,
118814,32423,
118830,32424,
118832,32425,
118866,32426,
118874,32427,
118888,32428,
118890,32429,
118912,32430,
118918,32431,
119002,32432,
119008,32433,
119034,32434,
119044,32435,
119062,32436,
119110,32437,
119126,32438,
119136,32439,
119170,32440,
119214,32441,
119240,32442,
119296,32443,
119298,32444,
119302,32445,
119306,32446,
119314,32447,
119324,32448,
119384,32449,
119392,32450,
119426,32451,
119434,32452,
119484,32453,
119486,32454,
119488,32455,
119502,32456,
119504,32457,
119508,32458,
119512,32459,
119568,32460,
119570,32461,
119574,32462,
119584,32463,
119594,32464,
119608,32465,
119618,32466,
119622,32467,
119626,32468,
119632,32469,
119648,32470,
119650,32471,
119652,32472,
119654,32473,
119656,32474,
119666,32475,
119668,32476,
119670,32477,
119672,32478,
119678,32479,
119680,32480,
119682,32481,
119686,32482,
119691,32483,
119693,32484,
119708,32485,
119719,32486,
119720,32487,
119721,32488,
119722,32489,
119724,32490,
119725,32491,
119727,32492,
119730,32493,
119732,32494,
119733,32495,
119734,32496,
119736,32497,
119737,32498,
119738,32499,
119739,32500,
119740,32501,
119741,32502,
119742,32503,
119743,32504,
119744,32505,
119745,32506,
119746,32507,
119747,32508,
119748,32509,
119749,32510,
119750,32511,
119751,32512,
119752,32513,
119753,32514,
119754,32515,
119755,32516,
119756,32517,
119757,32518,
119758,32519,
119759,32520,
119760,32521,
119761,32522,
119762,32523,
119763,32524,
119764,32525,
119765,32526,
119766,32527,
119767,32528,
119768,32529,
119769,32530,
119770,32531,
119771,32532,
119772,32533,
119773,32534,
119774,32535,
119775,32536,
119776,32537,
119777,32538,
119778,32539,
119779,32540,
119780,32541,
119781,32542,
119782,32543,
119783,32544,
119784,32545,
119785,32546,
119786,32547,
119787,32548,
119788,32549,
119789,32550,
119790,32551,
119791,32552,
119792,32553,
119793,32554,
119794,32555,
119795,32556,
119796,32557,
119797,32558,
119798,32559,
119799,32560,
119800,32561,
119801,32562,
119802,32563,
119803,32564,
119804,32565,
119805,32566,
119806,32567,
119807,32568,
119808,32569,
119822,32570,
119824,32571,
119825,32572,
119826,32573,
119827,32574,
119828,32575,
119829,32576,
119830,32577,
119831,32578,
119832,32579,
119833,32580,
119834,32581,
119835,32582,
119836,32583,
119838,32584,
119844,32585,
119845,32586,
119847,32587,
119849,32588,
119851,32589,
119852,32590,
119853,32591,
119855,32592,
119858,32593,
119859,32594,
119867,32595,
119869,32596,
119871,32597,
119890,32598,
119900,32599,
119902,32600,
119904,32601,
119907,32602,
119908,32603,
119909,32604,
119910,32605,
119911,32606,
119914,32607,
119926,32608,
119927,32609,
119945,32610,
119992,32611,
119994,32612,
119995,32613,
120006,32614,
120008,32615,
120013,32616,
120014,32617,
120016,32618,
120025,32619,
120030,32620,
120041,32621,
120044,32622,
120045,32623,
120063,32624,
120064,32625,
120065,32626,
120078,32627,
120079,32628,
120081,32629,
120082,32630,
120094,32631,
120095,32632,
120103,32633,
120107,32634,
120113,32635,
120115,32636,
120131,32637,
120132,32638,
120134,32639,
120135,32640,
120136,32641,
120137,32642,
120138,32643,
120142,32644,
120148,32645,
120149,32646,
120151,32647,
120156,32648,
120159,32649,
120161,32650,
120165,32651,
120166,32652,
120167,32653,
120168,32654,
120169,32655,
120170,32656,
120172,32657,
120174,32658,
120177,32659,
120178,32660,
120179,32661,
120182,32662,
120183,32663,
120184,32664,
120185,32665,
120189,32666,
120190,32667,
120191,32668,
120197,32669,
120199,32670,
120200,32671,
120206,32672,
120213,32673,
120214,32674,
120215,32675,
120217,32676,
120218,32677,
120219,32678,
120220,32679,
120221,32680,
120222,32681,
120224,32682,
120225,32683,
120226,32684,
120228,32685,
120229,32686,
120230,32687,
120232,32688,
120234,32689,
120237,32690,
120239,32691,
120245,32692,
120247,32693,
120248,32694,
120252,32695,
120256,32696,
120266,32697,
120267,32698,
120268,32699,
120269,32700,
120270,32701,
120271,32702,
120272,32703,
120273,32704,
120274,32705,
120275,32706,
120276,32707,
120277,32708,
120278,32709,
120279,32710,
120280,32711,
120281,32712,
120282,32713,
120283,32714,
120284,32715,
120285,32716,
120286,32717,
120287,32718,
120290,32719,
120291,32720,
120292,32721,
120293,32722,
120294,32723,
120295,32724,
120296,32725,
120297,32726,
120298,32727,
120299,32728,
120300,32729,
120301,32730,
120304,32731,
120305,32732,
120309,32733,
120310,32734,
120312,32735,
120317,32736,
120319,32737,
120321,32738,
120325,32739,
120327,32740,
120332,32741,
120335,32742,
120337,32743,
120339,32744,
120340,32745,
120341,32746,
120344,32747,
120345,32748,
120346,32749,
120347,32750,
120349,32751,
120350,32752,
120351,32753,
120352,32754,
120353,32755,
120356,32756,
120357,32757,
120358,32758,
120359,32759,
120360,32760,
120361,32761,
120362,32762,
120363,32763,
120364,32764,
120366,32765,
120367,32766,
120368,32767,
120369,32768,
120370,32769,
120371,32770,
120373,32771,
120375,32772,
120376,32773,
120378,32774,
120379,32775,
120380,32776,
120384,32777,
120386,32778,
120388,32779,
120390,32780,
120394,32781,
120395,32782,
120396,32783,
120397,32784,
120400,32785,
120401,32786,
120402,32787,
120404,32788,
120405,32789,
120406,32790,
120407,32791,
120408,32792,
120409,32793,
120410,32794,
120412,32795,
120413,32796,
120414,32797,
120419,32798,
120421,32799,
120424,32800,
120426,32801,
120427,32802,
120428,32803,
120429,32804,
120430,32805,
120431,32806,
120433,32807,
120434,32808,
120437,32809,
120438,32810,
120439,32811,
120444,32812,
120446,32813,
120447,32814,
120448,32815,
120449,32816,
120451,32817,
120452,32818,
120453,32819,
120454,32820,
120458,32821,
120459,32822,
120460,32823,
120461,32824,
120462,32825,
120467,32826,
120469,32827,
120470,32828,
120471,32829,
120484,32830,
120488,32831,
120489,32832,
120532,32833,
120533,32834,
120534,32835,
120546,32836,
120547,32837,
120548,32838,
120549,32839,
120550,32840,
120551,32841,
120552,32842,
120553,32843,
120555,32844,
120557,32845,
120559,32846,
120560,32847,
120561,32848,
120564,32849,
120565,32850,
120568,32851,
120569,32852,
120570,32853,
120571,32854,
120572,32855,
120573,32856,
120574,32857,
120575,32858,
120576,32859,
120577,32860,
120578,32861,
120579,32862,
120581,32863,
120586,32864,
120587,32865,
120588,32866,
120589,32867,
120590,32868,
120591,32869,
120592,32870,
120593,32871,
120594,32872,
120595,32873,
120596,32874,
120597,32875,
120598,32876,
120599,32877,
120600,32878,
120601,32879,
120602,32880,
120603,32881,
120604,32882,
120606,32883,
120607,32884,
120608,32885,
120609,32886,
120613,32887,
120614,32888,
120615,32889,
120616,32890,
120617,32891,
120618,32892,
120619,32893,
120620,32894,
120621,32895,
120622,32896,
120623,32897,
120624,32898,
120625,32899,
120626,32900,
120627,32901,
120628,32902,
120629,32903,
120630,32904,
120631,32905,
120632,32906,
120633,32907,
120634,32908,
120635,32909,
120637,32910,
120640,32911,
120647,32912,
120648,32913,
120650,32914,
120651,32915,
120654,32916,
120655,32917,
120657,32918,
120673,32919,
120681,32920,
120686,32921,
120688,32922,
120705,32923,
120708,32924,
120711,32925,
120713,32926,
120714,32927,
120728,32928,
120729,32929,
120731,32930,
120732,32931,
120755,32932,
120756,32933,
120770,32934,
120771,32935,
120780,32936,
120790,32937,
120791,32938,
120802,32939,
120803,32940,
120816,32941,
120820,32942,
120821,32943,
120833,32944,
120834,32945,
120835,32946,
120836,32947,
120837,32948,
120838,32949,
120839,32950,
120840,32951,
120841,32952,
120842,32953,
120843,32954,
120844,32955,
120845,32956,
120846,32957,
120847,32958,
120848,32959,
120849,32960,
120850,32961,
120851,32962,
120853,32963,
120854,32964,
120855,32965,
120857,32966,
120859,32967,
120860,32968,
120861,32969,
120862,32970,
120864,32971,
120865,32972,
120867,32973,
120868,32974,
120871,32975,
120872,32976,
120877,32977,
120880,32978,
120881,32979,
120882,32980,
120891,32981,
120892,32982,
120894,32983,
120896,32984,
120897,32985,
120899,32986,
120901,32987,
120903,32988,
120905,32989,
120906,32990,
120908,32991,
120910,32992,
120911,32993,
120921,32994,
120922,32995,
120924,32996,
120925,32997,
120927,32998,
120928,32999,
120930,33000,
120934,33001,
120936,33002,
120937,33003,
120940,33004,
120941,33005,
120942,33006,
120943,33007,
120944,33008,
120945,33009,
120946,33010,
120947,33011,
120948,33012,
120949,33013,
120950,33014,
120952,33015,
120963,33016,
120964,33017,
120965,33018,
120966,33019,
120967,33020,
120968,33021,
120969,33022,
120970,33023,
120971,33024,
120972,33025,
120976,33026,
120978,33027,
120979,33028,
120980,33029,
120982,33030,
120983,33031,
120984,33032,
120987,33033,
120988,33034,
120989,33035,
120990,33036,
120991,33037,
120992,33038,
120993,33039,
120994,33040,
120995,33041,
120996,33042,
120997,33043,
120998,33044,
120999,33045,
121000,33046,
121001,33047,
121002,33048,
121003,33049,
121005,33050,
121006,33051,
121007,33052,
121008,33053,
121009,33054,
121010,33055,
121011,33056,
121012,33057,
121013,33058,
121014,33059,
121015,33060,
121016,33061,
121017,33062,
121018,33063,
121019,33064,
121020,33065,
121021,33066,
121022,33067,
121023,33068,
121026,33069,
121027,33070,
121028,33071,
121030,33072,
121031,33073,
121032,33074,
121033,33075,
121034,33076,
121035,33077,
121036,33078,
121038,33079,
121039,33080,
121041,33081,
121042,33082,
121044,33083,
121045,33084,
121046,33085,
121048,33086,
121049,33087,
121051,33088,
121052,33089,
121054,33090,
121056,33091,
121059,33092,
121060,33093,
121062,33094,
121063,33095,
121064,33096,
121065,33097,
121067,33098,
121068,33099,
121069,33100,
121070,33101,
121071,33102,
121072,33103,
121073,33104,
121074,33105,
121075,33106,
121076,33107,
121077,33108,
121078,33109,
121083,33110,
121085,33111,
121086,33112,
121088,33113,
121090,33114,
121091,33115,
121093,33116,
121094,33117,
121095,33118,
121096,33119,
121097,33120,
121098,33121,
121099,33122,
121100,33123,
121101,33124,
121102,33125,
121103,33126,
121104,33127,
121105,33128,
121107,33129,
121108,33130,
121109,33131,
121110,33132,
121113,33133,
121115,33134,
121116,33135,
121118,33136,
121119,33137,
121120,33138,
121121,33139,
121122,33140,
121123,33141,
121124,33142,
121125,33143,
121129,33144,
121130,33145,
121131,33146,
121132,33147,
121133,33148,
121134,33149,
121137,33150,
121138,33151,
121139,33152,
121140,33153,
121141,33154,
121142,33155,
121143,33156,
121144,33157,
121145,33158,
121146,33159,
121147,33160,
121148,33161,
121151,33162,
121154,33163,
121155,33164,
121156,33165,
121157,33166,
121158,33167,
121159,33168,
121160,33169,
121161,33170,
121162,33171,
121163,33172,
121164,33173,
121165,33174,
121166,33175,
121167,33176,
121168,33177,
121170,33178,
121171,33179,
121172,33180,
121173,33181,
121175,33182,
121177,33183,
121178,33184,
121180,33185,
121181,33186,
121182,33187,
121183,33188,
121184,33189,
121185,33190,
121186,33191,
121187,33192,
121188,33193,
121189,33194,
121190,33195,
121191,33196,
121192,33197,
121194,33198,
121196,33199,
121197,33200,
121199,33201,
121201,33202,
121203,33203,
121206,33204,
121208,33205,
121213,33206,
121214,33207,
121216,33208,
121217,33209,
121219,33210,
121220,33211,
121223,33212,
121225,33213,
121226,33214,
121228,33215,
121230,33216,
121231,33217,
121233,33218,
121234,33219,
121236,33220,
121238,33221,
121241,33222,
121243,33223,
121245,33224,
121246,33225,
121248,33226,
121252,33227,
121253,33228,
121255,33229,
121257,33230,
121259,33231,
121262,33232,
121266,33233,
121267,33234,
121269,33235,
121270,33236,
121271,33237,
121273,33238,
121274,33239,
121276,33240,
121278,33241,
121280,33242,
121281,33243,
121284,33244,
121285,33245,
121286,33246,
121287,33247,
121288,33248,
121290,33249,
121291,33250,
121292,33251,
121293,33252,
121294,33253,
121295,33254,
121296,33255,
121297,33256,
121298,33257,
121299,33258,
121300,33259,
121301,33260,
121303,33261,
121304,33262,
121305,33263,
121306,33264,
121307,33265,
121308,33266,
121309,33267,
121310,33268,
121311,33269,
121312,33270,
121313,33271,
121314,33272,
121315,33273,
121316,33274,
121318,33275,
121319,33276,
121320,33277,
121322,33278,
121323,33279,
121325,33280,
121326,33281,
121328,33282,
121330,33283,
121331,33284,
121332,33285,
121334,33286,
121335,33287,
121337,33288,
121338,33289,
121340,33290,
121342,33291,
121345,33292,
121346,33293,
121348,33294,
121349,33295,
121351,33296,
121352,33297,
121353,33298,
121356,33299,
121357,33300,
121358,33301,
121360,33302,
121361,33303,
121364,33304,
121367,33305,
121369,33306,
121370,33307,
121372,33308,
121373,33309,
121380,33310,
121381,33311,
121390,33312,
121399,33313,
121401,33314,
121403,33315,
121406,33316,
121411,33317,
121426,33318,
121432,33319,
121433,33320,
121435,33321,
121439,33322,
121442,33323,
121444,33324,
121448,33325,
121451,33326,
121454,33327,
121455,33328,
121466,33329,
121468,33330,
121470,33331,
121472,33332,
121474,33333,
121476,33334,
121477,33335,
121478,33336,
121479,33337,
121497,33338,
121501,33339,
121502,33340,
121503,33341,
121509,33342,
121511,33343,
121512,33344,
121517,33345,
121522,33346,
121524,33347,
121525,33348,
121527,33349,
121528,33350,
121529,33351,
121530,33352,
121531,33353,
121532,33354,
121533,33355,
121534,33356,
121536,33357,
121537,33358,
121540,33359,
121541,33360,
121542,33361,
121580,33362,
121588,33363,
121589,33364,
121598,33365,
121608,33366,
121611,33367,
121612,33368,
121614,33369,
121615,33370,
121617,33371,
121619,33372,
121620,33373,
121622,33374,
121628,33375,
121630,33376,
121632,33377,
121633,33378,
121636,33379,
121637,33380,
121640,33381,
121642,33382,
121644,33383,
121645,33384,
121646,33385,
121647,33386,
121648,33387,
121652,33388,
121657,33389,
121662,33390,
121663,33391,
121673,33392,
121677,33393,
121680,33394,
121683,33395,
121688,33396,
121689,33397,
121692,33398,
121693,33399,
121695,33400,
121698,33401,
121701,33402,
121703,33403,
121708,33404,
121710,33405,
121715,33406,
121718,33407,
121720,33408,
121722,33409,
121725,33410,
121726,33411,
121729,33412,
121731,33413,
121733,33414,
121735,33415,
121738,33416,
121741,33417,
121746,33418,
121749,33419,
121751,33420,
121752,33421,
121754,33422,
121757,33423,
121758,33424,
121760,33425,
121762,33426,
121765,33427,
121767,33428,
121771,33429,
121773,33430,
121788,33431,
121789,33432,
121791,33433,
121795,33434,
121808,33435,
121811,33436,
121812,33437,
121819,33438,
121831,33439,
121832,33440,
121833,33441,
121836,33442,
121837,33443,
121845,33444,
121849,33445,
121855,33446,
121857,33447,
121863,33448,
121865,33449,
121872,33450,
121877,33451,
121888,33452,
121892,33453,
121895,33454,
121897,33455,
121899,33456,
121902,33457,
121903,33458,
121906,33459,
121908,33460,
121910,33461,
121912,33462,
121913,33463,
121915,33464,
121920,33465,
121924,33466,
121927,33467,
121929,33468,
121931,33469,
121967,33470,
122004,33471,
122006,33472,
122042,33473,
122047,33474,
122054,33475,
122055,33476,
122056,33477,
122057,33478,
122077,33479,
122078,33480,
122079,33481,
122080,33482,
122088,33483,
122094,33484,
122098,33485,
122100,33486,
122108,33487,
122110,33488,
122111,33489,
122113,33490,
122114,33491,
122118,33492,
122121,33493,
122122,33494,
122125,33495,
122132,33496,
122147,33497,
122149,33498,
122153,33499,
122154,33500,
122157,33501,
122166,33502,
122167,33503,
122168,33504,
122170,33505,
122171,33506,
122172,33507,
122183,33508,
122190,33509,
122195,33510,
122196,33511,
122199,33512,
122203,33513,
122204,33514,
122206,33515,
122211,33516,
122214,33517,
122215,33518,
122217,33519,
122219,33520,
122221,33521,
122223,33522,
122226,33523,
122228,33524,
122230,33525,
122232,33526,
122237,33527,
122238,33528,
122246,33529,
122247,33530,
122248,33531,
122249,33532,
122251,33533,
122262,33534,
122264,33535,
122269,33536,
122273,33537,
122274,33538,
122275,33539,
122277,33540,
122279,33541,
122283,33542,
122285,33543,
122290,33544,
122292,33545,
122293,33546,
122295,33547,
122296,33548,
122300,33549,
122302,33550,
122303,33551,
122307,33552,
122309,33553,
122310,33554,
122312,33555,
122313,33556,
122315,33557,
122317,33558,
122318,33559,
122337,33560,
122355,33561,
122358,33562,
122359,33563,
122361,33564,
122364,33565,
122366,33566,
122372,33567,
122373,33568,
122375,33569,
122378,33570,
122382,33571,
122384,33572,
122391,33573,
122392,33574,
122404,33575,
122405,33576,
122408,33577,
122409,33578,
122412,33579,
122415,33580,
122416,33581,
122418,33582,
122420,33583,
122422,33584,
122425,33585,
122428,33586,
122432,33587,
122434,33588,
122438,33589,
122441,33590,
122452,33591,
122453,33592,
122455,33593,
122457,33594,
122460,33595,
122461,33596,
122474,33597,
122480,33598,
122483,33599,
122495,33600,
122496,33601,
122500,33602,
122517,33603,
122527,33604,
122529,33605,
122543,33606,
122548,33607,
122559,33608,
122564,33609,
122565,33610,
122568,33611,
122570,33612,
122572,33613,
122574,33614,
122578,33615,
122579,33616,
122590,33617,
122593,33618,
122596,33619,
122607,33620,
122616,33621,
122630,33622,
122646,33623,
122648,33624,
122651,33625,
122653,33626,
122655,33627,
122661,33628,
122664,33629,
122667,33630,
122669,33631,
122673,33632,
122675,33633,
122682,33634,
122683,33635,
122696,33636,
122709,33637,
122711,33638,
122716,33639,
122729,33640,
122746,33641,
122748,33642,
122749,33643,
122752,33644,
122763,33645,
122773,33646,
122783,33647,
122784,33648,
122786,33649,
122793,33650,
122810,33651,
122818,33652,
122821,33653,
122824,33654,
122827,33655,
122842,33656,
122844,33657,
122846,33658,
122864,33659,
122865,33660,
122867,33661,
122869,33662,
122871,33663,
122877,33664,
122883,33665,
122892,33666,
122898,33667,
122899,33668,
122901,33669,
122903,33670,
122908,33671,
122913,33672,
122916,33673,
122927,33674,
122928,33675,
122940,33676,
122956,33677,
122957,33678,
122971,33679,
122987,33680,
122990,33681,
122991,33682,
122992,33683,
122993,33684,
122994,33685,
122995,33686,
122996,33687,
122997,33688,
122999,33689,
123000,33690,
123002,33691,
123003,33692,
123005,33693,
123007,33694,
123008,33695,
123010,33696,
123011,33697,
123014,33698,
123016,33699,
123017,33700,
123019,33701,
123020,33702,
123022,33703,
123023,33704,
123025,33705,
123026,33706,
123028,33707,
123032,33708,
123037,33709,
123038,33710,
123044,33711,
123046,33712,
123050,33713,
123052,33714,
123053,33715,
123055,33716,
123057,33717,
123058,33718,
123060,33719,
123064,33720,
123066,33721,
123067,33722,
123072,33723,
123073,33724,
123076,33725,
123078,33726,
123079,33727,
123083,33728,
123084,33729,
123085,33730,
123088,33731,
123089,33732,
123091,33733,
123092,33734,
123095,33735,
123098,33736,
123102,33737,
123105,33738,
123107,33739,
123110,33740,
123113,33741,
123117,33742,
123118,33743,
123121,33744,
123123,33745,
123126,33746,
123127,33747,
123129,33748,
123132,33749,
123136,33750,
123138,33751,
123141,33752,
123142,33753,
123143,33754,
123146,33755,
123148,33756,
123152,33757,
123156,33758,
123160,33759,
123164,33760,
123166,33761,
123169,33762,
123171,33763,
123174,33764,
123178,33765,
123181,33766,
123183,33767,
123187,33768,
123194,33769,
123196,33770,
123198,33771,
123199,33772,
123201,33773,
123283,33774,
123286,33775,
123299,33776,
123305,33777,
123308,33778,
123309,33779,
123310,33780,
123311,33781,
123312,33782,
123313,33783,
123316,33784,
123317,33785,
123318,33786,
123321,33787,
123324,33788,
123326,33789,
123328,33790,
123329,33791,
123332,33792,
123333,33793,
123343,33794,
123344,33795,
123346,33796,
123347,33797,
123349,33798,
123352,33799,
123353,33800,
123354,33801,
123357,33802,
123358,33803,
123363,33804,
123370,33805,
123378,33806,
123379,33807,
123383,33808,
123386,33809,
123387,33810,
123388,33811,
123390,33812,
123391,33813,
123392,33814,
123409,33815,
123411,33816,
123412,33817,
123413,33818,
123415,33819,
123416,33820,
123422,33821,
123424,33822,
123425,33823,
123426,33824,
123428,33825,
123434,33826,
123435,33827,
123436,33828,
123439,33829,
123440,33830,
123442,33831,
123454,33832,
123455,33833,
123456,33834,
123458,33835,
123459,33836,
123460,33837,
123461,33838,
123462,33839,
123465,33840,
123468,33841,
123471,33842,
123474,33843,
123485,33844,
123497,33845,
123498,33846,
123499,33847,
123501,33848,
123503,33849,
123504,33850,
123506,33851,
123514,33852,
123542,33853,
123564,33854,
123565,33855,
123566,33856,
123568,33857,
123571,33858,
123575,33859,
123584,33860,
123585,33861,
123586,33862,
123588,33863,
123598,33864,
123599,33865,
123605,33866,
123621,33867,
123622,33868,
123623,33869,
123624,33870,
123628,33871,
123629,33872,
123630,33873,
123631,33874,
123632,33875,
123633,33876,
123634,33877,
123636,33878,
123639,33879,
123640,33880,
123641,33881,
123642,33882,
123643,33883,
123645,33884,
123650,33885,
123651,33886,
123652,33887,
123653,33888,
123654,33889,
123655,33890,
123656,33891,
123658,33892,
123659,33893,
123664,33894,
123665,33895,
123667,33896,
123668,33897,
123671,33898,
123674,33899,
123675,33900,
123676,33901,
123691,33902,
123692,33903,
123694,33904,
123697,33905,
123699,33906,
123704,33907,
123705,33908,
123706,33909,
123721,33910,
123722,33911,
123723,33912,
123731,33913,
123732,33914,
123739,33915,
123740,33916,
123741,33917,
123742,33918,
123743,33919,
123744,33920,
123745,33921,
123746,33922,
123750,33923,
123751,33924,
123754,33925,
123756,33926,
123757,33927,
123759,33928,
123760,33929,
123762,33930,
123764,33931,
123765,33932,
123768,33933,
123769,33934,
123775,33935,
123776,33936,
123777,33937,
123779,33938,
123780,33939,
123781,33940,
123782,33941,
123784,33942,
123786,33943,
123792,33944,
123794,33945,
123795,33946,
123796,33947,
123800,33948,
123801,33949,
123805,33950,
123808,33951,
123822,33952,
123823,33953,
123824,33954,
123825,33955,
123826,33956,
123827,33957,
123828,33958,
123829,33959,
123830,33960,
123831,33961,
123836,33962,
123837,33963,
