TAZ,Type,HH,HH_POP,Median_Inc,Pct_Worker,Pct_Child,Pct_Senior,Industry,Office,Service_RateLow,Service_RateHigh,Retail,PctHighPay,StudGQ_NCSU,StudGQ_UNC,StudGQ_DUKE,StudGQ_NCCU,StudOff_NCSU,StudOff_UNC,StudOff_DUKE,StudOff_NCCU,BuildingS_NCSU,BuildingS_UNC,BuildingS_DUKE,BuildingS_NCCU,K12,CollegeOn,CollegeOff,Hospital,ParkDistrict,ParkCostW,ParkCostU,ParkCostO,EmpSpaces,StudSpaces,OtherSpaces,SParking,Enplanements,AWDT,IEEI_Distance,PCT_AUTO_EE,PCT_AUTO_IEEI,PCT_CVSUT_EE,PCT_CVMUT_EE,PCT_CVSUT_IEEI,PCT_CVMUT_IEEI
1,Internal,327,869,76534,48,18.3,11.3,54,39,48,3,19,13,0,0,0,0,0,19,0,0,0,0,0,0,0,0,0,0,0,0,0,0,0,0,0,0,0,,,,,,,,
2,Internal,385,986,76534,48,18.3,11.3,6,44,10,85,1,45,0,0,0,0,0,19,0,0,0,0,0,0,809,0,0,0,0,0,0,0,0,0,0,0,0,,,,,,,,
3,Internal,301,737,108533,48,27.9,13.8,1,19,86,7,9,41,0,0,0,0,0,32,0,0,0,0,0,0,0,0,0,0,0,0,0,0,0,0,0,0,0,,,,,,,,
4,Internal,599,1314,61929,50,19.9,18.0,13,49,42,14,43,39,0,0,0,0,0,50,0,0,0,0,0,0,0,0,0,0,0,0,0,0,0,0,0,0,0,,,,,,,,
5,Internal,203,433,105691,50,26.3,13.9,1,6,129,0,22,39,0,0,0,0,0,31,0,0,0,0,0,0,0,0,0,0,0,0,0,0,0,0,0,0,0,,,,,,,,
6,Internal,657,1757,105691,50,26.3,13.9,0,68,0,55,0,39,0,0,0,0,0,73,0,0,0,0,0,0,1416,0,0,0,0,0,0,0,0,0,0,0,0,,,,,,,,
7,Internal,132,314,105691,50,26.3,13.9,6,24,32,0,8,39,0,0,0,0,0,12,0,0,0,0,0,0,0,0,0,0,0,0,0,0,0,0,0,0,0,,,,,,,,
8,Internal,128,304,73598,48,21.7,13.3,0,1,4,0,0,41,0,0,0,0,0,12,0,0,0,0,0,0,0,0,0,0,0,0,0,0,0,0,0,0,0,,,,,,,,
9,Internal,250,590,73598,48,21.7,13.3,32,37,29,0,26,58,0,0,0,0,0,12,0,0,0,0,0,0,0,0,0,0,0,0,0,0,0,0,0,0,0,,,,,,,,
10,Internal,144,394,73598,48,21.7,13.3,0,6,15,5,0,41,0,0,0,0,0,6,0,0,0,0,0,0,0,0,0,0,0,0,0,0,0,0,0,0,0,,,,,,,,
11,Internal,180,522,104082,31,17.0,39.6,0,0,49,0,2,25,0,0,0,0,0,0,0,0,0,0,0,0,0,0,0,0,0,0,0,0,0,0,0,0,0,,,,,,,,
12,Internal,462,1376,100221,43,16.6,16.4,5,44,1,0,4,37,0,0,0,0,0,31,0,0,0,0,0,0,0,0,0,0,0,0,0,0,0,0,0,0,0,,,,,,,,
13,Internal,467,1279,104082,31,17.0,39.6,8,28,101,1,0,50,0,0,0,0,0,56,0,0,0,0,0,0,0,0,0,0,0,0,0,0,0,0,0,0,0,,,,,,,,
14,Internal,479,822,104082,31,17.0,39.6,0,0,201,0,7,20,0,0,0,0,0,9,0,0,0,0,0,0,0,0,0,0,0,0,0,0,0,0,0,0,0,,,,,,,,
15,Internal,50,114,56905,31,10.0,62.9,13,13,13,0,15,25,0,0,0,0,0,0,0,0,0,0,0,0,0,0,0,0,0,0,0,0,0,0,0,0,0,,,,,,,,
16,Internal,161,445,79000,40,11.0,39.7,3,123,0,0,0,35,0,0,0,0,0,25,0,0,0,0,0,0,570,0,0,0,0,0,0,0,0,0,0,0,0,,,,,,,,
17,Internal,202,520,79000,40,11.0,39.7,1,14,93,0,89,11,0,0,0,0,0,12,0,0,0,0,0,0,0,0,0,0,0,0,0,0,0,0,0,0,0,,,,,,,,
18,Internal,534,1312,100714,40,21.7,26.9,3,75,136,0,5,34,0,0,0,0,0,22,0,0,0,0,0,0,0,0,0,0,0,0,0,0,0,0,0,0,0,,,,,,,,
19,Internal,460,1273,100714,40,21.7,26.9,271,86,184,2,432,20,0,0,0,0,0,106,0,0,0,0,0,0,51,0,0,0,2,120,120,0,485,480,0,0,0,,,,,,,,
20,Internal,153,370,100183,49,22.7,14.3,0,25,13,3,3,36,0,0,0,0,0,0,0,0,0,0,0,0,0,0,0,0,0,0,0,0,0,0,0,0,0,,,,,,,,
21,Internal,510,1247,100183,49,22.7,14.3,9,70,24,0,4,37,0,0,0,0,0,0,0,0,0,0,0,0,86,0,0,0,0,0,0,0,0,0,0,0,0,,,,,,,,
22,Internal,192,479,100183,49,22.7,14.3,60,10,16,0,0,36,0,0,0,0,0,0,0,0,0,0,0,0,0,0,0,0,0,0,0,0,0,0,0,0,0,,,,,,,,
23,Internal,57,150,100183,49,22.7,14.3,2,8,10,0,0,36,0,0,0,0,0,0,0,0,0,0,0,0,0,0,0,0,0,0,0,0,0,0,0,0,0,,,,,,,,
24,Internal,439,1134,100183,49,22.7,14.3,9,7,79,3,48,28,0,0,0,0,0,0,0,0,0,0,0,0,0,0,0,0,0,0,0,0,0,0,0,0,0,,,,,,,,
25,Internal,88,213,69427,49,20.9,17.8,0,70,11,12,0,40,0,0,0,0,0,0,0,0,0,0,0,0,339,0,0,0,0,0,0,0,0,0,0,0,0,,,,,,,,
26,Internal,356,834,69427,49,20.9,17.8,12,51,10,33,32,36,0,0,0,0,0,0,0,0,0,0,0,0,0,0,0,0,0,0,0,0,0,0,0,0,0,,,,,,,,
27,Internal,71,168,69427,49,20.9,17.8,31,6,0,0,0,36,0,0,0,0,0,0,0,0,0,0,0,0,0,0,0,0,0,0,0,0,0,0,0,0,0,,,,,,,,
28,Internal,354,846,69427,49,20.9,17.8,5,11,33,3,5,36,0,0,0,0,0,0,0,0,0,0,0,0,0,0,0,0,0,0,0,0,0,0,0,0,0,,,,,,,,
29,Internal,82,232,69427,49,20.9,17.8,2,2,20,0,5,36,0,0,0,0,0,0,0,0,0,0,0,0,0,0,0,0,0,0,0,0,0,0,0,0,0,,,,,,,,
30,Internal,136,344,51616,49,24.7,18.3,109,5,14,5,22,84,0,0,0,0,0,0,0,0,0,0,0,0,0,0,0,0,0,0,0,0,0,0,0,0,0,,,,,,,,
31,Internal,245,572,51616,49,24.7,18.3,1,16,1,2,4,74,0,0,0,0,0,0,0,0,0,0,0,0,0,0,0,0,0,0,0,0,0,0,0,0,0,,,,,,,,
32,Internal,78,250,100221,43,16.6,16.4,83,4,66,0,100,43,0,0,0,0,0,0,0,0,0,0,0,0,0,0,0,0,0,0,0,0,0,0,0,0,0,,,,,,,,
33,Internal,1117,2170,82833,33,13.9,42.3,6,30,74,2,0,14,0,0,0,0,0,15,0,0,0,0,0,0,0,0,0,0,0,0,0,0,0,0,0,0,0,,,,,,,,
34,Internal,155,429,82833,33,13.9,42.3,10,29,5,0,20,41,0,0,0,0,0,6,0,0,0,0,0,0,0,0,0,0,0,0,0,0,0,0,0,0,0,,,,,,,,
35,Internal,179,451,82833,33,13.9,42.3,1,45,2,0,0,39,0,0,0,0,0,0,0,0,0,0,0,0,0,0,0,0,0,0,0,0,0,0,0,0,0,,,,,,,,
36,Internal,360,872,82833,33,13.9,42.3,11,12,27,6,0,33,0,0,0,0,0,0,0,0,0,0,0,0,0,0,0,0,0,0,0,0,0,0,0,0,0,,,,,,,,
37,Internal,102,250,100221,43,16.6,16.4,31,17,25,0,0,50,0,0,0,0,0,0,0,0,0,0,0,0,0,0,0,0,0,0,0,0,0,0,0,0,0,,,,,,,,
38,Internal,155,371,100221,43,16.6,16.4,12,20,42,2,23,35,0,0,0,0,0,0,0,0,0,0,0,0,25,0,0,0,0,0,0,0,0,0,0,0,0,,,,,,,,
39,Internal,135,267,100221,43,16.6,16.4,14,11,34,4,56,51,0,0,0,0,0,0,0,0,0,0,0,0,0,0,0,0,0,0,0,0,0,0,0,0,0,,,,,,,,
40,Internal,174,429,82833,33,13.9,42.3,3,39,15,0,13,39,0,0,0,0,0,6,0,0,0,0,0,0,0,0,0,0,0,0,0,0,0,0,0,0,0,,,,,,,,
41,Internal,1080,1908,82833,33,13.9,42.3,16,96,574,6,76,27,0,0,0,0,0,119,0,0,0,0,0,0,0,0,0,0,0,0,0,0,0,0,0,0,0,,,,,,,,
42,Internal,66,141,82833,33,13.9,42.3,33,8,26,0,6,58,0,0,0,0,0,0,0,0,0,0,0,0,0,0,0,0,0,0,0,0,0,0,0,0,0,,,,,,,,
43,Internal,5,13,82833,33,13.9,42.3,0,0,0,0,0,39,0,0,0,0,0,0,0,0,0,0,0,0,0,0,0,0,0,0,0,0,0,0,0,0,0,,,,,,,,
44,Internal,36,80,100221,43,16.6,16.4,1,3,5,0,0,50,0,0,0,0,0,0,0,0,0,0,0,0,0,0,0,0,0,0,0,0,0,0,0,0,0,,,,,,,,
45,Internal,88,231,66667,43,28.0,25.3,2,1,0,0,2,17,0,0,0,0,0,0,0,0,0,0,0,0,0,0,0,0,0,0,0,0,0,0,0,0,0,,,,,,,,
46,Internal,72,145,66667,43,28.0,25.3,292,2,0,0,0,47,0,0,0,0,0,0,0,0,0,0,0,0,0,0,0,0,0,0,0,0,0,0,0,0,0,,,,,,,,
47,Internal,1,1,66667,43,28.0,25.3,138,0,0,0,0,38,0,0,0,0,0,0,0,0,0,0,0,0,0,0,0,0,0,0,0,0,0,0,0,0,0,,,,,,,,
48,Internal,62,185,66667,43,28.0,25.3,5,2,0,0,3,50,0,0,0,0,0,0,0,0,0,0,0,0,0,0,0,0,0,0,0,0,0,0,0,0,0,,,,,,,,
49,Internal,76,165,66667,43,28.0,25.3,667,2,0,0,0,77,0,0,0,0,0,0,0,0,0,0,0,0,0,0,0,0,0,0,0,0,0,0,0,0,0,,,,,,,,
50,Internal,166,412,66667,43,28.0,25.3,16,37,33,0,3,25,0,0,0,0,0,0,0,0,0,0,0,0,0,0,0,0,0,0,0,0,0,0,0,0,0,,,,,,,,
51,Internal,39,107,66667,43,28.0,25.3,0,4,0,0,0,50,0,0,0,0,0,0,0,0,0,0,0,0,0,0,0,0,0,0,0,0,0,0,0,0,0,,,,,,,,
52,Internal,50,135,66667,43,28.0,25.3,2,0,0,0,0,50,0,0,0,0,0,0,0,0,0,0,0,0,0,0,0,0,0,0,0,0,0,0,0,0,0,,,,,,,,
53,Internal,159,341,50238,43,17.7,16.5,31,56,0,6,2,37,0,0,0,0,0,0,0,0,0,0,0,0,0,0,0,0,0,0,0,0,0,0,0,0,0,,,,,,,,
54,Internal,69,190,50238,43,17.7,16.5,0,10,0,0,0,50,0,0,0,0,0,0,0,0,0,0,0,0,0,0,0,0,0,0,0,0,0,0,0,0,0,,,,,,,,
55,Internal,128,372,50238,43,17.7,16.5,6,51,0,0,0,50,0,0,0,0,0,0,0,0,0,0,0,0,275,0,0,0,0,0,0,0,0,0,0,0,0,,,,,,,,
56,Internal,139,350,47692,45,16.2,24.2,18,131,3,3,0,11,0,0,0,0,0,0,0,0,0,0,0,0,1363,0,0,0,0,0,0,0,0,0,0,0,0,,,,,,,,
57,Internal,788,1743,47692,45,16.2,24.2,7,90,379,77,89,20,0,0,0,0,0,0,0,0,0,0,0,0,0,0,0,0,0,0,0,0,0,0,0,0,0,,,,,,,,
58,Internal,115,209,47692,45,16.2,24.2,3,0,203,0,0,29,0,0,0,0,0,0,0,0,0,0,0,0,0,0,0,0,0,0,0,0,0,0,0,0,0,,,,,,,,
59,Internal,96,203,47692,45,16.2,24.2,9,2,28,0,0,29,0,0,0,0,0,0,0,0,0,0,0,0,0,0,0,0,0,0,0,0,0,0,0,0,0,,,,,,,,
60,Internal,61,133,47692,45,16.2,24.2,1,3,10,0,0,29,0,0,0,0,0,0,0,0,0,0,0,0,0,0,0,0,0,0,0,0,0,0,0,0,0,,,,,,,,
61,Internal,38,103,47692,45,16.2,24.2,0,0,0,0,0,29,0,0,0,0,0,0,0,0,0,0,0,0,0,0,0,0,0,0,0,0,0,0,0,0,0,,,,,,,,
62,Internal,14,31,52083,45,19.3,16.9,0,0,0,0,0,0,0,0,0,0,0,0,0,0,0,0,0,0,0,0,0,0,0,0,0,0,0,0,0,0,0,,,,,,,,
63,Internal,70,162,52083,45,19.3,16.9,0,17,2,0,69,29,0,0,0,0,0,0,0,0,0,0,0,0,0,0,0,0,0,0,0,0,0,0,0,0,0,,,,,,,,
64,Internal,111,211,52083,45,19.3,16.9,0,2,0,0,24,60,0,0,0,0,0,0,0,0,0,0,0,0,0,0,0,0,0,0,0,0,0,0,0,0,0,,,,,,,,
65,Internal,433,1072,52083,45,19.3,16.9,20,59,248,26,422,19,0,0,0,0,0,0,0,0,0,0,0,0,0,0,0,0,0,0,0,0,0,0,0,0,0,,,,,,,,
66,Internal,25,59,52083,45,19.3,16.9,0,3,70,3,0,6,0,0,0,0,0,0,0,0,0,0,0,0,0,0,0,0,0,0,0,0,0,0,0,0,0,,,,,,,,
67,Internal,402,842,52083,45,19.3,16.9,9,32,7,0,3,24,0,0,0,0,0,0,0,0,0,0,0,0,0,0,0,0,0,0,0,0,0,0,0,0,0,,,,,,,,
68,Internal,97,266,52083,45,19.3,16.9,0,1,0,0,3,29,0,0,0,0,0,0,0,0,0,0,0,0,0,0,0,0,0,0,0,0,0,0,0,0,0,,,,,,,,
69,Internal,37,122,103671,45,21.7,25.6,5,0,0,0,2,29,0,0,0,0,0,0,0,0,0,0,0,0,0,0,0,0,0,0,0,0,0,0,0,0,0,,,,,,,,
70,Internal,348,935,103671,45,21.7,25.6,60,140,755,21,218,32,0,0,0,0,0,0,0,0,0,0,0,0,462,0,0,0,0,0,0,0,0,0,0,0,0,,,,,,,,
71,Internal,247,561,71410,45,11.8,24.6,21,307,49,90,86,40,0,0,0,0,0,0,0,0,0,0,0,0,501,0,0,0,0,0,0,0,0,0,0,0,0,,,,,,,,
72,Internal,166,322,71410,45,11.8,24.6,0,12,0,3,0,29,0,0,0,0,0,0,0,0,0,0,0,0,0,0,0,0,0,0,0,0,0,0,0,0,0,,,,,,,,
73,Internal,326,757,71410,45,11.8,24.6,31,6,28,0,0,29,0,0,0,0,0,0,0,0,0,0,0,0,0,0,0,0,0,0,0,0,0,0,0,0,0,,,,,,,,
74,Internal,65,161,103671,45,21.7,25.6,13,0,1,5,1,29,0,0,0,0,0,0,0,0,0,0,0,0,0,0,0,0,0,0,0,0,0,0,0,0,0,,,,,,,,
75,Internal,156,374,103671,45,21.7,25.6,6,7,4,0,2,30,0,0,0,0,0,0,0,0,0,0,0,0,0,0,0,0,0,0,0,0,0,0,0,0,0,,,,,,,,
76,Internal,60,111,103671,45,21.7,25.6,0,3,3,0,0,28,0,0,0,0,0,0,0,0,0,0,0,0,0,0,0,0,0,0,0,0,0,0,0,0,0,,,,,,,,
77,Internal,252,637,103671,45,21.7,25.6,3,51,13,0,3,31,0,0,0,0,0,0,0,0,0,0,0,0,0,0,0,0,0,0,0,0,0,0,0,0,0,,,,,,,,
78,Internal,223,387,103971,54,12.4,40.1,5,18,6,82,0,34,0,0,0,0,0,6,0,0,0,0,0,0,0,0,0,0,0,0,0,0,0,0,0,0,0,,,,,,,,
79,Internal,499,877,49632,54,7.4,22.6,0,2,26,0,0,58,0,0,0,0,0,705,0,4,0,0,0,0,0,0,0,0,0,0,0,0,0,0,0,0,0,,,,,,,,
80,Internal,183,397,97464,54,21.0,18.6,1,3,22,0,3,58,0,0,0,0,0,12,0,7,0,0,0,0,0,0,0,0,0,0,0,0,0,0,0,0,0,,,,,,,,
81,Internal,0,0,77485,72,9.3,3.6,195,12,355,39,12,49,0,0,0,0,0,0,0,0,0,0,0,0,0,0,0,0,0,0,0,0,0,0,0,0,0,,,,,,,,
82,Internal,313,794,77485,72,9.3,3.6,55,0,18,0,0,69,0,0,0,0,0,0,0,7,0,0,0,0,0,0,0,0,0,0,0,0,0,0,0,0,0,,,,,,,,
83,Internal,2,14,77485,72,9.3,3.6,0,251,497,180,10,88,0,0,0,0,0,0,0,0,0,0,0,0,0,0,0,0,0,0,0,0,0,0,0,0,0,,,,,,,,
84,Internal,216,379,77485,72,9.3,3.6,250,17,33,20,66,74,0,0,0,0,0,0,0,4,0,0,0,0,0,0,0,0,0,0,0,0,0,0,0,0,0,,,,,,,,
85,Internal,0,0,58190,50,22.0,12.0,0,250,0,0,0,85,0,0,0,0,0,0,0,0,0,0,0,0,0,0,0,0,0,0,0,0,0,0,0,0,0,,,,,,,,
86,Internal,792,1157,32196,43,2.5,2.5,0,18,423,0,310,15,0,0,0,0,0,19,983,0,0,0,0,0,0,0,0,0,0,0,0,0,0,0,0,0,0,,,,,,,,
87,Internal,280,677,38250,47,23.0,10.8,24,8,106,14,19,6,0,0,0,0,0,0,10,0,0,0,0,0,0,0,0,0,0,0,0,0,0,0,0,0,0,,,,,,,,
88,Internal,54,132,38250,47,23.0,10.8,80,15,105,23,206,13,0,0,0,0,0,0,0,0,0,0,0,0,0,0,0,0,0,0,0,0,0,0,0,0,0,,,,,,,,
89,Internal,57,119,38250,47,23.0,10.8,0,0,21,8,22,6,0,0,0,0,0,0,1,0,0,0,0,0,0,0,0,0,0,0,0,0,0,0,0,0,0,,,,,,,,
90,Internal,218,538,38250,47,23.0,10.8,3,9,36,0,14,17,0,0,0,0,0,0,6,14,0,0,0,0,0,0,0,0,0,0,0,0,0,0,0,0,0,,,,,,,,
91,Internal,342,913,47411,47,28.4,10.3,93,65,51,9,26,33,0,0,0,0,0,0,1,25,0,0,0,0,0,0,0,0,0,0,0,0,0,0,0,0,0,,,,,,,,
92,Internal,310,888,47411,47,28.4,10.3,50,2,19,2,0,38,0,0,0,0,0,0,8,14,0,0,0,0,0,0,0,0,0,0,0,0,0,0,0,0,0,,,,,,,,
93,Internal,44,118,49205,55,19.2,11.1,78,509,5478,20,34,62,0,0,0,0,0,0,0,0,0,0,0,0,336,0,0,1,0,0,0,0,0,0,0,0,0,,,,,,,,
94,Internal,203,403,49205,55,19.2,11.1,35,77,114,69,47,28,0,0,0,0,0,0,1,0,0,0,0,0,0,0,0,0,0,0,0,0,0,0,0,0,0,,,,,,,,
95,Internal,337,673,49205,55,19.2,11.1,51,4,80,0,3,55,0,0,0,0,0,0,6,7,0,0,0,0,0,0,0,0,0,0,0,0,0,0,0,0,0,,,,,,,,
96,Internal,34,68,31173,55,18.3,5.7,0,0,9,0,0,55,0,0,0,0,0,0,3,0,0,0,0,0,0,0,0,0,0,0,0,0,0,0,0,0,0,,,,,,,,
97,Internal,85,203,31173,55,18.3,5.7,0,73,4,33,0,55,0,0,0,0,0,0,3,0,0,0,0,0,0,0,0,0,0,0,0,0,0,0,0,0,0,,,,,,,,
98,Internal,193,452,31173,55,18.3,5.7,0,77,12,0,0,55,0,0,0,0,0,0,4,0,0,0,0,0,455,0,0,0,0,0,0,0,0,0,0,0,0,,,,,,,,
99,Internal,55,151,49205,55,19.2,11.1,9,26,226,12,11,28,0,0,0,0,0,0,0,4,0,0,0,0,6,0,0,0,0,0,0,0,0,0,0,0,0,,,,,,,,
100,Internal,260,540,31173,55,18.3,5.7,3,86,6,29,0,55,0,0,0,0,0,0,4,11,0,0,0,0,519,0,0,0,0,0,0,0,0,0,0,0,0,,,,,,,,
101,Internal,490,1281,31173,55,18.3,5.7,0,6,9,0,2,3,0,0,0,0,0,0,3,0,0,0,0,0,0,0,0,0,0,0,0,0,0,0,0,0,0,,,,,,,,
102,Internal,97,229,49205,55,19.2,11.1,0,6,59,0,1,36,0,0,0,0,0,0,3,0,0,0,0,0,0,0,0,0,0,0,0,0,0,0,0,0,0,,,,,,,,
103,Internal,154,320,31004,54,24.6,5.5,4,8,8,0,6,40,0,0,0,0,0,0,7,0,0,0,0,0,0,0,0,0,0,0,0,0,0,0,0,0,0,,,,,,,,
104,Internal,266,486,31004,54,24.6,5.5,9,122,20,0,0,79,0,0,0,0,0,0,3,7,0,0,0,0,0,0,0,0,0,0,0,0,0,0,0,0,0,,,,,,,,
105,Internal,5,11,31004,54,24.6,5.5,504,180,56,97,15,41,0,0,0,0,0,0,0,0,0,0,0,0,0,0,0,0,0,0,0,0,0,0,0,0,0,,,,,,,,
106,Internal,1,19,31004,54,24.6,5.5,37,29,68,0,31,28,0,0,0,0,0,0,0,0,0,0,0,0,0,0,0,0,0,0,0,0,0,0,0,0,0,,,,,,,,
107,Internal,74,197,46174,54,14.5,6.3,0,7,5,0,0,40,0,0,0,0,0,0,0,0,0,0,0,0,0,0,0,0,0,0,0,0,0,0,0,0,0,,,,,,,,
108,Internal,185,388,46174,54,14.5,6.3,18,14,19,7,27,14,0,0,0,0,0,0,11,7,0,0,0,0,0,0,0,0,0,0,0,0,0,0,0,0,0,,,,,,,,
109,Internal,101,203,46174,54,14.5,6.3,0,36,5,8,14,27,0,0,0,0,0,0,3,0,0,0,0,0,618,0,0,0,3,386,0,150,27,0,5,0,0,,,,,,,,
110,Internal,0,0,46174,54,14.5,6.3,2,85,18,0,12,22,0,0,0,0,0,0,0,0,0,0,0,0,0,0,0,0,3,386,0,150,47,0,9,0,0,,,,,,,,
111,Internal,152,367,72031,54,18.2,8.6,22,4,18,0,0,73,0,0,0,0,0,0,8,0,0,0,0,0,0,0,0,0,0,0,0,0,0,0,0,0,0,,,,,,,,
112,Internal,49,134,72031,54,18.2,8.6,0,11,4,3,0,41,0,0,0,0,0,0,0,0,0,0,0,0,53,0,0,0,0,0,0,0,0,0,0,0,0,,,,,,,,
113,Internal,108,262,72031,54,18.2,8.6,0,15,10,7,0,40,0,0,0,0,0,0,11,4,0,0,0,0,0,0,0,0,0,0,0,0,0,0,0,0,0,,,,,,,,
114,Internal,163,337,72031,54,18.2,8.6,1,12,44,0,0,40,0,0,0,0,0,0,22,0,0,0,0,0,0,0,0,0,0,0,0,0,0,0,0,0,0,,,,,,,,
115,Internal,72,146,35135,52,24.2,8.2,0,4,3,0,0,15,0,0,0,0,0,0,6,0,0,0,0,0,0,0,0,0,0,0,0,0,0,0,0,0,0,,,,,,,,
116,Internal,0,0,35135,52,24.2,8.2,63,58,141,76,860,11,0,0,0,0,0,0,0,0,0,0,0,0,0,0,0,0,0,0,0,0,0,0,0,0,0,,,,,,,,
117,Internal,201,419,35135,52,24.2,8.2,23,70,74,39,32,35,0,0,0,0,0,0,35,18,0,0,0,0,0,0,0,0,0,0,0,0,0,0,0,0,0,,,,,,,,
118,Internal,283,467,35135,52,24.2,8.2,0,3,60,3,127,4,0,0,0,0,0,0,57,4,0,0,0,0,0,0,0,0,0,0,0,0,0,0,0,0,0,,,,,,,,
119,Internal,291,636,43869,52,14.9,10.0,6,9,65,24,74,28,0,0,0,0,0,0,43,11,0,0,0,0,0,0,0,0,0,0,0,0,0,0,0,0,0,,,,,,,,
120,Internal,342,734,65000,52,19.4,10.4,0,24,118,13,16,28,0,0,0,0,0,0,165,4,0,0,0,0,0,0,0,0,4,0,0,200,0,0,67,0,0,,,,,,,,
121,Internal,181,370,91806,57,25.3,3.9,5,5,3,0,0,31,0,0,0,0,0,0,15,4,0,0,0,0,0,0,0,0,0,0,0,0,0,0,0,0,0,,,,,,,,
122,Internal,188,482,91806,57,25.3,3.9,6,8,37,2,16,34,0,0,0,0,0,0,42,4,0,0,0,0,0,0,0,0,0,0,0,0,0,0,0,0,0,,,,,,,,
123,Internal,153,352,93529,57,24.6,8.2,0,2,5,0,0,34,0,0,0,0,0,0,6,4,0,0,0,0,0,0,0,0,0,0,0,0,0,0,0,0,0,,,,,,,,
124,Internal,257,455,93529,57,24.6,8.2,3,1,12,0,14,42,0,0,0,0,0,0,63,0,0,0,0,0,0,0,0,0,0,0,0,0,0,0,0,0,0,,,,,,,,
125,Internal,182,476,93529,57,24.6,8.2,0,11,3,40,3,34,0,0,0,0,0,0,48,4,0,0,0,0,0,0,0,0,0,0,0,0,0,0,0,0,0,,,,,,,,
126,Internal,206,414,59107,57,18.6,8.7,45,0,5,0,0,34,0,0,0,0,0,0,59,0,0,0,0,0,0,0,0,0,0,0,0,0,0,0,0,0,0,,,,,,,,
127,Internal,520,1175,59107,57,18.6,8.7,13,101,30,11,1,34,0,0,0,0,0,0,119,11,0,0,0,0,335,0,0,0,0,0,0,0,0,0,0,0,0,,,,,,,,
128,Internal,113,268,87031,52,12.6,13.7,0,36,134,0,0,18,0,0,0,0,0,0,15,4,0,0,0,0,0,0,0,0,0,0,0,0,0,0,0,0,0,,,,,,,,
129,Internal,72,109,87031,52,12.6,13.7,0,4,7,25,54,14,0,0,0,0,0,0,4,7,0,0,0,0,0,0,0,0,0,0,0,0,0,0,0,0,0,,,,,,,,
130,Internal,98,218,87031,52,12.6,13.7,0,0,25,0,40,40,0,0,0,0,0,0,3,0,0,0,0,0,0,0,0,0,0,0,0,0,0,0,0,0,0,,,,,,,,
131,Internal,107,243,87031,52,12.6,13.7,0,32,80,12,23,36,0,0,0,0,0,0,4,0,0,0,0,0,0,0,0,0,0,0,0,0,0,0,0,0,0,,,,,,,,
132,Internal,49,113,87031,52,12.6,13.7,28,13,36,20,42,38,0,0,0,0,0,0,0,11,0,0,0,0,0,0,0,0,0,0,0,0,0,0,0,0,0,,,,,,,,
133,Internal,126,341,83750,52,23.7,14.2,0,0,5,0,3,40,0,0,0,0,0,0,11,0,0,0,0,0,0,0,0,0,0,0,0,0,0,0,0,0,0,,,,,,,,
134,Internal,110,260,83750,52,23.7,14.2,0,21,242,0,0,66,0,0,0,0,0,0,7,0,0,0,0,0,0,0,0,0,0,0,0,0,0,0,0,0,0,,,,,,,,
135,Internal,137,358,83750,52,23.7,14.2,0,5,27,0,0,40,0,0,0,0,0,0,8,0,0,0,0,0,0,0,0,0,0,0,0,0,0,0,0,0,0,,,,,,,,
136,Internal,61,129,101797,52,23.4,9.2,4,4,51,15,0,40,0,0,0,0,0,0,21,0,0,0,0,0,0,0,0,0,0,0,0,0,0,0,0,0,0,,,,,,,,
137,Internal,39,112,101797,52,23.4,9.2,166,58,78,6,114,34,0,0,0,0,0,0,6,0,0,0,0,0,0,0,0,0,4,0,0,200,0,0,443,0,0,,,,,,,,
138,Internal,0,0,101797,52,23.4,9.2,70,0,16,0,19,63,0,0,0,0,0,0,0,0,0,0,0,0,0,0,0,0,0,0,0,0,0,0,0,0,0,,,,,,,,
139,Internal,140,262,101797,52,23.4,9.2,0,0,31,0,0,30,0,0,0,0,0,0,21,0,0,0,0,0,0,0,0,0,0,0,0,0,0,0,0,0,0,,,,,,,,
140,Internal,82,165,101797,52,23.4,9.2,0,8,24,0,1,42,0,0,0,0,0,0,11,0,0,0,0,0,0,0,0,0,0,0,0,0,0,0,0,0,0,,,,,,,,
141,Internal,324,508,48250,56,7.4,6.1,0,266,506,0,72,22,0,0,0,0,0,0,3,0,0,0,0,0,0,0,0,0,4,544,0,0,58,0,0,0,0,,,,,,,,
142,Internal,331,519,48250,56,7.4,6.1,7,224,41,14,309,22,0,0,0,0,0,0,1015,0,0,0,0,0,0,0,0,0,4,544,0,0,180,0,0,0,0,,,,,,,,
143,Internal,0,0,48250,56,7.4,6.1,0,4,30,0,268,20,0,0,0,0,0,0,0,0,0,0,0,0,0,0,0,0,0,0,0,0,0,0,0,0,0,,,,,,,,
144,Internal,0,0,30625,43,10.1,2.5,25,22,201,21,356,21,0,0,0,0,0,0,0,0,0,0,0,0,0,0,0,0,0,0,0,0,0,0,0,0,0,,,,,,,,
145,Internal,228,387,48250,56,7.4,6.1,3,13,44,32,12,22,0,0,0,0,0,0,259,0,0,0,0,0,0,0,0,0,4,544,0,0,359,0,0,0,0,,,,,,,,
146,Internal,29,78,48250,56,7.4,6.1,47,1,56,0,0,40,0,0,0,0,0,0,3,4,0,0,0,0,0,0,0,0,0,0,0,0,0,0,0,0,0,,,,,,,,
147,Internal,161,323,48250,56,7.4,6.1,0,3,0,0,0,22,0,0,0,0,0,0,46,0,0,0,0,0,0,0,0,0,0,0,0,0,0,0,0,0,0,,,,,,,,
148,Internal,139,279,48250,56,7.4,6.1,60,85,1,0,0,22,0,0,0,0,0,0,68,0,0,0,0,0,486,0,0,0,0,0,0,0,0,0,0,0,0,,,,,,,,
149,Internal,60,116,48250,56,7.4,6.1,33,2,24,0,80,24,0,0,0,0,0,0,14,4,0,0,0,0,0,0,0,0,0,0,0,0,0,0,0,0,0,,,,,,,,
150,Internal,72,155,48250,56,7.4,6.1,0,12,179,0,4,12,0,0,0,0,0,0,53,0,0,0,0,0,0,0,0,0,0,0,0,0,0,0,0,0,0,,,,,,,,
151,Internal,42,97,48250,56,7.4,6.1,13,11,63,0,64,40,0,0,0,0,0,0,246,0,0,0,0,0,0,0,0,0,4,544,0,0,248,0,0,0,0,,,,,,,,
152,Internal,218,329,48250,56,7.4,6.1,9,365,513,37,419,17,0,0,0,0,0,0,10,4,0,0,0,0,0,0,0,0,4,544,0,0,172,0,0,0,0,,,,,,,,
153,Internal,104,171,48250,56,7.4,6.1,0,0,0,0,0,22,0,0,0,0,0,0,21,4,0,0,0,0,0,0,0,0,0,0,0,0,0,0,0,0,0,,,,,,,,
154,Internal,1,3,16250,47,2.5,2.5,0,7,162,0,8,27,0,0,0,0,0,0,77,0,0,0,0,0,0,0,0,0,0,0,0,0,0,0,0,0,0,,,,,,,,
155,Internal,0,0,16250,47,2.5,2.5,0,0,0,0,0,22,0,0,0,0,0,0,0,0,0,0,0,0,0,0,0,0,0,0,0,0,0,0,0,0,0,,,,,,,,
156,Internal,0,0,16250,47,2.5,2.5,0,15,307,0,0,26,0,0,0,0,0,0,0,0,0,0,0,0,0,0,0,0,4,0,0,200,0,0,81,0,0,,,,,,,,
157,Internal,188,420,16250,47,2.5,2.5,2,32,0,15,0,8,0,0,398,0,0,0,6,0,0,0,12,0,0,0,0,0,4,153,0,200,73,0,64,0,0,,,,,,,,
158,Internal,19,71,16250,47,2.5,2.5,4,469,6,49,10,17,0,0,0,0,0,0,13,0,0,0,9,0,0,0,0,0,4,544,0,200,668,0,48,0,0,,,,,,,,
159,Internal,40,46,16250,47,2.5,2.5,0,18,0,0,0,26,0,0,36,0,0,0,31,0,0,0,18,0,0,0,0,0,4,544,81,200,47,15,2,0,0,,,,,,,,
160,Internal,2,14,16250,47,2.5,2.5,0,51,244,0,6,30,0,0,0,0,0,0,0,0,0,0,20,0,0,0,0,0,4,0,0,200,0,0,8,0,0,,,,,,,,
161,Internal,354,654,60469,47,18.4,5.1,20,8,107,21,3,50,0,0,0,0,0,0,92,7,0,0,13,0,0,0,0,0,4,0,0,200,0,0,7,0,0,,,,,,,,
162,Internal,0,0,60469,47,18.4,5.1,0,716,3,0,35,26,0,0,0,0,0,0,4,0,0,0,0,0,0,0,0,0,4,544,81,200,497,19,101,0,0,,,,,,,,
163,Internal,304,703,28837,47,12.2,2.5,81,16,120,9,14,22,0,0,0,0,0,0,24,29,0,0,0,0,0,0,0,0,0,0,0,0,0,0,0,0,0,,,,,,,,
164,Internal,402,1131,35711,47,34.6,4.9,1,52,113,27,6,38,0,0,0,0,0,0,21,18,0,0,0,0,0,0,0,0,0,0,0,0,0,0,0,0,0,,,,,,,,
165,Internal,363,850,42831,54,20.2,11.7,312,11,15,0,6,42,0,0,0,0,0,32,34,10,0,0,0,0,3,0,0,0,0,0,0,0,0,0,0,0,0,,,,,,,,
166,Internal,305,675,42831,54,20.2,11.7,4,117,24,79,18,38,0,0,0,0,0,31,6,0,0,0,0,0,289,0,0,0,0,0,0,0,0,0,0,0,0,,,,,,,,
167,Internal,106,234,44250,54,20.9,3.5,6,16,31,0,10,48,0,0,0,0,0,6,1,0,0,0,0,0,0,0,0,0,0,0,0,0,0,0,0,0,0,,,,,,,,
168,Internal,162,435,95580,54,11.6,21.1,0,0,42,0,0,48,0,0,0,0,0,12,7,0,0,0,0,0,0,0,0,0,0,0,0,0,0,0,0,0,0,,,,,,,,
169,Internal,205,531,44250,54,20.9,3.5,0,78,22,1,3,48,0,0,0,0,0,37,67,0,0,0,0,0,406,0,0,0,0,0,0,0,0,0,0,0,0,,,,,,,,
170,Internal,0,0,95580,54,11.6,21.1,0,1,385,72,80,24,0,0,0,0,0,0,7,0,0,0,0,0,0,0,0,0,4,0,81,200,0,22,891,0,0,,,,,,,,
171,Internal,0,0,58190,47,22.0,12.0,0,222,0,0,0,74,0,0,0,0,0,0,0,0,0,0,0,0,0,0,0,0,4,544,81,200,56,33,82,0,0,,,,,,,,
172,Internal,22,49,95580,54,11.6,21.1,0,0,2,0,0,48,0,0,0,0,0,0,1,0,0,0,0,0,0,0,0,0,4,0,81,0,0,316,0,0,0,,,,,,,,
173,Internal,0,0,58190,47,22.0,12.0,25,0,0,0,0,15,0,0,0,0,0,0,0,0,0,0,0,0,0,0,0,0,4,0,0,200,0,0,574,0,0,,,,,,,,
174,Internal,359,494,95580,54,11.6,21.1,5,4,27,0,0,48,0,0,0,0,0,6,335,7,0,0,0,0,0,0,0,0,0,0,0,0,0,0,0,0,0,,,,,,,,
175,Internal,615,1477,44250,54,20.9,3.5,26,49,104,27,133,75,0,0,0,0,0,25,52,4,0,0,0,0,0,0,0,0,0,0,0,0,0,0,0,0,0,,,,,,,,
176,Internal,17,38,95580,54,11.6,21.1,0,0,100,0,0,72,0,0,0,0,0,0,4,0,0,0,0,0,0,0,0,0,4,0,0,200,0,0,183,0,0,,,,,,,,
177,Internal,220,333,29267,52,13.6,17.7,63,396,114,0,164,14,0,0,0,0,0,0,182,4,0,0,0,0,0,0,0,0,3,386,0,150,333,0,619,0,0,,,,,,,,
178,Internal,0,0,29267,52,13.6,17.7,5,27,35,24,15,72,0,0,0,0,0,0,0,0,0,0,0,0,0,0,0,0,3,386,0,150,49,0,10,0,0,,,,,,,,
179,Internal,4,12,29267,52,13.6,17.7,3,104,214,72,0,48,0,0,0,0,0,0,0,0,0,0,0,0,0,0,0,0,3,386,0,150,256,0,52,0,0,,,,,,,,
180,Internal,262,367,29267,52,13.6,17.7,0,22,100,19,0,53,0,0,0,0,0,0,6,4,0,0,0,0,131,0,0,0,0,0,0,0,0,0,0,0,0,,,,,,,,
181,Internal,129,169,29267,52,13.6,17.7,0,2,267,20,0,53,0,0,0,0,0,0,109,4,0,0,0,0,0,0,0,0,3,386,0,150,79,0,16,0,0,,,,,,,,
182,Internal,114,253,29267,52,13.6,17.7,7,0,26,55,0,66,0,0,0,0,0,0,34,0,0,0,0,0,391,0,0,0,0,0,0,0,0,0,0,0,0,,,,,,,,
183,Internal,309,354,29267,52,13.6,17.7,2,12,15,7,0,53,0,0,0,0,0,0,133,0,0,0,0,0,0,0,0,0,0,0,0,0,0,0,0,0,0,,,,,,,,
184,Internal,65,89,29267,52,13.6,17.7,19,104,75,4,0,58,0,0,0,0,0,0,0,0,0,0,0,0,0,0,0,0,3,386,0,0,109,0,0,0,0,,,,,,,,
185,Internal,4,7,29267,52,13.6,17.7,0,58,35,0,0,12,0,0,0,0,0,0,0,0,0,0,0,0,477,0,0,0,0,0,0,0,0,0,0,0,0,,,,,,,,
186,Internal,200,479,90833,52,19.4,18.2,0,0,23,22,0,53,0,0,0,0,0,0,8,0,0,0,0,0,0,0,0,0,0,0,0,0,0,0,0,0,0,,,,,,,,
187,Internal,9,23,90833,52,19.4,18.2,0,9,12,8,65,4,0,0,0,0,0,0,1,4,0,0,0,0,0,0,0,0,0,0,0,0,0,0,0,0,0,,,,,,,,
188,Internal,81,182,90833,52,19.4,18.2,0,56,1,0,0,53,0,0,0,0,0,6,3,0,0,0,0,0,222,0,0,0,0,0,0,0,0,0,0,0,0,,,,,,,,
189,Internal,41,102,90833,52,19.4,18.2,0,0,3,0,0,53,0,0,0,0,0,0,1,0,0,0,0,0,0,0,0,0,0,0,0,0,0,0,0,0,0,,,,,,,,
190,Internal,65,154,90833,52,19.4,18.2,0,1,16,17,5,53,0,0,0,0,0,6,13,0,0,0,0,0,0,0,0,0,0,0,0,0,0,0,0,0,0,,,,,,,,
191,Internal,86,251,90833,52,19.4,18.2,0,0,33,0,0,53,0,0,0,0,0,6,8,0,0,0,0,0,0,0,0,0,0,0,0,0,0,0,0,0,0,,,,,,,,
192,Internal,450,1063,72344,52,21.0,12.0,23,16,134,17,38,19,0,0,0,0,0,12,8,18,0,0,0,0,0,0,0,0,0,0,0,0,0,0,0,0,0,,,,,,,,
193,Internal,85,237,72344,52,21.0,12.0,0,8,36,0,0,53,0,0,0,0,0,6,7,0,0,0,0,0,0,0,0,0,0,0,0,0,0,0,0,0,0,,,,,,,,
194,Internal,0,0,64837,65,8.8,10.5,59,25,142,12,5,50,0,0,0,0,0,0,0,0,0,0,0,0,0,0,0,0,3,386,0,150,56,0,11,0,0,,,,,,,,
195,Internal,17,28,64837,65,8.8,10.5,220,337,153,4,168,51,0,0,0,0,0,0,4,0,0,0,0,0,0,0,0,0,3,515,0,150,580,0,117,0,0,,,,,,,,
196,Internal,148,206,64837,65,8.8,10.5,10,26,184,38,18,30,0,0,0,0,0,0,1,0,0,0,0,0,0,0,0,0,3,600,0,150,67,0,14,0,0,,,,,,,,
197,Internal,1,5,64837,65,8.8,10.5,4,244,229,15,25,28,0,0,0,0,0,0,0,0,0,0,0,0,0,0,0,0,0,0,0,0,0,0,0,0,0,,,,,,,,
198,Internal,31,61,64837,65,8.8,10.5,60,142,125,39,38,34,0,0,0,0,0,0,1,0,0,0,0,0,0,0,0,0,3,386,0,150,401,0,81,0,0,,,,,,,,
199,Internal,7,9,64837,65,8.8,10.5,0,194,297,35,14,69,0,0,0,0,0,0,0,0,0,0,0,0,0,0,0,0,3,386,0,150,337,0,68,0,0,,,,,,,,
200,Internal,3,9,64837,65,8.8,10.5,19,68,86,80,39,41,0,0,0,0,0,0,0,0,0,0,0,0,0,0,0,0,3,386,0,150,19,0,4,0,0,,,,,,,,
201,Internal,3,9,64837,65,8.8,10.5,3,1100,109,37,20,72,0,0,0,0,0,0,0,0,0,0,0,0,0,0,0,0,3,386,0,150,142,0,29,0,0,,,,,,,,
202,Internal,2,18,64837,65,8.8,10.5,0,221,99,88,0,67,0,0,0,0,0,0,0,0,0,0,0,0,0,0,0,0,3,386,0,150,475,0,96,0,0,,,,,,,,
203,Internal,1,10,64837,65,8.8,10.5,15,19,150,0,7,42,0,0,0,0,0,0,0,0,0,0,0,0,0,0,0,0,3,386,0,150,15,0,3,0,0,,,,,,,,
204,Internal,1,17,64837,65,8.8,10.5,0,37,194,644,3,48,0,0,0,0,0,0,0,0,0,0,0,0,0,0,0,0,3,386,0,150,188,0,38,0,0,,,,,,,,
205,Internal,0,0,64837,65,8.8,10.5,0,0,78,44,0,91,0,0,0,0,0,0,0,0,0,0,0,0,0,0,0,0,0,0,0,0,0,0,0,0,0,,,,,,,,
206,Internal,174,206,64837,65,8.8,10.5,0,0,28,20,0,49,0,0,0,0,0,0,13,0,0,0,0,0,0,0,0,0,3,386,0,0,405,0,0,0,0,,,,,,,,
207,Internal,228,340,64837,65,8.8,10.5,15,28,4,0,44,62,0,0,0,0,0,0,221,0,0,0,0,0,0,0,0,0,3,386,0,150,226,0,45,0,0,,,,,,,,
208,Internal,0,0,64837,65,8.8,10.5,0,172,0,0,0,49,0,0,0,0,0,0,1,0,0,0,0,0,1744,0,0,0,3,386,0,0,112,0,0,0,0,,,,,,,,
209,Internal,51,152,64837,65,8.8,10.5,46,31,131,37,129,11,0,0,0,0,0,0,13,0,0,0,0,0,0,0,0,0,3,386,0,150,261,0,53,0,0,,,,,,,,
210,Internal,251,386,64837,65,8.8,10.5,0,309,13,0,0,52,0,0,0,0,0,0,165,0,0,0,0,0,0,0,0,0,0,0,0,0,0,0,0,0,0,,,,,,,,
211,Internal,40,71,64837,65,8.8,10.5,8,927,49,7,43,38,0,0,0,0,0,0,8,0,0,0,0,0,0,0,0,0,3,386,0,150,321,0,594,0,0,,,,,,,,
212,Internal,0,0,64837,65,8.8,10.5,86,16,182,0,70,28,0,0,0,0,0,0,0,0,0,0,0,0,0,0,0,0,3,386,0,0,151,0,0,0,0,,,,,,,,
213,Internal,8,39,64837,65,8.8,10.5,11,171,73,0,0,44,0,0,0,0,0,0,0,0,0,0,0,0,0,0,0,0,3,386,0,150,95,0,19,0,0,,,,,,,,
214,Internal,76,91,64837,65,8.8,10.5,0,0,33,0,60,60,0,0,0,0,0,0,28,0,0,0,0,0,0,0,0,0,3,386,0,150,155,0,31,0,0,,,,,,,,
215,Internal,115,231,64837,65,8.8,10.5,19,73,12,0,17,45,0,0,0,0,0,0,13,0,0,0,0,0,0,0,0,0,3,386,0,150,225,0,45,0,0,,,,,,,,
216,Internal,28,31,64837,65,8.8,10.5,6,0,68,102,56,19,0,0,0,0,0,0,3,0,0,0,0,0,0,0,0,0,3,386,0,150,507,0,102,0,0,,,,,,,,
217,Internal,251,375,64837,65,8.8,10.5,89,100,63,0,22,29,0,0,0,0,0,0,25,0,0,0,0,0,0,0,0,0,0,0,0,0,0,0,0,0,0,,,,,,,,
218,Internal,154,320,64837,65,8.8,10.5,24,32,76,1,11,15,0,0,0,0,0,0,18,11,0,0,0,0,0,0,0,0,3,386,0,150,36,0,7,0,0,,,,,,,,
219,Internal,0,0,64837,65,8.8,10.5,39,125,55,75,0,48,0,0,0,0,0,0,0,0,0,0,0,0,0,0,0,0,3,386,0,150,177,0,36,0,0,,,,,,,,
220,Internal,0,0,64837,65,8.8,10.5,73,0,17,0,29,13,0,0,0,0,0,0,0,0,0,0,0,0,0,0,0,0,3,386,0,150,84,0,17,0,0,,,,,,,,
221,Internal,0,0,64837,65,8.8,10.5,22,2,17,2,0,32,0,0,0,0,0,0,0,0,0,0,0,0,0,0,0,0,3,386,0,150,34,0,7,0,0,,,,,,,,
222,Internal,69,177,25189,39,28.9,9.3,7,0,14,4,0,37,0,0,0,0,0,0,1,0,0,0,0,0,0,0,0,0,0,0,0,0,0,0,0,0,0,,,,,,,,
223,Internal,57,189,25189,39,28.9,9.3,0,0,0,0,0,29,0,0,0,0,0,0,0,0,0,0,0,0,0,0,0,0,0,0,0,0,0,0,0,0,0,,,,,,,,
224,Internal,93,255,25189,39,28.9,9.3,0,0,0,0,0,29,0,0,0,0,0,0,0,0,0,0,0,0,0,0,0,0,0,0,0,0,0,0,0,0,0,,,,,,,,
225,Internal,97,242,25189,39,28.9,9.3,24,56,55,12,2,29,0,0,0,0,0,0,1,0,0,0,0,0,0,0,0,0,0,0,0,0,0,0,0,0,0,,,,,,,,
226,Internal,69,152,37107,39,21.3,18.1,0,48,1,0,0,29,0,0,0,0,0,0,1,4,0,0,0,0,204,0,0,0,0,0,0,0,0,0,0,0,0,,,,,,,,
227,Internal,117,262,37107,39,21.3,18.1,0,7,3,2,5,29,0,0,0,0,0,0,4,4,0,0,0,0,0,0,0,0,0,0,0,0,0,0,0,0,0,,,,,,,,
228,Internal,120,316,37107,39,21.3,18.1,0,2,0,0,0,29,0,0,0,0,0,0,7,0,0,0,0,0,0,0,0,0,0,0,0,0,0,0,0,0,0,,,,,,,,
229,Internal,64,183,37107,39,21.3,18.1,0,0,4,0,0,29,0,0,0,0,0,0,6,4,0,0,0,0,0,0,0,0,0,0,0,0,0,0,0,0,0,,,,,,,,
230,Internal,4,4,37107,39,21.3,18.1,0,0,0,0,0,29,0,0,0,0,0,0,0,0,0,0,0,0,0,0,0,0,0,0,0,0,0,0,0,0,0,,,,,,,,
231,Internal,27,41,37107,39,21.3,18.1,3,0,4,0,3,29,0,0,0,0,0,0,1,0,0,0,0,0,0,0,0,0,0,0,0,0,0,0,0,0,0,,,,,,,,
232,Internal,94,272,40217,38,15.7,8.1,3,9,10,0,3,35,0,0,0,0,0,0,1,4,0,0,0,0,331,0,0,0,0,0,0,0,0,0,0,0,0,,,,,,,,
233,Internal,67,207,40217,38,15.7,8.1,0,4,23,10,13,35,0,0,0,0,0,0,1,0,0,0,0,0,0,0,0,0,0,0,0,0,0,0,0,0,0,,,,,,,,
234,Internal,75,173,40217,38,15.7,8.1,0,0,4,0,0,35,0,0,0,0,0,0,0,4,0,0,0,0,0,0,0,0,0,0,0,0,0,0,0,0,0,,,,,,,,
235,Internal,11,27,40217,38,15.7,8.1,0,87,0,0,5,35,0,0,0,0,0,0,0,0,0,0,0,0,524,0,0,0,0,0,0,0,0,0,0,0,0,,,,,,,,
236,Internal,108,221,40217,38,15.7,8.1,5,60,35,16,0,35,0,0,0,0,0,0,0,4,0,0,0,0,140,0,0,0,0,0,0,0,0,0,0,0,0,,,,,,,,
237,Internal,140,359,24847,38,26.1,9.0,0,62,13,1,0,35,0,0,0,0,0,0,0,4,0,0,0,0,309,0,0,0,0,0,0,0,0,0,0,0,0,,,,,,,,
238,Internal,133,357,24847,38,26.1,9.0,7,4,8,4,2,35,0,0,0,0,0,0,1,7,0,0,0,0,627,0,0,0,0,0,0,0,0,0,0,0,0,,,,,,,,
239,Internal,115,376,24847,38,26.1,9.0,2,9,2,0,2,35,0,0,0,0,0,0,0,0,0,0,0,0,0,0,0,0,0,0,0,0,0,0,0,0,0,,,,,,,,
240,Internal,163,459,24847,38,26.1,9.0,0,4,0,0,0,35,0,0,0,0,0,0,1,11,0,0,0,0,0,0,0,0,0,0,0,0,0,0,0,0,0,,,,,,,,
241,Internal,208,672,39423,38,26.5,7.2,50,0,18,13,3,35,0,0,0,0,0,0,1,0,0,0,0,0,0,0,0,0,0,0,0,0,0,0,0,0,0,,,,,,,,
242,Internal,66,250,39423,38,26.5,7.2,36,12,39,0,49,51,0,0,0,0,0,0,0,0,0,0,0,0,0,0,0,0,0,0,0,0,0,0,0,0,0,,,,,,,,
243,Internal,117,274,39423,38,26.5,7.2,0,7,0,3,0,35,0,0,0,0,0,0,0,0,0,0,0,0,0,0,0,0,0,0,0,0,0,0,0,0,0,,,,,,,,
244,Internal,0,0,39423,38,26.5,7.2,21,10,21,0,0,35,0,0,0,0,0,0,0,0,0,0,0,0,0,0,0,0,0,0,0,0,0,0,0,0,0,,,,,,,,
245,Internal,94,228,39423,38,26.5,7.2,0,108,4,0,0,35,0,0,0,0,0,0,0,0,0,0,0,0,0,0,0,0,0,0,0,0,0,0,0,0,0,,,,,,,,
246,Internal,2,39,39423,38,26.5,7.2,0,0,0,0,0,35,0,0,0,0,0,0,0,0,0,0,0,0,0,0,0,0,0,0,0,0,0,0,0,0,0,,,,,,,,
247,Internal,157,464,20590,43,36.8,5.8,63,12,76,8,30,42,0,0,0,0,0,0,0,7,0,0,0,0,0,0,0,0,0,0,0,0,0,0,0,0,0,,,,,,,,
248,Internal,214,710,20590,43,36.8,5.8,0,1,121,74,20,12,0,0,0,0,0,0,0,14,0,0,0,0,0,0,0,0,0,0,0,0,0,0,0,0,0,,,,,,,,
249,Internal,137,484,20590,43,36.8,5.8,2,15,70,0,181,5,0,0,0,0,0,0,4,0,0,0,0,0,0,0,0,0,0,0,0,0,0,0,0,0,0,,,,,,,,
250,Internal,180,549,20590,43,36.8,5.8,0,3,13,5,0,15,0,0,0,0,0,0,0,11,0,0,0,0,0,0,0,0,0,0,0,0,0,0,0,0,0,,,,,,,,
251,Internal,343,852,20590,43,36.8,5.8,20,10,46,21,6,15,0,0,0,0,0,0,0,11,0,0,0,0,0,0,0,0,0,0,0,0,0,0,0,0,0,,,,,,,,
252,Internal,28,142,16750,43,30.5,10.8,24,31,33,37,29,20,0,0,0,0,0,0,0,0,0,0,0,0,0,0,0,0,0,0,0,0,0,0,0,0,0,,,,,,,,
253,Internal,107,334,16750,43,30.5,10.8,4,8,1,0,5,53,0,0,0,0,0,0,0,14,0,0,0,0,0,0,0,0,0,0,0,0,0,0,0,0,0,,,,,,,,
254,Internal,176,370,16750,43,30.5,10.8,2,8,87,16,100,8,0,0,0,0,0,0,0,4,0,0,0,0,0,0,0,0,0,0,0,0,0,0,0,0,0,,,,,,,,
255,Internal,141,390,30580,43,23.5,6.9,0,3,1,0,0,15,0,0,0,0,0,0,3,4,0,0,0,0,0,0,0,0,0,0,0,0,0,0,0,0,0,,,,,,,,
256,Internal,117,305,30580,43,23.5,6.9,0,5,30,0,3,15,0,0,0,0,0,0,0,0,0,0,0,0,0,0,0,0,0,0,0,0,0,0,0,0,0,,,,,,,,
257,Internal,72,155,30580,43,23.5,6.9,0,0,42,0,0,15,0,0,0,0,0,0,0,0,0,0,0,0,0,0,0,0,0,0,0,0,0,0,0,0,0,,,,,,,,
258,Internal,84,228,27143,43,28.6,4.1,2,0,26,0,10,14,0,0,0,0,0,0,0,0,0,0,0,0,0,0,0,0,0,0,0,0,0,0,0,0,0,,,,,,,,
259,Internal,154,490,27143,43,28.6,4.1,12,4,7,0,18,15,0,0,0,0,0,0,0,0,0,0,0,0,0,0,0,0,0,0,0,0,0,0,0,0,0,,,,,,,,
260,Internal,235,646,27143,43,28.6,4.1,0,4,46,7,0,15,0,0,0,0,0,0,1,11,0,0,0,0,0,0,0,0,0,0,0,0,0,0,0,0,0,,,,,,,,
261,Internal,65,216,23426,39,31.9,11.5,0,0,0,60,0,24,0,0,0,0,0,0,1,0,0,0,0,0,8,0,0,0,0,0,0,0,0,0,0,0,0,,,,,,,,
262,Internal,80,234,23426,39,31.9,11.5,0,2,22,2,0,24,0,0,0,0,0,0,10,4,0,0,0,0,0,0,0,0,0,0,0,0,0,0,0,0,0,,,,,,,,
263,Internal,114,320,23426,39,31.9,11.5,0,2,15,0,5,19,0,0,0,0,0,0,0,0,0,0,0,0,0,0,0,0,0,0,0,0,0,0,0,0,0,,,,,,,,
264,Internal,5,26,23426,39,31.9,11.5,142,24,0,10,0,19,0,0,0,0,0,0,0,0,0,0,0,0,0,0,0,0,0,0,0,0,0,0,0,0,0,,,,,,,,
265,Internal,874,1931,47413,56,15.8,10.5,3,6,61,0,0,26,0,0,0,0,0,71,129,26,0,0,0,0,0,0,0,0,0,0,0,0,0,0,0,0,0,,,,,,,,
266,Internal,165,505,23426,39,31.9,11.5,0,2,0,0,0,24,0,0,0,0,0,0,1,4,0,0,0,0,0,0,0,0,0,0,0,0,0,0,0,0,0,,,,,,,,
267,Internal,61,136,23426,39,31.9,11.5,0,0,0,0,0,24,0,0,0,0,0,0,0,4,0,0,0,0,0,0,0,0,3,386,0,150,196,0,40,0,0,,,,,,,,
268,Internal,50,106,23426,39,31.9,11.5,22,132,64,15,21,19,0,0,0,0,0,0,1,4,0,0,0,0,0,0,0,0,3,386,0,150,186,0,37,0,0,,,,,,,,
269,Internal,228,420,23426,39,31.9,11.5,3,0,6,4,0,24,0,0,0,0,0,0,0,0,0,0,0,0,0,0,0,0,3,386,0,150,119,0,24,0,0,,,,,,,,
270,Internal,68,157,21810,39,21.6,15.3,23,8,17,0,0,43,0,0,0,0,0,0,0,4,0,0,0,0,0,0,0,0,0,0,0,0,0,0,0,0,0,,,,,,,,
271,Internal,79,266,21810,39,21.6,15.3,12,6,14,12,0,0,0,0,0,0,0,0,3,7,0,0,0,0,0,0,0,0,0,0,0,0,0,0,0,0,0,,,,,,,,
272,Internal,3,9,21810,39,21.6,15.3,26,37,0,0,0,51,0,0,0,0,0,0,0,0,0,0,0,0,0,0,0,0,0,0,0,0,0,0,0,0,0,,,,,,,,
273,Internal,3,38,21810,39,21.6,15.3,2,551,19,0,22,32,0,0,0,0,0,0,0,0,0,0,0,0,0,0,0,0,3,386,0,150,59,0,100,0,0,,,,,,,,
274,Internal,4,14,21810,39,21.6,15.3,0,6,0,3,9,24,0,0,0,0,0,0,0,0,0,0,0,0,0,0,0,0,0,0,0,0,0,0,0,0,0,,,,,,,,
275,Internal,218,333,21810,39,21.6,15.3,12,110,26,0,6,13,0,0,0,0,0,0,0,0,0,0,0,0,0,0,0,0,0,0,0,0,0,0,0,0,0,,,,,,,,
276,Internal,40,131,21810,39,21.6,15.3,0,4,6,7,9,24,0,0,0,0,0,0,0,7,0,0,0,0,0,0,0,0,0,0,0,0,0,0,0,0,0,,,,,,,,
277,Internal,96,263,21810,39,21.6,15.3,0,0,4,0,0,24,0,0,0,0,0,0,0,0,0,0,0,0,0,0,0,0,0,0,0,0,0,0,0,0,0,,,,,,,,
278,Internal,0,0,21810,39,21.6,15.3,40,1,5,0,0,42,0,0,0,0,0,0,0,0,0,0,0,0,0,0,0,0,0,0,0,0,0,0,0,0,0,,,,,,,,
279,Internal,56,137,21810,39,21.6,15.3,96,0,0,22,0,24,0,0,0,0,0,0,0,0,0,0,0,0,0,0,0,0,0,0,0,0,0,0,0,0,0,,,,,,,,
280,Internal,191,413,30240,41,22.3,9.5,136,2,56,4,12,34,0,0,0,0,0,0,1,4,0,0,0,0,0,0,0,0,0,0,0,0,0,0,0,0,0,,,,,,,,
281,Internal,123,309,24821,35,23.5,15.1,0,14,1,0,14,52,0,0,0,0,0,0,8,7,0,0,0,0,0,0,0,0,0,0,0,0,0,0,0,0,0,,,,,,,,
282,Internal,56,85,24821,35,23.5,15.1,0,0,18,34,5,52,0,0,0,0,0,0,68,0,0,0,0,0,0,0,0,0,3,386,0,150,43,0,9,0,0,,,,,,,,
283,Internal,109,307,24821,35,23.5,15.1,0,0,0,0,0,52,0,0,0,0,0,0,0,7,0,0,0,0,0,0,0,0,0,0,0,0,0,0,0,0,0,,,,,,,,
284,Internal,102,140,29267,52,13.6,17.7,218,1046,496,70,198,68,0,0,0,0,0,0,0,4,0,0,0,0,0,0,50,0,0,0,0,0,0,0,0,0,0,,,,,,,,
285,Internal,3,8,24821,35,23.5,15.1,117,447,210,304,108,57,0,0,0,0,0,0,0,0,0,0,0,0,0,0,0,0,3,386,0,150,81,0,16,0,0,,,,,,,,
286,Internal,1,13,24821,35,23.5,15.1,0,676,9,311,0,28,0,0,0,0,0,0,0,0,0,0,0,0,0,0,0,0,3,386,0,200,711,0,143,0,0,,,,,,,,
287,Internal,0,0,24821,35,23.5,15.1,29,70,137,0,0,92,0,0,0,0,0,0,0,0,0,0,0,0,0,0,0,0,3,386,0,150,378,0,76,0,0,,,,,,,,
288,Internal,267,383,24821,35,23.5,15.1,0,0,0,0,21,52,0,0,0,0,0,0,0,0,0,0,0,0,0,0,0,0,0,0,0,0,0,0,0,0,0,,,,,,,,
289,Internal,52,137,50055,35,50.0,4.1,0,15,1,0,2,52,0,0,0,0,0,0,0,0,0,0,0,0,0,0,0,0,0,0,0,0,0,0,0,0,0,,,,,,,,
290,Internal,24,60,50055,35,50.0,4.1,5,11,39,0,15,52,0,0,0,0,0,0,1,0,0,0,0,0,0,0,0,0,0,0,0,0,0,0,0,0,0,,,,,,,,
291,Internal,0,0,50055,35,50.0,4.1,0,12,16,3,30,8,0,0,0,0,0,0,0,0,0,0,0,0,0,0,0,0,0,0,0,0,0,0,0,0,0,,,,,,,,
292,Internal,244,344,50055,35,50.0,4.1,0,0,128,0,0,55,0,0,0,0,0,0,64,0,0,0,0,0,0,0,0,0,3,0,0,150,0,0,13,0,0,,,,,,,,
293,Internal,10,58,50055,35,50.0,4.1,88,6,0,36,12,21,0,0,0,0,0,0,0,0,0,0,0,0,0,0,0,0,0,0,0,0,0,0,0,0,0,,,,,,,,
294,Internal,207,342,50055,35,50.0,4.1,4,16,37,0,81,9,0,0,0,0,0,0,0,22,0,0,0,0,0,0,0,0,3,386,0,150,260,0,52,0,0,,,,,,,,
295,Internal,109,277,30240,41,22.3,9.5,7,56,302,9,3,35,0,0,0,0,0,0,0,7,0,0,0,0,0,0,0,0,0,0,0,0,0,0,0,0,0,,,,,,,,
296,Internal,114,249,30240,41,22.3,9.5,0,0,1,0,0,34,0,0,0,0,0,0,10,7,0,0,0,0,0,0,0,0,0,0,0,0,0,0,0,0,0,,,,,,,,
297,Internal,105,204,30240,41,22.3,9.5,0,0,3,0,0,34,0,0,0,0,0,0,0,4,0,0,0,0,0,0,0,0,0,0,0,0,0,0,0,0,0,,,,,,,,
298,Internal,184,374,30240,41,22.3,9.5,0,112,20,35,9,34,0,0,0,0,0,0,1,7,0,0,0,0,0,0,0,0,0,0,0,0,0,0,0,0,0,,,,,,,,
299,Internal,279,522,20152,41,24.1,18.0,2,436,41,10,8,6,0,0,0,34,0,0,0,25,0,0,0,63,0,0,0,0,0,0,0,0,0,0,0,0,0,,,,,,,,
300,Internal,149,415,20152,41,24.1,18.0,80,487,10,15,8,48,0,0,0,679,0,0,1,11,0,0,0,110,257,0,0,0,0,0,0,0,0,0,0,0,0,,,,,,,,
301,Internal,22,77,20152,41,24.1,18.0,0,1992,42,72,12,51,0,0,0,1718,0,0,1,40,0,0,0,693,385,0,0,0,6,172,56,250,220,102,4,0,0,,,,,,,,
302,Internal,250,596,42292,41,15.5,12.4,3,4,51,7,22,48,0,0,0,0,0,0,10,18,0,0,0,0,0,0,0,0,6,172,56,250,1496,525,39,0,0,,,,,,,,
303,Internal,119,339,28942,33,33.4,11.5,6,128,15,29,21,6,0,0,0,0,0,0,1,7,0,0,0,0,708,0,0,0,0,0,0,0,0,0,0,0,0,,,,,,,,
304,Internal,972,2244,28942,33,33.4,11.5,3,14,49,33,55,7,0,0,0,0,0,6,1,25,0,0,0,0,35,0,0,0,0,0,0,0,0,0,0,0,0,,,,,,,,
305,Internal,270,773,34643,26,16.4,17.6,0,2,12,0,42,35,0,0,0,0,0,0,3,11,0,0,0,0,0,0,0,0,0,0,0,0,0,0,0,0,0,,,,,,,,
306,Internal,63,163,12599,26,46.8,5.4,0,5,9,0,11,35,0,0,0,0,0,0,0,4,0,0,0,0,0,0,0,0,0,0,0,0,0,0,0,0,0,,,,,,,,
307,Internal,3,15,12599,26,46.8,5.4,260,0,7,0,0,62,0,0,0,0,0,0,0,0,0,0,0,0,0,0,0,0,0,0,0,0,0,0,0,0,0,,,,,,,,
308,Internal,92,270,12599,26,46.8,5.4,6,5,354,907,4,30,0,0,0,0,0,0,0,4,0,0,0,0,182,0,0,0,0,0,0,0,0,0,0,0,0,,,,,,,,
309,Internal,503,1411,12599,26,46.8,5.4,0,100,56,21,5,35,0,0,0,0,0,0,0,4,0,0,0,0,358,0,0,0,0,0,0,0,0,0,0,0,0,,,,,,,,
310,Internal,39,76,12599,26,46.8,5.4,23,2,4,0,0,17,0,0,0,0,0,0,0,0,0,0,0,0,0,0,0,0,0,0,0,0,0,0,0,0,0,,,,,,,,
311,Internal,0,0,58190,47,22.0,12.0,0,1631,0,0,0,74,0,0,0,0,0,0,31,0,0,0,766,0,0,0,0,0,4,544,0,200,422,0,26,0,0,,,,,,,,
312,Internal,639,1162,32196,43,2.5,2.5,5,0,173,0,0,45,0,0,0,0,0,12,243,12,0,0,0,0,0,0,0,0,0,0,0,0,0,0,0,0,0,,,,,,,,
313,Internal,334,830,75288,51,17.2,19.8,0,19,56,0,0,1,0,0,0,0,0,0,2,8,0,0,0,0,0,0,0,0,0,0,0,0,0,0,0,0,0,,,,,,,,
314,Internal,311,772,61840,48,21.5,17.7,11,14,46,0,0,26,0,0,0,0,0,0,1,2,0,0,0,0,0,0,0,0,0,0,0,0,0,0,0,0,0,,,,,,,,
315,Internal,68,167,47090,44,30.6,8.3,62,22,75,35,549,8,0,0,0,0,0,0,1,2,0,0,0,0,0,0,0,0,0,0,0,0,0,0,0,0,0,,,,,,,,
316,Internal,1,2,58190,47,22.0,12.0,0,166,0,0,3,74,0,0,0,0,0,6,3,0,0,0,0,0,0,0,0,0,4,75,81,200,1489,230,395,0,0,,,,,,,,
317,Internal,639,1162,27697,43,26.8,6.4,0,0,0,0,0,25,0,0,0,0,0,13,243,13,0,0,0,0,0,0,0,0,0,0,0,0,0,0,0,0,0,,,,,,,,
318,Internal,1,2,27697,43,26.8,6.4,0,0,0,0,0,23,0,0,0,0,0,0,0,0,0,0,0,0,0,0,0,0,0,0,0,0,0,0,0,0,0,,,,,,,,
319,Internal,0,0,27697,43,26.8,6.4,0,816,270,65,30,23,0,0,0,0,0,0,6,0,0,0,0,0,0,0,0,0,4,267,0,200,1923,0,23,0,0,,,,,,,,
320,Internal,121,322,27697,43,26.8,6.4,0,11,31,37,1,23,0,0,0,0,0,0,22,4,0,0,0,0,0,0,0,0,4,267,0,0,170,0,0,0,0,,,,,,,,
321,Internal,0,0,27697,43,26.8,6.4,3,408,4336,3,53,38,0,0,0,0,0,0,0,0,0,0,0,0,0,0,0,0,4,544,0,0,1014,0,0,0,0,,,,,,,,
322,Internal,133,195,29942,43,13.3,16.6,0,36,663,139,0,23,0,0,0,0,0,0,1,0,0,0,0,0,0,0,0,0,4,273,0,200,145,0,498,0,0,,,,,,,,
323,Internal,391,728,30625,43,10.1,2.5,3,10,64,1,0,31,0,0,0,0,0,25,362,22,0,0,0,0,0,0,0,0,0,0,0,0,0,0,0,0,0,,,,,,,,
324,Internal,566,1115,30625,43,10.1,2.5,3,10,68,256,54,20,0,0,0,0,0,19,493,4,0,0,0,0,0,0,0,0,4,0,81,0,0,75,0,0,0,,,,,,,,
325,Internal,464,887,30625,43,10.1,2.5,20,43,421,0,58,17,0,0,0,0,0,19,229,0,0,0,0,0,0,0,0,0,4,267,0,0,173,0,0,0,0,,,,,,,,
326,Internal,14,36,58190,50,22.0,12.0,0,984,0,15,56,0,0,0,1825,0,0,0,0,0,0,0,526,0,0,0,0,0,4,544,81,200,159,639,17,0,0,,,,,,,,
327,Internal,135,314,93365,51,14.7,19.5,0,88,10,0,0,16,0,0,0,0,0,0,0,0,0,0,0,0,507,0,0,0,0,0,0,0,0,0,0,0,0,,,,,,,,
328,Internal,129,360,93365,51,14.7,19.5,13,88,138,12,0,27,0,0,0,0,0,0,0,4,0,0,0,0,491,0,38,0,0,0,0,0,0,0,0,0,0,,,,,,,,
329,Internal,225,586,93365,51,14.7,19.5,21,12,4,0,0,16,0,0,0,0,0,0,0,4,0,0,0,0,0,0,0,0,0,0,0,0,0,0,0,0,0,,,,,,,,
330,Internal,6,24,93365,51,14.7,19.5,0,0,0,0,0,16,0,0,0,0,0,0,1,0,0,0,0,0,0,0,0,0,0,0,0,0,0,0,0,0,0,,,,,,,,
331,Internal,575,1483,79500,51,25.8,15.8,2,16,18,5,8,16,0,0,0,0,0,0,1,7,0,0,0,0,0,0,0,0,0,0,0,0,0,0,0,0,0,,,,,,,,
332,Internal,457,1102,79500,51,25.8,15.8,2,11,53,0,3,16,0,0,0,0,0,0,8,14,0,0,0,0,0,0,0,0,0,0,0,0,0,0,0,0,0,,,,,,,,
333,Internal,131,365,79500,51,25.8,15.8,2,4,56,2,41,11,0,0,0,0,0,0,1,4,0,0,0,0,0,0,0,0,0,0,0,0,0,0,0,0,0,,,,,,,,
334,Internal,143,356,75288,51,17.2,19.8,0,5,0,0,0,16,0,0,0,0,0,0,1,3,0,0,0,0,0,0,0,0,0,0,0,0,0,0,0,0,0,,,,,,,,
335,Internal,175,485,75288,51,17.2,19.8,2,6,1,0,0,6,0,0,0,0,0,0,0,7,0,0,0,0,0,0,0,0,0,0,0,0,0,0,0,0,0,,,,,,,,
336,Internal,161,454,77333,48,20.2,20.8,2,161,27,1,172,15,0,0,0,0,0,0,3,0,0,0,0,0,505,0,0,0,0,0,0,0,0,0,0,0,0,,,,,,,,
337,Internal,313,925,63915,48,26.1,13.5,10,353,82,88,16,36,0,0,0,0,0,0,1,29,0,0,0,0,2830,0,0,0,0,0,0,0,0,0,0,0,0,,,,,,,,
338,Internal,403,982,63915,48,26.1,13.5,3,5,89,0,9,10,0,0,0,0,0,0,1,7,0,0,0,0,0,0,0,0,0,0,0,0,0,0,0,0,0,,,,,,,,
339,Internal,525,1438,63915,48,26.1,13.5,2,8,10,0,11,26,0,0,0,0,0,0,3,14,0,0,0,0,0,0,0,0,0,0,0,0,0,0,0,0,0,,,,,,,,
340,Internal,207,514,61840,48,21.5,17.7,0,38,9,27,3,24,0,0,0,0,0,0,0,2,0,0,0,0,0,0,0,0,0,0,0,0,0,0,0,0,0,,,,,,,,
341,Internal,302,777,144549,48,10.2,23.7,4,19,2,33,0,52,0,0,0,0,0,0,1,0,0,0,0,0,0,0,0,0,0,0,0,0,0,0,0,0,0,,,,,,,,
342,Internal,389,984,144549,48,10.2,23.7,11,36,21,0,3,26,0,0,0,0,0,0,0,0,0,0,0,0,0,0,0,0,0,0,0,0,0,0,0,0,0,,,,,,,,
343,Internal,342,693,90993,46,15.6,27.2,20,29,5,2,3,18,0,0,0,0,0,0,8,4,0,0,0,0,0,0,0,0,0,0,0,0,0,0,0,0,0,,,,,,,,
344,Internal,65,173,90993,46,15.6,27.2,0,5,17,0,0,26,0,0,0,0,0,0,0,0,0,0,0,0,0,0,0,0,0,0,0,0,0,0,0,0,0,,,,,,,,
345,Internal,245,630,90993,46,15.6,27.2,2,17,22,0,0,26,0,0,0,0,0,0,1,7,0,0,0,0,0,0,0,0,0,0,0,0,0,0,0,0,0,,,,,,,,
346,Internal,198,479,90993,46,15.6,27.2,10,0,2,7,0,26,0,0,0,0,0,0,4,0,0,0,0,0,0,0,0,0,0,0,0,0,0,0,0,0,0,,,,,,,,
347,Internal,502,1401,121382,46,18.6,25.9,0,29,13,0,2,50,0,0,0,0,0,0,3,14,0,0,0,0,0,0,0,0,0,0,0,0,0,0,0,0,0,,,,,,,,
348,Internal,435,1105,121382,46,18.6,25.9,0,20,48,0,2,26,0,0,0,0,0,0,1,0,0,0,0,0,0,0,0,0,0,0,0,0,0,0,0,0,0,,,,,,,,
349,Internal,186,430,121382,46,18.6,25.9,0,9,45,0,8,9,0,0,0,0,0,0,1,4,0,0,0,0,0,0,0,0,0,0,0,0,0,0,0,0,0,,,,,,,,
350,Internal,230,577,100893,46,22.1,15.7,53,17,3,0,0,26,0,0,0,0,0,0,0,4,0,0,0,0,0,0,0,0,0,0,0,0,0,0,0,0,0,,,,,,,,
351,Internal,445,1160,100893,46,22.1,15.7,11,28,29,7,18,15,0,0,0,0,0,0,1,11,0,0,0,0,0,0,0,0,0,0,0,0,0,0,0,0,0,,,,,,,,
352,Internal,43,145,72013,44,10.4,41.5,0,46,1032,24,40,33,0,0,0,0,0,0,0,0,0,0,0,0,0,0,0,0,0,0,0,0,0,0,0,0,0,,,,,,,,
353,Internal,327,782,35664,57,25.8,6.9,2,6,70,0,10,50,0,0,0,0,0,0,1,11,0,0,0,0,0,0,0,0,0,0,0,0,0,0,0,0,0,,,,,,,,
354,Internal,96,197,72013,44,10.4,41.5,0,4,0,0,0,29,0,0,0,0,0,0,0,4,0,0,0,0,0,0,0,0,0,0,0,0,0,0,0,0,0,,,,,,,,
355,Internal,76,157,72013,44,10.4,41.5,0,2,3,0,0,29,0,0,0,0,0,0,3,0,0,0,0,0,0,0,0,0,0,0,0,0,0,0,0,0,0,,,,,,,,
356,Internal,88,278,72013,44,10.4,41.5,0,0,0,0,0,29,0,0,0,0,0,0,0,4,0,0,0,0,0,0,0,0,0,0,0,0,0,0,0,0,0,,,,,,,,
357,Internal,185,506,72013,44,10.4,41.5,11,60,129,7,53,19,0,0,0,0,0,0,13,14,0,0,0,0,0,0,0,0,0,0,0,0,0,0,0,0,0,,,,,,,,
358,Internal,117,337,60750,44,14.3,31.7,0,15,40,2,3,28,0,0,0,0,0,0,7,7,0,0,0,0,0,0,0,0,0,0,0,0,0,0,0,0,0,,,,,,,,
359,Internal,284,557,60750,44,14.3,31.7,7,110,670,73,35,51,0,0,0,0,0,0,8,0,0,0,0,0,0,0,0,0,0,0,0,0,0,0,0,0,0,,,,,,,,
360,Internal,300,806,60750,44,14.3,31.7,0,7,53,14,12,28,0,0,0,0,0,0,4,0,0,0,0,0,0,0,0,0,0,0,0,0,0,0,0,0,0,,,,,,,,
361,Internal,404,863,60750,44,14.3,31.7,114,103,345,33,85,22,0,0,0,0,0,0,78,11,0,0,0,0,0,0,0,0,0,0,0,0,0,0,0,0,0,,,,,,,,
362,Internal,79,144,60750,44,14.3,31.7,6,147,407,25,81,31,0,0,0,0,0,0,11,11,0,0,0,0,0,0,0,0,0,0,0,0,0,0,0,0,0,,,,,,,,
363,Internal,296,564,47090,44,30.6,8.3,0,0,119,0,352,28,0,0,0,0,0,0,43,7,0,0,0,0,0,0,0,0,0,0,0,0,0,0,0,0,0,,,,,,,,
364,Internal,203,500,47090,44,30.6,8.3,3,33,347,0,41,11,0,0,0,0,0,0,2,5,0,0,0,0,0,0,0,0,0,0,0,0,0,0,0,0,0,,,,,,,,
365,Internal,94,233,47090,44,30.6,8.3,3,6,2,12,0,7,0,0,0,0,0,0,1,7,0,0,0,0,0,0,0,0,0,0,0,0,0,0,0,0,0,,,,,,,,
366,Internal,583,1287,54224,56,17.1,9.0,101,12,1,1,6,60,0,0,0,0,0,48,86,17,0,0,0,0,0,0,0,0,0,0,0,0,0,0,0,0,0,,,,,,,,
367,Internal,743,1442,47413,56,15.8,10.5,0,0,41,0,11,44,0,0,0,0,0,12,81,18,0,0,0,0,0,0,0,0,0,0,0,0,0,0,0,0,0,,,,,,,,
368,Internal,195,354,54224,56,17.1,9.0,8,2,74,0,2,25,0,0,0,0,0,0,24,4,0,0,0,0,0,0,0,0,0,0,0,0,0,0,0,0,0,,,,,,,,
369,Internal,428,1103,68000,45,21.7,18.8,7,188,65,4,10,49,0,0,0,0,0,0,7,18,0,0,0,0,1692,0,0,0,0,0,0,0,0,0,0,0,0,,,,,,,,
370,Internal,415,913,68000,45,21.7,18.8,0,7,18,0,11,71,0,0,0,0,0,0,22,0,0,0,0,0,0,0,0,0,0,0,0,0,0,0,0,0,0,,,,,,,,
371,Internal,564,1148,101818,45,11.8,46.1,5,2,63,0,8,24,0,0,0,0,0,0,96,4,0,0,0,0,0,0,0,0,0,0,0,0,0,0,0,0,0,,,,,,,,
372,Internal,526,851,101818,45,11.8,46.1,0,0,745,0,1,20,0,0,0,0,0,0,0,0,0,0,0,0,0,0,0,0,0,0,0,0,0,0,0,0,0,,,,,,,,
373,Internal,475,1164,80909,45,8.2,25.3,24,27,7,0,26,34,0,0,0,0,0,0,4,11,0,0,0,0,0,0,0,0,0,0,0,0,0,0,0,0,0,,,,,,,,
374,Internal,700,1657,74313,45,20.3,39.3,19,10,78,0,7,12,0,0,0,0,0,0,14,7,0,0,0,0,0,0,0,0,0,0,0,0,0,0,0,0,0,,,,,,,,
375,Internal,102,272,67054,45,11.2,29.2,14,18,4,8,13,25,0,0,0,0,0,0,8,0,0,0,0,0,0,0,0,0,0,0,0,0,0,0,0,0,0,,,,,,,,
376,Internal,8,22,67054,45,11.2,29.2,43,131,121,81,164,10,0,0,0,0,0,0,1,0,0,0,0,0,0,0,0,0,0,0,0,0,0,0,0,0,0,,,,,,,,
377,Internal,165,231,67054,45,11.2,29.2,129,210,135,0,205,24,0,0,0,0,0,6,21,0,0,0,0,0,0,0,0,0,4,0,0,200,0,0,81,0,0,,,,,,,,
378,Internal,73,134,67054,45,11.2,29.2,175,72,73,22,135,35,0,0,0,0,0,0,0,0,0,0,0,0,203,0,0,0,0,0,0,0,0,0,0,0,0,,,,,,,,
379,Internal,1,4,67054,45,11.2,29.2,441,64,147,32,28,57,0,0,0,0,0,0,0,0,0,0,0,0,0,0,0,0,0,0,0,0,0,0,0,0,0,,,,,,,,
380,Internal,84,158,67054,45,11.2,29.2,182,28,26,7,3,30,0,0,0,0,0,0,6,4,0,0,0,0,0,0,0,0,0,0,0,0,0,0,0,0,0,,,,,,,,
381,Internal,79,231,55729,41,29.9,12.2,9,6,3,0,0,23,0,0,0,0,0,0,0,11,0,0,0,0,0,0,0,0,0,0,0,0,0,0,0,0,0,,,,,,,,
382,Internal,537,1231,55729,41,29.9,12.2,0,40,93,56,160,15,0,0,0,0,0,0,0,13,0,0,0,0,0,0,0,0,0,0,0,0,0,0,0,0,0,,,,,,,,
383,Internal,321,963,55729,41,29.9,12.2,0,16,12,8,0,23,0,0,0,0,0,0,11,25,0,0,0,0,0,0,0,0,0,0,0,0,0,0,0,0,0,,,,,,,,
384,Internal,500,1613,55729,41,29.9,12.2,0,9,23,0,5,23,0,0,0,0,0,0,0,54,0,0,0,0,0,0,0,0,0,0,0,0,0,0,0,0,0,,,,,,,,
385,Internal,143,445,32648,41,41.6,4.4,0,1,9,0,5,35,0,0,0,0,0,0,0,0,0,0,0,0,0,0,0,0,0,0,0,0,0,0,0,0,0,,,,,,,,
386,Internal,176,598,32648,41,41.6,4.4,0,2,3,8,2,35,0,0,0,0,0,0,0,4,0,0,0,0,0,0,0,0,0,0,0,0,0,0,0,0,0,,,,,,,,
387,Internal,337,1091,39375,41,24.5,16.3,0,62,25,12,0,35,0,0,0,0,0,0,1,11,0,0,0,0,110,0,0,0,0,0,0,0,0,0,0,0,0,,,,,,,,
388,Internal,378,941,32297,41,34.4,6.9,24,27,151,0,62,54,0,0,0,0,0,0,0,25,0,0,0,0,0,0,0,0,0,0,0,0,0,0,0,0,0,,,,,,,,
389,Internal,548,1323,32297,41,34.4,6.9,0,0,26,0,0,35,0,0,0,0,0,0,6,22,0,0,0,0,0,0,0,0,0,0,0,0,0,0,0,0,0,,,,,,,,
390,Internal,0,0,32297,41,34.4,6.9,65,127,778,18,0,73,0,0,0,0,0,0,0,0,0,0,0,0,0,0,0,0,0,0,0,0,0,0,0,0,0,,,,,,,,
391,Internal,401,911,32297,41,34.4,6.9,0,0,4,1,0,35,0,0,0,0,0,0,8,18,0,0,0,0,0,0,0,0,0,0,0,0,0,0,0,0,0,,,,,,,,
392,Internal,208,727,32297,41,34.4,6.9,0,4,24,4,5,35,0,0,0,0,0,0,0,7,0,0,0,0,0,0,0,0,0,0,0,0,0,0,0,0,0,,,,,,,,
393,Internal,1,12,32297,41,34.4,6.9,74,203,9,0,0,64,0,0,0,0,0,0,0,0,0,0,0,0,547,0,0,0,0,0,0,0,0,0,0,0,0,,,,,,,,
394,Internal,136,307,47935,50,32.2,8.3,22,2,92,5,79,30,0,0,0,0,0,0,0,7,0,0,0,0,0,0,0,0,0,0,0,0,0,0,0,0,0,,,,,,,,
395,Internal,0,0,47935,50,32.2,8.3,2,35,166,46,483,8,0,0,0,0,0,0,0,0,0,0,0,0,0,0,0,0,0,0,0,0,0,0,0,0,0,,,,,,,,
396,Internal,354,904,47935,50,32.2,8.3,0,149,19,17,3,10,0,0,0,0,0,0,8,13,0,0,0,0,657,0,0,0,0,0,0,0,0,0,0,0,0,,,,,,,,
397,Internal,684,1870,49219,50,24.2,8.0,6,0,21,1,8,10,0,0,0,0,0,0,3,33,0,0,0,0,0,0,0,0,0,0,0,0,0,0,0,0,0,,,,,,,,
398,Internal,191,504,56989,57,17.5,16.3,90,47,51,53,107,28,0,0,0,0,0,0,7,14,0,0,0,0,271,0,0,0,0,0,0,0,0,0,0,0,0,,,,,,,,
399,Internal,328,580,56989,57,17.5,16.3,0,5,2,10,0,20,0,0,0,0,0,0,56,4,0,0,0,0,0,0,0,0,0,0,0,0,0,0,0,0,0,,,,,,,,
400,Internal,648,1431,35664,57,25.8,6.9,0,6,79,0,18,33,0,0,0,0,0,0,0,18,0,0,0,0,0,0,0,0,0,0,0,0,0,0,0,0,0,,,,,,,,
401,Internal,686,1422,38554,57,24.8,7.6,11,100,103,7,289,7,0,0,0,0,0,0,11,22,0,0,0,0,620,0,0,0,0,0,0,0,0,0,0,0,0,,,,,,,,
402,Internal,307,626,38554,57,24.8,7.6,0,0,4,14,0,20,0,0,0,0,0,0,8,25,0,0,0,0,0,0,0,0,0,0,0,0,0,0,0,0,0,,,,,,,,
403,Internal,146,503,78836,43,16.9,7.0,0,16,18,0,8,58,0,0,0,0,0,0,7,25,0,0,0,0,0,0,0,0,0,0,0,0,0,0,0,0,0,,,,,,,,
404,Internal,114,273,78836,43,16.9,7.0,36,36,52,0,5,58,0,0,0,0,0,0,0,7,0,0,0,0,0,0,0,0,0,0,0,0,0,0,0,0,0,,,,,,,,
405,Internal,366,937,78836,43,16.9,7.0,105,112,8,7,3,37,0,0,0,0,0,0,6,29,0,0,0,0,624,0,0,0,0,0,0,0,0,0,0,0,0,,,,,,,,
406,Internal,108,289,36786,43,19.3,19.4,1,2,33,0,3,58,0,0,0,0,0,0,0,7,0,0,0,0,0,0,0,0,0,0,0,0,0,0,0,0,0,,,,,,,,
407,Internal,158,451,36786,43,19.3,19.4,0,10,0,2,1,58,0,0,0,0,0,0,1,4,0,0,0,0,0,0,0,0,0,0,0,0,0,0,0,0,0,,,,,,,,
408,Internal,409,1086,53203,43,38.1,7.8,16,11,32,28,0,21,0,0,0,0,0,0,4,43,0,0,0,0,0,0,0,0,0,0,0,0,0,0,0,0,0,,,,,,,,
409,Internal,320,945,53203,43,38.1,7.8,27,12,8,0,8,79,0,0,0,0,0,0,0,24,0,0,0,0,5,0,0,0,0,0,0,0,0,0,0,0,0,,,,,,,,
410,Internal,5,17,53203,43,38.1,7.8,191,18,59,0,12,31,0,0,0,0,0,0,0,0,0,0,0,0,0,0,0,0,0,0,0,0,0,0,0,0,0,,,,,,,,
411,Internal,126,329,48673,43,22.6,12.6,15,2,0,0,0,58,0,0,0,0,0,0,0,0,0,0,0,0,0,0,0,0,0,0,0,0,0,0,0,0,0,,,,,,,,
412,Internal,156,533,48673,43,22.6,12.6,35,110,77,1,541,39,0,0,0,0,0,0,0,4,0,0,0,0,645,0,0,0,0,0,0,0,0,0,0,0,0,,,,,,,,
413,Internal,254,793,48673,43,22.6,12.6,32,15,11,0,10,40,0,0,0,0,0,0,4,25,0,0,0,0,0,0,0,0,0,0,0,0,0,0,0,0,0,,,,,,,,
414,Internal,0,0,48673,43,22.6,12.6,272,2,105,8,4,40,0,0,0,0,0,0,0,0,0,0,0,0,0,0,0,0,0,0,0,0,0,0,0,0,0,,,,,,,,
415,Internal,2,44,48673,43,22.6,12.6,102,5,23,0,2,60,0,0,0,0,0,0,0,0,0,0,0,0,0,0,0,0,0,0,0,0,0,0,0,0,0,,,,,,,,
416,Internal,42,141,51776,43,19.1,26.4,342,147,67,0,0,73,0,0,0,0,0,0,0,0,0,0,0,0,592,0,0,0,0,0,0,0,0,0,0,0,0,,,,,,,,
417,Internal,28,71,51776,43,19.1,26.4,0,7,2,0,0,58,0,0,0,0,0,0,0,0,0,0,0,0,0,0,0,0,0,0,0,0,0,0,0,0,0,,,,,,,,
418,Internal,44,128,51776,43,19.1,26.4,8,3,0,0,0,58,0,0,0,0,0,0,0,0,0,0,0,0,0,0,0,0,0,0,0,0,0,0,0,0,0,,,,,,,,
419,Internal,275,729,51776,43,19.1,26.4,2,43,21,0,8,58,0,0,0,0,0,0,1,7,0,0,0,0,74,0,0,0,0,0,0,0,0,0,0,0,0,,,,,,,,
420,Internal,63,144,51776,43,19.1,26.4,4,6,10,0,1,58,0,0,0,0,0,0,0,0,0,0,0,0,0,0,0,0,0,0,0,0,0,0,0,0,0,,,,,,,,
421,Internal,182,546,37120,42,25.9,11.8,27,36,19,0,4,35,0,0,0,0,0,0,1,14,0,0,0,0,0,0,0,0,0,0,0,0,0,0,0,0,0,,,,,,,,
422,Internal,540,1562,27099,42,31.8,7.9,24,11,22,0,18,27,0,0,0,0,0,0,4,22,0,0,0,0,300,0,0,0,0,0,0,0,0,0,0,0,0,,,,,,,,
423,Internal,125,461,37120,42,25.9,11.8,461,30,127,28,53,32,0,0,0,0,0,0,3,4,0,0,0,0,177,0,0,0,0,0,0,0,0,0,0,0,0,,,,,,,,
424,Internal,578,1854,43944,42,23.4,12.4,39,46,56,17,5,13,0,0,0,0,0,0,0,54,0,0,0,0,0,0,0,0,0,0,0,0,0,0,0,0,0,,,,,,,,
425,Internal,2,10,43944,42,23.4,12.4,29,10,56,0,89,43,0,0,0,0,0,0,0,0,0,0,0,0,0,0,0,0,0,0,0,0,0,0,0,0,0,,,,,,,,
426,Internal,188,558,43944,42,23.4,12.4,0,13,0,0,0,35,0,0,0,0,0,0,0,0,0,0,0,0,0,0,0,0,0,0,0,0,0,0,0,0,0,,,,,,,,
427,Internal,150,436,50543,42,36.8,6.9,130,18,26,3,59,30,0,0,0,0,0,0,1,4,0,0,0,0,0,0,0,0,0,0,0,0,0,0,0,0,0,,,,,,,,
428,Internal,181,508,50543,42,36.8,6.9,90,18,10,28,17,35,0,0,0,0,0,0,3,11,0,0,0,0,0,0,0,0,0,0,0,0,0,0,0,0,0,,,,,,,,
429,Internal,247,626,40530,46,24.4,16.2,0,9,1,0,0,23,0,0,0,0,0,0,0,14,0,0,0,0,0,0,0,0,0,0,0,0,0,0,0,0,0,,,,,,,,
430,Internal,99,231,40530,46,24.4,16.2,45,20,2,0,0,8,0,0,0,0,0,0,0,0,0,0,0,0,0,0,0,0,0,0,0,0,0,0,0,0,0,,,,,,,,
431,Internal,117,301,40530,46,24.4,16.2,0,10,1,0,0,23,0,0,0,0,0,0,0,0,0,0,0,0,0,0,0,0,0,0,0,0,0,0,0,0,0,,,,,,,,
432,Internal,18,28,40530,46,24.4,16.2,0,0,0,0,10,23,0,0,0,0,0,0,0,0,0,0,0,0,0,0,0,0,0,0,0,0,0,0,0,0,0,,,,,,,,
433,Internal,68,156,40530,46,24.4,16.2,0,10,0,0,14,54,0,0,0,0,0,0,0,0,0,0,0,0,0,0,0,0,0,0,0,0,0,0,0,0,0,,,,,,,,
434,Internal,178,374,40530,46,24.4,16.2,0,4,26,0,3,23,0,0,0,0,0,0,1,4,0,0,0,0,0,0,0,0,0,0,0,0,0,0,0,0,0,,,,,,,,
435,Internal,0,0,40530,46,24.4,16.2,0,0,0,0,0,23,0,0,0,0,0,0,0,0,0,0,0,0,0,0,0,0,0,0,0,0,0,0,0,0,0,,,,,,,,
436,Internal,429,1193,85227,53,26.0,6.2,0,21,90,32,56,17,0,0,0,0,0,0,1,62,0,0,0,0,0,0,0,0,0,0,0,0,0,0,0,0,0,,,,,,,,
437,Internal,826,2227,85227,53,26.0,6.2,0,30,43,11,1,12,0,0,0,0,0,0,3,65,0,0,0,0,0,0,0,0,0,0,0,0,0,0,0,0,0,,,,,,,,
438,Internal,337,916,74874,46,34.6,4.5,0,31,28,0,0,20,0,0,0,0,0,0,0,18,0,0,0,0,0,0,0,0,0,0,0,0,0,0,0,0,0,,,,,,,,
439,Internal,914,2639,74874,46,34.6,4.5,8,40,201,0,0,23,0,0,0,0,0,0,3,93,0,0,0,0,0,0,0,0,0,0,0,0,0,0,0,0,0,,,,,,,,
440,Internal,746,2061,71573,53,22.4,6.3,0,24,64,22,123,15,0,0,0,0,0,0,4,84,0,0,0,0,0,0,0,0,0,0,0,0,0,0,0,0,0,,,,,,,,
441,Internal,256,713,46250,53,32.4,5.5,0,9,102,0,9,6,0,0,0,0,0,0,4,36,0,0,0,0,6,0,0,0,0,0,0,0,0,0,0,0,0,,,,,,,,
442,Internal,452,1265,46250,53,32.4,5.5,0,8,24,0,10,12,0,0,0,0,0,0,1,33,0,0,0,0,0,0,0,0,0,0,0,0,0,0,0,0,0,,,,,,,,
443,Internal,550,1520,46250,53,32.4,5.5,5,30,22,0,0,12,0,0,0,0,0,0,3,43,0,0,0,0,0,0,0,0,0,0,0,0,0,0,0,0,0,,,,,,,,
444,Internal,123,325,47888,54,21.9,3.9,46,36,107,0,134,83,0,0,0,0,0,0,0,14,0,0,0,0,0,0,0,0,0,0,0,0,0,0,0,0,0,,,,,,,,
445,Internal,502,876,47888,54,21.9,3.9,131,51,274,0,15,39,0,0,0,0,0,0,15,40,0,0,0,0,0,0,0,0,0,0,0,0,0,0,0,0,0,,,,,,,,
446,Internal,1,15,47888,54,21.9,3.9,98,435,49,0,24,51,0,0,0,0,0,0,0,0,0,0,0,0,0,0,0,0,0,0,0,0,0,0,0,0,0,,,,,,,,
447,Internal,617,1276,47888,54,21.9,3.9,71,7,20,0,2,58,0,0,0,0,0,0,1,24,0,0,0,0,0,0,0,0,0,0,0,0,0,0,0,0,0,,,,,,,,
448,Internal,82,226,47888,54,21.9,3.9,3,36,1,35,68,6,0,0,0,0,0,0,0,0,0,0,0,0,164,0,0,0,0,0,0,0,0,0,0,0,0,,,,,,,,
449,Internal,81,254,47888,54,21.9,3.9,18,16,102,19,3,14,0,0,0,0,0,0,0,0,0,0,0,0,0,0,0,0,0,0,0,0,0,0,0,0,0,,,,,,,,
450,Internal,646,1147,47888,54,21.9,3.9,0,9,21,0,3,56,0,0,0,0,0,0,25,47,0,0,0,0,0,0,0,0,0,0,0,0,0,0,0,0,0,,,,,,,,
451,Internal,570,1394,71058,54,31.5,11.6,163,78,228,34,24,57,0,0,0,0,0,0,3,15,0,0,0,0,0,0,0,0,0,0,0,0,0,0,0,0,0,,,,,,,,
452,Internal,284,663,71058,54,31.5,11.6,2,11,0,1,0,67,0,0,0,0,0,0,2,9,0,0,0,0,0,0,0,0,0,0,0,0,0,0,0,0,0,,,,,,,,
453,Internal,13,33,102321,55,27.9,5.8,20,0,0,0,0,0,0,0,0,0,0,0,0,1,0,0,0,0,0,0,0,0,0,0,0,0,0,0,0,0,0,,,,,,,,
454,Internal,364,1060,102321,55,27.9,5.8,0,28,42,5,86,16,0,0,0,0,0,0,1,18,0,0,0,0,0,0,0,0,0,0,0,0,0,0,0,0,0,,,,,,,,
455,Internal,231,582,102321,55,27.9,5.8,235,4,132,0,25,46,0,0,0,0,0,0,3,18,0,0,0,0,0,0,0,0,0,0,0,0,0,0,0,0,0,,,,,,,,
456,Internal,713,1920,102321,55,27.9,5.8,12,2,44,0,0,43,0,0,0,0,0,0,0,46,0,0,0,0,0,0,0,0,0,0,0,0,0,0,0,0,0,,,,,,,,
457,Internal,623,1702,92813,55,12.1,18.2,15,65,3,39,6,27,0,0,0,0,0,0,3,46,0,0,0,0,0,0,0,0,0,0,0,0,0,0,0,0,0,,,,,,,,
458,Internal,122,294,92813,55,12.1,18.2,13,8,12,0,23,56,0,0,0,0,0,0,0,4,0,0,0,0,0,0,0,0,0,0,0,0,0,0,0,0,0,,,,,,,,
459,Internal,1272,2319,77917,50,3.5,49.2,86,7,53,0,0,60,0,0,0,0,0,0,0,0,0,0,0,0,0,0,0,0,0,0,0,0,0,0,0,0,0,,,,,,,,
460,Internal,411,840,77917,50,3.5,49.2,0,14,9,0,0,45,0,0,0,0,0,0,0,0,0,0,0,0,0,0,0,0,0,0,0,0,0,0,0,0,0,,,,,,,,
461,Internal,105,179,77917,50,3.5,49.2,0,0,0,0,0,45,0,0,0,0,0,0,0,0,0,0,0,0,0,0,0,0,0,0,0,0,0,0,0,0,0,,,,,,,,
462,Internal,48,88,77917,50,3.5,49.2,0,0,0,0,0,45,0,0,0,0,0,0,0,7,0,0,0,0,0,0,0,0,0,0,0,0,0,0,0,0,0,,,,,,,,
463,Internal,80,178,77917,50,3.5,49.2,0,13,1,0,0,45,0,0,0,0,0,0,0,0,0,0,0,0,0,0,0,0,0,0,0,0,0,0,0,0,0,,,,,,,,
464,Internal,29,62,85430,50,19.2,11.1,5,3,0,0,0,45,0,0,0,0,0,0,0,0,0,0,0,0,0,0,0,0,0,0,0,0,0,0,0,0,0,,,,,,,,
465,Internal,626,1316,85430,50,19.2,11.1,54,16,35,0,4,29,0,0,0,0,0,0,0,4,0,0,0,0,0,0,0,0,0,0,0,0,0,0,0,0,0,,,,,,,,
466,Internal,127,266,85430,50,19.2,11.1,2,18,0,0,0,45,0,0,0,0,0,0,0,0,0,0,0,0,0,0,0,0,0,0,0,0,0,0,0,0,0,,,,,,,,
467,Internal,121,323,85430,50,19.2,11.1,0,117,32,0,0,33,0,0,0,0,0,0,0,4,0,0,0,0,806,0,0,0,0,0,0,0,0,0,0,0,0,,,,,,,,
468,Internal,17,41,85430,50,19.2,11.1,0,0,0,4,0,45,0,0,0,0,0,0,0,0,0,0,0,0,0,0,0,0,0,0,0,0,0,0,0,0,0,,,,,,,,
469,Internal,12,45,85430,50,19.2,11.1,0,0,0,0,0,45,0,0,0,0,0,0,0,0,0,0,0,0,0,0,0,0,0,0,0,0,0,0,0,0,0,,,,,,,,
470,Internal,131,332,85430,50,19.2,11.1,0,34,32,0,0,61,0,0,0,0,0,0,0,0,0,0,0,0,0,0,0,0,0,0,0,0,0,0,0,0,0,,,,,,,,
471,Internal,3,10,85430,50,19.2,11.1,0,0,0,0,0,45,0,0,0,0,0,0,0,0,0,0,0,0,0,0,0,0,0,0,0,0,0,0,0,0,0,,,,,,,,
472,Internal,517,1135,93654,57,5.0,34.5,3,7,39,0,1,11,0,0,0,0,0,6,17,7,0,0,0,0,0,0,0,0,0,0,0,0,0,0,0,0,0,,,,,,,,
473,Internal,285,737,93654,57,5.0,34.5,45,115,20,35,22,44,0,0,0,0,0,31,15,0,0,0,0,0,659,0,0,0,0,0,0,0,0,0,0,0,0,,,,,,,,
474,Internal,139,360,84760,57,22.6,13.4,0,7,4,0,0,17,0,0,0,0,0,19,1,4,0,0,0,0,0,0,0,0,0,0,0,0,0,0,0,0,0,,,,,,,,
475,Internal,336,547,84760,57,22.6,13.4,0,0,38,0,0,36,0,0,0,0,0,25,1,22,0,0,0,0,0,0,0,0,0,0,0,0,0,0,0,0,0,,,,,,,,
476,Internal,4,16,84760,57,22.6,13.4,39,26,77,47,321,11,0,0,0,0,0,6,0,0,0,0,0,0,0,0,0,0,0,0,0,0,0,0,0,0,0,,,,,,,,
477,Internal,333,756,84760,57,22.6,13.4,6,4,19,0,2,23,0,0,0,0,0,25,15,14,0,0,0,0,0,0,0,0,0,0,0,0,0,0,0,0,0,,,,,,,,
478,Internal,175,406,84760,57,22.6,13.4,13,0,15,1,2,17,0,0,0,0,0,6,0,7,0,0,0,0,0,0,0,0,0,0,0,0,0,0,0,0,0,,,,,,,,
479,Internal,91,192,84760,57,22.6,13.4,288,0,3,0,0,17,0,0,0,0,0,6,8,0,0,0,0,0,0,0,0,0,0,0,0,0,0,0,0,0,0,,,,,,,,
480,Internal,360,909,56384,57,23.0,29.8,0,8,20,17,6,17,0,0,0,0,0,19,6,22,0,0,0,0,0,0,0,0,0,0,0,0,0,0,0,0,0,,,,,,,,
481,Internal,125,382,169583,51,21.6,24.8,0,39,65,0,0,22,0,0,0,0,0,0,4,0,0,0,0,0,10,0,0,0,0,0,0,0,0,0,0,0,0,,,,,,,,
482,Internal,56,134,169583,51,21.6,24.8,1,34,4,0,0,33,0,0,0,0,0,0,0,4,0,0,0,0,0,0,0,0,0,0,0,0,0,0,0,0,0,,,,,,,,
483,Internal,260,721,134402,51,24.1,15.9,28,18,72,12,1,61,0,0,0,0,0,19,1,0,0,0,0,0,0,0,0,0,0,0,0,0,0,0,0,0,0,,,,,,,,
484,Internal,410,1134,169583,51,21.6,24.8,39,4,103,0,71,62,0,0,0,0,0,31,10,0,0,0,0,0,0,0,0,0,0,0,0,0,0,0,0,0,0,,,,,,,,
485,Internal,350,807,134402,51,24.1,15.9,0,25,20,0,40,15,0,0,0,0,0,25,10,4,0,0,0,0,0,0,0,0,0,0,0,0,0,0,0,0,0,,,,,,,,
486,Internal,133,340,39080,34,24.1,15.1,11,29,127,40,1,40,0,0,0,0,0,0,0,7,0,0,0,0,0,0,0,0,0,0,0,0,0,0,0,0,0,,,,,,,,
487,Internal,596,1587,39080,34,24.1,15.1,115,27,37,14,2,33,0,0,0,0,0,0,0,43,0,0,0,0,0,0,0,0,0,0,0,0,0,0,0,0,0,,,,,,,,
488,Internal,0,0,39080,34,24.1,15.1,360,35,82,170,0,53,0,0,0,0,0,0,0,0,0,0,0,0,0,0,0,0,0,0,0,0,0,0,0,0,0,,,,,,,,
489,Internal,3,8,39080,34,24.1,15.1,194,73,6,0,3,41,0,0,0,0,0,0,0,0,0,0,0,0,325,0,0,0,0,0,0,0,0,0,0,0,0,,,,,,,,
490,Internal,447,1053,32419,34,20.7,31.4,14,385,18,58,8,9,0,0,0,0,0,0,4,33,0,0,0,0,2253,0,0,0,0,0,0,0,0,0,0,0,0,,,,,,,,
491,Internal,526,1317,41602,51,33.8,8.0,0,17,43,7,601,6,0,0,0,0,0,10,1,18,0,0,0,0,0,0,0,0,0,0,0,0,0,0,0,0,0,,,,,,,,
492,Internal,144,404,36860,34,25.4,15.2,7,6,21,16,3,40,0,0,0,0,0,0,0,4,0,0,0,0,0,0,0,0,0,0,0,0,0,0,0,0,0,,,,,,,,
493,Internal,282,574,45809,51,25.4,7.4,92,56,155,1,46,24,0,0,0,0,0,0,1,7,0,0,0,0,0,0,0,0,0,0,0,0,0,0,0,0,0,,,,,,,,
494,Internal,569,1275,45809,51,25.4,7.4,7,9,14,0,17,29,0,0,0,0,0,16,15,25,0,0,0,0,0,0,0,0,0,0,0,0,0,0,0,0,0,,,,,,,,
495,Internal,560,1351,63667,50,31.3,10.3,115,8,23,6,0,37,0,0,0,0,0,38,6,48,0,0,0,0,0,0,0,0,0,0,0,0,0,0,0,0,0,,,,,,,,
496,Internal,567,1355,85966,50,24.5,4.0,0,42,44,0,36,31,0,0,0,0,0,31,1,43,0,0,0,0,0,0,0,0,0,0,0,0,0,0,0,0,0,,,,,,,,
497,Internal,592,1240,45809,51,25.4,7.4,175,34,153,30,6,47,0,0,0,0,0,0,4,76,0,0,0,0,0,0,0,0,0,0,0,0,0,0,0,0,0,,,,,,,,
498,Internal,611,1531,41602,51,33.8,8.0,14,8,79,27,279,12,0,0,0,0,0,37,29,72,0,0,0,0,0,0,0,0,0,0,0,0,0,0,0,0,0,,,,,,,,
499,Internal,779,2105,109194,50,23.3,13.6,7,9,34,1,0,22,0,0,0,0,0,100,25,54,0,0,0,0,0,0,0,0,0,0,0,0,0,0,0,0,0,,,,,,,,
500,Internal,191,499,109194,50,23.3,13.6,5,0,14,0,0,37,0,0,0,0,0,6,1,25,0,0,0,0,0,0,0,0,0,0,0,0,0,0,0,0,0,,,,,,,,
501,Internal,383,771,87569,63,11.7,11.9,0,115,399,16,391,33,0,0,0,0,0,131,24,33,0,0,0,0,0,0,0,0,0,0,0,0,0,0,0,0,0,,,,,,,,
502,Internal,492,940,88788,60,21.5,9.2,0,3,7,0,4,27,0,0,0,0,0,206,27,29,0,0,0,0,0,0,0,0,0,0,0,0,0,0,0,0,0,,,,,,,,
503,Internal,583,1639,88788,60,21.5,9.2,5,123,68,23,8,31,0,0,0,0,0,81,8,14,0,0,0,0,607,0,0,0,0,0,0,0,0,0,0,0,0,,,,,,,,
504,Internal,566,1313,88788,60,21.5,9.2,2,30,16,0,0,3,0,0,0,0,0,50,14,19,0,0,0,0,0,0,0,0,0,0,0,0,0,0,0,0,0,,,,,,,,
505,Internal,22,43,49632,54,7.4,22.6,6,0,0,0,0,58,0,0,0,0,0,0,0,0,0,0,0,0,0,0,0,0,0,0,0,0,0,0,0,0,0,,,,,,,,
506,Internal,446,882,97464,54,21.0,18.6,4,18,116,69,100,26,0,0,0,0,0,50,0,0,0,0,0,0,0,0,0,0,0,0,0,0,0,0,0,0,0,,,,,,,,
507,Internal,74,157,97464,54,21.0,18.6,0,2,10,0,0,58,0,0,0,0,0,25,0,0,0,0,0,0,0,0,0,0,0,0,0,0,0,0,0,0,0,,,,,,,,
508,Internal,55,133,49632,54,7.4,22.6,10,5,0,0,0,58,0,0,0,0,0,12,0,4,0,0,0,0,0,0,0,0,0,0,0,0,0,0,0,0,0,,,,,,,,
509,Internal,227,467,49632,54,7.4,22.6,0,18,3,10,0,58,0,0,0,0,0,87,0,0,0,0,0,0,0,0,0,0,0,0,0,0,0,0,0,0,0,,,,,,,,
510,Internal,267,509,49632,54,7.4,22.6,5,5,25,0,3,29,0,0,0,0,0,299,0,7,0,0,0,0,0,0,0,0,0,0,0,0,0,0,0,0,0,,,,,,,,
511,Internal,190,525,123160,58,28.5,8.6,0,2,13,41,80,11,0,0,0,0,0,37,0,0,0,0,0,0,0,0,0,0,0,0,0,0,0,0,0,0,0,,,,,,,,
512,Internal,505,1086,62909,54,2.7,20.1,17,47,196,50,34,36,0,0,0,0,0,25,0,11,0,0,0,0,0,0,0,0,0,0,0,0,0,0,0,0,0,,,,,,,,
513,Internal,336,500,62909,54,2.7,20.1,19,46,351,5,40,73,0,0,0,0,0,69,6,18,0,0,0,0,0,0,0,0,0,0,0,0,0,0,0,0,0,,,,,,,,
514,Internal,274,467,62574,57,15.3,6.7,3,20,445,28,291,13,0,0,0,0,0,12,1,7,0,0,0,0,0,0,0,0,0,0,0,0,0,0,0,0,0,,,,,,,,
515,Internal,0,0,62574,57,15.3,6.7,5,6,266,41,148,16,0,0,0,0,0,0,0,0,0,0,0,0,0,0,0,0,0,0,0,0,0,0,0,0,0,,,,,,,,
516,Internal,0,0,62909,54,2.7,20.1,0,523,413,50,10,58,0,0,0,0,0,0,0,0,0,0,0,0,0,0,0,0,0,0,0,0,0,0,0,0,0,,,,,,,,
517,Internal,710,1301,62574,57,15.3,6.7,46,0,42,0,70,33,0,0,0,0,0,187,15,33,0,0,0,0,0,0,0,0,0,0,0,0,0,0,0,0,0,,,,,,,,
518,Internal,378,677,62574,57,15.3,6.7,0,16,519,36,268,35,0,0,0,0,0,75,7,4,0,0,0,0,0,0,0,0,0,0,0,0,0,0,0,0,0,,,,,,,,
519,Internal,0,0,62574,57,15.3,6.7,5,25,300,2,3279,12,0,0,0,0,0,0,0,0,0,0,0,0,0,0,0,0,0,0,0,0,0,0,0,0,0,,,,,,,,
520,Internal,68,122,62574,57,15.3,6.7,0,2,386,0,0,34,0,0,0,0,0,6,0,0,0,0,0,0,0,0,0,0,0,0,0,0,0,0,0,0,0,,,,,,,,
521,Internal,252,451,54110,56,25.0,11.2,0,9,437,7,2,27,0,0,0,0,0,20,2,15,0,0,0,0,0,0,0,0,0,0,0,0,0,0,0,0,0,,,,,,,,
522,Internal,918,2026,73065,56,17.2,17.4,78,7,100,1,0,27,0,0,0,0,0,87,18,58,0,0,0,0,0,0,0,0,0,0,0,0,0,0,0,0,0,,,,,,,,
523,Internal,177,504,90284,57,37.7,11.7,0,0,15,0,1,16,0,0,0,0,0,0,0,7,0,0,0,0,0,0,0,0,0,0,0,0,0,0,0,0,0,,,,,,,,
524,Internal,0,0,90284,57,37.7,11.7,0,0,4,0,43,6,0,0,0,0,0,12,0,0,0,0,0,0,0,0,0,0,0,0,0,0,0,0,0,0,0,,,,,,,,
525,Internal,368,999,90284,57,37.7,11.7,0,4,41,0,9,22,0,0,0,0,0,37,1,25,0,0,0,0,0,0,0,0,0,0,0,0,0,0,0,0,0,,,,,,,,
526,Internal,65,151,42831,54,20.2,11.7,2,6,101,12,131,23,0,0,0,0,0,5,6,2,0,0,0,0,0,0,0,0,0,0,0,0,0,0,0,0,0,,,,,,,,
527,Internal,227,626,149261,58,22.1,9.2,0,0,0,0,0,41,0,0,0,0,0,44,1,7,0,0,0,0,0,0,0,0,0,0,0,0,0,0,0,0,0,,,,,,,,
528,Internal,470,1336,149261,58,22.1,9.2,35,4,19,0,0,66,0,0,0,0,0,49,5,22,0,0,0,0,0,0,0,0,0,0,0,0,0,0,0,0,0,,,,,,,,
529,Internal,277,768,149261,58,22.1,9.2,12,27,16,30,0,11,0,0,0,0,0,49,2,7,0,0,0,0,38,0,0,0,0,0,0,0,0,0,0,0,0,,,,,,,,
530,Internal,99,207,123160,58,28.5,8.6,0,1,0,0,0,41,0,0,0,0,0,6,0,0,0,0,0,0,0,0,0,0,0,0,0,0,0,0,0,0,0,,,,,,,,
531,Internal,104,213,62574,57,15.3,6.7,0,0,1,0,0,16,0,0,0,0,0,5,4,2,0,0,0,0,0,0,0,0,0,0,0,0,0,0,0,0,0,,,,,,,,
532,Internal,195,556,149261,58,22.1,9.2,7,60,8,0,0,41,0,0,0,0,0,50,0,4,0,0,0,0,0,0,0,0,0,0,0,0,0,0,0,0,0,,,,,,,,
533,Internal,775,1770,68750,54,19.5,14.9,23,12,68,33,4,37,0,0,0,0,0,74,7,20,0,0,0,0,0,0,0,0,0,0,0,0,0,0,0,0,0,,,,,,,,
534,Internal,383,1020,82303,54,15.8,17.1,4,110,174,17,49,34,0,0,0,0,0,25,0,4,0,0,0,0,557,0,0,0,0,0,0,0,0,0,0,0,0,,,,,,,,
535,Internal,0,0,55727,56,28.3,7.9,2,20,45,30,8,35,0,0,0,0,0,0,0,0,0,0,0,0,0,0,0,0,0,0,0,0,0,0,0,0,0,,,,,,,,
536,Internal,496,1256,83583,54,22.8,11.5,0,31,5,0,6,37,0,0,0,0,0,44,1,25,0,0,0,0,0,0,0,0,0,0,0,0,0,0,0,0,0,,,,,,,,
537,Internal,650,1122,42163,56,8.9,9.8,0,7,76,0,78,44,0,0,0,0,0,77,4,30,0,0,0,0,0,0,0,0,0,0,0,0,0,0,0,0,0,,,,,,,,
538,Internal,13,49,55727,56,28.3,7.9,48,285,247,19,328,41,0,0,0,0,0,44,0,0,0,0,0,0,642,0,0,0,0,0,0,0,0,0,0,0,0,,,,,,,,
539,Internal,600,1303,55727,56,28.3,7.9,5,5,17,0,0,16,0,0,0,0,0,67,18,20,0,0,0,0,0,0,0,0,0,0,0,0,0,0,0,0,0,,,,,,,,
540,Internal,321,503,55727,56,28.3,7.9,688,2141,1185,187,194,76,0,0,0,0,0,12,17,14,0,0,0,0,4904,0,0,0,0,0,0,0,0,0,0,0,0,,,,,,,,
541,Internal,27,92,76667,56,6.9,17.9,293,95,377,64,105,55,0,0,0,0,0,0,3,0,0,0,0,0,0,0,0,0,0,0,0,0,0,0,0,0,0,,,,,,,,
542,Internal,32,55,76667,56,6.9,17.9,1544,254,89,0,68,69,0,0,0,0,0,0,0,0,0,0,0,0,0,0,0,0,0,0,0,0,0,0,0,0,0,,,,,,,,
543,Internal,17,39,76667,56,6.9,17.9,67,226,13,35,7,94,0,0,0,0,0,0,0,0,0,0,0,0,0,0,0,0,0,0,0,0,0,0,0,0,0,,,,,,,,
544,Internal,116,313,76667,56,6.9,17.9,7,18,1,8,6,38,0,0,0,0,0,0,0,7,0,0,0,0,0,0,0,0,0,0,0,0,0,0,0,0,0,,,,,,,,
545,Internal,28,53,47888,54,21.9,3.9,14,0,1,0,0,15,0,0,0,0,0,0,0,0,0,0,0,0,0,0,0,0,0,0,0,0,0,0,0,0,0,,,,,,,,
546,Internal,683,1686,76667,56,6.9,17.9,2,8,26,0,0,34,0,0,0,0,0,0,4,22,0,0,0,0,0,0,0,0,0,0,0,0,0,0,0,0,0,,,,,,,,
547,Internal,20,25,76667,56,6.9,17.9,121,308,50,0,0,31,0,0,0,0,0,0,0,0,0,0,0,0,0,0,0,0,0,0,0,0,0,0,0,0,0,,,,,,,,
548,Internal,246,689,76667,56,6.9,17.9,19,12,19,0,0,67,0,0,0,0,0,0,1,18,0,0,0,0,0,0,0,0,0,0,0,0,0,0,0,0,0,,,,,,,,
549,Internal,1,23,76667,56,6.9,17.9,59,64,15,0,0,43,0,0,0,0,0,0,0,0,0,0,0,0,0,0,0,0,0,0,0,0,0,0,0,0,0,,,,,,,,
550,Internal,6,18,76667,56,6.9,17.9,186,26,25,0,2,26,0,0,0,0,0,0,0,0,0,0,0,0,0,0,0,0,0,0,0,0,0,0,0,0,0,,,,,,,,
551,Internal,0,0,55727,56,28.3,7.9,0,5,172,73,30,12,0,0,0,0,0,0,0,0,0,0,0,0,0,0,0,0,0,0,0,0,0,0,0,0,0,,,,,,,,
552,Internal,2,8,55727,56,28.3,7.9,0,24,0,0,0,67,0,0,0,0,0,0,0,0,0,0,0,0,0,0,0,0,0,0,0,0,0,0,0,0,0,,,,,,,,
553,Internal,297,681,55727,56,28.3,7.9,10,15,82,0,0,94,0,0,0,0,0,0,0,33,0,0,0,0,0,0,0,0,0,0,0,0,0,0,0,0,0,,,,,,,,
554,Internal,3,4,58190,50,22.0,12.0,173,265,0,3,0,94,0,0,0,0,0,0,0,0,0,0,0,0,1,0,0,0,0,0,0,0,0,0,0,0,0,,,,,,,,
555,Internal,96,117,55727,56,28.3,7.9,0,10,12,0,19,34,0,0,0,0,0,0,1,0,0,0,0,0,0,0,0,0,0,0,0,0,0,0,0,0,0,,,,,,,,
556,Internal,10,28,55727,56,28.3,7.9,6,6,208,40,310,18,0,0,0,0,0,0,0,0,0,0,0,0,0,0,0,0,0,0,0,0,0,0,0,0,0,,,,,,,,
557,Internal,3,13,55727,56,28.3,7.9,164,144,526,22,3,67,0,0,0,0,0,0,0,0,0,0,0,0,0,0,0,0,0,0,0,0,0,0,0,0,0,,,,,,,,
558,Internal,105,144,55727,56,28.3,7.9,34,199,309,87,352,33,0,0,0,0,0,0,0,0,0,0,0,0,0,0,0,0,0,0,0,0,0,0,0,0,0,,,,,,,,
559,Internal,7,20,58190,50,22.0,12.0,7,72,177,33,0,59,0,0,0,0,0,6,0,0,0,0,0,0,0,0,0,0,0,0,0,0,0,0,0,0,0,,,,,,,,
560,Internal,0,0,55727,56,28.3,7.9,221,341,187,0,47,61,0,0,0,0,0,0,0,0,0,0,0,0,532,0,0,0,0,0,0,0,0,0,0,0,0,,,,,,,,
561,Internal,0,0,58190,50,22.0,12.0,0,154,40,186,0,89,0,0,0,0,0,0,0,0,0,0,0,0,0,0,0,0,0,0,0,0,0,0,0,0,0,,,,,,,,
562,Internal,225,443,58190,50,22.0,12.0,175,387,70,12,25,73,0,0,0,0,0,0,3,11,0,0,0,0,0,0,0,0,0,0,0,0,0,0,0,0,0,,,,,,,,
563,Internal,1,5,58190,50,22.0,12.0,75,1285,54,68,38,83,0,0,0,0,0,0,0,4,0,0,0,0,0,0,0,0,0,0,0,0,0,0,0,0,0,,,,,,,,
564,Internal,0,0,58190,50,22.0,12.0,0,2393,367,0,0,86,0,0,0,0,0,0,0,0,0,0,0,0,0,0,0,0,0,0,0,0,0,0,0,0,0,,,,,,,,
565,Internal,0,0,58190,50,22.0,12.0,0,462,253,0,0,95,0,0,0,0,0,0,0,0,0,0,0,0,0,0,0,0,0,0,0,0,0,0,0,0,0,,,,,,,,
566,Internal,0,0,76667,56,6.9,17.9,270,624,60,0,2,87,0,0,0,0,0,0,0,0,0,0,0,0,0,0,0,0,0,0,0,0,0,0,0,0,0,,,,,,,,
567,Internal,1,14,58190,50,22.0,12.0,0,852,0,49,0,90,0,0,0,0,0,0,0,0,0,0,0,0,716,0,0,0,0,0,0,0,0,0,0,0,0,,,,,,,,
568,Internal,0,0,58190,50,22.0,12.0,58,8561,178,0,74,81,0,0,0,0,0,0,0,0,0,0,0,0,0,0,0,0,0,0,0,0,0,0,0,0,0,,,,,,,,
569,Internal,0,0,58190,50,22.0,12.0,30,197,39,0,0,93,0,0,0,0,0,0,0,0,0,0,0,0,0,0,0,0,0,0,0,0,0,0,0,0,0,,,,,,,,
570,Internal,0,0,58190,50,22.0,12.0,0,3018,50,103,0,91,0,0,0,0,0,0,0,0,0,0,0,0,0,0,0,0,0,0,0,0,0,0,0,0,0,,,,,,,,
571,Internal,0,0,58190,50,22.0,12.0,0,4,0,0,0,0,0,0,0,0,0,0,0,0,0,0,0,0,0,0,0,0,0,0,0,0,0,0,0,0,0,,,,,,,,
572,Internal,585,988,58190,50,22.0,12.0,0,4,33,0,0,69,0,0,0,0,0,0,6,25,0,0,0,0,0,0,0,0,0,0,0,0,0,0,0,0,0,,,,,,,,
573,Internal,0,0,58190,50,22.0,12.0,0,879,0,0,0,83,0,0,0,0,0,0,0,0,0,0,0,0,0,0,0,0,0,0,0,0,0,0,0,0,0,,,,,,,,
574,Internal,61,155,77485,72,9.3,3.6,115,204,214,0,0,91,0,0,0,0,0,0,0,0,0,0,0,0,0,0,0,0,0,0,0,0,0,0,0,0,0,,,,,,,,
575,Internal,0,0,58190,50,22.0,12.0,0,2200,137,0,0,83,0,0,0,0,0,0,0,0,0,0,0,0,0,0,0,0,0,0,0,0,0,0,0,0,0,,,,,,,,
576,Internal,0,0,58190,50,22.0,12.0,0,1199,0,28,0,87,0,0,0,0,0,0,0,0,0,0,0,0,545,0,0,0,0,0,0,0,0,0,0,0,0,,,,,,,,
577,Internal,511,862,77485,72,9.3,3.6,0,16,15,0,0,24,0,0,0,0,0,0,0,4,0,0,0,0,0,0,0,0,0,0,0,0,0,0,0,0,0,,,,,,,,
578,Internal,0,0,58190,50,22.0,12.0,10,6484,0,0,0,61,0,0,0,0,0,0,0,0,0,0,0,0,0,0,0,0,0,0,0,0,0,0,0,0,0,,,,,,,,
579,Internal,0,0,55727,56,28.3,7.9,0,912,0,0,0,97,0,0,0,0,0,0,0,0,0,0,0,0,0,0,0,0,0,0,0,0,0,0,0,0,0,,,,,,,,
580,Internal,580,1101,52404,72,17.7,5.1,143,0,100,0,71,69,0,0,0,0,0,0,0,12,0,0,0,0,0,0,0,0,0,0,0,0,0,0,0,0,0,,,,,,,,
581,Internal,271,537,103304,72,18.4,8.9,41,8,0,0,0,69,0,0,0,0,0,0,0,0,0,0,0,0,0,0,0,0,0,0,0,0,0,0,0,0,0,,,,,,,,
582,Internal,428,1130,103304,72,18.4,8.9,65,112,46,3,12,41,0,0,0,0,0,0,3,33,0,0,0,0,0,0,0,0,0,0,0,0,0,0,0,0,0,,,,,,,,
583,Internal,363,850,42831,54,20.2,11.7,19,25,259,14,185,23,0,0,0,0,0,32,34,10,0,0,0,0,0,0,0,0,0,0,0,0,0,0,0,0,0,,,,,,,,
584,Internal,149,294,103304,72,18.4,8.9,178,330,55,0,90,66,0,0,0,0,0,0,0,0,0,0,0,0,51,0,0,0,0,0,0,0,0,0,0,0,0,,,,,,,,
585,Internal,0,0,103304,72,18.4,8.9,601,1457,96,0,0,85,0,0,0,0,0,0,0,0,0,0,0,0,0,0,0,0,0,0,0,0,0,0,0,0,0,,,,,,,,
586,Internal,223,377,103304,72,18.4,8.9,1577,980,2,0,0,70,0,0,0,0,0,0,0,0,0,0,0,0,0,0,0,0,0,0,0,0,0,0,0,0,0,,,,,,,,
587,Internal,310,620,77485,72,9.3,3.6,130,166,28,139,50,49,0,0,0,0,0,0,3,7,0,0,0,0,311,0,0,0,0,0,0,0,0,0,0,0,0,,,,,,,,
588,Internal,2,11,77485,72,9.3,3.6,1,447,585,157,10,70,0,0,0,0,0,0,0,0,0,0,0,0,0,0,0,0,0,0,0,0,0,0,0,0,0,,,,,,,,
589,Internal,0,0,77485,72,9.3,3.6,183,108,301,0,30,69,0,0,0,0,0,0,0,0,0,0,0,0,0,0,0,0,0,0,0,0,0,0,0,0,0,,,,,,,,
590,Internal,0,0,77485,72,9.3,3.6,0,8,38,395,59,61,0,0,0,0,0,0,0,0,0,0,0,0,0,0,0,0,0,0,0,0,0,0,0,0,0,,,,,,,,
591,Internal,114,191,77485,72,9.3,3.6,0,0,0,0,0,69,0,0,0,0,0,0,0,0,0,0,0,0,0,0,0,0,0,0,0,0,0,0,0,0,0,,,,,,,,
592,Internal,0,0,77485,72,9.3,3.6,0,46,65,26,237,9,0,0,0,0,0,0,0,0,0,0,0,0,0,0,0,0,0,0,0,0,0,0,0,0,0,,,,,,,,
593,Internal,0,0,77485,72,9.3,3.6,0,0,89,0,48,39,0,0,0,0,0,0,0,0,0,0,0,0,0,0,0,0,0,0,0,0,0,0,0,0,0,,,,,,,,
594,Internal,612,1060,77485,72,9.3,3.6,0,0,6,0,0,69,0,0,0,0,0,0,0,14,0,0,0,0,0,0,0,0,0,0,0,0,0,0,0,0,0,,,,,,,,
595,Internal,1025,2091,77485,72,9.3,3.6,0,0,25,0,0,36,0,0,0,0,0,0,0,33,0,0,0,0,0,0,0,0,0,0,0,0,0,0,0,0,0,,,,,,,,
596,Internal,0,0,77485,72,9.3,3.6,546,866,560,58,18,76,0,0,0,0,0,0,0,0,0,0,0,0,0,0,0,0,0,0,0,0,0,0,0,0,0,,,,,,,,
597,Internal,0,0,77485,72,9.3,3.6,24,185,904,112,46,78,0,0,0,0,0,0,0,0,0,0,0,0,0,0,0,0,0,0,0,0,0,0,0,0,0,,,,,,,,
598,Internal,0,0,73304,44,2.5,47.9,0,0,20,0,72,32,0,0,0,0,0,0,0,0,0,0,0,0,0,0,0,0,0,0,0,0,0,0,0,0,0,,,,,,,,
599,Internal,12,31,73304,44,2.5,47.9,41,20,393,0,92,34,0,0,0,0,0,0,0,0,0,0,0,0,0,0,0,0,0,0,0,0,0,0,0,0,0,,,,,,,,
600,Internal,549,1374,37656,44,34.1,2.5,8,29,137,10,8,42,0,0,0,0,0,0,10,36,0,0,0,0,69,0,0,0,0,0,0,0,0,0,0,0,0,,,,,,,,
601,Internal,86,201,37656,44,34.1,2.5,0,93,1,20,3,34,0,0,0,0,0,6,0,0,0,0,0,0,630,0,0,0,0,0,0,0,0,0,0,0,0,,,,,,,,
602,Internal,313,777,37656,44,34.1,2.5,38,22,154,24,70,26,0,0,0,0,0,50,11,11,0,0,0,0,0,0,0,0,0,0,0,0,0,0,0,0,0,,,,,,,,
603,Internal,0,0,73304,44,2.5,47.9,10,391,73,17,4,66,0,0,0,0,0,0,0,0,0,0,0,0,0,0,0,0,0,0,0,0,0,0,0,0,0,,,,,,,,
604,Internal,437,644,73304,44,2.5,47.9,0,7,330,12,1,30,0,0,0,0,0,12,154,4,0,0,0,0,0,0,0,0,0,0,0,0,0,0,0,0,0,,,,,,,,
605,Internal,199,513,38250,44,22.9,6.4,8,129,483,3,49,47,0,0,0,0,0,0,0,7,0,0,0,0,0,0,0,0,0,0,0,0,0,0,0,0,0,,,,,,,,
606,Internal,8,23,38250,44,22.9,6.4,110,34,344,67,145,49,0,0,0,0,0,0,71,0,0,0,0,0,0,0,0,0,0,0,0,0,0,0,0,0,0,,,,,,,,
607,Internal,800,1513,38250,44,22.9,6.4,44,144,381,42,17,49,0,0,0,0,0,44,204,47,0,0,0,0,0,0,0,0,0,0,0,0,0,0,0,0,0,,,,,,,,
608,Internal,0,0,73304,44,2.5,47.9,0,0,193,33,853,11,0,0,0,0,0,0,0,0,0,0,0,0,0,0,0,0,0,0,0,0,0,0,0,0,0,,,,,,,,
609,Internal,50,101,38250,44,22.9,6.4,0,18,85,22,4,58,0,0,0,0,0,0,0,0,0,0,0,0,0,0,0,0,0,0,0,0,0,0,0,0,0,,,,,,,,
610,Internal,10,26,38854,54,16.0,2.5,18,4,254,6,17,40,0,0,0,0,0,0,0,0,0,0,0,0,0,0,0,0,0,0,0,0,0,0,0,0,0,,,,,,,,
611,Internal,607,1095,38854,54,16.0,2.5,2,0,88,0,0,17,0,0,0,0,0,25,123,31,0,0,0,0,0,0,0,0,0,0,0,0,0,0,0,0,0,,,,,,,,
612,Internal,539,1237,39625,54,26.0,4.8,14,3615,516,99,280,65,0,0,0,0,0,25,6,14,0,0,0,0,0,0,0,0,0,0,0,0,0,0,0,0,0,,,,,,,,
613,Internal,344,610,38854,54,16.0,2.5,0,17,90,8,28,17,0,0,0,0,0,6,18,22,0,0,0,0,0,0,0,0,0,0,0,0,0,0,0,0,0,,,,,,,,
614,Internal,0,0,39625,54,26.0,4.8,73,65,453,67,83,30,0,0,0,0,0,0,0,0,0,0,0,0,0,0,0,0,0,0,0,0,0,0,0,0,0,,,,,,,,
615,Internal,428,1259,38854,54,16.0,2.5,22,19,78,20,19,27,0,0,0,0,0,6,0,14,0,0,0,0,0,0,0,0,0,0,0,0,0,0,0,0,0,,,,,,,,
616,Internal,70,178,39625,54,26.0,4.8,0,28,523,50,249,15,0,0,0,0,0,6,6,22,0,0,0,0,0,0,0,0,0,0,0,0,0,0,0,0,0,,,,,,,,
617,Internal,422,1341,61788,50,15.8,17.7,1,96,6,1,0,28,0,0,0,0,0,31,7,4,0,0,0,0,515,0,0,0,0,0,0,0,0,0,0,0,0,,,,,,,,
618,Internal,276,486,61788,50,15.8,17.7,24,82,584,33,112,36,0,0,0,0,0,13,55,8,0,0,0,0,181,0,0,0,0,0,0,0,0,0,0,0,0,,,,,,,,
619,Internal,27,91,138125,50,28.6,11.2,15,62,45,0,0,52,0,0,0,0,0,6,1,0,0,0,10,0,416,0,0,0,4,0,0,200,0,0,40,0,0,,,,,,,,
620,Internal,58,139,138125,50,28.6,11.2,0,2,0,0,0,28,0,0,0,0,0,0,0,0,0,0,0,0,0,0,0,0,0,0,0,0,0,0,0,0,0,,,,,,,,
621,Internal,180,464,138125,50,28.6,11.2,4,54,59,1,0,38,0,0,0,0,0,25,1,4,0,0,0,0,168,0,0,0,0,0,0,0,0,0,0,0,0,,,,,,,,
622,Internal,500,1447,138125,50,28.6,11.2,6,6,33,0,0,52,0,0,0,0,0,25,6,18,0,0,0,0,54,0,0,0,0,0,0,0,0,0,0,0,0,,,,,,,,
623,Internal,153,340,138125,50,28.6,11.2,0,116,152,0,1,27,0,0,0,0,0,0,3,4,0,0,0,0,750,0,0,0,0,0,0,0,0,0,0,0,0,,,,,,,,
624,Internal,54,148,138125,50,28.6,11.2,0,0,0,12,0,28,0,0,0,0,0,6,0,0,0,0,0,0,0,0,0,0,0,0,0,0,0,0,0,0,0,,,,,,,,
625,Internal,1,3,61788,50,15.8,17.7,0,0,4,0,0,28,0,0,0,0,0,0,0,0,0,0,0,0,0,0,0,0,0,0,0,0,0,0,0,0,0,,,,,,,,
626,Internal,1,4,61788,50,15.8,17.7,1,9,233,6,924,12,0,0,0,0,0,0,0,0,0,0,0,0,0,0,0,0,0,0,0,0,0,0,0,0,0,,,,,,,,
627,Internal,261,425,61788,50,15.8,17.7,10,64,45,21,297,24,0,0,0,0,0,62,20,0,0,0,0,0,0,0,0,0,0,0,0,0,0,0,0,0,0,,,,,,,,
628,Internal,499,1104,80540,50,16.9,28.0,22,195,211,1,2,52,0,0,0,0,0,31,48,7,0,0,0,0,1233,0,0,0,0,0,0,0,0,0,0,0,0,,,,,,,,
629,Internal,27,101,73304,44,2.5,47.9,0,0,0,0,0,19,0,0,0,0,0,0,3,0,0,0,0,0,0,0,0,0,0,0,0,0,0,0,0,0,0,,,,,,,,
630,Internal,248,611,80540,50,16.9,28.0,222,86,30,25,2,34,0,0,0,0,0,19,25,4,0,0,0,0,368,0,0,0,0,0,0,0,0,0,0,0,0,,,,,,,,
631,Internal,0,0,103971,54,12.4,40.1,0,0,0,0,0,34,0,0,0,0,0,0,0,0,0,0,0,0,0,0,0,0,0,0,0,0,0,0,0,0,0,,,,,,,,
632,Internal,321,495,103971,54,12.4,40.1,0,3,605,0,2,29,0,0,0,0,0,299,0,0,0,0,0,0,0,0,0,0,0,0,0,0,0,0,0,0,0,,,,,,,,
633,Internal,11,26,103971,54,12.4,40.1,6,0,15,18,22,51,0,0,0,0,0,0,0,0,0,0,0,0,0,0,0,0,0,0,0,0,0,0,0,0,0,,,,,,,,
634,Internal,1,18,103971,54,12.4,40.1,0,39,33,80,285,14,0,0,0,0,0,0,0,0,0,0,0,0,0,0,0,0,0,0,0,0,0,0,0,0,0,,,,,,,,
635,Internal,78,218,103971,54,12.4,40.1,0,0,0,0,0,34,0,0,0,0,0,0,0,4,0,0,0,0,0,0,0,0,0,0,0,0,0,0,0,0,0,,,,,,,,
636,Internal,171,452,103971,54,12.4,40.1,1,3,22,0,0,24,0,0,0,0,0,0,0,0,0,0,0,0,0,0,0,0,0,0,0,0,0,0,0,0,0,,,,,,,,
637,Internal,178,425,103971,54,12.4,40.1,9,53,33,5,0,36,0,0,0,0,0,25,0,4,0,0,0,0,162,0,0,0,0,0,0,0,0,0,0,0,0,,,,,,,,
638,Internal,267,474,103971,54,12.4,40.1,1,8,11,0,2,62,0,0,0,0,0,19,1,7,0,0,0,0,0,0,0,0,0,0,0,0,0,0,0,0,0,,,,,,,,
639,Internal,395,668,120486,54,14.0,15.4,7,46,179,0,20,35,0,0,0,0,0,56,0,0,0,0,0,0,0,0,0,0,0,0,0,0,0,0,0,0,0,,,,,,,,
640,Internal,329,562,120486,54,14.0,15.4,7,577,73,48,21,80,0,0,0,0,0,37,10,7,0,0,0,0,0,0,0,0,0,0,0,0,0,0,0,0,0,,,,,,,,
641,Internal,229,328,56793,54,12.6,10.5,0,0,9,0,42,34,0,0,0,0,0,12,29,18,0,0,0,0,0,0,0,0,0,0,0,0,0,0,0,0,0,,,,,,,,
642,Internal,716,1174,56793,54,12.6,10.5,0,59,14,0,106,7,0,0,0,0,0,75,95,4,0,0,0,0,0,0,0,0,0,0,0,0,0,0,0,0,0,,,,,,,,
643,Internal,250,698,120486,54,14.0,15.4,0,14,7,2,0,46,0,0,0,0,0,25,4,7,0,0,0,0,0,0,0,0,0,0,0,0,0,0,0,0,0,,,,,,,,
644,Internal,390,716,56793,54,12.6,10.5,23,31,26,3,0,51,0,0,0,0,0,25,13,0,0,0,0,0,15,0,0,0,0,0,0,0,0,0,0,0,0,,,,,,,,
645,Internal,407,1086,120486,54,14.0,15.4,4,287,50,25,12,57,0,0,0,0,0,25,6,4,0,0,0,0,1867,0,0,0,0,0,0,0,0,0,0,0,0,,,,,,,,
646,Internal,120,373,120486,54,14.0,15.4,0,3,0,0,0,34,0,0,0,0,0,19,1,0,0,0,0,0,0,0,0,0,0,0,0,0,0,0,0,0,0,,,,,,,,
647,Internal,134,244,56793,54,12.6,10.5,0,3,15,0,0,10,0,0,0,0,0,25,3,0,0,0,0,0,0,0,0,0,0,0,0,0,0,0,0,0,0,,,,,,,,
648,Internal,180,515,56793,54,12.6,10.5,2,10,1,0,0,34,0,0,0,0,0,25,3,7,0,0,0,0,0,0,0,0,0,0,0,0,0,0,0,0,0,,,,,,,,
649,Internal,155,320,120486,54,14.0,15.4,0,109,78,0,6,34,0,0,0,0,0,19,0,0,0,0,0,0,876,0,0,0,0,0,0,0,0,0,0,0,0,,,,,,,,
650,Internal,48,150,56793,54,12.6,10.5,45,2,448,10,330,34,0,0,0,0,0,0,10,0,0,0,0,0,0,0,0,0,0,0,0,0,0,0,0,0,0,,,,,,,,
651,Internal,475,946,56793,54,12.6,10.5,31,0,38,10,0,24,0,0,0,0,0,62,62,36,0,0,0,0,0,0,0,0,0,0,0,0,0,0,0,0,0,,,,,,,,
652,Internal,1,1,56793,54,12.6,10.5,0,110,0,0,0,34,0,0,0,0,0,6,0,4,0,0,0,0,997,0,0,0,0,0,0,0,0,0,0,0,0,,,,,,,,
653,Internal,241,588,82463,49,14.1,29.1,3,27,36,13,6,80,0,0,0,0,0,0,0,0,0,0,0,0,0,0,0,0,0,0,0,0,0,0,0,0,0,,,,,,,,
654,Internal,28,63,82463,49,14.1,29.1,0,2,0,0,0,80,0,0,0,0,0,0,0,0,0,0,0,0,0,0,0,0,0,0,0,0,0,0,0,0,0,,,,,,,,
655,Internal,132,363,82463,49,14.1,29.1,21,13,0,0,0,13,0,0,0,0,0,0,0,0,0,0,0,0,0,0,0,0,0,0,0,0,0,0,0,0,0,,,,,,,,
656,Internal,264,667,82463,49,14.1,29.1,2,51,201,0,8,13,0,0,0,0,0,0,4,4,0,0,0,0,0,0,0,0,0,0,0,0,0,0,0,0,0,,,,,,,,
657,Internal,294,731,82463,49,14.1,29.1,419,42,9,0,0,87,0,0,0,0,0,0,4,0,0,0,0,0,0,0,0,0,0,0,0,0,0,0,0,0,0,,,,,,,,
658,Internal,0,0,82463,49,14.1,29.1,941,0,15,0,0,86,0,0,0,0,0,0,0,0,0,0,0,0,0,0,0,0,0,0,0,0,0,0,0,0,0,,,,,,,,
659,Internal,3,3,82463,49,14.1,29.1,600,10,3,1,0,93,0,0,0,0,0,0,0,0,0,0,0,0,0,0,0,0,0,0,0,0,0,0,0,0,0,,,,,,,,
660,Internal,113,281,87681,49,21.1,12.5,1,5,0,0,29,19,0,0,0,0,0,0,0,0,0,0,0,0,0,0,0,0,0,0,0,0,0,0,0,0,0,,,,,,,,
661,Internal,129,270,87681,49,21.1,12.5,0,8,0,0,0,80,0,0,0,0,0,0,0,0,0,0,0,0,0,0,0,0,0,0,0,0,0,0,0,0,0,,,,,,,,
662,Internal,174,431,87681,49,21.1,12.5,0,14,0,0,4,80,0,0,0,0,0,0,0,0,0,0,0,0,0,0,0,0,0,0,0,0,0,0,0,0,0,,,,,,,,
663,Internal,116,259,87681,49,21.1,12.5,3,25,932,3,7,80,0,0,0,0,0,0,0,0,0,0,0,0,0,0,0,0,0,0,0,0,0,0,0,0,0,,,,,,,,
664,Internal,7,14,87681,49,21.1,12.5,0,4,0,0,0,80,0,0,0,0,0,0,0,0,0,0,0,0,0,0,0,0,0,0,0,0,0,0,0,0,0,,,,,,,,
665,Internal,350,853,87681,49,21.1,12.5,2,29,71,2,2,28,0,0,0,0,0,0,0,0,0,0,0,0,321,0,0,0,0,0,0,0,0,0,0,0,0,,,,,,,,
666,Internal,327,855,74900,49,18.2,20.1,2,38,28,0,1,29,0,0,0,0,0,0,0,0,0,0,0,0,0,0,0,0,0,0,0,0,0,0,0,0,0,,,,,,,,
667,Internal,145,351,74900,49,18.2,20.1,4,6,82,7,5,29,0,0,0,0,0,0,0,0,0,0,0,0,0,0,0,0,0,0,0,0,0,0,0,0,0,,,,,,,,
668,Internal,114,254,74900,49,18.2,20.1,2,1,2,0,15,50,0,0,0,0,0,0,0,0,0,0,0,0,0,0,0,0,0,0,0,0,0,0,0,0,0,,,,,,,,
669,Internal,134,350,74900,49,18.2,20.1,0,8,6,0,1,80,0,0,0,0,0,0,0,0,0,0,0,0,0,0,0,0,0,0,0,0,0,0,0,0,0,,,,,,,,
670,Internal,102,256,74900,49,18.2,20.1,2,0,10,0,10,80,0,0,0,0,0,0,0,0,0,0,0,0,0,0,0,0,0,0,0,0,0,0,0,0,0,,,,,,,,
671,Internal,157,380,47841,43,22.8,12.8,29,80,7,0,3,17,0,0,0,0,0,0,0,0,0,0,0,0,515,0,0,0,0,0,0,0,0,0,0,0,0,,,,,,,,
672,Internal,142,344,54563,42,24.1,16.3,0,0,2,0,0,26,0,0,0,0,0,0,0,0,0,0,0,0,0,0,0,0,0,0,0,0,0,0,0,0,0,,,,,,,,
673,Internal,112,231,54563,42,24.1,16.3,0,2,89,0,0,29,0,0,0,0,0,0,0,0,0,0,0,0,0,0,0,0,0,0,0,0,0,0,0,0,0,,,,,,,,
674,Internal,115,276,54563,42,24.1,16.3,9,0,1,0,5,26,0,0,0,0,0,0,0,0,0,0,0,0,0,0,0,0,0,0,0,0,0,0,0,0,0,,,,,,,,
675,Internal,10,20,54563,42,24.1,16.3,0,85,2,0,0,37,0,0,0,0,0,0,0,0,0,0,0,0,511,0,0,0,0,0,0,0,0,0,0,0,0,,,,,,,,
676,Internal,138,394,54563,42,24.1,16.3,22,63,220,29,10,32,0,0,0,0,0,0,0,0,0,0,0,0,0,0,0,0,0,0,0,0,0,0,0,0,0,,,,,,,,
677,Internal,187,424,49515,42,17.1,27.8,6,2,22,0,20,26,0,0,0,0,0,0,0,0,0,0,0,0,0,0,0,0,0,0,0,0,0,0,0,0,0,,,,,,,,
678,Internal,108,264,49515,42,17.1,27.8,11,6,8,18,8,26,0,0,0,0,0,0,0,0,0,0,0,0,0,0,0,0,0,0,0,0,0,0,0,0,0,,,,,,,,
679,Internal,149,345,49515,42,17.1,27.8,3,5,4,0,2,26,0,0,0,0,0,0,0,0,0,0,0,0,0,0,0,0,0,0,0,0,0,0,0,0,0,,,,,,,,
680,Internal,71,188,49515,42,17.1,27.8,19,51,305,20,26,39,0,0,0,0,0,0,0,0,0,0,0,0,450,0,0,0,0,0,0,0,0,0,0,0,0,,,,,,,,
681,Internal,79,184,49515,42,17.1,27.8,0,0,8,0,0,13,0,0,0,0,0,0,0,0,0,0,0,0,0,0,0,0,0,0,0,0,0,0,0,0,0,,,,,,,,
682,Internal,83,163,49515,42,17.1,27.8,2,7,21,0,0,23,0,0,0,0,0,0,0,0,0,0,0,0,0,0,0,0,0,0,0,0,0,0,0,0,0,,,,,,,,
683,Internal,72,173,47946,42,25.7,18.8,0,5,6,0,100,26,0,0,0,0,0,0,0,0,0,0,0,0,256,0,0,0,0,0,0,0,0,0,0,0,0,,,,,,,,
684,Internal,239,559,47946,42,25.7,18.8,319,299,813,117,167,24,0,0,0,0,0,0,0,0,0,0,0,0,0,0,0,0,0,0,0,0,0,0,0,0,0,,,,,,,,
685,Internal,195,542,47946,42,25.7,18.8,0,13,28,0,5,26,0,0,0,0,0,0,0,0,0,0,0,0,0,0,0,0,0,0,0,0,0,0,0,0,0,,,,,,,,
686,Internal,44,74,47946,42,25.7,18.8,0,97,67,76,79,15,0,0,0,0,0,0,0,0,0,0,0,0,0,0,0,0,0,0,0,0,0,0,0,0,0,,,,,,,,
687,Internal,233,509,54563,42,24.1,16.3,116,81,269,71,166,24,0,0,0,0,0,0,0,0,0,0,0,0,0,0,0,0,0,0,0,0,0,0,0,0,0,,,,,,,,
688,Internal,106,248,20918,33,31.4,25.1,77,19,85,3,204,17,0,0,0,0,0,0,0,0,0,0,0,0,0,0,0,0,0,0,0,0,0,0,0,0,0,,,,,,,,
689,Internal,37,76,20918,33,31.4,25.1,91,17,156,0,18,16,0,0,0,0,0,0,0,0,0,0,0,0,180,0,0,0,0,0,0,0,0,0,0,0,0,,,,,,,,
690,Internal,58,160,20918,33,31.4,25.1,69,75,55,3,6,69,0,0,0,0,0,0,0,0,0,0,0,0,0,0,0,0,0,0,0,0,0,0,0,0,0,,,,,,,,
691,Internal,228,517,20918,33,31.4,25.1,3,451,12,10,35,44,0,0,0,0,0,0,0,0,0,0,0,0,0,0,0,0,0,0,0,0,0,0,0,0,0,,,,,,,,
692,Internal,5,44,20918,33,31.4,25.1,0,1,10,0,0,23,0,0,0,0,0,0,0,0,0,0,0,0,0,594,0,0,0,0,0,0,0,0,0,0,0,,,,,,,,
693,Internal,285,653,26759,33,20.3,24.0,21,13,220,0,2,32,0,0,0,0,0,0,0,0,0,0,0,0,0,0,0,0,0,0,0,0,0,0,0,0,0,,,,,,,,
694,Internal,35,71,26759,33,20.3,24.0,16,1,0,0,5,23,0,0,0,0,0,0,0,0,0,0,0,0,0,0,0,0,0,0,0,0,0,0,0,0,0,,,,,,,,
695,Internal,107,403,26759,33,20.3,24.0,23,21,60,0,31,15,0,0,0,0,0,0,0,0,0,0,0,0,0,0,0,0,0,0,0,0,0,0,0,0,0,,,,,,,,
696,Internal,113,184,26759,33,20.3,24.0,4,9,46,6,240,9,0,0,0,0,0,0,0,0,0,0,0,0,0,0,0,0,0,0,0,0,0,0,0,0,0,,,,,,,,
697,Internal,1,3,26759,33,20.3,24.0,0,92,1,0,0,23,0,0,0,0,0,0,0,0,0,0,0,0,444,0,0,0,0,0,0,0,0,0,0,0,0,,,,,,,,
698,Internal,242,685,43625,41,22.4,15.9,2,9,1,0,0,6,0,0,0,0,0,0,0,0,0,0,0,0,0,0,0,0,0,0,0,0,0,0,0,0,0,,,,,,,,
699,Internal,465,1138,43625,41,22.4,15.9,10,23,3,0,0,18,0,0,0,0,0,0,0,0,0,0,0,0,0,0,0,0,0,0,0,0,0,0,0,0,0,,,,,,,,
700,Internal,222,500,43625,41,22.4,15.9,0,3,1,0,0,10,0,0,0,0,0,0,0,0,0,0,0,0,0,0,0,0,0,0,0,0,0,0,0,0,0,,,,,,,,
701,Internal,127,348,43625,41,22.4,15.9,8,16,0,0,0,12,0,0,0,0,0,0,0,0,0,0,0,0,0,0,0,0,0,0,0,0,0,0,0,0,0,,,,,,,,
702,Internal,186,407,41535,42,23.6,12.0,58,100,52,24,46,24,0,0,0,0,0,0,0,0,0,0,0,0,227,0,0,0,0,0,0,0,0,0,0,0,0,,,,,,,,
703,Internal,124,297,41535,42,23.6,12.0,0,0,12,5,2,62,0,0,0,0,0,0,0,0,0,0,0,0,0,0,0,0,0,0,0,0,0,0,0,0,0,,,,,,,,
704,Internal,70,184,34179,42,24.7,22.3,0,88,19,9,0,23,0,0,0,0,0,0,0,0,0,0,0,0,0,0,0,0,0,0,0,0,0,0,0,0,0,,,,,,,,
705,Internal,159,309,34179,42,24.7,22.3,12,10,2,0,0,18,0,0,0,0,0,0,0,0,0,0,0,0,0,0,0,0,0,0,0,0,0,0,0,0,0,,,,,,,,
706,Internal,192,473,41535,42,23.6,12.0,0,0,0,0,0,62,0,0,0,0,0,0,0,0,0,0,0,0,0,0,0,0,0,0,0,0,0,0,0,0,0,,,,,,,,
707,Internal,114,288,40495,42,12.9,31.7,12,0,3,0,0,62,0,0,0,0,0,0,0,0,0,0,0,0,0,0,0,0,0,0,0,0,0,0,0,0,0,,,,,,,,
708,Internal,509,1283,41535,42,23.6,12.0,9,22,11,0,7,44,0,0,0,0,0,0,0,0,0,0,0,0,0,0,0,0,0,0,0,0,0,0,0,0,0,,,,,,,,
709,Internal,67,132,41535,42,23.6,12.0,516,82,0,0,0,96,0,0,0,0,0,0,0,0,0,0,0,0,0,0,0,0,0,0,0,0,0,0,0,0,0,,,,,,,,
710,Internal,159,408,40495,42,12.9,31.7,23,10,1,0,1,41,0,0,0,0,0,0,0,0,0,0,0,0,0,0,0,0,0,0,0,0,0,0,0,0,0,,,,,,,,
711,Internal,39,111,40495,42,12.9,31.7,70,1,6,1,0,62,0,0,0,0,0,0,0,0,0,0,0,0,0,0,0,0,0,0,0,0,0,0,0,0,0,,,,,,,,
712,Internal,98,283,34179,42,24.7,22.3,0,70,9,4,0,50,0,0,0,0,0,0,0,0,0,0,0,0,1080,0,0,0,0,0,0,0,0,0,0,0,0,,,,,,,,
713,Internal,404,1065,34179,42,24.7,22.3,6,16,30,5,3,39,0,0,0,0,0,0,0,0,0,0,0,0,0,0,0,0,0,0,0,0,0,0,0,0,0,,,,,,,,
714,Internal,150,367,34179,42,24.7,22.3,4,14,113,0,4,44,0,0,0,0,0,0,0,0,0,0,0,0,428,0,0,0,0,0,0,0,0,0,0,0,0,,,,,,,,
715,Internal,81,226,34179,42,24.7,22.3,0,4,0,0,0,62,0,0,0,0,0,0,0,0,0,0,0,0,0,0,0,0,0,0,0,0,0,0,0,0,0,,,,,,,,
716,Internal,685,1844,91168,50,20.3,14.5,12,18,11,0,3,40,0,0,0,0,0,0,0,0,0,0,0,0,0,0,0,0,0,0,0,0,0,0,0,0,0,,,,,,,,
717,Internal,422,1141,68068,50,26.1,11.0,17,21,5,0,0,45,0,0,0,0,0,0,0,0,0,0,0,0,0,0,0,0,0,0,0,0,0,0,0,0,0,,,,,,,,
718,Internal,116,277,68068,50,26.1,11.0,209,82,130,0,12,26,0,0,0,0,0,0,0,0,0,0,0,0,0,0,0,0,0,0,0,0,0,0,0,0,0,,,,,,,,
719,Internal,81,228,68068,50,26.1,11.0,13,4,60,0,136,58,0,0,0,0,0,0,0,0,0,0,0,0,410,0,0,0,0,0,0,0,0,0,0,0,0,,,,,,,,
720,Internal,939,2611,68068,50,26.1,11.0,48,38,43,2,2,39,0,0,0,0,0,0,0,0,0,0,0,0,0,0,0,0,0,0,0,0,0,0,0,0,0,,,,,,,,
721,Internal,193,493,91168,50,20.3,14.5,58,494,21,7,17,75,0,0,0,0,0,0,0,0,0,0,0,0,0,0,0,0,0,0,0,0,0,0,0,0,0,,,,,,,,
722,Internal,497,1533,91168,50,20.3,14.5,31,56,54,0,36,20,0,0,0,0,0,0,0,0,0,0,0,0,0,0,0,0,0,0,0,0,0,0,0,0,0,,,,,,,,
723,Internal,112,288,74861,49,24.3,11.4,404,2,149,0,10,56,0,0,0,0,0,0,0,0,0,0,0,0,424,0,0,0,0,0,0,0,0,0,0,0,0,,,,,,,,
724,Internal,215,636,91168,50,20.3,14.5,0,32,9,4,8,45,0,0,0,0,0,0,0,0,0,0,0,0,154,0,0,0,0,0,0,0,0,0,0,0,0,,,,,,,,
725,Internal,368,661,75078,49,26.7,9.9,401,114,183,0,40,50,0,0,0,0,0,0,0,0,0,0,0,0,0,0,0,0,0,0,0,0,0,0,0,0,0,,,,,,,,
726,Internal,86,273,91168,50,20.3,14.5,304,125,16,42,20,31,0,0,0,0,0,0,0,0,0,0,0,0,0,0,0,0,0,0,0,0,0,0,0,0,0,,,,,,,,
727,Internal,6,13,91168,50,20.3,14.5,381,202,128,28,425,23,0,0,0,0,0,0,0,0,0,0,0,0,18,0,0,0,0,0,0,0,0,0,0,0,0,,,,,,,,
728,Internal,5,33,75078,49,26.7,9.9,0,0,6,0,0,54,0,0,0,0,0,0,0,0,0,0,0,0,0,0,0,0,0,0,0,0,0,0,0,0,0,,,,,,,,
729,Internal,631,1796,78918,49,32.2,11.0,16,46,28,0,9,37,0,0,0,0,0,0,0,0,0,0,0,0,0,0,0,0,0,0,0,0,0,0,0,0,0,,,,,,,,
730,Internal,624,1689,78918,49,32.2,11.0,6,60,44,5,10,22,0,0,0,0,0,0,0,0,0,0,0,0,0,0,0,0,0,0,0,0,0,0,0,0,0,,,,,,,,
731,Internal,335,900,75078,49,26.7,9.9,0,3,6,34,0,45,0,0,0,0,0,0,0,0,0,0,0,0,0,0,0,0,0,0,0,0,0,0,0,0,0,,,,,,,,
732,Internal,298,860,75078,49,26.7,9.9,183,49,37,0,6,45,0,0,0,0,0,0,0,0,0,0,0,0,0,0,0,0,0,0,0,0,0,0,0,0,0,,,,,,,,
733,Internal,268,758,75078,49,26.7,9.9,6,142,5,0,2,51,0,0,0,0,0,0,0,0,0,0,0,0,943,0,0,0,0,0,0,0,0,0,0,0,0,,,,,,,,
734,Internal,213,567,74861,49,24.3,11.4,53,7,3,0,5,45,0,0,0,0,0,0,0,0,0,0,0,0,0,0,0,0,0,0,0,0,0,0,0,0,0,,,,,,,,
735,Internal,380,996,74861,49,24.3,11.4,0,2,11,0,23,34,0,0,0,0,0,0,0,0,0,0,0,0,0,0,0,0,0,0,0,0,0,0,0,0,0,,,,,,,,
736,Internal,281,686,74861,49,24.3,11.4,0,16,6,7,4,45,0,0,0,0,0,0,0,0,0,0,0,0,0,0,0,0,0,0,0,0,0,0,0,0,0,,,,,,,,
737,Internal,62,180,75078,49,26.7,9.9,81,0,32,0,2,14,0,0,0,0,0,0,0,0,0,0,0,0,0,0,0,0,0,0,0,0,0,0,0,0,0,,,,,,,,
738,Internal,92,201,74861,49,24.3,11.4,19,98,11,29,23,45,0,0,0,0,0,0,0,0,0,0,0,0,0,0,0,0,0,0,0,0,0,0,0,0,0,,,,,,,,
739,Internal,183,561,75078,49,26.7,9.9,0,0,4,0,0,45,0,0,0,0,0,0,0,0,0,0,0,0,0,0,0,0,0,0,0,0,0,0,0,0,0,,,,,,,,
740,Internal,17,70,75078,49,26.7,9.9,14,8,4,0,0,46,0,0,0,0,0,0,0,0,0,0,0,0,0,0,0,0,0,0,0,0,0,0,0,0,0,,,,,,,,
741,Internal,595,1629,45305,45,30.6,13.3,16,100,8,16,0,37,0,0,0,0,0,0,0,0,0,0,0,0,424,0,0,0,0,0,0,0,0,0,0,0,0,,,,,,,,
742,Internal,287,719,45305,45,30.6,13.3,16,18,24,12,3,27,0,0,0,0,0,0,0,0,0,0,0,0,0,0,0,0,0,0,0,0,0,0,0,0,0,,,,,,,,
743,Internal,125,336,45305,45,30.6,13.3,22,3,9,0,8,27,0,0,0,0,0,0,0,0,0,0,0,0,0,0,0,0,0,0,0,0,0,0,0,0,0,,,,,,,,
744,Internal,197,498,45305,45,30.6,13.3,1,11,8,0,4,27,0,0,0,0,0,0,0,0,0,0,0,0,0,0,0,0,0,0,0,0,0,0,0,0,0,,,,,,,,
745,Internal,341,861,63750,45,26.0,11.9,1,4,3,0,1,27,0,0,0,0,0,0,0,0,0,0,0,0,0,0,0,0,0,0,0,0,0,0,0,0,0,,,,,,,,
746,Internal,488,1249,59566,45,20.0,18.6,4,1,5,0,0,27,0,0,0,0,0,0,0,0,0,0,0,0,0,0,0,0,0,0,0,0,0,0,0,0,0,,,,,,,,
747,Internal,412,1097,63750,45,26.0,11.9,0,6,11,0,0,28,0,0,0,0,0,0,0,0,0,0,0,0,0,0,0,0,0,0,0,0,0,0,0,0,0,,,,,,,,
748,Internal,315,825,59566,45,20.0,18.6,2,29,5,0,0,27,0,0,0,0,0,0,0,0,0,0,0,0,0,0,0,0,0,0,0,0,0,0,0,0,0,,,,,,,,
749,Internal,188,534,63750,45,26.0,11.9,4,15,14,0,11,27,0,0,0,0,0,0,0,0,0,0,0,0,0,0,0,0,0,0,0,0,0,0,0,0,0,,,,,,,,
750,Internal,204,585,59566,45,20.0,18.6,4,3,5,0,1,27,0,0,0,0,0,0,0,0,0,0,0,0,0,0,0,0,0,0,0,0,0,0,0,0,0,,,,,,,,
751,Internal,92,256,59566,45,20.0,18.6,3,5,0,0,0,27,0,0,0,0,0,0,0,0,0,0,0,0,0,0,0,0,0,0,0,0,0,0,0,0,0,,,,,,,,
752,Internal,153,472,63750,45,26.0,11.9,0,2,0,0,0,8,0,0,0,0,0,0,0,0,0,0,0,0,0,0,0,0,0,0,0,0,0,0,0,0,0,,,,,,,,
753,Internal,204,513,63750,45,26.0,11.9,11,13,1,0,1,27,0,0,0,0,0,0,0,0,0,0,0,0,0,0,0,0,0,0,0,0,0,0,0,0,0,,,,,,,,
754,Internal,460,1045,55040,39,23.0,21.8,0,6,3,0,0,40,0,0,0,0,0,0,0,0,0,0,0,0,0,0,0,0,0,0,0,0,0,0,0,0,0,,,,,,,,
755,Internal,186,524,55442,39,21.4,9.7,3,3,0,0,0,38,0,0,0,0,0,0,0,0,0,0,0,0,0,0,0,0,0,0,0,0,0,0,0,0,0,,,,,,,,
756,Internal,167,570,55442,39,21.4,9.7,0,2,6,0,3,38,0,0,0,0,0,0,0,0,0,0,0,0,0,0,0,0,0,0,0,0,0,0,0,0,0,,,,,,,,
757,Internal,90,235,55442,39,21.4,9.7,0,1,1,0,8,38,0,0,0,0,0,0,0,0,0,0,0,0,0,0,0,0,0,0,0,0,0,0,0,0,0,,,,,,,,
758,Internal,647,1360,54922,39,10.5,24.7,0,30,1,0,3,45,0,0,0,0,0,0,0,0,0,0,0,0,0,0,0,0,0,0,0,0,0,0,0,0,0,,,,,,,,
759,Internal,466,1061,54922,39,10.5,24.7,32,2,12,9,0,32,0,0,0,0,0,0,0,0,0,0,0,0,0,0,0,0,0,0,0,0,0,0,0,0,0,,,,,,,,
760,Internal,30,78,55040,39,23.0,21.8,0,6,0,0,0,38,0,0,0,0,0,0,0,0,0,0,0,0,0,0,0,0,0,0,0,0,0,0,0,0,0,,,,,,,,
761,Internal,213,554,60250,47,23.9,11.9,2,0,0,0,0,30,0,0,0,0,0,0,0,0,0,0,0,0,0,0,0,0,0,0,0,0,0,0,0,0,0,,,,,,,,
762,Internal,74,188,60250,47,23.9,11.9,0,0,21,1,91,13,0,0,0,0,0,0,0,0,0,0,0,0,0,0,0,0,0,0,0,0,0,0,0,0,0,,,,,,,,
763,Internal,234,680,60250,47,23.9,11.9,1,13,0,0,0,30,0,0,0,0,0,0,0,0,0,0,0,0,21,0,0,0,0,0,0,0,0,0,0,0,0,,,,,,,,
764,Internal,174,359,45625,47,20.4,14.4,18,4,5,0,14,18,0,0,0,0,0,0,0,0,0,0,0,0,0,0,0,0,0,0,0,0,0,0,0,0,0,,,,,,,,
765,Internal,123,262,45625,47,20.4,14.4,20,176,8,9,3,44,0,0,0,0,0,0,0,0,0,0,0,0,814,0,0,0,0,0,0,0,0,0,0,0,0,,,,,,,,
766,Internal,118,412,45625,47,20.4,14.4,0,74,5,0,3,46,0,0,0,0,0,0,0,0,0,0,0,0,655,0,0,0,0,0,0,0,0,0,0,0,0,,,,,,,,
767,Internal,205,508,45625,47,20.4,14.4,0,4,1,0,0,30,0,0,0,0,0,0,0,0,0,0,0,0,0,0,0,0,0,0,0,0,0,0,0,0,0,,,,,,,,
768,Internal,146,406,45625,47,20.4,14.4,3,93,1,5,5,51,0,0,0,0,0,0,0,0,0,0,0,0,568,0,0,0,0,0,0,0,0,0,0,0,0,,,,,,,,
769,Internal,89,209,45625,47,20.4,14.4,0,3,2,0,2,30,0,0,0,0,0,0,0,0,0,0,0,0,0,0,0,0,0,0,0,0,0,0,0,0,0,,,,,,,,
770,Internal,284,715,55926,47,17.0,16.2,0,12,4,0,0,15,0,0,0,0,0,0,0,0,0,0,0,0,0,0,0,0,0,0,0,0,0,0,0,0,0,,,,,,,,
771,Internal,536,1418,55926,47,17.0,16.2,45,29,5,0,7,22,0,0,0,0,0,0,0,0,0,0,0,0,0,0,0,0,0,0,0,0,0,0,0,0,0,,,,,,,,
772,Internal,71,191,41332,47,21.9,14.8,0,4,0,0,0,15,0,0,0,0,0,0,0,0,0,0,0,0,0,0,0,0,0,0,0,0,0,0,0,0,0,,,,,,,,
773,Internal,282,701,55926,47,17.0,16.2,4,2,4,0,2,15,0,0,0,0,0,0,0,0,0,0,0,0,0,0,0,0,0,0,0,0,0,0,0,0,0,,,,,,,,
774,Internal,165,515,41332,47,21.9,14.8,0,0,3,0,0,15,0,0,0,0,0,0,0,0,0,0,0,0,0,0,0,0,0,0,0,0,0,0,0,0,0,,,,,,,,
775,Internal,369,935,41332,47,21.9,14.8,2,4,8,0,0,15,0,0,0,0,0,0,0,0,0,0,0,0,0,0,0,0,0,0,0,0,0,0,0,0,0,,,,,,,,
776,Internal,244,554,41332,47,21.9,14.8,0,7,2,0,0,15,0,0,0,0,0,0,0,0,0,0,0,0,0,0,0,0,0,0,0,0,0,0,0,0,0,,,,,,,,
777,Internal,105,296,41332,47,21.9,14.8,0,8,18,0,0,15,0,0,0,0,0,0,0,0,0,0,0,0,0,0,0,0,0,0,0,0,0,0,0,0,0,,,,,,,,
778,Internal,192,453,43094,35,13.9,31.5,21,17,9,1,9,15,0,0,0,0,0,0,0,0,0,0,0,0,0,0,0,0,0,0,0,0,0,0,0,0,0,,,,,,,,
779,Internal,567,1526,70441,50,26.6,11.9,2,6,4,0,0,48,0,0,0,0,0,0,0,0,0,0,0,0,0,0,0,0,0,0,0,0,0,0,0,0,0,,,,,,,,
780,Internal,380,1057,67768,49,21.7,10.7,48,83,0,0,3,36,0,0,0,0,0,0,0,0,0,0,0,0,423,0,0,0,0,0,0,0,0,0,0,0,0,,,,,,,,
781,Internal,112,252,67768,49,21.7,10.7,0,0,0,0,0,34,0,0,0,0,0,0,0,0,0,0,0,0,0,0,0,0,0,0,0,0,0,0,0,0,0,,,,,,,,
782,Internal,294,753,67768,49,21.7,10.7,14,24,0,0,0,34,0,0,0,0,0,0,0,0,0,0,0,0,0,0,0,0,0,0,0,0,0,0,0,0,0,,,,,,,,
783,Internal,238,572,70441,50,26.6,11.9,16,90,5,4,0,50,0,0,0,0,0,0,0,0,0,0,0,0,358,0,0,0,0,0,0,0,0,0,0,0,0,,,,,,,,
784,Internal,768,1997,67768,49,21.7,10.7,56,20,4,0,10,48,0,0,0,0,0,0,0,0,0,0,0,0,0,0,0,0,0,0,0,0,0,0,0,0,0,,,,,,,,
785,Internal,4,8,67768,49,21.7,10.7,0,0,40,0,3,56,0,0,0,0,0,0,0,0,0,0,0,0,295,0,0,0,0,0,0,0,0,0,0,0,0,,,,,,,,
786,Internal,32,66,67768,49,21.7,10.7,3,3,2,0,0,34,0,0,0,0,0,0,0,0,0,0,0,0,0,0,0,0,0,0,0,0,0,0,0,0,0,,,,,,,,
787,Internal,220,610,72969,49,17.3,13.4,58,20,2,0,7,21,0,0,0,0,0,0,0,0,0,0,0,0,0,0,0,0,0,0,0,0,0,0,0,0,0,,,,,,,,
788,Internal,149,459,72969,49,17.3,13.4,0,1,5,0,0,34,0,0,0,0,0,0,0,0,0,0,0,0,0,0,0,0,0,0,0,0,0,0,0,0,0,,,,,,,,
789,Internal,221,550,72969,49,17.3,13.4,1,22,0,0,0,34,0,0,0,0,0,0,0,0,0,0,0,0,0,0,0,0,0,0,0,0,0,0,0,0,0,,,,,,,,
790,Internal,75,152,72969,49,17.3,13.4,0,27,0,0,0,34,0,0,0,0,0,0,0,0,0,0,0,0,0,0,0,0,0,0,0,0,0,0,0,0,0,,,,,,,,
791,Internal,51,187,72969,49,17.3,13.4,7,12,0,0,0,34,0,0,0,0,0,0,0,0,0,0,0,0,0,0,0,0,0,0,0,0,0,0,0,0,0,,,,,,,,
792,Internal,159,365,76009,54,22.3,17.0,5,20,624,32,114,17,0,0,0,0,0,0,0,0,0,0,0,0,0,0,0,0,0,0,0,0,0,0,0,0,0,,,,,,,,
793,Internal,197,578,76009,54,22.3,17.0,47,56,112,85,129,16,0,0,0,0,0,0,0,0,0,0,0,0,1076,0,0,0,0,0,0,0,0,0,0,0,0,,,,,,,,
794,Internal,44,103,72969,49,17.3,13.4,0,0,0,0,0,34,0,0,0,0,0,0,0,0,0,0,0,0,0,0,0,0,0,0,0,0,0,0,0,0,0,,,,,,,,
795,Internal,31,108,72969,49,17.3,13.4,0,1,4,0,0,34,0,0,0,0,0,0,0,0,0,0,0,0,0,0,0,0,0,0,0,0,0,0,0,0,0,,,,,,,,
796,Internal,43,75,76009,54,22.3,17.0,0,0,1,1,0,51,0,0,0,0,0,0,0,0,0,0,0,0,0,0,0,0,0,0,0,0,0,0,0,0,0,,,,,,,,
797,Internal,97,199,76009,54,22.3,17.0,0,2,29,0,5,51,0,0,0,0,0,0,0,0,0,0,0,0,0,0,0,0,0,0,0,0,0,0,0,0,0,,,,,,,,
798,Internal,119,274,65865,54,28.4,8.5,19,2,22,0,0,9,0,0,0,0,0,0,0,0,0,0,0,0,0,0,0,0,0,0,0,0,0,0,0,0,0,,,,,,,,
799,Internal,1075,2707,65865,54,28.4,8.5,878,120,319,68,301,70,0,0,0,0,0,0,0,0,0,0,0,0,1258,0,0,0,0,0,0,0,0,0,0,0,0,,,,,,,,
800,Internal,368,1034,65865,54,28.4,8.5,74,110,169,35,39,33,0,0,0,0,0,0,0,0,0,0,0,0,0,0,0,0,0,0,0,0,0,0,0,0,0,,,,,,,,
801,Internal,223,556,65865,54,28.4,8.5,78,8,0,0,1,51,0,0,0,0,0,0,0,0,0,0,0,0,0,0,0,0,0,0,0,0,0,0,0,0,0,,,,,,,,
802,Internal,219,552,65472,54,8.1,21.4,55,121,139,26,42,12,0,0,0,0,0,0,0,0,0,0,0,0,609,0,0,0,0,0,0,0,0,0,0,0,0,,,,,,,,
803,Internal,180,432,65472,54,8.1,21.4,0,19,17,0,0,55,0,0,0,0,0,0,0,0,0,0,0,0,0,0,0,0,0,0,0,0,0,0,0,0,0,,,,,,,,
804,Internal,334,871,70441,50,26.6,11.9,2,40,0,2,0,62,0,0,0,0,0,0,0,0,0,0,0,0,0,0,0,0,0,0,0,0,0,0,0,0,0,,,,,,,,
805,Internal,461,1270,90230,50,20.3,13.1,6,17,7,0,0,50,0,0,0,0,0,0,0,0,0,0,0,0,0,0,0,0,0,0,0,0,0,0,0,0,0,,,,,,,,
806,Internal,382,975,70441,50,26.6,11.9,8,10,0,0,6,50,0,0,0,0,0,0,0,0,0,0,0,0,0,0,0,0,0,0,0,0,0,0,0,0,0,,,,,,,,
807,Internal,408,1098,90230,50,20.3,13.1,7,10,1,0,0,50,0,0,0,0,0,0,0,0,0,0,0,0,0,0,0,0,0,0,0,0,0,0,0,0,0,,,,,,,,
808,Internal,695,1792,90230,50,20.3,13.1,23,46,7,0,5,59,0,0,0,0,0,0,0,0,0,0,0,0,0,0,0,0,0,0,0,0,0,0,0,0,0,,,,,,,,
809,Internal,408,1164,90230,50,20.3,13.1,16,13,4,0,2,50,0,0,0,0,0,0,0,0,0,0,0,0,0,0,0,0,0,0,0,0,0,0,0,0,0,,,,,,,,
810,Internal,144,376,65865,54,28.4,8.5,2,1,2,0,0,51,0,0,0,0,0,0,0,0,0,0,0,0,0,0,0,0,0,0,0,0,0,0,0,0,0,,,,,,,,
811,Internal,163,467,72031,46,14.5,25.2,21,3,5,0,0,24,0,0,0,0,0,0,0,0,0,0,0,0,0,0,0,0,0,0,0,0,0,0,0,0,0,,,,,,,,
812,Internal,151,325,72031,46,14.5,25.2,0,5,8,0,0,24,0,0,0,0,0,0,0,0,0,0,0,0,0,0,0,0,0,0,0,0,0,0,0,0,0,,,,,,,,
813,Internal,123,273,72031,46,14.5,25.2,2,11,0,0,2,24,0,0,0,0,0,0,0,0,0,0,0,0,0,0,0,0,0,0,0,0,0,0,0,0,0,,,,,,,,
814,Internal,0,0,55628,45,23.0,14.0,0,45,300,0,0,0,0,0,0,0,0,0,0,0,0,0,0,0,0,0,0,0,0,0,0,0,0,0,0,0,0,,,,,,,,
815,Internal,504,1279,58100,46,23.7,12.4,23,34,4,4,3,24,0,0,0,0,0,0,0,0,0,0,0,0,0,0,0,0,0,0,0,0,0,0,0,0,0,,,,,,,,
816,Internal,97,256,103194,46,21.2,7.4,0,9,13,5,1,37,0,0,0,0,0,0,0,0,0,0,0,0,0,0,0,0,0,0,0,0,0,0,0,0,0,,,,,,,,
817,Internal,85,225,103194,46,21.2,7.4,21,9,0,0,0,24,0,0,0,0,0,0,0,0,0,0,0,0,0,0,0,0,0,0,0,0,0,0,0,0,0,,,,,,,,
818,Internal,401,1016,58100,46,23.7,12.4,3,24,51,0,2,24,0,0,0,0,0,0,0,0,0,0,0,0,0,0,0,0,0,0,0,0,0,0,0,0,0,,,,,,,,
819,Internal,426,1196,58100,46,23.7,12.4,0,81,1,0,0,38,0,0,0,0,0,0,0,0,0,0,0,0,653,0,0,0,0,0,0,0,0,0,0,0,0,,,,,,,,
820,Internal,152,399,103194,46,21.2,7.4,422,68,20,35,29,11,0,0,0,0,0,0,0,0,0,0,0,0,0,0,0,0,0,0,0,0,0,0,0,0,0,,,,,,,,
821,Internal,283,668,54821,37,19.6,24.0,5,5,1741,1,0,15,0,0,0,0,0,0,0,0,0,0,0,0,0,0,0,0,0,0,0,0,0,0,0,0,0,,,,,,,,
822,Internal,505,1375,33309,37,30.8,6.6,409,28,422,20,222,40,0,0,0,0,0,0,0,0,0,0,0,0,0,0,0,0,0,0,0,0,0,0,0,0,0,,,,,,,,
823,Internal,23,57,54821,37,19.6,24.0,0,85,60,0,12,53,0,0,0,0,0,0,0,0,0,0,0,0,922,0,0,0,0,0,0,0,0,0,0,0,0,,,,,,,,
824,Internal,433,1242,43281,35,30.4,16.8,75,14,8,0,0,73,0,0,0,0,0,0,0,0,0,0,0,0,0,0,0,0,0,0,0,0,0,0,0,0,0,,,,,,,,
825,Internal,17,80,75938,35,29.1,38.4,76,211,3017,0,66,57,0,0,0,0,0,0,0,0,0,0,0,0,0,0,0,0,0,0,0,0,0,0,0,0,0,,,,,,,,
826,Internal,550,1240,43281,35,30.4,16.8,210,144,127,54,82,38,0,0,0,0,0,0,0,0,0,0,0,0,0,0,0,0,0,0,0,0,0,0,0,0,0,,,,,,,,
827,Internal,178,424,43281,35,30.4,16.8,2,16,2,0,0,31,0,0,0,0,0,0,0,0,0,0,0,0,0,0,0,0,0,0,0,0,0,0,0,0,0,,,,,,,,
828,Internal,206,597,45491,41,22.4,11.8,0,7,6,0,0,42,0,0,0,0,0,0,0,0,0,0,0,0,0,0,0,0,0,0,0,0,0,0,0,0,0,,,,,,,,
829,Internal,220,571,40712,37,15.4,17.1,19,6,13,0,0,34,0,0,0,0,0,0,0,0,0,0,0,0,0,0,0,0,0,0,0,0,0,0,0,0,0,,,,,,,,
830,Internal,113,253,26875,37,29.4,26.9,7,0,29,28,11,9,0,0,0,0,0,0,0,0,0,0,0,0,0,0,0,0,0,0,0,0,0,0,0,0,0,,,,,,,,
831,Internal,699,1736,56289,47,28.9,13.8,7,0,14,0,17,17,0,0,0,0,0,0,0,0,0,0,0,0,0,0,0,0,0,0,0,0,0,0,0,0,0,,,,,,,,
832,Internal,13,36,52134,46,25.0,8.6,200,100,0,2,0,46,0,0,0,0,0,0,0,0,0,0,0,0,0,0,0,0,0,0,0,0,0,0,0,0,0,,,,,,,,
833,Internal,286,690,52134,46,25.0,8.6,27,220,36,27,119,16,0,0,0,0,0,0,0,0,0,0,0,0,0,0,0,0,0,0,0,0,0,0,0,0,0,,,,,,,,
834,Internal,28,88,52134,46,25.0,8.6,591,2318,8,0,5,78,0,0,0,0,0,0,0,0,0,0,0,0,0,0,0,0,0,0,0,0,0,0,0,0,0,,,,,,,,
835,Internal,149,404,81590,44,27.2,9.7,46,11,91,0,0,25,0,0,0,0,0,0,0,0,0,0,0,0,0,0,0,0,0,0,0,0,0,0,0,0,0,,,,,,,,
836,Internal,295,759,69315,49,13.8,13.7,4,36,1,4,3,71,0,0,0,0,0,0,0,0,0,0,0,0,0,0,0,0,0,0,0,0,0,0,0,0,0,,,,,,,,
837,Internal,614,1502,83571,49,27.5,10.5,4,83,34,22,12,13,0,0,0,0,0,0,0,0,0,0,0,0,0,0,0,0,0,0,0,0,0,0,0,0,0,,,,,,,,
838,Internal,183,483,85027,44,31.8,10.1,78,86,265,66,355,14,0,0,0,0,0,0,0,0,0,0,0,0,0,0,0,0,0,0,0,0,0,0,0,0,0,,,,,,,,
839,Internal,86,243,53665,40,21.5,11.2,4,0,0,5,6,20,0,0,0,0,0,0,0,0,0,0,0,0,0,0,0,0,0,0,0,0,0,0,0,0,0,,,,,,,,
840,Internal,98,280,53665,40,21.5,11.2,21,3,0,0,0,20,0,0,0,0,0,0,0,0,0,0,0,0,0,0,0,0,0,0,0,0,0,0,0,0,0,,,,,,,,
841,Internal,289,808,38674,40,23.4,27.0,51,66,1,0,0,42,0,0,0,0,0,0,0,0,0,0,0,0,0,0,0,0,0,0,0,0,0,0,0,0,0,,,,,,,,
842,Internal,150,388,31042,40,23.9,15.6,11,1,13,0,0,11,0,0,0,0,0,0,0,0,0,0,0,0,0,0,0,0,0,0,0,0,0,0,0,0,0,,,,,,,,
843,Internal,316,881,49957,37,24.0,12.8,7,2,0,0,5,32,0,0,0,0,0,0,0,0,0,0,0,0,0,0,0,0,0,0,0,0,0,0,0,0,0,,,,,,,,
844,Internal,399,982,49957,37,24.0,12.8,6,8,5,0,0,42,0,0,0,0,0,0,0,0,0,0,0,0,0,0,0,0,0,0,0,0,0,0,0,0,0,,,,,,,,
845,Internal,316,871,46336,37,25.4,12.9,42,1,11,0,42,11,0,0,0,0,0,0,0,0,0,0,0,0,0,0,0,0,0,0,0,0,0,0,0,0,0,,,,,,,,
846,Internal,587,1499,28977,37,25.3,23.9,282,363,155,59,238,23,0,0,0,0,0,0,0,0,0,0,0,0,1765,0,0,0,0,0,0,0,0,0,0,0,0,,,,,,,,
847,Internal,498,1398,46336,37,25.4,12.9,32,40,9,0,1,21,0,0,0,0,0,0,0,0,0,0,0,0,0,0,0,0,0,0,0,0,0,0,0,0,0,,,,,,,,
848,Internal,335,882,46113,36,31.4,20.0,3,6,5,0,0,25,0,0,0,0,0,0,0,0,0,0,0,0,0,0,0,0,0,0,0,0,0,0,0,0,0,,,,,,,,
849,Internal,268,712,34403,37,8.3,38.0,3,2,5,2,2,12,0,0,0,0,0,0,0,0,0,0,0,0,0,0,0,0,0,0,0,0,0,0,0,0,0,,,,,,,,
850,Internal,232,639,49957,37,24.0,12.8,0,2,24,0,0,21,0,0,0,0,0,0,0,0,0,0,0,0,0,0,0,0,0,0,0,0,0,0,0,0,0,,,,,,,,
851,Internal,311,800,38674,40,23.4,27.0,5,5,10,0,4,20,0,0,0,0,0,0,0,0,0,0,0,0,0,0,0,0,0,0,0,0,0,0,0,0,0,,,,,,,,
852,Internal,318,814,53665,40,21.5,11.2,46,4,7,0,4,30,0,0,0,0,0,0,0,0,0,0,0,0,0,0,0,0,0,0,0,0,0,0,0,0,0,,,,,,,,
853,Internal,475,1253,50775,40,29.5,10.7,35,0,19,0,0,21,0,0,0,0,0,0,0,0,0,0,0,0,0,0,0,0,0,0,0,0,0,0,0,0,0,,,,,,,,
854,Internal,152,326,50775,40,29.5,10.7,12,0,3,0,0,18,0,0,0,0,0,0,0,0,0,0,0,0,0,0,0,0,0,0,0,0,0,0,0,0,0,,,,,,,,
855,Internal,317,797,41570,40,19.4,6.4,6,94,16,0,11,11,0,0,0,0,0,0,0,0,0,0,0,0,618,0,0,0,0,0,0,0,0,0,0,0,0,,,,,,,,
856,Internal,749,1954,31042,40,23.9,15.6,49,6,27,0,12,5,0,0,0,0,0,0,0,0,0,0,0,0,0,0,0,0,0,0,0,0,0,0,0,0,0,,,,,,,,
857,Internal,241,591,26875,37,29.4,26.9,148,19,5,0,10,17,0,0,0,0,0,0,0,0,0,0,0,0,0,0,0,0,0,0,0,0,0,0,0,0,0,,,,,,,,
858,Internal,60,157,31290,39,15.9,16.1,5,0,19,0,17,32,0,0,0,0,0,0,0,0,0,0,0,0,0,0,0,0,0,0,0,0,0,0,0,0,0,,,,,,,,
859,Internal,320,803,36500,39,23.8,22.2,3,165,13,30,0,33,0,0,0,0,0,0,0,0,0,0,0,0,657,0,0,0,0,0,0,0,0,0,0,0,0,,,,,,,,
860,Internal,24,44,47778,39,20.1,12.8,355,2,444,0,0,68,0,0,0,0,0,0,0,0,0,0,0,0,0,0,0,0,0,0,0,0,0,0,0,0,0,,,,,,,,
861,Internal,97,262,31290,39,15.9,16.1,5,91,111,0,11,40,0,0,0,0,0,0,0,0,0,0,0,0,0,0,0,0,0,0,0,0,0,0,0,0,0,,,,,,,,
862,Internal,111,282,47778,39,20.1,12.8,0,1,0,0,0,32,0,0,0,0,0,0,0,0,0,0,0,0,0,0,0,0,0,0,0,0,0,0,0,0,0,,,,,,,,
863,Internal,53,127,47778,39,20.1,12.8,0,2,2,0,2,32,0,0,0,0,0,0,0,0,0,0,0,0,0,0,0,0,0,0,0,0,0,0,0,0,0,,,,,,,,
864,Internal,31,98,31290,39,15.9,16.1,0,200,4,0,0,19,0,0,0,0,0,0,0,0,0,0,0,0,0,0,0,0,0,0,0,0,0,0,0,0,0,,,,,,,,
865,Internal,159,411,31290,39,15.9,16.1,8,10,8,0,0,32,0,0,0,0,0,0,0,0,0,0,0,0,0,0,0,0,0,0,0,0,0,0,0,0,0,,,,,,,,
866,Internal,523,1380,45401,42,20.1,15.2,7,1,23,0,13,33,0,0,0,0,0,0,0,0,0,0,0,0,0,0,0,0,0,0,0,0,0,0,0,0,0,,,,,,,,
867,Internal,307,826,54911,42,20.4,22.4,10,52,7,0,0,28,0,0,0,0,0,0,0,0,0,0,0,0,0,0,0,0,0,0,0,0,0,0,0,0,0,,,,,,,,
868,Internal,183,518,47727,42,21.7,11.3,7,4,0,7,2,46,0,0,0,0,0,0,0,0,0,0,0,0,0,0,0,0,0,0,0,0,0,0,0,0,0,,,,,,,,
869,Internal,471,1221,54911,42,20.4,22.4,68,151,441,32,165,12,0,0,0,0,0,0,0,0,0,0,0,0,0,0,0,0,0,0,0,0,0,0,0,0,0,,,,,,,,
870,Internal,248,623,45491,41,22.4,11.8,3,2,82,0,0,7,0,0,0,0,0,0,0,0,0,0,0,0,0,0,0,0,0,0,0,0,0,0,0,0,0,,,,,,,,
871,Internal,229,495,36500,39,23.8,22.2,2,3,26,3,128,12,0,0,0,0,0,0,0,0,0,0,0,0,0,0,0,0,0,0,0,0,0,0,0,0,0,,,,,,,,
872,Internal,58,134,31290,39,15.9,16.1,0,0,0,0,0,32,0,0,0,0,0,0,0,0,0,0,0,0,0,0,0,0,0,0,0,0,0,0,0,0,0,,,,,,,,
873,Internal,40,88,47778,39,20.1,12.8,136,157,160,0,0,18,0,0,0,0,0,0,0,0,0,0,0,0,0,0,0,0,0,0,0,0,0,0,0,0,0,,,,,,,,
874,Internal,449,1065,44148,36,29.2,14.3,65,13,65,30,156,26,0,0,0,0,0,0,0,0,0,0,0,0,0,0,0,0,0,0,0,0,0,0,0,0,0,,,,,,,,
875,Internal,147,343,44148,36,29.2,14.3,5,0,31,3,269,33,0,0,0,0,0,0,0,0,0,0,0,0,0,0,0,0,0,0,0,0,0,0,0,0,0,,,,,,,,
876,Internal,269,698,41780,40,27.3,14.3,20,1,27,2,26,12,0,0,0,0,0,0,0,0,0,0,0,0,0,0,0,0,0,0,0,0,0,0,0,0,0,,,,,,,,
877,Internal,147,380,50775,40,29.5,10.7,69,53,38,26,78,18,0,0,0,0,0,0,0,0,0,0,0,0,0,0,0,0,0,0,0,0,0,0,0,0,0,,,,,,,,
878,Internal,113,253,40712,37,15.4,17.1,79,11,43,0,29,25,0,0,0,0,0,0,0,0,0,0,0,0,0,0,0,0,0,0,0,0,0,0,0,0,0,,,,,,,,
879,Internal,445,1198,46113,36,31.4,20.0,42,1,12,0,4,4,0,0,0,0,0,0,0,0,0,0,0,0,0,0,0,0,0,0,0,0,0,0,0,0,0,,,,,,,,
880,Internal,562,1477,45446,47,28.9,15.2,3,6,5,0,0,20,0,0,0,0,0,0,0,0,0,0,0,0,0,0,0,0,0,0,0,0,0,0,0,0,0,,,,,,,,
881,Internal,390,1016,56289,47,28.9,13.8,0,9,84,10,20,25,0,0,0,0,0,0,0,0,0,0,0,0,378,0,0,0,0,0,0,0,0,0,0,0,0,,,,,,,,
882,Internal,554,1342,63906,32,16.4,14.6,56,100,67,24,390,23,0,0,0,0,0,0,0,0,0,0,0,0,0,0,0,0,0,0,0,0,0,0,0,0,0,,,,,,,,
883,Internal,309,774,33500,32,20.5,3.2,97,1,8,2,4,19,0,0,0,0,0,0,0,0,0,0,0,0,0,0,0,0,0,0,0,0,0,0,0,0,0,,,,,,,,
884,Internal,272,742,49375,47,16.8,14.9,0,34,3,2,2,16,0,0,0,0,0,0,0,0,0,0,0,0,0,0,0,0,0,0,0,0,0,0,0,0,0,,,,,,,,
885,Internal,301,740,44148,36,29.2,14.3,0,3,17,0,9,36,0,0,0,0,0,0,0,0,0,0,0,0,0,0,0,0,0,0,0,0,0,0,0,0,0,,,,,,,,
886,Internal,188,479,16492,36,34.5,13.2,37,4,94,12,6,45,0,0,0,0,0,0,0,0,0,0,0,0,533,0,0,0,0,0,0,0,0,0,0,0,0,,,,,,,,
887,Internal,5,17,44148,36,29.2,14.3,8,0,50,0,130,17,0,0,0,0,0,0,0,0,0,0,0,0,0,0,0,0,0,0,0,0,0,0,0,0,0,,,,,,,,
888,Internal,172,465,40144,36,27.1,15.9,451,11,82,0,3,33,0,0,0,0,0,0,0,0,0,0,0,0,759,0,0,0,0,0,0,0,0,0,0,0,0,,,,,,,,
889,Internal,37,135,40144,36,27.1,15.9,0,0,0,0,3,25,0,0,0,0,0,0,0,0,0,0,0,0,0,0,0,0,0,0,0,0,0,0,0,0,0,,,,,,,,
890,Internal,184,435,40144,36,27.1,15.9,18,77,71,0,6,5,0,0,0,0,0,0,0,0,0,0,0,0,986,0,0,0,0,0,0,0,0,0,0,0,0,,,,,,,,
891,Internal,310,832,59265,36,16.2,23.1,7,8,9,0,4,25,0,0,0,0,0,0,0,0,0,0,0,0,0,0,0,0,0,0,0,0,0,0,0,0,0,,,,,,,,
892,Internal,84,194,59265,36,16.2,23.1,0,3,3,0,0,25,0,0,0,0,0,0,0,0,0,0,0,0,0,0,0,0,0,0,0,0,0,0,0,0,0,,,,,,,,
893,Internal,185,472,59265,36,16.2,23.1,5,6,3,0,0,25,0,0,0,0,0,0,0,0,0,0,0,0,0,0,0,0,0,0,0,0,0,0,0,0,0,,,,,,,,
894,Internal,337,895,51429,43,34.1,12.3,2,7,8,0,9,28,0,0,0,0,0,0,0,0,0,0,0,0,0,0,0,0,0,0,0,0,0,0,0,0,0,,,,,,,,
895,Internal,498,1308,53134,43,30.6,10.0,175,2,22,0,6,26,0,0,0,0,0,0,0,0,0,0,0,0,0,0,0,0,0,0,0,0,0,0,0,0,0,,,,,,,,
896,Internal,84,262,53134,43,30.6,10.0,0,3,1,0,0,26,0,0,0,0,0,0,0,0,0,0,0,0,0,0,0,0,0,0,0,0,0,0,0,0,0,,,,,,,,
897,Internal,16,57,53134,43,30.6,10.0,71,1,0,0,0,28,0,0,0,0,0,0,0,0,0,0,0,0,0,0,0,0,0,0,0,0,0,0,0,0,0,,,,,,,,
898,Internal,353,895,36875,39,32.6,15.3,35,28,5,0,2,27,0,0,0,0,0,0,0,0,0,0,0,0,0,0,0,0,0,0,0,0,0,0,0,0,0,,,,,,,,
899,Internal,251,659,36875,39,32.6,15.3,32,5,2,0,4,33,0,0,0,0,0,0,0,0,0,0,0,0,0,0,0,0,0,0,0,0,0,0,0,0,0,,,,,,,,
900,Internal,54,151,53134,43,30.6,10.0,18,1,0,0,0,28,0,0,0,0,0,0,0,0,0,0,0,0,0,0,0,0,0,0,0,0,0,0,0,0,0,,,,,,,,
901,Internal,1678,5116,92375,48,24.8,13.5,20,45,85,0,166,40,0,0,0,0,0,0,0,0,0,0,0,0,0,0,0,0,0,0,0,0,0,0,0,0,0,,,,,,,,
902,Internal,766,2303,92375,48,24.8,13.5,56,15,270,0,11,41,0,0,0,0,0,0,0,0,0,0,0,0,0,0,0,0,0,0,0,0,0,0,0,0,0,,,,,,,,
903,Internal,1419,4307,92375,48,24.8,13.5,29,73,40,21,7,39,0,0,0,0,0,0,0,0,0,0,0,0,0,0,0,0,0,0,0,0,0,0,0,0,0,,,,,,,,
904,Internal,851,2319,92375,48,24.8,13.5,2,7,88,0,2,26,0,0,0,0,0,0,0,0,0,0,0,0,621,0,0,0,0,0,0,0,0,0,0,0,0,,,,,,,,
905,Internal,441,1355,92375,48,24.8,13.5,43,67,110,42,90,25,0,0,0,0,0,0,0,0,0,0,0,0,0,0,0,0,0,0,0,0,0,0,0,0,0,,,,,,,,
906,Internal,115,338,36875,39,32.6,15.3,17,0,1,0,0,30,0,0,0,0,0,0,0,0,0,0,0,0,0,0,0,0,0,0,0,0,0,0,0,0,0,,,,,,,,
907,Internal,360,1078,70134,48,33.7,9.1,22,38,17,0,0,10,0,0,0,0,0,0,0,0,0,0,0,0,0,0,0,0,0,0,0,0,0,0,0,0,0,,,,,,,,
908,Internal,230,706,70134,48,33.7,9.1,10,18,0,0,5,21,0,0,0,0,0,0,0,0,0,0,0,0,0,0,0,0,0,0,0,0,0,0,0,0,0,,,,,,,,
909,Internal,130,348,70134,48,33.7,9.1,42,14,1,0,0,69,0,0,0,0,0,0,0,0,0,0,0,0,0,0,0,0,0,0,0,0,0,0,0,0,0,,,,,,,,
910,Internal,1317,4177,70134,48,33.7,9.1,308,3,225,50,6,20,0,0,0,0,0,0,0,0,0,0,0,0,2206,0,0,0,0,0,0,0,0,0,0,0,0,,,,,,,,
911,Internal,226,475,70134,48,33.7,9.1,35,10,34,2,69,30,0,0,0,0,0,0,0,0,0,0,0,0,0,0,0,0,0,0,0,0,0,0,0,0,0,,,,,,,,
912,Internal,604,1591,65222,39,32.5,8.3,25,7,7,0,0,36,0,0,0,0,0,0,0,0,0,0,0,0,0,0,0,0,0,0,0,0,0,0,0,0,0,,,,,,,,
913,Internal,195,504,65222,39,32.5,8.3,5,86,2,0,0,36,0,0,0,0,0,0,0,0,0,0,0,0,596,0,0,0,0,0,0,0,0,0,0,0,0,,,,,,,,
914,Internal,242,631,65222,39,32.5,8.3,50,30,4,0,0,37,0,0,0,0,0,0,0,0,0,0,0,0,0,0,0,0,0,0,0,0,0,0,0,0,0,,,,,,,,
915,Internal,197,607,65222,39,32.5,8.3,0,3,23,0,0,36,0,0,0,0,0,0,0,0,0,0,0,0,0,0,0,0,0,0,0,0,0,0,0,0,0,,,,,,,,
916,Internal,226,706,65222,39,32.5,8.3,33,110,95,5,1,41,0,0,0,0,0,0,0,0,0,0,0,0,1979,0,0,0,0,0,0,0,0,0,0,0,0,,,,,,,,
917,Internal,1182,3380,64800,48,36.4,2.5,7,47,154,0,2,35,0,0,0,0,0,0,0,0,0,0,0,0,1075,0,0,0,0,0,0,0,0,0,0,0,0,,,,,,,,
918,Internal,282,847,64800,48,36.4,2.5,21,68,92,0,0,46,0,0,0,0,0,0,0,0,0,0,0,0,1192,0,0,0,0,0,0,0,0,0,0,0,0,,,,,,,,
919,Internal,226,642,65222,39,32.5,8.3,35,54,1,0,0,40,0,0,0,0,0,0,0,0,0,0,0,0,0,0,0,0,0,0,0,0,0,0,0,0,0,,,,,,,,
920,Internal,259,663,60156,43,14.6,17.2,0,34,5,0,0,28,0,0,0,0,0,0,0,0,0,0,0,0,0,0,0,0,0,0,0,0,0,0,0,0,0,,,,,,,,
921,Internal,70,208,60156,43,14.6,17.2,8,17,0,0,0,28,0,0,0,0,0,0,0,0,0,0,0,0,0,0,0,0,0,0,0,0,0,0,0,0,0,,,,,,,,
922,Internal,89,286,60156,43,14.6,17.2,0,3,0,0,0,28,0,0,0,0,0,0,0,0,0,0,0,0,0,0,0,0,0,0,0,0,0,0,0,0,0,,,,,,,,
923,Internal,345,926,50446,39,24.5,21.2,15,19,3,0,0,40,0,0,0,0,0,0,0,0,0,0,0,0,0,0,0,0,0,0,0,0,0,0,0,0,0,,,,,,,,
924,Internal,226,605,50446,39,24.5,21.2,0,15,0,0,0,42,0,0,0,0,0,0,0,0,0,0,0,0,0,0,0,0,0,0,0,0,0,0,0,0,0,,,,,,,,
925,Internal,254,644,60156,43,14.6,17.2,16,9,1,0,5,28,0,0,0,0,0,0,0,0,0,0,0,0,0,0,0,0,0,0,0,0,0,0,0,0,0,,,,,,,,
926,Internal,369,976,50558,43,26.5,13.6,36,5,2,2,0,45,0,0,0,0,0,0,0,0,0,0,0,0,0,0,0,0,0,0,0,0,0,0,0,0,0,,,,,,,,
927,Internal,219,657,50558,43,26.5,13.6,0,3,3,0,4,28,0,0,0,0,0,0,0,0,0,0,0,0,0,0,0,0,0,0,0,0,0,0,0,0,0,,,,,,,,
928,Internal,158,395,39722,38,19.6,19.9,4,8,4,0,0,24,0,0,0,0,0,0,0,0,0,0,0,0,0,0,0,0,0,0,0,0,0,0,0,0,0,,,,,,,,
929,Internal,345,959,52105,33,27.6,10.5,83,5,0,0,7,8,0,0,0,0,0,0,0,0,0,0,0,0,0,0,0,0,0,0,0,0,0,0,0,0,0,,,,,,,,
930,Internal,261,681,52105,33,27.6,10.5,21,21,8,17,17,54,0,0,0,0,0,0,0,0,0,0,0,0,0,0,0,0,0,0,0,0,0,0,0,0,0,,,,,,,,
931,Internal,0,0,52105,33,27.6,10.5,186,33,0,4,6,76,0,0,0,0,0,0,0,0,0,0,0,0,0,0,0,0,0,0,0,0,0,0,0,0,0,,,,,,,,
932,Internal,197,548,52105,33,27.6,10.5,5,3,0,0,0,56,0,0,0,0,0,0,0,0,0,0,0,0,0,0,0,0,0,0,0,0,0,0,0,0,0,,,,,,,,
933,Internal,147,393,39722,38,19.6,19.9,4,2,0,0,17,39,0,0,0,0,0,0,0,0,0,0,0,0,0,0,0,0,0,0,0,0,0,0,0,0,0,,,,,,,,
934,Internal,134,328,39722,38,19.6,19.9,4,3,17,0,0,24,0,0,0,0,0,0,0,0,0,0,0,0,0,0,0,0,0,0,0,0,0,0,0,0,0,,,,,,,,
935,Internal,451,1062,39722,38,19.6,19.9,31,47,58,8,17,24,0,0,0,0,0,0,0,0,0,0,0,0,0,0,0,0,0,0,0,0,0,0,0,0,0,,,,,,,,
936,Internal,67,182,34524,33,21.6,17.5,14,2,125,0,101,54,0,0,0,0,0,0,0,0,0,0,0,0,549,0,0,0,0,0,0,0,0,0,0,0,0,,,,,,,,
937,Internal,35,113,39722,38,19.6,19.9,0,0,1,0,0,24,0,0,0,0,0,0,0,0,0,0,0,0,0,0,0,0,0,0,0,0,0,0,0,0,0,,,,,,,,
938,Internal,384,1092,34524,33,21.6,17.5,0,26,10,0,0,54,0,0,0,0,0,0,0,0,0,0,0,0,0,0,0,0,0,0,0,0,0,0,0,0,0,,,,,,,,
939,Internal,27,89,34524,33,21.6,17.5,31,0,155,20,20,54,0,0,0,0,0,0,0,0,0,0,0,0,700,0,0,0,0,0,0,0,0,0,0,0,0,,,,,,,,
940,Internal,231,795,34524,33,21.6,17.5,134,49,59,6,0,45,0,0,0,0,0,0,0,0,0,0,0,0,0,0,0,0,0,0,0,0,0,0,0,0,0,,,,,,,,
941,Internal,269,698,41780,40,27.3,14.3,160,3,6,0,4,18,0,0,0,0,0,0,0,0,0,0,0,0,0,0,0,0,0,0,0,0,0,0,0,0,0,,,,,,,,
942,Internal,131,351,28327,38,35.7,15.4,0,14,1,0,1,24,0,0,0,0,0,0,0,0,0,0,0,0,0,0,0,0,0,0,0,0,0,0,0,0,0,,,,,,,,
943,Internal,288,762,28327,38,35.7,15.4,149,18,134,37,114,25,0,0,0,0,0,0,0,0,0,0,0,0,34,0,0,0,0,0,0,0,0,0,0,0,0,,,,,,,,
944,Internal,139,392,34524,33,21.6,17.5,21,51,8,3,5,48,0,0,0,0,0,0,0,0,0,0,0,0,0,0,0,0,0,0,0,0,0,0,0,0,0,,,,,,,,
945,Internal,31,102,14665,33,36.6,14.1,521,94,105,0,48,55,0,0,0,0,0,0,0,0,0,0,0,0,0,0,0,0,0,0,0,0,0,0,0,0,0,,,,,,,,
946,Internal,324,849,14665,33,36.6,14.1,0,107,10,17,4,14,0,0,0,0,0,0,0,0,0,0,0,0,0,0,0,0,0,0,0,0,0,0,0,0,0,,,,,,,,
947,Internal,105,205,17986,38,41.9,9.8,0,38,6,7,275,13,0,0,0,0,0,0,0,0,0,0,0,0,0,0,0,0,0,0,0,0,0,0,0,0,0,,,,,,,,
948,Internal,189,470,17986,38,41.9,9.8,43,56,26,19,18,22,0,0,0,0,0,0,0,0,0,0,0,0,0,0,0,0,0,0,0,0,0,0,0,0,0,,,,,,,,
949,Internal,419,1080,20548,32,42.6,8.9,13,50,181,257,246,19,0,0,0,0,0,0,0,0,0,0,0,0,621,0,5037,0,0,0,0,0,0,0,0,0,0,,,,,,,,
950,Internal,121,337,33500,32,20.5,3.2,774,0,168,3,20,20,0,0,0,0,0,0,0,0,0,0,0,0,0,0,0,0,0,0,0,0,0,0,0,0,0,,,,,,,,
951,Internal,73,186,48712,38,23.8,17.1,0,175,89,22,139,36,0,0,0,0,0,0,0,0,0,0,0,0,914,0,0,0,0,0,0,0,0,0,0,0,0,,,,,,,,
952,Internal,53,138,48712,38,23.8,17.1,350,0,137,46,2,41,0,0,0,0,0,0,0,0,0,0,0,0,635,0,0,0,0,0,0,0,0,0,0,0,0,,,,,,,,
953,Internal,351,722,48712,38,23.8,17.1,34,81,644,56,92,25,0,0,0,0,0,0,0,0,0,0,0,0,0,0,0,0,0,0,0,0,0,0,0,0,0,,,,,,,,
954,Internal,349,867,48712,38,23.8,17.1,14,204,292,91,692,24,0,0,0,0,0,0,0,0,0,0,0,0,1263,0,0,0,0,0,0,0,0,0,0,0,0,,,,,,,,
955,Internal,24,49,48712,38,23.8,17.1,24,3,0,0,0,23,0,0,0,0,0,0,0,0,0,0,0,0,0,0,0,0,0,0,0,0,0,0,0,0,0,,,,,,,,
956,Internal,14,86,48333,38,6.6,26.0,7,115,137,27,246,25,0,0,0,0,0,0,0,0,0,0,0,0,0,0,0,0,0,0,0,0,0,0,0,0,0,,,,,,,,
957,Internal,63,142,48333,38,6.6,26.0,494,311,381,161,1803,10,0,0,0,0,0,0,0,0,0,0,0,0,0,0,0,0,0,0,0,0,0,0,0,0,0,,,,,,,,
958,Internal,56,139,48333,38,6.6,26.0,12,32,161,76,65,34,0,0,0,0,0,0,0,0,0,0,0,0,0,0,0,0,0,0,0,0,0,0,0,0,0,,,,,,,,
959,Internal,60,161,48333,38,6.6,26.0,1,1,19,0,6,23,0,0,0,0,0,0,0,0,0,0,0,0,0,0,0,0,0,0,0,0,0,0,0,0,0,,,,,,,,
960,Internal,305,747,40000,38,12.6,29.8,174,159,1392,314,118,35,0,0,0,0,0,0,0,0,0,0,0,0,0,0,0,1,0,0,0,0,0,0,0,0,0,,,,,,,,
961,Internal,485,1084,27270,43,28.3,12.5,192,374,693,235,136,24,0,0,0,0,0,0,0,0,0,0,0,0,0,0,0,0,0,0,0,0,0,0,0,0,0,,,,,,,,
962,Internal,283,726,33029,43,20.5,16.0,10,51,98,0,0,31,0,0,0,0,0,0,0,0,0,0,0,0,0,0,0,0,0,0,0,0,0,0,0,0,0,,,,,,,,
963,Internal,261,656,33029,43,20.5,16.0,0,124,19,0,12,16,0,0,0,0,0,0,0,0,0,0,0,0,0,0,0,0,0,0,0,0,0,0,0,0,0,,,,,,,,
964,Internal,53,114,33029,43,20.5,16.0,31,1,0,0,2,24,0,0,0,0,0,0,0,0,0,0,0,0,0,0,0,0,0,0,0,0,0,0,0,0,0,,,,,,,,
965,Internal,293,675,80265,43,11.7,40.3,19,16,91,0,131,31,0,0,0,0,0,0,0,0,0,0,0,0,524,0,0,0,0,0,0,0,0,0,0,0,0,,,,,,,,
966,Internal,812,2328,74980,44,28.1,11.5,139,3,7,5,1,35,0,0,0,0,0,0,0,0,0,0,0,0,0,0,0,0,0,0,0,0,0,0,0,0,0,,,,,,,,
967,Internal,1232,3509,118359,44,29.2,8.8,56,192,84,31,29,47,0,0,0,0,0,0,0,0,0,0,0,0,0,0,0,0,0,0,0,0,0,0,0,0,0,,,,,,,,
968,Internal,188,617,74980,44,28.1,11.5,8,0,150,0,49,10,0,0,0,0,0,0,0,0,0,0,0,0,514,0,0,0,0,0,0,0,0,0,0,0,0,,,,,,,,
969,Internal,304,852,74980,44,28.1,11.5,16,4,89,0,3,30,0,0,0,0,0,0,0,0,0,0,0,0,696,0,0,0,0,0,0,0,0,0,0,0,0,,,,,,,,
970,Internal,754,2001,70729,46,26.4,9.5,37,341,7,0,4,32,0,0,0,0,0,0,0,0,0,0,0,0,0,0,0,0,0,0,0,0,0,0,0,0,0,,,,,,,,
971,Internal,96,312,70729,46,26.4,9.5,208,3,2,0,84,42,0,0,0,0,0,0,0,0,0,0,0,0,0,0,0,0,0,0,0,0,0,0,0,0,0,,,,,,,,
972,Internal,110,314,74980,44,28.1,11.5,257,87,205,0,42,54,0,0,0,0,0,0,0,0,0,0,0,0,0,0,100,0,0,0,0,0,0,0,0,0,0,,,,,,,,
973,Internal,547,1494,51875,44,27.4,11.0,336,21,295,98,0,28,0,0,0,0,0,0,0,0,0,0,0,0,0,0,0,0,0,0,0,0,0,0,0,0,0,,,,,,,,
974,Internal,530,1521,51875,44,27.4,11.0,272,21,9,12,16,35,0,0,0,0,0,0,0,0,0,0,0,0,69,0,0,0,0,0,0,0,0,0,0,0,0,,,,,,,,
975,Internal,123,331,51875,44,27.4,11.0,106,5,19,12,0,36,0,0,0,0,0,0,0,0,0,0,0,0,0,0,0,0,0,0,0,0,0,0,0,0,0,,,,,,,,
976,Internal,439,1047,36778,44,4.5,25.0,162,49,49,0,65,27,0,0,0,0,0,0,0,0,0,0,0,0,0,0,0,0,0,0,0,0,0,0,0,0,0,,,,,,,,
977,Internal,359,872,65082,46,23.4,30.4,120,80,142,2,110,26,0,0,0,0,0,0,0,0,0,0,0,0,0,0,0,0,0,0,0,0,0,0,0,0,0,,,,,,,,
978,Internal,256,589,36778,44,4.5,25.0,3,22,253,21,28,22,0,0,0,0,0,0,0,0,0,0,0,0,0,0,0,0,0,0,0,0,0,0,0,0,0,,,,,,,,
979,Internal,110,194,65082,46,23.4,30.4,3,85,10,0,0,47,0,0,0,0,0,0,0,0,0,0,0,0,0,0,0,0,0,0,0,0,0,0,0,0,0,,,,,,,,
980,Internal,205,564,51875,44,27.4,11.0,59,3,16,300,16,54,0,0,0,0,0,0,0,0,0,0,0,0,0,0,0,0,0,0,0,0,0,0,0,0,0,,,,,,,,
981,Internal,623,1829,63895,46,27.5,8.2,32,9,2,0,0,38,0,0,0,0,0,0,0,0,0,0,0,0,0,0,0,0,0,0,0,0,0,0,0,0,0,,,,,,,,
982,Internal,620,1826,63895,46,27.5,8.2,100,185,16,1,3,53,0,0,0,0,0,0,0,0,0,0,0,0,138,0,0,0,0,0,0,0,0,0,0,0,0,,,,,,,,
983,Internal,193,549,63895,46,27.5,8.2,26,8,37,0,0,36,0,0,0,0,0,0,0,0,0,0,0,0,0,0,0,0,0,0,0,0,0,0,0,0,0,,,,,,,,
984,Internal,214,488,36000,45,15.3,21.5,228,95,537,122,74,31,0,0,0,0,0,0,0,0,0,0,0,0,8,0,0,0,0,0,0,0,0,0,0,0,0,,,,,,,,
985,Internal,232,499,52134,46,25.0,8.6,19,178,128,29,137,16,0,0,0,0,0,0,0,0,0,0,0,0,0,0,0,0,0,0,0,0,0,0,0,0,0,,,,,,,,
986,Internal,361,862,60854,45,25.6,11.4,4,55,31,4,0,41,0,0,0,0,0,0,0,0,0,0,0,0,0,0,0,0,0,0,0,0,0,0,0,0,0,,,,,,,,
987,Internal,22,45,36000,45,15.3,21.5,0,0,160,0,25,38,0,0,0,0,0,0,0,0,0,0,0,0,1869,0,0,0,0,0,0,0,0,0,0,0,0,,,,,,,,
988,Internal,382,852,36000,45,15.3,21.5,122,6,56,0,80,21,0,0,0,0,0,0,0,0,0,0,0,0,0,0,0,0,0,0,0,0,0,0,0,0,0,,,,,,,,
989,Internal,451,832,60854,45,25.6,11.4,24,0,15,0,0,31,0,0,0,0,0,0,0,0,0,0,0,0,0,0,0,0,0,0,0,0,0,0,0,0,0,,,,,,,,
990,Internal,35,108,36000,45,15.3,21.5,43,10,22,0,28,41,0,0,0,0,0,0,0,0,0,0,0,0,0,0,0,0,0,0,0,0,0,0,0,0,0,,,,,,,,
991,Internal,4,12,36000,45,15.3,21.5,17,52,151,46,472,90,0,0,0,0,0,0,0,0,0,0,0,0,0,0,0,0,0,0,0,0,0,0,0,0,0,,,,,,,,
992,Internal,542,1500,60854,45,25.6,11.4,15,189,193,17,0,38,0,0,0,0,0,0,0,0,0,0,0,0,807,0,0,0,0,0,0,0,0,0,0,0,0,,,,,,,,
993,Internal,221,533,60854,45,25.6,11.4,0,54,86,0,0,41,0,0,0,0,0,0,0,0,0,0,0,0,568,0,0,0,0,0,0,0,0,0,0,0,0,,,,,,,,
994,Internal,51,147,36000,45,15.3,21.5,20,4,61,25,570,11,0,0,0,0,0,0,0,0,0,0,0,0,610,0,0,0,0,0,0,0,0,0,0,0,0,,,,,,,,
995,Internal,346,614,36000,45,15.3,21.5,222,0,172,47,124,28,0,0,0,0,0,0,0,0,0,0,0,0,38,0,0,0,0,0,0,0,0,0,0,0,0,,,,,,,,
996,Internal,22,65,36000,45,15.3,21.5,0,18,22,126,92,16,0,0,0,0,0,0,0,0,0,0,0,0,0,0,0,0,0,0,0,0,0,0,0,0,0,,,,,,,,
997,Internal,429,1114,77946,45,28.4,12.8,7,51,14,0,0,26,0,0,0,0,0,0,0,0,0,0,0,0,0,0,0,0,0,0,0,0,0,0,0,0,0,,,,,,,,
998,Internal,239,691,77946,45,28.4,12.8,1,51,16,0,0,12,0,0,0,0,0,0,0,0,0,0,0,0,0,0,0,0,0,0,0,0,0,0,0,0,0,,,,,,,,
999,Internal,506,1219,77946,45,28.4,12.8,18,63,65,0,5,63,0,0,0,0,0,0,0,0,0,0,0,0,0,0,0,0,0,0,0,0,0,0,0,0,0,,,,,,,,
1000,Internal,410,1047,77946,45,28.4,12.8,185,35,15,2,7,37,0,0,0,0,0,0,0,0,0,0,0,0,0,0,0,0,0,0,0,0,0,0,0,0,0,,,,,,,,
1001,Internal,113,325,52134,46,25.0,8.6,0,0,0,0,0,46,0,0,0,0,0,0,0,0,0,0,0,0,0,0,0,0,0,0,0,0,0,0,0,0,0,,,,,,,,
1002,Internal,286,690,52134,46,25.0,8.6,0,0,78,0,0,46,0,0,0,0,0,0,0,0,0,0,0,0,604,0,0,0,0,0,0,0,0,0,0,0,0,,,,,,,,
1003,Internal,203,442,52134,46,25.0,8.6,0,63,16,30,9,46,0,0,0,0,0,0,0,0,0,0,0,0,0,0,0,0,0,0,0,0,0,0,0,0,0,,,,,,,,
1004,Internal,525,1663,52134,46,25.0,8.6,307,1,9,0,52,52,0,0,0,0,0,0,0,0,0,0,0,0,0,0,0,0,0,0,0,0,0,0,0,0,0,,,,,,,,
1005,Internal,70,143,52134,46,25.0,8.6,12,1,4,0,0,46,0,0,0,0,0,0,0,0,0,0,0,0,0,0,0,0,0,0,0,0,0,0,0,0,0,,,,,,,,
1006,Internal,243,554,52134,46,25.0,8.6,87,26,92,0,128,28,0,0,0,0,0,0,0,0,0,0,0,0,0,0,0,0,0,0,0,0,0,0,0,0,0,,,,,,,,
1007,Internal,1070,3079,43900,46,24.4,16.5,11,41,38,20,156,16,0,0,0,0,0,0,0,0,0,0,0,0,0,0,0,0,0,0,0,0,0,0,0,0,0,,,,,,,,
1008,Internal,157,490,43900,46,24.4,16.5,0,36,0,20,0,46,0,0,0,0,0,0,0,0,0,0,0,0,0,0,0,0,0,0,0,0,0,0,0,0,0,,,,,,,,
1009,Internal,187,534,63162,46,32.6,4.7,62,15,29,40,7,55,0,0,0,0,0,0,0,0,0,0,0,0,0,0,0,0,0,0,0,0,0,0,0,0,0,,,,,,,,
1010,Internal,722,1852,63162,46,32.6,4.7,16,55,187,1,0,24,0,0,0,0,0,0,0,0,0,0,0,0,0,0,0,0,0,0,0,0,0,0,0,0,0,,,,,,,,
1011,Internal,580,1733,81590,44,27.2,9.7,4,48,10,32,4,53,0,0,0,0,0,0,0,0,0,0,0,0,0,0,0,0,0,0,0,0,0,0,0,0,0,,,,,,,,
1012,Internal,17,45,81590,44,27.2,9.7,0,48,531,0,0,45,0,0,0,0,0,0,0,0,0,0,0,0,0,0,0,1,0,0,0,0,0,0,0,0,0,,,,,,,,
1013,Internal,476,1227,69315,49,13.8,13.7,32,41,5,0,0,55,0,0,0,0,0,0,0,0,0,0,0,0,0,0,0,0,0,0,0,0,0,0,0,0,0,,,,,,,,
1014,Internal,179,497,110461,49,33.3,16.4,4,26,0,0,2,46,0,0,0,0,0,0,0,0,0,0,0,0,0,0,0,0,0,0,0,0,0,0,0,0,0,,,,,,,,
1015,Internal,42,130,81590,44,27.2,9.7,19,4,2,20,3,29,0,0,0,0,0,0,0,0,0,0,0,0,0,0,0,0,0,0,0,0,0,0,0,0,0,,,,,,,,
1016,Internal,305,852,110461,49,33.3,16.4,24,37,8,15,10,73,0,0,0,0,0,0,0,0,0,0,0,0,0,0,0,0,0,0,0,0,0,0,0,0,0,,,,,,,,
1017,Internal,337,875,45688,49,22.8,7.8,1,14,0,2,11,55,0,0,0,0,0,0,0,0,0,0,0,0,0,0,0,0,0,0,0,0,0,0,0,0,0,,,,,,,,
1018,Internal,396,982,81590,44,27.2,9.7,4,70,171,42,17,40,0,0,0,0,0,0,0,0,0,0,0,0,0,0,0,0,0,0,0,0,0,0,0,0,0,,,,,,,,
1019,Internal,196,506,69315,49,13.8,13.7,0,0,7,0,2,12,0,0,0,0,0,0,0,0,0,0,0,0,0,0,0,0,0,0,0,0,0,0,0,0,0,,,,,,,,
1020,Internal,308,819,45688,49,22.8,7.8,4,13,4,1,2,55,0,0,0,0,0,0,0,0,0,0,0,0,0,0,0,0,0,0,0,0,0,0,0,0,0,,,,,,,,
1021,Internal,117,328,81590,44,27.2,9.7,0,16,0,3,0,29,0,0,0,0,0,0,0,0,0,0,0,0,0,0,0,0,0,0,0,0,0,0,0,0,0,,,,,,,,
1022,Internal,565,1479,70345,49,28.0,6.5,0,54,6,0,0,55,0,0,0,0,0,0,0,0,0,0,0,0,676,0,0,0,0,0,0,0,0,0,0,0,0,,,,,,,,
1023,Internal,569,1711,70345,49,28.0,6.5,4,59,12,0,0,47,0,0,0,0,0,0,0,0,0,0,0,0,0,0,0,0,0,0,0,0,0,0,0,0,0,,,,,,,,
1024,Internal,716,2290,64451,49,25.1,7.3,20,15,2,0,12,46,0,0,0,0,0,0,0,0,0,0,0,0,0,0,0,0,0,0,0,0,0,0,0,0,0,,,,,,,,
1025,Internal,0,0,70345,49,28.0,6.5,0,0,0,0,0,55,0,0,0,0,0,0,0,0,0,0,0,0,0,0,0,0,0,0,0,0,0,0,0,0,0,,,,,,,,
1026,Internal,289,777,65731,44,22.1,12.4,38,71,0,29,0,29,0,0,0,0,0,0,0,0,0,0,0,0,327,0,0,0,0,0,0,0,0,0,0,0,0,,,,,,,,
1027,Internal,314,804,65731,44,22.1,12.4,39,45,28,0,0,42,0,0,0,0,0,0,0,0,0,0,0,0,0,0,0,0,0,0,0,0,0,0,0,0,0,,,,,,,,
1028,Internal,1237,3910,83571,49,27.5,10.5,21,180,314,15,23,38,0,0,0,0,0,0,0,0,0,0,0,0,1119,0,106,0,0,0,0,0,0,0,0,0,0,,,,,,,,
1029,Internal,881,2387,64451,49,25.1,7.3,67,20,4,0,10,35,0,0,0,0,0,0,0,0,0,0,0,0,0,0,0,0,0,0,0,0,0,0,0,0,0,,,,,,,,
1030,Internal,73,182,64451,49,25.1,7.3,3,3,8,0,4,25,0,0,0,0,0,0,0,0,0,0,0,0,0,0,0,0,0,0,0,0,0,0,0,0,0,,,,,,,,
1031,Internal,420,1202,85027,44,31.8,10.1,25,6,7,0,0,40,0,0,0,0,0,0,0,0,0,0,0,0,0,0,0,0,0,0,0,0,0,0,0,0,0,,,,,,,,
1032,Internal,154,376,83571,49,27.5,10.5,25,10,96,42,1767,0,0,0,0,0,0,0,0,0,0,0,0,0,0,0,0,0,0,0,0,0,0,0,0,0,0,,,,,,,,
1033,Internal,846,2505,85027,44,31.8,10.1,181,165,184,86,62,34,0,0,0,0,0,0,0,0,0,0,0,0,0,0,0,0,0,0,0,0,0,0,0,0,0,,,,,,,,
1034,Internal,661,1871,81090,49,25.7,14.4,21,165,267,10,0,31,0,0,0,0,0,0,0,0,0,0,0,0,1027,0,0,0,0,0,0,0,0,0,0,0,0,,,,,,,,
1035,Internal,399,1071,85027,44,31.8,10.1,35,33,31,0,6,33,0,0,0,0,0,0,0,0,0,0,0,0,0,0,0,0,0,0,0,0,0,0,0,0,0,,,,,,,,
1036,Internal,734,1931,85027,44,31.8,10.1,1,56,63,30,118,25,0,0,0,0,0,0,0,0,0,0,0,0,0,0,0,0,0,0,0,0,0,0,0,0,0,,,,,,,,
1037,Internal,338,880,85027,44,31.8,10.1,39,74,9,13,198,12,0,0,0,0,0,0,0,0,0,0,0,0,0,0,0,0,0,0,0,0,0,0,0,0,0,,,,,,,,
1038,Internal,437,1329,83571,49,27.5,10.5,1,44,24,3,0,21,0,0,0,0,0,0,0,0,0,0,0,0,0,0,0,0,0,0,0,0,0,0,0,0,0,,,,,,,,
1039,Internal,39,128,85027,44,31.8,10.1,1,14,15,0,0,29,0,0,0,0,0,0,0,0,0,0,0,0,0,0,0,0,0,0,0,0,0,0,0,0,0,,,,,,,,
1040,Internal,790,2341,81090,49,25.7,14.4,15,47,16,0,7,48,0,0,0,0,0,0,0,0,0,0,0,0,0,0,0,0,0,0,0,0,0,0,0,0,0,,,,,,,,
1041,Internal,202,531,81090,49,25.7,14.4,0,30,102,72,5,7,0,0,0,0,0,0,0,0,0,0,0,0,984,0,0,0,0,0,0,0,0,0,0,0,0,,,,,,,,
1042,Internal,57,196,64451,49,25.1,7.3,48,0,0,0,78,15,0,0,0,0,0,0,0,0,0,0,0,0,0,0,0,0,0,0,0,0,0,0,0,0,0,,,,,,,,
1043,Internal,120,412,81090,49,25.7,14.4,0,0,103,39,0,41,0,0,0,0,0,0,0,0,0,0,0,0,869,0,0,0,0,0,0,0,0,0,0,0,0,,,,,,,,
1044,Internal,286,683,65731,44,22.1,12.4,3,27,157,32,333,17,0,0,0,0,0,0,0,0,0,0,0,0,0,0,0,0,0,0,0,0,0,0,0,0,0,,,,,,,,
1045,Internal,7,18,110461,49,33.3,16.4,0,0,0,0,0,55,0,0,0,0,0,0,0,0,0,0,0,0,0,0,0,0,0,0,0,0,0,0,0,0,0,,,,,,,,
1046,Internal,26,68,65731,44,22.1,12.4,0,0,0,0,0,0,0,0,0,0,0,0,0,0,0,0,0,0,0,0,0,0,0,0,0,0,0,0,0,0,0,,,,,,,,
1047,Internal,117,373,65731,44,22.1,12.4,3,7,0,4,0,29,0,0,0,0,0,0,0,0,0,0,0,0,0,0,0,0,0,0,0,0,0,0,0,0,0,,,,,,,,
1048,Internal,4,13,85027,44,31.8,10.1,133,51,75,16,180,22,0,0,0,0,0,0,0,0,0,0,0,0,0,0,0,0,0,0,0,0,0,0,0,0,0,,,,,,,,
1049,Internal,11,37,110461,49,33.3,16.4,0,0,0,0,8,55,0,0,0,0,0,0,0,0,0,0,0,0,0,0,0,0,0,0,0,0,0,0,0,0,0,,,,,,,,
1050,Internal,34,114,65731,44,22.1,12.4,0,0,2,0,0,29,0,0,0,0,0,0,0,0,0,0,0,0,0,0,0,0,0,0,0,0,0,0,0,0,0,,,,,,,,
1051,Internal,121,337,64451,49,25.1,7.3,0,207,0,0,0,25,0,0,0,0,0,0,0,0,0,0,0,0,1719,0,0,0,0,0,0,0,0,0,0,0,0,,,,,,,,
1052,Internal,326,1035,65731,44,22.1,12.4,0,14,0,0,17,39,0,0,0,0,0,0,0,0,0,0,0,0,0,0,0,0,0,0,0,0,0,0,0,0,0,,,,,,,,
1053,Internal,163,391,51360,35,37.2,14.1,41,5,97,0,20,47,0,0,0,0,0,0,0,0,0,0,0,0,464,0,0,0,0,0,0,0,0,0,0,0,0,,,,,,,,
1054,Internal,336,884,51360,35,37.2,14.1,33,42,24,21,0,9,0,0,0,0,0,0,0,0,0,0,0,0,0,0,0,0,0,0,0,0,0,0,0,0,0,,,,,,,,
1055,Internal,280,663,54421,35,21.4,16.4,98,35,11,5,70,27,0,0,0,0,0,0,0,0,0,0,0,0,0,0,0,0,0,0,0,0,0,0,0,0,0,,,,,,,,
1056,Internal,59,221,41780,40,27.3,14.3,112,0,1,0,3,18,0,0,0,0,0,0,0,0,0,0,0,0,0,0,0,0,0,0,0,0,0,0,0,0,0,,,,,,,,
1057,Internal,255,707,54421,35,21.4,16.4,19,9,7,23,0,24,0,0,0,0,0,0,0,0,0,0,0,0,0,0,0,0,0,0,0,0,0,0,0,0,0,,,,,,,,
1058,Internal,133,378,54421,35,21.4,16.4,17,68,146,0,0,50,0,0,0,0,0,0,0,0,0,0,0,0,1011,0,0,0,0,0,0,0,0,0,0,0,0,,,,,,,,
1059,Internal,151,417,54421,35,21.4,16.4,2,6,101,1,0,46,0,0,0,0,0,0,0,0,0,0,0,0,0,0,0,0,0,0,0,0,0,0,0,0,0,,,,,,,,
1060,Internal,87,234,50775,40,29.5,10.7,17,2,3,0,0,17,0,0,0,0,0,0,0,0,0,0,0,0,0,0,0,0,0,0,0,0,0,0,0,0,0,,,,,,,,
1061,Internal,102,252,54421,35,21.4,16.4,0,3,6,15,16,38,0,0,0,0,0,0,0,0,0,0,0,0,0,0,0,0,0,0,0,0,0,0,0,0,0,,,,,,,,
1062,Internal,122,315,50775,40,29.5,10.7,4,15,3,0,13,17,0,0,0,0,0,0,0,0,0,0,0,0,0,0,0,0,0,0,0,0,0,0,0,0,0,,,,,,,,
1063,Internal,1,2,16677,40,28.7,11.3,32,72,2,0,0,17,0,0,0,0,0,0,0,0,0,0,0,0,0,0,0,0,0,0,0,0,0,0,0,0,0,,,,,,,,
1064,Internal,104,180,54421,35,21.4,16.4,1,17,2,2,0,38,0,0,0,0,0,0,0,0,0,0,0,0,0,0,0,0,0,0,0,0,0,0,0,0,0,,,,,,,,
1065,Internal,152,355,16677,40,28.7,11.3,25,70,107,26,79,23,0,0,0,0,0,0,0,0,0,0,0,0,515,0,0,0,0,0,0,0,0,0,0,0,0,,,,,,,,
1066,Internal,82,226,54421,35,21.4,16.4,26,217,55,21,11,33,0,0,0,0,0,0,0,0,0,0,0,0,0,0,0,0,0,0,0,0,0,0,0,0,0,,,,,,,,
1067,Internal,131,311,16677,40,28.7,11.3,7,0,13,4,13,10,0,0,0,0,0,0,0,0,0,0,0,0,0,0,0,0,0,0,0,0,0,0,0,0,0,,,,,,,,
1068,Internal,385,987,85667,37,15.6,24.5,20,418,54,16,52,19,0,0,0,0,0,0,0,0,0,0,0,0,585,0,0,0,0,0,0,0,0,0,0,0,0,,,,,,,,
1069,Internal,220,553,85667,37,15.6,24.5,0,69,0,0,0,23,0,0,0,0,0,0,0,0,0,0,0,0,0,0,0,0,0,0,0,0,0,0,0,0,0,,,,,,,,
1070,Internal,72,253,85667,37,15.6,24.5,26,2,134,13,18,28,0,0,0,0,0,0,0,0,0,0,0,0,0,0,0,0,0,0,0,0,0,0,0,0,0,,,,,,,,
1071,Internal,172,411,42423,37,22.9,11.1,32,89,26,8,9,23,0,0,0,0,0,0,0,0,0,0,0,0,512,0,0,0,0,0,0,0,0,0,0,0,0,,,,,,,,
1072,Internal,139,319,42423,37,22.9,11.1,4,31,58,0,0,32,0,0,0,0,0,0,0,0,0,0,0,0,0,0,0,0,0,0,0,0,0,0,0,0,0,,,,,,,,
1073,Internal,293,831,42423,37,22.9,11.1,87,5,139,0,0,47,0,0,0,0,0,0,0,0,0,0,0,0,1218,0,0,0,0,0,0,0,0,0,0,0,0,,,,,,,,
1074,Internal,294,718,26875,37,29.4,26.9,363,2,189,24,94,57,0,0,0,0,0,0,0,0,0,0,0,0,0,0,0,0,0,0,0,0,0,0,0,0,0,,,,,,,,
1075,Internal,319,744,40712,37,24.6,14.7,13,44,170,109,108,25,0,0,0,0,0,0,0,0,0,0,0,0,0,0,0,0,0,0,0,0,0,0,0,0,0,,,,,,,,
1076,Internal,118,323,38313,37,19.8,10.6,28,9,5,9,0,12,0,0,0,0,0,0,0,0,0,0,0,0,0,0,0,0,0,0,0,0,0,0,0,0,0,,,,,,,,
1077,Internal,28,81,38313,37,19.8,10.6,37,0,6,0,3,34,0,0,0,0,0,0,0,0,0,0,0,0,0,0,0,0,0,0,0,0,0,0,0,0,0,,,,,,,,
1078,Internal,240,571,38313,37,19.8,10.6,55,55,169,14,118,16,0,0,0,0,0,0,0,0,0,0,0,0,0,0,0,0,0,0,0,0,0,0,0,0,0,,,,,,,,
1079,Internal,206,543,58603,50,19.9,15.3,18,0,4,0,0,23,0,0,0,0,0,0,0,0,0,0,0,0,0,0,0,0,0,0,0,0,0,0,0,0,0,,,,,,,,
1080,Internal,559,1488,58603,50,19.9,15.3,2,18,13,0,3,42,0,0,0,0,0,0,0,0,0,0,0,0,0,0,0,0,0,0,0,0,0,0,0,0,0,,,,,,,,
1081,Internal,485,1358,83810,44,23.5,11.8,0,21,1,0,0,28,0,0,0,0,0,0,0,0,0,0,0,0,0,0,0,0,0,0,0,0,0,0,0,0,0,,,,,,,,
1082,Internal,193,519,58603,50,19.9,15.3,11,22,1,0,0,23,0,0,0,0,0,0,0,0,0,0,0,0,0,0,0,0,0,0,0,0,0,0,0,0,0,,,,,,,,
1083,Internal,15,76,58603,50,19.9,15.3,14,0,0,0,0,23,0,0,0,0,0,0,0,0,0,0,0,0,0,0,0,0,0,0,0,0,0,0,0,0,0,,,,,,,,
1084,Internal,563,1632,74141,50,21.7,11.1,26,13,5,14,25,23,0,0,0,0,0,0,0,0,0,0,0,0,0,0,0,0,0,0,0,0,0,0,0,0,0,,,,,,,,
1085,Internal,933,2560,74141,50,21.7,11.1,14,114,14,0,5,47,0,0,0,0,0,0,0,0,0,0,0,0,0,0,0,0,0,0,0,0,0,0,0,0,0,,,,,,,,
1086,Internal,975,2701,61852,46,21.5,6.6,273,26,57,11,110,22,0,0,0,0,0,0,0,0,0,0,0,0,0,0,0,0,0,0,0,0,0,0,0,0,0,,,,,,,,
1087,Internal,425,1217,66786,50,30.6,10.0,2,23,62,11,174,14,0,0,0,0,0,0,0,0,0,0,0,0,0,0,0,0,0,0,0,0,0,0,0,0,0,,,,,,,,
1088,Internal,607,1751,83810,44,23.5,11.8,34,85,14,3,45,35,0,0,0,0,0,0,0,0,0,0,0,0,0,0,0,0,0,0,0,0,0,0,0,0,0,,,,,,,,
1089,Internal,409,1116,66786,50,30.6,10.0,6,82,3,0,4,29,0,0,0,0,0,0,0,0,0,0,0,0,581,0,0,0,0,0,0,0,0,0,0,0,0,,,,,,,,
1090,Internal,196,572,83810,44,23.5,11.8,6,37,9,0,0,9,0,0,0,0,0,0,0,0,0,0,0,0,0,0,0,0,0,0,0,0,0,0,0,0,0,,,,,,,,
1091,Internal,410,1213,62711,46,33.3,11.4,11,9,11,0,1,38,0,0,0,0,0,0,0,0,0,0,0,0,0,0,0,0,0,0,0,0,0,0,0,0,0,,,,,,,,
1092,Internal,621,1691,62711,46,33.3,11.4,30,29,13,3,0,24,0,0,0,0,0,0,0,0,0,0,0,0,0,0,0,0,0,0,0,0,0,0,0,0,0,,,,,,,,
1093,Internal,321,864,62711,46,33.3,11.4,2,32,28,0,22,15,0,0,0,0,0,0,0,0,0,0,0,0,0,0,0,0,0,0,0,0,0,0,0,0,0,,,,,,,,
1094,Internal,32,80,62711,46,33.3,11.4,0,134,22,0,3,42,0,0,0,0,0,0,0,0,0,0,0,0,1365,0,0,0,0,0,0,0,0,0,0,0,0,,,,,,,,
1095,Internal,204,510,83810,44,23.5,11.8,20,0,251,0,56,22,0,0,0,0,0,0,0,0,0,0,0,0,1573,0,0,0,0,0,0,0,0,0,0,0,0,,,,,,,,
1096,Internal,378,950,50795,46,19.7,16.1,16,100,6,0,0,42,0,0,0,0,0,0,0,0,0,0,0,0,0,0,0,0,0,0,0,0,0,0,0,0,0,,,,,,,,
1097,Internal,373,1010,50176,44,31.3,6.7,106,65,11,0,0,29,0,0,0,0,0,0,0,0,0,0,0,0,0,0,0,0,0,0,0,0,0,0,0,0,0,,,,,,,,
1098,Internal,364,928,50795,46,19.7,16.1,2,5,9,0,16,69,0,0,0,0,0,0,0,0,0,0,0,0,0,0,0,0,0,0,0,0,0,0,0,0,0,,,,,,,,
1099,Internal,349,927,59390,44,24.4,7.9,28,15,22,5,1,28,0,0,0,0,0,0,0,0,0,0,0,0,0,0,0,0,0,0,0,0,0,0,0,0,0,,,,,,,,
1100,Internal,441,1223,59390,44,24.4,7.9,6,27,24,15,15,26,0,0,0,0,0,0,0,0,0,0,0,0,0,0,0,0,0,0,0,0,0,0,0,0,0,,,,,,,,
1101,Internal,358,972,50176,44,31.3,6.7,22,53,15,0,0,15,0,0,0,0,0,0,0,0,0,0,0,0,0,0,0,0,0,0,0,0,0,0,0,0,0,,,,,,,,
1102,Internal,175,470,59390,44,24.4,7.9,57,16,2,0,0,28,0,0,0,0,0,0,0,0,0,0,0,0,0,0,0,0,0,0,0,0,0,0,0,0,0,,,,,,,,
1103,Internal,449,1268,50558,43,26.5,13.6,34,14,2,1,0,28,0,0,0,0,0,0,0,0,0,0,0,0,0,0,0,0,0,0,0,0,0,0,0,0,0,,,,,,,,
1104,Internal,260,659,38821,35,16.7,15.3,15,7,44,0,4,26,0,0,0,0,0,0,0,0,0,0,0,0,0,0,0,0,0,0,0,0,0,0,0,0,0,,,,,,,,
1105,Internal,232,574,38821,35,16.7,15.3,2,6,10,0,4,33,0,0,0,0,0,0,0,0,0,0,0,0,0,0,0,0,0,0,0,0,0,0,0,0,0,,,,,,,,
1106,Internal,384,1113,41500,35,31.5,13.6,121,10,8,0,0,42,0,0,0,0,0,0,0,0,0,0,0,0,0,0,0,0,0,0,0,0,0,0,0,0,0,,,,,,,,
1107,Internal,335,822,41500,35,31.5,13.6,34,64,13,2,25,41,0,0,0,0,0,0,0,0,0,0,0,0,329,0,0,0,0,0,0,0,0,0,0,0,0,,,,,,,,
1108,Internal,180,377,39857,35,36.9,12.1,387,45,13,6,5,32,0,0,0,0,0,0,0,0,0,0,0,0,0,0,0,0,0,0,0,0,0,0,0,0,0,,,,,,,,
1109,Internal,229,602,39857,35,36.9,12.1,0,0,9,0,8,33,0,0,0,0,0,0,0,0,0,0,0,0,0,0,0,0,0,0,0,0,0,0,0,0,0,,,,,,,,
1110,Internal,283,830,108851,42,24.0,18.1,12,47,23,0,0,60,0,0,0,0,0,37,0,0,0,0,0,0,0,0,0,0,0,0,0,0,0,0,0,0,0,,,,,,,,
1111,Internal,156,397,108851,42,24.0,18.1,0,37,5,0,3,65,0,0,0,0,0,56,0,0,0,0,0,0,0,0,0,0,0,0,0,0,0,0,0,0,0,,,,,,,,
1112,Internal,253,710,108851,42,24.0,18.1,3,24,10,0,6,41,0,0,0,0,0,37,0,0,0,0,0,0,0,0,0,0,0,0,0,0,0,0,0,0,0,,,,,,,,
1113,Internal,26,123,108851,42,24.0,18.1,0,6,0,0,0,41,0,0,0,0,0,25,0,0,0,0,0,0,0,0,0,0,0,0,0,0,0,0,0,0,0,,,,,,,,
1114,Internal,230,544,108851,42,24.0,18.1,6,29,11,0,15,20,0,0,0,0,0,19,0,0,0,0,0,0,0,0,0,0,0,0,0,0,0,0,0,0,0,,,,,,,,
1115,Internal,546,1672,142440,53,31.1,6.0,11,19,7,0,2,58,0,0,0,0,0,112,0,0,0,0,0,0,0,0,0,0,0,0,0,0,0,0,0,0,0,,,,,,,,
1116,Internal,112,208,36840,57,19.0,8.8,8,77,110,28,432,24,0,0,0,0,0,25,0,0,0,0,0,0,0,0,0,0,1,536,0,150,130,0,301,0,0,,,,,,,,
1117,Internal,500,928,36840,57,19.0,8.8,0,17,9,0,0,32,0,0,0,0,0,69,0,0,0,0,0,0,0,0,0,0,0,0,0,0,0,0,0,0,0,,,,,,,,
1118,Internal,208,530,36840,57,19.0,8.8,0,16,1,2,2,32,0,0,0,0,0,81,0,0,0,0,0,0,0,0,0,0,0,0,0,0,0,0,0,0,0,,,,,,,,
1119,Internal,400,978,120139,53,26.0,12.7,0,20,28,0,0,39,0,0,0,0,0,75,0,0,0,0,0,0,0,0,0,0,0,0,0,0,0,0,0,0,0,,,,,,,,
1120,Internal,180,455,120139,53,26.0,12.7,0,0,4,0,0,46,0,0,0,0,0,37,0,0,0,0,0,0,0,0,0,0,0,0,0,0,0,0,0,0,0,,,,,,,,
1121,Internal,165,559,120139,53,26.0,12.7,10,35,399,5,2,46,0,0,0,0,0,25,0,0,0,0,0,0,2871,0,0,0,0,0,0,0,0,0,0,0,0,,,,,,,,
1122,Internal,192,427,81339,57,9.9,8.3,11,98,6,25,25,32,0,0,0,0,0,87,0,0,0,0,0,0,0,0,0,0,1,536,0,150,62,0,196,0,0,,,,,,,,
1123,Internal,1,2,81339,57,9.9,8.3,32,53,13,11,172,11,0,0,0,0,0,0,0,0,0,0,0,0,0,0,0,0,1,536,0,150,155,0,451,0,0,,,,,,,,
1124,Internal,104,247,81339,57,9.9,8.3,3,46,295,10,43,41,0,0,0,0,0,69,0,0,0,0,0,0,0,0,0,0,1,536,0,150,67,0,409,0,0,,,,,,,,
1125,Internal,31,68,81339,57,9.9,8.3,28,48,93,50,201,17,0,0,0,0,0,12,0,0,0,0,0,0,0,0,0,0,1,536,0,150,106,0,713,0,0,,,,,,,,
1126,Internal,167,411,81339,57,9.9,8.3,0,333,3,13,0,46,0,0,0,0,0,156,0,0,0,0,0,0,32,0,0,0,0,0,0,0,0,0,0,0,0,,,,,,,,
1127,Internal,156,450,80464,57,16.8,22.7,9,285,1,112,0,39,0,0,0,0,0,12,0,0,0,0,0,0,1228,0,0,0,0,0,0,0,0,0,0,0,0,,,,,,,,
1128,Internal,329,777,80464,57,16.8,22.7,8,9,23,0,1,37,0,0,0,0,0,106,0,0,0,0,0,0,0,0,0,0,0,0,0,0,0,0,0,0,0,,,,,,,,
1129,Internal,10,23,65764,57,2.5,16.6,25,27,106,0,65,26,0,0,0,0,0,6,0,0,0,0,0,0,0,0,0,0,1,536,0,150,41,0,314,0,0,,,,,,,,
1130,Internal,101,217,65764,57,2.5,16.6,14,11,87,0,22,33,0,0,0,0,0,94,0,0,0,0,0,0,0,0,0,0,1,536,0,150,35,0,218,0,0,,,,,,,,
1131,Internal,205,425,80464,57,16.8,22.7,3,129,8,0,3,51,0,0,0,0,0,162,0,0,0,0,0,0,490,0,0,0,0,0,0,0,0,0,0,0,0,,,,,,,,
1132,Internal,120,319,80464,57,16.8,22.7,0,0,6,0,0,32,0,0,0,0,0,81,0,0,0,0,0,0,0,0,0,0,0,0,0,0,0,0,0,0,0,,,,,,,,
1133,Internal,316,486,37133,53,11.7,7.7,22,247,70,24,135,29,0,0,0,0,0,12,0,0,0,0,0,0,0,0,0,0,0,0,0,0,0,0,0,0,0,,,,,,,,
1134,Internal,398,815,37133,53,11.7,7.7,3,44,116,20,124,40,0,0,0,0,0,25,0,0,0,0,0,0,0,0,0,0,0,0,0,0,0,0,0,0,0,,,,,,,,
1135,Internal,324,510,37133,53,11.7,7.7,3,2,17,0,14,18,0,0,0,0,0,69,0,0,0,0,0,0,0,0,0,0,0,0,0,0,0,0,0,0,0,,,,,,,,
1136,Internal,278,639,37133,53,11.7,7.7,7,15,11,0,10,36,0,0,0,0,0,168,0,0,0,0,0,0,0,0,0,0,0,0,0,0,0,0,0,0,0,,,,,,,,
1137,Internal,613,1302,32317,53,25.2,4.0,42,2,12,0,0,22,0,0,0,0,0,200,0,0,0,0,0,0,0,0,0,0,1,536,0,150,15,0,60,0,0,,,,,,,,
1138,Internal,534,804,28304,53,17.6,5.7,166,111,128,60,25,44,0,0,0,0,0,181,0,0,0,0,0,0,0,0,0,0,1,536,0,150,316,0,331,0,0,,,,,,,,
1139,Internal,552,1011,55995,59,17.9,7.4,38,37,7,0,4,70,0,0,0,0,0,235,0,0,0,0,0,0,0,0,0,0,0,0,0,0,0,0,0,0,0,,,,,,,,
1140,Internal,68,167,56806,59,12.9,7.1,5,132,0,0,0,51,0,0,0,0,0,0,0,0,0,0,0,0,873,0,0,0,0,0,0,0,0,0,0,0,0,,,,,,,,
1141,Internal,462,894,56806,59,12.9,7.1,0,58,45,12,3,44,0,0,0,0,0,28,0,0,0,0,0,0,0,0,0,0,0,0,0,0,0,0,0,0,0,,,,,,,,
1142,Internal,116,292,123162,59,23.6,15.7,19,2,11,13,1,46,0,0,0,0,0,25,0,0,0,0,0,0,0,0,0,0,0,0,0,0,0,0,0,0,0,,,,,,,,
1143,Internal,75,217,123162,59,23.6,15.7,0,0,2,0,0,46,0,0,0,0,0,0,0,0,0,0,0,0,0,0,0,0,0,0,0,0,0,0,0,0,0,,,,,,,,
1144,Internal,62,214,123162,59,23.6,15.7,0,1,5,25,2,46,0,0,0,0,0,6,0,0,0,0,0,0,0,0,0,0,0,0,0,0,0,0,0,0,0,,,,,,,,
1145,Internal,161,400,123162,59,23.6,15.7,5,3,16,0,1,46,0,0,0,0,0,19,0,0,0,0,0,0,0,0,0,0,0,0,0,0,0,0,0,0,0,,,,,,,,
1146,Internal,164,429,123162,59,23.6,15.7,30,30,12,0,3,22,0,0,0,0,0,0,0,0,0,0,0,0,0,0,0,0,0,0,0,0,0,0,0,0,0,,,,,,,,
1147,Internal,90,208,123162,59,23.6,15.7,2,0,5,0,0,46,0,0,0,0,0,0,0,0,0,0,0,0,0,0,0,0,0,0,0,0,0,0,0,0,0,,,,,,,,
1148,Internal,486,1247,94281,50,23.4,8.1,0,0,18,17,0,28,0,0,0,0,0,0,0,0,0,0,0,0,0,0,0,0,0,0,0,0,0,0,0,0,0,,,,,,,,
1149,Internal,87,209,69667,49,17.3,16.0,0,15,15,0,0,25,0,0,0,0,0,0,0,0,0,0,0,0,0,0,0,0,0,0,0,0,0,0,0,0,0,,,,,,,,
1150,Internal,148,373,69667,49,17.3,16.0,0,32,3,0,0,25,0,0,0,0,0,0,0,0,0,0,0,0,0,0,0,0,0,0,0,0,0,0,0,0,0,,,,,,,,
1151,Internal,124,271,69667,49,17.3,16.0,2,20,15,23,0,25,0,0,0,0,0,0,0,0,0,0,0,0,0,0,0,0,0,0,0,0,0,0,0,0,0,,,,,,,,
1152,Internal,190,475,67500,49,19.6,16.3,2,3,2,0,0,25,0,0,0,0,0,0,0,0,0,0,0,0,0,0,0,0,0,0,0,0,0,0,0,0,0,,,,,,,,
1153,Internal,55,132,67500,49,19.6,16.3,0,9,2,0,0,25,0,0,0,0,0,0,0,0,0,0,0,0,0,0,0,0,0,0,0,0,0,0,0,0,0,,,,,,,,
1154,Internal,260,614,67500,49,19.6,16.3,16,11,8,2,0,27,0,0,0,0,0,0,0,0,0,0,0,0,0,0,0,0,0,0,0,0,0,0,0,0,0,,,,,,,,
1155,Internal,248,575,60938,49,14.1,35.8,15,33,6,0,3,25,0,0,0,0,0,0,0,0,0,0,0,0,0,0,0,0,0,0,0,0,0,0,0,0,0,,,,,,,,
1156,Internal,93,235,60938,49,14.1,35.8,2,2,0,0,0,25,0,0,0,0,0,0,0,0,0,0,0,0,0,0,0,0,0,0,0,0,0,0,0,0,0,,,,,,,,
1157,Internal,286,720,64712,49,17.9,21.4,6,84,8,0,4,8,0,0,0,0,0,0,0,0,0,0,0,0,0,0,0,0,0,0,0,0,0,0,0,0,0,,,,,,,,
1158,Internal,129,289,64712,49,17.9,21.4,4,13,15,0,0,20,0,0,0,0,0,0,0,0,0,0,0,0,0,0,0,0,0,0,0,0,0,0,0,0,0,,,,,,,,
1159,Internal,143,394,64712,49,17.9,21.4,0,9,14,0,1,20,0,0,0,0,0,0,0,0,0,0,0,0,0,0,0,0,0,0,0,0,0,0,0,0,0,,,,,,,,
1160,Internal,265,630,64712,49,17.9,21.4,3,7,10,0,0,20,0,0,0,0,0,0,0,0,0,0,0,0,0,0,0,0,0,0,0,0,0,0,0,0,0,,,,,,,,
1161,Internal,234,576,79286,49,20.1,16.4,0,20,8,0,2,20,0,0,0,0,0,0,0,0,0,0,0,0,0,0,0,0,0,0,0,0,0,0,0,0,0,,,,,,,,
1162,Internal,171,471,79286,49,20.1,16.4,27,18,4,8,3,20,0,0,0,0,0,0,0,0,0,0,0,0,0,0,0,0,0,0,0,0,0,0,0,0,0,,,,,,,,
1163,Internal,373,834,79286,49,20.1,16.4,45,45,8,0,9,6,0,0,0,0,0,0,0,0,0,0,0,0,0,0,0,0,0,0,0,0,0,0,0,0,0,,,,,,,,
1164,Internal,212,536,79286,49,20.1,16.4,9,2,6,3,0,20,0,0,0,0,0,0,0,0,0,0,0,0,0,0,0,0,0,0,0,0,0,0,0,0,0,,,,,,,,
1165,Internal,156,370,79286,49,20.1,16.4,4,19,4,0,0,20,0,0,0,0,0,0,0,0,0,0,0,0,0,0,0,0,0,0,0,0,0,0,0,0,0,,,,,,,,
1166,Internal,281,701,73365,43,22.7,20.9,2,19,6,1,2,35,0,0,0,0,0,0,0,0,0,0,0,0,0,0,0,0,0,0,0,0,0,0,0,0,0,,,,,,,,
1167,Internal,112,271,48882,43,27.9,16.0,0,57,20,0,0,28,0,0,0,0,0,0,1,0,0,0,0,0,0,0,0,0,0,0,0,0,0,0,0,0,0,,,,,,,,
1168,Internal,219,592,48882,43,27.9,16.0,51,80,22,6,30,36,0,0,0,0,0,0,0,4,0,0,0,0,0,0,0,0,0,0,0,0,0,0,0,0,0,,,,,,,,
1169,Internal,34,71,48882,43,27.9,16.0,23,27,49,16,5,20,0,0,0,0,0,0,0,0,0,0,0,0,0,0,0,0,0,0,0,0,0,0,0,0,0,,,,,,,,
1170,Internal,34,99,48882,43,27.9,16.0,0,0,3,0,0,28,0,0,0,0,0,0,0,4,0,0,0,0,0,0,0,0,0,0,0,0,0,0,0,0,0,,,,,,,,
1171,Internal,263,778,73365,43,22.7,20.9,7,18,0,4,0,35,0,0,0,0,0,0,1,0,0,0,0,0,0,0,0,0,0,0,0,0,0,0,0,0,0,,,,,,,,
1172,Internal,178,490,74647,43,26.5,19.5,9,8,11,0,0,35,0,0,0,0,0,0,0,0,0,0,0,0,0,0,0,0,0,0,0,0,0,0,0,0,0,,,,,,,,
1173,Internal,93,227,73365,43,22.7,20.9,1,0,9,5,0,35,0,0,0,0,0,0,0,0,0,0,0,0,0,0,0,0,0,0,0,0,0,0,0,0,0,,,,,,,,
1174,Internal,150,328,74647,43,26.5,19.5,0,42,74,0,3,32,0,0,0,0,0,0,0,0,0,0,0,0,389,0,0,0,0,0,0,0,0,0,0,0,0,,,,,,,,
1175,Internal,162,402,74647,43,26.5,19.5,0,7,5,0,1,35,0,0,0,0,0,0,0,0,0,0,0,0,0,0,0,0,0,0,0,0,0,0,0,0,0,,,,,,,,
1176,Internal,261,711,74647,43,26.5,19.5,12,24,2,3,3,39,0,0,0,0,0,0,0,0,0,0,0,0,0,0,0,0,0,0,0,0,0,0,0,0,0,,,,,,,,
1177,Internal,50,153,74647,43,26.5,19.5,12,101,10,0,0,50,0,0,0,0,0,0,0,0,0,0,0,0,654,0,0,0,0,0,0,0,0,0,0,0,0,,,,,,,,
1178,Internal,203,505,74647,43,26.5,19.5,17,31,8,2,30,20,0,0,0,0,0,0,0,0,0,0,0,0,0,0,0,0,0,0,0,0,0,0,0,0,0,,,,,,,,
1179,Internal,259,719,39086,43,20.1,11.8,0,29,6,0,0,30,0,0,0,0,0,0,6,0,0,0,0,0,0,0,0,0,0,0,0,0,0,0,0,0,0,,,,,,,,
1180,Internal,316,899,39086,43,20.1,11.8,11,36,3,0,0,47,0,0,0,0,0,0,0,0,0,0,0,0,0,0,0,0,0,0,0,0,0,0,0,0,0,,,,,,,,
1181,Internal,136,349,39086,43,20.1,11.8,2,13,0,1,2,35,0,0,0,0,0,0,0,0,0,0,0,0,0,0,0,0,0,0,0,0,0,0,0,0,0,,,,,,,,
1182,Internal,613,1302,36059,53,14.1,5.6,59,75,56,11,316,20,0,0,0,0,0,74,0,0,0,0,0,0,0,0,0,0,1,536,0,150,132,0,21,0,0,,,,,,,,
1183,Internal,297,544,55995,59,17.9,7.4,5,85,26,0,0,46,0,0,0,0,0,127,0,0,0,0,0,0,0,0,0,0,0,0,0,0,0,0,0,0,0,,,,,,,,
1184,Internal,18,93,79076,43,26.7,12.5,0,2,4,0,2,28,0,0,0,0,0,0,0,0,0,0,0,0,0,0,0,0,0,0,0,0,0,0,0,0,0,,,,,,,,
1185,Internal,362,1055,79076,43,26.7,12.5,16,12,11,3,28,53,0,0,0,0,0,0,0,0,0,0,0,0,0,0,0,0,0,0,0,0,0,0,0,0,0,,,,,,,,
1186,Internal,80,211,79076,43,26.7,12.5,16,2,7,0,0,28,0,0,0,0,0,12,0,0,0,0,0,0,0,0,0,0,0,0,0,0,0,0,0,0,0,,,,,,,,
1187,Internal,358,918,95462,47,32.2,15.6,21,197,22,5,30,44,0,0,0,0,0,0,0,0,0,0,0,0,711,0,0,0,0,0,0,0,0,0,0,0,0,,,,,,,,
1188,Internal,201,489,95462,47,32.2,15.6,19,24,128,4,97,31,0,0,0,0,0,0,0,0,0,0,0,0,0,0,0,0,8,267,0,150,91,0,363,0,0,,,,,,,,
1189,Internal,269,782,95462,47,32.2,15.6,1,0,7,0,2,22,0,0,0,0,0,0,0,0,0,0,0,0,0,0,0,0,0,0,0,0,0,0,0,0,0,,,,,,,,
1190,Internal,274,755,88250,47,22.4,17.7,20,3,18,0,2,21,0,0,0,0,0,0,0,0,0,0,0,0,0,0,0,0,0,0,0,0,0,0,0,0,0,,,,,,,,
1191,Internal,206,451,88250,47,22.4,17.7,9,46,8,18,27,23,0,0,0,0,0,0,0,0,0,0,0,0,0,0,0,0,0,0,0,0,0,0,0,0,0,,,,,,,,
1192,Internal,163,331,88250,47,22.4,17.7,498,170,365,24,0,42,0,0,0,0,0,0,0,0,0,0,0,0,0,0,0,0,0,0,0,0,0,0,0,0,0,,,,,,,,
1193,Internal,462,894,56806,59,12.9,7.1,0,3,89,2,0,46,0,0,0,0,0,28,0,0,0,0,0,0,0,0,0,0,0,0,0,0,0,0,0,0,0,,,,,,,,
1194,Internal,196,427,88250,47,22.4,17.7,120,427,91,60,4,44,0,0,0,0,0,0,0,0,0,0,0,0,602,0,0,0,8,267,0,150,375,0,544,0,0,,,,,,,,
1195,Internal,326,570,69653,47,22.3,15.0,55,107,191,43,149,21,0,0,0,0,0,0,0,0,0,0,0,0,0,0,0,0,8,267,0,150,277,0,675,0,0,,,,,,,,
1196,Internal,353,796,53250,47,8.6,17.5,5,73,117,0,48,23,0,0,0,0,0,0,0,0,0,0,0,0,984,0,0,0,8,267,0,150,231,0,419,0,0,,,,,,,,
1197,Internal,175,395,57955,47,6.2,17.6,0,3,0,0,4,35,0,0,0,0,0,0,0,0,0,0,0,0,0,0,0,0,0,0,0,0,0,0,0,0,0,,,,,,,,
1198,Internal,4,8,53250,47,8.6,17.5,143,21,18,5,4,30,0,0,0,0,0,0,0,0,0,0,0,0,318,0,0,0,0,0,0,0,0,0,0,0,0,,,,,,,,
1199,Internal,217,612,42232,45,17.0,12.4,5,21,12,0,0,31,0,0,0,0,0,0,0,0,0,0,0,0,0,0,0,0,0,0,0,0,0,0,0,0,0,,,,,,,,
1200,Internal,330,937,42232,45,17.0,12.4,40,34,8,21,14,56,0,0,0,0,0,0,0,0,0,0,0,0,0,0,0,0,0,0,0,0,0,0,0,0,0,,,,,,,,
1201,Internal,69,171,42232,45,17.0,12.4,37,24,13,0,2,7,0,0,0,0,0,0,0,0,0,0,0,0,0,0,0,0,0,0,0,0,0,0,0,0,0,,,,,,,,
1202,Internal,94,214,42232,45,17.0,12.4,60,50,0,0,0,34,0,0,0,0,0,0,0,0,0,0,0,0,0,0,0,0,0,0,0,0,0,0,0,0,0,,,,,,,,
1203,Internal,365,939,63677,45,22.8,9.8,0,24,4,4,0,55,0,0,0,0,0,0,0,0,0,0,0,0,0,0,0,0,0,0,0,0,0,0,0,0,0,,,,,,,,
1204,Internal,393,953,88393,45,17.5,17.9,2,81,21,7,0,40,0,0,0,0,0,0,0,0,0,0,0,0,462,0,0,0,0,0,0,0,0,0,0,0,0,,,,,,,,
1205,Internal,143,380,55982,45,25.6,9.6,250,11,4,0,7,38,0,0,0,0,0,0,0,0,0,0,0,0,0,0,0,0,0,0,0,0,0,0,0,0,0,,,,,,,,
1206,Internal,306,710,56250,45,27.2,12.9,24,4,6,0,3,55,0,0,0,0,0,0,0,0,0,0,0,0,0,0,0,0,0,0,0,0,0,0,0,0,0,,,,,,,,
1207,Internal,171,502,51442,44,24.8,11.1,12,182,4,0,0,50,0,0,0,0,0,0,0,0,0,0,0,0,1459,0,0,0,0,0,0,0,0,0,0,0,0,,,,,,,,
1208,Internal,163,421,72827,44,26.1,17.9,16,87,0,5,6,30,0,0,0,0,0,0,0,0,0,0,0,0,485,0,0,0,0,0,0,0,0,0,0,0,0,,,,,,,,
1209,Internal,181,501,72827,44,26.1,17.9,0,1,3,0,0,30,0,0,0,0,0,6,0,0,0,0,0,0,0,0,0,0,0,0,0,0,0,0,0,0,0,,,,,,,,
1210,Internal,118,246,72827,44,26.1,17.9,31,18,34,14,9,30,0,0,0,0,0,0,0,0,0,0,0,0,0,0,0,0,0,0,0,0,0,0,0,0,0,,,,,,,,
1211,Internal,180,406,72827,44,26.1,17.9,0,5,9,0,32,30,0,0,0,0,0,0,0,0,0,0,0,0,0,0,0,0,0,0,0,0,0,0,0,0,0,,,,,,,,
1212,Internal,347,861,51442,44,24.8,11.1,2,7,4,0,0,30,0,0,0,0,0,0,0,0,0,0,0,0,0,0,0,0,0,0,0,0,0,0,0,0,0,,,,,,,,
1213,Internal,257,596,51442,44,24.8,11.1,4,12,7,0,1,30,0,0,0,0,0,19,0,0,0,0,0,0,0,0,0,0,0,0,0,0,0,0,0,0,0,,,,,,,,
1214,Internal,386,938,54864,44,28.5,7.2,3,12,43,15,99,13,0,0,0,0,0,10,0,0,0,0,0,0,0,0,0,0,0,0,0,0,0,0,0,0,0,,,,,,,,
1215,Internal,97,216,95750,52,22.0,17.8,4,113,0,0,0,50,0,0,0,0,0,6,1,0,0,0,0,0,465,0,0,0,0,0,0,0,0,0,0,0,0,,,,,,,,
1216,Internal,147,325,95750,52,22.0,17.8,0,2,5,0,5,36,0,0,0,0,0,6,0,0,0,0,0,0,0,0,0,0,0,0,0,0,0,0,0,0,0,,,,,,,,
1217,Internal,69,225,95750,52,22.0,17.8,5,0,3,0,48,0,0,0,0,0,0,6,0,0,0,0,0,0,0,0,0,0,0,0,0,0,0,0,0,0,0,,,,,,,,
1218,Internal,80,197,95750,52,22.0,17.8,2,4,7,0,4,36,0,0,0,0,0,0,1,0,0,0,0,0,0,0,0,0,0,0,0,0,0,0,0,0,0,,,,,,,,
1219,Internal,103,249,95750,52,22.0,17.8,0,2,3,0,0,36,0,0,0,0,0,6,3,4,0,0,0,0,0,0,0,0,0,0,0,0,0,0,0,0,0,,,,,,,,
1220,Internal,127,306,95750,52,22.0,17.8,0,5,11,0,4,36,0,0,0,0,0,12,0,0,0,0,0,0,0,0,0,0,0,0,0,0,0,0,0,0,0,,,,,,,,
1221,Internal,67,172,95750,52,22.0,17.8,0,1,0,0,0,36,0,0,0,0,0,0,3,0,0,0,0,0,0,0,0,0,0,0,0,0,0,0,0,0,0,,,,,,,,
1222,Internal,103,344,95750,52,22.0,17.8,12,15,27,2,0,27,0,0,0,0,0,0,1,4,0,0,0,0,0,0,0,0,0,0,0,0,0,0,0,0,0,,,,,,,,
1223,Internal,97,284,153438,52,19.0,26.6,0,7,5,0,2,36,0,0,0,0,0,12,0,4,0,0,0,0,0,0,0,0,0,0,0,0,0,0,0,0,0,,,,,,,,
1224,Internal,186,467,153438,52,19.0,26.6,18,5,6,3,0,16,0,0,0,0,0,19,0,0,0,0,0,0,0,0,0,0,0,0,0,0,0,0,0,0,0,,,,,,,,
1225,Internal,86,286,153438,52,19.0,26.6,1,26,7,38,0,36,0,0,0,0,0,19,0,0,0,0,0,0,0,0,0,0,0,0,0,0,0,0,0,0,0,,,,,,,,
1226,Internal,127,305,153438,52,19.0,26.6,0,6,21,0,2,56,0,0,0,0,0,6,1,0,0,0,0,0,0,0,0,0,0,0,0,0,0,0,0,0,0,,,,,,,,
1227,Internal,342,957,133401,46,29.2,7.4,8,42,28,0,15,40,0,0,0,0,0,125,0,0,0,0,0,0,0,0,0,0,0,0,0,0,0,0,0,0,0,,,,,,,,
1228,Internal,200,271,133401,46,29.2,7.4,11,54,7,14,3,44,0,0,0,0,0,0,0,0,0,0,0,0,0,0,0,0,0,0,0,0,0,0,0,0,0,,,,,,,,
1229,Internal,120,204,98092,46,22.8,28.0,47,5,143,5,233,13,0,0,0,0,0,31,0,0,0,0,0,0,0,0,0,0,0,0,0,0,0,0,0,0,0,,,,,,,,
1230,Internal,2,4,98092,46,22.8,28.0,3,47,369,0,0,65,0,0,0,0,0,0,0,0,0,0,0,0,0,0,0,0,0,0,0,0,0,0,0,0,0,,,,,,,,
1231,Internal,280,463,98092,46,22.8,28.0,50,145,189,0,65,53,0,0,0,0,0,35,0,0,0,0,0,0,0,0,0,0,0,0,0,0,0,0,0,0,0,,,,,,,,
1232,Internal,542,1444,133401,46,29.2,7.4,9,2,8,0,0,40,0,0,0,0,0,140,0,0,0,0,0,0,0,0,0,0,0,0,0,0,0,0,0,0,0,,,,,,,,
1233,Internal,170,567,98092,46,22.8,28.0,26,1,148,0,4,51,0,0,0,0,0,31,0,0,0,0,0,0,1482,0,0,0,0,0,0,0,0,0,0,0,0,,,,,,,,
1234,Internal,284,1004,98092,46,22.8,28.0,10,14,1,9,0,45,0,0,0,0,0,62,0,0,0,0,0,0,0,0,0,0,0,0,0,0,0,0,0,0,0,,,,,,,,
1235,Internal,567,1163,64447,46,29.7,10.9,8,35,98,1,8,46,0,0,0,0,0,156,0,7,0,0,0,0,0,0,0,0,0,0,0,0,0,0,0,0,0,,,,,,,,
1236,Internal,40,123,153438,52,19.0,26.6,0,13,0,0,0,36,0,0,0,0,0,0,0,0,0,0,0,0,0,0,0,0,0,0,0,0,0,0,0,0,0,,,,,,,,
1237,Internal,475,850,64447,46,29.7,10.9,12,22,250,0,172,40,0,0,0,0,0,162,0,7,0,0,0,0,0,0,0,1,0,0,0,0,0,0,0,0,0,,,,,,,,
1238,Internal,234,593,64447,46,29.7,10.9,7,108,238,9,0,43,0,0,0,0,0,112,0,11,0,0,0,0,0,0,0,0,0,0,0,0,0,0,0,0,0,,,,,,,,
1239,Internal,152,387,94281,50,23.4,8.1,0,5,3,0,0,28,0,0,0,0,0,0,0,0,0,0,0,0,0,0,0,0,0,0,0,0,0,0,0,0,0,,,,,,,,
1240,Internal,415,1348,157422,48,31.3,10.3,7,10,6,0,0,75,0,0,0,0,0,37,0,0,0,0,0,0,0,0,0,0,0,0,0,0,0,0,0,0,0,,,,,,,,
1241,Internal,298,901,157422,48,31.3,10.3,3,105,17,10,8,46,0,0,0,0,0,44,0,0,0,0,0,0,553,0,0,0,0,0,0,0,0,0,0,0,0,,,,,,,,
1242,Internal,407,1357,157422,48,31.3,10.3,7,18,13,0,6,51,0,0,0,0,0,119,0,0,0,0,0,0,0,0,0,0,0,0,0,0,0,0,0,0,0,,,,,,,,
1243,Internal,175,562,157422,48,31.3,10.3,7,59,18,18,2,34,0,0,0,0,0,25,0,0,0,0,0,0,0,0,0,0,0,0,0,0,0,0,0,0,0,,,,,,,,
1244,Internal,69,131,89706,48,28.4,19.9,0,10,10,5,0,5,0,0,0,0,0,12,0,0,0,0,0,0,0,0,0,0,0,0,0,0,0,0,0,0,0,,,,,,,,
1245,Internal,103,231,89706,48,28.4,19.9,8,15,0,0,0,34,0,0,0,0,0,6,0,0,0,0,0,0,0,0,0,0,0,0,0,0,0,0,0,0,0,,,,,,,,
1246,Internal,76,192,89706,48,28.4,19.9,133,244,107,13,0,14,0,0,0,0,0,6,0,0,0,0,0,0,180,0,0,0,0,0,0,0,0,0,0,0,0,,,,,,,,
1247,Internal,80,192,89706,48,28.4,19.9,3,3,1,3,3,34,0,0,0,0,0,12,0,0,0,0,0,0,0,0,0,0,0,0,0,0,0,0,0,0,0,,,,,,,,
1248,Internal,80,222,89706,48,28.4,19.9,11,10,8,0,0,9,0,0,0,0,0,6,0,0,0,0,0,0,0,0,0,0,0,0,0,0,0,0,0,0,0,,,,,,,,
1249,Internal,203,581,89706,48,28.4,19.9,0,10,22,3,1,36,0,0,0,0,0,25,0,0,0,0,0,0,0,0,0,0,0,0,0,0,0,0,0,0,0,,,,,,,,
1250,Internal,58,177,89706,48,28.4,19.9,0,0,0,0,3,34,0,0,0,0,0,12,0,0,0,0,0,0,0,0,0,0,0,0,0,0,0,0,0,0,0,,,,,,,,
1251,Internal,381,770,61486,48,23.1,16.3,33,17,9,10,9,37,0,0,0,0,0,6,0,0,0,0,0,0,0,0,0,0,0,0,0,0,0,0,0,0,0,,,,,,,,
1252,Internal,116,287,61486,48,23.1,16.3,22,5,1,0,9,34,0,0,0,0,0,6,0,0,0,0,0,0,0,0,0,0,0,0,0,0,0,0,0,0,0,,,,,,,,
1253,Internal,47,86,61486,48,23.1,16.3,12,0,6,1,0,31,0,0,0,0,0,6,0,0,0,0,0,0,0,0,0,0,0,0,0,0,0,0,0,0,0,,,,,,,,
1254,Internal,163,462,61486,48,23.1,16.3,2,15,6,0,0,34,0,0,0,0,0,25,0,0,0,0,0,0,0,0,0,0,0,0,0,0,0,0,0,0,0,,,,,,,,
1255,Internal,164,443,61486,48,23.1,16.3,22,5,14,5,3,19,0,0,0,0,0,19,0,0,0,0,0,0,0,0,0,0,0,0,0,0,0,0,0,0,0,,,,,,,,
1256,Internal,42,116,61486,48,23.1,16.3,2,1,3,0,0,34,0,0,0,0,0,6,0,0,0,0,0,0,0,0,0,0,0,0,0,0,0,0,0,0,0,,,,,,,,
1257,Internal,58,131,61486,48,23.1,16.3,4,2,7,0,0,34,0,0,0,0,0,0,0,0,0,0,0,0,0,0,0,0,0,0,0,0,0,0,0,0,0,,,,,,,,
1258,Internal,332,775,79737,50,20.3,19.5,23,35,32,8,8,56,0,0,0,0,0,6,0,0,0,0,0,0,0,0,0,0,0,0,0,0,0,0,0,0,0,,,,,,,,
1259,Internal,174,449,79737,50,20.3,19.5,3,3,20,0,10,35,0,0,0,0,0,0,0,0,0,0,0,0,0,0,0,0,0,0,0,0,0,0,0,0,0,,,,,,,,
1260,Internal,82,180,79737,50,20.3,19.5,16,14,7,0,14,42,0,0,0,0,0,0,0,0,0,0,0,0,0,0,0,0,0,0,0,0,0,0,0,0,0,,,,,,,,
1261,Internal,111,260,79737,50,20.3,19.5,0,0,0,0,10,35,0,0,0,0,0,0,0,0,0,0,0,0,0,0,0,0,0,0,0,0,0,0,0,0,0,,,,,,,,
1262,Internal,133,323,79737,50,20.3,19.5,5,21,3,0,0,35,0,0,0,0,0,0,0,0,0,0,0,0,0,0,0,0,0,0,0,0,0,0,0,0,0,,,,,,,,
1263,Internal,251,579,59571,50,28.2,14.1,5,46,48,0,5,20,0,0,0,0,0,6,0,0,0,0,0,0,0,0,0,0,0,0,0,0,0,0,0,0,0,,,,,,,,
1264,Internal,182,473,59571,50,28.2,14.1,13,3,21,8,16,35,0,0,0,0,0,0,0,0,0,0,0,0,0,0,0,0,0,0,0,0,0,0,0,0,0,,,,,,,,
1265,Internal,229,574,79737,50,20.3,19.5,160,29,85,5,6,28,0,0,0,0,0,0,0,0,0,0,0,0,0,0,0,0,0,0,0,0,0,0,0,0,0,,,,,,,,
1266,Internal,347,928,68578,50,11.7,18.4,3,18,2,6,0,66,0,0,0,0,0,19,0,0,0,0,0,0,0,0,0,0,0,0,0,0,0,0,0,0,0,,,,,,,,
1267,Internal,197,433,68578,50,11.7,18.4,8,20,19,5,2,35,0,0,0,0,0,12,0,0,0,0,0,0,0,0,0,0,0,0,0,0,0,0,0,0,0,,,,,,,,
1268,Internal,79,162,68578,50,11.7,18.4,3,0,2,0,8,35,0,0,0,0,0,12,0,0,0,0,0,0,0,0,0,0,0,0,0,0,0,0,0,0,0,,,,,,,,
1269,Internal,88,197,68578,50,11.7,18.4,7,13,5,0,5,15,0,0,0,0,0,12,0,0,0,0,0,0,0,0,0,0,0,0,0,0,0,0,0,0,0,,,,,,,,
1270,Internal,278,622,30169,45,8.1,4.4,0,101,15,44,0,40,0,0,0,0,0,175,0,0,0,0,0,0,458,0,0,0,0,0,0,0,0,0,0,0,0,,,,,,,,
1271,Internal,141,412,30169,45,8.1,4.4,3,3,31,42,45,27,0,0,0,0,0,106,0,0,0,0,0,0,0,0,0,0,1,536,0,150,10,0,41,0,0,,,,,,,,
1272,Internal,252,658,30169,45,8.1,4.4,0,0,8,0,0,52,0,0,0,0,0,187,0,0,0,0,0,0,0,0,0,0,2,120,120,0,80,40,0,0,0,,,,,,,,
1273,Internal,150,355,30169,45,8.1,4.4,5,5,84,502,0,58,0,0,0,0,0,112,0,0,0,0,0,0,0,0,0,0,0,0,0,0,0,0,0,0,0,,,,,,,,
1274,Internal,153,374,30169,45,8.1,4.4,2,8,146,6,25,58,0,0,0,0,0,37,0,0,0,0,0,0,0,0,0,0,1,536,0,300,379,0,65,0,0,,,,,,,,
1275,Internal,141,410,30169,45,8.1,4.4,3,6,46,7,34,19,0,0,0,0,0,168,0,0,0,0,0,0,0,0,0,0,1,536,0,150,44,0,44,0,0,,,,,,,,
1276,Internal,70,201,30169,45,8.1,4.4,0,8,0,0,0,52,0,0,0,0,0,62,0,4,0,0,0,0,0,0,0,0,0,0,0,0,0,0,0,0,0,,,,,,,,
1277,Internal,411,898,101250,50,16.1,20.5,76,54,77,15,54,32,0,86,0,0,0,193,0,4,0,0,0,0,0,0,0,0,0,0,0,0,0,0,0,0,0,,,,,,,,
1278,Internal,236,456,101250,50,16.1,20.5,1,217,252,21,10,33,0,0,0,0,0,50,0,0,0,0,0,0,0,0,0,0,0,0,0,0,0,0,0,0,0,,,,,,,,
1279,Internal,197,527,101250,50,16.1,20.5,6,0,43,1,2,20,0,0,0,0,0,56,0,0,0,0,0,0,0,0,0,0,0,0,0,0,0,0,0,0,0,,,,,,,,
1280,Internal,13,65,21100,50,2.5,2.7,24,226,48,61,490,10,0,194,0,0,0,19,0,0,0,0,0,0,0,0,0,0,1,536,0,150,88,0,422,0,0,,,,,,,,
1281,Internal,427,903,21100,50,2.5,2.7,6,134,20,0,48,20,0,23,0,0,0,139,0,0,0,0,0,0,0,0,0,0,0,0,0,0,0,0,0,0,0,,,,,,,,
1282,Internal,152,344,21100,50,2.5,2.7,136,65,112,8,61,10,0,90,0,0,0,71,0,0,0,0,0,0,0,0,0,0,1,536,0,100,143,0,368,0,0,,,,,,,,
1283,Internal,495,1103,126458,54,13.9,18.7,12,45,80,5,73,19,0,0,0,0,0,256,0,4,0,0,0,0,0,0,0,0,2,553,0,300,142,0,161,0,0,,,,,,,,
1284,Internal,53,177,126458,54,13.9,18.7,0,2,8,0,0,35,0,0,0,0,0,25,0,0,0,0,0,0,0,0,0,0,0,0,0,0,0,0,0,0,0,,,,,,,,
1285,Internal,98,257,126458,54,13.9,18.7,0,274,8,28,5,33,0,0,0,0,0,56,0,0,0,0,0,0,281,0,0,0,2,553,0,300,118,0,3,0,0,,,,,,,,
1286,Internal,25,48,126458,54,13.9,18.7,0,3,2,0,0,65,0,282,0,0,0,0,0,0,0,0,0,0,0,0,0,0,2,553,147,300,11,33,19,0,0,,,,,,,,
1287,Internal,137,181,126458,54,13.9,18.7,0,0,33,40,0,33,0,0,0,0,0,50,0,4,0,0,0,0,0,0,0,0,0,0,0,0,0,0,0,0,0,,,,,,,,
1288,Internal,41,85,126458,54,13.9,18.7,0,0,12,0,0,33,0,0,0,0,0,37,0,0,0,0,0,0,0,0,0,0,0,0,0,0,0,0,0,0,0,,,,,,,,
1289,Internal,0,0,126458,54,13.9,18.7,10,23,64,0,135,32,0,0,0,0,0,0,0,0,0,0,0,0,0,0,0,0,0,0,0,0,0,0,0,0,0,,,,,,,,
1290,Internal,9,12,68211,48,22.0,14.0,0,70,57,0,0,22,0,1188,0,0,0,6,0,0,0,0,0,0,0,0,0,0,2,553,147,300,502,5,104,0,0,,,,,,,,
1291,Internal,3,8,68211,48,22.0,14.0,20,1018,77,46,225,22,0,238,0,0,0,0,0,0,0,470,0,0,0,0,0,0,2,553,147,300,282,21,88,0,0,,,,,,,,
1292,Internal,1,2,68211,48,22.0,14.0,0,0,5,540,37,23,0,0,0,0,0,0,0,0,0,0,0,0,0,0,0,0,2,553,0,0,1,0,0,0,0,,,,,,,,
1293,Internal,2,10,68211,48,22.0,14.0,16,1150,306,42,284,22,0,299,0,0,0,0,0,0,0,2582,0,0,0,0,0,0,2,553,147,300,369,53,93,0,0,,,,,,,,
1294,Internal,0,0,68211,48,22.0,14.0,0,897,0,0,0,22,0,58,0,0,0,0,0,0,0,617,0,0,0,0,0,0,2,553,147,300,177,16,33,0,0,,,,,,,,
1295,Internal,7,21,30865,40,22.0,2.5,0,34,22,0,0,0,0,1065,0,0,0,6,0,0,0,0,0,0,0,0,0,0,2,553,147,300,138,195,15,0,0,,,,,,,,
1296,Internal,5,16,30865,40,22.0,2.5,0,688,35,0,19,23,0,728,0,0,0,6,0,0,0,517,0,0,0,0,0,0,2,553,147,300,478,13,104,0,0,,,,,,,,
1297,Internal,114,207,31442,40,23.0,2.5,0,257,0,0,0,23,0,1486,0,0,0,12,0,0,0,0,0,0,0,0,0,0,2,553,147,300,3690,35,64,0,0,,,,,,,,
1298,Internal,78,129,31442,40,23.0,2.5,0,301,150,12,0,32,0,1843,0,0,0,31,0,0,0,215,0,0,0,0,0,0,2,553,147,300,1322,41,208,0,0,,,,,,,,
1299,Internal,0,0,11250,40,22.0,2.5,0,0,342,0,0,23,0,0,0,0,0,0,0,0,0,0,0,0,0,0,0,1,2,553,147,300,2323,46,1656,0,0,,,,,,,,
1300,Internal,285,712,67500,49,19.6,16.3,0,1,3,0,0,25,0,0,0,0,0,0,0,0,0,0,0,0,0,0,0,0,0,0,0,0,0,0,0,0,0,,,,,,,,
1301,Internal,7,16,11250,40,22.0,2.5,0,280,1294,0,34,23,0,0,0,0,0,0,0,0,0,0,0,0,0,0,0,0,2,553,147,300,85,16,11,0,0,,,,,,,,
1302,Internal,45,143,52344,41,4.2,5.5,126,7,47,9,32,39,0,0,0,0,0,25,0,0,0,0,0,0,0,0,0,0,1,536,0,300,140,0,34,0,0,,,,,,,,
1303,Internal,91,368,52344,41,4.2,5.5,4,150,98,0,428,24,0,0,0,0,0,6,0,0,0,0,0,0,0,0,0,0,1,536,0,300,311,0,263,0,0,,,,,,,,
1304,Internal,90,147,52344,41,4.2,5.5,41,79,72,0,132,46,0,0,0,0,0,12,0,0,0,0,0,0,0,0,0,0,1,536,0,150,16,0,15,0,0,,,,,,,,
1305,Internal,288,664,52344,41,4.2,5.5,50,39,162,25,242,37,0,1350,0,0,0,56,0,0,0,0,0,0,0,0,0,0,1,536,0,150,370,0,211,0,0,,,,,,,,
1306,Internal,135,215,52344,41,4.2,5.5,11,44,121,0,139,29,0,0,0,0,0,12,0,0,0,0,0,0,0,0,0,0,1,536,0,150,111,0,216,0,0,,,,,,,,
1307,Internal,116,300,52344,41,4.2,5.5,21,66,3,75,334,8,0,0,0,0,0,75,0,0,0,0,0,0,0,0,0,0,1,536,0,150,65,0,167,0,0,,,,,,,,
1308,Internal,133,342,43478,41,8.9,7.4,0,92,1,2,0,30,0,0,0,0,0,156,0,0,0,0,0,0,0,0,0,0,0,0,0,0,0,0,0,0,0,,,,,,,,
1309,Internal,373,771,43478,41,8.9,7.4,0,113,2,0,0,30,0,0,0,0,0,212,0,0,0,0,0,0,0,0,0,0,1,553,0,300,88,0,27,0,0,,,,,,,,
1310,Internal,134,313,52344,41,4.2,5.5,0,96,67,65,0,48,0,77,0,0,0,143,0,0,0,0,0,0,0,0,0,0,2,553,147,300,255,1,14,0,0,,,,,,,,
1311,Internal,346,903,43478,41,8.9,7.4,0,21,11,0,8,30,0,0,0,0,0,368,0,0,0,0,0,0,0,0,0,0,0,0,0,0,0,0,0,0,0,,,,,,,,
1312,Internal,92,182,43478,41,8.9,7.4,14,545,112,51,30,20,0,4,0,0,0,131,0,0,0,0,0,0,0,0,0,0,2,553,147,300,253,26,304,0,0,,,,,,,,
1313,Internal,167,344,72303,50,17.7,15.1,0,10,0,15,0,72,0,0,0,0,0,156,0,0,0,0,0,0,0,0,0,0,0,0,0,0,0,0,0,0,0,,,,,,,,
1314,Internal,159,452,72303,50,17.7,15.1,2,0,9,0,0,89,0,0,0,0,0,25,0,4,0,0,0,0,0,0,0,0,0,0,0,0,0,0,0,0,0,,,,,,,,
1315,Internal,368,729,28281,50,9.6,2.5,0,42,82,52,30,18,0,0,0,0,0,212,0,7,0,0,0,0,0,0,0,0,0,0,0,0,0,0,0,0,0,,,,,,,,
1316,Internal,36,103,72303,50,17.7,15.1,70,220,306,0,50,72,0,0,0,0,0,44,0,0,0,19,0,0,0,0,0,0,2,553,147,300,937,17,184,0,0,,,,,,,,
1317,Internal,148,304,28281,50,9.6,2.5,41,21,7,0,0,29,0,0,0,0,0,6,0,0,0,0,0,0,0,0,0,0,2,553,147,300,213,1158,6,0,0,,,,,,,,
1318,Internal,328,888,72303,50,17.7,15.1,10,51,7,3,3,80,0,0,0,0,0,112,0,4,0,0,0,0,0,0,0,0,0,0,0,0,0,0,0,0,0,,,,,,,,
1319,Internal,137,255,72303,50,17.7,15.1,4,0,4,0,1,72,0,0,0,0,0,44,0,0,0,0,0,0,0,0,0,0,0,0,0,0,0,0,0,0,0,,,,,,,,
1320,Internal,185,527,77109,48,20.2,23.0,0,3,6,0,3,36,0,0,0,0,0,19,0,4,0,0,0,0,0,0,0,0,0,0,0,0,0,0,0,0,0,,,,,,,,
1321,Internal,288,757,77109,48,20.2,23.0,3,4,17,0,0,36,0,0,0,0,0,31,0,7,0,0,0,0,0,0,0,0,0,0,0,0,0,0,0,0,0,,,,,,,,
1322,Internal,260,505,77109,48,20.2,23.0,21,7,3,25,0,3,0,0,0,0,0,162,0,4,0,0,0,0,0,0,0,0,0,0,0,0,0,0,0,0,0,,,,,,,,
1323,Internal,460,856,44444,51,10.0,12.4,0,106,165,0,0,51,0,0,0,0,0,131,0,14,0,0,0,0,1133,0,0,0,0,0,0,0,0,0,0,0,0,,,,,,,,
1324,Internal,465,786,122361,48,24.1,13.6,9,11,72,178,106,29,0,0,0,0,0,37,0,0,0,0,0,0,0,0,0,0,0,0,0,0,0,0,0,0,0,,,,,,,,
1325,Internal,143,435,122361,48,24.1,13.6,24,7,67,0,37,15,0,0,0,0,0,31,0,0,0,0,0,0,0,0,0,0,0,0,0,0,0,0,0,0,0,,,,,,,,
1326,Internal,126,334,122361,48,24.1,13.6,13,29,14,0,0,36,0,0,0,0,0,19,0,0,0,0,0,0,0,0,0,0,0,0,0,0,0,0,0,0,0,,,,,,,,
1327,Internal,469,919,77109,48,20.2,23.0,24,153,306,20,31,51,0,0,0,0,0,443,0,0,0,0,0,0,0,0,0,0,0,0,0,0,0,0,0,0,0,,,,,,,,
1328,Internal,335,835,91518,51,12.5,15.9,1,13,43,0,23,25,0,0,0,0,0,19,0,0,0,0,0,0,0,0,0,0,0,0,0,0,0,0,0,0,0,,,,,,,,
1329,Internal,366,767,91518,51,12.5,15.9,12,17,9,6,10,11,0,0,0,0,0,106,0,4,0,0,0,0,0,0,0,0,0,0,0,0,0,0,0,0,0,,,,,,,,
1330,Internal,209,562,70583,51,33.1,10.2,5,9,14,7,1,34,0,0,0,0,0,56,0,4,0,0,0,0,0,0,0,0,0,0,0,0,0,0,0,0,0,,,,,,,,
1331,Internal,59,212,70583,51,33.1,10.2,0,0,2,0,0,41,0,0,0,0,0,6,0,0,0,0,0,0,0,0,0,0,0,0,0,0,0,0,0,0,0,,,,,,,,
1332,Internal,110,278,70583,51,33.1,10.2,0,30,12,18,3,41,0,0,0,0,0,6,0,4,0,0,0,0,0,0,0,0,0,0,0,0,0,0,0,0,0,,,,,,,,
1333,Internal,107,307,70583,51,33.1,10.2,1,50,1,0,0,50,0,0,0,0,0,12,0,0,0,0,0,0,0,0,0,0,0,0,0,0,0,0,0,0,0,,,,,,,,
1334,Internal,461,959,70583,51,33.1,10.2,2,8,29,0,0,41,0,0,0,0,0,196,0,4,0,0,0,0,0,0,0,0,0,0,0,0,0,0,0,0,0,,,,,,,,
1335,Internal,96,254,70583,51,33.1,10.2,32,163,384,0,0,91,0,0,0,0,0,31,0,0,0,0,0,0,0,0,0,0,0,0,0,0,0,0,0,0,0,,,,,,,,
1336,Internal,67,217,70583,51,33.1,10.2,0,5,18,0,0,41,0,0,0,0,0,0,0,0,0,0,0,0,0,0,0,0,0,0,0,0,0,0,0,0,0,,,,,,,,
1337,Internal,178,414,73200,48,29.6,14.7,1,76,224,0,1,0,0,0,0,0,0,44,0,4,0,0,0,0,445,0,0,0,0,0,0,0,0,0,0,0,0,,,,,,,,
1338,Internal,0,0,73200,48,29.6,14.7,9,88,51,121,50,35,0,0,0,0,0,0,0,0,0,0,0,0,0,0,0,0,0,0,0,0,0,0,0,0,0,,,,,,,,
1339,Internal,654,1569,73200,48,29.6,14.7,6,5,29,0,13,38,0,0,0,0,0,225,0,11,0,0,0,0,0,0,0,0,0,0,0,0,0,0,0,0,0,,,,,,,,
1340,Internal,1,18,73200,48,29.6,14.7,0,699,0,0,22,31,0,0,0,0,0,0,0,0,0,0,0,0,0,0,0,0,0,0,0,0,0,0,0,0,0,,,,,,,,
1341,Internal,181,316,73200,48,29.6,14.7,15,3,3,0,60,31,0,0,0,0,0,6,0,0,0,0,0,0,0,0,0,0,0,0,0,0,0,0,0,0,0,,,,,,,,
1342,Internal,0,0,73200,48,29.6,14.7,73,77,632,40,183,51,0,0,0,0,0,0,0,0,0,0,0,0,0,0,0,0,0,0,0,0,0,0,0,0,0,,,,,,,,
1343,Internal,159,456,73200,48,29.6,14.7,6,14,4,0,0,31,0,0,0,0,0,31,0,0,0,0,0,0,0,0,0,0,0,0,0,0,0,0,0,0,0,,,,,,,,
1344,Internal,314,541,41088,48,23.8,4.4,82,19,395,107,181,42,0,0,0,0,0,72,0,10,0,0,0,0,0,0,0,0,0,0,0,0,0,0,0,0,0,,,,,,,,
1345,Internal,0,0,41088,48,23.8,4.4,16,215,34,19,625,20,0,0,0,0,0,0,0,0,0,0,0,0,0,0,0,0,0,0,0,0,0,0,0,0,0,,,,,,,,
1346,Internal,0,0,41088,48,23.8,4.4,91,16,199,33,843,27,0,0,0,0,0,6,0,4,0,0,0,0,0,0,0,0,0,0,0,0,0,0,0,0,0,,,,,,,,
1347,Internal,449,815,59798,48,18.2,12.7,5,33,80,8,66,21,0,0,0,0,0,281,0,14,0,0,0,0,0,0,0,0,0,0,0,0,0,0,0,0,0,,,,,,,,
1348,Internal,398,1173,59798,48,18.2,12.7,0,12,117,2,1,44,0,0,0,0,0,56,0,0,0,0,0,0,454,0,0,0,0,0,0,0,0,0,0,0,0,,,,,,,,
1349,Internal,101,189,59798,48,18.2,12.7,10,56,479,35,231,31,0,0,0,0,0,19,0,0,0,0,0,0,0,0,0,0,0,0,0,0,0,0,0,0,0,,,,,,,,
1350,Internal,236,559,59798,48,18.2,12.7,0,11,19,10,0,31,0,0,0,0,0,150,0,0,0,0,0,0,0,0,0,0,0,0,0,0,0,0,0,0,0,,,,,,,,
1351,Internal,89,340,41088,48,23.8,4.4,0,0,6,0,0,15,0,0,0,0,0,37,0,0,0,0,0,0,0,0,0,0,0,0,0,0,0,0,0,0,0,,,,,,,,
1352,Internal,349,949,89750,48,24.8,17.0,1,9,18,0,0,40,0,0,0,0,0,50,0,4,0,0,0,0,0,0,0,0,0,0,0,0,0,0,0,0,0,,,,,,,,
1353,Internal,159,506,89750,48,24.8,17.0,2,19,62,0,13,26,0,0,0,0,0,19,0,0,0,0,0,0,0,0,0,0,0,0,0,0,0,0,0,0,0,,,,,,,,
1354,Internal,54,103,89750,48,24.8,17.0,6,15,134,46,22,73,0,0,0,0,0,12,0,7,0,0,0,0,0,0,0,0,0,0,0,0,0,0,0,0,0,,,,,,,,
1355,Internal,164,509,114375,45,18.9,18.7,2,12,23,8,10,62,0,0,0,0,0,75,0,0,0,0,0,0,0,0,0,0,0,0,0,0,0,0,0,0,0,,,,,,,,
1356,Internal,5,22,114375,45,18.9,18.7,0,0,60,0,0,62,0,0,0,0,0,0,0,0,0,0,0,0,0,0,0,0,0,0,0,0,0,0,0,0,0,,,,,,,,
1357,Internal,156,241,114375,45,18.9,18.7,24,110,349,38,115,44,0,0,0,0,0,112,0,0,0,0,0,0,0,0,0,0,0,0,0,0,0,0,0,0,0,,,,,,,,
1358,Internal,0,0,114375,45,18.9,18.7,0,5,123,12,177,62,0,0,0,0,0,0,0,0,0,0,0,0,487,0,0,0,0,0,0,0,0,0,0,0,0,,,,,,,,
1359,Internal,0,0,114375,45,18.9,18.7,15,228,157,3,8,0,0,0,0,0,0,0,0,0,0,0,0,0,0,0,0,0,0,0,0,0,0,0,0,0,0,,,,,,,,
1360,Internal,0,0,114375,45,18.9,18.7,62,33,190,0,0,34,0,0,0,0,0,6,0,0,0,0,0,0,0,0,0,0,0,0,0,0,0,0,0,0,0,,,,,,,,
1361,Internal,27,80,114375,45,18.9,18.7,0,13,7,0,0,62,0,0,0,0,0,6,0,0,0,0,0,0,0,0,0,0,0,0,0,0,0,0,0,0,0,,,,,,,,
1362,Internal,125,308,79583,45,33.7,18.7,17,12,31,0,22,62,0,0,0,0,0,19,0,0,0,0,0,0,0,0,0,0,0,0,0,0,0,0,0,0,0,,,,,,,,
1363,Internal,21,49,114375,45,18.9,18.7,0,9,15,0,0,0,0,0,0,0,0,0,0,0,0,0,0,0,7,0,0,0,0,0,0,0,0,0,0,0,0,,,,,,,,
1364,Internal,431,1104,114375,45,18.9,18.7,20,46,59,1,13,14,0,0,0,0,0,175,0,0,0,0,0,0,0,0,0,0,0,0,0,0,0,0,0,0,0,,,,,,,,
1365,Internal,0,0,114375,45,18.9,18.7,0,0,50,0,0,68,0,0,0,0,0,0,0,0,0,0,0,0,0,0,0,0,0,0,0,0,0,0,0,0,0,,,,,,,,
1366,Internal,118,181,114375,45,18.9,18.7,0,170,104,146,0,62,0,0,0,0,0,106,0,0,0,0,0,0,0,0,0,0,2,120,120,0,1075,1075,0,1,0,,,,,,,,
1367,Internal,112,302,28220,48,9.4,22.3,0,0,4,0,0,54,0,0,0,0,0,31,0,0,0,0,0,0,0,0,0,0,0,0,0,0,0,0,0,0,0,,,,,,,,
1368,Internal,196,467,79583,45,33.7,18.7,158,12,6,0,33,52,0,0,0,0,0,31,0,0,0,0,0,0,0,0,0,0,0,0,0,0,0,0,0,0,0,,,,,,,,
1369,Internal,156,335,96171,48,33.3,8.9,4,4,3,0,5,49,0,0,0,0,0,37,0,0,0,0,0,0,0,0,0,0,0,0,0,0,0,0,0,0,0,,,,,,,,
1370,Internal,470,995,28220,48,9.4,22.3,4,266,63,10,0,36,0,0,0,0,0,50,0,0,0,0,0,0,620,0,0,0,0,0,0,0,0,0,0,0,0,,,,,,,,
1371,Internal,35,114,178864,48,34.2,6.8,0,88,0,0,0,51,0,0,0,0,0,16,0,0,0,0,0,0,739,0,0,0,0,0,0,0,0,0,0,0,0,,,,,,,,
1372,Internal,265,795,178864,48,34.2,6.8,4,17,14,10,54,63,0,0,0,0,0,87,0,0,0,0,0,0,0,0,0,0,0,0,0,0,0,0,0,0,0,,,,,,,,
1373,Internal,582,1325,96171,48,33.3,8.9,11,333,337,34,222,57,0,0,0,0,0,220,0,0,0,0,0,0,475,0,0,0,0,0,0,0,0,0,0,0,0,,,,,,,,
1374,Internal,22,103,79583,45,33.7,18.7,0,0,0,0,1,62,0,0,0,0,0,6,0,0,0,0,0,0,0,0,0,0,0,0,0,0,0,0,0,0,0,,,,,,,,
1375,Internal,56,146,72827,44,26.1,17.9,2,3,0,1,0,30,0,0,0,0,0,0,0,0,0,0,0,0,0,0,0,0,0,0,0,0,0,0,0,0,0,,,,,,,,
1376,Internal,31,76,79737,50,20.3,19.5,0,0,0,0,0,35,0,0,0,0,0,0,0,0,0,0,0,0,0,0,0,0,0,0,0,0,0,0,0,0,0,,,,,,,,
1377,Internal,70,194,72827,44,26.1,17.9,0,0,0,0,0,37,0,0,0,0,0,0,0,0,0,0,0,0,0,0,0,0,0,0,0,0,0,0,0,0,0,,,,,,,,
1378,Internal,307,776,67500,49,19.6,16.3,13,18,12,0,0,21,0,0,0,0,0,0,0,0,0,0,0,0,0,0,0,0,0,0,0,0,0,0,0,0,0,,,,,,,,
1379,Internal,132,315,63677,45,22.8,9.8,6,5,4,0,3,33,0,0,0,0,0,0,0,0,0,0,0,0,0,0,0,0,0,0,0,0,0,0,0,0,0,,,,,,,,
1380,Internal,123,291,55982,45,25.6,9.6,756,71,1,0,5,58,0,0,0,0,0,0,0,0,0,0,0,0,0,0,0,0,0,0,0,0,0,0,0,0,0,,,,,,,,
1381,Internal,319,972,72827,44,26.1,17.9,0,7,113,0,97,19,0,0,0,0,0,0,0,0,0,0,0,0,0,0,0,0,0,0,0,0,0,0,0,0,0,,,,,,,,
1382,Internal,77,279,56250,45,27.2,12.9,24,0,2,13,0,18,0,0,0,0,0,0,0,0,0,0,0,0,0,0,0,0,0,0,0,0,0,0,0,0,0,,,,,,,,
1383,Internal,265,637,56250,45,27.2,12.9,0,0,1,9,9,55,0,0,0,0,0,0,0,0,0,0,0,0,0,0,0,0,0,0,0,0,0,0,0,0,0,,,,,,,,
1384,Internal,152,421,63677,45,22.8,9.8,0,1,3,0,0,100,0,0,0,0,0,0,0,0,0,0,0,0,0,0,0,0,0,0,0,0,0,0,0,0,0,,,,,,,,
1385,Internal,575,1343,56250,45,27.2,12.9,0,3,18,13,48,14,0,0,0,0,0,0,0,0,0,0,0,0,0,0,0,0,0,0,0,0,0,0,0,0,0,,,,,,,,
1386,Internal,46,93,55982,45,25.6,9.6,441,11,12,0,16,67,0,0,0,0,0,0,0,0,0,0,0,0,0,0,0,0,0,0,0,0,0,0,0,0,0,,,,,,,,
1387,Internal,173,409,67500,49,19.6,16.3,2,5,7,0,1,25,0,0,0,0,0,0,0,0,0,0,0,0,0,0,0,0,0,0,0,0,0,0,0,0,0,,,,,,,,
1388,Internal,106,247,69667,49,17.3,16.0,6,3,8,0,0,25,0,0,0,0,0,0,0,0,0,0,0,0,0,0,0,0,0,0,0,0,0,0,0,0,0,,,,,,,,
1389,Internal,404,1174,95462,47,32.2,15.6,0,0,10,3,128,35,0,0,0,0,0,0,0,0,0,0,0,0,0,0,0,0,0,0,0,0,0,0,0,0,0,,,,,,,,
1390,Internal,393,885,69653,47,22.3,15.0,4,299,228,43,94,24,0,0,0,0,0,0,0,0,0,0,0,0,984,0,0,0,8,267,0,150,154,0,280,0,0,,,,,,,,
1391,Internal,371,788,57955,47,6.2,17.6,85,27,214,178,151,17,0,0,0,0,0,0,0,0,0,0,0,0,35,0,0,0,0,0,0,0,0,0,0,0,0,,,,,,,,
1392,Internal,83,234,42232,45,17.0,12.4,0,25,14,3,0,55,0,0,0,0,0,0,0,0,0,0,0,0,0,0,0,0,0,0,0,0,0,0,0,0,0,,,,,,,,
1393,Internal,204,473,56250,45,27.2,12.9,5,43,2,0,4,11,0,0,0,0,0,0,0,0,0,0,0,0,0,0,0,0,0,0,0,0,0,0,0,0,0,,,,,,,,
1394,Internal,386,938,54864,44,28.5,7.2,0,17,23,27,0,62,0,0,0,0,0,9,0,0,0,0,0,0,0,0,0,0,0,0,0,0,0,0,0,0,0,,,,,,,,
1395,Internal,280,463,98092,46,22.8,28.0,6,0,581,0,20,28,0,0,0,0,0,34,0,0,0,0,0,0,0,0,0,0,0,0,0,0,0,0,0,0,0,,,,,,,,
1396,Internal,232,619,133401,46,29.2,7.4,19,51,18,29,20,32,0,0,0,0,0,60,0,0,0,0,0,0,0,0,0,0,0,0,0,0,0,0,0,0,0,,,,,,,,
1397,Internal,0,0,64447,46,29.7,10.9,22,1039,846,44,129,49,0,0,0,0,0,0,0,0,0,0,0,0,0,0,0,0,0,0,0,0,0,0,0,0,0,,,,,,,,
1398,Internal,142,301,21100,50,2.5,2.7,22,82,73,3,82,0,0,0,0,0,0,46,0,0,0,0,0,0,0,0,0,0,0,0,0,0,0,0,0,0,0,,,,,,,,
1399,Internal,314,1028,178864,48,34.2,6.8,4,69,8,7,0,75,0,0,0,0,0,140,0,0,0,0,0,0,0,0,0,0,0,0,0,0,0,0,0,0,0,,,,,,,,
1400,Internal,0,0,36151,55,21.0,6.9,235,3,9,0,0,65,0,0,0,0,0,0,0,0,0,0,0,0,0,0,0,0,0,0,0,0,0,0,0,0,0,,,,,,,,
1401,Internal,1,3,36151,55,21.0,6.9,403,26,300,20,2,57,0,0,0,0,0,0,0,0,0,0,0,0,0,0,0,0,0,0,0,0,0,0,0,0,0,,,,,,,,
1402,Internal,0,0,36151,55,21.0,6.9,32,5,90,22,295,19,0,0,0,0,0,0,0,0,0,0,0,0,154,0,0,0,0,0,0,0,0,0,0,0,0,,,,,,,,
1403,Internal,38,121,36151,55,21.0,6.9,130,7,56,45,229,32,0,0,0,0,0,0,0,0,0,0,0,0,364,0,181,0,0,0,0,0,0,0,0,0,0,,,,,,,,
1404,Internal,2,6,36151,55,21.0,6.9,167,759,79,0,6,65,0,0,0,0,0,0,0,0,0,0,0,0,0,0,0,0,0,0,0,0,0,0,0,0,0,,,,,,,,
1405,Internal,484,1220,81641,55,23.7,3.1,15,43,176,0,193,33,0,0,0,0,0,0,0,0,0,0,0,0,0,0,0,0,0,0,0,0,0,0,0,0,0,,,,,,,,
1406,Internal,39,116,39000,46,34.5,17.2,0,7,3,0,0,31,0,0,0,0,0,0,0,0,0,0,0,0,0,0,0,0,0,0,0,0,0,0,0,0,0,,,,,,,,
1407,Internal,138,396,52566,42,28.7,17.9,434,103,28,0,24,68,0,0,0,0,0,0,0,0,0,0,0,0,0,0,0,0,0,0,0,0,0,0,0,0,0,,,,,,,,
1408,Internal,228,507,50053,48,26.2,10.1,0,3,10,0,1,22,0,0,0,0,0,0,0,0,0,0,0,0,0,0,0,0,0,0,0,0,0,0,0,0,0,,,,,,,,
1409,Internal,91,246,65568,44,23.7,20.2,0,0,243,64,867,13,0,0,0,0,0,0,0,0,0,0,0,0,0,0,0,0,0,0,0,0,0,0,0,0,0,,,,,,,,
1410,Internal,91,246,65568,44,23.7,20.2,1,0,74,4,295,10,0,0,0,0,0,0,0,0,0,0,0,0,0,0,0,0,0,0,0,0,0,0,0,0,0,,,,,,,,
1411,Internal,297,913,72075,45,24.2,15.0,1,0,16,0,0,50,0,0,0,0,0,0,0,0,0,0,0,0,0,0,0,0,0,0,0,0,0,0,0,0,0,,,,,,,,
1412,Internal,192,631,80094,45,31.6,16.5,0,0,11,0,0,32,0,0,0,0,0,0,0,0,0,0,0,0,0,0,0,0,0,0,0,0,0,0,0,0,0,,,,,,,,
1413,Internal,101,320,125080,51,22.6,11.1,5,13,16,0,0,15,0,0,0,0,0,0,0,0,0,0,0,0,0,0,0,0,0,0,0,0,0,0,0,0,0,,,,,,,,
1414,Internal,308,939,82731,52,24.0,17.4,4,86,74,0,0,47,0,0,0,0,0,0,0,0,0,0,0,0,170,0,0,0,0,0,0,0,0,0,0,0,0,,,,,,,,
1415,Internal,177,534,83947,51,31.4,6.5,149,115,18,15,9,29,0,0,0,0,0,0,0,0,0,0,0,0,0,0,0,0,0,0,0,0,0,0,0,0,0,,,,,,,,
1416,Internal,448,1289,78750,45,24.8,12.7,5,4,52,0,292,20,0,0,0,0,0,0,0,0,0,0,0,0,0,0,0,0,0,0,0,0,0,0,0,0,0,,,,,,,,
1417,Internal,26,85,90436,46,31.5,7.5,0,243,0,0,0,44,0,0,0,0,0,0,0,0,0,0,0,0,4777,0,0,0,0,0,0,0,0,0,0,0,0,,,,,,,,
1418,Internal,0,0,85694,69,6.4,13.1,0,184,176,33,0,46,0,0,0,0,0,0,0,0,0,0,0,0,0,0,0,0,7,625,0,563,500,0,371,0,0,,,,,,,,
1419,Internal,84,100,85694,69,6.4,13.1,144,1103,369,220,79,56,0,0,0,0,16,0,0,0,0,0,0,0,0,0,0,0,7,625,0,563,1625,0,682,0,0,,,,,,,,
1420,Internal,0,0,85694,69,6.4,13.1,4,1465,208,32,11,24,0,0,0,0,0,0,0,0,0,0,0,0,0,0,0,0,7,100,0,300,3234,0,29,0,0,,,,,,,,
1421,Internal,444,564,85694,69,6.4,13.1,43,267,834,198,406,48,0,0,0,0,36,0,0,0,0,0,0,0,445,0,0,0,7,625,0,563,331,0,485,0,0,,,,,,,,
1422,Internal,1,8,85694,69,6.4,13.1,68,1820,551,18,10,36,0,0,0,0,0,0,0,0,0,0,0,0,221,0,613,0,7,100,0,300,121,0,54,0,0,,,,,,,,
1423,Internal,153,240,85694,69,6.4,13.1,42,235,192,39,50,45,0,0,0,0,16,0,0,0,0,0,0,0,0,0,0,0,7,625,0,563,512,0,674,0,0,,,,,,,,
1424,Internal,575,775,85694,69,6.4,13.1,182,108,289,75,336,36,0,0,0,0,20,0,0,0,0,0,0,0,0,0,0,0,7,625,0,563,201,0,357,0,0,,,,,,,,
1425,Internal,0,0,85694,69,6.4,13.1,3,2565,417,140,0,22,0,0,0,0,0,0,0,0,0,0,0,0,0,0,0,0,7,100,0,300,1480,0,95,0,0,,,,,,,,
1426,Internal,0,0,85694,69,6.4,13.1,0,726,98,839,20,44,0,0,0,0,0,0,0,0,0,0,0,0,0,0,0,0,7,100,0,300,670,0,140,0,0,,,,,,,,
1427,Internal,216,467,85694,69,6.4,13.1,2,13,121,18,32,53,0,0,0,0,12,0,0,0,0,0,0,0,0,0,0,0,7,0,0,300,0,0,26,0,0,,,,,,,,
1428,Internal,61,85,85694,69,6.4,13.1,22,2194,47,5,0,37,0,0,0,0,4,0,0,0,0,0,0,0,0,0,0,0,7,100,0,300,633,0,462,0,0,,,,,,,,
1429,Internal,12,31,85694,69,6.4,13.1,21,82,277,14,275,37,0,0,0,0,0,0,0,0,0,0,0,0,0,0,0,0,7,625,0,563,1221,0,536,0,0,,,,,,,,
1430,Internal,62,77,85694,69,6.4,13.1,25,900,27,3,72,90,0,0,0,0,0,0,0,0,0,0,0,0,0,0,0,0,7,625,0,563,3182,0,308,0,0,,,,,,,,
1431,Internal,191,366,85694,69,6.4,13.1,39,112,77,6,179,29,0,0,0,0,4,0,0,0,0,0,0,0,605,0,0,0,7,625,0,563,96,0,278,0,0,,,,,,,,
1432,Internal,39,58,85694,69,6.4,13.1,2054,3264,462,430,222,72,0,0,0,0,4,0,0,0,0,0,0,0,0,0,0,0,7,625,0,563,900,0,1086,0,0,,,,,,,,
1433,Internal,7,26,85694,69,6.4,13.1,48,1558,1290,545,365,55,0,0,0,0,0,0,0,0,0,0,0,0,0,0,0,0,7,625,0,563,495,0,384,0,0,,,,,,,,
1434,Internal,0,0,85694,69,6.4,13.1,404,51,130,55,34,63,0,0,0,0,0,0,0,0,0,0,0,0,0,0,0,0,7,625,0,563,303,0,98,0,0,,,,,,,,
1435,Internal,718,983,85694,69,6.4,13.1,170,1442,286,354,105,62,0,0,0,0,68,0,0,0,0,0,0,0,0,0,0,0,7,625,0,563,1007,0,771,0,0,,,,,,,,
1436,Internal,218,329,85694,69,6.4,13.1,24,73,92,113,8,41,0,0,0,0,24,0,0,0,0,0,0,0,0,0,0,0,7,625,0,563,358,0,155,0,0,,,,,,,,
1437,Internal,308,473,85694,69,6.4,13.1,6,141,124,27,0,56,0,0,0,0,44,0,0,0,0,0,0,0,0,0,0,0,7,100,0,300,509,0,123,0,0,,,,,,,,
1438,Internal,0,0,85694,69,6.4,13.1,32,6546,53,89,0,54,0,0,0,0,0,0,0,0,0,0,0,0,0,0,0,0,7,100,0,0,1030,0,0,0,0,,,,,,,,
1439,Internal,272,549,63977,63,12.3,11.5,11,12,186,6,36,53,0,0,0,0,0,0,0,0,0,0,0,0,0,0,0,0,0,0,0,0,0,0,0,0,0,,,,,,,,
1440,Internal,667,1073,63977,63,12.3,11.5,28,285,226,70,41,38,0,0,0,0,68,0,0,0,0,0,0,0,863,0,0,0,7,0,0,300,0,0,49,0,0,,,,,,,,
1441,Internal,324,458,41625,63,2.5,31.7,58,223,783,9,328,40,0,0,0,0,20,0,0,0,0,0,0,0,0,0,0,0,7,625,0,563,684,0,479,0,0,,,,,,,,
1442,Internal,1137,1415,41625,63,2.5,31.7,79,248,494,54,591,27,0,0,0,0,119,0,0,0,0,0,0,0,0,0,0,0,7,625,0,563,991,0,679,0,0,,,,,,,,
1443,Internal,51,77,103173,66,15.0,6.1,593,631,131,5,51,40,0,0,0,0,8,0,0,0,0,0,0,0,0,0,0,0,0,0,0,0,0,0,0,0,0,,,,,,,,
1444,Internal,0,0,103173,66,15.0,6.1,167,55,208,6,50,40,0,0,0,0,0,0,0,0,0,0,0,0,0,0,0,0,0,0,0,0,0,0,0,0,0,,,,,,,,
1445,Internal,751,1488,36875,66,15.4,19.7,91,172,387,334,295,32,0,0,0,0,8,0,0,0,0,0,0,0,0,462,266,0,7,0,0,300,0,0,51,0,0,,,,,,,,
1446,Internal,0,0,44050,59,13.2,12.1,267,26,196,58,74,37,0,0,0,0,0,0,0,0,0,0,0,0,0,0,0,0,0,0,0,0,0,0,0,0,0,,,,,,,,
1447,Internal,312,703,44050,59,13.2,12.1,147,23,297,20,44,35,0,0,0,0,0,0,0,0,0,0,0,0,0,0,0,0,0,0,0,0,0,0,0,0,0,,,,,,,,
1448,Internal,543,1285,67250,59,21.0,3.0,28,127,84,25,9,16,0,0,0,0,0,0,0,0,0,0,0,0,454,0,0,0,0,0,0,0,0,0,0,0,0,,,,,,,,
1449,Internal,223,479,67250,59,21.0,3.0,0,7,30,14,3,33,0,0,0,0,0,0,0,0,0,0,0,0,0,0,0,0,0,0,0,0,0,0,0,0,0,,,,,,,,
1450,Internal,156,343,54028,59,15.6,11.7,8,6,5,5,6,19,0,0,0,0,4,0,0,0,0,0,0,0,0,0,0,0,0,0,0,0,0,0,0,0,0,,,,,,,,
1451,Internal,486,1048,54028,59,15.6,11.7,3,89,155,124,19,50,0,0,0,0,8,0,0,0,0,0,0,0,0,0,0,0,0,0,0,0,0,0,0,0,0,,,,,,,,
1452,Internal,274,525,19375,45,34.0,17.6,9,51,97,438,1,33,0,0,0,0,0,0,0,0,0,0,0,0,121,767,0,0,0,0,0,0,0,0,0,0,0,,,,,,,,
1453,Internal,391,857,37337,45,30.7,8.6,2,26,26,35,144,12,0,0,0,0,4,0,0,0,0,0,0,0,0,0,0,0,0,0,0,0,0,0,0,0,0,,,,,,,,
1454,Internal,269,567,47969,45,18.1,11.2,6,6,26,3,0,27,0,0,0,0,0,0,0,0,0,0,0,0,0,0,0,0,0,0,0,0,0,0,0,0,0,,,,,,,,
1455,Internal,241,518,47969,45,18.1,11.2,50,3,73,0,4,27,0,0,0,0,0,0,0,0,0,0,0,0,0,0,0,0,0,0,0,0,0,0,0,0,0,,,,,,,,
1456,Internal,446,1113,48646,43,15.5,18.4,71,46,76,73,47,10,0,0,0,0,0,0,0,0,0,0,0,0,0,0,0,0,0,0,0,0,0,0,0,0,0,,,,,,,,
1457,Internal,83,194,34329,43,40.4,5.7,8,93,34,0,0,50,0,0,0,0,4,0,0,0,0,0,0,0,639,0,0,0,0,0,0,0,0,0,0,0,0,,,,,,,,
1458,Internal,195,401,34329,43,40.4,5.7,6,875,36,15,6,36,0,0,0,0,0,0,0,0,0,0,0,0,0,0,0,0,0,0,0,0,0,0,0,0,0,,,,,,,,
1459,Internal,326,812,28658,43,16.8,16.5,6,49,39,22,9,6,0,0,0,0,0,0,0,0,0,0,0,0,0,0,0,0,0,0,0,0,0,0,0,0,0,,,,,,,,
1460,Internal,73,146,28658,43,16.8,16.5,0,8,6,0,18,64,0,0,0,0,0,0,0,0,0,0,0,0,0,0,0,0,0,0,0,0,0,0,0,0,0,,,,,,,,
1461,Internal,125,168,28658,43,16.8,16.5,0,4,20,11,1,36,0,0,0,0,12,0,0,0,0,0,0,0,258,0,0,0,0,0,0,0,0,0,0,0,0,,,,,,,,
1462,Internal,4,28,27885,37,26.2,7.4,17,3,714,60,0,36,0,0,0,0,0,0,0,0,0,0,0,0,0,0,0,0,0,0,0,0,0,0,0,0,0,,,,,,,,
1463,Internal,101,276,27885,37,26.2,7.4,34,1,24,0,6,6,0,0,0,0,8,0,0,0,0,0,0,0,0,0,0,0,0,0,0,0,0,0,0,0,0,,,,,,,,
1464,Internal,342,834,30072,37,35.0,8.0,17,122,49,0,7,42,0,0,0,0,4,0,0,0,0,0,0,0,890,0,0,0,0,0,0,0,0,0,0,0,0,,,,,,,,
1465,Internal,0,0,30072,37,35.0,8.0,88,12,11,0,5,46,0,0,0,0,0,0,0,0,0,0,0,0,0,0,0,0,0,0,0,0,0,0,0,0,0,,,,,,,,
1466,Internal,402,837,25398,37,25.0,11.3,0,111,12,88,0,33,0,0,0,0,4,0,0,0,0,0,0,0,947,0,0,0,0,0,0,0,0,0,0,0,0,,,,,,,,
1467,Internal,5,24,50078,40,38.1,6.5,92,123,652,479,30,52,0,0,0,0,0,0,0,0,0,0,0,0,0,302,494,0,7,625,0,563,375,0,2039,0,0,,,,,,,,
1468,Internal,139,404,50078,40,38.1,6.5,0,3,40,0,6,37,0,0,0,0,0,0,0,0,0,0,0,0,0,0,0,0,7,625,0,563,125,0,125,0,0,,,,,,,,
1469,Internal,129,295,41875,55,26.1,5.8,6,0,2,0,0,48,0,0,0,0,0,0,0,0,0,0,0,0,0,0,0,0,0,0,0,0,0,0,0,0,0,,,,,,,,
1470,Internal,104,246,50078,40,38.1,6.5,0,5,22,259,1,22,0,0,0,0,0,0,0,0,0,0,0,0,0,300,494,0,7,625,0,563,7,0,34,0,0,,,,,,,,
1471,Internal,43,99,35150,40,27.2,7.3,0,19,7,0,0,42,0,0,0,0,0,0,0,0,0,0,0,0,0,0,0,0,0,0,0,0,0,0,0,0,0,,,,,,,,
1472,Internal,183,477,24688,40,21.5,12.8,0,14,7,1,6,42,0,0,0,0,0,0,0,0,0,0,0,0,0,0,0,0,0,0,0,0,0,0,0,0,0,,,,,,,,
1473,Internal,58,96,24688,40,21.5,12.8,5,4,2,0,0,42,0,0,0,0,0,0,0,0,0,0,0,0,0,0,0,0,0,0,0,0,0,0,0,0,0,,,,,,,,
1474,Internal,33,53,24688,40,21.5,12.8,0,0,0,22,0,42,0,0,0,0,0,0,0,0,0,0,0,0,0,0,0,0,0,0,0,0,0,0,0,0,0,,,,,,,,
1475,Internal,272,405,35150,40,27.2,7.3,30,92,4,45,46,71,0,0,0,0,4,0,0,0,0,0,0,0,553,0,0,0,0,0,0,0,0,0,0,0,0,,,,,,,,
1476,Internal,125,290,35150,40,27.2,7.3,0,4,8,0,11,26,0,0,0,0,0,0,0,0,0,0,0,0,0,0,0,0,0,0,0,0,0,0,0,0,0,,,,,,,,
1477,Internal,636,1008,53661,72,2.8,2.8,47,12,126,165,106,13,27,0,0,0,728,0,0,0,0,0,0,0,0,0,0,0,0,0,0,0,0,0,0,0,0,,,,,,,,
1478,Internal,534,769,53661,72,2.8,2.8,41,270,433,47,76,47,0,0,0,0,107,0,0,0,0,0,0,0,0,0,0,0,7,625,0,563,982,0,562,0,0,,,,,,,,
1479,Internal,1,1,44500,72,11.1,8.0,63,0,62,0,2,61,0,0,0,0,0,0,0,0,0,0,0,0,0,0,0,0,7,0,0,300,0,0,35,0,0,,,,,,,,
1480,Internal,289,630,44500,72,11.1,8.0,47,15,137,40,9,35,0,0,0,0,0,0,0,0,0,0,0,0,0,0,0,0,7,0,0,300,0,0,48,0,0,,,,,,,,
1481,Internal,129,297,44500,72,11.1,8.0,7,16,64,91,2,42,0,0,0,0,4,0,0,0,0,0,0,0,0,0,0,0,0,0,0,0,0,0,0,0,0,,,,,,,,
1482,Internal,0,0,22361,82,2.5,3.2,0,0,82,477,0,28,0,0,0,0,0,0,0,0,0,0,0,0,0,0,0,0,0,0,0,0,0,0,0,0,0,,,,,,,,
1483,Internal,61,104,22361,82,2.5,3.2,5,10,17,106,0,28,0,0,0,0,48,0,0,0,0,0,0,0,0,0,0,0,0,0,0,0,0,0,0,0,0,,,,,,,,
1484,Internal,2,14,22361,82,2.5,3.2,0,294,1080,72,3,61,0,0,0,0,0,0,0,0,0,0,0,0,317,0,0,0,0,0,0,0,0,0,0,0,0,,,,,,,,
1485,Internal,14,54,90436,46,31.5,7.5,13,5,462,39,474,10,0,0,0,0,0,0,0,0,0,0,0,0,0,0,0,0,0,0,0,0,0,0,0,0,0,,,,,,,,
1486,Internal,0,0,22361,82,25.0,11.0,20,2174,0,0,0,28,0,0,0,0,0,0,0,0,675,0,0,0,0,0,0,0,5,518,0,200,663,0,83,0,0,,,,,,,,
1487,Internal,1,10,22361,82,25.0,11.0,26,271,0,0,0,28,351,0,0,0,0,0,0,0,0,0,0,0,0,0,0,0,5,203,0,200,254,0,9,0,0,,,,,,,,
1488,Internal,318,917,101164,46,29.3,10.0,0,0,0,0,0,0,0,0,0,0,0,0,0,0,0,0,0,0,601,0,0,0,0,0,0,0,0,0,0,0,0,,,,,,,,
1489,Internal,243,362,34563,40,23.0,7.0,0,0,0,0,0,17,284,0,0,0,4,0,0,0,28,0,0,0,0,0,0,0,5,192,106,0,12,389,0,0,0,,,,,,,,
1490,Internal,61,168,101164,46,29.3,10.0,462,130,69,8,84,49,0,0,0,0,0,0,0,0,0,0,0,0,46,0,0,0,0,0,0,0,0,0,0,0,0,,,,,,,,
1491,Internal,2,2,94474,52,26.1,8.2,3,0,1,15,92,13,0,0,0,0,0,0,0,0,0,0,0,0,0,0,0,0,0,0,0,0,0,0,0,0,0,,,,,,,,
1492,Internal,262,478,82727,66,3.9,11.3,0,0,13,0,0,34,0,0,0,0,8,0,0,0,0,0,0,0,0,0,0,0,0,0,0,0,0,0,0,0,0,,,,,,,,
1493,Internal,650,894,82727,66,3.9,11.3,9,729,602,75,130,61,0,0,0,0,167,0,0,0,0,0,0,0,0,0,0,0,0,0,0,0,0,0,0,0,0,,,,,,,,
1494,Internal,362,558,50694,66,21.1,5.1,151,65,257,107,1151,17,0,0,0,0,111,0,0,0,0,0,0,0,0,0,0,0,0,0,0,0,0,0,0,0,0,,,,,,,,
1495,Internal,350,500,50694,66,21.1,5.1,4,190,61,0,0,45,0,0,0,0,84,0,0,0,0,0,0,0,1983,0,0,0,0,0,0,0,0,0,0,0,0,,,,,,,,
1496,Internal,135,362,50694,66,21.1,5.1,10,113,54,0,0,50,0,0,0,0,12,0,0,0,0,0,0,0,662,0,0,0,0,0,0,0,0,0,0,0,0,,,,,,,,
1497,Internal,143,335,68750,66,7.6,14.1,3,100,94,69,25,59,0,0,0,0,8,0,0,0,0,0,0,0,0,0,0,0,0,0,0,0,0,0,0,0,0,,,,,,,,
1498,Internal,570,1007,68750,66,7.6,14.1,26,400,317,92,436,18,329,0,0,0,465,0,0,0,0,0,0,0,0,0,0,0,5,192,0,200,248,0,211,0,0,,,,,,,,
1499,Internal,125,283,97235,53,13.0,10.6,0,3,5,0,2,36,0,0,0,0,0,0,0,0,0,0,0,0,0,0,0,0,0,0,0,0,0,0,0,0,0,,,,,,,,
1500,Internal,255,588,97235,53,13.0,10.6,2,11,8,0,0,36,0,0,0,0,0,0,0,0,0,0,0,0,24,0,0,0,0,0,0,0,0,0,0,0,0,,,,,,,,
1501,Internal,417,997,44973,53,6.8,6.9,4,103,88,3,75,29,0,0,0,0,76,0,0,0,3,0,0,0,292,0,0,0,5,203,0,0,177,0,0,0,0,,,,,,,,
1502,Internal,163,347,52750,53,2.5,14.4,10,12,76,13,142,20,0,0,0,0,191,0,0,0,0,0,0,0,0,0,0,0,0,0,0,0,0,0,0,0,0,,,,,,,,
1503,Internal,75,142,52750,53,2.5,14.4,0,0,70,0,88,16,272,0,0,0,1337,0,0,0,0,0,0,0,0,0,0,0,5,140,101,0,225,1015,0,0,0,,,,,,,,
1504,Internal,201,401,52750,53,2.5,14.4,125,29,109,3,154,28,600,0,0,0,422,0,0,0,0,0,0,0,0,0,0,0,0,0,0,0,0,0,0,0,0,,,,,,,,
1505,Internal,497,996,82969,53,22.8,6.3,18,19,135,0,3,12,0,0,0,0,68,0,0,0,0,0,0,0,0,0,0,0,0,0,0,0,0,0,0,0,0,,,,,,,,
1506,Internal,308,723,77097,53,28.9,9.2,10,55,138,3,23,70,0,0,0,0,16,0,0,0,0,0,0,0,0,0,0,0,0,0,0,0,0,0,0,0,0,,,,,,,,
1507,Internal,248,376,77097,53,28.9,9.2,0,0,7,0,0,36,0,0,0,0,0,0,0,0,0,0,0,0,0,0,0,0,0,0,0,0,0,0,0,0,0,,,,,,,,
1508,Internal,97,240,77097,53,28.9,9.2,0,7,55,1019,0,53,0,0,0,0,0,0,0,0,0,0,0,0,0,0,0,0,0,0,0,0,0,0,0,0,0,,,,,,,,
1509,Internal,727,1510,91771,51,14.5,25.6,15,279,710,0,37,71,0,0,0,0,20,0,0,0,0,0,0,0,0,0,0,0,0,0,0,0,0,0,0,0,0,,,,,,,,
1510,Internal,3,20,91771,51,14.5,25.6,0,20,145,266,80,19,0,0,0,0,0,0,0,0,0,0,0,0,0,0,0,0,0,0,0,0,0,0,0,0,0,,,,,,,,
1511,Internal,471,1379,157371,51,28.4,22.4,7,37,56,0,50,41,0,0,0,0,0,0,0,0,0,0,0,0,0,0,0,0,0,0,0,0,0,0,0,0,0,,,,,,,,
1512,Internal,251,671,157371,51,28.4,22.4,10,28,10,34,7,56,0,0,0,0,0,0,0,0,0,0,0,0,0,0,0,0,0,0,0,0,0,0,0,0,0,,,,,,,,
1513,Internal,319,863,106172,55,22.3,14.0,11,28,161,0,55,38,0,0,0,0,4,0,0,0,0,0,0,0,690,0,0,0,0,0,0,0,0,0,0,0,0,,,,,,,,
1514,Internal,344,895,106172,55,22.3,14.0,0,16,63,7,440,18,0,0,0,0,4,0,0,0,0,0,0,0,0,0,0,0,0,0,0,0,0,0,0,0,0,,,,,,,,
1515,Internal,245,415,72303,55,17.7,24.7,1,55,45,0,0,34,0,0,0,0,28,0,0,0,0,0,0,0,0,0,0,0,0,0,0,0,0,0,0,0,0,,,,,,,,
1516,Internal,297,522,72303,55,17.7,24.7,0,115,11,102,0,45,0,0,0,0,44,0,0,0,0,0,0,0,1056,0,0,0,0,0,0,0,0,0,0,0,0,,,,,,,,
1517,Internal,484,987,92656,54,13.3,17.4,17,120,102,0,180,31,0,0,0,0,12,0,0,0,0,0,0,0,1209,0,0,0,0,0,0,0,0,0,0,0,0,,,,,,,,
1518,Internal,320,858,176111,54,27.4,26.2,175,229,254,48,46,47,0,0,0,0,0,0,0,0,0,0,0,0,0,0,0,0,0,0,0,0,0,0,0,0,0,,,,,,,,
1519,Internal,156,387,115833,54,21.5,16.7,2,36,86,0,6,56,0,0,0,0,0,0,0,0,0,0,0,0,0,0,0,0,0,0,0,0,0,0,0,0,0,,,,,,,,
1520,Internal,169,443,115833,54,21.5,16.7,10,1512,113,25,91,52,0,0,0,0,0,0,0,0,0,0,0,0,0,0,0,0,0,0,0,0,0,0,0,0,0,,,,,,,,
1521,Internal,137,272,115833,54,21.5,16.7,10,0,5,0,1,47,0,0,0,0,0,0,0,0,0,0,0,0,0,0,0,0,0,0,0,0,0,0,0,0,0,,,,,,,,
1522,Internal,301,831,208375,54,33.1,10.2,8,1,8,0,0,47,0,0,0,0,0,0,0,0,0,0,0,0,0,0,0,0,0,0,0,0,0,0,0,0,0,,,,,,,,
1523,Internal,442,1055,150515,54,19.2,14.8,6,22,179,31,191,35,0,0,0,0,0,0,0,0,0,0,0,0,0,0,0,0,0,0,0,0,0,0,0,0,0,,,,,,,,
1524,Internal,190,566,160795,48,29.7,21.5,2,65,5,0,3,43,0,0,0,0,0,0,0,0,0,0,0,0,473,0,0,0,0,0,0,0,0,0,0,0,0,,,,,,,,
1525,Internal,206,578,160795,48,29.7,21.5,7,115,48,0,0,53,0,0,0,0,0,0,0,0,0,0,0,0,598,0,0,0,0,0,0,0,0,0,0,0,0,,,,,,,,
1526,Internal,248,673,191944,48,24.0,14.6,6,30,51,3,0,41,0,0,0,0,0,0,0,0,0,0,0,0,0,0,0,0,0,0,0,0,0,0,0,0,0,,,,,,,,
1527,Internal,272,718,191944,48,24.0,14.6,0,2,18,0,0,25,0,0,0,0,0,0,0,0,0,0,0,0,0,0,0,0,0,0,0,0,0,0,0,0,0,,,,,,,,
1528,Internal,453,963,183750,48,23.9,22.4,135,534,1002,78,67,43,0,0,0,0,0,0,0,0,0,0,0,0,0,0,0,0,0,0,0,0,0,0,0,0,0,,,,,,,,
1529,Internal,268,546,183750,48,23.9,22.4,21,178,306,0,8,43,0,0,0,0,20,0,0,0,0,0,0,0,468,0,0,0,0,0,0,0,0,0,0,0,0,,,,,,,,
1530,Internal,0,0,183750,48,23.9,22.4,0,0,0,65,20,23,0,0,0,0,0,0,0,0,0,0,0,0,0,0,0,0,0,0,0,0,0,0,0,0,0,,,,,,,,
1531,Internal,505,1151,95735,56,17.5,9.8,30,17,42,0,3,31,0,0,0,0,4,0,0,0,0,0,0,0,0,0,0,0,0,0,0,0,0,0,0,0,0,,,,,,,,
1532,Internal,1,9,95735,56,17.5,9.8,487,78,217,8,79,49,0,0,0,0,0,0,0,0,0,0,0,0,0,0,0,0,0,0,0,0,0,0,0,0,0,,,,,,,,
1533,Internal,241,462,95735,56,17.5,9.8,269,188,109,0,97,37,0,0,0,0,4,0,0,0,0,0,0,0,0,0,0,0,0,0,0,0,0,0,0,0,0,,,,,,,,
1534,Internal,510,1229,136161,56,26.9,5.8,3,37,20,34,0,60,0,0,0,0,4,0,0,0,0,0,0,0,0,0,0,0,0,0,0,0,0,0,0,0,0,,,,,,,,
1535,Internal,195,499,136161,56,26.9,5.8,0,83,136,7,81,49,0,0,0,0,8,0,0,0,0,0,0,0,443,0,0,0,0,0,0,0,0,0,0,0,0,,,,,,,,
1536,Internal,757,1388,62312,56,11.4,22.4,12,109,579,199,108,31,0,0,0,0,8,0,0,0,0,0,0,0,657,0,0,0,0,0,0,0,0,0,0,0,0,,,,,,,,
1537,Internal,156,296,62312,56,11.4,22.4,56,8,125,15,52,17,0,0,0,0,8,0,0,0,0,0,0,0,0,0,0,0,0,0,0,0,0,0,0,0,0,,,,,,,,
1538,Internal,534,1223,37950,40,23.4,13.2,7,3,62,3,88,5,0,0,0,0,4,0,0,0,0,0,0,0,0,0,0,0,0,0,0,0,0,0,0,0,0,,,,,,,,
1539,Internal,394,951,37734,40,20.9,24.2,12,85,30,2,1,42,0,0,0,0,0,0,0,0,0,0,0,0,301,0,0,0,0,0,0,0,0,0,0,0,0,,,,,,,,
1540,Internal,18,30,61125,40,21.7,12.0,0,26,235,8,35,41,0,0,0,0,0,0,0,0,0,0,0,0,0,0,0,0,0,0,0,0,0,0,0,0,0,,,,,,,,
1541,Internal,68,139,61125,40,21.7,12.0,0,238,0,18,0,37,0,0,0,0,0,0,0,0,0,0,0,0,2403,0,0,0,0,0,0,0,0,0,0,0,0,,,,,,,,
1542,Internal,308,809,61125,40,21.7,12.0,8,78,9,28,0,29,0,0,0,0,0,0,0,0,0,0,0,0,57,0,0,0,0,0,0,0,0,0,0,0,0,,,,,,,,
1543,Internal,231,562,61125,40,21.7,12.0,12,15,3,1,2,32,0,0,0,0,0,0,0,0,0,0,0,0,0,0,0,0,0,0,0,0,0,0,0,0,0,,,,,,,,
1544,Internal,369,937,37950,40,23.4,13.2,8,4,2,7,20,32,0,0,0,0,0,0,0,0,0,0,0,0,0,0,0,0,0,0,0,0,0,0,0,0,0,,,,,,,,
1545,Internal,86,253,37734,40,20.9,24.2,0,0,0,0,0,32,0,0,0,0,0,0,0,0,0,0,0,0,0,0,0,0,0,0,0,0,0,0,0,0,0,,,,,,,,
1546,Internal,264,639,24007,42,35.3,7.8,25,57,303,17,108,58,0,0,0,0,8,0,0,0,0,0,0,0,0,0,0,0,0,0,0,0,0,0,0,0,0,,,,,,,,
1547,Internal,7,38,24007,42,35.3,7.8,0,6,9998,120,37,58,0,0,0,0,0,0,0,0,0,0,0,0,316,0,2192,1,0,0,0,0,0,0,0,0,0,,,,,,,,
1548,Internal,883,2128,33435,42,35.0,2.5,17,9,698,18,9,34,0,0,0,0,12,0,0,0,0,0,0,0,0,0,0,0,0,0,0,0,0,0,0,0,0,,,,,,,,
1549,Internal,274,740,24007,42,35.3,7.8,2,31,828,32,9,26,0,0,0,0,0,0,0,0,0,0,0,0,0,0,0,0,0,0,0,0,0,0,0,0,0,,,,,,,,
1550,Internal,36,88,33435,42,35.0,2.5,0,0,40,0,10,57,0,0,0,0,0,0,0,0,0,0,0,0,0,0,0,0,0,0,0,0,0,0,0,0,0,,,,,,,,
1551,Internal,301,806,25284,32,39.9,11.6,0,86,23,9,18,40,0,0,0,0,0,0,0,0,0,0,0,0,342,0,0,0,0,0,0,0,0,0,0,0,0,,,,,,,,
1552,Internal,467,1501,32000,32,29.8,12.0,0,9,25,93,11,38,0,0,0,0,0,0,0,0,0,0,0,0,0,0,0,0,0,0,0,0,0,0,0,0,0,,,,,,,,
1553,Internal,153,239,48646,43,15.5,18.4,0,0,41,0,49,39,0,0,0,0,0,0,0,0,0,0,0,0,0,0,0,0,0,0,0,0,0,0,0,0,0,,,,,,,,
1554,Internal,55,180,46442,37,32.2,6.0,506,99,52,14,0,48,0,0,0,0,0,0,0,0,0,0,0,0,206,0,0,0,0,0,0,0,0,0,0,0,0,,,,,,,,
1555,Internal,194,536,40903,32,32.1,15.2,1,100,4,9,3,44,0,0,0,0,0,0,0,0,0,0,0,0,354,0,0,0,0,0,0,0,0,0,0,0,0,,,,,,,,
1556,Internal,100,348,32000,32,29.8,12.0,0,12,3,0,0,38,0,0,0,0,0,0,0,0,0,0,0,0,0,0,0,0,0,0,0,0,0,0,0,0,0,,,,,,,,
1557,Internal,511,1329,44722,32,13.3,29.0,1,15,30,7,3,38,0,0,0,0,0,0,0,0,0,0,0,0,0,0,0,0,0,0,0,0,0,0,0,0,0,,,,,,,,
1558,Internal,196,522,40903,32,32.1,15.2,0,0,1,11,6,38,0,0,0,0,0,0,0,0,0,0,0,0,0,0,0,0,0,0,0,0,0,0,0,0,0,,,,,,,,
1559,Internal,404,1279,46442,37,32.2,6.0,2,2,12,7,0,45,0,0,0,0,0,0,0,0,0,0,0,0,0,0,0,0,0,0,0,0,0,0,0,0,0,,,,,,,,
1560,Internal,140,401,31864,43,19.5,19.6,0,91,11,1,13,46,0,0,0,0,0,0,0,0,0,0,0,0,520,0,0,0,0,0,0,0,0,0,0,0,0,,,,,,,,
1561,Internal,358,891,31864,43,19.5,19.6,8,130,23,9,146,5,0,0,0,0,0,0,0,0,0,0,0,0,0,0,0,0,0,0,0,0,0,0,0,0,0,,,,,,,,
1562,Internal,488,1269,42969,43,2.5,27.3,1,7,21,24,0,10,0,0,0,0,0,0,0,0,0,0,0,0,0,0,0,0,0,0,0,0,0,0,0,0,0,,,,,,,,
1563,Internal,698,2165,54025,43,29.0,10.0,3,25,4,9,3,25,0,0,0,0,0,0,0,0,0,0,0,0,0,0,0,0,0,0,0,0,0,0,0,0,0,,,,,,,,
1564,Internal,256,837,32738,43,36.2,4.3,302,19,41,0,0,49,0,0,0,0,4,0,0,0,0,0,0,0,0,0,0,0,0,0,0,0,0,0,0,0,0,,,,,,,,
1565,Internal,269,740,32738,43,36.2,4.3,15,4,8,174,1,25,0,0,0,0,0,0,0,0,0,0,0,0,0,0,0,0,0,0,0,0,0,0,0,0,0,,,,,,,,
1566,Internal,272,710,54025,43,29.0,10.0,3,320,41,110,6,18,0,0,0,0,4,0,0,0,0,0,0,0,0,0,0,0,0,0,0,0,0,0,0,0,0,,,,,,,,
1567,Internal,407,1270,54025,43,29.0,10.0,5,111,16,0,0,25,0,0,0,0,0,0,0,0,0,0,0,0,361,0,0,0,0,0,0,0,0,0,0,0,0,,,,,,,,
1568,Internal,0,0,31864,43,19.5,19.6,0,0,3,0,3,25,0,0,0,0,0,0,0,0,0,0,0,0,600,0,0,0,0,0,0,0,0,0,0,0,0,,,,,,,,
1569,Internal,708,2068,46442,37,32.2,6.0,6,8,20,9,17,6,0,0,0,0,0,0,0,0,0,0,0,0,0,0,0,0,0,0,0,0,0,0,0,0,0,,,,,,,,
1570,Internal,530,1580,46296,37,29.7,11.9,16,18,11,28,3,14,0,0,0,0,0,0,0,0,0,0,0,0,24,0,0,0,0,0,0,0,0,0,0,0,0,,,,,,,,
1571,Internal,296,857,46442,37,32.2,6.0,6,3,21,12,18,45,0,0,0,0,20,0,0,0,0,0,0,0,0,0,0,0,0,0,0,0,0,0,0,0,0,,,,,,,,
1572,Internal,142,448,41875,55,26.1,5.8,42,32,90,17,32,46,0,0,0,0,0,0,0,0,0,0,0,0,0,0,0,0,0,0,0,0,0,0,0,0,0,,,,,,,,
1573,Internal,3,16,35150,40,27.2,7.3,121,0,68,41,0,37,0,0,0,0,0,0,0,0,0,0,0,0,0,0,0,0,0,0,0,0,0,0,0,0,0,,,,,,,,
1574,Internal,1,14,41875,55,26.1,5.8,5,4,16,0,14,37,0,0,0,0,0,0,0,0,0,0,0,0,0,0,0,0,0,0,0,0,0,0,0,0,0,,,,,,,,
1575,Internal,186,513,41875,55,26.1,5.8,477,143,190,0,35,48,0,0,0,0,0,0,0,0,0,0,0,0,0,0,0,0,0,0,0,0,0,0,0,0,0,,,,,,,,
1576,Internal,140,287,41875,55,26.1,5.8,296,10,76,0,41,74,0,0,0,0,4,0,0,0,0,0,0,0,0,0,0,0,0,0,0,0,0,0,0,0,0,,,,,,,,
1577,Internal,143,289,36151,55,21.0,6.9,4,0,3,6,11,49,0,0,0,0,0,0,0,0,0,0,0,0,0,0,0,0,0,0,0,0,0,0,0,0,0,,,,,,,,
1578,Internal,1,3,36151,55,21.0,6.9,374,703,294,222,146,47,0,0,0,0,0,0,0,0,0,0,0,0,327,0,4314,0,0,0,0,0,0,0,0,0,0,,,,,,,,
1579,Internal,48,66,36151,55,21.0,6.9,397,106,260,54,88,25,0,0,0,0,4,0,0,0,0,0,0,0,0,0,0,0,0,0,0,0,0,0,0,0,0,,,,,,,,
1580,Internal,26,81,36151,55,21.0,6.9,55,4,65,13,8,47,0,0,0,0,0,0,0,0,0,0,0,0,0,0,0,0,0,0,0,0,0,0,0,0,0,,,,,,,,
1581,Internal,111,234,32199,55,18.3,11.8,1,9,11,5,7,56,0,0,0,0,0,0,0,0,0,0,0,0,0,0,0,0,0,0,0,0,0,0,0,0,0,,,,,,,,
1582,Internal,95,216,36151,55,21.0,6.9,0,0,0,0,16,48,0,0,0,0,0,0,0,0,0,0,0,0,0,0,0,0,0,0,0,0,0,0,0,0,0,,,,,,,,
1583,Internal,194,398,36151,55,21.0,6.9,629,59,102,23,18,48,0,0,0,0,4,0,0,0,0,0,0,0,0,0,0,0,0,0,0,0,0,0,0,0,0,,,,,,,,
1584,Internal,154,385,32199,55,18.3,11.8,18,8,12,0,0,48,0,0,0,0,0,0,0,0,0,0,0,0,0,0,0,0,0,0,0,0,0,0,0,0,0,,,,,,,,
1585,Internal,20,50,36151,55,21.0,6.9,320,41,42,4,34,48,0,0,0,0,0,0,0,0,0,0,0,0,0,0,0,0,0,0,0,0,0,0,0,0,0,,,,,,,,
1586,Internal,0,0,41875,55,26.1,5.8,0,0,0,0,0,48,0,0,0,0,4,0,0,0,0,0,0,0,0,0,0,0,0,0,0,0,0,0,0,0,0,,,,,,,,
1587,Internal,0,0,31864,43,19.5,19.6,0,7,0,0,0,28,0,0,0,0,0,0,0,0,0,0,0,0,0,0,0,0,0,0,0,0,0,0,0,0,0,,,,,,,,
1588,Internal,587,1324,32199,55,18.3,11.8,1,15,13,109,2,48,0,0,0,0,0,0,0,0,0,0,0,0,0,0,0,0,0,0,0,0,0,0,0,0,0,,,,,,,,
1589,Internal,461,841,81641,55,23.7,3.1,0,11,18,3,0,8,9,0,0,0,123,0,0,0,0,0,0,0,0,0,0,0,0,0,0,0,0,0,0,0,0,,,,,,,,
1590,Internal,726,1830,81641,55,23.7,3.1,14,33,54,0,58,14,0,0,0,0,40,0,0,0,0,0,0,0,0,0,0,0,0,0,0,0,0,0,0,0,0,,,,,,,,
1591,Internal,438,801,66250,63,4.2,9.6,80,9,9,80,45,46,0,0,0,0,147,0,0,0,0,0,0,0,14,0,0,0,0,0,0,0,0,0,0,0,0,,,,,,,,
1592,Internal,380,653,66250,63,4.2,9.6,0,0,29,0,3,32,0,0,0,0,207,0,0,0,0,0,0,0,0,0,0,0,0,0,0,0,0,0,0,0,0,,,,,,,,
1593,Internal,125,231,66250,63,4.2,9.6,0,0,3,0,0,32,0,0,0,0,44,0,0,0,0,0,0,0,0,0,0,0,0,0,0,0,0,0,0,0,0,,,,,,,,
1594,Internal,207,581,36495,63,9.6,2.5,0,0,19,0,0,32,0,0,0,0,239,0,0,0,0,0,0,0,0,0,0,0,0,0,0,0,0,0,0,0,0,,,,,,,,
1595,Internal,0,0,36495,63,9.6,2.5,3,0,6,0,27,54,0,0,0,0,4,0,0,0,0,0,0,0,0,0,0,0,0,0,0,0,0,0,0,0,0,,,,,,,,
1596,Internal,683,1347,38692,63,2.5,2.5,8,30,76,7,198,11,135,0,0,0,533,0,0,0,0,0,0,0,0,0,0,0,0,0,0,0,0,0,0,0,0,,,,,,,,
1597,Internal,391,768,36495,63,9.6,2.5,0,0,13,18,0,32,0,0,0,0,541,0,0,0,0,0,0,0,0,0,0,0,0,0,0,0,0,0,0,0,0,,,,,,,,
1598,Internal,294,488,36495,63,9.6,2.5,0,0,0,0,0,32,0,0,0,0,151,0,0,0,0,0,0,0,0,0,0,0,0,0,0,0,0,0,0,0,0,,,,,,,,
1599,Internal,305,605,36495,63,9.6,2.5,0,1,10,35,11,20,0,0,0,0,497,0,0,0,0,0,0,0,0,0,0,0,0,0,0,0,0,0,0,0,0,,,,,,,,
1600,Internal,240,392,38692,63,2.5,2.5,0,0,11,0,0,32,0,0,0,0,175,0,0,0,0,0,0,0,0,0,0,0,0,0,0,0,0,0,0,0,0,,,,,,,,
1601,Internal,345,615,65902,68,8.7,8.9,163,241,86,62,40,40,0,0,0,0,0,0,0,0,0,0,0,0,0,0,0,0,0,0,0,0,0,0,0,0,0,,,,,,,,
1602,Internal,1,4,36458,57,5.3,2.5,0,4039,250,0,0,58,0,0,0,0,0,0,0,0,0,0,0,0,0,0,0,0,0,0,0,0,0,0,0,0,0,,,,,,,,
1603,Internal,31,72,36458,57,5.3,2.5,0,4,341,0,0,58,0,0,0,0,0,0,0,0,0,0,0,0,0,0,0,0,5,140,0,0,259,0,0,0,0,,,,,,,,
1604,Internal,877,2259,53952,57,5.7,5.0,9,7,25,22,3,58,243,0,0,0,1046,0,0,0,0,0,0,0,0,0,0,0,0,0,0,0,0,0,0,0,0,,,,,,,,
1605,Internal,750,1928,47794,57,13.6,7.7,0,16,260,0,4,28,0,0,0,0,282,0,0,0,0,0,0,0,0,0,0,0,0,0,0,0,0,0,0,0,0,,,,,,,,
1606,Internal,90,146,36458,57,5.3,2.5,0,0,40,0,128,18,330,0,0,0,0,0,0,0,0,0,0,0,0,0,0,0,0,0,0,0,0,0,0,0,0,,,,,,,,
1607,Internal,360,808,47794,57,13.6,7.7,10,0,40,0,0,22,0,0,0,0,418,0,0,0,0,0,0,0,0,0,0,0,0,0,0,0,0,0,0,0,0,,,,,,,,
1608,Internal,519,1257,53952,57,5.7,5.0,9,12,48,20,115,14,0,0,0,0,187,0,0,0,0,0,0,0,0,0,0,0,0,0,0,0,0,0,0,0,0,,,,,,,,
1609,Internal,0,0,65902,68,8.7,8.9,0,51,5,44,37,14,0,0,0,0,0,0,0,0,0,0,0,0,262,0,0,0,0,0,0,0,0,0,0,0,0,,,,,,,,
1610,Internal,2,13,61518,47,13.0,18.0,112,19,155,25,321,15,0,0,0,0,0,0,0,0,0,0,0,0,0,0,0,0,0,0,0,0,0,0,0,0,0,,,,,,,,
1611,Internal,168,416,57891,51,16.0,18.1,11,5,223,55,245,17,0,0,0,0,0,0,0,0,0,0,0,0,0,0,0,0,0,0,0,0,0,0,0,0,0,,,,,,,,
1612,Internal,1,6,36458,57,5.3,2.5,173,47,105,7,119,22,0,0,0,0,0,0,0,0,0,0,0,0,0,0,0,0,0,0,0,0,0,0,0,0,0,,,,,,,,
1613,Internal,34,59,65902,68,8.7,8.9,76,391,1935,103,51,37,0,0,0,0,12,0,0,0,0,0,0,0,0,0,0,0,5,1,1,0,400,400,0,0,0,,,,,,,,
1614,Internal,1,7,65902,68,8.7,8.9,0,168,14,2,31,50,0,0,0,0,0,0,0,0,0,0,0,0,0,0,0,0,0,0,0,0,0,0,0,0,0,,,,,,,,
1615,Internal,3,10,65902,68,8.7,8.9,231,788,26,6,0,73,0,0,0,0,0,0,0,0,0,0,0,0,0,0,0,0,0,0,0,0,0,0,0,0,0,,,,,,,,
1616,Internal,115,319,65902,68,8.7,8.9,136,144,5,141,0,16,0,0,0,0,0,0,0,0,0,0,0,0,0,0,0,0,0,0,0,0,0,0,0,0,0,,,,,,,,
1617,Internal,1552,2529,65902,68,8.7,8.9,24,533,435,0,26,66,0,0,0,0,263,0,0,0,0,0,0,0,1532,0,0,0,0,0,0,0,0,0,0,0,0,,,,,,,,
1618,Internal,0,0,65902,68,8.7,8.9,301,902,54,373,120,41,0,0,0,0,95,0,0,0,0,0,0,0,0,0,0,0,0,0,0,0,0,0,0,0,0,,,,,,,,
1619,Internal,322,576,65902,68,8.7,8.9,3,0,0,0,0,53,0,0,0,0,107,0,0,0,0,0,0,0,0,0,0,0,0,0,0,0,0,0,0,0,0,,,,,,,,
1620,Internal,130,334,65902,68,8.7,8.9,67,91,82,0,32,39,0,0,0,0,0,0,0,0,0,0,0,0,131,0,0,0,0,0,0,0,0,0,0,0,0,,,,,,,,
1621,Internal,591,1067,65902,68,8.7,8.9,215,2854,890,38,25,60,0,0,0,0,131,0,0,0,0,0,0,0,0,0,0,0,0,0,0,0,0,0,0,0,0,,,,,,,,
1622,Internal,2,5,65902,68,8.7,8.9,262,108,266,15,58,55,0,0,0,0,0,0,0,0,0,0,0,0,0,0,0,0,0,0,0,0,0,0,0,0,0,,,,,,,,
1623,Internal,20,51,65902,68,9.0,9.0,53,6,39,574,85,38,0,0,0,0,20,0,0,0,0,0,0,0,0,729,799,0,0,0,0,0,0,0,0,0,0,,,,,,,,
1624,Internal,0,0,65902,68,9.0,9.0,48,882,79,95,78,19,0,0,0,0,4,0,0,0,448,0,0,0,0,0,0,0,5,203,101,200,393,637,275,0,0,,,,,,,,
1625,Internal,530,1152,44816,60,17.3,6.8,17,164,97,22,21,57,0,0,0,0,20,0,0,0,0,0,0,0,0,0,0,0,0,0,0,0,0,0,0,0,0,,,,,,,,
1626,Internal,549,1164,48312,60,16.5,8.6,3,10,76,14,119,42,0,0,0,0,115,0,0,0,0,0,0,0,0,0,0,0,0,0,0,0,0,0,0,0,0,,,,,,,,
1627,Internal,170,399,48312,60,16.5,8.6,5,6,11,4,2,49,0,0,0,0,12,0,0,0,0,0,0,0,0,0,0,0,0,0,0,0,0,0,0,0,0,,,,,,,,
1628,Internal,351,804,44816,60,17.3,6.8,751,320,29,0,5,66,0,0,0,0,56,0,0,0,0,0,0,0,0,0,0,0,0,0,0,0,0,0,0,0,0,,,,,,,,
1629,Internal,137,345,48312,60,16.5,8.6,26,22,105,1,29,45,0,0,0,0,0,0,0,0,0,0,0,0,0,0,0,0,0,0,0,0,0,0,0,0,0,,,,,,,,
1630,Internal,224,296,44816,60,17.3,6.8,1241,613,247,11,60,45,0,0,0,0,12,0,0,0,65,0,0,0,0,0,0,0,0,0,0,0,0,0,0,0,0,,,,,,,,
1631,Internal,945,2207,40546,55,17.1,5.1,2,5,72,1,15,47,0,0,0,0,489,0,0,0,0,0,0,0,0,0,0,0,0,0,0,0,0,0,0,0,0,,,,,,,,
1632,Internal,772,1792,39623,55,21.1,3.3,0,16,58,11,5,53,0,0,0,0,68,0,0,0,0,0,0,0,0,0,0,0,0,0,0,0,0,0,0,0,0,,,,,,,,
1633,Internal,188,510,40546,55,17.1,5.1,4,5,54,0,25,44,0,0,0,0,4,0,0,0,0,0,0,0,0,0,0,0,0,0,0,0,0,0,0,0,0,,,,,,,,
1634,Internal,187,423,66364,58,16.0,7.6,0,153,3,0,0,55,0,0,0,0,16,0,0,0,0,0,0,0,751,0,0,0,0,0,0,0,0,0,0,0,0,,,,,,,,
1635,Internal,102,248,48312,60,16.5,8.6,50,76,212,27,76,46,0,0,0,0,0,0,0,0,0,0,0,0,32,0,0,0,0,0,0,0,0,0,0,0,0,,,,,,,,
1636,Internal,2,14,40546,55,17.1,5.1,7,6,93,2,91,22,0,0,0,0,0,0,0,0,0,0,0,0,0,0,0,0,0,0,0,0,0,0,0,0,0,,,,,,,,
1637,Internal,635,1302,52694,55,17.1,4.6,0,7,0,0,5,43,0,0,0,0,80,0,0,0,0,0,0,0,0,0,0,0,0,0,0,0,0,0,0,0,0,,,,,,,,
1638,Internal,622,1223,52694,55,17.1,4.6,6,3,26,0,0,43,0,0,0,0,171,0,0,0,0,0,0,0,0,0,0,0,0,0,0,0,0,0,0,0,0,,,,,,,,
1639,Internal,551,1056,52694,55,17.1,4.6,2,0,20,0,0,43,0,0,0,0,80,0,0,0,0,0,0,0,0,0,0,0,0,0,0,0,0,0,0,0,0,,,,,,,,
1640,Internal,102,269,76082,49,24.0,12.8,3,0,1,7,0,61,0,0,0,0,0,0,0,0,0,0,0,0,0,0,0,0,0,0,0,0,0,0,0,0,0,,,,,,,,
1641,Internal,314,788,76082,49,24.0,12.8,0,189,0,134,0,66,0,0,0,0,12,0,0,0,0,0,0,0,1976,0,0,0,0,0,0,0,0,0,0,0,0,,,,,,,,
1642,Internal,171,467,76082,49,24.0,12.8,0,6,13,0,0,61,0,0,0,0,0,0,0,0,0,0,0,0,0,0,0,0,0,0,0,0,0,0,0,0,0,,,,,,,,
1643,Internal,170,456,76082,49,24.0,12.8,0,0,5,0,0,61,0,0,0,0,0,0,0,0,0,0,0,0,0,0,0,0,0,0,0,0,0,0,0,0,0,,,,,,,,
1644,Internal,599,1284,38295,49,2.5,4.5,3,10,11,4,13,61,0,0,0,0,601,0,0,0,0,0,0,0,0,0,0,0,0,0,0,0,0,0,0,0,0,,,,,,,,
1645,Internal,289,737,96359,49,13.5,16.2,4,131,16,0,0,44,0,0,0,0,0,0,0,0,0,0,0,0,856,0,0,0,0,0,0,0,0,0,0,0,0,,,,,,,,
1646,Internal,499,1249,36250,43,28.5,6.1,3,13,147,0,125,15,0,0,0,0,374,0,0,0,0,0,0,0,20,0,0,0,0,0,0,0,0,0,0,0,0,,,,,,,,
1647,Internal,374,1117,73921,42,31.1,8.6,0,3,22,0,143,8,0,0,0,0,0,0,0,0,0,0,0,0,0,0,0,0,0,0,0,0,0,0,0,0,0,,,,,,,,
1648,Internal,1,23,29087,48,10.2,2.5,48,904,0,0,0,32,0,0,0,0,4,0,0,0,0,0,0,0,0,0,0,0,5,203,106,200,1327,15,27,0,0,,,,,,,,
1649,Internal,743,1776,31607,43,31.0,2.5,2,0,28,0,16,15,0,0,0,0,191,0,0,0,0,0,0,0,0,0,0,0,0,0,0,0,0,0,0,0,0,,,,,,,,
1650,Internal,699,1737,29087,48,10.2,2.5,0,4,29,2,0,32,36,0,0,0,1448,0,0,0,0,0,0,0,0,0,0,0,0,0,0,0,0,0,0,0,0,,,,,,,,
1651,Internal,406,930,25571,48,18.5,2.5,0,0,20,0,0,10,0,0,0,0,756,0,0,0,0,0,0,0,0,0,0,0,0,0,0,0,0,0,0,0,0,,,,,,,,
1652,Internal,318,772,34563,40,22.7,7.3,442,59,52,74,54,27,0,0,0,0,48,0,0,0,0,0,0,0,317,0,0,0,5,0,101,0,0,136,0,0,0,,,,,,,,
1653,Internal,175,518,34563,40,22.7,7.3,8,0,95,5,358,9,0,0,0,0,151,0,0,0,0,0,0,0,0,0,0,0,0,0,0,0,0,0,0,0,0,,,,,,,,
1654,Internal,932,2030,82673,58,17.7,9.8,14,19,56,1,0,51,0,0,0,0,32,0,0,0,0,0,0,0,0,0,0,0,0,0,0,0,0,0,0,0,0,,,,,,,,
1655,Internal,769,1404,55893,58,26.9,11.8,3,19,19,5,127,13,0,0,0,0,76,0,0,0,0,0,0,0,0,0,0,0,0,0,0,0,0,0,0,0,0,,,,,,,,
1656,Internal,178,432,87446,50,16.1,35.9,4,102,93,0,74,12,0,0,0,0,0,0,0,0,0,0,0,0,0,0,0,0,0,0,0,0,0,0,0,0,0,,,,,,,,
1657,Internal,322,634,55893,58,26.9,11.8,0,488,137,307,66,27,0,0,0,0,0,0,0,0,0,0,0,0,0,0,0,0,0,0,0,0,0,0,0,0,0,,,,,,,,
1658,Internal,395,977,82673,58,17.7,9.8,15,9,89,21,0,9,0,0,0,0,8,0,0,0,0,0,0,0,0,0,0,0,0,0,0,0,0,0,0,0,0,,,,,,,,
1659,Internal,454,915,87446,50,16.1,35.9,12,165,495,72,166,34,0,0,0,0,0,0,0,0,0,0,0,0,440,0,0,0,0,0,0,0,0,0,0,0,0,,,,,,,,
1660,Internal,173,471,58627,45,27.9,9.5,4,11,21,0,0,42,0,0,0,0,0,0,0,0,0,0,0,0,0,0,0,0,0,0,0,0,0,0,0,0,0,,,,,,,,
1661,Internal,445,845,59022,45,22.7,15.5,113,895,508,33,80,45,0,0,0,0,24,0,0,0,0,0,0,0,0,0,0,0,0,0,0,0,0,0,0,0,0,,,,,,,,
1662,Internal,628,1075,56818,50,13.5,8.6,10,62,202,13,12,62,0,0,0,0,52,0,0,0,0,0,0,0,0,0,0,0,0,0,0,0,0,0,0,0,0,,,,,,,,
1663,Internal,240,540,58627,45,27.9,9.5,73,115,256,142,464,36,0,0,0,0,12,0,0,0,0,0,0,0,0,0,0,0,0,0,0,0,0,0,0,0,0,,,,,,,,
1664,Internal,393,988,58627,45,27.9,9.5,138,49,230,18,43,34,0,0,0,0,0,0,0,0,0,0,0,0,0,0,0,0,0,0,0,0,0,0,0,0,0,,,,,,,,
1665,Internal,0,0,59022,45,22.7,15.5,123,64,209,47,4,42,0,0,0,0,0,0,0,0,0,0,0,0,0,0,0,0,0,0,0,0,0,0,0,0,0,,,,,,,,
1666,Internal,28,66,56818,50,13.5,8.6,18,75,261,23,297,22,0,0,0,0,0,0,0,0,0,0,0,0,0,0,0,0,0,0,0,0,0,0,0,0,0,,,,,,,,
1667,Internal,56,70,81250,60,15.7,16.6,87,458,1547,83,55,52,0,0,0,0,0,0,0,0,0,0,0,0,0,0,0,0,0,0,0,0,0,0,0,0,0,,,,,,,,
1668,Internal,805,1624,81250,60,15.7,16.6,8,2,359,10,2,49,0,0,0,0,76,0,0,0,0,0,0,0,0,0,0,0,0,0,0,0,0,0,0,0,0,,,,,,,,
1669,Internal,1059,2106,49978,60,14.7,9.3,3,6,64,3,0,26,0,0,0,0,80,0,0,0,0,0,0,0,0,0,0,0,0,0,0,0,0,0,0,0,0,,,,,,,,
1670,Internal,505,1084,93816,60,17.4,14.5,7,327,851,5,274,22,0,0,0,0,28,0,0,0,0,0,0,0,11,0,0,0,0,0,0,0,0,0,0,0,0,,,,,,,,
1671,Internal,271,561,93816,60,17.4,14.5,6,4,23,0,0,33,0,0,0,0,0,0,0,0,0,0,0,0,0,0,0,0,0,0,0,0,0,0,0,0,0,,,,,,,,
1672,Internal,834,1567,93816,60,17.4,14.5,38,909,165,0,58,74,0,0,0,0,52,0,0,0,0,0,0,0,0,0,0,0,0,0,0,0,0,0,0,0,0,,,,,,,,
1673,Internal,136,351,56731,53,24.7,8.8,58,299,1209,42,132,63,0,0,0,0,0,0,0,0,0,0,0,0,0,0,0,0,0,0,0,0,0,0,0,0,0,,,,,,,,
1674,Internal,76,167,56731,53,24.7,8.8,5,0,257,2,0,33,0,0,0,0,0,0,0,0,0,0,0,0,71,0,0,0,0,0,0,0,0,0,0,0,0,,,,,,,,
1675,Internal,0,0,55893,58,26.9,11.8,26,5,367,29,3132,14,0,0,0,0,0,0,0,0,0,0,0,0,0,0,0,0,0,0,0,0,0,0,0,0,0,,,,,,,,
1676,Internal,935,1521,72950,53,10.9,21.8,3,5,251,10,0,27,0,0,0,0,28,0,0,0,0,0,0,0,0,0,0,0,0,0,0,0,0,0,0,0,0,,,,,,,,
1677,Internal,547,1061,90870,53,5.8,31.7,230,654,93,47,261,62,0,0,0,0,4,0,0,0,0,0,0,0,0,0,0,0,0,0,0,0,0,0,0,0,0,,,,,,,,
1678,Internal,325,628,72950,53,10.9,21.8,13,92,355,34,125,47,0,0,0,0,12,0,0,0,0,0,0,0,62,0,0,0,0,0,0,0,0,0,0,0,0,,,,,,,,
1679,Internal,1055,1642,72950,53,10.9,21.8,155,624,630,35,90,64,0,0,0,0,40,0,0,0,0,0,0,0,398,0,0,0,0,0,0,0,0,0,0,0,0,,,,,,,,
1680,Internal,204,497,73921,42,31.1,8.6,7,19,76,0,9,47,0,0,0,0,0,0,0,0,0,0,0,0,0,0,0,0,0,0,0,0,0,0,0,0,0,,,,,,,,
1681,Internal,350,928,142386,52,27.8,13.0,3,99,13,17,5,48,0,0,0,0,0,0,0,0,0,0,0,0,653,0,0,0,0,0,0,0,0,0,0,0,0,,,,,,,,
1682,Internal,197,620,142386,52,27.8,13.0,1,86,28,60,18,32,0,0,0,0,0,0,0,0,0,0,0,0,0,0,0,0,0,0,0,0,0,0,0,0,0,,,,,,,,
1683,Internal,227,653,142386,52,27.8,13.0,0,4,47,0,5,18,0,0,0,0,0,0,0,0,0,0,0,0,0,0,0,0,0,0,0,0,0,0,0,0,0,,,,,,,,
1684,Internal,158,298,56495,42,31.2,7.0,45,3,3,0,65,47,0,0,0,0,0,0,0,0,0,0,0,0,0,0,0,0,0,0,0,0,0,0,0,0,0,,,,,,,,
1685,Internal,820,1908,93951,51,22.6,21.5,117,70,335,15,199,17,0,0,0,0,0,0,0,0,0,0,0,0,0,0,0,0,0,0,0,0,0,0,0,0,0,,,,,,,,
1686,Internal,520,946,22388,51,16.2,29.9,12,135,394,0,93,41,0,0,0,0,4,0,0,0,0,0,0,0,1014,0,0,0,0,0,0,0,0,0,0,0,0,,,,,,,,
1687,Internal,1273,1813,92969,51,12.1,27.3,29,2838,750,310,418,55,0,0,0,0,36,0,0,0,0,0,0,0,0,0,0,0,0,0,0,0,0,0,0,0,0,,,,,,,,
1688,Internal,171,537,92969,51,12.1,27.3,3,113,27,0,0,55,0,0,0,0,0,0,0,0,0,0,0,0,715,0,0,0,0,0,0,0,0,0,0,0,0,,,,,,,,
1689,Internal,862,1794,96833,52,22.6,15.0,3,0,30,0,53,60,0,0,0,0,12,0,0,0,0,0,0,0,0,0,0,0,0,0,0,0,0,0,0,0,0,,,,,,,,
1690,Internal,171,467,96833,52,22.6,15.0,11,6,31,0,0,40,0,0,0,0,0,0,0,0,0,0,0,0,0,0,0,0,0,0,0,0,0,0,0,0,0,,,,,,,,
1691,Internal,176,356,80265,52,22.7,11.6,431,713,1620,63,82,41,0,0,0,0,0,0,0,0,0,0,0,0,71,0,0,0,0,0,0,0,0,0,0,0,0,,,,,,,,
1692,Internal,165,508,80265,52,22.7,11.6,1,0,13,0,0,40,0,0,0,0,0,0,0,0,0,0,0,0,0,0,0,0,0,0,0,0,0,0,0,0,0,,,,,,,,
1693,Internal,459,911,51569,48,21.2,8.8,54,633,570,72,263,66,0,0,0,0,12,0,0,0,0,0,0,0,497,0,0,0,0,0,0,0,0,0,0,0,0,,,,,,,,
1694,Internal,46,127,51569,48,21.2,8.8,60,21,35,0,5,62,0,0,0,0,0,0,0,0,0,0,0,0,0,0,0,0,0,0,0,0,0,0,0,0,0,,,,,,,,
1695,Internal,61,150,51569,48,21.2,8.8,42,501,701,7,24,44,0,0,0,0,0,0,0,0,0,0,0,0,0,0,0,0,0,0,0,0,0,0,0,0,0,,,,,,,,
1696,Internal,0,0,51569,48,21.2,8.8,212,399,590,5,65,49,0,0,0,0,0,0,0,0,0,0,0,0,0,0,5853,0,0,0,0,0,0,0,0,0,0,,,,,,,,
1697,Internal,1,18,51569,48,21.2,8.8,15,134,375,72,905,18,0,0,0,0,0,0,0,0,0,0,0,0,0,0,0,0,0,0,0,0,0,0,0,0,0,,,,,,,,
1698,Internal,178,444,51569,48,21.2,8.8,12,85,3154,8,47,66,0,0,0,0,0,0,0,0,0,0,0,0,0,0,0,1,0,0,0,0,0,0,0,0,0,,,,,,,,
1699,Internal,2,12,51569,48,21.2,8.8,5,252,248,8,418,27,0,0,0,0,0,0,0,0,0,0,0,0,0,0,0,0,0,0,0,0,0,0,0,0,0,,,,,,,,
1700,Internal,449,1243,69271,48,25.7,20.7,368,124,156,91,155,71,0,0,0,0,0,0,0,0,0,0,0,0,0,0,0,0,0,0,0,0,0,0,0,0,0,,,,,,,,
1701,Internal,0,0,42125,48,32.0,5.2,16,10,189,4,295,52,0,0,0,0,0,0,0,0,0,0,0,0,0,0,0,0,0,0,0,0,0,0,0,0,0,,,,,,,,
1702,Internal,390,737,42125,48,32.0,5.2,25,153,573,125,359,46,0,0,0,0,4,0,0,0,0,0,0,0,0,0,0,0,0,0,0,0,0,0,0,0,0,,,,,,,,
1703,Internal,278,478,42125,48,32.0,5.2,63,429,515,56,141,39,0,0,0,0,8,0,0,0,0,0,0,0,0,0,0,0,0,0,0,0,0,0,0,0,0,,,,,,,,
1704,Internal,347,863,42125,48,32.0,5.2,23,547,503,395,229,48,0,0,0,0,8,0,0,0,0,0,0,0,0,0,0,0,0,0,0,0,0,0,0,0,0,,,,,,,,
1705,Internal,364,488,80265,52,22.7,11.6,7,45,123,22,8,22,0,0,0,0,24,0,0,0,0,0,0,0,0,0,0,0,0,0,0,0,0,0,0,0,0,,,,,,,,
1706,Internal,2,6,42125,48,32.0,5.2,258,341,251,122,467,23,0,0,0,0,0,0,0,0,0,0,0,0,0,0,0,0,0,0,0,0,0,0,0,0,0,,,,,,,,
1707,Internal,518,1046,69271,48,25.7,20.7,5,2,16,6,150,58,0,0,0,0,8,0,0,0,0,0,0,0,0,0,0,0,0,0,0,0,0,0,0,0,0,,,,,,,,
1708,Internal,798,2164,60000,45,27.7,10.8,62,17,29,10,5,13,0,0,0,0,0,0,0,0,0,0,0,0,0,0,0,0,0,0,0,0,0,0,0,0,0,,,,,,,,
1709,Internal,517,1197,67894,45,26.4,12.0,37,46,115,5,116,15,0,0,0,0,0,0,0,0,0,0,0,0,0,0,0,0,0,0,0,0,0,0,0,0,0,,,,,,,,
1710,Internal,437,1036,40363,45,21.3,14.5,8,18,4,11,0,19,0,0,0,0,0,0,0,0,0,0,0,0,38,0,0,0,0,0,0,0,0,0,0,0,0,,,,,,,,
1711,Internal,589,1608,60000,45,27.7,10.8,25,143,284,32,338,31,0,0,0,0,0,0,0,0,0,0,0,0,189,0,0,0,0,0,0,0,0,0,0,0,0,,,,,,,,
1712,Internal,289,737,40363,45,21.3,14.5,0,7,15,0,2,23,0,0,0,0,0,0,0,0,0,0,0,0,0,0,0,0,0,0,0,0,0,0,0,0,0,,,,,,,,
1713,Internal,20,100,40363,45,21.3,14.5,9,16,316,8,317,22,0,0,0,0,0,0,0,0,0,0,0,0,0,0,0,0,0,0,0,0,0,0,0,0,0,,,,,,,,
1714,Internal,41,87,40363,45,21.3,14.5,11,105,8,20,0,42,0,0,0,0,0,0,0,0,0,0,0,0,628,0,0,0,0,0,0,0,0,0,0,0,0,,,,,,,,
1715,Internal,755,2097,47717,47,30.7,4.0,0,3,31,13,0,44,0,0,0,0,4,0,0,0,0,0,0,0,0,0,0,0,0,0,0,0,0,0,0,0,0,,,,,,,,
1716,Internal,420,1059,61518,47,13.0,18.0,9,13,224,1,5,20,0,0,0,0,0,0,0,0,0,0,0,0,0,0,0,0,0,0,0,0,0,0,0,0,0,,,,,,,,
1717,Internal,0,0,47717,47,30.7,4.0,145,26,960,40,0,68,0,0,0,0,0,0,0,0,0,0,0,0,0,0,0,0,0,0,0,0,0,0,0,0,0,,,,,,,,
1718,Internal,126,271,47717,47,30.7,4.0,67,43,128,84,91,30,0,0,0,0,0,0,0,0,0,0,0,0,0,0,0,0,0,0,0,0,0,0,0,0,0,,,,,,,,
1719,Internal,0,0,61518,47,13.0,18.0,29,0,123,0,0,12,0,0,0,0,0,0,0,0,0,0,0,0,0,0,0,0,0,0,0,0,0,0,0,0,0,,,,,,,,
1720,Internal,458,1025,55536,47,22.5,5.9,292,94,260,0,111,54,0,0,0,0,4,0,0,0,0,0,0,0,0,0,0,0,0,0,0,0,0,0,0,0,0,,,,,,,,
1721,Internal,1,17,55536,47,22.5,5.9,470,14,65,0,23,58,0,0,0,0,0,0,0,0,0,0,0,0,0,0,0,0,0,0,0,0,0,0,0,0,0,,,,,,,,
1722,Internal,2,13,61518,47,13.0,18.0,92,423,721,105,52,30,0,0,0,0,0,0,0,0,0,0,0,0,0,0,0,0,0,0,0,0,0,0,0,0,0,,,,,,,,
1723,Internal,74,202,55536,47,22.5,5.9,28,0,14,8,0,44,0,0,0,0,0,0,0,0,0,0,0,0,0,0,0,0,0,0,0,0,0,0,0,0,0,,,,,,,,
1724,Internal,12,34,47717,47,30.7,4.0,206,79,141,1,46,51,0,0,0,0,0,0,0,0,0,0,0,0,0,0,0,0,0,0,0,0,0,0,0,0,0,,,,,,,,
1725,Internal,257,757,37153,46,34.3,2.5,14,3,3,0,0,22,0,0,0,0,0,0,0,0,0,0,0,0,0,0,0,0,0,0,0,0,0,0,0,0,0,,,,,,,,
1726,Internal,927,2143,37153,46,34.3,2.5,0,5,56,61,28,30,0,0,0,0,12,0,0,0,0,0,0,0,0,0,0,0,0,0,0,0,0,0,0,0,0,,,,,,,,
1727,Internal,82,228,26814,46,41.3,4.3,70,42,155,10,80,37,0,0,0,0,0,0,0,0,0,0,0,0,0,0,0,0,0,0,0,0,0,0,0,0,0,,,,,,,,
1728,Internal,542,1547,26814,46,41.3,4.3,0,4,11,24,7,19,0,0,0,0,4,0,0,0,0,0,0,0,0,0,0,0,0,0,0,0,0,0,0,0,0,,,,,,,,
1729,Internal,141,392,26814,46,41.3,4.3,473,99,258,19,107,44,0,0,0,0,4,0,0,0,0,0,0,0,0,0,0,0,0,0,0,0,0,0,0,0,0,,,,,,,,
1730,Internal,419,1159,58628,46,16.7,10.1,0,1,5,8,5,43,0,0,0,0,0,0,0,0,0,0,0,0,0,0,0,0,0,0,0,0,0,0,0,0,0,,,,,,,,
1731,Internal,496,1036,58628,46,16.7,10.1,23,5,258,0,101,40,0,0,0,0,0,0,0,0,0,0,0,0,0,0,0,0,0,0,0,0,0,0,0,0,0,,,,,,,,
1732,Internal,1105,1715,62722,51,18.8,11.2,170,106,135,0,74,50,0,0,0,0,88,0,0,0,0,0,0,0,0,0,0,0,0,0,0,0,0,0,0,0,0,,,,,,,,
1733,Internal,70,159,56495,42,31.2,7.0,6,10,11,0,1,47,0,0,0,0,0,0,0,0,0,0,0,0,0,0,0,0,0,0,0,0,0,0,0,0,0,,,,,,,,
1734,Internal,436,897,57891,51,16.0,18.1,5,82,157,26,207,28,0,0,0,0,0,0,0,0,0,0,0,0,395,0,0,0,0,0,0,0,0,0,0,0,0,,,,,,,,
1735,Internal,251,625,57891,51,16.0,18.1,5,13,196,27,421,12,0,0,0,0,0,0,0,0,0,0,0,0,0,0,0,0,0,0,0,0,0,0,0,0,0,,,,,,,,
1736,Internal,337,942,62722,51,18.8,11.2,1,3,5,0,0,52,0,0,0,0,0,0,0,0,0,0,0,0,0,0,0,0,0,0,0,0,0,0,0,0,0,,,,,,,,
1737,Internal,0,0,62722,51,18.8,11.2,4,35,424,63,0,59,0,0,0,0,0,0,0,0,0,0,0,0,578,0,0,0,0,0,0,0,0,0,0,0,0,,,,,,,,
1738,Internal,234,604,62722,51,18.8,11.2,0,6,7,15,0,73,0,0,0,0,0,0,0,0,0,0,0,0,0,0,0,0,0,0,0,0,0,0,0,0,0,,,,,,,,
1739,Internal,304,771,106833,48,16.8,20.1,13,25,5,4,0,31,0,0,0,0,0,0,0,0,0,0,0,0,0,0,0,0,0,0,0,0,0,0,0,0,0,,,,,,,,
1740,Internal,199,554,106833,48,16.8,20.1,0,14,32,0,0,2,0,0,0,0,0,0,0,0,0,0,0,0,0,0,0,0,0,0,0,0,0,0,0,0,0,,,,,,,,
1741,Internal,206,538,93137,48,20.8,15.4,4,8,10,0,15,10,0,0,0,0,0,0,0,0,0,0,0,0,0,0,0,0,0,0,0,0,0,0,0,0,0,,,,,,,,
1742,Internal,95,266,93137,48,20.8,15.4,0,0,0,0,0,31,0,0,0,0,0,0,0,0,0,0,0,0,0,0,0,0,0,0,0,0,0,0,0,0,0,,,,,,,,
1743,Internal,799,1834,64420,48,28.2,17.2,5,95,103,0,5,18,0,0,0,0,4,0,0,0,0,0,0,0,0,0,0,0,0,0,0,0,0,0,0,0,0,,,,,,,,
1744,Internal,208,519,93137,48,20.8,15.4,1,12,0,0,0,31,0,0,0,0,0,0,0,0,0,0,0,0,0,0,0,0,0,0,0,0,0,0,0,0,0,,,,,,,,
1745,Internal,6,20,93137,48,20.8,15.4,0,22,110,21,0,43,0,0,0,0,0,0,0,0,0,0,0,0,412,0,0,0,0,0,0,0,0,0,0,0,0,,,,,,,,
1746,Internal,241,588,43580,48,9.8,31.6,2,5,4,0,0,31,0,0,0,0,0,0,0,0,0,0,0,0,0,0,0,0,0,0,0,0,0,0,0,0,0,,,,,,,,
1747,Internal,26,77,43580,48,9.8,31.6,0,0,75,0,0,48,0,0,0,0,0,0,0,0,0,0,0,0,579,0,0,0,0,0,0,0,0,0,0,0,0,,,,,,,,
1748,Internal,411,843,20737,48,28.0,3.5,0,35,150,0,0,30,0,0,0,0,8,0,0,0,0,0,0,0,0,0,0,0,0,0,0,0,0,0,0,0,0,,,,,,,,
1749,Internal,4,12,20737,48,28.0,3.5,2,263,81,83,214,39,0,0,0,0,0,0,0,0,0,0,0,0,0,0,0,0,0,0,0,0,0,0,0,0,0,,,,,,,,
1750,Internal,206,532,51967,42,23.0,13.7,14,3,50,0,13,28,0,0,0,0,0,0,0,0,0,0,0,0,0,0,0,0,0,0,0,0,0,0,0,0,0,,,,,,,,
1751,Internal,164,368,51967,42,23.0,13.7,31,229,129,51,362,47,0,0,0,0,0,0,0,0,0,0,0,0,0,0,0,0,0,0,0,0,0,0,0,0,0,,,,,,,,
1752,Internal,396,796,51967,42,23.0,13.7,27,35,20,0,61,27,0,0,0,0,8,0,0,0,0,0,0,0,0,0,0,0,0,0,0,0,0,0,0,0,0,,,,,,,,
1753,Internal,49,106,54091,42,30.6,9.5,0,2,2,0,0,28,0,0,0,0,0,0,0,0,0,0,0,0,0,0,0,0,0,0,0,0,0,0,0,0,0,,,,,,,,
1754,Internal,17,57,51967,42,23.0,13.7,0,94,0,0,0,46,0,0,0,0,0,0,0,0,0,0,0,0,458,0,0,0,0,0,0,0,0,0,0,0,0,,,,,,,,
1755,Internal,4,25,51967,42,23.0,13.7,3,40,117,35,723,20,0,0,0,0,0,0,0,0,0,0,0,0,0,0,0,0,0,0,0,0,0,0,0,0,0,,,,,,,,
1756,Internal,552,1307,43934,42,23.6,5.5,7,223,180,11,200,29,0,0,0,0,20,0,0,0,0,0,0,0,0,0,0,0,0,0,0,0,0,0,0,0,0,,,,,,,,
1757,Internal,14,35,43934,42,23.6,5.5,0,75,7,0,11,28,0,0,0,0,0,0,0,0,0,0,0,0,0,0,0,0,0,0,0,0,0,0,0,0,0,,,,,,,,
1758,Internal,254,689,54091,42,30.6,9.5,10,49,39,0,29,18,0,0,0,0,0,0,0,0,0,0,0,0,0,0,0,0,0,0,0,0,0,0,0,0,0,,,,,,,,
1759,Internal,277,701,54091,42,30.6,9.5,2,3,15,1,0,28,0,0,0,0,0,0,0,0,0,0,0,0,0,0,0,0,0,0,0,0,0,0,0,0,0,,,,,,,,
1760,Internal,41,100,54091,42,30.6,9.5,0,300,15,0,0,44,0,0,0,0,0,0,0,0,0,0,0,0,2310,0,0,0,0,0,0,0,0,0,0,0,0,,,,,,,,
1761,Internal,244,598,56939,42,13.5,20.8,4,152,32,0,4,28,0,0,0,0,0,0,0,0,0,0,0,0,0,0,0,0,0,0,0,0,0,0,0,0,0,,,,,,,,
1762,Internal,273,641,56939,42,13.5,20.8,0,1,2,0,5,4,0,0,0,0,0,0,0,0,0,0,0,0,0,0,0,0,0,0,0,0,0,0,0,0,0,,,,,,,,
1763,Internal,813,2566,59604,42,38.4,6.9,3,119,96,2,11,37,0,0,0,0,0,0,0,0,0,0,0,0,571,0,0,0,0,0,0,0,0,0,0,0,0,,,,,,,,
1764,Internal,308,1063,59604,42,38.4,6.9,82,0,176,0,151,52,0,0,0,0,0,0,0,0,0,0,0,0,0,0,0,0,0,0,0,0,0,0,0,0,0,,,,,,,,
1765,Internal,479,1254,41648,42,29.2,9.0,783,46,22,0,22,38,0,0,0,0,0,0,0,0,0,0,0,0,0,0,0,0,0,0,0,0,0,0,0,0,0,,,,,,,,
1766,Internal,110,220,39722,42,23.3,15.0,2,21,120,0,0,58,0,0,0,0,0,0,0,0,0,0,0,0,538,0,0,0,0,0,0,0,0,0,0,0,0,,,,,,,,
1767,Internal,19,34,41648,42,29.2,9.0,0,0,4,0,0,39,0,0,0,0,0,0,0,0,0,0,0,0,0,0,0,0,0,0,0,0,0,0,0,0,0,,,,,,,,
1768,Internal,61,231,39722,42,23.3,15.0,27,0,79,0,5,40,0,0,0,0,0,0,0,0,0,0,0,0,549,0,0,0,0,0,0,0,0,0,0,0,0,,,,,,,,
1769,Internal,0,0,39722,42,23.3,15.0,0,160,0,0,0,44,0,0,0,0,0,0,0,0,0,0,0,0,1299,0,0,0,0,0,0,0,0,0,0,0,0,,,,,,,,
1770,Internal,182,441,54025,43,29.0,10.0,16,6,0,0,0,25,0,0,0,0,0,0,0,0,0,0,0,0,0,0,0,0,0,0,0,0,0,0,0,0,0,,,,,,,,
1771,Internal,122,374,59604,42,38.4,6.9,0,14,11,0,0,39,0,0,0,0,0,0,0,0,0,0,0,0,0,0,0,0,0,0,0,0,0,0,0,0,0,,,,,,,,
1772,Internal,585,1752,59604,42,38.4,6.9,8,24,11,8,29,5,0,0,0,0,0,0,0,0,0,0,0,0,182,0,0,0,0,0,0,0,0,0,0,0,0,,,,,,,,
1773,Internal,250,747,39722,42,23.3,15.0,8,6,18,0,0,14,0,0,0,0,0,0,0,0,0,0,0,0,0,0,0,0,0,0,0,0,0,0,0,0,0,,,,,,,,
1774,Internal,22,86,59604,42,38.4,6.9,0,173,0,0,0,46,0,0,0,0,0,0,0,0,0,0,0,0,1489,0,0,0,0,0,0,0,0,0,0,0,0,,,,,,,,
1775,Internal,587,1426,41648,42,29.2,9.0,10,133,155,0,6,41,0,0,0,0,0,0,0,0,0,0,0,0,860,0,0,0,0,0,0,0,0,0,0,0,0,,,,,,,,
1776,Internal,300,697,39722,42,23.3,15.0,252,82,169,0,124,38,0,0,0,0,0,0,0,0,0,0,0,0,0,0,0,0,0,0,0,0,0,0,0,0,0,,,,,,,,
1777,Internal,25,68,73921,42,31.1,8.6,5,18,0,0,2,47,0,0,0,0,0,0,0,0,0,0,0,0,0,0,0,0,0,0,0,0,0,0,0,0,0,,,,,,,,
1778,Internal,77,194,73921,42,31.1,8.6,105,40,22,3,10,47,0,0,0,0,0,0,0,0,0,0,0,0,0,0,0,0,0,0,0,0,0,0,0,0,0,,,,,,,,
1779,Internal,42,124,73921,42,31.1,8.6,2,0,18,0,41,47,0,0,0,0,0,0,0,0,0,0,0,0,0,0,0,0,0,0,0,0,0,0,0,0,0,,,,,,,,
1780,Internal,542,1869,61146,46,34.2,2.8,4,98,13,79,6,41,0,0,0,0,0,0,0,0,0,0,0,0,677,0,0,0,0,0,0,0,0,0,0,0,0,,,,,,,,
1781,Internal,167,551,61146,46,34.2,2.8,5,2,1,0,0,31,0,0,0,0,0,0,0,0,0,0,0,0,0,0,0,0,0,0,0,0,0,0,0,0,0,,,,,,,,
1782,Internal,768,2392,61146,46,34.2,2.8,12,3,24,0,3,31,0,0,0,0,0,0,0,0,0,0,0,0,0,0,0,0,0,0,0,0,0,0,0,0,0,,,,,,,,
1783,Internal,182,493,61146,46,34.2,2.8,1,7,13,6,12,32,0,0,0,0,0,0,0,0,0,0,0,0,0,0,0,0,0,0,0,0,0,0,0,0,0,,,,,,,,
1784,Internal,970,3072,61146,46,34.2,2.8,5,9,16,2,6,31,0,0,0,0,0,0,0,0,0,0,0,0,0,0,0,0,0,0,0,0,0,0,0,0,0,,,,,,,,
1785,Internal,136,332,73921,42,31.1,8.6,0,0,0,0,0,0,0,0,0,0,0,0,0,0,0,0,0,0,0,0,0,0,0,0,0,0,0,0,0,0,0,,,,,,,,
1786,Internal,10,20,56495,42,31.2,7.0,540,9,5,0,0,43,0,0,0,0,0,0,0,0,0,0,0,0,0,0,0,0,0,0,0,0,0,0,0,0,0,,,,,,,,
1787,Internal,3,10,56495,42,31.2,7.0,767,24,66,0,52,55,0,0,0,0,0,0,0,0,0,0,0,0,0,0,0,0,0,0,0,0,0,0,0,0,0,,,,,,,,
1788,Internal,276,753,56495,42,31.2,7.0,4,7,1,0,0,47,0,0,0,0,0,0,0,0,0,0,0,0,0,0,0,0,0,0,0,0,0,0,0,0,0,,,,,,,,
1789,Internal,158,298,56495,42,31.2,7.0,165,39,139,0,19,69,0,0,0,0,0,0,0,0,0,0,0,0,0,0,0,0,0,0,0,0,0,0,0,0,0,,,,,,,,
1790,Internal,20,23,56495,42,31.2,7.0,17,0,27,0,6,53,0,0,0,0,0,0,0,0,0,0,0,0,0,0,0,0,0,0,0,0,0,0,0,0,0,,,,,,,,
1791,Internal,110,249,56495,42,31.2,7.0,0,0,2,0,0,23,0,0,0,0,0,0,0,0,0,0,0,0,0,0,0,0,0,0,0,0,0,0,0,0,0,,,,,,,,
1792,Internal,18,43,56495,42,31.2,7.0,1,6,0,0,0,0,0,0,0,0,0,0,0,0,0,0,0,0,0,0,0,0,0,0,0,0,0,0,0,0,0,,,,,,,,
1793,Internal,827,2553,56495,42,31.2,7.0,5,16,16,5,15,25,0,0,0,0,0,0,0,0,0,0,0,0,3,0,0,0,0,0,0,0,0,0,0,0,0,,,,,,,,
1794,Internal,114,326,39000,46,34.5,17.2,100,41,39,75,19,36,0,0,0,0,0,0,0,0,0,0,0,0,619,0,0,0,0,0,0,0,0,0,0,0,0,,,,,,,,
1795,Internal,13,39,39000,46,34.5,17.2,0,0,0,0,0,31,0,0,0,0,0,0,0,0,0,0,0,0,0,0,0,0,0,0,0,0,0,0,0,0,0,,,,,,,,
1796,Internal,243,723,39000,46,34.5,17.2,6,7,15,1,0,31,0,0,0,0,0,0,0,0,0,0,0,0,0,0,0,0,0,0,0,0,0,0,0,0,0,,,,,,,,
1797,Internal,80,204,52124,46,30.5,2.9,15,7,46,15,249,8,0,0,0,0,0,0,0,0,0,0,0,0,0,0,0,0,0,0,0,0,0,0,0,0,0,,,,,,,,
1798,Internal,1082,3389,52124,46,30.5,2.9,89,38,88,7,0,56,0,0,0,0,8,0,0,0,0,0,0,0,0,0,0,0,0,0,0,0,0,0,0,0,0,,,,,,,,
1799,Internal,812,2206,54940,46,21.0,9.1,13,14,13,2,0,31,0,0,0,0,0,0,0,0,0,0,0,0,0,0,0,0,0,0,0,0,0,0,0,0,0,,,,,,,,
1800,Internal,45,113,54940,46,21.0,9.1,12,2,21,0,0,31,0,0,0,0,0,0,0,0,0,0,0,0,0,0,0,0,0,0,0,0,0,0,0,0,0,,,,,,,,
1801,Internal,502,1391,52124,46,30.5,2.9,31,0,0,0,2,31,0,0,0,0,8,0,0,0,0,0,0,0,0,0,0,0,0,0,0,0,0,0,0,0,0,,,,,,,,
1802,Internal,59,174,63379,48,20.3,8.1,0,0,0,0,0,22,0,0,0,0,0,0,0,0,0,0,0,0,0,0,0,0,0,0,0,0,0,0,0,0,0,,,,,,,,
1803,Internal,178,434,63379,48,20.3,8.1,0,1,2,0,0,22,0,0,0,0,0,0,0,0,0,0,0,0,0,0,0,0,0,0,0,0,0,0,0,0,0,,,,,,,,
1804,Internal,134,412,63379,48,20.3,8.1,4,8,1,0,0,22,0,0,0,0,0,0,0,0,0,0,0,0,737,0,0,0,0,0,0,0,0,0,0,0,0,,,,,,,,
1805,Internal,423,1219,73580,42,28.6,8.8,19,30,23,1,6,53,0,0,0,0,0,0,0,0,0,0,0,0,0,0,0,0,0,0,0,0,0,0,0,0,0,,,,,,,,
1806,Internal,205,556,52566,42,28.7,17.9,22,16,104,3,30,41,0,0,0,0,0,0,0,0,0,0,0,0,0,0,0,0,0,0,0,0,0,0,0,0,0,,,,,,,,
1807,Internal,519,1026,63379,48,20.3,8.1,6,1,1,6,68,19,0,0,0,0,0,0,0,0,0,0,0,0,0,0,0,0,0,0,0,0,0,0,0,0,0,,,,,,,,
1808,Internal,484,893,63379,48,20.3,8.1,7,162,167,14,1542,14,0,0,0,0,0,0,0,0,0,0,0,0,0,0,0,0,0,0,0,0,0,0,0,0,0,,,,,,,,
1809,Internal,363,1143,63379,48,20.3,8.1,2,5,3,0,1,46,0,0,0,0,4,0,0,0,0,0,0,0,432,0,0,0,0,0,0,0,0,0,0,0,0,,,,,,,,
1810,Internal,191,458,88583,48,15.1,28.5,0,61,49,4,198,10,0,0,0,0,0,0,0,0,0,0,0,0,0,0,0,0,0,0,0,0,0,0,0,0,0,,,,,,,,
1811,Internal,7,15,88583,48,15.1,28.5,0,12,11,0,0,22,0,0,0,0,0,0,0,0,0,0,0,0,0,0,0,0,0,0,0,0,0,0,0,0,0,,,,,,,,
1812,Internal,101,316,88583,48,15.1,28.5,0,18,35,0,0,22,0,0,0,0,0,0,0,0,0,0,0,0,0,0,0,0,0,0,0,0,0,0,0,0,0,,,,,,,,
1813,Internal,15,44,52566,42,28.7,17.9,292,14,135,0,238,46,0,0,0,0,0,0,0,0,0,0,0,0,54,0,0,0,0,0,0,0,0,0,0,0,0,,,,,,,,
1814,Internal,212,609,52566,42,28.7,17.9,72,51,100,0,28,35,0,0,0,0,0,0,0,0,0,0,0,0,0,0,0,0,0,0,0,0,0,0,0,0,0,,,,,,,,
1815,Internal,2,8,39722,42,23.3,15.0,187,177,76,0,885,28,0,0,0,0,0,0,0,0,0,0,0,0,0,0,0,0,0,0,0,0,0,0,0,0,0,,,,,,,,
1816,Internal,0,0,50053,48,26.2,10.1,9,3,0,0,0,22,0,0,0,0,12,0,0,0,0,0,0,0,0,0,0,0,0,0,0,0,0,0,0,0,0,,,,,,,,
1817,Internal,580,1448,88583,48,15.1,28.5,3,33,58,10,193,10,0,0,0,0,0,0,0,0,0,0,0,0,0,0,0,0,0,0,0,0,0,0,0,0,0,,,,,,,,
1818,Internal,755,1453,60913,48,27.3,15.0,89,362,369,159,95,28,0,0,0,0,0,0,0,0,0,0,0,0,471,0,0,0,0,0,0,0,0,0,0,0,0,,,,,,,,
1819,Internal,223,588,50053,48,26.2,10.1,49,94,83,0,43,49,0,0,0,0,0,0,0,0,0,0,0,0,0,0,0,0,0,0,0,0,0,0,0,0,0,,,,,,,,
1820,Internal,329,746,50053,48,26.2,10.1,2,11,31,0,0,22,0,0,0,0,0,0,0,0,0,0,0,0,0,0,0,0,0,0,0,0,0,0,0,0,0,,,,,,,,
1821,Internal,256,753,50053,48,26.2,10.1,0,7,0,0,0,22,0,0,0,0,0,0,0,0,0,0,0,0,0,0,0,0,0,0,0,0,0,0,0,0,0,,,,,,,,
1822,Internal,93,289,50053,48,26.2,10.1,159,37,133,0,50,43,0,0,0,0,0,0,0,0,0,0,0,0,0,0,0,0,0,0,0,0,0,0,0,0,0,,,,,,,,
1823,Internal,153,365,50053,48,26.2,10.1,9,20,19,13,0,69,0,0,0,0,0,0,0,0,0,0,0,0,0,0,0,0,0,0,0,0,0,0,0,0,0,,,,,,,,
1824,Internal,222,501,50053,48,26.2,10.1,3,33,6,0,3,22,0,0,0,0,0,0,0,0,0,0,0,0,0,0,0,0,0,0,0,0,0,0,0,0,0,,,,,,,,
1825,Internal,170,447,60913,48,27.3,15.0,32,166,103,9,35,26,0,0,0,0,0,0,0,0,0,0,0,0,0,0,0,0,0,0,0,0,0,0,0,0,0,,,,,,,,
1826,Internal,304,785,89309,53,21.6,18.4,27,36,15,0,14,43,0,0,0,0,0,0,0,0,0,0,0,0,0,0,0,0,0,0,0,0,0,0,0,0,0,,,,,,,,
1827,Internal,370,991,89309,53,21.6,18.4,21,28,32,10,24,44,0,0,0,0,4,0,0,0,0,0,0,0,0,0,0,0,0,0,0,0,0,0,0,0,0,,,,,,,,
1828,Internal,299,926,89309,53,21.6,18.4,3,83,7,0,3,44,0,0,0,0,0,0,0,0,0,0,0,0,538,0,0,0,0,0,0,0,0,0,0,0,0,,,,,,,,
1829,Internal,155,409,89309,53,21.6,18.4,7,16,0,30,0,43,0,0,0,0,0,0,0,0,0,0,0,0,0,0,0,0,0,0,0,0,0,0,0,0,0,,,,,,,,
1830,Internal,66,136,89309,53,21.6,18.4,11,12,2,0,1,43,0,0,0,0,0,0,0,0,0,0,0,0,0,0,0,0,0,0,0,0,0,0,0,0,0,,,,,,,,
1831,Internal,331,939,74545,47,23.7,10.7,0,31,18,10,21,34,0,0,0,0,0,0,0,0,0,0,0,0,0,0,0,0,0,0,0,0,0,0,0,0,0,,,,,,,,
1832,Internal,296,934,86027,47,29.5,9.9,63,9,7,0,15,34,0,0,0,0,0,0,0,0,0,0,0,0,0,0,0,0,0,0,0,0,0,0,0,0,0,,,,,,,,
1833,Internal,149,399,67868,47,14.5,14.3,3,7,24,0,0,34,0,0,0,0,0,0,0,0,0,0,0,0,0,0,0,0,0,0,0,0,0,0,0,0,0,,,,,,,,
1834,Internal,443,1204,67868,47,14.5,14.3,4,5,5,11,5,34,0,0,0,0,0,0,0,0,0,0,0,0,0,0,0,0,0,0,0,0,0,0,0,0,0,,,,,,,,
1835,Internal,808,2105,74545,47,23.7,10.7,52,37,56,30,10,37,0,0,0,0,0,0,0,0,0,0,0,0,0,0,0,0,0,0,0,0,0,0,0,0,0,,,,,,,,
1836,Internal,427,1168,86027,47,29.5,9.9,16,29,17,5,15,34,0,0,0,0,0,0,0,0,0,0,0,0,0,0,0,0,0,0,0,0,0,0,0,0,0,,,,,,,,
1837,Internal,239,686,86027,47,29.5,9.9,13,14,8,20,28,44,0,0,0,0,0,0,0,0,0,0,0,0,0,0,0,0,0,0,0,0,0,0,0,0,0,,,,,,,,
1838,Internal,182,497,86027,47,29.5,9.9,2,6,0,2,0,34,0,0,0,0,0,0,0,0,0,0,0,0,0,0,0,0,0,0,0,0,0,0,0,0,0,,,,,,,,
1839,Internal,186,484,67868,47,14.5,14.3,5,12,19,0,12,34,0,0,0,0,0,0,0,0,0,0,0,0,0,0,0,0,0,0,0,0,0,0,0,0,0,,,,,,,,
1840,Internal,199,560,105362,51,29.8,12.4,4,3,22,0,2,25,0,0,0,0,0,0,0,0,0,0,0,0,0,0,0,0,0,0,0,0,0,0,0,0,0,,,,,,,,
1841,Internal,293,793,105362,51,29.8,12.4,13,66,7,0,4,53,0,0,0,0,0,0,0,0,0,0,0,0,0,0,0,0,0,0,0,0,0,0,0,0,0,,,,,,,,
1842,Internal,169,470,69191,51,22.2,12.6,10,4,13,0,0,25,0,0,0,0,0,0,0,0,0,0,0,0,0,0,0,0,0,0,0,0,0,0,0,0,0,,,,,,,,
1843,Internal,475,1291,69191,51,22.2,12.6,128,24,18,0,93,14,0,0,0,0,0,0,0,0,0,0,0,0,0,0,0,0,0,0,0,0,0,0,0,0,0,,,,,,,,
1844,Internal,295,741,69191,51,22.2,12.6,0,36,10,0,0,17,0,0,0,0,0,0,0,0,0,0,0,0,0,0,0,0,0,0,0,0,0,0,0,0,0,,,,,,,,
1845,Internal,135,373,69191,51,22.2,12.6,7,15,121,0,51,0,0,0,0,0,0,0,0,0,0,0,0,0,0,0,0,0,0,0,0,0,0,0,0,0,0,,,,,,,,
1846,Internal,356,975,105362,51,29.8,12.4,10,29,11,2,27,23,0,0,0,0,0,0,0,0,0,0,0,0,0,0,0,0,0,0,0,0,0,0,0,0,0,,,,,,,,
1847,Internal,256,664,69191,51,22.2,12.6,4,11,14,7,0,25,0,0,0,0,0,0,0,0,0,0,0,0,0,0,0,0,0,0,0,0,0,0,0,0,0,,,,,,,,
1848,Internal,208,555,78214,44,25.4,13.7,2,13,0,0,0,27,0,0,0,0,0,0,0,0,0,0,0,0,0,0,0,0,0,0,0,0,0,0,0,0,0,,,,,,,,
1849,Internal,139,415,78214,44,25.4,13.7,2,23,16,0,9,27,0,0,0,0,0,0,0,0,0,0,0,0,0,0,0,0,0,0,0,0,0,0,0,0,0,,,,,,,,
1850,Internal,150,458,78214,44,25.4,13.7,3,3,6,0,5,27,0,0,0,0,0,0,0,0,0,0,0,0,0,0,0,0,0,0,0,0,0,0,0,0,0,,,,,,,,
1851,Internal,141,460,78214,44,25.4,13.7,76,67,17,0,94,32,0,0,0,0,0,0,0,0,0,0,0,0,0,0,0,0,0,0,0,0,0,0,0,0,0,,,,,,,,
1852,Internal,152,418,78214,44,25.4,13.7,19,37,0,0,0,27,0,0,0,0,0,0,0,0,0,0,0,0,0,0,0,0,0,0,0,0,0,0,0,0,0,,,,,,,,
1853,Internal,254,723,78214,44,25.4,13.7,5,27,63,0,9,9,0,0,0,0,0,0,0,0,0,0,0,0,0,0,0,0,0,0,0,0,0,0,0,0,0,,,,,,,,
1854,Internal,180,505,112917,48,13.2,24.8,2,2,38,0,2,32,0,0,0,0,0,0,0,0,0,0,0,0,0,0,0,0,0,0,0,0,0,0,0,0,0,,,,,,,,
1855,Internal,155,384,105875,58,15.5,19.5,34,14,17,0,0,14,0,0,0,0,8,0,0,0,0,0,0,0,0,0,0,0,0,0,0,0,0,0,0,0,0,,,,,,,,
1856,Internal,230,605,112917,48,13.2,24.8,4,32,112,0,1,32,0,0,0,0,0,0,0,0,0,0,0,0,45,0,0,0,0,0,0,0,0,0,0,0,0,,,,,,,,
1857,Internal,435,1264,147798,48,30.1,13.4,80,24,85,4,209,24,0,0,0,0,0,0,0,0,0,0,0,0,0,0,0,0,0,0,0,0,0,0,0,0,0,,,,,,,,
1858,Internal,281,708,112917,48,13.2,24.8,14,21,24,2,6,44,0,0,0,0,0,0,0,0,0,0,0,0,0,0,0,0,0,0,0,0,0,0,0,0,0,,,,,,,,
1859,Internal,66,184,78782,58,23.7,8.8,11,0,0,1,0,55,0,0,0,0,0,0,0,0,0,0,0,0,0,0,0,0,0,0,0,0,0,0,0,0,0,,,,,,,,
1860,Internal,382,1059,132375,49,22.4,13.8,53,42,71,0,4,72,0,0,0,0,0,0,0,0,0,0,0,0,0,0,0,0,0,0,0,0,0,0,0,0,0,,,,,,,,
1861,Internal,365,965,132375,49,22.4,13.8,134,22,32,0,13,23,0,0,0,0,8,0,0,0,0,0,0,0,0,0,0,0,0,0,0,0,0,0,0,0,0,,,,,,,,
1862,Internal,373,1102,132375,49,22.4,13.8,19,42,17,0,0,56,0,0,0,0,4,0,0,0,0,0,0,0,0,0,0,0,0,0,0,0,0,0,0,0,0,,,,,,,,
1863,Internal,187,463,147798,48,30.1,13.4,7,330,4,0,27,45,0,0,0,0,0,0,0,0,0,0,0,0,1045,0,0,0,0,0,0,0,0,0,0,0,0,,,,,,,,
1864,Internal,304,670,98875,50,14.1,52.4,10,307,40,41,38,28,0,0,0,0,0,0,0,0,0,0,0,0,0,0,0,0,0,0,0,0,0,0,0,0,0,,,,,,,,
1865,Internal,352,863,91389,49,17.4,23.8,4,5,22,12,12,71,0,0,0,0,0,0,0,0,0,0,0,0,0,0,0,0,0,0,0,0,0,0,0,0,0,,,,,,,,
1866,Internal,116,299,158095,50,19.8,14.3,13,9,16,53,0,46,0,0,0,0,0,0,0,0,0,0,0,0,0,0,0,0,0,0,0,0,0,0,0,0,0,,,,,,,,
1867,Internal,310,596,91389,49,17.4,23.8,14,158,469,10,146,39,0,0,0,0,0,0,0,0,0,0,0,0,0,0,0,0,0,0,0,0,0,0,0,0,0,,,,,,,,
1868,Internal,342,945,166875,50,26.0,10.5,1,2,38,0,3,79,0,0,0,0,0,0,0,0,0,0,0,0,0,0,0,0,0,0,0,0,0,0,0,0,0,,,,,,,,
1869,Internal,347,1032,166875,50,26.0,10.5,0,38,37,3,4,61,0,0,0,0,0,0,0,0,0,0,0,0,0,0,0,0,0,0,0,0,0,0,0,0,0,,,,,,,,
1870,Internal,148,374,158095,50,19.8,14.3,79,47,16,10,52,55,0,0,0,0,0,0,0,0,0,0,0,0,0,0,0,0,0,0,0,0,0,0,0,0,0,,,,,,,,
1871,Internal,448,1321,158095,50,19.8,14.3,35,6,68,3,44,40,0,0,0,0,0,0,0,0,0,0,0,0,0,0,0,0,0,0,0,0,0,0,0,0,0,,,,,,,,
1872,Internal,85,242,158095,50,19.8,14.3,0,82,7,0,0,51,0,0,0,0,0,0,0,0,0,0,0,0,669,0,0,0,0,0,0,0,0,0,0,0,0,,,,,,,,
1873,Internal,0,0,91389,49,17.4,23.8,0,10,79,96,314,35,0,0,0,0,0,0,0,0,0,0,0,0,0,0,0,0,0,0,0,0,0,0,0,0,0,,,,,,,,
1874,Internal,338,584,55481,58,20.9,7.6,21,319,319,268,2007,24,0,0,0,0,4,0,0,0,0,0,0,0,0,0,0,0,0,0,0,0,0,0,0,0,0,,,,,,,,
1875,Internal,185,346,55481,58,20.9,7.6,6,13,84,10,14,35,0,0,0,0,0,0,0,0,0,0,0,0,0,0,0,0,0,0,0,0,0,0,0,0,0,,,,,,,,
1876,Internal,1231,2150,55481,58,20.9,7.6,48,45,90,8,343,13,0,0,0,0,24,0,0,0,0,0,0,0,0,0,0,0,0,0,0,0,0,0,0,0,0,,,,,,,,
1877,Internal,381,1035,55481,58,20.9,7.6,24,119,14,6,27,19,0,0,0,0,0,0,0,0,0,0,0,0,0,0,0,0,0,0,0,0,0,0,0,0,0,,,,,,,,
1878,Internal,5,17,55481,58,20.9,7.6,35,71,128,47,304,12,0,0,0,0,0,0,0,0,0,0,0,0,0,0,0,0,0,0,0,0,0,0,0,0,0,,,,,,,,
1879,Internal,457,1234,66364,58,16.0,7.6,6,44,4,5,5,45,0,0,0,0,8,0,0,0,0,0,0,0,0,0,0,0,0,0,0,0,0,0,0,0,0,,,,,,,,
1880,Internal,0,0,55481,58,20.9,7.6,7,24,100,2,1030,16,0,0,0,0,4,0,0,0,0,0,0,0,0,0,0,0,0,0,0,0,0,0,0,0,0,,,,,,,,
1881,Internal,147,429,148542,58,18.5,15.3,7,7,71,0,3,31,0,0,0,0,0,0,0,0,0,0,0,0,0,0,0,0,0,0,0,0,0,0,0,0,0,,,,,,,,
1882,Internal,651,1472,126406,49,21.6,16.6,6,264,311,0,22,45,0,0,0,0,4,0,0,0,0,0,0,0,0,0,0,0,0,0,0,0,0,0,0,0,0,,,,,,,,
1883,Internal,242,707,148542,58,18.5,15.3,5,110,17,25,1,80,0,0,0,0,12,0,0,0,0,0,0,0,0,0,0,0,0,0,0,0,0,0,0,0,0,,,,,,,,
1884,Internal,50,116,148542,58,18.5,15.3,0,0,0,0,0,31,0,0,0,0,0,0,0,0,0,0,0,0,0,0,0,0,0,0,0,0,0,0,0,0,0,,,,,,,,
1885,Internal,349,705,55481,58,20.9,7.6,2,11,30,0,0,58,0,0,0,0,16,0,0,0,0,0,0,0,0,0,0,0,0,0,0,0,0,0,0,0,0,,,,,,,,
1886,Internal,1,17,55481,58,20.9,7.6,457,700,147,27,24,56,0,0,0,0,0,0,0,0,0,0,0,0,482,0,0,0,0,0,0,0,0,0,0,0,0,,,,,,,,
1887,Internal,281,734,78782,58,23.7,8.8,14,16,62,0,161,55,0,0,0,0,0,0,0,0,0,0,0,0,0,0,0,0,0,0,0,0,0,0,0,0,0,,,,,,,,
1888,Internal,486,1282,105875,58,15.5,19.5,30,29,73,16,6,24,0,0,0,0,0,0,0,0,0,0,0,0,0,0,0,0,0,0,0,0,0,0,0,0,0,,,,,,,,
1889,Internal,371,942,78782,58,23.7,8.8,8,30,32,38,16,24,0,0,0,0,0,0,0,0,0,0,0,0,0,0,0,0,0,0,0,0,0,0,0,0,0,,,,,,,,
1890,Internal,531,921,66364,58,16.0,7.6,3,209,22,0,5,54,0,0,0,0,191,0,0,0,0,0,0,0,1767,0,0,0,0,0,0,0,0,0,0,0,0,,,,,,,,
1891,Internal,69,175,66364,58,16.0,7.6,2,3,0,0,0,55,0,0,0,0,0,0,0,0,0,0,0,0,0,0,0,0,0,0,0,0,0,0,0,0,0,,,,,,,,
1892,Internal,443,853,66364,58,16.0,7.6,0,93,292,0,12,54,0,0,0,0,84,0,0,0,0,0,0,0,0,0,0,0,0,0,0,0,0,0,0,0,0,,,,,,,,
1893,Internal,366,618,66364,58,16.0,7.6,91,1421,805,32,39,57,0,0,0,0,139,0,0,0,0,0,0,0,0,0,0,0,0,0,0,0,0,0,0,0,0,,,,,,,,
1894,Internal,80,252,35591,50,39.3,8.3,146,7,22,0,7,39,0,0,0,0,0,0,0,0,0,0,0,0,0,0,0,0,0,0,0,0,0,0,0,0,0,,,,,,,,
1895,Internal,251,494,35591,50,39.3,8.3,1465,363,296,77,837,47,0,0,0,0,0,0,0,0,0,0,0,0,0,0,0,0,0,0,0,0,0,0,0,0,0,,,,,,,,
1896,Internal,392,1043,35591,50,39.3,8.3,26,188,22,0,10,80,0,0,0,0,0,0,0,0,0,0,0,0,787,0,0,0,0,0,0,0,0,0,0,0,0,,,,,,,,
1897,Internal,56,138,35591,50,39.3,8.3,157,12,107,14,106,42,0,0,0,0,4,0,0,0,0,0,0,0,0,0,0,0,0,0,0,0,0,0,0,0,0,,,,,,,,
1898,Internal,27,80,68667,50,17.0,20.5,0,6,1,0,0,46,0,0,0,0,0,0,0,0,0,0,0,0,0,0,0,0,0,0,0,0,0,0,0,0,0,,,,,,,,
1899,Internal,279,668,68667,50,17.0,20.5,227,239,667,58,79,24,0,0,0,0,0,0,0,0,0,0,0,0,0,0,0,0,0,0,0,0,0,0,0,0,0,,,,,,,,
1900,Internal,127,325,68667,50,17.0,20.5,26,18,30,0,0,65,0,0,0,0,0,0,0,0,0,0,0,0,0,0,0,0,0,0,0,0,0,0,0,0,0,,,,,,,,
1901,Internal,187,469,100313,50,26.0,9.9,10,11,12,0,0,27,0,0,0,0,0,0,0,0,0,0,0,0,0,0,0,0,0,0,0,0,0,0,0,0,0,,,,,,,,
1902,Internal,633,1286,100313,50,26.0,9.9,15,18,22,30,239,15,0,0,0,0,0,0,0,0,0,0,0,0,0,0,0,0,0,0,0,0,0,0,0,0,0,,,,,,,,
1903,Internal,699,2004,100313,50,26.0,9.9,4,16,66,0,0,17,0,0,0,0,0,0,0,0,0,0,0,0,0,0,0,0,0,0,0,0,0,0,0,0,0,,,,,,,,
1904,Internal,360,1259,100313,50,26.0,9.9,8,0,13,0,2,46,0,0,0,0,0,0,0,0,0,0,0,0,0,0,0,0,0,0,0,0,0,0,0,0,0,,,,,,,,
1905,Internal,405,1124,104300,58,27.0,11.9,28,43,33,40,10,44,0,0,0,0,0,0,0,0,0,0,0,0,0,0,0,0,0,0,0,0,0,0,0,0,0,,,,,,,,
1906,Internal,244,742,56818,50,4.4,24.3,40,21,93,2,17,30,0,0,0,0,0,0,0,0,0,0,0,0,0,0,0,0,0,0,0,0,0,0,0,0,0,,,,,,,,
1907,Internal,178,494,56818,50,4.4,24.3,25,65,32,0,79,18,0,0,0,0,0,0,0,0,0,0,0,0,0,0,0,0,0,0,0,0,0,0,0,0,0,,,,,,,,
1908,Internal,532,1200,65568,44,23.7,20.2,0,4,29,0,0,43,0,0,0,0,0,0,0,0,0,0,0,0,0,0,0,0,0,0,0,0,0,0,0,0,0,,,,,,,,
1909,Internal,122,328,65568,44,23.7,20.2,0,0,17,0,2,5,0,0,0,0,0,0,0,0,0,0,0,0,0,0,0,0,0,0,0,0,0,0,0,0,0,,,,,,,,
1910,Internal,218,665,65568,44,23.7,20.2,0,6,1,2,0,14,0,0,0,0,0,0,0,0,0,0,0,0,0,0,0,0,0,0,0,0,0,0,0,0,0,,,,,,,,
1911,Internal,1049,2338,65568,44,23.7,20.2,0,0,6,0,158,8,0,0,0,0,0,0,0,0,0,0,0,0,0,0,0,0,0,0,0,0,0,0,0,0,0,,,,,,,,
1912,Internal,167,438,65568,44,23.7,20.2,0,182,26,22,49,36,0,0,0,0,0,0,0,0,0,0,0,0,0,0,0,0,0,0,0,0,0,0,0,0,0,,,,,,,,
1913,Internal,431,1122,80094,45,31.6,16.5,375,3,370,183,237,37,0,0,0,0,0,0,0,0,0,0,0,0,0,0,0,0,0,0,0,0,0,0,0,0,0,,,,,,,,
1914,Internal,104,239,42589,45,28.4,13.9,1,166,116,28,12,42,0,0,0,0,0,0,0,0,0,0,0,0,0,0,0,0,0,0,0,0,0,0,0,0,0,,,,,,,,
1915,Internal,289,581,42589,45,28.4,13.9,4,8,285,57,189,24,0,0,0,0,0,0,0,0,0,0,0,0,10,0,0,1,0,0,0,0,0,0,0,0,0,,,,,,,,
1916,Internal,0,0,42589,45,28.4,13.9,0,103,0,0,0,32,0,0,0,0,0,0,0,0,0,0,0,0,1019,0,0,0,0,0,0,0,0,0,0,0,0,,,,,,,,
1917,Internal,283,772,42589,45,28.4,13.9,2,16,126,5,0,21,0,0,0,0,0,0,0,0,0,0,0,0,0,0,0,0,0,0,0,0,0,0,0,0,0,,,,,,,,
1918,Internal,303,625,42589,45,28.4,13.9,0,4,2,5,56,32,0,0,0,0,0,0,0,0,0,0,0,0,0,0,0,0,0,0,0,0,0,0,0,0,0,,,,,,,,
1919,Internal,94,229,42589,45,28.4,13.9,59,21,166,0,76,35,0,0,0,0,0,0,0,0,0,0,0,0,0,0,0,0,0,0,0,0,0,0,0,0,0,,,,,,,,
1920,Internal,33,101,72075,45,24.2,15.0,10,83,5,0,0,27,0,0,0,0,0,0,0,0,0,0,0,0,388,0,0,0,0,0,0,0,0,0,0,0,0,,,,,,,,
1921,Internal,214,592,72075,45,24.2,15.0,7,17,76,19,49,27,0,0,0,0,0,0,0,0,0,0,0,0,0,0,0,0,0,0,0,0,0,0,0,0,0,,,,,,,,
1922,Internal,175,420,72075,45,24.2,15.0,0,7,17,0,0,27,0,0,0,0,0,0,0,0,0,0,0,0,0,0,0,0,0,0,0,0,0,0,0,0,0,,,,,,,,
1923,Internal,282,832,72075,45,24.2,15.0,0,0,0,0,3,27,0,0,0,0,0,0,0,0,0,0,0,0,0,0,0,0,0,0,0,0,0,0,0,0,0,,,,,,,,
1924,Internal,364,890,72075,45,24.2,15.0,0,20,216,0,2,12,0,0,0,0,0,0,0,0,0,0,0,0,0,0,0,0,0,0,0,0,0,0,0,0,0,,,,,,,,
1925,Internal,32,67,72075,45,24.2,15.0,1,5,83,9,98,25,0,0,0,0,0,0,0,0,0,0,0,0,0,0,0,0,0,0,0,0,0,0,0,0,0,,,,,,,,
1926,Internal,110,281,67997,45,26.3,11.2,18,3,1,0,0,32,0,0,0,0,0,0,0,0,0,0,0,0,0,0,0,0,0,0,0,0,0,0,0,0,0,,,,,,,,
1927,Internal,273,795,67997,45,26.3,11.2,4,0,8,0,0,32,0,0,0,0,0,0,0,0,0,0,0,0,0,0,0,0,0,0,0,0,0,0,0,0,0,,,,,,,,
1928,Internal,288,742,67997,45,26.3,11.2,4,0,21,0,0,13,0,0,0,0,0,0,0,0,0,0,0,0,0,0,0,0,0,0,0,0,0,0,0,0,0,,,,,,,,
1929,Internal,240,678,67997,45,26.3,11.2,10,115,81,0,56,37,0,0,0,0,0,0,0,0,0,0,0,0,0,0,0,0,0,0,0,0,0,0,0,0,0,,,,,,,,
1930,Internal,361,800,67997,45,26.3,11.2,0,7,70,0,0,32,0,0,0,0,0,0,0,0,0,0,0,0,0,0,0,0,0,0,0,0,0,0,0,0,0,,,,,,,,
1931,Internal,746,2290,67997,45,26.3,11.2,0,0,83,5,0,16,0,0,0,0,0,0,0,0,0,0,0,0,0,0,0,0,0,0,0,0,0,0,0,0,0,,,,,,,,
1932,Internal,192,631,80094,45,31.6,16.5,6,7,0,1,0,32,0,0,0,0,0,0,0,0,0,0,0,0,0,0,0,0,0,0,0,0,0,0,0,0,0,,,,,,,,
1933,Internal,375,966,80094,45,31.6,16.5,3,1,21,0,2,20,0,0,0,0,0,0,0,0,0,0,0,0,0,0,0,0,0,0,0,0,0,0,0,0,0,,,,,,,,
1934,Internal,257,663,80094,45,31.6,16.5,0,15,14,0,0,27,0,0,0,0,0,0,0,0,0,0,0,0,0,0,0,0,0,0,0,0,0,0,0,0,0,,,,,,,,
1935,Internal,15,42,125080,51,22.6,11.1,20,0,4,2220,31,46,0,0,0,0,0,0,0,0,0,0,0,0,0,0,8695,0,0,0,0,0,0,0,0,0,0,,,,,,,,
1936,Internal,235,746,125080,51,22.6,11.1,40,44,17,0,4,29,0,0,0,0,0,0,0,0,0,0,0,0,0,0,0,0,0,0,0,0,0,0,0,0,0,,,,,,,,
1937,Internal,99,290,125080,51,22.6,11.1,0,150,0,0,0,0,0,0,0,0,0,0,0,0,0,0,0,0,427,0,0,0,0,0,0,0,0,0,0,0,0,,,,,,,,
1938,Internal,359,870,125080,51,22.6,11.1,98,25,36,4,10,9,0,0,0,0,0,0,0,0,0,0,0,0,0,0,0,0,0,0,0,0,0,0,0,0,0,,,,,,,,
1939,Internal,55,223,91875,52,22.9,6.7,1,0,0,0,0,47,0,0,0,0,0,0,0,0,0,0,0,0,0,0,0,0,0,0,0,0,0,0,0,0,0,,,,,,,,
1940,Internal,103,326,91875,52,22.9,6.7,186,6,24,30,25,46,0,0,0,0,0,0,0,0,0,0,0,0,0,0,0,0,0,0,0,0,0,0,0,0,0,,,,,,,,
1941,Internal,147,361,91875,52,22.9,6.7,6,4,0,0,6,47,0,0,0,0,0,0,0,0,0,0,0,0,0,0,0,0,0,0,0,0,0,0,0,0,0,,,,,,,,
1942,Internal,379,968,91875,52,22.9,6.7,6,2,2,0,0,47,0,0,0,0,0,0,0,0,0,0,0,0,0,0,0,0,0,0,0,0,0,0,0,0,0,,,,,,,,
1943,Internal,59,212,91875,52,22.9,6.7,0,0,2,0,0,47,0,0,0,0,0,0,0,0,0,0,0,0,0,0,0,0,0,0,0,0,0,0,0,0,0,,,,,,,,
1944,Internal,184,559,125080,51,22.6,11.1,0,0,57,0,340,10,0,0,0,0,0,0,0,0,0,0,0,0,0,0,0,0,0,0,0,0,0,0,0,0,0,,,,,,,,
1945,Internal,169,420,105508,52,30.8,12.1,0,8,2,0,1,47,0,0,0,0,0,0,0,0,0,0,0,0,0,0,0,0,0,0,0,0,0,0,0,0,0,,,,,,,,
1946,Internal,654,2011,105508,52,30.8,12.1,4,5,22,0,0,41,0,0,0,0,0,0,0,0,0,0,0,0,0,0,0,0,0,0,0,0,0,0,0,0,0,,,,,,,,
1947,Internal,289,882,82731,52,24.0,17.4,104,3,11,0,7,55,0,0,0,0,0,0,0,0,0,0,0,0,160,0,0,0,0,0,0,0,0,0,0,0,0,,,,,,,,
1948,Internal,175,508,82731,52,24.0,17.4,0,3,21,0,0,47,0,0,0,0,0,0,0,0,0,0,0,0,0,0,0,0,0,0,0,0,0,0,0,0,0,,,,,,,,
1949,Internal,20,55,91875,52,22.9,6.7,0,0,0,0,0,0,0,0,0,0,0,0,0,0,0,0,0,0,0,0,0,0,0,0,0,0,0,0,0,0,0,,,,,,,,
1950,Internal,44,134,83947,51,31.4,6.5,13,93,0,2,0,46,0,0,0,0,0,0,0,0,0,0,0,0,786,0,0,0,0,0,0,0,0,0,0,0,0,,,,,,,,
1951,Internal,452,1331,95819,51,32.9,7.6,44,28,10,21,17,37,0,0,0,0,0,0,0,0,0,0,0,0,0,0,0,0,0,0,0,0,0,0,0,0,0,,,,,,,,
1952,Internal,165,437,83947,51,31.4,6.5,20,1,67,4,92,35,0,0,0,0,0,0,0,0,0,0,0,0,0,0,0,0,0,0,0,0,0,0,0,0,0,,,,,,,,
1953,Internal,90,249,95819,51,32.9,7.6,3,1,41,0,2,60,0,0,0,0,0,0,0,0,0,0,0,0,0,0,0,0,0,0,0,0,0,0,0,0,0,,,,,,,,
1954,Internal,342,901,83947,51,31.4,6.5,41,45,9,0,1,37,0,0,0,0,0,0,0,0,0,0,0,0,0,0,0,0,0,0,0,0,0,0,0,0,0,,,,,,,,
1955,Internal,550,1762,96681,45,30.2,10.2,15,85,50,0,17,21,0,0,0,0,0,0,0,0,0,0,0,0,684,0,0,0,0,0,0,0,0,0,0,0,0,,,,,,,,
1956,Internal,134,354,96681,45,30.2,10.2,31,15,28,9,0,49,0,0,0,0,0,0,0,0,0,0,0,0,0,0,0,0,0,0,0,0,0,0,0,0,0,,,,,,,,
1957,Internal,224,544,96681,45,30.2,10.2,4,51,49,0,0,13,0,0,0,0,0,0,0,0,0,0,0,0,0,0,0,0,0,0,0,0,0,0,0,0,0,,,,,,,,
1958,Internal,192,552,78750,45,24.8,12.7,10,0,92,0,286,15,0,0,0,0,0,0,0,0,0,0,0,0,0,0,0,0,0,0,0,0,0,0,0,0,0,,,,,,,,
1959,Internal,418,1087,96681,45,30.2,10.2,57,22,24,0,11,34,0,0,0,0,0,0,0,0,0,0,0,0,0,0,0,0,0,0,0,0,0,0,0,0,0,,,,,,,,
1960,Internal,253,706,78750,45,24.8,12.7,135,0,76,50,96,35,0,0,0,0,0,0,0,0,0,0,0,0,0,0,0,0,0,0,0,0,0,0,0,0,0,,,,,,,,
1961,Internal,703,2112,78750,45,24.8,12.7,313,0,27,0,0,33,0,0,0,0,0,0,0,0,0,0,0,0,2202,0,0,0,0,0,0,0,0,0,0,0,0,,,,,,,,
1962,Internal,271,709,96681,45,30.2,10.2,0,0,84,0,82,25,0,0,0,0,0,0,0,0,0,0,0,0,0,0,0,0,0,0,0,0,0,0,0,0,0,,,,,,,,
1963,Internal,254,785,96681,45,30.2,10.2,5,14,0,20,49,27,0,0,0,0,0,0,0,0,0,0,0,0,0,0,0,0,0,0,0,0,0,0,0,0,0,,,,,,,,
1964,Internal,217,470,96681,45,30.2,10.2,80,4,12,0,0,45,0,0,0,0,0,0,0,0,0,0,0,0,0,0,0,0,0,0,0,0,0,0,0,0,0,,,,,,,,
1965,Internal,243,816,96681,45,30.2,10.2,0,0,0,0,0,27,0,0,0,0,0,0,0,0,0,0,0,0,0,0,0,0,0,0,0,0,0,0,0,0,0,,,,,,,,
1966,Internal,175,505,96681,45,30.2,10.2,0,2,0,0,0,27,0,0,0,0,0,0,0,0,0,0,0,0,0,0,0,0,0,0,0,0,0,0,0,0,0,,,,,,,,
1967,Internal,4,12,96681,45,30.2,10.2,4,14,81,5,183,20,0,0,0,0,0,0,0,0,0,0,0,0,0,0,0,0,0,0,0,0,0,0,0,0,0,,,,,,,,
1968,Internal,180,406,96681,45,30.2,10.2,0,0,0,33,0,4,0,0,0,0,0,0,0,0,0,0,0,0,0,0,0,0,0,0,0,0,0,0,0,0,0,,,,,,,,
1969,Internal,25,65,96681,45,30.2,10.2,0,110,70,0,0,28,0,0,0,0,0,0,0,0,0,0,0,0,850,0,0,0,0,0,0,0,0,0,0,0,0,,,,,,,,
1970,Internal,31,104,66875,45,28.7,6.4,0,0,0,0,0,24,0,0,0,0,0,0,0,0,0,0,0,0,0,0,0,0,0,0,0,0,0,0,0,0,0,,,,,,,,
1971,Internal,132,378,78750,45,24.8,12.7,0,1,10,0,1,24,0,0,0,0,0,0,0,0,0,0,0,0,0,0,0,0,0,0,0,0,0,0,0,0,0,,,,,,,,
1972,Internal,387,1188,78750,45,24.8,12.7,12,14,23,0,14,39,0,0,0,0,0,0,0,0,0,0,0,0,0,0,0,0,0,0,0,0,0,0,0,0,0,,,,,,,,
1973,Internal,214,592,78750,45,24.8,12.7,4,19,0,0,0,24,0,0,0,0,0,0,0,0,0,0,0,0,0,0,0,0,0,0,0,0,0,0,0,0,0,,,,,,,,
1974,Internal,123,365,58420,45,27.9,15.3,4,60,4,0,0,27,0,0,0,0,0,0,0,0,0,0,0,0,0,0,0,0,0,0,0,0,0,0,0,0,0,,,,,,,,
1975,Internal,401,1105,66875,45,28.7,6.4,18,20,8,0,0,24,0,0,0,0,0,0,0,0,0,0,0,0,0,0,0,0,0,0,0,0,0,0,0,0,0,,,,,,,,
1976,Internal,296,901,58420,45,27.9,15.3,33,24,35,0,3,11,0,0,0,0,0,0,0,0,0,0,0,0,0,0,0,0,0,0,0,0,0,0,0,0,0,,,,,,,,
1977,Internal,190,472,58420,45,27.9,15.3,9,21,10,0,6,27,0,0,0,0,0,0,0,0,0,0,0,0,0,0,0,0,0,0,0,0,0,0,0,0,0,,,,,,,,
1978,Internal,174,556,66875,45,28.7,6.4,0,4,4,0,0,24,0,0,0,0,0,0,0,0,0,0,0,0,0,0,0,0,0,0,0,0,0,0,0,0,0,,,,,,,,
1979,Internal,93,301,66875,45,28.7,6.4,4,3,3,0,0,24,0,0,0,0,0,0,0,0,0,0,0,0,0,0,0,0,0,0,0,0,0,0,0,0,0,,,,,,,,
1980,Internal,274,765,58420,45,27.9,15.3,2,15,1,0,2,27,0,0,0,0,0,0,0,0,0,0,0,0,0,0,0,0,0,0,0,0,0,0,0,0,0,,,,,,,,
1981,Internal,95,292,66875,45,28.7,6.4,17,0,0,0,6,6,0,0,0,0,0,0,0,0,0,0,0,0,0,0,0,0,0,0,0,0,0,0,0,0,0,,,,,,,,
1982,Internal,62,147,66875,45,28.7,6.4,21,0,0,0,0,24,0,0,0,0,0,0,0,0,0,0,0,0,0,0,0,0,0,0,0,0,0,0,0,0,0,,,,,,,,
1983,Internal,130,355,78750,45,24.8,12.7,1,11,2,0,0,24,0,0,0,0,0,0,0,0,0,0,0,0,0,0,0,0,0,0,0,0,0,0,0,0,0,,,,,,,,
1984,Internal,105,271,66875,45,28.7,6.4,4,6,0,0,11,24,0,0,0,0,0,0,0,0,0,0,0,0,0,0,0,0,0,0,0,0,0,0,0,0,0,,,,,,,,
1985,Internal,13,51,58420,45,27.9,15.3,0,70,7,0,0,52,0,0,0,0,0,0,0,0,0,0,0,0,860,0,0,0,0,0,0,0,0,0,0,0,0,,,,,,,,
1986,Internal,30,108,112458,46,27.8,11.2,300,3,16,3,2,84,0,0,0,0,0,0,0,0,0,0,0,0,0,0,0,0,0,0,0,0,0,0,0,0,0,,,,,,,,
1987,Internal,0,0,112458,46,27.8,11.2,300,0,0,0,0,67,0,0,0,0,0,0,0,0,0,0,0,0,0,0,0,0,0,0,0,0,0,0,0,0,0,,,,,,,,
1988,Internal,231,869,112458,46,27.8,11.2,11,0,0,0,42,67,0,0,0,0,0,0,0,0,0,0,0,0,0,0,0,0,0,0,0,0,0,0,0,0,0,,,,,,,,
1989,Internal,94,268,112458,46,27.8,11.2,20,8,7,0,3,68,0,0,0,0,0,0,0,0,0,0,0,0,0,0,0,0,0,0,0,0,0,0,0,0,0,,,,,,,,
1990,Internal,19,61,112458,46,27.8,11.2,5,7,14,0,0,71,0,0,0,0,0,0,0,0,0,0,0,0,0,0,0,0,0,0,0,0,0,0,0,0,0,,,,,,,,
1991,Internal,296,919,112458,46,27.8,11.2,9,7,8,0,2,25,0,0,0,0,0,0,0,0,0,0,0,0,0,0,0,0,0,0,0,0,0,0,0,0,0,,,,,,,,
1992,Internal,235,696,112458,46,27.8,11.2,4,22,7,4,3,67,0,0,0,0,0,0,0,0,0,0,0,0,0,0,0,0,0,0,0,0,0,0,0,0,0,,,,,,,,
1993,Internal,38,137,90436,46,31.5,7.5,0,4,4,0,0,23,0,0,0,0,0,0,0,0,0,0,0,0,578,0,0,0,0,0,0,0,0,0,0,0,0,,,,,,,,
1994,Internal,395,1272,112458,46,27.8,11.2,6,3,3,0,3,67,0,0,0,0,0,0,0,0,0,0,0,0,0,0,0,0,0,0,0,0,0,0,0,0,0,,,,,,,,
1995,Internal,147,481,90436,46,31.5,7.5,0,0,10,0,3,23,0,0,0,0,0,0,0,0,0,0,0,0,0,0,0,0,0,0,0,0,0,0,0,0,0,,,,,,,,
1996,Internal,210,707,90436,46,31.5,7.5,1,5,47,0,0,23,0,0,0,0,0,0,0,0,0,0,0,0,0,0,0,0,0,0,0,0,0,0,0,0,0,,,,,,,,
1997,Internal,298,709,64560,44,24.9,13.5,9,28,168,122,55,52,0,0,0,0,0,0,0,0,0,0,0,0,0,0,0,0,0,0,0,0,0,0,0,0,0,,,,,,,,
1998,Internal,1766,6064,118772,46,35.4,5.0,17,58,62,0,3,33,0,0,0,0,0,0,0,0,0,0,0,0,0,0,0,0,0,0,0,0,0,0,0,0,0,,,,,,,,
1999,Internal,207,676,118772,46,35.4,5.0,614,494,78,27,91,65,0,0,0,0,0,0,0,0,0,0,0,0,0,0,0,0,0,0,0,0,0,0,0,0,0,,,,,,,,
2000,Internal,25,98,118772,46,35.4,5.0,2,0,10,0,0,67,0,0,0,0,0,0,0,0,0,0,0,0,0,0,0,0,0,0,0,0,0,0,0,0,0,,,,,,,,
2001,Internal,247,668,64560,44,24.9,13.5,5,0,4,0,2,19,0,0,0,0,0,0,0,0,0,0,0,0,0,0,0,0,0,0,0,0,0,0,0,0,0,,,,,,,,
2002,Internal,1311,4107,118772,46,35.4,5.0,8,11,117,0,0,49,0,0,0,0,0,0,0,0,0,0,0,0,1243,0,0,0,0,0,0,0,0,0,0,0,0,,,,,,,,
2003,Internal,309,799,78472,44,34.7,5.4,1,0,1,4,0,38,0,0,0,0,0,0,0,0,0,0,0,0,0,0,0,0,0,0,0,0,0,0,0,0,0,,,,,,,,
2004,Internal,12,95,64560,44,24.9,13.5,7,33,162,5,45,57,0,0,0,0,0,0,0,0,0,0,0,0,0,0,0,0,0,0,0,0,0,0,0,0,0,,,,,,,,
2005,Internal,186,521,90436,46,31.5,7.5,0,4,0,0,0,23,0,0,0,0,0,0,0,0,0,0,0,0,0,0,0,0,0,0,0,0,0,0,0,0,0,,,,,,,,
2006,Internal,153,419,90436,46,31.5,7.5,0,0,0,0,0,23,0,0,0,0,0,0,0,0,0,0,0,0,0,0,0,0,0,0,0,0,0,0,0,0,0,,,,,,,,
2007,Internal,265,1031,90436,46,31.5,7.5,5,0,0,0,85,23,0,0,0,0,0,0,0,0,0,0,0,0,0,0,0,0,0,0,0,0,0,0,0,0,0,,,,,,,,
2008,Internal,282,976,101164,46,29.3,10.0,3,0,0,11,0,48,0,0,0,0,0,0,0,0,0,0,0,0,0,0,0,0,0,0,0,0,0,0,0,0,0,,,,,,,,
2009,Internal,166,479,101164,46,29.3,10.0,65,0,0,11,0,48,0,0,0,0,0,0,0,0,0,0,0,0,0,0,0,0,0,0,0,0,0,0,0,0,0,,,,,,,,
2010,Internal,147,423,101164,46,29.3,10.0,0,0,0,0,0,48,0,0,0,0,0,0,0,0,0,0,0,0,278,0,0,0,0,0,0,0,0,0,0,0,0,,,,,,,,
2011,Internal,404,1088,90436,46,31.5,7.5,0,2,25,0,0,10,0,0,0,0,0,0,0,0,0,0,0,0,0,0,0,0,0,0,0,0,0,0,0,0,0,,,,,,,,
2012,Internal,278,682,90436,46,31.5,7.5,0,0,3,0,0,23,0,0,0,0,0,0,0,0,0,0,0,0,0,0,0,0,0,0,0,0,0,0,0,0,0,,,,,,,,
2013,Internal,200,747,101164,46,29.3,10.0,0,0,0,0,0,48,0,0,0,0,0,0,0,0,0,0,0,0,0,0,0,0,0,0,0,0,0,0,0,0,0,,,,,,,,
2014,Internal,145,554,90436,46,31.5,7.5,15,0,34,11,0,51,0,0,0,0,0,0,0,0,0,0,0,0,727,0,0,0,0,0,0,0,0,0,0,0,0,,,,,,,,
2015,Internal,377,902,64560,44,24.9,13.5,6,3,57,0,7,35,0,0,0,0,0,0,0,0,0,0,0,0,0,0,0,0,0,0,0,0,0,0,0,0,0,,,,,,,,
2016,Internal,244,692,78472,44,34.7,5.4,5,3,72,31,0,38,0,0,0,0,0,0,0,0,0,0,0,0,0,0,0,0,0,0,0,0,0,0,0,0,0,,,,,,,,
2017,Internal,287,748,78472,44,34.7,5.4,2,0,4,0,0,38,0,0,0,0,0,0,0,0,0,0,0,0,0,0,0,0,0,0,0,0,0,0,0,0,0,,,,,,,,
2018,Internal,923,2415,101164,46,29.3,10.0,9,7,13,0,0,47,0,0,0,0,0,0,0,0,0,0,0,0,0,0,0,0,0,0,0,0,0,0,0,0,0,,,,,,,,
2019,Internal,25,67,64560,44,24.9,13.5,0,2,25,0,0,38,0,0,0,0,0,0,0,0,0,0,0,0,0,0,0,0,0,0,0,0,0,0,0,0,0,,,,,,,,
2020,Internal,85,173,64560,44,24.9,13.5,0,2,158,9,227,9,0,0,0,0,0,0,0,0,0,0,0,0,0,0,0,0,0,0,0,0,0,0,0,0,0,,,,,,,,
2021,Internal,106,353,131071,44,32.8,11.4,4,5,67,15,0,35,0,0,0,0,0,0,0,0,0,0,0,0,0,0,0,0,0,0,0,0,0,0,0,0,0,,,,,,,,
2022,Internal,394,1224,131071,44,32.8,11.4,10,4,68,0,3,29,0,0,0,0,0,0,0,0,0,0,0,0,0,0,0,0,0,0,0,0,0,0,0,0,0,,,,,,,,
2023,Internal,398,1092,135536,44,23.3,15.3,25,21,9,0,5,39,0,0,0,0,0,0,0,0,0,0,0,0,0,0,0,0,0,0,0,0,0,0,0,0,0,,,,,,,,
2024,Internal,196,619,131071,44,32.8,11.4,6,93,7,0,13,26,0,0,0,0,0,0,0,0,0,0,0,0,0,0,0,0,0,0,0,0,0,0,0,0,0,,,,,,,,
2025,Internal,215,631,135536,44,23.3,15.3,2,16,22,2,4,26,0,0,0,0,0,0,0,0,0,0,0,0,0,0,0,0,0,0,0,0,0,0,0,0,0,,,,,,,,
2026,Internal,334,1105,85809,45,31.9,8.3,2,8,25,3,0,64,0,0,0,0,0,0,0,0,0,0,0,0,0,0,0,0,0,0,0,0,0,0,0,0,0,,,,,,,,
2027,Internal,643,2211,85809,45,31.9,8.3,20,1,28,14,14,14,0,0,0,0,0,0,0,0,0,0,0,0,0,0,0,0,0,0,0,0,0,0,0,0,0,,,,,,,,
2028,Internal,555,1515,85809,45,31.9,8.3,39,5,28,0,8,52,0,0,0,0,0,0,0,0,0,0,0,0,0,0,0,0,0,0,0,0,0,0,0,0,0,,,,,,,,
2029,Internal,625,1927,126629,45,38.7,6.3,29,117,103,120,35,59,0,0,0,0,0,0,0,0,0,0,0,0,0,0,0,0,0,0,0,0,0,0,0,0,0,,,,,,,,
2030,Internal,320,1014,126629,45,38.7,6.3,5,3,62,0,3,24,0,0,0,0,0,0,0,0,0,0,0,0,0,0,0,0,0,0,0,0,0,0,0,0,0,,,,,,,,
2031,Internal,134,389,126629,45,38.7,6.3,0,2,92,2,46,57,0,0,0,0,0,0,0,0,0,0,0,0,0,0,0,0,0,0,0,0,0,0,0,0,0,,,,,,,,
2032,Internal,180,473,126629,45,38.7,6.3,0,110,0,0,3,46,0,0,0,0,0,0,0,0,0,0,0,0,822,0,0,0,0,0,0,0,0,0,0,0,0,,,,,,,,
2033,Internal,446,1323,85809,45,31.9,8.3,3,30,72,20,45,28,0,0,0,0,0,0,0,0,0,0,0,0,0,0,0,0,0,0,0,0,0,0,0,0,0,,,,,,,,
2034,Internal,53,180,131071,44,32.8,11.4,0,110,0,0,0,43,0,0,0,0,0,0,0,0,0,0,0,0,1918,0,0,0,0,0,0,0,0,0,0,0,0,,,,,,,,
2035,Internal,31,111,109813,47,28.6,11.2,0,3,0,0,15,21,0,0,0,0,0,0,0,0,0,0,0,0,0,0,0,0,0,0,0,0,0,0,0,0,0,,,,,,,,
2036,Internal,329,1050,135431,48,28.2,9.1,12,7,91,13,214,24,0,0,0,0,0,0,0,0,0,0,0,0,0,0,0,0,0,0,0,0,0,0,0,0,0,,,,,,,,
2037,Internal,110,267,135536,44,23.3,15.3,0,0,0,18,30,35,0,0,0,0,0,0,0,0,0,0,0,0,0,0,0,0,0,0,0,0,0,0,0,0,0,,,,,,,,
2038,Internal,468,1710,118780,48,31.0,7.0,0,5,16,23,0,70,0,0,0,0,0,0,0,0,0,0,0,0,0,0,0,0,0,0,0,0,0,0,0,0,0,,,,,,,,
2039,Internal,411,1358,118780,48,31.0,7.0,6,97,121,18,0,57,0,0,0,0,0,0,0,0,0,0,0,0,2012,0,0,0,0,0,0,0,0,0,0,0,0,,,,,,,,
2040,Internal,436,1307,118780,48,31.0,7.0,94,7,42,19,4,32,0,0,0,0,4,0,0,0,0,0,0,0,0,0,0,0,0,0,0,0,0,0,0,0,0,,,,,,,,
2041,Internal,753,2314,118780,48,31.0,7.0,8,7,19,0,20,43,0,0,0,0,0,0,0,0,0,0,0,0,0,0,0,0,0,0,0,0,0,0,0,0,0,,,,,,,,
2042,Internal,225,666,118780,48,31.0,7.0,1,10,2,0,0,40,0,0,0,0,0,0,0,0,0,0,0,0,0,0,0,0,0,0,0,0,0,0,0,0,0,,,,,,,,
2043,Internal,487,1541,135431,48,28.2,9.1,143,51,35,100,141,17,0,0,0,0,16,0,0,0,0,0,0,0,0,0,0,0,0,0,0,0,0,0,0,0,0,,,,,,,,
2044,Internal,223,729,135431,48,28.2,9.1,3,4,3,4,7,40,0,0,0,0,0,0,0,0,0,0,0,0,0,0,0,0,0,0,0,0,0,0,0,0,0,,,,,,,,
2045,Internal,50,142,135431,48,28.2,9.1,0,6,1,0,0,40,0,0,0,0,0,0,0,0,0,0,0,0,0,0,0,0,0,0,0,0,0,0,0,0,0,,,,,,,,
2046,Internal,228,770,118780,48,31.0,7.0,4,2,38,0,6,19,0,0,0,0,0,0,0,0,0,0,0,0,125,0,0,0,0,0,0,0,0,0,0,0,0,,,,,,,,
2047,Internal,58,155,135431,48,28.2,9.1,1,10,0,0,12,40,0,0,0,0,0,0,0,0,0,0,0,0,0,0,0,0,0,0,0,0,0,0,0,0,0,,,,,,,,
2048,Internal,52,161,135431,48,28.2,9.1,0,0,306,36,0,55,0,0,0,0,0,0,0,0,0,0,0,0,2851,0,0,0,0,0,0,0,0,0,0,0,0,,,,,,,,
2049,Internal,557,1585,135431,48,28.2,9.1,17,21,44,13,4,65,0,0,0,0,0,0,0,0,0,0,0,0,0,0,0,0,0,0,0,0,0,0,0,0,0,,,,,,,,
2050,Internal,657,2184,140714,49,34.5,4.5,0,147,91,19,3,25,0,0,0,0,0,0,0,0,0,0,0,0,2251,0,0,0,0,0,0,0,0,0,0,0,0,,,,,,,,
2051,Internal,97,353,126011,52,29.0,5.0,0,0,1,2,0,25,0,0,0,0,0,0,0,0,0,0,0,0,0,0,0,0,0,0,0,0,0,0,0,0,0,,,,,,,,
2052,Internal,379,1303,126011,52,29.0,5.0,5,6,3,0,0,35,0,0,0,0,0,0,0,0,0,0,0,0,0,0,0,0,0,0,0,0,0,0,0,0,0,,,,,,,,
2053,Internal,277,800,126011,52,29.0,5.0,4,0,4,0,3,34,0,0,0,0,0,0,0,0,0,0,0,0,0,0,0,0,0,0,0,0,0,0,0,0,0,,,,,,,,
2054,Internal,7,49,126011,52,29.0,5.0,0,220,5,0,49,44,0,0,0,0,0,0,0,0,0,0,0,0,1725,0,0,0,0,0,0,0,0,0,0,0,0,,,,,,,,
2055,Internal,477,1526,149000,49,30.9,5.4,0,8,69,0,171,33,0,0,0,0,0,0,0,0,0,0,0,0,0,0,0,0,0,0,0,0,0,0,0,0,0,,,,,,,,
2056,Internal,188,562,140714,49,34.5,4.5,9,2,5,0,0,31,0,0,0,0,0,0,0,0,0,0,0,0,0,0,0,0,0,0,0,0,0,0,0,0,0,,,,,,,,
2057,Internal,510,1603,132386,52,29.6,7.3,10,36,24,0,6,28,0,0,0,0,0,0,0,0,0,0,0,0,0,0,0,0,0,0,0,0,0,0,0,0,0,,,,,,,,
2058,Internal,536,1510,145781,52,26.6,5.5,13,23,21,7,49,44,0,0,0,0,0,0,0,0,0,0,0,0,0,0,0,0,0,0,0,0,0,0,0,0,0,,,,,,,,
2059,Internal,262,804,145781,52,26.6,5.5,2,5,21,38,0,31,0,0,0,0,0,0,0,0,0,0,0,0,0,0,0,0,0,0,0,0,0,0,0,0,0,,,,,,,,
2060,Internal,128,385,132386,52,29.6,7.3,1,0,0,0,0,35,0,0,0,0,0,0,0,0,0,0,0,0,0,0,0,0,0,0,0,0,0,0,0,0,0,,,,,,,,
2061,Internal,29,99,73500,48,21.5,17.2,354,12,2,0,0,48,0,0,0,0,0,0,0,0,0,0,0,0,0,0,0,0,0,0,0,0,0,0,0,0,0,,,,,,,,
2062,Internal,341,936,128636,48,35.8,6.0,0,3,14,7,2,48,0,0,0,0,0,0,0,0,0,0,0,0,0,0,0,0,0,0,0,0,0,0,0,0,0,,,,,,,,
2063,Internal,896,2998,128636,48,35.8,6.0,65,29,26,0,0,74,0,0,0,0,0,0,0,0,0,0,0,0,0,0,0,0,0,0,0,0,0,0,0,0,0,,,,,,,,
2064,Internal,1362,4007,145795,47,33.6,6.9,2,20,54,17,7,32,0,0,0,0,0,0,0,0,0,0,0,0,0,0,0,0,0,0,0,0,0,0,0,0,0,,,,,,,,
2065,Internal,427,1623,128636,48,35.8,6.0,18,15,21,0,25,23,0,0,0,0,0,0,0,0,0,0,0,0,0,0,0,0,0,0,0,0,0,0,0,0,0,,,,,,,,
2066,Internal,399,1360,128636,48,35.8,6.0,27,12,4,0,0,48,0,0,0,0,0,0,0,0,0,0,0,0,0,0,0,0,0,0,0,0,0,0,0,0,0,,,,,,,,
2067,Internal,309,863,128636,48,35.8,6.0,4,2,21,24,0,65,0,0,0,0,0,0,0,0,0,0,0,0,0,0,0,0,0,0,0,0,0,0,0,0,0,,,,,,,,
2068,Internal,613,1689,145795,47,33.6,6.9,85,34,64,3,9,34,0,0,0,0,0,0,0,0,0,0,0,0,0,0,0,0,0,0,0,0,0,0,0,0,0,,,,,,,,
2069,Internal,283,846,73500,48,21.5,17.2,14,167,9,7,0,46,0,0,0,0,0,0,0,0,0,0,0,0,3249,0,0,0,0,0,0,0,0,0,0,0,0,,,,,,,,
2070,Internal,47,115,73500,48,21.5,17.2,10,3,0,2,0,48,0,0,0,0,0,0,0,0,0,0,0,0,0,0,0,0,0,0,0,0,0,0,0,0,0,,,,,,,,
2071,Internal,50,110,73500,48,21.5,17.2,16,0,2,0,6,48,0,0,0,0,0,0,0,0,0,0,0,0,0,0,0,0,0,0,0,0,0,0,0,0,0,,,,,,,,
2072,Internal,92,237,73500,48,21.5,17.2,2,17,0,0,0,48,0,0,0,0,0,0,0,0,0,0,0,0,0,0,0,0,0,0,0,0,0,0,0,0,0,,,,,,,,
2073,Internal,139,378,73500,48,21.5,17.2,3,0,71,6,0,43,0,0,0,0,0,0,0,0,0,0,0,0,0,0,0,0,0,0,0,0,0,0,0,0,0,,,,,,,,
2074,Internal,373,1201,73500,48,21.5,17.2,56,7,18,2,3,48,0,0,0,0,0,0,0,0,0,0,0,0,0,0,0,0,0,0,0,0,0,0,0,0,0,,,,,,,,
2075,Internal,442,1509,73500,48,21.5,17.2,45,39,43,9,10,48,0,0,0,0,0,0,0,0,0,0,0,0,0,0,0,0,0,0,0,0,0,0,0,0,0,,,,,,,,
2076,Internal,234,775,128636,48,35.8,6.0,0,0,1,0,0,48,0,0,0,0,0,0,0,0,0,0,0,0,0,0,0,0,0,0,0,0,0,0,0,0,0,,,,,,,,
2077,Internal,3,60,115061,49,36.1,2.7,3,0,0,0,0,60,0,0,0,0,0,0,0,0,0,0,0,0,0,0,0,0,0,0,0,0,0,0,0,0,0,,,,,,,,
2078,Internal,82,191,115061,49,36.1,2.7,0,0,10,0,2,60,0,0,0,0,0,0,0,0,0,0,0,0,0,0,0,0,0,0,0,0,0,0,0,0,0,,,,,,,,
2079,Internal,0,0,115061,49,36.1,2.7,0,130,0,0,0,45,0,0,0,0,0,0,0,0,0,0,0,0,984,0,0,0,0,0,0,0,0,0,0,0,0,,,,,,,,
2080,Internal,129,387,127240,46,29.3,8.7,0,5,47,9,219,0,0,0,0,0,0,0,0,0,0,0,0,0,0,0,0,0,0,0,0,0,0,0,0,0,0,,,,,,,,
2081,Internal,260,882,151339,48,33.8,7.9,7,6,12,0,9,39,0,0,0,0,0,0,0,0,0,0,0,0,0,0,0,0,0,0,0,0,0,0,0,0,0,,,,,,,,
2082,Internal,932,2822,151339,48,33.8,7.9,30,3,27,0,0,61,0,0,0,0,0,0,0,0,0,0,0,0,0,0,0,0,0,0,0,0,0,0,0,0,0,,,,,,,,
2083,Internal,435,1556,164323,47,35.3,4.4,7,11,25,2,5,17,0,0,0,0,0,0,0,0,0,0,0,0,0,0,0,0,0,0,0,0,0,0,0,0,0,,,,,,,,
2084,Internal,359,1019,76750,47,36.3,9.6,5,5,0,15,0,32,0,0,0,0,0,0,0,0,0,0,0,0,0,0,0,0,0,0,0,0,0,0,0,0,0,,,,,,,,
2085,Internal,331,1058,76750,47,36.3,9.6,0,30,16,2,50,32,0,0,0,0,0,0,0,0,0,0,0,0,0,0,0,0,0,0,0,0,0,0,0,0,0,,,,,,,,
2086,Internal,238,415,76750,47,36.3,9.6,129,111,2,0,7,32,0,0,0,0,0,0,0,0,0,0,0,0,0,0,0,0,0,0,0,0,0,0,0,0,0,,,,,,,,
2087,Internal,1038,2862,164323,47,35.3,4.4,4,66,128,6,180,27,0,0,0,0,0,0,0,0,0,0,0,0,2642,0,0,0,0,0,0,0,0,0,0,0,0,,,,,,,,
2088,Internal,85,236,164323,47,35.3,4.4,1,4,0,0,0,37,0,0,0,0,0,0,0,0,0,0,0,0,636,0,0,0,0,0,0,0,0,0,0,0,0,,,,,,,,
2089,Internal,73,159,76750,47,36.3,9.6,3,14,7,25,0,32,0,0,0,0,0,0,0,0,0,0,0,0,0,0,0,0,0,0,0,0,0,0,0,0,0,,,,,,,,
2090,Internal,95,365,76750,47,36.3,9.6,1,12,2,0,3,32,0,0,0,0,0,0,0,0,0,0,0,0,0,0,0,0,0,0,0,0,0,0,0,0,0,,,,,,,,
2091,Internal,373,1404,151339,48,33.8,7.9,4,3,14,0,0,50,0,0,0,0,0,0,0,0,0,0,0,0,0,0,0,0,0,0,0,0,0,0,0,0,0,,,,,,,,
2092,Internal,478,1579,151339,48,33.8,7.9,5,10,13,0,2,40,0,0,0,0,0,0,0,0,0,0,0,0,0,0,0,0,0,0,0,0,0,0,0,0,0,,,,,,,,
2093,Internal,142,519,164323,47,35.3,4.4,0,0,4,0,0,25,0,0,0,0,0,0,0,0,0,0,0,0,0,0,0,0,0,0,0,0,0,0,0,0,0,,,,,,,,
2094,Internal,195,889,155789,47,36.2,6.0,0,0,42,0,0,45,0,0,0,0,0,0,0,0,0,0,0,0,0,0,0,0,0,0,0,0,0,0,0,0,0,,,,,,,,
2095,Internal,1039,3788,164323,47,35.3,4.4,23,16,30,3,0,52,0,0,0,0,0,0,0,0,0,0,0,0,0,0,0,0,0,0,0,0,0,0,0,0,0,,,,,,,,
2096,Internal,1555,4752,155789,47,36.2,6.0,8,69,175,5,13,57,0,0,0,0,0,0,0,0,0,0,0,0,982,0,0,0,0,0,0,0,0,0,0,0,0,,,,,,,,
2097,Internal,901,1763,137214,50,36.7,5.2,0,181,22,5,218,41,0,0,0,0,0,0,0,0,0,0,0,0,2782,0,0,0,0,0,0,0,0,0,0,0,0,,,,,,,,
2098,Internal,593,1312,82715,56,19.3,8.4,63,37,55,4,8,49,0,0,0,0,0,0,0,0,0,0,0,0,494,0,0,0,0,0,0,0,0,0,0,0,0,,,,,,,,
2099,Internal,162,391,82715,56,19.3,8.4,47,70,82,35,61,51,0,0,0,0,0,0,0,0,0,0,0,0,9,0,0,0,0,0,0,0,0,0,0,0,0,,,,,,,,
2100,Internal,9,37,127344,47,31.5,9.8,0,0,0,0,0,32,0,0,0,0,0,0,0,0,0,0,0,0,0,0,0,0,0,0,0,0,0,0,0,0,0,,,,,,,,
2101,Internal,147,434,127344,47,31.5,9.8,24,47,118,32,210,27,0,0,0,0,0,0,0,0,0,0,0,0,0,0,0,0,0,0,0,0,0,0,0,0,0,,,,,,,,
2102,Internal,115,299,82715,56,19.3,8.4,17,45,13,22,0,27,0,0,0,0,0,0,0,0,0,0,0,0,0,0,0,0,0,0,0,0,0,0,0,0,0,,,,,,,,
2103,Internal,345,954,115898,56,31.5,9.2,29,71,374,3,148,40,0,0,0,0,0,0,0,0,0,0,0,0,685,0,0,0,0,0,0,0,0,0,0,0,0,,,,,,,,
2104,Internal,417,1535,127344,47,31.5,9.8,23,100,11,4,0,47,0,0,0,0,0,0,0,0,0,0,0,0,765,0,0,0,0,0,0,0,0,0,0,0,0,,,,,,,,
2105,Internal,526,1143,82715,56,19.3,8.4,3,23,60,0,101,23,0,0,0,0,0,0,0,0,0,0,0,0,0,0,0,0,0,0,0,0,0,0,0,0,0,,,,,,,,
2106,Internal,284,770,127240,46,29.3,8.7,32,8,812,46,1854,11,0,0,0,0,0,0,0,0,0,0,0,0,0,0,0,1,0,0,0,0,0,0,0,0,0,,,,,,,,
2107,Internal,301,1001,127240,46,29.3,8.7,2,2,15,2,1,13,0,0,0,0,0,0,0,0,0,0,0,0,0,0,0,0,0,0,0,0,0,0,0,0,0,,,,,,,,
2108,Internal,463,1580,100345,49,33.8,9.0,0,14,8,19,14,44,0,0,0,0,0,0,0,0,0,0,0,0,0,0,0,0,0,0,0,0,0,0,0,0,0,,,,,,,,
2109,Internal,6,13,127240,46,29.3,8.7,0,0,0,1,0,13,0,0,0,0,0,0,0,0,0,0,0,0,0,0,0,0,0,0,0,0,0,0,0,0,0,,,,,,,,
2110,Internal,920,2606,127240,46,29.3,8.7,36,17,59,114,280,19,0,0,0,0,0,0,0,0,0,0,0,0,0,0,0,0,0,0,0,0,0,0,0,0,0,,,,,,,,
2111,Internal,462,1367,100345,49,33.8,9.0,3,92,5,0,3,78,0,0,0,0,0,0,0,0,0,0,0,0,521,0,0,0,0,0,0,0,0,0,0,0,0,,,,,,,,
2112,Internal,54,139,127240,46,29.3,8.7,2,2,28,0,0,13,0,0,0,0,0,0,0,0,0,0,0,0,0,0,0,0,0,0,0,0,0,0,0,0,0,,,,,,,,
2113,Internal,634,1804,115061,49,36.1,2.7,4,6,19,0,0,44,0,0,0,0,0,0,0,0,0,0,0,0,0,0,0,0,0,0,0,0,0,0,0,0,0,,,,,,,,
2114,Internal,841,2441,115061,49,36.1,2.7,5,10,44,0,24,51,0,0,0,0,0,0,0,0,0,0,0,0,0,0,0,0,0,0,0,0,0,0,0,0,0,,,,,,,,
2115,Internal,656,2302,127344,47,31.5,9.8,5,0,0,0,0,32,0,0,0,0,0,0,0,0,0,0,0,0,0,0,0,0,0,0,0,0,0,0,0,0,0,,,,,,,,
2116,Internal,69,203,127344,47,31.5,9.8,15,0,12,15,23,32,0,0,0,0,0,0,0,0,0,0,0,0,0,0,0,0,0,0,0,0,0,0,0,0,0,,,,,,,,
2117,Internal,125,397,115898,56,31.5,9.2,17,2,64,7,292,16,0,0,0,0,0,0,0,0,0,0,0,0,0,0,0,0,0,0,0,0,0,0,0,0,0,,,,,,,,
2118,Internal,229,706,115898,56,31.5,9.2,1,41,4,0,0,36,0,0,0,0,0,0,0,0,0,0,0,0,444,0,0,0,0,0,0,0,0,0,0,0,0,,,,,,,,
2119,Internal,540,1508,100345,49,33.8,9.0,23,31,154,2,0,56,0,0,0,0,0,0,0,0,0,0,0,0,0,0,0,0,0,0,0,0,0,0,0,0,0,,,,,,,,
2120,Internal,178,403,100345,49,33.8,9.0,0,2,62,55,45,16,0,0,0,0,0,0,0,0,0,0,0,0,0,0,0,0,0,0,0,0,0,0,0,0,0,,,,,,,,
2121,Internal,24,54,115898,56,31.5,9.2,0,100,0,0,0,50,0,0,0,0,0,0,0,0,0,0,0,0,646,0,0,0,0,0,0,0,0,0,0,0,0,,,,,,,,
2122,Internal,409,1145,115898,56,31.5,9.2,0,124,226,1,79,29,0,0,0,0,0,0,0,0,0,0,0,0,0,0,0,0,0,0,0,0,0,0,0,0,0,,,,,,,,
2123,Internal,106,278,115898,56,31.5,9.2,47,19,109,40,11,53,0,0,0,0,0,0,0,0,0,0,0,0,0,0,0,0,0,0,0,0,0,0,0,0,0,,,,,,,,
2124,Internal,126,285,87446,56,38.1,13.1,139,39,148,27,23,45,0,0,0,0,0,0,0,0,0,0,0,0,0,0,0,0,0,0,0,0,0,0,0,0,0,,,,,,,,
2125,Internal,167,422,87446,56,38.1,13.1,49,133,253,9,257,28,0,0,0,0,0,0,0,0,0,0,0,0,0,0,0,0,0,0,0,0,0,0,0,0,0,,,,,,,,
2126,Internal,182,416,70268,52,21.7,7.6,2,10,24,0,14,12,0,0,0,0,0,0,0,0,0,0,0,0,0,0,0,0,0,0,0,0,0,0,0,0,0,,,,,,,,
2127,Internal,222,580,70268,52,21.7,7.6,0,0,43,43,123,47,0,0,0,0,0,0,0,0,0,0,0,0,0,0,0,0,0,0,0,0,0,0,0,0,0,,,,,,,,
2128,Internal,288,549,79453,49,23.4,14.3,192,48,403,3,122,42,0,0,0,0,0,0,0,0,0,0,0,0,0,0,0,0,0,0,0,0,0,0,0,0,0,,,,,,,,
2129,Internal,617,1489,79453,49,23.4,14.3,237,7,91,0,91,35,0,0,0,0,0,0,0,0,0,0,0,0,0,0,0,0,0,0,0,0,0,0,0,0,0,,,,,,,,
2130,Internal,137,403,79453,49,23.4,14.3,0,87,0,0,0,52,0,0,0,0,0,0,0,0,0,0,0,0,632,0,0,0,0,0,0,0,0,0,0,0,0,,,,,,,,
2131,Internal,332,963,94474,52,26.1,8.2,13,26,64,25,197,12,0,0,0,0,0,0,0,0,0,0,0,0,0,0,0,0,0,0,0,0,0,0,0,0,0,,,,,,,,
2132,Internal,116,390,94474,52,26.1,8.2,0,2,20,0,7,36,0,0,0,0,0,0,0,0,0,0,0,0,0,0,0,0,0,0,0,0,0,0,0,0,0,,,,,,,,
2133,Internal,368,692,79453,49,23.4,14.3,96,42,388,19,227,24,0,0,0,0,0,0,0,0,0,0,0,0,0,0,0,0,0,0,0,0,0,0,0,0,0,,,,,,,,
2134,Internal,53,188,115061,49,36.1,2.7,0,60,2,0,2,60,0,0,0,0,0,0,0,0,0,0,0,0,865,0,0,0,0,0,0,0,0,0,0,0,0,,,,,,,,
2135,Internal,350,1245,79453,49,23.4,14.3,2,0,45,0,1,41,0,0,0,0,0,0,0,0,0,0,0,0,0,0,0,0,0,0,0,0,0,0,0,0,0,,,,,,,,
2136,Internal,1,2,94474,52,26.1,8.2,38,502,58,0,3,66,0,0,0,0,0,0,0,0,0,0,0,0,0,0,0,0,0,0,0,0,0,0,0,0,0,,,,,,,,
2137,Internal,499,1252,94474,52,26.1,8.2,12,0,191,0,805,10,0,0,0,0,0,0,0,0,0,0,0,0,0,0,0,0,0,0,0,0,0,0,0,0,0,,,,,,,,
2138,Internal,1,1,94474,52,26.1,8.2,0,0,0,0,0,36,0,0,0,0,0,0,0,0,0,0,0,0,0,0,0,0,0,0,0,0,0,0,0,0,0,,,,,,,,
2139,Internal,139,443,94474,52,26.1,8.2,7,6,29,30,0,13,0,0,0,0,0,0,0,0,0,0,0,0,604,0,0,0,0,0,0,0,0,0,0,0,0,,,,,,,,
2140,Internal,14,34,94474,52,26.1,8.2,13,28,0,0,0,36,0,0,0,0,0,0,0,0,0,0,0,0,112,0,0,0,0,0,0,0,0,0,0,0,0,,,,,,,,
2141,Internal,65,178,79453,49,23.4,14.3,0,0,3,0,0,35,0,0,0,0,0,0,0,0,0,0,0,0,0,0,0,0,0,0,0,0,0,0,0,0,0,,,,,,,,
2142,Internal,21,62,94474,52,26.1,8.2,0,0,0,0,0,36,0,0,0,0,0,0,0,0,0,0,0,0,0,0,0,0,0,0,0,0,0,0,0,0,0,,,,,,,,
2143,Internal,10,26,94474,52,26.1,8.2,0,3,5,0,0,36,0,0,0,0,0,0,0,0,0,0,0,0,0,0,0,0,0,0,0,0,0,0,0,0,0,,,,,,,,
2144,Internal,175,464,70268,52,21.7,7.6,27,96,28,5,31,19,0,0,0,0,0,0,0,0,0,0,0,0,0,0,0,0,0,0,0,0,0,0,0,0,0,,,,,,,,
2145,Internal,5,10,70268,52,21.7,7.6,0,109,0,0,5,31,0,0,0,0,0,0,0,0,0,0,0,0,1025,0,0,0,0,0,0,0,0,0,0,0,0,,,,,,,,
2146,Internal,521,1734,109813,47,28.6,11.2,39,14,132,12,210,21,0,0,0,0,4,0,0,0,0,0,0,0,0,0,0,0,0,0,0,0,0,0,0,0,0,,,,,,,,
2147,Internal,250,625,95613,52,32.0,7.3,12,17,121,45,12,70,0,0,0,0,0,0,0,0,0,0,0,0,0,0,0,0,0,0,0,0,0,0,0,0,0,,,,,,,,
2148,Internal,256,629,95613,52,32.0,7.3,6,6,77,3,76,23,0,0,0,0,0,0,0,0,0,0,0,0,0,0,0,0,0,0,0,0,0,0,0,0,0,,,,,,,,
2149,Internal,18,83,95613,52,32.0,7.3,0,190,0,0,0,44,0,0,0,0,0,0,0,0,0,0,0,0,2043,0,0,0,0,0,0,0,0,0,0,0,0,,,,,,,,
2150,Internal,388,918,120824,52,17.0,10.7,7,3,68,33,28,19,0,0,0,0,0,0,0,0,0,0,0,0,0,0,0,0,0,0,0,0,0,0,0,0,0,,,,,,,,
2151,Internal,114,301,95613,52,32.0,7.3,118,2,7,0,0,61,0,0,0,0,0,0,0,0,0,0,0,0,0,0,0,0,0,0,0,0,0,0,0,0,0,,,,,,,,
2152,Internal,65,123,70268,52,21.7,7.6,357,51,370,80,85,54,0,0,0,0,0,0,0,0,0,0,0,0,0,0,0,0,0,0,0,0,0,0,0,0,0,,,,,,,,
2153,Internal,15,29,87679,52,30.0,5.1,1032,225,115,28,59,57,0,0,0,0,0,0,0,0,0,0,0,0,0,0,0,0,0,0,0,0,0,0,0,0,0,,,,,,,,
2154,Internal,345,1030,120824,52,17.0,10.7,44,4,10,64,2,29,0,0,0,0,0,0,0,0,0,0,0,0,0,0,0,0,0,0,0,0,0,0,0,0,0,,,,,,,,
2155,Internal,99,305,87679,52,30.0,5.1,372,46,104,0,0,28,0,0,0,0,0,0,0,0,0,0,0,0,0,0,0,0,0,0,0,0,0,0,0,0,0,,,,,,,,
2156,Internal,215,636,85809,45,31.9,8.3,3,0,1,0,0,45,0,0,0,0,0,0,0,0,0,0,0,0,0,0,0,0,0,0,0,0,0,0,0,0,0,,,,,,,,
2157,Internal,459,1400,109813,47,28.6,11.2,12,47,45,7,3,75,0,0,0,0,0,0,0,0,0,0,0,0,0,0,0,0,0,0,0,0,0,0,0,0,0,,,,,,,,
2158,Internal,272,766,87679,52,30.0,5.1,1,14,17,0,0,36,0,0,0,0,0,0,0,0,0,0,0,0,0,0,0,0,0,0,0,0,0,0,0,0,0,,,,,,,,
2159,Internal,926,2429,87679,52,30.0,5.1,40,24,50,4,0,64,0,0,0,0,0,0,0,0,0,0,0,0,0,0,0,0,0,0,0,0,0,0,0,0,0,,,,,,,,
2160,Internal,478,1375,109813,47,28.6,11.2,15,15,36,30,19,46,0,0,0,0,4,0,0,0,0,0,0,0,0,0,0,0,0,0,0,0,0,0,0,0,0,,,,,,,,
2161,Internal,615,1994,87679,52,30.0,5.1,5,1,31,0,4,37,0,0,0,0,0,0,0,0,0,0,0,0,0,0,0,0,0,0,0,0,0,0,0,0,0,,,,,,,,
2162,Internal,22,34,87679,52,30.0,5.1,45,7,2,0,34,18,0,0,0,0,0,0,0,0,0,0,0,0,0,0,0,0,0,0,0,0,0,0,0,0,0,,,,,,,,
2163,Internal,547,1302,109813,47,28.6,11.2,22,10,25,0,10,42,0,0,0,0,0,0,0,0,0,0,0,0,0,0,0,0,0,0,0,0,0,0,0,0,0,,,,,,,,
2164,Internal,0,0,147857,54,28.4,10.2,481,2562,717,100,20,62,0,0,0,0,0,0,0,0,0,0,0,0,900,0,0,0,0,0,0,0,0,0,0,0,0,,,,,,,,
2165,Internal,163,616,95613,52,32.0,7.3,4,0,16,0,0,75,0,0,0,0,0,0,0,0,0,0,0,0,0,0,0,0,0,0,0,0,0,0,0,0,0,,,,,,,,
2166,Internal,1,11,95613,52,32.0,7.3,0,0,226,1,79,34,0,0,0,0,0,0,0,0,0,0,0,0,0,0,0,0,0,0,0,0,0,0,0,0,0,,,,,,,,
2167,Internal,3,34,147857,54,28.4,10.2,236,179,1006,60,208,47,0,0,0,0,0,0,0,0,0,0,0,0,0,0,0,0,0,0,0,0,0,0,0,0,0,,,,,,,,
2168,Internal,311,597,95613,52,32.0,7.3,0,0,70,0,380,43,0,0,0,0,0,0,0,0,0,0,0,0,0,0,0,0,0,0,0,0,0,0,0,0,0,,,,,,,,
2169,Internal,282,569,95613,52,32.0,7.3,1,3,172,8,295,12,0,0,0,0,0,0,0,0,0,0,0,0,0,0,0,0,0,0,0,0,0,0,0,0,0,,,,,,,,
2170,Internal,568,1662,120833,54,27.3,7.8,4,3,51,3,1,64,0,0,0,0,0,0,0,0,0,0,0,0,0,0,0,0,0,0,0,0,0,0,0,0,0,,,,,,,,
2171,Internal,253,788,147857,54,28.4,10.2,2,21,5,23,1,55,0,0,0,0,0,0,0,0,0,0,0,0,0,0,0,0,0,0,0,0,0,0,0,0,0,,,,,,,,
2172,Internal,195,526,120833,54,27.3,7.8,5,3,13,0,1,59,0,0,0,0,0,0,0,0,0,0,0,0,0,0,0,0,0,0,0,0,0,0,0,0,0,,,,,,,,
2173,Internal,0,0,87679,52,30.0,5.1,577,139,43,15,55,43,0,0,0,0,0,0,0,0,0,0,0,0,957,0,0,0,0,0,0,0,0,0,0,0,0,,,,,,,,
2174,Internal,0,0,147857,54,28.4,10.2,0,3,54,5,48,21,0,0,0,0,0,0,0,0,0,0,0,0,0,0,0,0,0,0,0,0,0,0,0,0,0,,,,,,,,
2175,Internal,355,993,132917,49,24.8,10.0,938,1432,1889,139,17,79,0,0,0,0,0,0,0,0,0,0,0,0,0,0,0,0,0,0,0,0,0,0,0,0,0,,,,,,,,
2176,Internal,319,658,78304,49,10.5,33.3,3,113,92,45,107,18,0,0,0,0,4,0,0,0,0,0,0,0,558,0,0,0,0,0,0,0,0,0,0,0,0,,,,,,,,
2177,Internal,390,1153,132917,49,24.8,10.0,14,3,28,0,46,82,0,0,0,0,0,0,0,0,0,0,0,0,0,0,0,0,0,0,0,0,0,0,0,0,0,,,,,,,,
2178,Internal,335,562,132917,49,24.8,10.0,0,2,63,6,50,28,0,0,0,0,0,0,0,0,0,0,0,0,0,0,0,0,0,0,0,0,0,0,0,0,0,,,,,,,,
2179,Internal,421,1249,155938,49,26.1,11.4,34,52,62,37,408,46,0,0,0,0,0,0,0,0,0,0,0,0,0,0,1986,0,0,0,0,0,0,0,0,0,0,,,,,,,,
2180,Internal,397,757,78304,49,10.5,33.3,198,3971,798,257,761,44,0,0,0,0,12,0,0,0,0,0,0,0,148,0,0,0,0,0,0,0,0,0,0,0,0,,,,,,,,
2181,Internal,342,1024,127054,54,24.5,8.4,14,5,12,232,2,10,0,0,0,0,4,0,0,0,0,0,0,0,0,0,0,0,0,0,0,0,0,0,0,0,0,,,,,,,,
2182,Internal,291,789,127054,54,24.5,8.4,5,1,5,0,8,14,0,0,0,0,0,0,0,0,0,0,0,0,0,0,0,0,0,0,0,0,0,0,0,0,0,,,,,,,,
2183,Internal,208,494,72000,55,22.3,8.9,1,18,10,0,0,83,0,0,0,0,0,0,0,0,0,0,0,0,0,0,0,0,0,0,0,0,0,0,0,0,0,,,,,,,,
2184,Internal,121,345,136964,54,29.3,5.5,0,0,0,2,0,14,0,0,0,0,0,0,0,0,0,0,0,0,0,0,0,0,0,0,0,0,0,0,0,0,0,,,,,,,,
2185,Internal,303,726,84922,55,18.6,10.3,30,35,128,26,186,13,0,0,0,0,0,0,0,0,0,0,0,0,0,0,0,0,0,0,0,0,0,0,0,0,0,,,,,,,,
2186,Internal,105,291,136964,54,29.3,5.5,6,3,8,0,0,14,0,0,0,0,0,0,0,0,0,0,0,0,0,0,0,0,0,0,0,0,0,0,0,0,0,,,,,,,,
2187,Internal,120,285,72000,55,22.3,8.9,3,4,14,0,25,8,0,0,0,0,0,0,0,0,0,0,0,0,0,0,0,0,0,0,0,0,0,0,0,0,0,,,,,,,,
2188,Internal,331,667,84922,55,18.6,10.3,6,0,12,0,0,19,0,0,0,0,8,0,0,0,0,0,0,0,0,0,0,0,0,0,0,0,0,0,0,0,0,,,,,,,,
2189,Internal,684,1836,141910,51,26.1,10.5,8,31,110,25,1,27,0,0,0,0,0,0,0,0,0,0,0,0,0,0,0,0,0,0,0,0,0,0,0,0,0,,,,,,,,
2190,Internal,429,1339,100363,47,29.5,7.9,11,18,351,64,233,28,0,0,0,0,0,0,0,0,0,0,0,0,8,0,0,0,0,0,0,0,0,0,0,0,0,,,,,,,,
2191,Internal,211,639,139943,47,25.5,13.9,0,34,334,74,157,44,0,0,0,0,0,0,0,0,0,0,0,0,283,0,0,0,0,0,0,0,0,0,0,0,0,,,,,,,,
2192,Internal,239,447,139943,47,25.5,13.9,4,10,216,0,145,16,0,0,0,0,0,0,0,0,0,0,0,0,0,0,0,0,0,0,0,0,0,0,0,0,0,,,,,,,,
2193,Internal,233,715,139943,47,25.5,13.9,4,4,83,0,24,81,0,0,0,0,4,0,0,0,0,0,0,0,0,0,0,0,0,0,0,0,0,0,0,0,0,,,,,,,,
2194,Internal,265,757,122938,51,23.0,15.5,3,57,37,0,0,31,0,0,0,0,0,0,0,0,0,0,0,0,0,0,0,0,0,0,0,0,0,0,0,0,0,,,,,,,,
2195,Internal,248,722,122938,51,23.0,15.5,1,4,2,0,2,31,0,0,0,0,0,0,0,0,0,0,0,0,0,0,0,0,0,0,0,0,0,0,0,0,0,,,,,,,,
2196,Internal,540,1412,122938,51,23.0,15.5,20,76,82,81,56,33,0,0,0,0,0,0,0,0,0,0,0,0,7,0,0,0,0,0,0,0,0,0,0,0,0,,,,,,,,
2197,Internal,115,307,65833,47,19.0,2.5,0,24,72,55,46,16,0,0,0,0,4,0,0,0,0,0,0,0,0,0,0,0,0,0,0,0,0,0,0,0,0,,,,,,,,
2198,Internal,2,21,65833,47,19.0,2.5,31,119,159,0,26,42,0,0,0,0,0,0,0,0,0,0,0,0,0,0,0,0,0,0,0,0,0,0,0,0,0,,,,,,,,
2199,Internal,9,27,65833,47,19.0,2.5,209,78,211,19,52,40,0,0,0,0,0,0,0,0,0,0,0,0,0,0,0,0,0,0,0,0,0,0,0,0,0,,,,,,,,
2200,Internal,102,214,65833,47,19.0,2.5,15,0,37,0,8,64,0,0,0,0,0,0,0,0,0,0,0,0,0,0,0,0,0,0,0,0,0,0,0,0,0,,,,,,,,
2201,Internal,401,885,84722,47,26.2,10.9,2,14,22,0,61,48,0,0,0,0,4,0,0,0,0,0,0,0,0,0,0,0,0,0,0,0,0,0,0,0,0,,,,,,,,
2202,Internal,51,115,84722,47,26.2,10.9,35,120,29,4,214,17,0,0,0,0,0,0,0,0,0,0,0,0,802,0,0,0,0,0,0,0,0,0,0,0,0,,,,,,,,
2203,Internal,270,798,44489,47,26.2,19.1,80,161,258,40,196,24,0,0,0,0,0,0,0,0,0,0,0,0,17,0,0,0,0,0,0,0,0,0,0,0,0,,,,,,,,
2204,Internal,222,872,37728,47,37.8,3.7,39,23,177,7,85,27,0,0,0,0,0,0,0,0,0,0,0,0,0,0,0,0,0,0,0,0,0,0,0,0,0,,,,,,,,
2205,Internal,151,420,37728,47,37.8,3.7,0,0,98,0,0,53,0,0,0,0,0,0,0,0,0,0,0,0,0,0,0,0,0,0,0,0,0,0,0,0,0,,,,,,,,
2206,Internal,692,1389,51643,50,24.0,4.7,15,46,73,109,154,13,0,0,0,0,88,0,0,0,0,0,0,0,7,0,0,0,0,0,0,0,0,0,0,0,0,,,,,,,,
2207,Internal,342,946,51643,50,24.0,4.7,33,83,87,77,220,21,0,0,0,0,28,0,0,0,0,0,0,0,64,0,0,0,0,0,0,0,0,0,0,0,0,,,,,,,,
2208,Internal,149,238,86563,50,13.6,31.5,56,116,474,92,2014,15,0,0,0,0,0,0,0,0,0,0,0,0,0,0,0,0,0,0,0,0,0,0,0,0,0,,,,,,,,
2209,Internal,340,970,86563,50,13.6,31.5,8,15,24,0,2,17,0,0,0,0,4,0,0,0,0,0,0,0,0,0,0,0,0,0,0,0,0,0,0,0,0,,,,,,,,
2210,Internal,266,670,104306,53,18.4,17.1,0,14,11,0,0,16,0,0,0,0,0,0,0,0,0,0,0,0,0,0,0,0,0,0,0,0,0,0,0,0,0,,,,,,,,
2211,Internal,131,363,91111,53,21.7,25.3,3,9,1,0,0,16,0,0,0,0,0,0,0,0,0,0,0,0,0,0,0,0,0,0,0,0,0,0,0,0,0,,,,,,,,
2212,Internal,221,528,91111,53,21.7,25.3,28,4,26,0,143,13,0,0,0,0,0,0,0,0,0,0,0,0,0,0,0,0,0,0,0,0,0,0,0,0,0,,,,,,,,
2213,Internal,198,538,104306,53,18.4,17.1,0,15,7,297,37,12,0,0,0,0,0,0,0,0,0,0,0,0,0,0,0,0,0,0,0,0,0,0,0,0,0,,,,,,,,
2214,Internal,228,479,104167,53,21.9,17.5,2,5,44,0,245,9,0,0,0,0,8,0,0,0,0,0,0,0,0,0,0,0,0,0,0,0,0,0,0,0,0,,,,,,,,
2215,Internal,334,809,104167,53,21.9,17.5,7,11,259,18,0,37,0,0,0,0,0,0,0,0,0,0,0,0,0,0,0,0,0,0,0,0,0,0,0,0,0,,,,,,,,
2216,Internal,233,549,62628,50,3.9,26.4,0,19,20,0,0,47,0,0,0,0,0,0,0,0,0,0,0,0,0,0,0,0,0,0,0,0,0,0,0,0,0,,,,,,,,
2217,Internal,126,317,62628,50,3.9,26.4,0,0,0,18,0,34,0,0,0,0,0,0,0,0,0,0,0,0,0,0,0,0,0,0,0,0,0,0,0,0,0,,,,,,,,
2218,Internal,187,468,115027,50,22.8,17.9,3,45,135,22,26,41,0,0,0,0,0,0,0,0,0,0,0,0,0,0,0,0,0,0,0,0,0,0,0,0,0,,,,,,,,
2219,Internal,158,459,115027,50,22.8,17.9,0,0,32,0,0,17,0,0,0,0,0,0,0,0,0,0,0,0,0,0,0,0,0,0,0,0,0,0,0,0,0,,,,,,,,
2220,Internal,30,91,115027,50,22.8,17.9,0,180,0,0,0,46,0,0,0,0,0,0,0,0,0,0,0,0,2202,0,0,0,0,0,0,0,0,0,0,0,0,,,,,,,,
2221,Internal,121,273,100588,50,22.2,29.2,7,484,416,129,75,44,0,0,0,0,0,0,0,0,0,0,0,0,3,0,0,0,0,0,0,0,0,0,0,0,0,,,,,,,,
2222,Internal,298,780,100588,50,22.2,29.2,0,10,0,87,2,64,0,0,0,0,0,0,0,0,0,0,0,0,712,0,0,0,0,0,0,0,0,0,0,0,0,,,,,,,,
2223,Internal,170,306,100588,50,22.2,29.2,0,0,122,0,0,34,0,0,0,0,0,0,0,0,0,0,0,0,0,0,0,0,0,0,0,0,0,0,0,0,0,,,,,,,,
2224,Internal,141,394,91111,53,21.7,25.3,1,3,0,0,0,16,0,0,0,0,0,0,0,0,0,0,0,0,0,0,0,0,0,0,0,0,0,0,0,0,0,,,,,,,,
2225,Internal,92,375,100219,50,10.9,24.6,0,54,266,50,5,44,0,0,0,0,0,0,0,0,0,0,0,0,0,0,0,0,0,0,0,0,0,0,0,0,0,,,,,,,,
2226,Internal,328,674,100219,50,10.9,24.6,3,19,193,0,2,22,0,0,0,0,0,0,0,0,0,0,0,0,0,0,0,0,0,0,0,0,0,0,0,0,0,,,,,,,,
2227,Internal,230,454,100219,50,10.9,24.6,0,2,6,0,0,34,0,0,0,0,4,0,0,0,0,0,0,0,0,0,0,0,0,0,0,0,0,0,0,0,0,,,,,,,,
2228,Internal,1,2,100219,50,10.9,24.6,28,163,485,17,18,50,0,0,0,0,0,0,0,0,0,0,0,0,0,0,0,0,0,0,0,0,0,0,0,0,0,,,,,,,,
2229,Internal,338,600,100219,50,10.9,24.6,8,9,276,51,17,39,0,0,0,0,0,0,0,0,0,0,0,0,0,0,0,0,0,0,0,0,0,0,0,0,0,,,,,,,,
2230,Internal,116,294,100219,50,10.9,24.6,0,31,42,0,0,68,0,0,0,0,0,0,0,0,0,0,0,0,0,0,0,0,0,0,0,0,0,0,0,0,0,,,,,,,,
2231,Internal,84,229,86042,53,13.3,25.5,1,85,44,0,9,29,0,0,0,0,0,0,0,0,0,0,0,0,524,0,0,0,0,0,0,0,0,0,0,0,0,,,,,,,,
2232,Internal,232,488,86042,53,13.3,25.5,17,25,109,41,86,25,0,0,0,0,0,0,0,0,0,0,0,0,0,0,0,0,0,0,0,0,0,0,0,0,0,,,,,,,,
2233,Internal,15,57,86042,53,13.3,25.5,0,44,163,0,144,38,0,0,0,0,0,0,0,0,0,0,0,0,0,0,0,0,0,0,0,0,0,0,0,0,0,,,,,,,,
2234,Internal,113,316,76607,53,18.7,30.8,0,3,7,4,137,26,0,0,0,0,0,0,0,0,0,0,0,0,0,0,0,0,0,0,0,0,0,0,0,0,0,,,,,,,,
2235,Internal,363,538,76607,53,18.7,30.8,4,3,453,0,0,19,0,0,0,0,0,0,0,0,0,0,0,0,0,0,0,0,0,0,0,0,0,0,0,0,0,,,,,,,,
2236,Internal,213,556,76607,53,18.7,30.8,0,8,8,0,0,27,0,0,0,0,0,0,0,0,0,0,0,0,0,0,0,0,0,0,0,0,0,0,0,0,0,,,,,,,,
2237,Internal,321,573,41429,53,17.8,14.3,22,41,66,14,43,16,0,0,0,0,4,0,0,0,0,0,0,0,0,0,0,0,0,0,0,0,0,0,0,0,0,,,,,,,,
2238,Internal,231,524,41429,53,17.8,14.3,12,14,69,56,1,3,0,0,0,0,0,0,0,0,0,0,0,0,0,0,0,0,0,0,0,0,0,0,0,0,0,,,,,,,,
2239,Internal,364,627,41429,53,17.8,14.3,33,4,91,0,8,51,0,0,0,0,0,0,0,0,0,0,0,0,0,0,0,0,0,0,0,0,0,0,0,0,0,,,,,,,,
2240,Internal,174,459,94438,54,20.3,23.6,16,20,7,0,4,23,0,0,0,0,0,0,0,0,0,0,0,0,0,0,0,0,0,0,0,0,0,0,0,0,0,,,,,,,,
2241,Internal,207,405,74156,51,16.9,17.9,0,2,11,0,2,32,0,0,0,0,0,0,0,0,0,0,0,0,0,0,0,0,0,0,0,0,0,0,0,0,0,,,,,,,,
2242,Internal,191,329,94438,54,20.3,23.6,0,5,0,0,0,34,0,0,0,0,0,0,0,0,0,0,0,0,0,0,0,0,0,0,0,0,0,0,0,0,0,,,,,,,,
2243,Internal,481,1050,54844,51,23.2,14.9,0,4,5,0,0,32,0,0,0,0,0,0,0,0,0,0,0,0,0,0,0,0,0,0,0,0,0,0,0,0,0,,,,,,,,
2244,Internal,377,933,31143,51,28.3,2.5,43,309,695,141,431,34,0,0,0,0,8,0,0,0,0,0,0,0,510,0,0,0,0,0,0,0,0,0,0,0,0,,,,,,,,
2245,Internal,335,685,54844,51,23.2,14.9,5,2,59,0,25,0,0,0,0,0,4,0,0,0,0,0,0,0,0,0,0,0,0,0,0,0,0,0,0,0,0,,,,,,,,
2246,Internal,434,857,74156,51,16.9,17.9,2,68,117,16,99,28,0,0,0,0,0,0,0,0,0,0,0,0,0,0,0,0,0,0,0,0,0,0,0,0,0,,,,,,,,
2247,Internal,0,0,100588,50,22.2,29.2,101,14,105,66,865,10,0,0,0,0,0,0,0,0,0,0,0,0,0,0,0,0,0,0,0,0,0,0,0,0,0,,,,,,,,
2248,Internal,128,310,81974,54,11.8,16.4,0,2,0,0,0,34,0,0,0,0,0,0,0,0,0,0,0,0,0,0,0,0,0,0,0,0,0,0,0,0,0,,,,,,,,
2249,Internal,309,576,81974,54,11.8,16.4,0,2,2,20,0,34,0,0,0,0,0,0,0,0,0,0,0,0,0,0,0,0,0,0,0,0,0,0,0,0,0,,,,,,,,
2250,Internal,139,298,82794,54,20.7,12.7,77,159,211,0,10,33,0,0,0,0,0,0,0,0,0,0,0,0,0,0,0,0,0,0,0,0,0,0,0,0,0,,,,,,,,
2251,Internal,147,387,81974,54,11.8,16.4,0,10,0,0,0,34,0,0,0,0,0,0,0,0,0,0,0,0,0,0,0,0,0,0,0,0,0,0,0,0,0,,,,,,,,
2252,Internal,430,1121,82794,54,20.7,12.7,11,26,5,0,6,47,0,0,0,0,4,0,0,0,0,0,0,0,0,0,0,0,0,0,0,0,0,0,0,0,0,,,,,,,,
2253,Internal,295,754,127500,50,14.1,35.5,6,42,217,8,0,32,0,0,0,0,0,0,0,0,0,0,0,0,0,0,0,0,0,0,0,0,0,0,0,0,0,,,,,,,,
2254,Internal,0,0,127500,50,14.1,35.5,9,15,1775,147,111,38,0,0,0,0,0,0,0,0,0,0,0,0,0,0,0,1,0,0,0,0,0,0,0,0,0,,,,,,,,
2255,Internal,143,382,127500,50,14.1,35.5,0,8,18,0,0,47,0,0,0,0,4,0,0,0,0,0,0,0,0,0,0,0,0,0,0,0,0,0,0,0,0,,,,,,,,
2256,Internal,146,400,127500,50,14.1,35.5,4,9,115,27,9,42,0,0,0,0,4,0,0,0,0,0,0,0,0,0,0,0,0,0,0,0,0,0,0,0,0,,,,,,,,
2257,Internal,202,596,207574,50,22.8,15.6,0,4,48,0,3,47,0,0,0,0,0,0,0,0,0,0,0,0,0,0,0,0,0,0,0,0,0,0,0,0,0,,,,,,,,
2258,Internal,480,1377,207574,50,22.8,15.6,2,29,73,0,3,62,0,0,0,0,12,0,0,0,0,0,0,0,0,0,0,0,0,0,0,0,0,0,0,0,0,,,,,,,,
2259,Internal,157,459,108929,50,28.2,7.8,3,3,249,0,1,36,0,0,0,0,0,0,0,0,0,0,0,0,0,0,0,0,0,0,0,0,0,0,0,0,0,,,,,,,,
2260,Internal,452,1230,108929,50,28.2,7.8,9,110,63,0,1,46,0,0,0,0,12,0,0,0,0,0,0,0,899,0,0,0,0,0,0,0,0,0,0,0,0,,,,,,,,
2261,Internal,457,1176,55190,56,27.5,5.3,0,15,5,0,185,6,0,0,0,0,4,0,0,0,0,0,0,0,0,0,0,0,0,0,0,0,0,0,0,0,0,,,,,,,,
2262,Internal,174,465,70435,56,18.4,9.8,0,1,5,0,2,46,0,0,0,0,0,0,0,0,0,0,0,0,0,0,0,0,0,0,0,0,0,0,0,0,0,,,,,,,,
2263,Internal,4,39,70435,56,18.4,9.8,138,34,103,0,30,48,0,0,0,0,0,0,0,0,0,0,0,0,0,0,0,0,0,0,0,0,0,0,0,0,0,,,,,,,,
2264,Internal,138,359,70435,56,18.4,9.8,33,28,66,0,0,41,0,0,0,0,0,0,0,0,0,0,0,0,0,0,0,0,0,0,0,0,0,0,0,0,0,,,,,,,,
2265,Internal,72,183,70435,56,18.4,9.8,40,6,0,20,0,41,0,0,0,0,0,0,0,0,0,0,0,0,0,0,0,0,0,0,0,0,0,0,0,0,0,,,,,,,,
2266,Internal,173,525,55190,56,27.5,5.3,0,2,1,0,1,43,0,0,0,0,0,0,0,0,0,0,0,0,0,0,0,0,0,0,0,0,0,0,0,0,0,,,,,,,,
2267,Internal,181,456,70435,56,18.4,9.8,0,17,49,9,32,43,0,0,0,0,0,0,0,0,0,0,0,0,887,0,0,0,0,0,0,0,0,0,0,0,0,,,,,,,,
2268,Internal,45,148,70435,56,18.4,9.8,30,85,53,0,58,30,0,0,0,0,0,0,0,0,0,0,0,0,391,0,0,0,0,0,0,0,0,0,0,0,0,,,,,,,,
2269,Internal,10,49,70435,56,18.4,9.8,18,470,607,34,30,54,0,0,0,0,0,0,0,0,0,0,0,0,0,0,0,0,0,0,0,0,0,0,0,0,0,,,,,,,,
2270,Internal,208,539,48951,56,21.8,7.0,0,0,1,0,0,43,0,0,0,0,4,0,0,0,0,0,0,0,0,0,0,0,0,0,0,0,0,0,0,0,0,,,,,,,,
2271,Internal,769,1395,48951,56,21.8,7.0,0,45,27,0,0,43,0,0,0,0,40,0,0,0,0,0,0,0,0,0,0,0,0,0,0,0,0,0,0,0,0,,,,,,,,
2272,Internal,261,396,48951,56,21.8,7.0,0,4,81,4,405,12,0,0,0,0,24,0,0,0,0,0,0,0,0,0,0,0,0,0,0,0,0,0,0,0,0,,,,,,,,
2273,Internal,45,131,90208,49,18.3,17.8,0,120,0,0,0,46,0,0,0,0,0,0,0,0,0,0,0,0,1591,0,0,0,0,0,0,0,0,0,0,0,0,,,,,,,,
2274,Internal,35,72,90208,49,18.3,17.8,0,0,17,0,0,66,0,0,0,0,0,0,0,0,0,0,0,0,0,0,0,0,0,0,0,0,0,0,0,0,0,,,,,,,,
2275,Internal,230,600,90208,49,18.3,17.8,14,4,107,5,0,42,0,0,0,0,0,0,0,0,0,0,0,0,0,0,0,0,0,0,0,0,0,0,0,0,0,,,,,,,,
2276,Internal,14,126,55190,56,27.5,5.3,30,8,27,0,3,16,0,0,0,0,0,0,0,0,0,0,0,0,0,0,0,0,0,0,0,0,0,0,0,0,0,,,,,,,,
2277,Internal,104,248,90208,49,18.3,17.8,0,0,2,0,0,66,0,0,0,0,0,0,0,0,0,0,0,0,0,0,0,0,0,0,0,0,0,0,0,0,0,,,,,,,,
2278,Internal,211,540,90208,49,18.3,17.8,0,10,0,0,0,66,0,0,0,0,4,0,0,0,0,0,0,0,0,0,0,0,0,0,0,0,0,0,0,0,0,,,,,,,,
2279,Internal,18,35,90208,49,18.3,17.8,0,108,32,0,0,91,0,0,0,0,0,0,0,0,0,0,0,0,0,0,0,0,0,0,0,0,0,0,0,0,0,,,,,,,,
2280,Internal,0,0,90208,49,18.3,17.8,0,5632,0,500,10,32,0,0,0,0,0,0,0,0,0,0,0,0,0,0,0,0,0,0,0,0,0,0,0,0,0,,,,,,,,
2281,Internal,0,0,90208,49,18.3,17.8,0,132,0,0,0,64,0,0,0,0,0,0,0,0,0,0,0,0,785,0,0,0,0,0,0,0,0,0,0,0,0,,,,,,,,
2282,Internal,0,0,76956,25,25.0,11.0,0,0,0,0,0,40,0,0,0,0,0,0,0,0,0,0,0,0,0,0,0,0,0,0,0,0,0,0,0,0,0,,,,,,,,
2283,Internal,0,0,84549,55,18.3,9.4,62,0,0,0,0,76,0,0,0,0,0,0,0,0,0,0,0,0,0,0,0,0,0,0,0,0,0,0,0,0,0,,,,,,,,
2284,Internal,17,52,122596,49,24.3,11.5,0,4,448,60,0,52,0,0,0,0,0,0,0,0,0,0,0,0,0,0,0,0,0,0,0,0,0,0,0,0,0,,,,,,,,
2285,Internal,271,776,122596,49,24.3,11.5,30,114,400,7,29,20,0,0,0,0,0,0,0,0,0,0,0,0,0,0,0,0,0,0,0,0,0,0,0,0,0,,,,,,,,
2286,Internal,61,175,122596,49,24.3,11.5,12,0,12,0,0,17,0,0,0,0,0,0,0,0,0,0,0,0,0,0,0,0,0,0,0,0,0,0,0,0,0,,,,,,,,
2287,Internal,186,597,122596,49,24.3,11.5,1,1,0,0,11,66,0,0,0,0,0,0,0,0,0,0,0,0,0,0,0,0,0,0,0,0,0,0,0,0,0,,,,,,,,
2288,Internal,1,12,122596,49,24.3,11.5,385,49,136,50,50,45,0,0,0,0,0,0,0,0,0,0,0,0,0,0,0,0,0,0,0,0,0,0,0,0,0,,,,,,,,
2289,Internal,164,380,122596,49,24.3,11.5,2,7,16,0,0,66,0,0,0,0,0,0,0,0,0,0,0,0,0,0,0,0,0,0,0,0,0,0,0,0,0,,,,,,,,
2290,Internal,8,17,122596,49,24.3,11.5,0,0,0,0,0,66,0,0,0,0,0,0,0,0,0,0,0,0,0,0,0,0,0,0,0,0,0,0,0,0,0,,,,,,,,
2291,Internal,0,0,84549,55,18.3,9.4,4,2412,2037,25,0,92,0,0,0,0,0,0,0,0,0,0,0,0,0,0,0,0,0,0,0,0,0,0,0,0,0,,,,,,,,
2292,Internal,224,565,95809,55,29.7,10.4,0,39,28,1,1,76,0,0,0,0,8,0,0,0,0,0,0,0,0,0,0,0,0,0,0,0,0,0,0,0,0,,,,,,,,
2293,Internal,165,335,95809,55,29.7,10.4,0,76,120,0,0,18,0,0,0,0,0,0,0,0,0,0,0,0,0,0,0,0,0,0,0,0,0,0,0,0,0,,,,,,,,
2294,Internal,858,1857,95809,55,29.7,10.4,15,1091,111,0,14,84,0,0,0,0,0,0,0,0,0,0,0,0,19,0,0,0,0,0,0,0,0,0,0,0,0,,,,,,,,
2295,Internal,40,167,95809,55,29.7,10.4,384,421,98,0,20,78,0,0,0,0,0,0,0,0,0,0,0,0,0,0,0,0,0,0,0,0,0,0,0,0,0,,,,,,,,
2296,Internal,108,240,95809,55,29.7,10.4,0,0,0,0,0,76,0,0,0,0,0,0,0,0,0,0,0,0,0,0,0,0,0,0,0,0,0,0,0,0,0,,,,,,,,
2297,Internal,6,19,84549,55,18.3,9.4,64,304,210,290,456,29,0,0,0,0,0,0,0,0,0,0,0,0,0,0,0,0,0,0,0,0,0,0,0,0,0,,,,,,,,
2298,Internal,826,1701,84549,55,18.3,9.4,4,145,387,6,392,24,0,0,0,0,28,0,0,0,0,0,0,0,0,0,0,0,0,0,0,0,0,0,0,0,0,,,,,,,,
2299,Internal,519,809,84549,55,18.3,9.4,160,613,0,0,10,84,0,0,0,0,8,0,0,0,0,0,0,0,0,0,0,0,0,0,0,0,0,0,0,0,0,,,,,,,,
2300,Internal,184,372,79306,55,12.6,16.3,1,5,1,0,0,76,0,0,0,0,0,0,0,0,0,0,0,0,0,0,0,0,0,0,0,0,0,0,0,0,0,,,,,,,,
2301,Internal,342,680,79306,55,12.6,16.3,2,20,29,0,0,78,0,0,0,0,0,0,0,0,0,0,0,0,0,0,0,0,0,0,0,0,0,0,0,0,0,,,,,,,,
2302,Internal,293,688,78638,54,17.6,8.4,0,119,26,0,0,42,0,0,0,0,8,0,0,0,0,0,0,0,1252,0,0,0,0,0,0,0,0,0,0,0,0,,,,,,,,
2303,Internal,210,367,79306,55,12.6,16.3,0,4,0,0,0,76,0,0,0,0,12,0,0,0,0,0,0,0,0,0,0,0,0,0,0,0,0,0,0,0,0,,,,,,,,
2304,Internal,474,1006,78638,54,17.6,8.4,0,6,17,0,0,26,0,0,0,0,20,0,0,0,0,0,0,0,0,0,0,0,0,0,0,0,0,0,0,0,0,,,,,,,,
2305,Internal,326,710,78638,54,17.6,8.4,0,9,3,9,215,23,0,0,0,0,4,0,0,0,0,0,0,0,0,0,0,0,0,0,0,0,0,0,0,0,0,,,,,,,,
2306,Internal,310,793,55743,54,26.0,12.9,6,21,13,17,33,47,0,0,0,0,0,0,0,0,0,0,0,0,0,0,0,0,0,0,0,0,0,0,0,0,0,,,,,,,,
2307,Internal,34,112,55743,54,26.0,12.9,0,3,22,0,157,13,0,0,0,0,0,0,0,0,0,0,0,0,0,0,0,0,0,0,0,0,0,0,0,0,0,,,,,,,,
2308,Internal,115,358,55743,54,26.0,12.9,4,3,57,0,117,15,0,0,0,0,0,0,0,0,0,0,0,0,0,0,0,0,0,0,0,0,0,0,0,0,0,,,,,,,,
2309,Internal,92,223,55743,54,26.0,12.9,0,0,85,0,0,45,0,0,0,0,0,0,0,0,0,0,0,0,594,0,0,0,0,0,0,0,0,0,0,0,0,,,,,,,,
2310,Internal,221,571,55743,54,26.0,12.9,0,15,3,0,1,26,0,0,0,0,0,0,0,0,0,0,0,0,0,0,0,0,0,0,0,0,0,0,0,0,0,,,,,,,,
2311,Internal,77,261,89279,53,24.6,3.8,589,180,46,15,2,53,0,0,0,0,0,0,0,0,0,0,0,0,0,0,0,0,0,0,0,0,0,0,0,0,0,,,,,,,,
2312,Internal,331,631,89279,53,24.6,3.8,123,78,205,9,92,15,0,0,0,0,0,0,0,0,0,0,0,0,0,0,0,0,0,0,0,0,0,0,0,0,0,,,,,,,,
2313,Internal,188,451,89279,53,24.6,3.8,45,225,161,8,0,86,0,0,0,0,0,0,0,0,0,0,0,0,0,0,0,0,0,0,0,0,0,0,0,0,0,,,,,,,,
2314,Internal,228,777,133203,53,23.6,14.9,23,16,56,0,7,60,0,0,0,0,0,0,0,0,0,0,0,0,0,0,0,0,0,0,0,0,0,0,0,0,0,,,,,,,,
2315,Internal,961,2211,89279,53,24.6,3.8,14,116,213,30,100,70,0,0,0,0,0,0,0,0,0,0,0,0,0,0,0,0,0,0,0,0,0,0,0,0,0,,,,,,,,
2316,Internal,145,307,89279,53,24.6,3.8,519,74,93,0,769,70,0,0,0,0,20,0,0,0,0,0,0,0,0,0,0,0,0,0,0,0,0,0,0,0,0,,,,,,,,
2317,Internal,59,162,133203,53,23.6,14.9,2,4,11,0,0,40,0,0,0,0,0,0,0,0,0,0,0,0,0,0,0,0,0,0,0,0,0,0,0,0,0,,,,,,,,
2318,Internal,359,1033,133203,53,23.6,14.9,59,4,25,0,0,36,0,0,0,0,0,0,0,0,0,0,0,0,0,0,0,0,0,0,0,0,0,0,0,0,0,,,,,,,,
2319,Internal,105,296,133203,53,23.6,14.9,0,11,85,0,9,15,0,0,0,0,0,0,0,0,0,0,0,0,0,0,0,0,0,0,0,0,0,0,0,0,0,,,,,,,,
2320,Internal,548,818,89279,53,24.6,3.8,13,53,373,0,1206,9,0,0,0,0,20,0,0,0,0,0,0,0,0,0,0,0,0,0,0,0,0,0,0,0,0,,,,,,,,
2321,Internal,309,788,89279,53,24.6,3.8,0,17,26,14,53,43,0,0,0,0,0,0,0,0,0,0,0,0,0,0,0,0,0,0,0,0,0,0,0,0,0,,,,,,,,
2322,Internal,0,0,133203,53,23.6,14.9,0,10,115,0,246,8,0,0,0,0,0,0,0,0,0,0,0,0,0,0,0,0,0,0,0,0,0,0,0,0,0,,,,,,,,
2323,Internal,248,639,133203,53,23.6,14.9,3,15,34,0,0,40,0,0,0,0,0,0,0,0,0,0,0,0,0,0,0,0,0,0,0,0,0,0,0,0,0,,,,,,,,
2324,Internal,420,917,120372,52,26.6,11.0,0,10,11,0,0,48,0,0,0,0,0,0,0,0,0,0,0,0,0,0,0,0,0,0,0,0,0,0,0,0,0,,,,,,,,
2325,Internal,2,28,85625,52,20.1,6.8,667,298,536,84,361,41,0,0,0,0,0,0,0,0,0,0,0,0,0,0,0,0,0,0,0,0,0,0,0,0,0,,,,,,,,
2326,Internal,509,999,65040,52,19.8,18.0,2,0,83,12,56,26,0,0,0,0,0,0,0,0,0,0,0,0,0,0,0,0,0,0,0,0,0,0,0,0,0,,,,,,,,
2327,Internal,33,110,85625,52,20.1,6.8,0,125,0,0,0,44,0,0,0,0,4,0,0,0,0,0,0,0,873,0,0,0,0,0,0,0,0,0,0,0,0,,,,,,,,
2328,Internal,287,761,120372,52,26.6,11.0,108,114,397,55,200,41,0,0,0,0,4,0,0,0,0,0,0,0,0,0,0,0,0,0,0,0,0,0,0,0,0,,,,,,,,
2329,Internal,220,590,120372,52,26.6,11.0,0,32,0,0,0,32,0,0,0,0,0,0,0,0,0,0,0,0,0,0,0,0,0,0,0,0,0,0,0,0,0,,,,,,,,
2330,Internal,442,999,85625,52,20.1,6.8,14,126,176,38,189,26,0,0,0,0,4,0,0,0,0,0,0,0,503,0,0,0,0,0,0,0,0,0,0,0,0,,,,,,,,
2331,Internal,149,429,120372,52,26.6,11.0,0,10,0,0,0,51,0,0,0,0,0,0,0,0,0,0,0,0,0,0,0,0,0,0,0,0,0,0,0,0,0,,,,,,,,
2332,Internal,503,1175,85625,52,20.1,6.8,14,6,30,0,10,40,0,0,0,0,0,0,0,0,0,0,0,0,0,0,0,0,0,0,0,0,0,0,0,0,0,,,,,,,,
2333,Internal,219,737,85625,52,20.1,6.8,1,8,39,0,0,54,0,0,0,0,0,0,0,0,0,0,0,0,0,0,0,0,0,0,0,0,0,0,0,0,0,,,,,,,,
2334,Internal,4,33,85625,52,20.1,6.8,0,10,112,49,432,78,0,0,0,0,0,0,0,0,0,0,0,0,0,0,0,0,0,0,0,0,0,0,0,0,0,,,,,,,,
2335,Internal,211,483,89750,52,19.3,8.4,124,88,44,0,67,24,0,0,0,0,0,0,0,0,0,0,0,0,0,0,0,0,0,0,0,0,0,0,0,0,0,,,,,,,,
2336,Internal,555,1342,89750,52,19.3,8.4,21,10,173,0,9,27,0,0,0,0,0,0,0,0,0,0,0,0,0,0,0,0,0,0,0,0,0,0,0,0,0,,,,,,,,
2337,Internal,130,306,89750,52,19.3,8.4,0,5,0,0,0,24,0,0,0,0,0,0,0,0,0,0,0,0,0,0,0,0,0,0,0,0,0,0,0,0,0,,,,,,,,
2338,Internal,257,684,95726,58,19.8,5.8,0,8,15,0,2,28,0,0,0,0,0,0,0,0,0,0,0,0,0,0,0,0,0,0,0,0,0,0,0,0,0,,,,,,,,
2339,Internal,305,648,65040,52,19.8,18.0,21,4,161,0,0,17,0,0,0,0,0,0,0,0,0,0,0,0,0,0,0,0,0,0,0,0,0,0,0,0,0,,,,,,,,
2340,Internal,84,212,90912,58,32.8,5.9,0,1,58,60,24,39,0,0,0,0,0,0,0,0,0,0,0,0,0,0,0,0,0,0,0,0,0,0,0,0,0,,,,,,,,
2341,Internal,585,1394,95726,58,19.8,5.8,7,102,169,7,1,38,0,0,0,0,24,0,0,0,0,0,0,0,780,0,0,0,0,0,0,0,0,0,0,0,0,,,,,,,,
2342,Internal,206,607,90912,58,32.8,5.9,272,3,2,0,4,38,0,0,0,0,0,0,0,0,0,0,0,0,0,0,0,0,0,0,0,0,0,0,0,0,0,,,,,,,,
2343,Internal,323,891,122083,52,22.0,14.0,8,30,21,40,4,72,0,0,0,0,0,0,0,0,0,0,0,0,0,0,0,0,0,0,0,0,0,0,0,0,0,,,,,,,,
2344,Internal,998,2023,71514,56,14.2,7.2,0,21,24,12,0,45,0,0,0,0,24,0,0,0,0,0,0,0,0,0,0,0,0,0,0,0,0,0,0,0,0,,,,,,,,
2345,Internal,504,1084,110729,51,28.7,7.9,0,42,8,25,65,21,0,0,0,0,0,0,0,0,0,0,0,0,0,0,0,0,0,0,0,0,0,0,0,0,0,,,,,,,,
2346,Internal,141,423,123750,56,22.5,23.8,1,6,400,25,0,22,0,0,0,0,0,0,0,0,0,0,0,0,0,0,0,0,0,0,0,0,0,0,0,0,0,,,,,,,,
2347,Internal,513,1703,110729,51,28.7,7.9,0,10,13,0,0,61,0,0,0,0,0,0,0,0,0,0,0,0,0,0,0,0,0,0,0,0,0,0,0,0,0,,,,,,,,
2348,Internal,505,1660,110729,51,28.7,7.9,0,10,25,0,10,50,0,0,0,0,0,0,0,0,0,0,0,0,0,0,0,0,0,0,0,0,0,0,0,0,0,,,,,,,,
2349,Internal,460,1230,110729,51,28.7,7.9,273,83,84,6,98,53,0,0,0,0,0,0,0,0,0,0,0,0,0,0,0,0,0,0,0,0,0,0,0,0,0,,,,,,,,
2350,Internal,266,825,110729,51,28.7,7.9,0,74,0,15,0,46,0,0,0,0,0,0,0,0,0,0,0,0,1641,0,0,0,0,0,0,0,0,0,0,0,0,,,,,,,,
2351,Internal,784,1696,122083,52,22.0,14.0,4,18,35,1,310,57,0,0,0,0,8,0,0,0,0,0,0,0,0,0,0,0,0,0,0,0,0,0,0,0,0,,,,,,,,
2352,Internal,4,19,63750,56,14.3,7.5,1326,1287,365,133,173,54,0,0,0,0,0,0,0,0,0,0,0,0,0,0,0,0,0,0,0,0,0,0,0,0,0,,,,,,,,
2353,Internal,4,20,122083,52,22.0,14.0,0,110,0,0,0,48,0,0,0,0,0,0,0,0,0,0,0,0,716,0,0,0,0,0,0,0,0,0,0,0,0,,,,,,,,
2354,Internal,484,1540,110729,51,28.7,7.9,3,4,65,11,0,35,0,0,0,0,0,0,0,0,0,0,0,0,0,0,0,0,0,0,0,0,0,0,0,0,0,,,,,,,,
2355,Internal,144,489,110729,51,28.7,7.9,3,0,13,0,50,19,0,0,0,0,0,0,0,0,0,0,0,0,6,0,0,0,0,0,0,0,0,0,0,0,0,,,,,,,,
2356,Internal,183,385,110729,51,28.7,7.9,0,12,66,26,217,15,0,0,0,0,0,0,0,0,0,0,0,0,0,0,0,0,0,0,0,0,0,0,0,0,0,,,,,,,,
2357,Internal,6,14,110729,51,28.7,7.9,0,6,35,19,235,8,0,0,0,0,0,0,0,0,0,0,0,0,0,0,0,0,0,0,0,0,0,0,0,0,0,,,,,,,,
2358,Internal,1,23,63750,56,14.3,7.5,536,174,192,14,0,69,0,0,0,0,0,0,0,0,0,0,0,0,0,0,0,0,0,0,0,0,0,0,0,0,0,,,,,,,,
2359,Internal,137,435,123750,56,22.5,23.8,0,16,47,0,0,28,0,0,0,0,0,0,0,0,0,0,0,0,0,0,0,0,0,0,0,0,0,0,0,0,0,,,,,,,,
2360,Internal,325,769,63750,56,14.3,7.5,693,248,93,43,58,42,0,0,0,0,0,0,0,0,0,0,0,0,0,0,0,0,0,0,0,0,0,0,0,0,0,,,,,,,,
2361,Internal,518,1535,110729,51,28.7,7.9,0,17,86,0,0,56,0,0,0,0,4,0,0,0,0,0,0,0,0,0,0,0,0,0,0,0,0,0,0,0,0,,,,,,,,
2362,Internal,22,51,110729,51,28.7,7.9,0,184,261,0,0,57,0,0,0,0,0,0,0,0,0,0,0,0,0,0,0,0,0,0,0,0,0,0,0,0,0,,,,,,,,
2363,Internal,1,4,63750,56,14.3,7.5,102,632,9,178,243,59,0,0,0,0,0,0,0,0,0,0,0,0,0,0,0,0,0,0,0,0,0,0,0,0,0,,,,,,,,
2364,Internal,874,1989,81955,50,24.7,2.5,32,62,131,2,0,44,0,0,0,0,0,31,0,11,0,0,0,0,1081,0,0,0,0,0,0,0,0,0,0,0,0,,,,,,,,
2365,Internal,274,965,135500,50,36.1,6.6,2,71,18,0,0,32,0,0,0,0,0,0,0,0,0,0,0,0,0,0,0,0,0,0,0,0,0,0,0,0,0,,,,,,,,
2366,Internal,1140,2944,81955,50,24.7,2.5,12,2,31,0,0,42,0,0,0,0,0,19,0,18,0,0,0,0,0,0,0,0,0,0,0,0,0,0,0,0,0,,,,,,,,
2367,Internal,1088,3646,135500,50,36.1,6.6,0,5,24,0,0,34,0,0,0,0,0,0,0,4,0,0,0,0,993,0,0,0,0,0,0,0,0,0,0,0,0,,,,,,,,
2368,Internal,512,1329,135500,50,36.1,6.6,13,2,15,5,0,42,0,0,0,0,0,0,0,0,0,0,0,0,0,0,0,0,0,0,0,0,0,0,0,0,0,,,,,,,,
2369,Internal,1,2,76956,50,25.0,11.0,506,2332,762,2394,281,46,0,0,0,0,0,0,0,0,0,0,0,0,0,0,0,0,0,0,0,0,0,0,0,0,20400,,,,,,,,
2370,Internal,2,14,63750,56,14.3,7.5,387,282,213,12,62,58,0,0,0,0,0,0,0,4,0,0,0,0,0,0,0,0,0,0,0,0,0,0,0,0,0,,,,,,,,
2371,Internal,1,15,63750,56,14.3,7.5,488,334,80,0,24,69,0,0,0,0,0,0,0,0,0,0,0,0,0,0,0,0,0,0,0,0,0,0,0,0,0,,,,,,,,
2372,Internal,287,506,117697,50,30.8,3.7,0,4375,218,0,936,95,0,0,0,0,0,0,0,4,0,0,0,0,0,0,0,0,0,0,0,0,0,0,0,0,0,,,,,,,,
2373,Internal,657,1768,118281,50,31.3,5.7,2,603,66,40,33,70,0,0,0,0,0,0,0,7,0,0,0,0,0,0,0,0,0,0,0,0,0,0,0,0,0,,,,,,,,
2374,Internal,1,1,63750,56,14.3,7.5,808,842,204,282,306,49,0,0,0,0,0,0,0,0,0,0,0,0,0,0,0,0,0,0,0,0,0,0,0,0,0,,,,,,,,
2375,Internal,0,0,63750,56,14.3,7.5,320,4285,188,6,44,45,0,0,0,0,0,0,0,0,0,0,0,0,0,0,0,0,0,0,0,0,0,0,0,0,0,,,,,,,,
2376,Internal,212,409,63750,56,14.3,7.5,5,2718,64,80,32,94,0,0,0,0,0,0,0,0,0,0,0,0,0,0,2263,0,0,0,0,0,0,0,0,0,0,,,,,,,,
2377,Internal,1722,5343,117697,50,30.8,3.7,21,324,152,50,249,41,0,0,0,0,0,0,0,14,0,0,0,0,0,0,0,0,0,0,0,0,0,0,0,0,0,,,,,,,,
2378,Internal,2,11,63750,56,14.3,7.5,0,0,288,245,240,0,0,0,0,0,0,0,0,0,0,0,0,0,0,0,0,0,0,0,0,0,0,0,0,0,0,,,,,,,,
2379,Internal,841,2521,118281,50,31.3,5.7,78,27,0,0,50,64,0,0,0,0,0,0,0,11,0,0,0,0,43,0,0,0,0,0,0,0,0,0,0,0,0,,,,,,,,
2380,Internal,234,397,63750,56,14.3,7.5,0,5982,0,20,170,70,0,0,0,0,0,0,0,0,0,0,0,0,0,0,0,0,0,0,0,0,0,0,0,0,0,,,,,,,,
2381,Internal,770,2115,110347,46,28.3,15.2,3,21,68,61,19,42,0,0,0,0,0,0,0,0,0,0,0,0,0,0,0,0,0,0,0,0,0,0,0,0,0,,,,,,,,
2382,Internal,876,2584,156806,53,28.4,12.4,14,153,41,0,0,71,0,0,0,0,0,0,0,0,0,0,0,0,737,0,0,0,0,0,0,0,0,0,0,0,0,,,,,,,,
2383,Internal,251,835,110347,46,28.3,15.2,3,112,81,0,3,48,0,0,0,0,0,0,0,0,0,0,0,0,848,0,0,0,0,0,0,0,0,0,0,0,0,,,,,,,,
2384,Internal,850,2656,137214,50,36.7,5.2,4,0,16,50,49,34,0,0,0,0,0,0,0,0,0,0,0,0,0,0,0,0,0,0,0,0,0,0,0,0,0,,,,,,,,
2385,Internal,293,570,110347,46,28.3,15.2,7,64,170,60,0,42,0,0,0,0,0,0,0,0,0,0,0,0,2792,0,0,0,0,0,0,0,0,0,0,0,0,,,,,,,,
2386,Internal,541,1752,187917,53,26.7,9.3,6,55,237,2,479,23,0,0,0,0,0,0,0,0,0,0,0,0,0,0,0,0,0,0,0,0,0,0,0,0,0,,,,,,,,
2387,Internal,291,903,110347,46,28.3,15.2,30,4,140,24,74,26,0,0,0,0,0,0,0,0,0,0,0,0,0,0,0,0,0,0,0,0,0,0,0,0,0,,,,,,,,
2388,Internal,16,36,110347,46,28.3,15.2,0,0,0,0,0,39,0,0,0,0,0,0,0,0,0,0,0,0,0,0,0,0,0,0,0,0,0,0,0,0,0,,,,,,,,
2389,Internal,308,1018,117697,50,30.8,3.7,0,10,134,57,138,31,0,0,0,0,0,0,0,0,0,0,0,0,0,0,0,0,0,0,0,0,0,0,0,0,0,,,,,,,,
2390,Internal,92,395,117697,50,30.8,3.7,0,2,0,0,44,87,0,0,0,0,0,0,0,0,0,0,0,0,0,0,0,0,0,0,0,0,0,0,0,0,0,,,,,,,,
2391,Internal,0,0,117697,50,30.8,3.7,38,4794,80,0,49,60,0,0,0,0,0,0,0,0,0,0,0,0,0,0,0,0,0,0,0,0,0,0,0,0,0,,,,,,,,
2392,Internal,41,150,118281,50,31.3,5.7,0,1325,0,0,0,67,0,0,0,0,0,0,0,0,0,0,0,0,0,0,0,0,0,0,0,0,0,0,0,0,0,,,,,,,,
2393,Internal,1008,3306,118281,50,31.3,5.7,0,5,1,0,5,64,0,0,0,0,0,0,0,18,0,0,0,0,0,0,0,0,0,0,0,0,0,0,0,0,0,,,,,,,,
2394,Internal,0,0,76956,50,25.0,11.0,0,0,50,5,0,26,0,0,0,0,0,0,0,0,0,0,0,0,0,0,0,0,0,0,0,0,0,0,0,0,0,,,,,,,,
2395,Internal,10,19,63750,56,14.3,7.5,252,588,48,157,100,50,0,0,0,0,0,0,0,0,0,0,0,0,0,0,0,0,0,0,0,0,0,0,0,0,0,,,,,,,,
2396,Internal,17,43,63750,56,14.3,7.5,37,553,437,111,191,48,0,0,0,0,0,0,0,0,0,0,0,0,0,0,0,0,0,0,0,0,0,0,0,0,0,,,,,,,,
2397,Internal,49,101,63750,56,14.3,7.5,0,2015,8,30,10,84,0,0,0,0,0,0,0,0,0,0,0,0,0,0,0,0,0,0,0,0,0,0,0,0,0,,,,,,,,
2398,Internal,0,0,63750,56,14.3,7.5,166,1073,22,0,102,87,0,0,0,0,0,0,0,0,0,0,0,0,0,0,0,0,0,0,0,0,0,0,0,0,0,,,,,,,,
2399,Internal,0,0,63750,56,14.3,7.5,0,0,0,0,0,64,0,0,0,0,0,0,0,0,0,0,0,0,0,0,0,0,0,0,0,0,0,0,0,0,0,,,,,,,,
2400,Internal,807,1936,82924,66,20.0,10.2,9,5,36,5,7,57,0,0,0,0,0,0,0,7,0,0,0,0,0,0,0,0,0,0,0,0,0,0,0,0,0,,,,,,,,
2401,Internal,1071,1839,82924,66,20.0,10.2,6,22,190,0,179,14,0,0,0,0,0,0,0,11,0,0,0,0,10,0,0,0,0,0,0,0,0,0,0,0,0,,,,,,,,
2402,Internal,533,1465,82924,66,20.0,10.2,64,79,151,1,30,67,0,0,0,0,0,0,0,0,0,0,0,0,0,0,0,0,0,0,0,0,0,0,0,0,0,,,,,,,,
2403,Internal,0,0,76956,50,25.0,11.0,159,36,35,5,23,55,0,0,0,0,0,0,0,0,0,0,0,0,0,0,0,0,0,0,0,0,0,0,0,0,0,,,,,,,,
2404,Internal,2,13,84878,66,8.5,2.5,10,1138,992,160,1573,52,0,0,0,0,0,0,0,0,0,0,0,0,0,0,0,0,0,0,0,0,0,0,0,0,0,,,,,,,,
2405,Internal,2673,4983,84878,66,8.5,2.5,565,102,818,99,263,39,0,0,0,0,0,0,0,54,0,0,0,0,1312,0,0,0,0,0,0,0,0,0,0,0,0,,,,,,,,
2406,Internal,670,1243,82924,66,20.0,10.2,24,0,135,0,50,47,0,0,0,0,0,0,0,14,0,0,0,0,0,0,0,0,0,0,0,0,0,0,0,0,0,,,,,,,,
2407,Internal,1,4,84878,66,8.5,2.5,816,362,443,0,196,59,0,0,0,0,0,0,0,0,0,0,0,0,0,0,0,0,0,0,0,0,0,0,0,0,0,,,,,,,,
2408,Internal,329,628,82924,66,20.0,10.2,0,30,230,19,8,5,0,0,0,0,0,0,0,4,0,0,0,0,0,0,0,0,0,0,0,0,0,0,0,0,0,,,,,,,,
2409,Internal,1186,3463,115588,51,30.0,8.4,575,259,48,10,85,57,0,0,0,0,0,0,0,11,0,0,0,0,1758,0,0,0,0,0,0,0,0,0,0,0,0,,,,,,,,
2410,Internal,1786,3321,73422,63,18.7,6.5,339,185,917,13,1345,30,0,0,0,0,0,0,0,54,0,0,0,0,0,0,0,0,0,0,0,0,0,0,0,0,0,,,,,,,,
2411,Internal,36,69,147917,49,26.9,16.5,32,0,11,0,11,64,0,0,0,0,0,0,0,0,0,0,0,0,0,0,0,0,0,0,0,0,0,0,0,0,0,,,,,,,,
2412,Internal,176,535,147917,49,26.9,16.5,13,16,93,24,309,17,0,0,0,0,0,0,0,0,0,0,0,0,0,0,0,0,0,0,0,0,0,0,0,0,0,,,,,,,,
2413,Internal,151,436,147917,49,26.9,16.5,167,67,5,2,0,32,0,0,0,0,0,0,0,0,0,0,0,0,395,0,0,0,0,0,0,0,0,0,0,0,0,,,,,,,,
2414,Internal,288,748,147917,49,26.9,16.5,22,27,131,0,10,38,0,0,0,0,0,0,0,0,0,0,0,0,0,0,0,0,0,0,0,0,0,0,0,0,0,,,,,,,,
2415,Internal,353,979,37728,47,37.8,3.7,36,241,156,14,6,49,0,0,0,0,8,0,0,0,0,0,0,0,628,0,0,0,0,0,0,0,0,0,0,0,0,,,,,,,,
2416,Internal,398,1142,157969,49,21.3,20.6,21,170,32,0,18,53,0,0,0,0,0,0,0,0,0,0,0,0,0,0,0,0,0,0,0,0,0,0,0,0,0,,,,,,,,
2417,Internal,360,973,126923,49,23.4,9.4,31,110,41,52,11,51,0,0,0,0,0,0,0,0,0,0,0,0,0,0,0,0,0,0,0,0,0,0,0,0,0,,,,,,,,
2418,Internal,87,245,147917,49,26.9,16.5,48,7,4,0,0,24,0,0,0,0,0,0,0,0,0,0,0,0,0,0,0,0,0,0,0,0,0,0,0,0,0,,,,,,,,
2419,Internal,480,1417,146458,49,19.9,18.7,6,38,85,26,15,47,0,0,0,0,0,0,0,0,0,0,0,0,0,0,0,0,0,0,0,0,0,0,0,0,0,,,,,,,,
2420,Internal,718,2202,156111,49,32.2,9.4,80,50,83,3,20,48,0,0,0,0,0,0,0,4,0,0,0,0,0,0,0,0,0,0,0,0,0,0,0,0,0,,,,,,,,
2421,Internal,345,1153,111726,54,27.5,8.3,1,1,26,5,1,35,0,0,0,0,0,0,0,0,0,0,0,0,0,0,0,0,0,0,0,0,0,0,0,0,0,,,,,,,,
2422,Internal,424,1128,111726,54,27.5,8.3,5,4,19,0,0,21,0,0,0,0,0,0,0,0,0,0,0,0,0,0,0,0,0,0,0,0,0,0,0,0,0,,,,,,,,
2423,Internal,423,1207,128077,54,27.4,3.9,10,4,21,1,3,42,0,0,0,0,0,0,0,7,0,0,0,0,0,0,0,0,0,0,0,0,0,0,0,0,0,,,,,,,,
2424,Internal,166,450,128077,54,27.4,3.9,0,6,10,0,0,42,0,0,0,0,0,0,0,0,0,0,0,0,0,0,0,0,0,0,0,0,0,0,0,0,0,,,,,,,,
2425,Internal,173,530,146458,49,19.9,18.7,1,9,65,12,4,8,0,0,0,0,0,0,0,0,0,0,0,0,0,0,0,0,0,0,0,0,0,0,0,0,0,,,,,,,,
2426,Internal,753,1484,61490,48,12.3,26.7,586,1090,998,93,150,83,0,0,0,0,4,0,0,0,0,0,0,0,0,0,0,0,0,0,0,0,0,0,0,0,0,,,,,,,,
2427,Internal,913,1623,69509,49,19.5,31.7,88,22,913,71,574,26,0,0,0,0,16,0,0,0,0,0,0,0,0,0,0,0,0,0,0,0,0,0,0,0,0,,,,,,,,
2428,Internal,455,1062,95417,49,8.7,50.5,33,206,317,21,119,45,0,0,0,0,0,0,0,0,0,0,0,0,0,0,0,0,0,0,0,0,0,0,0,0,0,,,,,,,,
2429,Internal,701,1442,56125,49,10.2,33.1,5,3,155,33,16,26,0,0,0,0,4,0,0,0,0,0,0,0,0,0,0,0,0,0,0,0,0,0,0,0,0,,,,,,,,
2430,Internal,489,1077,74125,48,18.0,30.9,37,123,305,65,64,45,0,0,0,0,4,0,0,0,0,0,0,0,498,0,0,0,0,0,0,0,0,0,0,0,0,,,,,,,,
2431,Internal,360,691,86071,49,11.6,4.7,0,2,52,7,160,14,0,0,0,0,4,0,0,0,0,0,0,0,0,0,0,0,0,0,0,0,0,0,0,0,0,,,,,,,,
2432,Internal,23,68,74125,48,18.0,30.9,7,45,127,0,567,18,0,0,0,0,0,0,0,0,0,0,0,0,205,0,0,0,0,0,0,0,0,0,0,0,0,,,,,,,,
2433,Internal,425,680,74125,48,18.0,30.9,12,2,33,0,27,14,0,0,0,0,0,0,0,0,0,0,0,0,0,0,0,0,0,0,0,0,0,0,0,0,0,,,,,,,,
2434,Internal,1044,1835,56473,53,15.4,5.0,1,12,265,1,8,91,0,0,0,0,12,0,0,0,0,0,0,0,0,0,0,0,0,0,0,0,0,0,0,0,0,,,,,,,,
2435,Internal,265,577,56473,53,15.4,5.0,13,27,140,84,238,15,0,0,0,0,8,0,0,0,0,0,0,0,0,0,0,0,0,0,0,0,0,0,0,0,0,,,,,,,,
2436,Internal,376,799,79704,53,23.4,16.7,0,13,6,0,4,64,0,0,0,0,0,0,0,0,0,0,0,0,0,0,0,0,0,0,0,0,0,0,0,0,0,,,,,,,,
2437,Internal,151,351,79704,53,23.4,16.7,1,8,4,0,0,51,0,0,0,0,0,0,0,0,0,0,0,0,0,0,0,0,0,0,0,0,0,0,0,0,0,,,,,,,,
2438,Internal,501,1084,79704,53,23.4,16.7,3,12,22,1,5,52,0,0,0,0,0,0,0,0,0,0,0,0,0,0,0,0,0,0,0,0,0,0,0,0,0,,,,,,,,
2439,Internal,422,943,110528,53,17.9,37.3,4,6,40,6,2,43,0,0,0,0,0,0,0,0,0,0,0,0,0,0,0,0,0,0,0,0,0,0,0,0,0,,,,,,,,
2440,Internal,264,466,110528,53,17.9,37.3,0,77,26,0,1,40,0,0,0,0,0,0,0,0,0,0,0,0,238,0,0,0,0,0,0,0,0,0,0,0,0,,,,,,,,
2441,Internal,314,642,110528,53,17.9,37.3,14,38,81,20,7,20,0,0,0,0,0,0,0,0,0,0,0,0,0,0,0,0,0,0,0,0,0,0,0,0,0,,,,,,,,
2442,Internal,0,0,76956,25,25.0,11.0,0,0,0,0,0,40,0,0,0,0,0,0,0,0,0,0,0,0,0,0,0,0,0,0,0,0,0,0,0,0,0,,,,,,,,
2443,Internal,208,490,64052,70,15.2,2.5,18,3,0,0,0,58,0,0,0,0,0,0,0,0,0,0,0,0,0,0,0,0,0,0,0,0,0,0,0,0,0,,,,,,,,
2444,Internal,708,1568,76961,70,15.6,12.0,74,21,348,0,44,52,0,0,0,0,28,0,0,0,0,0,0,0,0,0,0,0,0,0,0,0,0,0,0,0,0,,,,,,,,
2445,Internal,229,463,76961,70,15.6,12.0,620,460,252,3,35,56,0,0,0,0,12,0,0,0,0,0,0,0,0,0,0,0,0,0,0,0,0,0,0,0,0,,,,,,,,
2446,Internal,0,0,76956,25,25.0,11.0,0,0,0,0,0,40,0,0,0,0,0,0,0,0,0,0,0,0,0,0,0,0,0,0,0,0,0,0,0,0,0,,,,,,,,
2447,Internal,0,0,76956,50,25.0,11.0,0,0,0,0,0,47,0,0,0,0,0,0,0,0,0,0,0,0,0,0,0,0,0,0,0,0,0,0,0,0,0,,,,,,,,
2448,Internal,507,1132,76961,70,15.6,12.0,113,7,88,0,44,49,0,0,0,0,0,0,0,0,0,0,0,0,0,0,0,0,0,0,0,0,0,0,0,0,0,,,,,,,,
2449,Internal,889,1638,60926,70,7.7,2.5,17,6,140,4,50,33,0,0,0,0,24,0,0,0,0,0,0,0,0,0,0,0,0,0,0,0,0,0,0,0,0,,,,,,,,
2450,Internal,723,1113,60926,70,7.7,2.5,0,0,16,5,0,49,0,0,0,0,80,0,0,0,0,0,0,0,0,0,0,0,0,0,0,0,0,0,0,0,0,,,,,,,,
2451,Internal,722,1390,64052,70,15.2,2.5,13,21,297,0,45,34,0,0,0,0,16,0,0,0,0,0,0,0,0,0,0,0,0,0,0,0,0,0,0,0,0,,,,,,,,
2452,Internal,1269,2764,78580,56,25.6,5.5,3,100,56,12,10,46,0,0,0,0,8,0,0,0,0,0,0,0,739,0,0,0,0,0,0,0,0,0,0,0,0,,,,,,,,
2453,Internal,632,1766,90075,49,29.2,7.5,56,5,28,3,0,42,0,0,0,0,0,0,0,0,0,0,0,0,0,0,0,0,0,0,0,0,0,0,0,0,0,,,,,,,,
2454,Internal,1000,2066,77121,56,19.8,11.4,36,107,241,55,15,49,0,0,0,0,52,0,0,0,0,0,0,0,0,0,0,0,0,0,0,0,0,0,0,0,0,,,,,,,,
2455,Internal,1080,2574,105107,52,27.6,6.4,47,1,48,6,3,36,0,0,0,0,8,0,0,0,0,0,0,0,0,0,0,0,0,0,0,0,0,0,0,0,0,,,,,,,,
2456,Internal,590,1545,105107,52,27.6,6.4,4,1,27,1,2,30,0,0,0,0,0,0,0,0,0,0,0,0,0,0,0,0,0,0,0,0,0,0,0,0,0,,,,,,,,
2457,Internal,228,673,77121,56,19.8,11.4,1,12,107,34,148,19,0,0,0,0,0,0,0,0,0,0,0,0,0,0,0,0,0,0,0,0,0,0,0,0,0,,,,,,,,
2458,Internal,756,1777,105107,52,27.6,6.4,0,6,295,11,99,40,0,0,0,0,0,0,0,0,0,0,0,0,0,0,0,0,0,0,0,0,0,0,0,0,0,,,,,,,,
2459,Internal,19,78,77121,56,19.8,11.4,0,408,0,0,0,49,0,0,0,0,0,0,0,0,0,0,0,0,4048,0,0,0,0,0,0,0,0,0,0,0,0,,,,,,,,
2460,Internal,586,1087,46364,57,20.0,6.4,13,6,239,7,564,19,0,0,0,0,40,0,0,0,0,0,0,0,0,0,0,0,0,0,0,0,0,0,0,0,0,,,,,,,,
2461,Internal,506,1106,75469,57,29.4,9.7,8,22,134,26,93,31,0,0,0,0,0,0,0,0,0,0,0,0,0,0,0,0,0,0,0,0,0,0,0,0,0,,,,,,,,
2462,Internal,0,0,75469,57,29.4,9.7,3,6,124,0,496,22,0,0,0,0,0,0,0,0,0,0,0,0,0,0,0,0,0,0,0,0,0,0,0,0,0,,,,,,,,
2463,Internal,532,1256,46364,57,20.0,6.4,10,22,6,0,0,23,0,0,0,0,4,0,0,0,0,0,0,0,0,0,0,0,0,0,0,0,0,0,0,0,0,,,,,,,,
2464,Internal,985,1936,69255,57,18.8,10.4,4,10,48,0,4,64,0,0,0,0,20,0,0,0,0,0,0,0,0,0,0,0,0,0,0,0,0,0,0,0,0,,,,,,,,
2465,Internal,344,1026,139338,57,16.5,18.5,9,11,8,123,5,60,0,0,0,0,0,0,0,0,0,0,0,0,0,0,0,0,0,0,0,0,0,0,0,0,0,,,,,,,,
2466,Internal,164,454,139338,57,16.5,18.5,0,2,4,5,0,60,0,0,0,0,0,0,0,0,0,0,0,0,0,0,0,0,0,0,0,0,0,0,0,0,0,,,,,,,,
2467,Internal,354,1044,123625,57,27.5,12.5,6,23,13,0,29,57,0,0,0,0,0,0,0,0,0,0,0,0,0,0,0,0,0,0,0,0,0,0,0,0,0,,,,,,,,
2468,Internal,338,817,123625,57,27.5,12.5,13,13,19,2,43,58,0,0,0,0,0,0,0,0,0,0,0,0,0,0,0,0,0,0,0,0,0,0,0,0,0,,,,,,,,
2469,Internal,217,616,111806,50,23.1,21.4,0,1,70,85,45,31,0,0,0,0,8,0,0,0,0,0,0,0,0,0,0,0,0,0,0,0,0,0,0,0,0,,,,,,,,
2470,Internal,743,1828,111806,50,23.1,21.4,11,6,41,1,55,32,0,0,0,0,0,0,0,0,0,0,0,0,0,0,0,0,0,0,0,0,0,0,0,0,0,,,,,,,,
2471,Internal,168,361,111806,50,23.1,21.4,15,155,320,36,606,11,0,0,0,0,8,0,0,0,0,0,0,0,0,0,0,0,0,0,0,0,0,0,0,0,0,,,,,,,,
2472,Internal,870,1434,45583,64,19.7,6.2,0,2,27,0,0,38,0,0,0,0,64,0,0,0,0,0,0,0,0,0,0,0,0,0,0,0,0,0,0,0,0,,,,,,,,
2473,Internal,415,791,48005,64,18.2,3.2,1,0,9,0,0,38,0,0,0,0,36,0,0,0,0,0,0,0,0,0,0,0,0,0,0,0,0,0,0,0,0,,,,,,,,
2474,Internal,366,647,48005,64,18.2,3.2,14,2,28,5,0,38,0,0,0,0,44,0,0,0,0,0,0,0,0,0,0,0,0,0,0,0,0,0,0,0,0,,,,,,,,
2475,Internal,371,717,45583,64,19.7,6.2,0,3,12,0,0,38,0,0,0,0,12,0,0,0,0,0,0,0,0,0,0,0,0,0,0,0,0,0,0,0,0,,,,,,,,
2476,Internal,139,273,45583,64,19.7,6.2,0,0,1,0,0,38,0,0,0,0,0,0,0,0,0,0,0,0,0,0,0,0,0,0,0,0,0,0,0,0,0,,,,,,,,
2477,Internal,640,1323,77054,56,6.6,17.9,48,27,278,4,61,39,0,0,0,0,8,0,0,0,0,0,0,0,0,0,0,0,0,0,0,0,0,0,0,0,0,,,,,,,,
2478,Internal,667,1649,115564,56,23.7,19.3,13,2,71,14,5,27,0,0,0,0,0,0,0,0,0,0,0,0,0,0,0,0,0,0,0,0,0,0,0,0,0,,,,,,,,
2479,Internal,658,1552,77391,56,17.2,19.8,3,10,90,0,35,36,0,0,0,0,32,0,0,0,0,0,0,0,3,0,0,0,0,0,0,0,0,0,0,0,0,,,,,,,,
2480,Internal,377,762,77391,56,17.2,19.8,0,8,0,0,20,27,0,0,0,0,0,0,0,0,0,0,0,0,0,0,0,0,0,0,0,0,0,0,0,0,0,,,,,,,,
2481,Internal,0,0,77391,56,17.2,19.8,0,79,8,16,0,41,0,0,0,0,0,0,0,0,0,0,0,0,545,0,0,0,0,0,0,0,0,0,0,0,0,,,,,,,,
2482,Internal,746,1646,69464,53,24.1,16.7,14,22,233,5,36,65,0,0,0,0,4,0,0,0,0,0,0,0,0,0,0,0,0,0,0,0,0,0,0,0,0,,,,,,,,
2483,Internal,393,1039,130875,53,23.0,18.0,4,85,104,1,16,35,0,0,0,0,0,0,0,0,0,0,0,0,0,0,0,0,0,0,0,0,0,0,0,0,0,,,,,,,,
2484,Internal,352,805,130875,53,23.0,18.0,11,98,55,9,173,26,0,0,0,0,0,0,0,0,0,0,0,0,504,0,0,0,0,0,0,0,0,0,0,0,0,,,,,,,,
2485,Internal,843,1559,54188,56,8.7,12.0,6,9,29,0,32,28,0,0,0,0,8,0,0,0,0,0,0,0,0,0,0,0,0,0,0,0,0,0,0,0,0,,,,,,,,
2486,Internal,392,855,51064,56,30.8,12.8,82,2767,834,91,28,47,0,0,0,0,8,0,0,0,0,0,0,0,1807,0,0,0,0,0,0,0,0,0,0,0,0,,,,,,,,
2487,Internal,228,660,51064,56,30.8,12.8,12,88,214,10,36,47,0,0,0,0,0,0,0,0,0,0,0,0,553,0,0,0,0,0,0,0,0,0,0,0,0,,,,,,,,
2488,Internal,215,452,57839,56,10.8,21.3,0,5,2,0,0,45,0,0,0,0,0,0,0,0,0,0,0,0,0,0,0,0,0,0,0,0,0,0,0,0,0,,,,,,,,
2489,Internal,427,699,57839,56,10.8,21.3,7,3,7,0,0,45,0,0,0,0,8,0,0,0,0,0,0,0,0,0,0,0,0,0,0,0,0,0,0,0,0,,,,,,,,
2490,Internal,160,497,179688,41,27.8,10.9,57,40,42,3,6,51,0,0,0,0,0,0,0,0,0,0,0,0,0,0,0,0,0,0,0,0,0,0,0,0,0,,,,,,,,
2491,Internal,506,1437,115208,44,20.1,23.2,46,125,61,9,37,49,0,0,0,0,0,0,0,0,0,0,0,0,755,0,0,0,0,0,0,0,0,0,0,0,0,,,,,,,,
2492,Internal,239,593,115208,44,20.1,23.2,31,9,37,0,17,32,0,0,0,0,0,0,0,0,0,0,0,0,0,0,0,0,0,0,0,0,0,0,0,0,0,,,,,,,,
2493,Internal,286,774,179688,41,27.8,10.9,5,45,30,0,6,24,0,0,0,0,0,0,0,0,0,0,0,0,0,0,0,0,0,0,0,0,0,0,0,0,0,,,,,,,,
2494,Internal,266,736,140938,41,14.7,29.4,7,24,33,0,22,77,0,0,0,0,0,0,0,0,0,0,0,0,0,0,0,0,0,0,0,0,0,0,0,0,0,,,,,,,,
2495,Internal,547,1644,137500,48,29.6,11.1,25,45,49,30,28,78,0,0,0,0,0,0,0,0,0,0,0,0,0,0,0,0,0,0,0,0,0,0,0,0,0,,,,,,,,
2496,Internal,272,776,137500,48,29.6,11.1,8,47,55,9,0,49,0,0,0,0,0,0,0,0,0,0,0,0,0,0,0,0,0,0,0,0,0,0,0,0,0,,,,,,,,
2497,Internal,154,496,137500,48,29.6,11.1,12,55,31,0,2,53,0,0,0,0,0,0,0,0,0,0,0,0,0,0,0,0,0,0,0,0,0,0,0,0,0,,,,,,,,
2498,Internal,225,608,146842,45,27.7,11.5,36,24,16,0,2,46,0,0,0,0,0,0,0,0,0,0,0,0,0,0,0,0,0,0,0,0,0,0,0,0,0,,,,,,,,
2499,Internal,449,1380,146842,45,27.7,11.5,33,34,65,5,26,43,0,0,0,0,0,0,0,0,0,0,0,0,0,0,0,0,0,0,0,0,0,0,0,0,0,,,,,,,,
2500,Internal,145,411,171979,45,28.9,14.8,0,2,65,0,47,20,0,0,0,0,0,0,0,0,0,0,0,0,0,0,0,0,0,0,0,0,0,0,0,0,0,,,,,,,,
2501,Internal,276,818,171979,45,28.9,14.8,87,12,18,0,14,77,0,0,0,0,0,0,0,0,0,0,0,0,0,0,0,0,0,0,0,0,0,0,0,0,0,,,,,,,,
2502,Internal,17,67,137500,48,29.6,11.1,0,167,2,16,0,47,0,0,0,0,0,0,0,0,0,0,0,0,662,0,0,0,0,0,0,0,0,0,0,0,0,,,,,,,,
2503,Internal,162,445,146842,45,27.7,11.5,7,9,20,0,8,58,0,0,0,0,0,0,0,0,0,0,0,0,0,0,0,0,0,0,0,0,0,0,0,0,0,,,,,,,,
2504,Internal,73,219,171979,45,28.9,14.8,5,3,2,0,4,52,0,0,0,0,0,0,0,0,0,0,0,0,0,0,0,0,0,0,0,0,0,0,0,0,0,,,,,,,,
2505,Internal,128,415,115208,44,20.1,23.2,8,0,10,0,0,65,0,0,0,0,0,0,0,0,0,0,0,0,0,0,0,0,0,0,0,0,0,0,0,0,0,,,,,,,,
2506,Internal,137,363,137500,48,29.6,11.1,2,25,44,3,114,14,0,0,0,0,0,0,0,0,0,0,0,0,0,0,0,0,0,0,0,0,0,0,0,0,0,,,,,,,,
2507,Internal,149,462,130104,47,25.0,18.3,0,18,28,6,2,25,0,0,0,0,0,0,0,0,0,0,0,0,0,0,0,0,0,0,0,0,0,0,0,0,0,,,,,,,,
2508,Internal,120,364,130104,47,25.0,18.3,3,9,19,0,3,25,0,0,0,0,0,0,0,0,0,0,0,0,0,0,0,0,0,0,0,0,0,0,0,0,0,,,,,,,,
2509,Internal,276,788,130104,47,25.0,18.3,7,82,13,0,64,21,0,0,0,0,0,0,0,0,0,0,0,0,0,0,0,0,0,0,0,0,0,0,0,0,0,,,,,,,,
2510,Internal,222,564,130104,47,25.0,18.3,20,120,125,29,18,25,0,0,0,0,0,0,0,0,0,0,0,0,0,0,0,0,0,0,0,0,0,0,0,0,0,,,,,,,,
2511,Internal,480,1321,163688,48,26.2,16.8,21,93,186,0,32,42,0,0,0,0,0,0,0,0,0,0,0,0,0,0,0,0,0,0,0,0,0,0,0,0,0,,,,,,,,
2512,Internal,354,1005,163688,48,26.2,16.8,62,34,18,10,8,25,0,0,0,0,0,0,0,0,0,0,0,0,0,0,0,0,0,0,0,0,0,0,0,0,0,,,,,,,,
2513,Internal,51,138,99861,48,19.4,16.9,6,3,2,0,3,25,0,0,0,0,0,0,0,0,0,0,0,0,0,0,0,0,0,0,0,0,0,0,0,0,0,,,,,,,,
2514,Internal,194,588,99861,48,19.4,16.9,0,89,12,0,2,44,0,0,0,0,0,0,0,0,0,0,0,0,624,0,0,0,0,0,0,0,0,0,0,0,0,,,,,,,,
2515,Internal,114,327,99861,48,19.4,16.9,0,6,34,0,11,25,0,0,0,0,0,0,0,0,0,0,0,0,0,0,0,0,0,0,0,0,0,0,0,0,0,,,,,,,,
2516,Internal,368,688,99861,48,19.4,16.9,233,13,289,7,429,26,0,0,0,0,20,0,0,0,0,0,0,0,0,0,0,0,0,0,0,0,0,0,0,0,0,,,,,,,,
2517,Internal,22,79,99861,48,19.4,16.9,2,44,8,10,29,6,0,0,0,0,0,0,0,0,0,0,0,0,400,0,0,0,0,0,0,0,0,0,0,0,0,,,,,,,,
2518,Internal,362,986,172813,47,23.0,19.8,5,24,75,25,230,14,0,0,0,0,0,0,0,0,0,0,0,0,0,0,0,0,0,0,0,0,0,0,0,0,0,,,,,,,,
2519,Internal,163,479,172813,47,23.0,19.8,0,7,36,29,0,31,0,0,0,0,0,0,0,0,0,0,0,0,0,0,0,0,0,0,0,0,0,0,0,0,0,,,,,,,,
2520,Internal,243,617,160000,47,18.5,19.3,25,35,34,3,3,54,0,0,0,0,0,0,0,0,0,0,0,0,0,0,0,0,0,0,0,0,0,0,0,0,0,,,,,,,,
2521,Internal,123,410,160000,47,18.5,19.3,62,23,15,0,2,59,0,0,0,0,0,0,0,0,0,0,0,0,0,0,0,0,0,0,0,0,0,0,0,0,0,,,,,,,,
2522,Internal,70,203,147614,47,25.7,20.9,65,77,13,14,3,25,0,0,0,0,0,0,0,0,0,0,0,0,0,0,0,0,0,0,0,0,0,0,0,0,0,,,,,,,,
2523,Internal,25,75,147614,47,25.7,20.9,17,7,250,18,114,24,0,0,0,0,0,0,0,0,0,0,0,0,0,0,0,0,0,0,0,0,0,0,0,0,0,,,,,,,,
2524,Internal,242,631,147614,47,25.7,20.9,33,28,32,5,49,29,0,0,0,0,0,0,0,0,0,0,0,0,0,0,0,0,0,0,0,0,0,0,0,0,0,,,,,,,,
2525,Internal,105,234,137500,48,29.6,11.1,3,4,6,0,7,49,0,0,0,0,0,0,0,0,0,0,0,0,0,0,0,0,0,0,0,0,0,0,0,0,0,,,,,,,,
2526,Internal,141,360,137500,48,29.6,11.1,7,2,43,0,7,49,0,0,0,0,0,0,0,0,0,0,0,0,0,0,0,0,0,0,0,0,0,0,0,0,0,,,,,,,,
2527,Internal,399,1137,130375,44,23.0,9.7,53,85,45,3,5,48,0,0,0,0,0,0,0,0,0,0,0,0,0,0,0,0,0,0,0,0,0,0,0,0,0,,,,,,,,
2528,Internal,205,536,64911,47,4.6,26.4,46,7,4,0,0,15,0,0,0,0,0,0,0,0,0,0,0,0,0,0,0,0,0,0,0,0,0,0,0,0,0,,,,,,,,
2529,Internal,78,233,64911,47,4.6,26.4,20,3,8,3,0,29,0,0,0,0,0,0,0,0,0,0,0,0,0,0,0,0,0,0,0,0,0,0,0,0,0,,,,,,,,
2530,Internal,129,282,64911,47,4.6,26.4,38,40,4,0,0,29,0,0,0,0,0,0,0,0,0,0,0,0,0,0,0,0,0,0,0,0,0,0,0,0,0,,,,,,,,
2531,Internal,43,132,64911,47,4.6,26.4,0,5,7,0,4,29,0,0,0,0,0,0,0,0,0,0,0,0,0,0,0,0,0,0,0,0,0,0,0,0,0,,,,,,,,
2532,Internal,374,1110,158047,47,28.1,10.3,29,163,39,0,24,42,0,0,0,0,0,0,0,0,0,0,0,0,0,0,0,0,0,0,0,0,0,0,0,0,0,,,,,,,,
2533,Internal,524,1601,158047,47,28.1,10.3,108,53,152,4,19,29,0,0,0,0,0,0,0,0,0,0,0,0,0,0,0,0,0,0,0,0,0,0,0,0,0,,,,,,,,
2534,Internal,273,836,112375,47,24.2,7.5,16,22,13,3,0,29,0,0,0,0,0,0,0,0,0,0,0,0,0,0,0,0,0,0,0,0,0,0,0,0,0,,,,,,,,
2535,Internal,224,648,167206,47,29.4,13.8,8,12,34,0,63,38,0,0,0,0,0,0,0,0,0,0,0,0,0,0,0,0,0,0,0,0,0,0,0,0,0,,,,,,,,
2536,Internal,399,1143,167206,47,29.4,13.8,37,18,25,87,9,28,0,0,0,0,0,0,0,0,0,0,0,0,0,0,0,0,0,0,0,0,0,0,0,0,0,,,,,,,,
2537,Internal,582,1708,167206,47,29.4,13.8,20,15,155,56,2,24,0,0,0,0,0,0,0,0,0,0,0,0,0,0,0,0,0,0,0,0,0,0,0,0,0,,,,,,,,
2538,Internal,357,1040,112375,47,24.2,7.5,41,6,12,0,6,29,0,0,0,0,0,0,0,0,0,0,0,0,0,0,0,0,0,0,0,0,0,0,0,0,0,,,,,,,,
2539,Internal,254,807,167206,47,29.4,13.8,24,45,32,0,4,32,0,0,0,0,0,0,0,0,0,0,0,0,0,0,0,0,0,0,0,0,0,0,0,0,0,,,,,,,,
2540,Internal,90,277,167206,47,29.4,13.8,6,5,3,0,4,29,0,0,0,0,0,0,0,0,0,0,0,0,0,0,0,0,0,0,0,0,0,0,0,0,0,,,,,,,,
2541,Internal,118,328,112375,47,24.2,7.5,31,13,5,0,0,29,0,0,0,0,0,0,0,0,0,0,0,0,0,0,0,0,0,0,0,0,0,0,0,0,0,,,,,,,,
2542,Internal,118,241,31294,53,15.1,7.4,173,417,984,6,129,57,0,0,0,0,0,0,0,0,0,0,0,0,0,0,0,0,0,0,0,0,0,0,0,0,0,,,,,,,,
2543,Internal,986,1853,31294,53,15.1,7.4,12,40,602,9,553,13,0,0,0,0,28,0,0,0,0,0,0,0,0,0,0,0,0,0,0,0,0,0,0,0,0,,,,,,,,
2544,Internal,851,1735,63924,53,18.0,23.1,9,229,622,46,28,30,0,0,0,0,16,0,0,0,0,0,0,0,138,0,0,0,0,0,0,0,0,0,0,0,0,,,,,,,,
2545,Internal,768,1670,54000,53,11.5,20.7,29,75,149,39,17,11,0,0,0,0,0,0,0,0,0,0,0,0,431,0,0,0,0,0,0,0,0,0,0,0,0,,,,,,,,
2546,Internal,338,783,97991,46,17.5,24.4,6,219,28,62,40,40,0,0,0,0,0,0,0,0,0,0,0,0,2278,0,0,0,0,0,0,0,0,0,0,0,0,,,,,,,,
2547,Internal,241,667,99625,46,20.8,23.4,0,0,13,0,0,30,0,0,0,0,0,0,0,0,0,0,0,0,0,0,0,0,0,0,0,0,0,0,0,0,0,,,,,,,,
2548,Internal,150,392,102344,46,29.3,15.8,3,1,15,0,3,43,0,0,0,0,0,0,0,0,0,0,0,0,0,0,0,0,0,0,0,0,0,0,0,0,0,,,,,,,,
2549,Internal,169,523,99625,46,20.8,23.4,0,1,21,0,0,30,0,0,0,0,0,0,0,0,0,0,0,0,0,0,0,0,0,0,0,0,0,0,0,0,0,,,,,,,,
2550,Internal,278,593,99625,46,20.8,23.4,4,103,39,7,0,43,0,0,0,0,0,0,0,0,0,0,0,0,622,0,0,0,0,0,0,0,0,0,0,0,0,,,,,,,,
2551,Internal,470,1154,113194,46,28.0,18.0,41,45,502,3,36,21,0,0,0,0,0,0,0,0,0,0,0,0,0,0,0,0,0,0,0,0,0,0,0,0,0,,,,,,,,
2552,Internal,286,726,102344,46,29.3,15.8,1,2,8,0,3,20,0,0,0,0,0,0,0,0,0,0,0,0,0,0,0,0,0,0,0,0,0,0,0,0,0,,,,,,,,
2553,Internal,510,1324,84375,46,18.9,22.5,112,504,537,74,38,43,0,0,0,0,0,0,0,0,0,0,0,0,307,0,0,0,0,0,0,0,0,0,0,0,0,,,,,,,,
2554,Internal,106,315,102344,46,29.3,15.8,14,20,479,10,34,54,0,0,0,0,0,0,0,0,0,0,0,0,0,0,0,0,0,0,0,0,0,0,0,0,0,,,,,,,,
2555,Internal,25,80,102344,46,29.3,15.8,0,0,0,20,10,0,0,0,0,0,0,0,0,0,0,0,0,0,0,0,0,0,0,0,0,0,0,0,0,0,0,,,,,,,,
2556,Internal,440,1010,37686,51,26.9,3.2,3,19,195,16,0,45,0,0,0,0,8,0,0,0,0,0,0,0,0,0,0,0,0,0,0,0,0,0,0,0,0,,,,,,,,
2557,Internal,693,1165,38371,51,7.1,53.1,9,74,136,73,393,23,0,0,0,0,0,0,0,0,0,0,0,0,0,0,0,0,0,0,0,0,0,0,0,0,0,,,,,,,,
2558,Internal,392,837,44968,51,19.1,16.8,23,74,39,10,8,26,0,0,0,0,8,0,0,0,0,0,0,0,272,0,0,0,0,0,0,0,0,0,0,0,0,,,,,,,,
2559,Internal,144,290,38371,51,7.1,53.1,0,6,3,0,0,33,0,0,0,0,0,0,0,0,0,0,0,0,0,0,0,0,0,0,0,0,0,0,0,0,0,,,,,,,,
2560,Internal,156,346,44968,51,19.1,16.8,0,12,2,0,0,24,0,0,0,0,4,0,0,0,0,0,0,0,0,0,0,0,0,0,0,0,0,0,0,0,0,,,,,,,,
2561,Internal,475,1060,56412,51,23.7,5.5,119,17,157,0,26,18,0,0,0,0,0,0,0,0,0,0,0,0,0,0,0,0,0,0,0,0,0,0,0,0,0,,,,,,,,
2562,Internal,226,521,56412,51,23.7,5.5,0,6,70,29,68,12,0,0,0,0,0,0,0,0,0,0,0,0,0,0,0,0,0,0,0,0,0,0,0,0,0,,,,,,,,
2563,Internal,164,292,51406,58,26.4,5.9,58,2,166,0,54,30,0,0,0,0,8,0,0,0,0,0,0,0,0,0,0,0,0,0,0,0,0,0,0,0,0,,,,,,,,
2564,Internal,311,604,51875,52,27.3,3.8,57,309,1321,72,167,42,0,0,0,0,12,0,0,0,0,0,0,0,0,0,0,0,0,0,0,0,0,0,0,0,0,,,,,,,,
2565,Internal,583,1708,51875,52,27.3,3.8,30,21,566,44,287,20,0,0,0,0,8,0,0,0,0,0,0,0,0,0,0,0,0,0,0,0,0,0,0,0,0,,,,,,,,
2566,Internal,384,970,114483,52,17.3,21.6,105,72,553,32,61,32,0,0,0,0,0,0,0,0,0,0,0,0,0,0,0,0,0,0,0,0,0,0,0,0,0,,,,,,,,
2567,Internal,1019,2102,70625,55,18.9,5.7,81,698,1508,100,306,43,0,0,0,0,4,0,0,0,0,0,0,0,0,0,0,0,0,0,0,0,0,0,0,0,0,,,,,,,,
2568,Internal,891,1817,60921,55,23.3,19.2,7,13,146,3,99,41,0,0,0,0,4,0,0,0,0,0,0,0,0,0,0,0,0,0,0,0,0,0,0,0,0,,,,,,,,
2569,Internal,2,15,60921,55,23.3,19.2,0,176,144,33,27,45,0,0,0,0,0,0,0,0,0,0,0,0,1160,0,0,0,0,0,0,0,0,0,0,0,0,,,,,,,,
2570,Internal,77,167,60921,55,23.3,19.2,17,100,179,23,10,52,0,0,0,0,0,0,0,0,0,0,0,0,855,0,0,0,0,0,0,0,0,0,0,0,0,,,,,,,,
2571,Internal,480,1128,31129,50,21.4,2.5,18,60,242,63,318,12,0,0,0,0,16,0,0,0,0,0,0,0,0,0,0,0,0,0,0,0,0,0,0,0,0,,,,,,,,
2572,Internal,672,1632,40983,50,18.6,2.5,0,0,7,0,3,19,0,0,0,0,4,0,0,0,0,0,0,0,0,0,0,0,0,0,0,0,0,0,0,0,0,,,,,,,,
2573,Internal,587,1662,64932,50,20.0,4.3,10,5,4,1,132,12,0,0,0,0,0,0,0,0,0,0,0,0,0,0,0,0,0,0,0,0,0,0,0,0,0,,,,,,,,
2574,Internal,392,808,34771,50,24.0,5.6,23,1,456,3,47,37,0,0,0,0,0,0,0,0,0,0,0,0,0,0,0,0,0,0,0,0,0,0,0,0,0,,,,,,,,
2575,Internal,520,1256,34771,50,24.0,5.6,3,1,13,0,0,19,0,0,0,0,4,0,0,0,0,0,0,0,0,0,0,0,0,0,0,0,0,0,0,0,0,,,,,,,,
2576,Internal,632,1766,90075,49,29.2,7.5,50,109,57,73,0,43,0,0,0,0,0,0,0,0,0,0,0,0,659,0,0,0,0,0,0,0,0,0,0,0,0,,,,,,,,
2577,Internal,343,855,56875,53,26.0,8.8,165,710,276,57,453,45,0,0,0,0,4,0,0,0,0,0,0,0,792,0,0,0,0,0,0,0,0,0,0,0,0,,,,,,,,
2578,Internal,1002,2725,76680,49,34.0,7.9,5,19,40,0,6,17,0,0,0,0,0,0,0,0,0,0,0,0,0,0,0,0,0,0,0,0,0,0,0,0,0,,,,,,,,
2579,Internal,481,1426,44798,49,32.1,10.2,334,19,77,0,51,46,0,0,0,0,0,0,0,0,0,0,0,0,0,0,0,0,0,0,0,0,0,0,0,0,0,,,,,,,,
2580,Internal,206,427,76680,49,34.0,7.9,3,129,4,0,0,46,0,0,0,0,0,0,0,0,0,0,0,0,450,0,0,0,0,0,0,0,0,0,0,0,0,,,,,,,,
2581,Internal,1385,3452,109375,53,29.6,9.1,64,17,403,90,45,33,0,0,0,0,8,0,0,0,0,0,0,0,826,0,0,0,0,0,0,0,0,0,0,0,0,,,,,,,,
2582,Internal,712,2020,110556,53,23.6,15.1,4,66,137,78,3,51,0,0,0,0,0,0,0,0,0,0,0,0,0,0,0,0,0,0,0,0,0,0,0,0,0,,,,,,,,
2583,Internal,535,893,110556,53,23.6,15.1,26,21,878,45,402,23,0,0,0,0,8,0,0,0,0,0,0,0,0,0,0,1,0,0,0,0,0,0,0,0,0,,,,,,,,
2584,Internal,264,826,90075,49,29.2,7.5,2,2,14,0,15,9,0,0,0,0,4,0,0,0,0,0,0,0,0,0,0,0,0,0,0,0,0,0,0,0,0,,,,,,,,
2585,Internal,842,2354,90075,49,29.2,7.5,2,4,219,6,34,36,0,0,0,0,4,0,0,0,0,0,0,0,0,0,0,0,0,0,0,0,0,0,0,0,0,,,,,,,,
2586,Internal,684,1743,90075,49,29.2,7.5,118,7,92,6,30,69,0,0,0,0,0,0,0,0,0,0,0,0,0,0,0,0,0,0,0,0,0,0,0,0,0,,,,,,,,
2587,Internal,1016,1993,45262,58,22.4,3.3,150,187,287,31,129,28,0,0,0,0,16,0,0,0,0,0,0,0,0,0,0,0,0,0,0,0,0,0,0,0,0,,,,,,,,
2588,Internal,271,743,90075,49,29.2,7.5,4,9,16,0,0,42,0,0,0,0,0,0,0,0,0,0,0,0,0,0,0,0,0,0,0,0,0,0,0,0,0,,,,,,,,
2589,Internal,1,4,109375,53,29.6,9.1,391,0,8,0,14,87,0,0,0,0,0,0,0,0,0,0,0,0,0,0,0,0,0,0,0,0,0,0,0,0,0,,,,,,,,
2590,Internal,164,496,140647,53,29.5,7.7,8,14,0,0,8,47,0,0,0,0,0,0,0,0,0,0,0,0,0,0,0,0,0,0,0,0,0,0,0,0,0,,,,,,,,
2591,Internal,350,1179,110556,53,23.6,15.1,15,9,9,1,0,62,0,0,0,0,0,0,0,0,0,0,0,0,0,0,0,0,0,0,0,0,0,0,0,0,0,,,,,,,,
2592,Internal,468,1116,110556,53,23.6,15.1,7,0,32,35,1,48,0,0,0,0,0,0,0,0,0,0,0,0,0,0,0,0,0,0,0,0,0,0,0,0,0,,,,,,,,
2593,Internal,921,2644,140647,53,29.5,7.7,13,7,50,8,30,43,0,0,0,0,0,0,0,0,0,0,0,0,0,0,0,0,0,0,0,0,0,0,0,0,0,,,,,,,,
2594,Internal,581,1323,67414,53,26.4,8.3,26,6,50,0,3,47,0,0,0,0,0,0,0,0,0,0,0,0,0,0,0,0,0,0,0,0,0,0,0,0,0,,,,,,,,
2595,Internal,588,1232,81094,58,17.6,22.7,510,93,336,15,64,49,0,0,0,0,4,0,0,0,0,0,0,0,28,0,0,0,0,0,0,0,0,0,0,0,0,,,,,,,,
2596,Internal,295,754,84844,58,10.3,7.9,0,123,33,0,3,53,0,0,0,0,0,0,0,0,0,0,0,0,806,0,0,0,0,0,0,0,0,0,0,0,0,,,,,,,,
2597,Internal,401,1019,84844,58,10.3,7.9,0,0,1,0,3,43,0,0,0,0,0,0,0,0,0,0,0,0,0,0,0,0,0,0,0,0,0,0,0,0,0,,,,,,,,
2598,Internal,0,0,45262,58,22.4,3.3,82,61,35,95,304,42,0,0,0,0,0,0,0,0,0,0,0,0,505,0,0,0,0,0,0,0,0,0,0,0,0,,,,,,,,
2599,Internal,0,0,65789,55,22.7,5.7,525,61,215,0,7,52,0,0,0,0,0,0,0,0,0,0,0,0,0,0,0,0,0,0,0,0,0,0,0,0,0,,,,,,,,
2600,Internal,550,1145,65789,55,22.7,5.7,434,134,137,0,16,54,0,0,0,0,0,0,0,0,0,0,0,0,0,0,0,0,0,0,0,0,0,0,0,0,0,,,,,,,,
2601,Internal,307,628,65789,55,22.7,5.7,0,6,7,3,0,46,0,0,0,0,12,0,0,0,0,0,0,0,0,0,0,0,0,0,0,0,0,0,0,0,0,,,,,,,,
2602,Internal,482,1362,81094,58,17.6,22.7,6,7,8,0,2,72,0,0,0,0,0,0,0,0,0,0,0,0,0,0,0,0,0,0,0,0,0,0,0,0,0,,,,,,,,
2603,Internal,272,722,84436,58,26.0,9.8,3,126,2,0,0,49,0,0,0,0,0,0,0,0,0,0,0,0,978,0,0,0,0,0,0,0,0,0,0,0,0,,,,,,,,
2604,Internal,498,973,84436,58,26.0,9.8,22,21,154,4,580,16,0,0,0,0,8,0,0,0,0,0,0,0,0,0,0,0,0,0,0,0,0,0,0,0,0,,,,,,,,
2605,Internal,401,954,65789,55,22.7,5.7,5,146,236,0,105,18,0,0,0,0,8,0,0,0,0,0,0,0,0,0,0,0,0,0,0,0,0,0,0,0,0,,,,,,,,
2606,Internal,0,0,81094,58,17.6,22.7,114,27,462,0,113,49,0,0,0,0,0,0,0,0,0,0,0,0,0,0,0,0,0,0,0,0,0,0,0,0,0,,,,,,,,
2607,Internal,66,73,51406,58,26.4,5.9,378,150,382,37,139,27,0,0,0,0,0,0,0,0,0,0,0,0,0,0,0,0,0,0,0,0,0,0,0,0,0,,,,,,,,
2608,Internal,0,0,51406,58,26.4,5.9,599,121,775,39,116,42,0,0,0,0,0,0,0,0,0,0,0,0,0,0,0,0,0,0,0,0,0,0,0,0,0,,,,,,,,
2609,Internal,0,0,51406,58,26.4,5.9,0,0,42,0,899,16,0,0,0,0,4,0,0,0,0,0,0,0,0,0,0,0,0,0,0,0,0,0,0,0,0,,,,,,,,
2610,Internal,117,305,51406,58,26.4,5.9,27,22,667,34,325,53,0,0,0,0,0,0,0,0,0,0,0,0,0,0,0,0,0,0,0,0,0,0,0,0,0,,,,,,,,
2611,Internal,214,443,51406,58,26.4,5.9,50,29,90,15,59,13,0,0,0,0,0,0,0,0,0,0,0,0,0,0,0,0,0,0,0,0,0,0,0,0,0,,,,,,,,
2612,Internal,0,0,51406,58,26.4,5.9,255,411,269,15,96,52,0,0,0,0,0,0,0,0,0,0,0,0,0,0,0,0,0,0,0,0,0,0,0,0,0,,,,,,,,
2613,Internal,35,136,51406,58,26.4,5.9,341,45,277,3,248,66,0,0,0,0,0,0,0,0,0,0,0,0,199,0,0,0,0,0,0,0,0,0,0,0,0,,,,,,,,
2614,Internal,0,0,51406,58,26.4,5.9,53,6,469,119,432,16,0,0,0,0,0,0,0,0,0,0,0,0,0,0,0,0,0,0,0,0,0,0,0,0,0,,,,,,,,
2615,Internal,52,123,80341,53,30.1,8.5,0,59,2,3,0,45,0,0,0,0,0,0,0,0,0,0,0,0,0,0,0,0,0,0,0,0,0,0,0,0,0,,,,,,,,
2616,Internal,411,1097,80341,53,30.1,8.5,41,32,5,1,11,39,0,0,0,0,0,0,0,0,0,0,0,0,0,0,0,0,0,0,0,0,0,0,0,0,0,,,,,,,,
2617,Internal,674,1992,83750,53,27.2,2.5,4,16,11,2,2,30,0,0,0,0,0,0,0,0,0,0,0,0,0,0,0,0,0,0,0,0,0,0,0,0,0,,,,,,,,
2618,Internal,525,1443,41786,53,22.6,16.8,0,0,15,0,3,16,0,0,0,0,0,0,0,0,0,0,0,0,0,0,0,0,0,0,0,0,0,0,0,0,0,,,,,,,,
2619,Internal,525,1397,80341,53,30.1,8.5,4,112,22,15,14,52,0,0,0,0,0,0,0,0,0,0,0,0,949,0,0,0,0,0,0,0,0,0,0,0,0,,,,,,,,
2620,Internal,15,43,41786,53,22.6,16.8,4,6,0,0,0,16,0,0,0,0,0,0,0,0,0,0,0,0,0,0,0,0,0,0,0,0,0,0,0,0,0,,,,,,,,
2621,Internal,258,653,110848,53,28.3,6.6,0,12,19,0,4,17,0,0,0,0,0,0,0,0,0,0,0,0,0,0,0,0,0,0,0,0,0,0,0,0,0,,,,,,,,
2622,Internal,0,0,110848,53,28.3,6.6,2,1,0,0,9,45,0,0,0,0,0,0,0,0,0,0,0,0,0,0,0,0,0,0,0,0,0,0,0,0,0,,,,,,,,
2623,Internal,136,323,41786,53,22.6,16.8,7,0,8,3,0,16,0,0,0,0,0,0,0,0,0,0,0,0,0,0,0,0,0,0,0,0,0,0,0,0,0,,,,,,,,
2624,Internal,139,394,41786,53,22.6,16.8,1,46,3,15,0,16,0,0,0,0,0,0,0,0,0,0,0,0,791,0,0,0,0,0,0,0,0,0,0,0,0,,,,,,,,
2625,Internal,318,684,66987,53,17.3,8.2,2,0,47,0,0,16,0,0,0,0,8,0,0,0,0,0,0,0,0,0,0,0,0,0,0,0,0,0,0,0,0,,,,,,,,
2626,Internal,28,130,41786,53,22.6,16.8,5,2,0,0,0,0,0,0,0,0,0,0,0,0,0,0,0,0,0,0,0,0,0,0,0,0,0,0,0,0,0,,,,,,,,
2627,Internal,1581,4911,110848,53,28.3,6.6,9,23,39,0,5,53,0,0,0,0,0,0,0,0,0,0,0,0,0,0,0,0,0,0,0,0,0,0,0,0,0,,,,,,,,
2628,Internal,417,1165,66042,51,23.4,10.2,12,13,11,0,9,21,0,0,0,0,0,0,0,0,0,0,0,0,0,0,0,0,0,0,0,0,0,0,0,0,0,,,,,,,,
2629,Internal,127,299,66042,51,23.4,10.2,23,7,20,0,7,28,0,0,0,0,0,0,0,0,0,0,0,0,0,0,0,0,0,0,0,0,0,0,0,0,0,,,,,,,,
2630,Internal,254,740,66042,51,23.4,10.2,26,151,50,0,3,18,0,0,0,0,0,0,0,0,0,0,0,0,0,0,0,0,0,0,0,0,0,0,0,0,0,,,,,,,,
2631,Internal,108,255,80341,53,30.1,8.5,28,23,12,3,0,24,0,0,0,0,0,0,0,0,0,0,0,0,0,0,0,0,0,0,0,0,0,0,0,0,0,,,,,,,,
2632,Internal,158,390,66042,51,23.4,10.2,12,17,9,0,0,21,0,0,0,0,0,0,0,0,0,0,0,0,0,0,0,0,0,0,0,0,0,0,0,0,0,,,,,,,,
2633,Internal,135,281,66987,53,17.3,8.2,27,50,90,46,141,28,0,0,0,0,0,0,0,0,0,0,0,0,0,0,0,0,0,0,0,0,0,0,0,0,0,,,,,,,,
2634,Internal,125,375,66987,53,17.3,8.2,5,103,28,2,0,37,0,0,0,0,0,0,0,0,0,0,0,0,671,0,0,0,0,0,0,0,0,0,0,0,0,,,,,,,,
2635,Internal,534,1068,66987,53,17.3,8.2,24,8,103,0,0,32,0,0,0,0,12,0,0,0,0,0,0,0,0,0,0,0,0,0,0,0,0,0,0,0,0,,,,,,,,
2636,Internal,390,1177,63857,44,28.6,8.1,23,18,11,0,0,23,0,0,0,0,0,0,0,0,0,0,0,0,0,0,0,0,0,0,0,0,0,0,0,0,0,,,,,,,,
2637,Internal,72,172,63857,44,28.6,8.1,10,270,2,2,3,47,0,0,0,0,0,0,0,0,0,0,0,0,2143,0,0,0,0,0,0,0,0,0,0,0,0,,,,,,,,
2638,Internal,64,220,63857,44,28.6,8.1,0,0,0,0,0,48,0,0,0,0,0,0,0,0,0,0,0,0,0,0,0,0,0,0,0,0,0,0,0,0,0,,,,,,,,
2639,Internal,452,1050,63857,44,28.6,8.1,134,158,333,43,84,35,0,0,0,0,0,0,0,0,0,0,0,0,563,0,0,0,0,0,0,0,0,0,0,0,0,,,,,,,,
2640,Internal,430,1380,63857,44,28.6,8.1,445,4,57,0,29,68,0,0,0,0,0,0,0,0,0,0,0,0,0,0,0,0,0,0,0,0,0,0,0,0,0,,,,,,,,
2641,Internal,355,900,72132,48,21.8,13.4,2,10,3,0,3,14,0,0,0,0,4,0,0,0,0,0,0,0,0,0,0,0,0,0,0,0,0,0,0,0,0,,,,,,,,
2642,Internal,607,2272,59750,48,26.9,6.9,9,16,21,0,10,18,0,0,0,0,4,0,0,0,0,0,0,0,0,0,0,0,0,0,0,0,0,0,0,0,0,,,,,,,,
2643,Internal,251,624,59750,48,26.9,6.9,4,10,16,1,0,13,0,0,0,0,0,0,0,0,0,0,0,0,0,0,0,0,0,0,0,0,0,0,0,0,0,,,,,,,,
2644,Internal,396,1106,71071,48,31.5,3.1,2,0,11,5,0,18,0,0,0,0,8,0,0,0,0,0,0,0,0,0,0,0,0,0,0,0,0,0,0,0,0,,,,,,,,
2645,Internal,88,264,71071,48,31.5,3.1,0,0,10,0,0,18,0,0,0,0,0,0,0,0,0,0,0,0,0,0,0,0,0,0,0,0,0,0,0,0,0,,,,,,,,
2646,Internal,128,538,72132,48,21.8,13.4,3,2,12,0,0,48,0,0,0,0,0,0,0,0,0,0,0,0,0,0,0,0,0,0,0,0,0,0,0,0,0,,,,,,,,
2647,Internal,991,3169,71071,48,31.5,3.1,7,14,54,3,13,8,0,0,0,0,0,0,0,0,0,0,0,0,0,0,0,0,0,0,0,0,0,0,0,0,0,,,,,,,,
2648,Internal,641,1756,65278,48,23.5,2.5,6,36,73,6,5,24,0,0,0,0,0,0,0,0,0,0,0,0,0,0,0,0,0,0,0,0,0,0,0,0,0,,,,,,,,
2649,Internal,128,371,59750,48,26.9,6.9,0,0,13,0,0,18,0,0,0,0,0,0,0,0,0,0,0,0,0,0,0,0,0,0,0,0,0,0,0,0,0,,,,,,,,
2650,Internal,43,115,41786,53,22.6,16.8,0,1,0,0,0,16,0,0,0,0,0,0,0,0,0,0,0,0,0,0,0,0,0,0,0,0,0,0,0,0,0,,,,,,,,
2651,Internal,0,0,72132,48,21.8,13.4,3,134,0,7,50,18,0,0,0,0,0,0,0,0,0,0,0,0,736,0,8813,0,0,0,0,0,0,0,0,0,0,,,,,,,,
2652,Internal,383,929,72132,48,21.8,13.4,0,4,0,0,0,18,0,0,0,0,12,0,0,0,0,0,0,0,1195,0,0,0,0,0,0,0,0,0,0,0,0,,,,,,,,
2653,Internal,319,823,100096,53,10.3,18.2,12,17,24,1,0,44,0,0,0,0,0,0,0,0,0,0,0,0,0,0,0,0,0,0,0,0,0,0,0,0,0,,,,,,,,
2654,Internal,833,2075,86314,53,21.8,8.9,65,23,106,42,5,30,0,0,0,0,0,0,0,0,0,0,0,0,0,0,0,0,0,0,0,0,0,0,0,0,0,,,,,,,,
2655,Internal,750,1932,74387,53,29.5,10.2,5,19,225,9,0,42,0,0,0,0,0,0,0,0,0,0,0,0,0,0,0,0,0,0,0,0,0,0,0,0,0,,,,,,,,
2656,Internal,777,2135,63776,53,12.2,19.5,3,16,29,26,16,17,0,0,0,0,0,0,0,0,0,0,0,0,0,0,0,0,0,0,0,0,0,0,0,0,0,,,,,,,,
2657,Internal,1458,3110,64223,53,21.5,9.2,1,18,14,1,2,32,0,0,0,0,0,0,0,0,0,0,0,0,0,0,0,0,0,0,0,0,0,0,0,0,0,,,,,,,,
2658,Internal,94,267,64223,53,21.5,9.2,0,19,14,0,0,20,0,0,0,0,4,0,0,0,0,0,0,0,0,0,0,0,0,0,0,0,0,0,0,0,0,,,,,,,,
2659,Internal,322,920,74387,53,29.5,10.2,1,20,23,5,5,59,0,0,0,0,0,0,0,0,0,0,0,0,0,0,0,0,0,0,0,0,0,0,0,0,0,,,,,,,,
2660,Internal,331,1000,86314,53,21.8,8.9,2,2,14,0,8,20,0,0,0,0,16,0,0,0,0,0,0,0,0,0,0,0,0,0,0,0,0,0,0,0,0,,,,,,,,
2661,Internal,0,0,86314,53,21.8,8.9,8,12,275,10,497,12,0,0,0,0,0,0,0,0,0,0,0,0,0,0,0,0,0,0,0,0,0,0,0,0,0,,,,,,,,
2662,Internal,166,350,31909,52,21.9,8.5,4,2,17,36,0,8,0,0,0,0,0,0,0,0,0,0,0,0,0,0,0,0,0,0,0,0,0,0,0,0,0,,,,,,,,
2663,Internal,559,1948,31909,52,21.9,8.5,231,34,152,0,21,35,0,0,0,0,0,0,0,0,0,0,0,0,81,0,0,0,0,0,0,0,0,0,0,0,0,,,,,,,,
2664,Internal,67,260,31909,52,21.9,8.5,131,144,65,25,61,14,0,0,0,0,0,0,0,0,0,0,0,0,0,0,0,0,0,0,0,0,0,0,0,0,0,,,,,,,,
2665,Internal,5,31,55417,52,23.3,21.7,774,348,279,106,52,63,0,0,0,0,0,0,0,0,0,0,0,0,0,0,0,0,0,0,0,0,0,0,0,0,0,,,,,,,,
2666,Internal,972,2626,68875,52,23.0,5.8,0,1,122,0,0,14,0,0,0,0,16,0,0,0,0,0,0,0,0,0,0,0,0,0,0,0,0,0,0,0,0,,,,,,,,
2667,Internal,421,1259,68875,52,23.0,5.8,2,11,92,7,170,16,0,0,0,0,16,0,0,0,0,0,0,0,856,0,0,0,0,0,0,0,0,0,0,0,0,,,,,,,,
2668,Internal,258,547,55417,52,23.3,21.7,0,5,5,0,5,47,0,0,0,0,0,0,0,0,0,0,0,0,0,0,0,0,0,0,0,0,0,0,0,0,0,,,,,,,,
2669,Internal,175,449,63776,53,12.2,19.5,0,1,89,0,25,26,0,0,0,0,0,0,0,0,0,0,0,0,0,0,0,0,0,0,0,0,0,0,0,0,0,,,,,,,,
2670,Internal,482,1261,55417,52,23.3,21.7,1265,281,448,82,61,58,0,0,0,0,0,0,0,0,0,0,0,0,0,0,0,0,0,0,0,0,0,0,0,0,0,,,,,,,,
2671,Internal,642,1527,62614,51,35.7,5.9,5,107,3,0,9,42,0,0,0,0,0,0,0,0,0,0,0,0,486,0,0,0,0,0,0,0,0,0,0,0,0,,,,,,,,
2672,Internal,893,2457,88355,51,20.0,17.5,7,75,75,15,37,25,0,0,0,0,0,0,0,0,0,0,0,0,0,0,0,0,0,0,0,0,0,0,0,0,0,,,,,,,,
2673,Internal,381,1015,88355,51,20.0,17.5,10,6,23,0,8,27,0,0,0,0,0,0,0,0,0,0,0,0,0,0,0,0,0,0,0,0,0,0,0,0,0,,,,,,,,
2674,Internal,515,1317,95500,51,14.2,17.6,2,61,217,81,19,26,0,0,0,0,0,0,0,0,0,0,0,0,0,0,0,1,0,0,0,0,0,0,0,0,0,,,,,,,,
2675,Internal,358,1197,62614,51,35.7,5.9,0,0,6,8,3,9,0,0,0,0,0,0,0,0,0,0,0,0,0,0,0,0,0,0,0,0,0,0,0,0,0,,,,,,,,
2676,Internal,1398,3270,53724,51,34.1,5.0,18,11,408,102,969,18,0,0,0,0,0,0,0,0,0,0,0,0,0,0,0,0,0,0,0,0,0,0,0,0,0,,,,,,,,
2677,Internal,486,1548,79093,51,27.9,6.8,28,18,22,3,31,14,0,0,0,0,0,0,0,0,0,0,0,0,0,0,0,0,0,0,0,0,0,0,0,0,0,,,,,,,,
2678,Internal,548,1757,79093,51,27.9,6.8,2,1,11,13,0,19,0,0,0,0,0,0,0,0,0,0,0,0,1,0,0,0,0,0,0,0,0,0,0,0,0,,,,,,,,
2679,Internal,227,745,62614,51,35.7,5.9,22,3,1,0,18,14,0,0,0,0,0,0,0,0,0,0,0,0,0,0,0,0,0,0,0,0,0,0,0,0,0,,,,,,,,
2680,Internal,253,664,49423,51,28.1,11.3,36,7,17,0,0,42,0,0,0,0,0,0,0,0,0,0,0,0,0,0,0,0,0,0,0,0,0,0,0,0,0,,,,,,,,
2681,Internal,94,287,49423,51,28.1,11.3,18,2,1,12,0,19,0,0,0,0,0,0,0,0,0,0,0,0,0,0,0,0,0,0,0,0,0,0,0,0,0,,,,,,,,
2682,Internal,211,656,62614,51,35.7,5.9,22,0,0,0,0,37,0,0,0,0,0,0,0,0,0,0,0,0,0,0,0,0,0,0,0,0,0,0,0,0,0,,,,,,,,
2683,Internal,131,361,49423,51,28.1,11.3,14,7,5,18,0,11,0,0,0,0,0,0,0,0,0,0,0,0,0,0,0,0,0,0,0,0,0,0,0,0,0,,,,,,,,
2684,Internal,153,387,49423,51,28.1,11.3,0,0,11,0,5,19,0,0,0,0,0,0,0,0,0,0,0,0,0,0,0,0,0,0,0,0,0,0,0,0,0,,,,,,,,
2685,Internal,76,212,79093,51,27.9,6.8,1,2,1,0,0,19,0,0,0,0,0,0,0,0,0,0,0,0,0,0,0,0,0,0,0,0,0,0,0,0,0,,,,,,,,
2686,Internal,496,1249,46723,47,30.3,16.7,5,3,29,13,81,16,0,0,0,0,0,0,0,0,0,0,0,0,390,0,0,0,0,0,0,0,0,0,0,0,0,,,,,,,,
2687,Internal,71,222,46723,47,30.3,16.7,1,14,54,23,184,21,0,0,0,0,0,0,0,0,0,0,0,0,0,0,0,0,0,0,0,0,0,0,0,0,0,,,,,,,,
2688,Internal,931,2630,54344,47,24.2,5.1,18,22,15,5,15,17,0,0,0,0,0,0,0,0,0,0,0,0,0,0,0,0,0,0,0,0,0,0,0,0,0,,,,,,,,
2689,Internal,114,391,54344,47,24.2,5.1,50,1,0,0,0,26,0,0,0,0,0,0,0,0,0,0,0,0,0,0,0,0,0,0,0,0,0,0,0,0,0,,,,,,,,
2690,Internal,6,46,46723,47,30.3,16.7,0,125,1,0,0,46,0,0,0,0,0,0,0,0,0,0,0,0,626,0,0,0,0,0,0,0,0,0,0,0,0,,,,,,,,
2691,Internal,816,2191,50452,47,25.0,6.3,21,37,15,0,0,39,0,0,0,0,0,0,0,0,0,0,0,0,0,0,0,0,0,0,0,0,0,0,0,0,0,,,,,,,,
2692,Internal,158,448,54344,47,24.2,5.1,2,5,2,0,2,39,0,0,0,0,0,0,0,0,0,0,0,0,0,0,0,0,0,0,0,0,0,0,0,0,0,,,,,,,,
2693,Internal,219,569,46723,47,30.3,16.7,29,2,11,2,13,84,0,0,0,0,0,0,0,0,0,0,0,0,0,0,0,0,0,0,0,0,0,0,0,0,0,,,,,,,,
2694,Internal,374,977,111771,47,24.3,10.6,46,38,64,2,9,24,0,0,0,0,0,0,0,0,0,0,0,0,0,0,0,0,0,0,0,0,0,0,0,0,0,,,,,,,,
2695,Internal,477,1522,111771,47,24.3,10.6,16,27,13,0,0,24,0,0,0,0,0,0,0,0,0,0,0,0,0,0,0,0,0,0,0,0,0,0,0,0,0,,,,,,,,
2696,Internal,96,241,111771,47,24.3,10.6,12,20,10,0,12,24,0,0,0,0,0,0,0,0,0,0,0,0,0,0,0,0,0,0,0,0,0,0,0,0,0,,,,,,,,
2697,Internal,178,488,49286,47,16.4,12.5,9,11,17,0,0,24,0,0,0,0,0,0,0,0,0,0,0,0,0,0,0,0,0,0,0,0,0,0,0,0,0,,,,,,,,
2698,Internal,220,515,49286,47,16.4,12.5,31,17,30,0,2,24,0,0,0,0,0,0,0,0,0,0,0,0,0,0,0,0,0,0,0,0,0,0,0,0,0,,,,,,,,
2699,Internal,67,218,49286,47,16.4,12.5,2,18,2,10,5,24,0,0,0,0,0,0,0,0,0,0,0,0,0,0,0,0,0,0,0,0,0,0,0,0,0,,,,,,,,
2700,Internal,295,863,49286,47,16.4,12.5,4,48,2,60,2,24,0,0,0,0,0,0,0,0,0,0,0,0,0,0,0,0,0,0,0,0,0,0,0,0,0,,,,,,,,
2701,Internal,280,854,69744,50,27.0,13.4,0,123,102,12,15,35,0,0,0,0,0,0,0,0,0,0,0,0,574,0,0,0,0,0,0,0,0,0,0,0,0,,,,,,,,
2702,Internal,0,0,69744,50,27.0,13.4,0,10,0,0,222,22,0,0,0,0,0,0,0,0,0,0,0,0,0,0,0,0,0,0,0,0,0,0,0,0,0,,,,,,,,
2703,Internal,1312,3077,69744,50,27.0,13.4,0,245,749,55,1230,24,0,0,0,0,0,0,0,0,0,0,0,0,1211,0,0,0,0,0,0,0,0,0,0,0,0,,,,,,,,
2704,Internal,310,628,69744,50,27.0,13.4,0,30,55,53,120,48,0,0,0,0,0,0,0,0,0,0,0,0,0,0,0,0,0,0,0,0,0,0,0,0,0,,,,,,,,
2705,Internal,344,864,69744,50,27.0,13.4,0,28,79,0,33,65,0,0,0,0,0,0,0,0,0,0,0,0,0,0,0,0,0,0,0,0,0,0,0,0,0,,,,,,,,
2706,Internal,160,378,54893,47,26.3,10.8,14,13,0,0,0,43,0,0,0,0,0,0,0,0,0,0,0,0,0,0,0,0,0,0,0,0,0,0,0,0,0,,,,,,,,
2707,Internal,240,743,82386,47,32.8,9.7,0,0,74,0,138,18,0,0,0,0,0,0,0,0,0,0,0,0,442,0,0,0,0,0,0,0,0,0,0,0,0,,,,,,,,
2708,Internal,302,703,41875,50,27.2,6.4,0,3,107,10,774,13,0,0,0,0,0,0,0,0,0,0,0,0,0,0,0,0,0,0,0,0,0,0,0,0,0,,,,,,,,
2709,Internal,273,800,128365,48,24.6,17.5,3,107,206,37,360,21,0,0,0,0,0,0,0,0,0,0,0,0,0,0,0,0,0,0,0,0,0,0,0,0,0,,,,,,,,
2710,Internal,221,601,128365,48,24.6,17.5,12,20,3,0,1,29,0,0,0,0,0,0,0,0,0,0,0,0,0,0,0,0,0,0,0,0,0,0,0,0,0,,,,,,,,
2711,Internal,418,1282,128365,48,24.6,17.5,48,14,5,7,1,53,0,0,0,0,0,0,0,0,0,0,0,0,0,0,0,0,0,0,0,0,0,0,0,0,0,,,,,,,,
2712,Internal,226,653,128365,48,24.6,17.5,4,47,38,20,0,58,0,0,0,0,0,0,0,0,0,0,0,0,0,0,0,0,0,0,0,0,0,0,0,0,0,,,,,,,,
2713,Internal,80,206,128365,48,24.6,17.5,0,3,10,0,8,29,0,0,0,0,0,0,0,0,0,0,0,0,0,0,0,0,0,0,0,0,0,0,0,0,0,,,,,,,,
2714,Internal,249,618,54893,47,26.3,10.8,0,11,17,0,2,43,0,0,0,0,0,0,0,0,0,0,0,0,0,0,0,0,0,0,0,0,0,0,0,0,0,,,,,,,,
2715,Internal,109,287,128365,48,24.6,17.5,0,5,40,21,3,29,0,0,0,0,0,0,0,0,0,0,0,0,0,0,0,0,0,0,0,0,0,0,0,0,0,,,,,,,,
2716,Internal,375,869,58289,44,29.7,8.5,0,0,72,0,0,41,0,0,0,0,0,0,0,0,0,0,0,0,708,0,0,0,0,0,0,0,0,0,0,0,0,,,,,,,,
2717,Internal,640,1603,58289,44,29.7,8.5,91,57,84,0,27,51,0,0,0,0,0,0,0,0,0,0,0,0,0,0,0,0,0,0,0,0,0,0,0,0,0,,,,,,,,
2718,Internal,419,1315,82386,47,32.8,9.7,0,0,18,0,0,43,0,0,0,0,0,0,0,0,0,0,0,0,0,0,0,0,0,0,0,0,0,0,0,0,0,,,,,,,,
2719,Internal,128,379,82386,47,32.8,9.7,0,0,0,0,0,71,0,0,0,0,0,0,0,0,0,0,0,0,0,0,0,0,0,0,0,0,0,0,0,0,0,,,,,,,,
2720,Internal,183,400,82386,47,32.8,9.7,0,3,38,3,5,43,0,0,0,0,0,0,0,0,0,0,0,0,0,0,0,0,0,0,0,0,0,0,0,0,0,,,,,,,,
2721,Internal,1,1,54893,47,26.3,10.8,0,0,225,0,0,43,0,0,0,0,0,0,0,0,0,0,0,0,2273,0,0,0,0,0,0,0,0,0,0,0,0,,,,,,,,
2722,Internal,349,884,54893,47,26.3,10.8,0,14,23,0,11,45,0,0,0,0,0,0,0,0,0,0,0,0,0,0,0,0,0,0,0,0,0,0,0,0,0,,,,,,,,
2723,Internal,1,3,41875,50,27.2,6.4,0,0,10,451,8,48,0,0,0,0,0,0,0,0,0,0,0,0,0,1756,3459,0,0,0,0,0,0,0,0,0,0,,,,,,,,
2724,Internal,73,245,54893,47,26.3,10.8,0,1,6,0,31,43,0,0,0,0,0,0,0,0,0,0,0,0,0,0,0,0,0,0,0,0,0,0,0,0,0,,,,,,,,
2725,Internal,274,800,58289,44,29.7,8.5,0,0,0,0,0,41,0,0,0,0,0,0,0,0,0,0,0,0,0,0,0,0,0,0,0,0,0,0,0,0,0,,,,,,,,
2726,Internal,298,806,44400,44,27.4,17.7,0,15,319,0,17,23,0,0,0,0,0,0,0,0,0,0,0,0,0,0,0,0,0,0,0,0,0,0,0,0,0,,,,,,,,
2727,Internal,346,988,58289,44,29.7,8.5,0,0,10,0,0,41,0,0,0,0,0,0,0,0,0,0,0,0,0,0,0,0,0,0,0,0,0,0,0,0,0,,,,,,,,
2728,Internal,123,241,57724,45,24.6,14.4,94,8,79,0,13,33,0,0,0,0,0,0,0,0,0,0,0,0,0,0,0,0,0,0,0,0,0,0,0,0,0,,,,,,,,
2729,Internal,410,1142,57724,45,24.6,14.4,0,0,28,0,83,16,0,0,0,0,0,0,0,0,0,0,0,0,0,0,0,0,0,0,0,0,0,0,0,0,0,,,,,,,,
2730,Internal,14,27,57724,45,24.6,14.4,1,3,98,0,5,49,0,0,0,0,0,0,0,0,0,0,0,0,0,0,0,0,0,0,0,0,0,0,0,0,0,,,,,,,,
2731,Internal,899,2471,57724,45,24.6,14.4,95,6,136,41,35,13,0,0,0,0,0,0,0,0,0,0,0,0,0,0,0,0,0,0,0,0,0,0,0,0,0,,,,,,,,
2732,Internal,530,1312,57724,45,24.6,14.4,76,215,414,144,162,42,0,0,0,0,0,0,0,0,0,0,0,0,2528,0,0,0,0,0,0,0,0,0,0,0,0,,,,,,,,
2733,Internal,368,680,44400,44,27.4,17.7,42,706,237,60,404,45,0,0,0,0,0,0,0,0,0,0,0,0,0,0,0,0,0,0,0,0,0,0,0,0,0,,,,,,,,
2734,Internal,830,1983,99076,51,26.2,12.9,10,445,143,70,25,31,0,0,0,0,0,0,0,0,0,0,0,0,3429,0,0,0,0,0,0,0,0,0,0,0,0,,,,,,,,
2735,Internal,1195,3160,99076,51,26.2,12.9,10,272,85,2,126,49,0,0,0,0,0,0,0,0,0,0,0,0,0,0,0,0,0,0,0,0,0,0,0,0,0,,,,,,,,
2736,Internal,590,1499,99076,51,26.2,12.9,24,56,81,0,7,39,0,0,0,0,0,0,0,0,0,0,0,0,0,0,0,0,0,0,0,0,0,0,0,0,0,,,,,,,,
2737,Internal,37,136,57724,45,24.6,14.4,1536,56,112,17,17,47,0,0,0,0,0,0,0,0,0,0,0,0,505,0,0,0,0,0,0,0,0,0,0,0,0,,,,,,,,
2738,Internal,279,817,57724,45,24.6,14.4,33,22,321,19,211,35,0,0,0,0,0,0,0,0,0,0,0,0,0,0,0,0,0,0,0,0,0,0,0,0,0,,,,,,,,
2739,Internal,1040,2424,99076,51,26.2,12.9,6,232,526,25,140,45,0,0,0,0,0,0,0,0,0,0,0,0,1281,0,0,0,0,0,0,0,0,0,0,0,0,,,,,,,,
2740,Internal,589,1567,99076,51,26.2,12.9,0,63,297,17,915,14,0,0,0,0,0,0,0,0,0,0,0,0,219,0,64,0,0,0,0,0,0,0,0,0,0,,,,,,,,
2741,Internal,364,721,57724,45,24.6,14.4,0,135,373,142,325,26,0,0,0,0,0,0,0,0,0,0,0,0,4,0,0,1,0,0,0,0,0,0,0,0,0,,,,,,,,
2742,Internal,460,787,57724,45,24.6,14.4,13,3,230,45,475,17,0,0,0,0,0,0,0,0,0,0,0,0,13,0,0,0,0,0,0,0,0,0,0,0,0,,,,,,,,
2743,Internal,464,1198,57724,45,24.6,14.4,13,150,160,105,287,28,0,0,0,0,0,0,0,0,0,0,0,0,0,0,0,0,0,0,0,0,0,0,0,0,0,,,,,,,,
2744,Internal,290,887,57724,45,24.6,14.4,0,1,4,0,0,10,0,0,0,0,0,0,0,0,0,0,0,0,0,0,0,0,0,0,0,0,0,0,0,0,0,,,,,,,,
2745,Internal,491,1213,44400,44,27.4,17.7,0,7,182,0,0,18,0,0,0,0,0,0,0,0,0,0,0,0,0,0,0,0,0,0,0,0,0,0,0,0,0,,,,,,,,
2746,Internal,388,1090,57724,45,24.6,14.4,0,2,135,4,284,10,0,0,0,0,0,0,0,0,0,0,0,0,750,0,0,0,0,0,0,0,0,0,0,0,0,,,,,,,,
2747,Internal,338,1064,99006,45,29.4,11.0,9,22,15,0,1,31,0,0,0,0,0,0,0,0,0,0,0,0,0,0,0,0,0,0,0,0,0,0,0,0,0,,,,,,,,
2748,Internal,325,1004,128824,49,33.9,10.3,0,26,0,0,2,36,0,0,0,0,0,0,0,0,0,0,0,0,0,0,0,0,0,0,0,0,0,0,0,0,0,,,,,,,,
2749,Internal,189,596,128824,49,33.9,10.3,0,3,0,0,0,23,0,0,0,0,0,0,0,0,0,0,0,0,0,0,0,0,0,0,0,0,0,0,0,0,0,,,,,,,,
2750,Internal,409,1263,92222,49,27.9,5.9,0,0,20,0,0,28,0,0,0,0,0,0,0,0,0,0,0,0,0,0,0,0,0,0,0,0,0,0,0,0,0,,,,,,,,
2751,Internal,557,1922,92222,49,27.9,5.9,4,7,7,0,0,39,0,0,0,0,0,0,0,0,0,0,0,0,0,0,0,0,0,0,0,0,0,0,0,0,0,,,,,,,,
2752,Internal,1246,3513,92222,49,27.9,5.9,51,18,17,0,8,40,0,0,0,0,0,0,0,0,0,0,0,0,0,0,0,0,0,0,0,0,0,0,0,0,0,,,,,,,,
2753,Internal,62,152,92222,49,27.9,5.9,8,5,2,0,20,28,0,0,0,0,0,0,0,0,0,0,0,0,0,0,0,0,0,0,0,0,0,0,0,0,0,,,,,,,,
2754,Internal,71,198,90075,49,29.2,7.5,0,135,15,0,11,44,0,0,0,0,0,0,0,0,0,0,0,0,1382,0,0,0,0,0,0,0,0,0,0,0,0,,,,,,,,
2755,Internal,194,504,128824,49,33.9,10.3,16,7,13,0,5,28,0,0,0,0,0,0,0,0,0,0,0,0,0,0,0,0,0,0,0,0,0,0,0,0,0,,,,,,,,
2756,Internal,509,1836,128824,49,33.9,10.3,58,16,78,0,0,43,0,0,0,0,0,0,0,0,0,0,0,0,0,0,0,0,0,0,0,0,0,0,0,0,0,,,,,,,,
2757,Internal,0,0,128824,49,33.9,10.3,0,159,33,8,198,28,0,0,0,0,0,0,0,0,0,0,0,0,1837,0,0,0,0,0,0,0,0,0,0,0,0,,,,,,,,
2758,Internal,63,149,128824,49,33.9,10.3,0,0,0,0,0,28,0,0,0,0,0,0,0,0,0,0,0,0,0,0,0,0,0,0,0,0,0,0,0,0,0,,,,,,,,
2759,Internal,163,481,128824,49,33.9,10.3,32,55,21,0,2,28,0,0,0,0,0,0,0,0,0,0,0,0,0,0,0,0,0,0,0,0,0,0,0,0,0,,,,,,,,
2760,Internal,162,446,99006,45,29.4,11.0,0,3,53,0,0,31,0,0,0,0,0,0,0,0,0,0,0,0,565,0,0,0,0,0,0,0,0,0,0,0,0,,,,,,,,
2761,Internal,186,606,99006,45,29.4,11.0,0,0,0,0,2,31,0,0,0,0,0,0,0,0,0,0,0,0,0,0,0,0,0,0,0,0,0,0,0,0,0,,,,,,,,
2762,Internal,289,585,99006,45,29.4,11.0,81,44,137,25,109,17,0,0,0,0,0,0,0,0,0,0,0,0,0,0,0,0,0,0,0,0,0,0,0,0,0,,,,,,,,
2763,Internal,531,1700,93859,47,25.0,11.5,24,13,47,0,0,33,0,0,0,0,0,0,0,0,0,0,0,0,0,0,0,0,0,0,0,0,0,0,0,0,0,,,,,,,,
2764,Internal,336,1042,93859,47,25.0,11.5,28,16,59,0,14,35,0,0,0,0,0,0,0,0,0,0,0,0,0,0,0,0,0,0,0,0,0,0,0,0,0,,,,,,,,
2765,Internal,63,191,93859,47,25.0,11.5,0,15,2,0,0,37,0,0,0,0,0,0,0,0,0,0,0,0,0,0,0,0,0,0,0,0,0,0,0,0,0,,,,,,,,
2766,Internal,205,465,93859,47,25.0,11.5,61,71,4,0,9,34,0,0,0,0,0,0,0,0,0,0,0,0,22,0,0,0,0,0,0,0,0,0,0,0,0,,,,,,,,
2767,Internal,1298,4105,106661,47,36.8,6.7,25,18,23,0,15,59,0,0,0,0,0,0,0,0,0,0,0,0,0,0,0,0,0,0,0,0,0,0,0,0,0,,,,,,,,
2768,Internal,1300,3463,106661,47,36.8,6.7,10,106,43,17,337,29,0,0,0,0,0,0,0,0,0,0,0,0,0,0,0,0,0,0,0,0,0,0,0,0,0,,,,,,,,
2769,Internal,579,1885,106661,47,36.8,6.7,3,296,9,28,5,41,0,0,0,0,0,0,0,0,0,0,0,0,2262,0,0,0,0,0,0,0,0,0,0,0,0,,,,,,,,
2770,Internal,751,2585,106661,47,36.8,6.7,0,10,40,6,8,61,0,0,0,0,0,0,0,0,0,0,0,0,0,0,0,0,0,0,0,0,0,0,0,0,0,,,,,,,,
2771,Internal,755,2281,99006,45,29.4,11.0,0,0,53,8,186,38,0,0,0,0,0,0,0,0,0,0,0,0,0,0,0,0,0,0,0,0,0,0,0,0,0,,,,,,,,
2772,Internal,57,143,106661,47,36.8,6.7,5,25,18,75,0,35,0,0,0,0,0,0,0,0,0,0,0,0,672,0,0,0,0,0,0,0,0,0,0,0,0,,,,,,,,
2773,Internal,13,37,93859,47,25.0,11.5,0,10,6,0,7,37,0,0,0,0,0,0,0,0,0,0,0,0,0,0,0,0,0,0,0,0,0,0,0,0,0,,,,,,,,
2774,Internal,190,477,71339,45,22.5,13.7,6,6,12,0,4,31,0,0,0,0,0,0,0,0,0,0,0,0,0,0,0,0,0,0,0,0,0,0,0,0,0,,,,,,,,
2775,Internal,225,571,71339,45,22.5,13.7,13,46,19,16,1,34,0,0,0,0,0,0,0,0,0,0,0,0,0,0,0,0,0,0,0,0,0,0,0,0,0,,,,,,,,
2776,Internal,186,520,71339,45,22.5,13.7,80,4,204,0,10,49,0,0,0,0,0,0,0,0,0,0,0,0,2175,0,0,0,0,0,0,0,0,0,0,0,0,,,,,,,,
2777,Internal,105,288,71339,45,22.5,13.7,5,8,2,0,0,31,0,0,0,0,0,0,0,0,0,0,0,0,0,0,0,0,0,0,0,0,0,0,0,0,0,,,,,,,,
2778,Internal,98,269,71339,45,22.5,13.7,21,5,0,0,0,31,0,0,0,0,0,0,0,0,0,0,0,0,0,0,0,0,0,0,0,0,0,0,0,0,0,,,,,,,,
2779,Internal,994,3172,82781,45,35.0,10.5,25,119,48,0,192,24,0,0,0,0,0,0,0,0,0,0,0,0,572,0,0,0,0,0,0,0,0,0,0,0,0,,,,,,,,
2780,Internal,130,359,82781,45,35.0,10.5,6,15,0,0,0,31,0,0,0,0,0,0,0,0,0,0,0,0,0,0,0,0,0,0,0,0,0,0,0,0,0,,,,,,,,
2781,Internal,735,1822,92222,49,27.9,5.9,6,11,40,27,238,15,0,0,0,0,0,0,0,0,0,0,0,0,0,0,0,0,0,0,0,0,0,0,0,0,0,,,,,,,,
2782,Internal,49,128,82781,45,35.0,10.5,32,0,0,0,4,31,0,0,0,0,0,0,0,0,0,0,0,0,0,0,0,0,0,0,0,0,0,0,0,0,0,,,,,,,,
2783,Internal,78,201,82781,45,35.0,10.5,0,10,3,0,5,31,0,0,0,0,0,0,0,0,0,0,0,0,0,0,0,0,0,0,0,0,0,0,0,0,0,,,,,,,,
2784,Internal,273,791,82781,45,35.0,10.5,0,0,13,3,0,30,0,0,0,0,0,0,0,0,0,0,0,0,0,0,0,0,0,0,0,0,0,0,0,0,0,,,,,,,,
2785,Internal,232,592,74766,46,13.5,20.5,27,6,8,1,0,58,0,0,0,0,0,0,0,0,0,0,0,0,0,0,0,0,0,0,0,0,0,0,0,0,0,,,,,,,,
2786,Internal,135,362,74766,46,13.5,20.5,4,6,0,0,0,58,0,0,0,0,0,0,0,0,0,0,0,0,0,0,0,0,0,0,0,0,0,0,0,0,0,,,,,,,,
2787,Internal,107,290,74766,46,13.5,20.5,0,21,15,0,3,58,0,0,0,0,0,0,0,0,0,0,0,0,0,0,0,0,0,0,0,0,0,0,0,0,0,,,,,,,,
2788,Internal,102,308,74766,46,13.5,20.5,1,59,12,0,0,40,0,0,0,0,0,0,0,0,0,0,0,0,0,0,0,0,0,0,0,0,0,0,0,0,0,,,,,,,,
2789,Internal,171,435,48839,46,27.6,5.4,48,37,2,0,6,58,0,0,0,0,0,0,0,0,0,0,0,0,0,0,0,0,0,0,0,0,0,0,0,0,0,,,,,,,,
2790,Internal,70,162,48839,46,27.6,5.4,4,14,0,0,0,30,0,0,0,0,0,0,0,0,0,0,0,0,0,0,0,0,0,0,0,0,0,0,0,0,0,,,,,,,,
2791,Internal,75,203,48839,46,27.6,5.4,99,19,2,3,0,58,0,0,0,0,0,0,0,0,0,0,0,0,0,0,0,0,0,0,0,0,0,0,0,0,0,,,,,,,,
2792,Internal,152,428,48839,46,27.6,5.4,2,8,5,0,0,58,0,0,0,0,0,0,0,0,0,0,0,0,0,0,0,0,0,0,0,0,0,0,0,0,0,,,,,,,,
2793,Internal,264,750,81953,46,30.5,14.7,6,170,26,0,0,16,0,0,0,0,0,0,0,0,0,0,0,0,0,0,0,0,0,0,0,0,0,0,0,0,0,,,,,,,,
2794,Internal,152,406,81953,46,30.5,14.7,62,45,64,3,48,80,0,0,0,0,0,0,0,0,0,0,0,0,0,0,0,0,0,0,0,0,0,0,0,0,0,,,,,,,,
2795,Internal,309,848,81953,46,30.5,14.7,2,25,7,3,32,12,0,0,0,0,0,0,0,0,0,0,0,0,0,0,0,0,0,0,0,0,0,0,0,0,0,,,,,,,,
2796,Internal,429,1283,81953,46,30.5,14.7,4,96,11,0,3,25,0,0,0,0,0,0,0,0,0,0,0,0,503,0,0,0,0,0,0,0,0,0,0,0,0,,,,,,,,
2797,Internal,78,291,87059,46,26.1,18.2,0,0,4,0,3,58,0,0,0,0,0,0,0,0,0,0,0,0,0,0,0,0,0,0,0,0,0,0,0,0,0,,,,,,,,
2798,Internal,180,524,87059,46,26.1,18.2,50,0,4,0,0,58,0,0,0,0,0,0,0,0,0,0,0,0,0,0,0,0,0,0,0,0,0,0,0,0,0,,,,,,,,
2799,Internal,207,552,87059,46,26.1,18.2,28,1,32,0,0,53,0,0,0,0,0,0,0,0,0,0,0,0,0,0,0,0,0,0,0,0,0,0,0,0,0,,,,,,,,
2800,Internal,270,698,87059,46,26.1,18.2,8,19,11,0,0,58,0,0,0,0,0,0,0,0,0,0,0,0,0,0,0,0,0,0,0,0,0,0,0,0,0,,,,,,,,
2801,Internal,14,46,87059,46,26.1,18.2,11,102,43,104,69,31,0,0,0,0,0,0,0,0,0,0,0,0,529,0,0,0,0,0,0,0,0,0,0,0,0,,,,,,,,
2802,Internal,85,216,87059,46,26.1,18.2,0,6,6,0,0,58,0,0,0,0,0,0,0,0,0,0,0,0,0,0,0,0,0,0,0,0,0,0,0,0,0,,,,,,,,
2803,Internal,166,486,69435,41,31.8,18.3,1,9,50,1,87,38,0,0,0,0,0,0,0,0,0,0,0,0,0,0,0,0,0,0,0,0,0,0,0,0,0,,,,,,,,
2804,Internal,439,1095,69435,41,31.8,18.3,0,3,21,0,0,41,0,0,0,0,0,0,0,0,0,0,0,0,0,0,0,0,0,0,0,0,0,0,0,0,0,,,,,,,,
2805,Internal,332,866,40964,41,34.0,10.0,30,9,41,0,2,24,0,0,0,0,0,0,0,0,0,0,0,0,0,0,0,0,0,0,0,0,0,0,0,0,0,,,,,,,,
2806,Internal,121,258,40964,41,34.0,10.0,0,6,258,5,64,20,0,0,0,0,0,0,0,0,0,0,0,0,0,0,0,0,0,0,0,0,0,0,0,0,0,,,,,,,,
2807,Internal,228,596,69435,41,31.8,18.3,0,645,177,0,166,37,0,0,0,0,0,0,0,0,0,0,0,0,0,0,0,0,0,0,0,0,0,0,0,0,0,,,,,,,,
2808,Internal,101,270,74918,41,22.8,23.2,8,19,50,6,0,44,0,0,0,0,0,0,0,0,0,0,0,0,0,0,0,0,0,0,0,0,0,0,0,0,0,,,,,,,,
2809,Internal,8,26,74918,41,22.8,23.2,0,2,74,0,434,8,0,0,0,0,0,0,0,0,0,0,0,0,0,0,0,0,0,0,0,0,0,0,0,0,0,,,,,,,,
2810,Internal,245,682,74918,41,22.8,23.2,20,19,17,0,0,13,0,0,0,0,0,0,0,0,0,0,0,0,0,0,0,0,0,0,0,0,0,0,0,0,0,,,,,,,,
2811,Internal,0,0,74918,41,22.8,23.2,461,123,19,4,453,35,0,0,0,0,0,0,0,0,0,0,0,0,1197,0,530,0,0,0,0,0,0,0,0,0,0,,,,,,,,
2812,Internal,26,79,52888,41,35.3,4.0,0,0,2,0,0,41,0,0,0,0,0,0,0,0,0,0,0,0,0,0,0,0,0,0,0,0,0,0,0,0,0,,,,,,,,
2813,Internal,164,424,52888,41,35.3,4.0,731,44,226,30,23,77,0,0,0,0,0,0,0,0,0,0,0,0,0,0,0,0,0,0,0,0,0,0,0,0,0,,,,,,,,
2814,Internal,100,242,52888,41,35.3,4.0,194,21,83,27,18,21,0,0,0,0,0,0,0,0,0,0,0,0,0,0,0,0,0,0,0,0,0,0,0,0,0,,,,,,,,
2815,Internal,142,386,25543,41,22.7,12.6,20,10,15,4,2,41,0,0,0,0,0,0,0,0,0,0,0,0,0,0,0,0,0,0,0,0,0,0,0,0,0,,,,,,,,
2816,Internal,139,380,25543,41,22.7,12.6,0,6,8,0,0,41,0,0,0,0,0,0,0,0,0,0,0,0,0,0,0,0,0,0,0,0,0,0,0,0,0,,,,,,,,
2817,Internal,93,273,25543,41,22.7,12.6,2,19,80,13,98,32,0,0,0,0,0,0,0,0,0,0,0,0,0,0,0,0,0,0,0,0,0,0,0,0,0,,,,,,,,
2818,Internal,180,528,25543,41,22.7,12.6,0,4,29,0,3,41,0,0,0,0,0,0,0,0,0,0,0,0,0,0,0,0,0,0,0,0,0,0,0,0,0,,,,,,,,
2819,Internal,36,77,25543,41,22.7,12.6,152,51,17,8,16,19,0,0,0,0,0,0,0,0,0,0,0,0,93,0,0,0,0,0,0,0,0,0,0,0,0,,,,,,,,
2820,Internal,380,1076,66111,48,19.4,10.5,8,40,33,0,2,38,0,0,0,0,0,0,0,0,0,0,0,0,0,0,0,0,0,0,0,0,0,0,0,0,0,,,,,,,,
2821,Internal,1,10,47521,42,12.6,13.5,180,3,9,0,0,81,0,0,0,0,0,0,0,0,0,0,0,0,0,0,0,0,0,0,0,0,0,0,0,0,0,,,,,,,,
2822,Internal,113,302,85288,48,19.2,17.2,15,35,72,93,0,24,0,0,0,0,0,0,0,0,0,0,0,0,0,0,0,0,0,0,0,0,0,0,0,0,0,,,,,,,,
2823,Internal,425,1202,85288,48,19.2,17.2,37,45,12,0,2,42,0,0,0,0,0,0,0,0,0,0,0,0,0,0,0,0,0,0,0,0,0,0,0,0,0,,,,,,,,
2824,Internal,59,137,66111,48,19.4,10.5,2,6,3,0,2,38,0,0,0,0,0,0,0,0,0,0,0,0,0,0,0,0,0,0,0,0,0,0,0,0,0,,,,,,,,
2825,Internal,16,88,47521,42,12.6,13.5,0,88,14,0,0,72,0,0,0,0,0,0,0,0,0,0,0,0,0,0,0,0,0,0,0,0,0,0,0,0,0,,,,,,,,
2826,Internal,250,856,47521,42,12.6,13.5,150,13,234,0,28,38,0,0,0,0,0,0,0,0,0,0,0,0,3,0,0,0,0,0,0,0,0,0,0,0,0,,,,,,,,
2827,Internal,69,185,66111,48,19.4,10.5,0,6,13,0,6,22,0,0,0,0,0,0,0,0,0,0,0,0,0,0,0,0,0,0,0,0,0,0,0,0,0,,,,,,,,
2828,Internal,13,43,66111,48,19.4,10.5,60,100,230,0,5,47,0,0,0,0,0,0,0,0,0,0,0,0,1238,0,0,0,0,0,0,0,0,0,0,0,0,,,,,,,,
2829,Internal,306,1003,50625,48,27.1,12.2,2,15,1,0,9,38,0,0,0,0,0,0,0,0,0,0,0,0,0,0,0,0,0,0,0,0,0,0,0,0,0,,,,,,,,
2830,Internal,214,550,58281,42,37.6,9.9,12,5,21,29,0,51,0,0,0,0,0,0,0,0,0,0,0,0,0,0,0,0,0,0,0,0,0,0,0,0,0,,,,,,,,
2831,Internal,164,572,58281,42,37.6,9.9,367,33,60,4,35,78,0,0,0,0,0,0,0,0,0,0,0,0,0,0,0,0,0,0,0,0,0,0,0,0,0,,,,,,,,
2832,Internal,108,315,58281,42,37.6,9.9,0,0,2,0,0,51,0,0,0,0,0,0,0,0,0,0,0,0,0,0,0,0,0,0,0,0,0,0,0,0,0,,,,,,,,
2833,Internal,75,203,50625,48,27.1,12.2,0,20,0,0,0,38,0,0,0,0,0,0,0,0,0,0,0,0,0,0,0,0,0,0,0,0,0,0,0,0,0,,,,,,,,
2834,Internal,220,476,47521,42,12.6,13.5,16,223,122,5,35,32,0,0,0,0,0,0,0,0,0,0,0,0,893,0,0,0,0,0,0,0,0,0,0,0,0,,,,,,,,
2835,Internal,78,200,47521,42,12.6,13.5,67,117,17,20,68,35,0,0,0,0,0,0,0,0,0,0,0,0,436,0,0,0,0,0,0,0,0,0,0,0,0,,,,,,,,
2836,Internal,169,437,47521,42,12.6,13.5,28,14,91,0,3,19,0,0,0,0,0,0,0,0,0,0,0,0,0,0,0,0,0,0,0,0,0,0,0,0,0,,,,,,,,
2837,Internal,192,235,47521,42,12.6,13.5,1,3,85,44,156,27,0,0,0,0,0,0,0,0,0,0,0,0,0,0,0,0,0,0,0,0,0,0,0,0,0,,,,,,,,
2838,Internal,36,103,54234,42,34.2,12.5,9,44,127,23,22,56,0,0,0,0,0,0,0,0,0,0,0,0,0,0,0,0,0,0,0,0,0,0,0,0,0,,,,,,,,
2839,Internal,59,123,54234,42,34.2,12.5,32,28,23,0,2,47,0,0,0,0,0,0,0,0,0,0,0,0,0,0,0,0,0,0,0,0,0,0,0,0,0,,,,,,,,
2840,Internal,173,498,54234,42,34.2,12.5,61,22,65,29,18,27,0,0,0,0,0,0,0,0,0,0,0,0,0,0,0,0,0,0,0,0,0,0,0,0,0,,,,,,,,
2841,Internal,313,887,54234,42,34.2,12.5,0,7,26,2,3,18,0,0,0,0,0,0,0,0,0,0,0,0,0,0,0,0,0,0,0,0,0,0,0,0,0,,,,,,,,
2842,Internal,89,308,54234,42,34.2,12.5,0,2,21,0,3,51,0,0,0,0,0,0,0,0,0,0,0,0,0,0,0,0,0,0,0,0,0,0,0,0,0,,,,,,,,
2843,Internal,52,150,54234,42,34.2,12.5,21,11,20,0,9,31,0,0,0,0,0,0,0,0,0,0,0,0,0,0,0,0,0,0,0,0,0,0,0,0,0,,,,,,,,
2844,Internal,353,1031,54234,42,34.2,12.5,2,126,30,11,2,51,0,0,0,0,0,0,0,0,0,0,0,0,526,0,0,0,0,0,0,0,0,0,0,0,0,,,,,,,,
2845,Internal,165,386,74918,41,22.8,23.2,3,120,7,3,23,41,0,0,0,0,0,0,0,0,0,0,0,0,644,0,0,0,0,0,0,0,0,0,0,0,0,,,,,,,,
2846,Internal,102,215,60875,50,36.8,15.3,2,23,0,0,3,28,0,0,0,0,0,0,0,0,0,0,0,0,0,0,0,0,0,0,0,0,0,0,0,0,0,,,,,,,,
2847,Internal,307,864,60875,50,36.8,15.3,64,28,111,17,27,26,0,0,0,0,0,0,0,0,0,0,0,0,0,0,0,0,0,0,0,0,0,0,0,0,0,,,,,,,,
2848,Internal,126,361,60875,50,36.8,15.3,3,5,2,0,0,28,0,0,0,0,0,0,0,0,0,0,0,0,0,0,0,0,0,0,0,0,0,0,0,0,0,,,,,,,,
2849,Internal,156,440,54321,50,28.1,14.0,0,11,0,0,0,28,0,0,0,0,0,0,0,0,0,0,0,0,0,0,0,0,0,0,0,0,0,0,0,0,0,,,,,,,,
2850,Internal,289,805,54321,50,28.1,14.0,0,7,18,0,4,28,0,0,0,0,0,0,0,0,0,0,0,0,0,0,0,0,0,0,0,0,0,0,0,0,0,,,,,,,,
2851,Internal,43,101,54321,50,28.1,14.0,0,21,18,0,16,64,0,0,0,0,0,0,0,0,0,0,0,0,0,0,0,0,0,0,0,0,0,0,0,0,0,,,,,,,,
2852,Internal,127,374,54321,50,28.1,14.0,0,2,2,0,0,28,0,0,0,0,0,0,0,0,0,0,0,0,0,0,0,0,0,0,0,0,0,0,0,0,0,,,,,,,,
2853,Internal,259,641,54321,50,28.1,14.0,0,7,3,3,0,28,0,0,0,0,0,0,0,0,0,0,0,0,0,0,0,0,0,0,0,0,0,0,0,0,0,,,,,,,,
2854,Internal,133,323,54321,50,28.1,14.0,22,37,116,12,89,20,0,0,0,0,0,0,0,0,0,0,0,0,0,0,0,0,0,0,0,0,0,0,0,0,0,,,,,,,,
2855,Internal,486,1247,94281,50,23.4,8.1,0,66,0,0,9,43,0,0,0,0,0,0,0,0,0,0,0,0,628,0,0,0,0,0,0,0,0,0,0,0,0,,,,,,,,
2856,Internal,152,387,94281,50,23.4,8.1,2,51,2,0,0,28,0,0,0,0,0,0,0,0,0,0,0,0,0,0,0,0,0,0,0,0,0,0,0,0,0,,,,,,,,
2857,Internal,302,818,94281,50,23.4,8.1,12,23,15,0,4,28,0,0,0,0,0,0,0,0,0,0,0,0,0,0,0,0,0,0,0,0,0,0,0,0,0,,,,,,,,
2858,Internal,228,649,41092,37,28.2,10.7,6,5,1,0,0,25,0,0,0,0,0,0,0,0,0,0,0,0,0,0,0,0,0,0,0,0,0,0,0,0,0,,,,,,,,
2859,Internal,319,894,41092,37,28.2,10.7,0,13,4,0,0,25,0,0,0,0,0,0,0,0,0,0,0,0,0,0,0,0,0,0,0,0,0,0,0,0,0,,,,,,,,
2860,Internal,250,676,41092,37,28.2,10.7,32,3,7,1,0,25,0,0,0,0,0,0,0,0,0,0,0,0,0,0,0,0,0,0,0,0,0,0,0,0,0,,,,,,,,
2861,Internal,245,743,41092,37,28.2,10.7,0,13,14,0,8,23,0,0,0,0,0,0,0,0,0,0,0,0,0,0,0,0,0,0,0,0,0,0,0,0,0,,,,,,,,
2862,Internal,72,159,41092,37,28.2,10.7,0,0,0,0,6,25,0,0,0,0,0,0,0,0,0,0,0,0,0,0,0,0,0,0,0,0,0,0,0,0,0,,,,,,,,
2863,Internal,243,665,46649,39,25.7,9.8,0,106,4,0,0,23,0,0,0,0,0,0,0,0,0,0,0,0,0,0,0,0,0,0,0,0,0,0,0,0,0,,,,,,,,
2864,Internal,343,862,46649,39,25.7,9.8,2,30,9,5,42,9,0,0,0,0,0,0,0,0,0,0,0,0,0,0,0,0,0,0,0,0,0,0,0,0,0,,,,,,,,
2865,Internal,44,127,37778,43,8.2,11.2,4,0,1,0,0,32,0,0,0,0,0,0,0,0,0,0,0,0,0,0,0,0,0,0,0,0,0,0,0,0,0,,,,,,,,
2866,Internal,310,665,46649,39,25.7,9.8,20,122,49,22,226,25,0,0,0,0,0,0,0,0,0,0,0,0,706,0,0,0,0,0,0,0,0,0,0,0,0,,,,,,,,
2867,Internal,314,852,36705,39,22.4,21.6,8,29,10,44,2,26,0,0,0,0,0,0,0,0,0,0,0,0,370,0,0,0,0,0,0,0,0,0,0,0,0,,,,,,,,
2868,Internal,277,731,36705,39,22.4,21.6,4,5,7,0,0,23,0,0,0,0,0,0,0,0,0,0,0,0,0,0,0,0,0,0,0,0,0,0,0,0,0,,,,,,,,
2869,Internal,147,358,36705,39,22.4,21.6,0,1,12,0,1,23,0,0,0,0,0,0,0,0,0,0,0,0,0,0,0,0,0,0,0,0,0,0,0,0,0,,,,,,,,
2870,Internal,220,549,37917,37,30.8,11.9,38,118,10,14,6,25,0,0,0,0,0,0,0,0,0,0,0,0,646,0,0,0,0,0,0,0,0,0,0,0,0,,,,,,,,
2871,Internal,67,142,37917,37,30.8,11.9,2,15,0,0,0,25,0,0,0,0,0,0,0,0,0,0,0,0,0,0,0,0,0,0,0,0,0,0,0,0,0,,,,,,,,
2872,Internal,144,384,57784,37,15.3,15.1,10,18,2,0,0,25,0,0,0,0,0,0,0,0,0,0,0,0,0,0,0,0,0,0,0,0,0,0,0,0,0,,,,,,,,
2873,Internal,250,628,37917,37,30.8,11.9,45,5,39,2,2,25,0,0,0,0,0,0,0,0,0,0,0,0,0,0,0,0,0,0,0,0,0,0,0,0,0,,,,,,,,
2874,Internal,76,173,37917,37,30.8,11.9,0,0,0,2,0,25,0,0,0,0,0,0,0,0,0,0,0,0,0,0,0,0,0,0,0,0,0,0,0,0,0,,,,,,,,
2875,Internal,139,379,37917,37,30.8,11.9,0,41,48,29,32,13,0,0,0,0,0,0,0,0,0,0,0,0,0,0,0,0,0,0,0,0,0,0,0,0,0,,,,,,,,
2876,Internal,363,1026,57784,37,15.3,15.1,13,63,31,0,0,35,0,0,0,0,0,0,0,0,0,0,0,0,0,0,0,0,0,0,0,0,0,0,0,0,0,,,,,,,,
2877,Internal,62,149,57784,37,15.3,15.1,0,0,1,0,0,25,0,0,0,0,0,0,0,0,0,0,0,0,0,0,0,0,0,0,0,0,0,0,0,0,0,,,,,,,,
2878,Internal,295,749,49537,43,22.4,18.4,34,24,232,63,134,34,0,0,0,0,0,0,0,0,0,0,0,0,0,0,0,0,0,0,0,0,0,0,0,0,0,,,,,,,,
2879,Internal,386,965,49200,39,25.9,13.8,32,7,22,0,1,28,0,0,0,0,0,0,0,0,0,0,0,0,0,0,0,0,0,0,0,0,0,0,0,0,0,,,,,,,,
2880,Internal,304,811,49200,39,25.9,13.8,84,0,325,0,0,30,0,0,0,0,0,0,0,0,0,0,0,0,0,0,0,0,0,0,0,0,0,0,0,0,0,,,,,,,,
2881,Internal,190,414,37778,43,8.2,11.2,0,0,1,17,0,32,0,0,0,0,0,0,0,0,0,0,0,0,0,0,0,0,0,0,0,0,0,0,0,0,0,,,,,,,,
2882,Internal,330,728,37778,43,8.2,11.2,0,5,51,0,27,0,0,0,0,0,0,0,0,0,0,0,0,0,0,0,0,0,0,0,0,0,0,0,0,0,0,,,,,,,,
2883,Internal,147,352,49200,39,25.9,13.8,24,4,10,0,0,30,0,0,0,0,0,0,0,0,0,0,0,0,0,0,0,0,0,0,0,0,0,0,0,0,0,,,,,,,,
2884,Internal,144,341,49200,39,25.9,13.8,2,5,0,1,0,30,0,0,0,0,0,0,0,0,0,0,0,0,0,0,0,0,0,0,0,0,0,0,0,0,0,,,,,,,,
2885,Internal,399,909,37778,43,8.2,11.2,0,41,34,41,6,24,0,0,0,0,0,0,0,0,0,0,0,0,268,0,0,0,0,0,0,0,0,0,0,0,0,,,,,,,,
2886,Internal,346,655,37778,43,8.2,11.2,2,41,34,1202,125,18,0,0,0,0,0,0,0,0,0,0,0,0,0,4570,0,0,0,0,0,0,0,0,0,0,0,,,,,,,,
2887,Internal,531,1457,35625,37,23.5,26.6,22,68,54,4,94,11,0,0,0,0,0,0,0,0,0,0,0,0,0,0,0,0,0,0,0,0,0,0,0,0,0,,,,,,,,
2888,Internal,234,638,67656,37,26.0,9.8,10,4,10,0,5,25,0,0,0,0,0,0,0,0,0,0,0,0,0,0,0,0,0,0,0,0,0,0,0,0,0,,,,,,,,
2889,Internal,173,433,47109,38,26.7,13.3,8,41,14,0,1,36,0,0,0,0,0,0,0,0,0,0,0,0,0,0,0,0,0,0,0,0,0,0,0,0,0,,,,,,,,
2890,Internal,193,408,35625,37,23.5,26.6,12,47,123,33,138,23,0,0,0,0,0,0,0,0,0,0,0,0,0,0,0,0,0,0,0,0,0,0,0,0,0,,,,,,,,
2891,Internal,39,121,47109,38,26.7,13.3,0,245,1,0,0,45,0,0,0,0,0,0,0,0,0,0,0,0,2585,0,0,0,0,0,0,0,0,0,0,0,0,,,,,,,,
2892,Internal,28,99,67656,37,26.0,9.8,95,7,108,24,72,31,0,0,0,0,0,0,0,0,0,0,0,0,0,0,0,0,0,0,0,0,0,0,0,0,0,,,,,,,,
2893,Internal,152,468,47109,38,26.7,13.3,7,6,25,10,31,6,0,0,0,0,0,0,0,0,0,0,0,0,0,0,0,0,0,0,0,0,0,0,0,0,0,,,,,,,,
2894,Internal,361,962,47093,46,26.3,11.5,71,40,71,18,9,42,0,0,0,0,0,0,0,0,0,0,0,0,0,0,0,0,0,0,0,0,0,0,0,0,0,,,,,,,,
2895,Internal,283,771,47093,46,26.3,11.5,2,1,59,0,2,21,0,0,0,0,0,0,0,0,0,0,0,0,0,0,0,0,0,0,0,0,0,0,0,0,0,,,,,,,,
2896,Internal,236,622,47109,38,26.7,13.3,65,14,9,0,4,40,0,0,0,0,0,0,0,0,0,0,0,0,0,0,0,0,0,0,0,0,0,0,0,0,0,,,,,,,,
2897,Internal,462,1006,45682,36,26.9,13.3,8,15,4,0,5,20,0,0,0,0,0,0,0,0,0,0,0,0,0,0,0,0,0,0,0,0,0,0,0,0,0,,,,,,,,
2898,Internal,82,240,45682,36,26.9,13.3,64,5,9,2,35,28,0,0,0,0,0,0,0,0,0,0,0,0,0,0,0,0,0,0,0,0,0,0,0,0,0,,,,,,,,
2899,Internal,296,807,45682,36,26.9,13.3,10,61,53,32,41,28,0,0,0,0,0,0,0,0,0,0,0,0,416,0,0,0,0,0,0,0,0,0,0,0,0,,,,,,,,
2900,Internal,402,1039,47093,46,26.3,11.5,52,153,167,22,76,16,0,0,0,0,0,0,0,0,0,0,0,0,0,0,0,0,0,0,0,0,0,0,0,0,0,,,,,,,,
2901,Internal,136,323,45682,36,26.9,13.3,65,0,26,0,2,9,0,0,0,0,0,0,0,0,0,0,0,0,0,0,0,0,0,0,0,0,0,0,0,0,0,,,,,,,,
2902,Internal,146,440,45682,36,26.9,13.3,1,2,3,0,4,23,0,0,0,0,0,0,0,0,0,0,0,0,0,0,0,0,0,0,0,0,0,0,0,0,0,,,,,,,,
2903,Internal,137,396,66776,47,20.0,14.3,4,18,8,0,0,26,0,0,0,0,0,0,0,0,0,0,0,0,0,0,0,0,0,0,0,0,0,0,0,0,0,,,,,,,,
2904,Internal,682,1658,66776,47,20.0,14.3,47,89,14,0,24,31,0,0,0,0,0,0,0,0,0,0,0,0,0,0,0,0,0,0,0,0,0,0,0,0,0,,,,,,,,
2905,Internal,219,619,66776,47,20.0,14.3,1,13,4,2,0,26,0,0,0,0,0,0,0,0,0,0,0,0,0,0,0,0,0,0,0,0,0,0,0,0,0,,,,,,,,
2906,Internal,269,759,74172,48,20.7,13.3,84,6,59,0,15,42,0,0,0,0,0,0,0,0,0,0,0,0,0,0,0,0,0,0,0,0,0,0,0,0,0,,,,,,,,
2907,Internal,262,676,74172,48,20.7,13.3,49,24,95,33,0,34,0,0,0,0,0,0,0,0,0,0,0,0,0,0,0,0,0,0,0,0,0,0,0,0,0,,,,,,,,
2908,Internal,386,974,74172,48,20.7,13.3,24,46,107,1,10,38,0,0,0,0,0,0,0,0,0,0,0,0,662,0,0,0,0,0,0,0,0,0,0,0,0,,,,,,,,
2909,Internal,324,829,74172,48,20.7,13.3,5,16,22,0,0,33,0,0,0,0,0,0,0,0,0,0,0,0,0,0,0,0,0,0,0,0,0,0,0,0,0,,,,,,,,
2910,Internal,186,497,66354,47,34.5,17.1,125,13,12,0,10,26,0,0,0,0,0,0,0,0,0,0,0,0,0,0,0,0,0,0,0,0,0,0,0,0,0,,,,,,,,
2911,Internal,158,406,66354,47,34.5,17.1,27,9,5,0,0,26,0,0,0,0,0,0,0,0,0,0,0,0,0,0,0,0,0,0,0,0,0,0,0,0,0,,,,,,,,
2912,Internal,413,1050,66406,48,30.6,8.0,2,20,6,5,3,33,0,0,0,0,0,0,0,0,0,0,0,0,0,0,0,0,0,0,0,0,0,0,0,0,0,,,,,,,,
2913,Internal,190,526,66406,48,30.6,8.0,0,24,4,0,2,10,0,0,0,0,0,0,0,0,0,0,0,0,0,0,0,0,0,0,0,0,0,0,0,0,0,,,,,,,,
2914,Internal,414,1120,66406,48,30.6,8.0,5,90,42,8,0,9,0,0,0,0,0,0,0,0,0,0,0,0,0,0,0,0,0,0,0,0,0,0,0,0,0,,,,,,,,
2915,Internal,39,98,57784,37,15.3,15.1,112,1,0,0,0,25,0,0,0,0,0,0,0,0,0,0,0,0,0,0,0,0,0,0,0,0,0,0,0,0,0,,,,,,,,
2916,Internal,228,583,49013,42,14.1,27.9,202,45,12,0,0,26,0,0,0,0,0,0,0,0,0,0,0,0,198,0,0,0,0,0,0,0,0,0,0,0,0,,,,,,,,
2917,Internal,210,507,49013,42,14.1,27.9,4,3,11,0,3,23,0,0,0,0,0,0,0,0,0,0,0,0,0,0,0,0,0,0,0,0,0,0,0,0,0,,,,,,,,
2918,Internal,400,1077,49031,42,27.2,13.3,2,11,18,0,0,23,0,0,0,0,0,0,0,0,0,0,0,0,0,0,0,0,0,0,0,0,0,0,0,0,0,,,,,,,,
2919,Internal,197,449,49031,42,27.2,13.3,9,106,13,0,0,30,0,0,0,0,0,0,0,0,0,0,0,0,0,0,0,0,0,0,0,0,0,0,0,0,0,,,,,,,,
2920,Internal,392,1003,55694,42,25.8,18.4,28,15,6,0,5,15,0,0,0,0,0,0,0,0,0,0,0,0,0,0,0,0,0,0,0,0,0,0,0,0,0,,,,,,,,
2921,Internal,241,558,43080,46,9.4,17.6,89,1,6,0,11,38,0,0,0,0,0,0,0,0,0,0,0,0,0,0,0,0,0,0,0,0,0,0,0,0,0,,,,,,,,
2922,Internal,163,401,43080,46,9.4,17.6,251,3,6,0,0,66,0,0,0,0,0,0,0,0,0,0,0,0,0,0,0,0,0,0,0,0,0,0,0,0,0,,,,,,,,
2923,Internal,545,1218,81736,46,20.4,21.6,8,19,133,9,2,27,0,0,0,0,0,0,0,0,0,0,0,0,438,0,0,0,0,0,0,0,0,0,0,0,0,,,,,,,,
2924,Internal,211,436,26929,37,11.9,13.6,72,70,367,198,406,22,0,0,0,0,0,0,0,0,0,0,0,0,0,0,0,0,0,0,0,0,0,0,0,0,0,,,,,,,,
2925,Internal,384,839,26929,37,11.9,13.6,4,17,89,8,225,27,0,0,0,0,0,0,0,0,0,0,0,0,0,0,0,0,0,0,0,0,0,0,0,0,0,,,,,,,,
2926,Internal,592,1410,26471,37,44.5,7.5,24,17,60,0,30,60,0,0,0,0,0,0,0,0,0,0,0,0,207,0,0,0,0,0,0,0,0,0,0,0,0,,,,,,,,
2927,Internal,246,540,17647,37,12.5,42.8,0,14,6,0,0,30,0,0,0,0,0,0,0,0,0,0,0,0,0,0,0,0,0,0,0,0,0,0,0,0,0,,,,,,,,
2928,Internal,433,898,28611,37,5.9,20.4,16,97,240,5,129,30,0,0,0,0,0,0,0,0,0,0,0,0,1075,0,0,0,0,0,0,0,0,0,0,0,0,,,,,,,,
2929,Internal,233,579,27500,37,12.1,22.6,3,6,478,14,0,42,0,0,0,0,0,0,0,0,0,0,0,0,626,0,0,0,0,0,0,0,0,0,0,0,0,,,,,,,,
2930,Internal,194,465,27500,37,12.1,22.6,117,0,0,7,0,29,0,0,0,0,0,0,0,0,0,0,0,0,0,0,0,0,0,0,0,0,0,0,0,0,0,,,,,,,,
2931,Internal,295,770,27500,37,12.1,22.6,339,501,609,305,196,84,0,0,0,0,0,0,0,0,0,0,0,0,0,0,0,0,0,0,0,0,0,0,0,0,0,,,,,,,,
2932,Internal,330,663,32231,40,29.2,12.5,11,44,16,0,17,25,0,0,0,0,0,0,0,0,0,0,0,0,694,0,0,0,0,0,0,0,0,0,0,0,0,,,,,,,,
2933,Internal,113,253,33705,40,28.2,23.3,3,23,339,82,29,28,0,0,0,0,0,0,0,0,0,0,0,0,0,0,0,0,0,0,0,0,0,0,0,0,0,,,,,,,,
2934,Internal,127,330,33705,40,28.2,23.3,0,4,23,5,3,61,0,0,0,0,0,0,0,0,0,0,0,0,0,0,0,0,0,0,0,0,0,0,0,0,0,,,,,,,,
2935,Internal,301,677,45163,40,19.1,26.1,42,30,171,80,0,32,0,0,0,0,0,0,0,0,0,0,0,0,47,0,0,0,0,0,0,0,0,0,0,0,0,,,,,,,,
2936,Internal,256,565,45163,40,19.1,26.1,50,33,60,12,80,18,0,0,0,0,0,0,0,0,0,0,0,0,43,0,0,0,0,0,0,0,0,0,0,0,0,,,,,,,,
2937,Internal,182,374,54583,47,9.8,13.8,25,0,2,0,13,47,0,0,0,0,0,0,0,0,0,0,0,0,0,0,0,0,0,0,0,0,0,0,0,0,0,,,,,,,,
2938,Internal,45,129,54583,47,9.8,13.8,0,8,2,0,0,47,0,0,0,0,0,0,0,0,0,0,0,0,0,0,0,0,0,0,0,0,0,0,0,0,0,,,,,,,,
2939,Internal,165,375,54583,47,9.8,13.8,14,29,2,0,0,47,0,0,0,0,0,0,0,0,0,0,0,0,0,0,0,0,0,0,0,0,0,0,0,0,0,,,,,,,,
2940,Internal,341,824,54583,47,9.8,13.8,57,2,7,0,0,47,0,0,0,0,0,0,0,0,0,0,0,0,0,0,0,0,0,0,0,0,0,0,0,0,0,,,,,,,,
2941,Internal,655,1575,55703,47,10.8,22.5,27,12,7,5,13,32,0,0,0,0,0,0,0,0,0,0,0,0,0,0,0,0,0,0,0,0,0,0,0,0,0,,,,,,,,
2942,Internal,454,1121,59302,47,30.7,12.1,0,27,4,0,3,47,0,0,0,0,0,0,0,0,0,0,0,0,0,0,0,0,0,0,0,0,0,0,0,0,0,,,,,,,,
2943,Internal,442,1174,59302,47,30.7,12.1,232,90,23,6,30,55,0,0,0,0,0,0,0,0,0,0,0,0,571,0,0,0,0,0,0,0,0,0,0,0,0,,,,,,,,
2944,Internal,435,1117,51701,47,27.3,20.2,28,14,6,5,27,27,0,0,0,0,0,0,0,0,0,0,0,0,0,0,0,0,0,0,0,0,0,0,0,0,0,,,,,,,,
2945,Internal,162,372,51701,47,27.3,20.2,76,61,56,0,115,35,0,0,0,0,0,0,0,0,0,0,0,0,0,0,0,0,0,0,0,0,0,0,0,0,0,,,,,,,,
2946,Internal,366,824,36377,43,28.7,12.7,0,89,3,0,2,8,0,0,0,0,0,0,0,0,0,0,0,0,451,0,0,0,0,0,0,0,0,0,0,0,0,,,,,,,,
2947,Internal,217,519,36377,43,28.7,12.7,20,2,10,0,1,63,0,0,0,0,0,0,0,0,0,0,0,0,0,0,0,0,0,0,0,0,0,0,0,0,0,,,,,,,,
2948,Internal,203,416,36377,43,28.7,12.7,353,0,20,0,110,33,0,0,0,0,0,0,0,0,0,0,0,0,0,0,0,0,0,0,0,0,0,0,0,0,0,,,,,,,,
2949,Internal,76,175,33705,40,28.2,23.3,3,6,9,46,4,17,0,0,0,0,0,0,0,0,0,0,0,0,0,0,0,0,0,0,0,0,0,0,0,0,0,,,,,,,,
2950,Internal,17,76,36377,43,28.7,12.7,0,58,40,0,573,18,0,0,0,0,0,0,0,0,0,0,0,0,290,0,0,0,0,0,0,0,0,0,0,0,0,,,,,,,,
2951,Internal,978,2522,64387,48,18.7,12.9,11,12,38,0,23,25,0,0,0,0,0,0,0,0,0,0,0,0,0,0,0,0,0,0,0,0,0,0,0,0,0,,,,,,,,
2952,Internal,323,760,67500,43,23.0,18.0,5,9,136,1,124,21,0,0,0,0,0,0,0,0,0,0,0,0,0,0,0,0,0,0,0,0,0,0,0,0,0,,,,,,,,
2953,Internal,334,800,64387,48,18.7,12.9,1,414,7,14,7,6,0,0,0,0,0,0,0,0,0,0,0,0,0,0,0,0,0,0,0,0,0,0,0,0,0,,,,,,,,
2954,Internal,86,263,67500,43,23.0,18.0,0,2,0,0,0,22,0,0,0,0,0,0,0,0,0,0,0,0,0,0,0,0,0,0,0,0,0,0,0,0,0,,,,,,,,
2955,Internal,302,719,49922,48,19.2,21.1,21,13,6,7,16,19,0,0,0,0,0,0,0,0,0,0,0,0,0,0,0,0,0,0,0,0,0,0,0,0,0,,,,,,,,
2956,Internal,296,725,49922,48,19.2,21.1,18,31,5,6,0,28,0,0,0,0,0,0,0,0,0,0,0,0,230,0,0,0,0,0,0,0,0,0,0,0,0,,,,,,,,
2957,Internal,601,1470,45508,43,28.5,19.6,8,39,50,9,13,17,0,0,0,0,0,0,0,0,0,0,0,0,0,0,0,0,0,0,0,0,0,0,0,0,0,,,,,,,,
2958,Internal,337,817,81705,43,7.2,34.4,47,15,9,0,10,12,0,0,0,0,0,0,0,0,0,0,0,0,0,0,0,0,0,0,0,0,0,0,0,0,0,,,,,,,,
2959,Internal,298,715,57012,43,22.4,11.0,21,72,36,6,160,43,0,0,0,0,0,0,0,0,0,0,0,0,369,0,0,0,0,0,0,0,0,0,0,0,0,,,,,,,,
2960,Internal,672,1338,41399,45,29.5,11.2,21,342,154,63,553,6,0,0,0,0,0,0,0,0,0,0,0,0,1288,0,0,0,0,0,0,0,0,0,0,0,0,,,,,,,,
2961,Internal,316,784,53906,54,28.8,10.3,4,0,46,0,2,17,0,0,0,0,0,0,0,0,0,0,0,0,0,0,0,0,0,0,0,0,0,0,0,0,0,,,,,,,,
2962,Internal,22,73,58266,44,25.5,11.5,51,16,32,0,29,41,0,0,0,0,0,0,0,0,0,0,0,0,0,0,0,0,0,0,0,0,0,0,0,0,0,,,,,,,,
2963,Internal,27,142,41399,45,29.5,11.2,13,49,4,9,338,16,0,0,0,0,0,0,0,0,0,0,0,0,0,0,0,0,0,0,0,0,0,0,0,0,0,,,,,,,,
2964,Internal,416,1156,41008,46,18.6,24.0,117,49,84,5,106,27,0,0,0,0,0,0,0,0,0,0,0,0,0,0,0,0,0,0,0,0,0,0,0,0,0,,,,,,,,
2965,Internal,271,620,61042,49,27.5,8.9,14,41,13,0,17,37,0,0,0,0,0,0,0,0,0,0,0,0,0,0,0,0,0,0,0,0,0,0,0,0,0,,,,,,,,
2966,Internal,137,295,61042,49,27.5,8.9,3,9,2,1,4,13,0,0,0,0,0,0,0,0,0,0,0,0,0,0,0,0,0,0,0,0,0,0,0,0,0,,,,,,,,
2967,Internal,191,413,54375,46,18.0,19.1,8,28,22,0,8,48,0,0,0,0,0,0,0,0,0,0,0,0,310,0,0,0,0,0,0,0,0,0,0,0,0,,,,,,,,
2968,Internal,232,580,41008,46,18.6,24.0,8,4,5,1,7,55,0,0,0,0,0,0,0,0,0,0,0,0,0,0,0,0,0,0,0,0,0,0,0,0,0,,,,,,,,
2969,Internal,278,719,48281,46,27.0,12.4,28,2,2,0,34,71,0,0,0,0,0,0,0,0,0,0,0,0,0,0,0,0,0,0,0,0,0,0,0,0,0,,,,,,,,
2970,Internal,255,667,54375,46,18.0,19.1,181,10,10,1,130,23,0,0,0,0,0,0,0,0,0,0,0,0,0,0,0,0,0,0,0,0,0,0,0,0,0,,,,,,,,
2971,Internal,406,1012,48281,46,27.0,12.4,35,3,32,21,10,73,0,0,0,0,0,0,0,0,0,0,0,0,0,0,0,0,0,0,0,0,0,0,0,0,0,,,,,,,,
2972,Internal,82,173,45357,54,21.0,11.3,188,166,164,46,87,7,0,0,0,0,0,0,0,0,0,0,0,0,0,0,0,0,0,0,0,0,0,0,0,0,0,,,,,,,,
2973,Internal,275,687,78125,54,8.5,24.8,12,0,17,2,9,49,0,0,0,0,0,0,0,0,0,0,0,0,0,0,0,0,0,0,0,0,0,0,0,0,0,,,,,,,,
2974,Internal,67,158,48281,46,27.0,12.4,1,2,0,1,1,55,0,0,0,0,0,0,0,0,0,0,0,0,0,0,0,0,0,0,0,0,0,0,0,0,0,,,,,,,,
2975,Internal,253,609,78125,54,8.5,24.8,37,11,7,0,58,41,0,0,0,0,0,0,0,0,0,0,0,0,0,0,0,0,0,0,0,0,0,0,0,0,0,,,,,,,,
2976,Internal,311,857,41399,45,29.5,11.2,15,22,97,5,470,12,0,0,0,0,0,0,0,0,0,0,0,0,0,0,0,0,0,0,0,0,0,0,0,0,0,,,,,,,,
2977,Internal,21,92,50825,45,21.9,15.4,0,1,18,7,10,28,0,0,0,0,0,0,0,0,0,0,0,0,0,0,0,0,0,0,0,0,0,0,0,0,0,,,,,,,,
2978,Internal,10,17,45357,54,21.0,11.3,725,0,3,0,23,64,0,0,0,0,0,0,0,0,0,0,0,0,0,0,0,0,0,0,0,0,0,0,0,0,0,,,,,,,,
2979,Internal,358,877,64286,49,17.1,22.6,17,21,20,0,42,38,0,0,0,0,0,0,0,0,0,0,0,0,0,0,0,0,0,0,0,0,0,0,0,0,0,,,,,,,,
2980,Internal,89,261,58266,44,25.5,11.5,9,2,9,0,11,6,0,0,0,0,0,0,0,0,0,0,0,0,0,0,0,0,0,0,0,0,0,0,0,0,0,,,,,,,,
2981,Internal,205,471,58266,44,25.5,11.5,3,1,3,0,0,36,0,0,0,0,0,0,0,0,0,0,0,0,0,0,0,0,0,0,0,0,0,0,0,0,0,,,,,,,,
2982,Internal,0,0,50825,45,21.9,15.4,93,11,107,8,435,10,0,0,0,0,0,0,0,0,0,0,0,0,0,0,0,0,0,0,0,0,0,0,0,0,0,,,,,,,,
2983,Internal,148,474,41399,45,29.5,11.2,32,0,79,32,104,5,0,0,0,0,0,0,0,0,0,0,0,0,0,0,0,0,0,0,0,0,0,0,0,0,0,,,,,,,,
2984,Internal,211,352,49583,43,25.7,20.3,4,2,11,0,4,27,0,0,0,0,0,0,0,0,0,0,0,0,0,0,0,0,0,0,0,0,0,0,0,0,0,,,,,,,,
2985,Internal,303,632,49583,43,25.7,20.3,13,7,31,6,64,10,0,0,0,0,0,0,0,0,0,0,0,0,0,0,0,0,0,0,0,0,0,0,0,0,0,,,,,,,,
2986,Internal,73,208,49583,43,25.7,20.3,27,55,67,8,113,16,0,0,0,0,0,0,0,0,0,0,0,0,0,0,0,0,0,0,0,0,0,0,0,0,0,,,,,,,,
2987,Internal,149,382,50825,45,21.9,15.4,1,0,1,0,4,28,0,0,0,0,0,0,0,0,0,0,0,0,0,0,0,0,0,0,0,0,0,0,0,0,0,,,,,,,,
2988,Internal,743,1841,50825,45,21.9,15.4,14,3,17,1,63,16,0,0,0,0,0,0,0,0,0,0,0,0,0,0,0,0,0,0,0,0,0,0,0,0,0,,,,,,,,
2989,Internal,53,146,45357,54,21.0,11.3,735,126,443,0,187,42,0,0,0,0,0,0,0,0,0,0,0,0,0,0,0,0,0,0,0,0,0,0,0,0,0,,,,,,,,
2990,Internal,141,435,45357,54,21.0,11.3,8,1,5,0,2,49,0,0,0,0,0,0,0,0,0,0,0,0,0,0,0,0,0,0,0,0,0,0,0,0,0,,,,,,,,
2991,Internal,685,1781,53906,54,28.8,10.3,7,36,13,56,20,19,0,0,0,0,0,0,0,0,0,0,0,0,0,0,0,0,0,0,0,0,0,0,0,0,0,,,,,,,,
2992,Internal,123,334,64286,49,17.1,22.6,5,1,0,0,2,15,0,0,0,0,0,0,0,0,0,0,0,0,0,0,0,0,0,0,0,0,0,0,0,0,0,,,,,,,,
2993,Internal,362,972,61042,49,27.5,8.9,46,8,0,0,15,42,0,0,0,0,0,0,0,0,0,0,0,0,0,0,0,0,0,0,0,0,0,0,0,0,0,,,,,,,,
2994,Internal,28,108,57012,43,22.4,11.0,0,0,3,0,0,27,0,0,0,0,0,0,0,0,0,0,0,0,0,0,0,0,0,0,0,0,0,0,0,0,0,,,,,,,,
2995,Internal,614,1224,41399,45,29.5,11.2,22,83,133,13,440,13,0,0,0,0,0,0,0,0,0,0,0,0,0,0,0,0,0,0,0,0,0,0,0,0,0,,,,,,,,
2996,Internal,477,1112,88875,45,6.7,15.6,8,45,37,10,69,30,0,0,0,0,0,0,0,0,0,0,0,0,175,0,0,0,0,0,0,0,0,0,0,0,0,,,,,,,,
2997,Internal,175,470,41399,45,29.5,11.2,521,18,180,5,112,67,0,0,0,0,0,0,0,0,0,0,0,0,0,0,0,0,0,0,0,0,0,0,0,0,0,,,,,,,,
2998,Internal,20,66,36639,44,34.7,15.6,7,63,54,0,167,53,0,0,0,0,0,0,0,0,0,0,0,0,0,0,0,0,0,0,0,0,0,0,0,0,0,,,,,,,,
2999,Internal,90,227,36639,44,34.7,15.6,0,0,0,0,1,36,0,0,0,0,0,0,0,0,0,0,0,0,0,0,0,0,0,0,0,0,0,0,0,0,0,,,,,,,,
3000,Internal,0,0,50825,45,21.9,15.4,29,4,35,2,137,16,0,0,0,0,0,0,0,0,0,0,0,0,0,0,0,0,0,0,0,0,0,0,0,0,0,,,,,,,,
3001,Internal,437,1260,62036,44,30.2,5.0,333,66,124,0,89,50,0,0,0,0,0,0,0,0,0,0,0,0,0,0,0,0,0,0,0,0,0,0,0,0,0,,,,,,,,
3002,Internal,53,136,62036,44,30.2,5.0,15,3,6,0,4,49,0,0,0,0,0,0,0,0,0,0,0,0,0,0,0,0,0,0,0,0,0,0,0,0,0,,,,,,,,
3003,Internal,219,574,36639,44,34.7,15.6,84,17,20,12,23,41,0,0,0,0,0,0,0,0,0,0,0,0,641,0,0,0,0,0,0,0,0,0,0,0,0,,,,,,,,
3004,Internal,485,1207,62036,44,30.2,5.0,384,76,73,73,104,29,0,0,0,0,0,0,0,0,0,0,0,0,0,0,0,0,0,0,0,0,0,0,0,0,0,,,,,,,,
3005,Internal,238,572,62036,44,30.2,5.0,16,3,4,2,4,36,0,0,0,0,0,0,0,0,0,0,0,0,0,0,0,0,0,0,0,0,0,0,0,0,0,,,,,,,,
3006,Internal,180,421,64286,49,17.1,22.6,6,7,3,0,0,37,0,0,0,0,0,0,0,0,0,0,0,0,0,0,0,0,0,0,0,0,0,0,0,0,0,,,,,,,,
3007,Internal,303,646,57012,43,22.4,11.0,5,165,12,0,3,47,0,0,0,0,0,0,0,0,0,0,0,0,1776,0,0,0,0,0,0,0,0,0,0,0,0,,,,,,,,
3008,Internal,165,411,102500,47,26.5,17.3,10,12,32,0,8,8,0,0,0,0,0,0,0,0,0,0,0,0,0,0,0,0,0,0,0,0,0,0,0,0,0,,,,,,,,
3009,Internal,444,1177,102500,47,26.5,17.3,29,20,113,5,7,17,0,0,0,0,0,0,0,0,0,0,0,0,0,0,0,0,0,0,0,0,0,0,0,0,0,,,,,,,,
3010,Internal,282,679,57012,43,22.4,11.0,33,5,33,1,76,23,0,0,0,0,0,0,0,0,0,0,0,0,0,0,0,0,0,0,0,0,0,0,0,0,0,,,,,,,,
3011,Internal,290,708,108533,48,27.9,13.8,12,34,2,2,7,43,0,0,0,0,0,30,0,0,0,0,0,0,0,0,0,0,0,0,0,0,0,0,0,0,0,,,,,,,,
3012,Internal,3,8,11250,40,22.0,2.5,4,114,3130,12,0,0,0,724,0,0,0,12,0,0,0,603,0,0,0,0,0,0,2,553,147,300,792,54,486,0,0,,,,,,,,
3013,Internal,1,1,11250,40,22.0,2.5,3,3148,6911,0,16,18,0,13,0,0,0,0,0,0,0,455,0,0,0,0,0,1,2,553,147,300,340,27,154,0,0,,,,,,,,
3014,Internal,1,3,11250,40,22.0,2.5,50,111,3,0,0,23,0,239,0,0,0,0,0,0,0,203,0,0,0,0,0,0,2,553,147,300,782,13,56,0,0,,,,,,,,
3015,Internal,1533,4100,105691,50,26.3,13.9,13,116,9,0,0,43,0,0,0,0,0,170,0,0,0,0,0,0,0,0,0,0,0,0,0,0,0,0,0,0,0,,,,,,,,
3016,Internal,1117,1918,56905,31,10.0,62.9,0,187,9,200,49,25,0,0,0,0,0,22,0,0,0,0,0,0,0,0,0,0,0,0,0,0,0,0,0,0,0,,,,,,,,
3017,Internal,0,0,58190,47,22.0,12.0,0,516,90,0,0,38,0,0,0,0,0,0,0,0,0,0,308,0,0,0,0,1,4,544,0,200,167,0,63,0,0,,,,,,,,
3018,Internal,0,0,58190,47,22.0,12.0,0,62,40,0,33,74,0,0,0,0,0,0,0,0,0,0,855,0,0,0,0,0,4,544,0,200,1112,0,89,0,0,,,,,,,,
3019,Internal,801,1968,100714,40,21.7,26.9,43,40,66,17,16,22,0,0,0,0,0,34,0,0,0,0,0,0,0,0,0,0,0,0,0,0,0,0,0,0,0,,,,,,,,
3020,Internal,0,0,58190,47,22.0,12.0,0,3356,0,0,0,0,0,0,0,0,0,0,3,0,0,0,371,0,0,0,0,0,4,544,0,200,233,0,15,0,0,,,,,,,,
3021,Internal,744,1446,82833,33,13.9,42.3,0,3,3,0,3,40,0,0,0,0,0,10,0,0,0,0,0,0,0,0,0,0,0,0,0,0,0,0,0,0,0,,,,,,,,
3022,Internal,24,50,70583,51,33.1,10.2,30,55,298,11,257,10,0,0,0,0,0,10,0,0,0,0,0,0,0,0,0,0,0,0,0,0,0,0,0,0,0,,,,,,,,
3023,Internal,1,9,58190,47,22.0,12.0,0,493,132,793,1,74,0,0,0,0,0,0,0,0,0,0,422,0,0,0,0,0,4,544,81,200,444,352,813,0,0,,,,,,,,
3024,Internal,0,0,58190,47,22.0,12.0,0,143,0,4,221,0,0,0,0,0,0,0,0,0,0,0,379,0,0,0,0,0,4,544,0,200,544,0,61,0,0,,,,,,,,
3025,Internal,0,0,58190,47,22.0,12.0,0,2943,0,265,5,74,0,0,0,0,0,0,0,0,0,0,402,0,0,0,0,0,4,544,0,200,217,0,14,0,0,,,,,,,,
3026,Internal,14,21,58190,47,22.0,12.0,0,364,99,25,42,0,0,0,3398,0,0,0,6,0,0,0,865,0,0,0,0,0,4,544,81,200,29,22,81,0,0,,,,,,,,
3027,Internal,0,0,56793,54,12.6,10.5,0,56,97,29,396,13,0,0,0,0,0,0,0,0,0,0,0,0,0,0,0,0,0,0,0,0,0,0,0,0,0,,,,,,,,
3028,Internal,37,64,41088,48,23.8,4.4,44,71,493,15,85,49,0,0,0,0,0,9,0,1,0,0,0,0,0,0,0,0,0,0,0,0,0,0,0,0,0,,,,,,,,
3029,Internal,0,0,58190,47,22.0,12.0,49,2534,7282,126,122,0,0,0,0,0,0,0,1,0,0,0,356,0,0,0,0,1,4,544,0,200,4845,0,184,0,0,,,,,,,,
3030,Internal,0,0,58190,47,22.0,12.0,1,1222,5553,0,5,74,0,0,0,0,0,0,3,0,0,0,262,0,0,0,0,1,4,544,0,200,1146,0,122,0,0,,,,,,,,
3031,Internal,48,96,36458,57,5.3,2.5,530,2138,65,25,5,88,0,0,0,0,60,0,0,0,154,0,0,0,0,0,0,0,5,203,106,200,176,406,13,0,0,,,,,,,,
3032,Internal,341,767,36458,57,5.3,2.5,0,2,144,0,0,9,0,0,0,0,187,0,0,0,278,0,0,0,0,0,0,0,5,73,0,200,152,0,332,0,0,,,,,,,,
3033,Internal,210,480,96171,48,33.3,8.9,0,1,9,0,2,54,0,0,0,0,0,79,0,0,0,0,0,0,0,0,0,0,0,0,0,0,0,0,0,0,0,,,,,,,,
3034,Internal,483,1149,79076,43,26.7,12.5,195,4,163,72,0,9,0,0,0,0,0,45,0,0,0,0,0,0,0,0,537,0,0,0,0,0,0,0,0,0,0,,,,,,,,
3035,Internal,358,821,55729,41,29.9,12.2,2,26,1,0,48,43,0,0,0,0,0,0,0,9,0,0,0,0,0,0,0,0,0,0,0,0,0,0,0,0,0,,,,,,,,
3036,Internal,230,277,36458,57,5.3,2.5,1,678,35,0,7,87,0,0,0,0,88,0,0,0,205,0,0,0,0,0,0,0,5,192,106,200,415,627,630,0,0,,,,,,,,
3037,Internal,400,840,32297,41,34.4,6.9,13,155,574,123,30,38,0,0,0,0,0,0,1,25,0,0,0,0,1906,0,0,0,0,0,0,0,0,0,0,0,0,,,,,,,,
3038,Internal,22,77,36458,57,5.3,2.5,0,223,200,0,0,50,0,0,0,0,0,0,0,0,34,0,0,0,473,0,0,0,5,140,0,0,39,0,0,0,0,,,,,,,,
3039,Internal,65,105,36458,57,5.3,2.5,0,0,0,0,0,0,238,0,0,0,314,0,0,0,162,0,0,0,0,0,0,0,5,0,134,0,0,69,0,0,0,,,,,,,,
3040,Internal,83,134,36458,57,5.3,2.5,663,1320,4,21,0,86,302,0,0,0,0,0,0,0,263,0,0,0,0,0,0,0,5,203,127,200,409,415,757,0,0,,,,,,,,
3041,Internal,67,109,36458,57,5.3,2.5,1,120,0,0,0,58,246,0,0,0,8,0,0,0,167,0,0,0,0,0,0,0,5,140,106,200,443,49,60,0,0,,,,,,,,
3042,Internal,0,0,32297,41,34.4,6.9,0,20,718,22,305,34,0,0,0,0,0,0,0,0,0,0,0,0,0,0,0,0,0,0,0,0,0,0,0,0,0,,,,,,,,
3043,Internal,401,911,32297,41,34.4,6.9,0,123,272,63,171,17,0,0,0,0,0,0,9,18,0,0,0,0,0,0,0,0,0,0,0,0,0,0,0,0,0,,,,,,,,
3044,Internal,42,80,25746,48,2.5,2.5,1,332,0,0,0,32,563,0,0,0,4,0,0,0,0,0,0,0,0,0,0,0,5,140,101,0,743,256,0,0,0,,,,,,,,
3045,Internal,292,480,25746,48,2.5,2.5,0,0,7,0,0,53,283,0,0,0,44,0,0,0,0,0,0,0,0,0,0,0,5,0,106,0,0,305,0,0,0,,,,,,,,
3046,Internal,283,421,25746,48,2.5,2.5,0,338,11,0,9,32,299,0,0,0,290,0,0,0,0,0,0,0,0,0,0,0,5,140,106,0,181,357,0,0,0,,,,,,,,
3047,Internal,605,1545,47935,50,32.2,8.3,5,10,46,0,0,24,0,0,0,0,0,0,14,23,0,0,0,0,0,0,0,0,0,0,0,0,0,0,0,0,0,,,,,,,,
3048,Internal,246,726,53203,43,38.1,7.8,294,16,2,0,0,55,0,0,0,0,0,0,0,23,0,0,0,0,0,0,0,0,0,0,0,0,0,0,0,0,0,,,,,,,,
3049,Internal,37,38,36458,57,5.3,2.5,0,538,36,0,212,35,0,0,0,0,32,0,0,0,0,0,0,0,0,0,0,0,0,0,0,0,0,0,0,0,0,,,,,,,,
3050,Internal,36,72,36458,57,5.3,2.5,0,795,56,5,129,58,0,0,0,0,56,0,0,0,0,0,0,0,0,0,0,0,0,0,0,0,0,0,0,0,0,,,,,,,,
3051,Internal,1,1,36458,57,5.3,2.5,0,0,0,0,0,58,0,0,0,0,0,0,0,0,0,0,0,0,253,0,0,0,5,0,106,0,0,38,0,0,0,,,,,,,,
3052,Internal,1,10,22361,82,25.0,11.0,41,750,0,0,0,28,1229,0,0,0,0,0,0,0,158,0,0,0,0,0,0,0,5,203,0,200,56,0,17,0,0,,,,,,,,
3053,Internal,546,1638,27099,42,31.8,7.9,0,15,30,0,0,35,0,0,0,0,0,0,3,40,0,0,0,0,0,0,0,0,0,0,0,0,0,0,0,0,0,,,,,,,,
3054,Internal,2,19,22361,82,25.0,11.0,14,250,0,0,0,28,989,0,0,0,4,0,0,0,170,0,0,0,0,0,0,0,5,203,134,200,589,2020,100,0,0,,,,,,,,
3055,Internal,0,0,22361,82,25.0,11.0,48,3787,0,0,40,28,0,0,0,0,0,0,0,0,1330,0,0,0,0,0,0,0,5,192,134,200,89,83,338,0,0,,,,,,,,
3056,Internal,3,9,22361,82,25.0,11.0,63,3786,2,0,0,1,343,0,0,0,0,0,0,0,1372,0,0,0,0,0,0,0,5,203,343,200,520,96,92,0,0,,,,,,,,
3057,Internal,1,5,34563,40,23.0,7.0,146,68,0,0,0,0,0,0,0,0,0,0,0,0,24,0,0,0,0,0,0,0,5,140,101,200,56,200,192,0,0,,,,,,,,
3058,Internal,17,47,34563,40,23.0,7.0,48,23,0,0,0,17,993,0,0,0,0,0,0,0,35,0,0,0,0,0,0,0,5,203,106,200,254,101,471,0,0,,,,,,,,
3059,Internal,1,13,34563,40,23.0,7.0,883,2947,0,0,0,17,1071,0,0,0,20,0,0,0,146,0,0,0,0,0,0,0,5,203,106,200,888,275,116,0,0,,,,,,,,
3060,Internal,0,0,34563,40,23.0,7.0,177,853,0,0,0,17,1,0,0,0,0,0,0,0,80,0,0,0,0,0,0,0,5,203,106,200,384,260,1043,0,0,,,,,,,,
3061,Internal,189,293,56731,53,24.7,8.8,0,3,12391,65,0,58,0,0,0,0,8,0,0,0,0,0,0,0,0,0,0,1,0,0,0,0,0,0,0,0,0,,,,,,,,
3062,Internal,555,1305,56731,53,24.7,8.8,6,3,126,0,2,57,0,0,0,0,95,0,0,0,0,0,0,0,0,0,0,0,0,0,0,0,0,0,0,0,0,,,,,,,,
3063,Internal,273,745,76500,52,16.0,25.0,73,237,459,0,139,75,0,0,0,0,0,0,0,0,0,0,0,0,504,0,0,0,0,0,0,0,0,0,0,0,0,,,,,,,,
3064,Internal,306,421,76500,52,16.0,25.4,5,121,454,335,1562,19,0,0,0,0,4,0,0,0,0,0,0,0,0,0,0,0,0,0,0,0,0,0,0,0,0,,,,,,,,
3065,Internal,357,1031,74874,46,34.6,4.5,0,24,0,0,3,23,0,0,0,0,0,0,1,36,0,0,0,0,0,0,0,0,0,0,0,0,0,0,0,0,0,,,,,,,,
3066,Internal,160,462,74874,46,34.6,4.5,4,243,10,1,0,23,0,0,0,0,0,0,0,16,0,0,0,0,1200,0,0,0,0,0,0,0,0,0,0,0,0,,,,,,,,
3067,Internal,320,883,71573,53,22.4,6.3,0,10,34,4,25,12,0,0,0,0,0,0,2,36,0,0,0,0,0,0,0,0,0,0,0,0,0,0,0,0,0,,,,,,,,
3068,Internal,102,186,56875,53,26.0,9.0,5,6,56,0,592,7,0,0,0,0,0,0,0,0,0,0,0,0,0,0,0,0,0,0,0,0,0,0,0,0,0,,,,,,,,
3069,Internal,357,619,56875,53,26.0,8.8,0,4,17,0,355,8,0,0,0,0,0,0,0,0,0,0,0,0,0,0,0,0,0,0,0,0,0,0,0,0,0,,,,,,,,
3070,Internal,1014,2447,56875,53,26.0,8.8,16,51,60,10,2,43,0,0,0,0,0,0,0,0,0,0,0,0,0,0,0,0,0,0,0,0,0,0,0,0,0,,,,,,,,
3071,Internal,3,14,56875,53,26.0,8.8,7,0,57,91,85,20,0,0,0,0,0,0,0,0,0,0,0,0,0,0,0,0,0,0,0,0,0,0,0,0,0,,,,,,,,
3072,Internal,0,0,56875,53,26.0,8.8,18,50,295,45,2397,11,0,0,0,0,0,0,0,0,0,0,0,0,0,0,0,0,0,0,0,0,0,0,0,0,0,,,,,,,,
3073,Internal,5,15,62722,51,18.8,11.2,141,2020,778,45,130,65,0,0,0,0,0,0,0,0,0,0,0,0,0,0,0,0,0,0,0,0,0,0,0,0,0,,,,,,,,
3074,Internal,29,60,47888,54,21.9,3.9,0,1,0,0,0,67,0,0,0,0,0,0,0,1,0,0,0,0,0,0,0,0,0,0,0,0,0,0,0,0,0,,,,,,,,
3075,Internal,104,272,62722,51,18.8,11.2,35,2066,465,45,173,56,0,0,0,0,0,0,0,0,0,0,0,0,0,0,0,0,0,0,0,0,0,0,0,0,0,,,,,,,,
3076,Internal,15,49,62722,51,18.8,11.2,0,8,18,0,17,44,0,0,0,0,0,0,0,0,0,0,0,0,0,0,0,0,0,0,0,0,0,0,0,0,0,,,,,,,,
3077,Internal,108,291,79076,43,26.7,12.5,0,0,3,0,0,28,0,0,0,0,0,0,0,0,0,0,0,0,0,0,0,0,0,0,0,0,0,0,0,0,0,,,,,,,,
3078,Internal,65,159,71058,54,31.5,11.6,0,6,17,0,0,38,0,0,0,0,0,0,1,2,0,0,0,0,0,0,0,0,0,0,0,0,0,0,0,0,0,,,,,,,,
3079,Internal,46,111,71058,54,31.5,11.6,0,86,4,0,9,67,0,0,0,0,0,0,0,1,0,0,0,0,678,0,0,0,0,0,0,0,0,0,0,0,0,,,,,,,,
3080,Internal,284,663,71058,54,31.5,11.6,209,26,145,0,140,63,0,0,0,0,0,0,2,9,0,0,0,0,0,0,0,0,0,0,0,0,0,0,0,0,0,,,,,,,,
3081,Internal,1087,2668,102321,55,27.9,5.8,74,45,16,5,44,41,0,0,0,0,0,0,13,49,0,0,0,0,0,0,0,0,0,0,0,0,0,0,0,0,0,,,,,,,,
3082,Internal,31,76,102321,55,27.9,5.8,30,0,0,0,0,31,0,0,0,0,0,0,0,1,0,0,0,0,0,0,0,0,0,0,0,0,0,0,0,0,0,,,,,,,,
3083,Internal,0,0,79076,43,26.7,12.5,161,111,155,64,40,39,0,0,0,0,0,0,0,0,0,0,0,0,53,0,0,0,0,0,0,0,0,0,0,0,0,,,,,,,,
3084,Internal,678,1665,102321,55,27.9,5.8,0,104,129,10,30,62,0,0,0,0,0,0,8,30,0,0,0,0,600,0,0,0,0,0,0,0,0,0,0,0,0,,,,,,,,
3085,Internal,41,102,71058,54,31.5,11.6,21,1,23,0,48,23,0,0,0,0,0,0,0,2,0,0,0,0,0,0,0,0,0,0,0,0,0,0,0,0,0,,,,,,,,
3086,Internal,364,1060,102321,55,27.9,5.8,0,3,0,1,0,20,0,0,0,0,0,0,0,18,0,0,0,0,5,0,0,0,0,0,0,0,0,0,0,0,0,,,,,,,,
3087,Internal,724,1723,79076,43,26.7,12.5,0,15,6,0,3,28,0,0,0,0,0,67,0,0,0,0,0,0,0,0,0,0,0,0,0,0,0,0,0,0,0,,,,,,,,
3088,Internal,45,122,79076,43,26.7,12.5,0,4,80,10,637,13,0,0,0,0,0,0,0,0,0,0,0,0,0,0,0,0,0,0,0,0,0,0,0,0,0,,,,,,,,
3089,Internal,260,695,79076,43,26.7,12.5,32,284,18,13,0,41,0,0,0,0,0,12,0,0,0,0,0,0,1275,0,0,0,0,0,0,0,0,0,0,0,0,,,,,,,,
3090,Internal,2,4,88250,47,22.4,17.7,0,134,304,26,277,16,0,0,0,0,0,0,0,0,0,0,0,0,0,0,0,0,0,0,0,0,0,0,0,0,0,,,,,,,,
3091,Internal,0,0,88250,47,22.4,17.7,929,32,61,8,36,46,0,0,0,0,0,0,0,0,0,0,0,0,0,0,0,0,0,0,0,0,0,0,0,0,0,,,,,,,,
3092,Internal,0,0,73422,63,18.7,6.5,447,167,302,20,107,42,0,0,0,0,0,0,0,0,0,0,0,0,0,0,0,0,0,0,0,0,0,0,0,0,0,,,,,,,,
3093,Internal,606,1447,73422,63,18.7,6.5,5,23,72,77,19,42,0,0,0,0,12,0,0,0,0,0,0,0,0,0,0,0,0,0,0,0,0,0,0,0,0,,,,,,,,
3094,Internal,0,0,105107,52,27.6,6.4,334,63,334,0,308,46,0,0,0,0,0,0,0,0,0,0,0,0,0,0,0,0,0,0,0,0,0,0,0,0,0,,,,,,,,
3095,Internal,197,420,105107,52,27.6,6.4,1261,188,617,11,217,46,0,0,0,0,0,0,0,0,0,0,0,0,0,0,0,0,0,0,0,0,0,0,0,0,0,,,,,,,,
3096,Internal,79,213,102321,55,27.9,5.8,22,9,2,0,1,37,0,0,0,0,0,0,0,5,0,0,0,0,0,0,0,0,0,0,0,0,0,0,0,0,0,,,,,,,,
3097,Internal,69,189,92813,55,12.1,18.2,8,91,0,0,0,37,0,0,0,0,0,0,0,5,0,0,0,0,553,0,0,0,0,0,0,0,0,0,0,0,0,,,,,,,,
3098,Internal,67,122,77917,50,3.5,49.2,135,0,27,0,0,64,0,0,0,0,0,0,0,0,0,0,0,0,0,0,0,0,0,0,0,0,0,0,0,0,0,,,,,,,,
3099,Internal,38,64,77917,50,3.5,49.2,0,0,0,0,0,45,0,0,0,0,0,0,0,0,0,0,0,0,0,0,0,0,0,0,0,0,0,0,0,0,0,,,,,,,,
3100,Internal,8,13,77917,50,3.5,49.2,0,1,0,0,0,45,0,0,0,0,0,0,0,0,0,0,0,0,0,0,0,0,0,0,0,0,0,0,0,0,0,,,,,,,,
3101,Internal,525,1315,36860,34,25.4,15.2,0,21,8,23,5,11,0,0,0,0,0,9,0,18,0,0,0,0,43,0,0,0,0,0,0,0,0,0,0,0,0,,,,,,,,
3102,Internal,520,1167,45809,51,25.4,7.4,20,11,138,0,0,41,0,0,0,0,0,15,13,22,0,0,0,0,0,0,0,0,0,0,0,0,0,0,0,0,0,,,,,,,,
3103,Internal,451,1088,63667,50,31.3,10.3,160,201,14,3,5,41,0,0,0,0,0,31,5,39,0,0,0,0,797,0,0,0,0,0,0,0,0,0,0,0,0,,,,,,,,
3104,Internal,357,721,87569,63,11.7,11.9,53,56,692,94,127,62,0,0,0,0,0,0,0,0,0,0,0,0,0,0,0,0,0,0,0,0,0,0,0,0,0,,,,,,,,
3105,Internal,612,1234,67300,63,20.9,7.5,4,2,37,30,3,84,0,0,0,0,0,0,0,0,0,0,0,0,0,0,0,0,0,0,0,0,0,0,0,0,0,,,,,,,,
3106,Internal,656,1253,78333,60,10.1,21.0,52,1,25,0,3,27,0,0,0,0,0,0,0,0,0,0,0,0,0,0,0,0,0,0,0,0,0,0,0,0,0,,,,,,,,
3107,Internal,492,940,50238,60,8.3,27.1,0,0,7,0,0,45,0,0,0,0,0,0,0,0,0,0,0,0,0,0,0,0,0,0,0,0,0,0,0,0,0,,,,,,,,
3108,Internal,420,973,88788,60,21.5,9.2,1,0,43,51,8,17,0,0,0,0,0,37,10,14,0,0,0,0,0,0,0,0,0,0,0,0,0,0,0,0,0,,,,,,,,
3109,Internal,1138,2036,54110,56,25.0,11.2,13,28,48,1,54,27,0,0,0,0,0,92,11,65,0,0,0,0,0,0,0,0,0,0,0,0,0,0,0,0,0,,,,,,,,
3110,Internal,456,1297,149261,58,22.1,9.2,0,12,99,5,0,49,0,0,0,0,0,47,4,20,0,0,0,0,0,0,0,0,0,0,0,0,0,0,0,0,0,,,,,,,,
3111,Internal,456,1297,149261,58,22.1,9.2,0,10,5,0,10,38,0,0,0,0,0,47,4,20,0,0,0,0,0,0,0,0,0,0,0,0,0,0,0,0,0,,,,,,,,
3112,Internal,647,1792,123160,58,28.5,8.6,5,21,63,0,2,46,0,0,0,0,0,113,4,15,0,0,0,0,0,0,0,0,0,0,0,0,0,0,0,0,0,,,,,,,,
3113,Internal,157,319,62574,57,15.3,6.7,5,139,395,58,795,13,0,0,0,0,0,7,7,2,0,0,0,0,0,0,0,0,0,0,0,0,0,0,0,0,0,,,,,,,,
3114,Internal,332,759,82303,54,15.8,17.1,2,37,11,35,6,37,0,0,0,0,0,32,3,9,0,0,0,0,82,0,0,0,0,0,0,0,0,0,0,0,0,,,,,,,,
3115,Internal,974,1682,42163,56,8.9,9.8,0,0,3,8,0,67,0,0,0,0,0,116,6,46,0,0,0,0,0,0,0,0,0,0,0,0,0,0,0,0,0,,,,,,,,
3116,Internal,899,1954,55727,56,28.3,7.9,6,7,158,0,0,85,0,0,0,0,0,101,28,31,0,0,0,0,0,0,0,0,0,0,0,0,0,0,0,0,0,,,,,,,,
3117,Internal,0,0,77485,72,9.3,3.6,320,1589,10,0,5,42,0,0,0,0,0,0,0,0,0,0,0,0,0,0,0,0,0,0,0,0,0,0,0,0,0,,,,,,,,
3118,Internal,0,0,58190,50,22.0,12.0,158,385,69,0,0,91,0,0,0,0,0,0,0,0,0,0,0,0,0,0,0,0,0,0,0,0,0,0,0,0,0,,,,,,,,
3119,Internal,976,1852,103304,72,18.4,8.9,0,24,48,6,86,13,0,0,0,0,0,0,0,21,0,0,0,0,0,0,0,0,0,0,0,0,0,0,0,0,0,,,,,,,,
3120,Internal,183,484,103304,72,18.4,8.9,1043,573,105,45,112,51,0,0,0,0,0,0,1,14,0,0,0,0,90,0,0,0,0,0,0,0,0,0,0,0,0,,,,,,,,
3121,Internal,0,0,103304,72,18.4,8.9,381,450,2,0,0,58,0,0,0,0,0,0,0,0,0,0,0,0,0,0,0,0,0,0,0,0,0,0,0,0,0,,,,,,,,
3122,Internal,607,1095,38854,54,16.0,2.5,0,3,13,5,0,20,0,0,0,0,0,25,123,31,0,0,0,0,0,0,0,0,0,0,0,0,0,0,0,0,0,,,,,,,,
3123,Internal,827,1457,61788,50,15.8,17.7,1,11,34,0,233,8,0,0,0,0,0,37,163,25,0,0,0,0,0,0,0,0,0,0,0,0,0,0,0,0,0,,,,,,,,
3124,Internal,239,641,45491,41,22.4,11.8,0,2,11,0,13,17,0,0,0,0,0,0,0,0,0,0,0,0,0,0,0,0,0,0,0,0,0,0,0,0,0,,,,,,,,
3125,Internal,57,122,52083,45,19.3,16.9,4,61,96,0,36,40,0,0,0,0,0,0,0,0,0,0,0,0,0,0,0,0,0,0,0,0,0,0,0,0,0,,,,,,,,
3126,Internal,52,125,103671,45,21.7,25.6,35,11,0,0,0,30,0,0,0,0,0,0,0,0,0,0,0,0,0,0,0,0,0,0,0,0,0,0,0,0,0,,,,,,,,
3127,Internal,75,123,26759,33,20.3,24.0,0,3,4,0,2,43,0,0,0,0,0,0,0,0,0,0,0,0,0,0,0,0,0,0,0,0,0,0,0,0,0,,,,,,,,
3128,Internal,15,31,66987,53,17.3,8.2,203,3,169,10,1176,8,0,0,0,0,0,0,0,0,0,0,0,0,0,0,0,0,0,0,0,0,0,0,0,0,0,,,,,,,,
3129,Internal,411,978,72132,48,21.8,13.4,8,5,151,770,127,9,0,0,0,0,0,0,0,0,0,0,0,0,0,0,0,0,0,0,0,0,0,0,0,0,0,,,,,,,,
3130,Internal,0,0,31909,52,21.9,8.5,808,77,310,72,112,35,0,0,0,0,0,0,0,0,0,0,0,0,0,0,0,0,0,0,0,0,0,0,0,0,0,,,,,,,,
3131,Internal,50,124,69744,50,27.0,13.4,0,13,130,23,50,20,0,0,0,0,0,0,0,0,0,0,0,0,0,0,0,0,0,0,0,0,0,0,0,0,0,,,,,,,,
3132,Internal,226,710,99006,45,29.4,11.0,16,74,50,58,40,29,0,0,0,0,0,0,0,0,0,0,0,0,1724,0,0,0,0,0,0,0,0,0,0,0,0,,,,,,,,
3133,Internal,43,120,82781,45,35.0,10.5,0,0,0,0,0,31,0,0,0,0,0,0,0,0,0,0,0,0,0,0,0,0,0,0,0,0,0,0,0,0,0,,,,,,,,
3134,Internal,80,208,82781,45,35.0,10.5,0,14,21,0,2,31,0,0,0,0,0,0,0,0,0,0,0,0,0,0,0,0,0,0,0,0,0,0,0,0,0,,,,,,,,
3135,Internal,131,397,45491,41,22.4,11.8,0,14,10,0,0,22,0,0,0,0,0,0,0,0,0,0,0,0,0,0,0,0,0,0,0,0,0,0,0,0,0,,,,,,,,
3136,Internal,0,0,49200,39,25.9,13.8,188,117,515,279,322,30,0,0,0,0,0,0,0,0,0,0,0,0,0,0,0,0,0,0,0,0,0,0,0,0,0,,,,,,,,
3137,Internal,0,0,37778,43,8.2,11.2,70,25,75,4,17,28,0,0,0,0,0,0,0,0,0,0,0,0,0,0,0,0,0,0,0,0,0,0,0,0,0,,,,,,,,
3138,Internal,234,638,67656,37,26.0,9.8,0,80,2,6,8,25,0,0,0,0,0,0,0,0,0,0,0,0,406,0,0,0,0,0,0,0,0,0,0,0,0,,,,,,,,
3139,Internal,241,658,67656,37,26.0,9.8,14,2,3,4,3,39,0,0,0,0,0,0,0,0,0,0,0,0,0,0,0,0,0,0,0,0,0,0,0,0,0,,,,,,,,
3140,Internal,260,649,47109,38,26.7,13.3,6,20,31,0,0,55,0,0,0,0,0,0,0,0,0,0,0,0,0,0,0,0,0,0,0,0,0,0,0,0,0,,,,,,,,
3141,Internal,102,189,47778,39,20.1,12.8,3,2,33,0,0,32,0,0,0,0,0,0,0,0,0,0,0,0,0,0,0,0,0,0,0,0,0,0,0,0,0,,,,,,,,
3142,Internal,81,173,36500,39,23.8,22.2,17,1,162,5,5,35,0,0,0,0,0,0,0,0,0,0,0,0,0,0,0,0,0,0,0,0,0,0,0,0,0,,,,,,,,
3143,Internal,154,456,36500,39,23.8,22.2,6,4,1,0,0,32,0,0,0,0,0,0,0,0,0,0,0,0,0,0,0,0,0,0,0,0,0,0,0,0,0,,,,,,,,
3144,Internal,288,585,36500,39,23.8,22.2,0,31,2,9,2,28,0,0,0,0,0,0,0,0,0,0,0,0,129,0,0,0,0,0,0,0,0,0,0,0,0,,,,,,,,
3145,Internal,82,209,36500,39,23.8,22.2,8,48,109,20,75,9,0,0,0,0,0,0,0,0,0,0,0,0,0,0,0,0,0,0,0,0,0,0,0,0,0,,,,,,,,
3146,Internal,425,1069,47727,42,21.7,11.3,13,79,37,0,10,12,0,0,0,0,0,0,0,0,0,0,0,0,594,0,0,0,0,0,0,0,0,0,0,0,0,,,,,,,,
3147,Internal,443,1098,45491,41,22.4,11.8,3,15,17,0,0,26,0,0,0,0,0,0,0,0,0,0,0,0,0,0,0,0,0,0,0,0,0,0,0,0,0,,,,,,,,
3501,External,,,,,,,,,,,,,,,,,,,,,,,,,,,,,,,,,,,,,,600,Short,30.114181,29.033555,17.347476,3.45184,16.724974,3.327973
3502,External,,,,,,,,,,,,,,,,,,,,,,,,,,,,,,,,,,,,,,6200,Short,23.850638,55.350046,1.782195,15.972727,1.669645,1.37475
3503,External,,,,,,,,,,,,,,,,,,,,,,,,,,,,,,,,,,,,,,2100,Short,21.107867,66.140195,0.929627,7.234837,4.010627,0.576847
3504,External,,,,,,,,,,,,,,,,,,,,,,,,,,,,,,,,,,,,,,5100,Short,20.480578,70.933982,0.483893,4.863568,2.260894,0.977085
3505,External,,,,,,,,,,,,,,,,,,,,,,,,,,,,,,,,,,,,,,1100,Short,38.415178,43.170256,5.194611,3.47604,5.837606,3.906308
3506,External,,,,,,,,,,,,,,,,,,,,,,,,,,,,,,,,,,,,,,800,Short,38.415178,43.170256,5.194611,3.47604,5.837606,3.906308
3507,External,,,,,,,,,,,,,,,,,,,,,,,,,,,,,,,,,,,,,,1000,Short,38.415178,43.170256,5.194611,3.47604,5.837606,3.906308
3508,External,,,,,,,,,,,,,,,,,,,,,,,,,,,,,,,,,,,,,,400,Short,38.415178,43.170256,5.194611,3.47604,5.837606,3.906308
3509,External,,,,,,,,,,,,,,,,,,,,,,,,,,,,,,,,,,,,,,3900,Short,20.902172,66.053013,0.476592,7.011016,3.505636,2.05157
3510,External,,,,,,,,,,,,,,,,,,,,,,,,,,,,,,,,,,,,,,2600,Very Short,35.084332,56.245017,1.09171,3.528244,2.38433,1.666367
3511,External,,,,,,,,,,,,,,,,,,,,,,,,,,,,,,,,,,,,,,1300,Very Short,38.415178,43.170256,5.194611,3.47604,5.837606,3.906308
3512,External,,,,,,,,,,,,,,,,,,,,,,,,,,,,,,,,,,,,,,1400,Very Short,15.030485,82.9447,0.558103,0.039112,1.22789,0.19971
3513,External,,,,,,,,,,,,,,,,,,,,,,,,,,,,,,,,,,,,,,100,Very Short,15.030485,82.9447,0.558103,0.039112,1.22789,0.19971
3514,External,,,,,,,,,,,,,,,,,,,,,,,,,,,,,,,,,,,,,,400,Very Short,15.030485,82.9447,0.558103,0.039112,1.22789,0.19971
3515,External,,,,,,,,,,,,,,,,,,,,,,,,,,,,,,,,,,,,,,3000,Short,19.437666,53.007717,0.815092,6.949453,2.993792,16.79628
3516,External,,,,,,,,,,,,,,,,,,,,,,,,,,,,,,,,,,,,,,1100,Very Short,26.830786,22.50375,23.745733,3.808884,19.916227,3.19462
3517,External,,,,,,,,,,,,,,,,,,,,,,,,,,,,,,,,,,,,,,2300,Very Short,26.830786,22.50375,23.745733,3.808884,19.916227,3.19462
3518,External,,,,,,,,,,,,,,,,,,,,,,,,,,,,,,,,,,,,,,1700,Very Short,26.830786,22.50375,23.745733,3.808884,19.916227,3.19462
3519,External,,,,,,,,,,,,,,,,,,,,,,,,,,,,,,,,,,,,,,37200,Long,46.151071,40.06058,2.376696,9.510893,0.600982,1.299777
3520,External,,,,,,,,,,,,,,,,,,,,,,,,,,,,,,,,,,,,,,6900,Very Short,7.52147,76.402664,0.485999,10.293142,4.371149,0.925576
3521,External,,,,,,,,,,,,,,,,,,,,,,,,,,,,,,,,,,,,,,4200,Very Short,7.141389,83.455998,0.522182,4.911957,2.001004,1.967469
3522,External,,,,,,,,,,,,,,,,,,,,,,,,,,,,,,,,,,,,,,1000,Very Short,7.141389,83.455998,0.522182,4.911957,2.001004,1.967469
3523,External,,,,,,,,,,,,,,,,,,,,,,,,,,,,,,,,,,,,,,800,Very Short,7.141389,83.455998,0.522182,4.911957,2.001004,1.967469
3524,External,,,,,,,,,,,,,,,,,,,,,,,,,,,,,,,,,,,,,,16100,Medium,7.421853,77.660276,0.245955,9.432864,1.570691,3.668361
3525,External,,,,,,,,,,,,,,,,,,,,,,,,,,,,,,,,,,,,,,1000,Medium,7.141389,83.455998,0.522182,4.911957,2.001004,1.967469
3526,External,,,,,,,,,,,,,,,,,,,,,,,,,,,,,,,,,,,,,,1000,Medium,7.141389,83.455998,0.522182,4.911957,2.001004,1.967469
3527,External,,,,,,,,,,,,,,,,,,,,,,,,,,,,,,,,,,,,,,5700,Medium,41.152015,50.704608,1.229669,2.936514,2.177282,1.799912
3528,External,,,,,,,,,,,,,,,,,,,,,,,,,,,,,,,,,,,,,,3800,Medium,46.591422,43.483878,2.302073,4.9316,1.407881,1.283146
3529,External,,,,,,,,,,,,,,,,,,,,,,,,,,,,,,,,,,,,,,800,Medium,51.72497,32.176485,6.214746,3.709954,3.865999,2.307846
3530,External,,,,,,,,,,,,,,,,,,,,,,,,,,,,,,,,,,,,,,5000,Medium,8.065283,81.552519,0.239971,4.530663,3.699501,1.912063
3531,External,,,,,,,,,,,,,,,,,,,,,,,,,,,,,,,,,,,,,,900,Medium,56.491652,26.649019,9.538477,1.916944,4.499621,0.904287
3532,External,,,,,,,,,,,,,,,,,,,,,,,,,,,,,,,,,,,,,,3100,Medium,50.020296,38.524284,0.312876,7.000959,1.604068,2.537518
3533,External,,,,,,,,,,,,,,,,,,,,,,,,,,,,,,,,,,,,,,600,Medium,16.155821,71.390492,0.516558,5.196224,4.969653,1.771252
3534,External,,,,,,,,,,,,,,,,,,,,,,,,,,,,,,,,,,,,,,1400,Medium,16.155821,71.390492,0.516558,5.196224,4.969653,1.771252
3535,External,,,,,,,,,,,,,,,,,,,,,,,,,,,,,,,,,,,,,,200,Very Short,16.155821,71.390492,0.516558,5.196224,4.969653,1.771252
3536,External,,,,,,,,,,,,,,,,,,,,,,,,,,,,,,,,,,,,,,200,Very Short,14.03,50.33,4.61,3.17,16.52,11.35
3537,External,,,,,,,,,,,,,,,,,,,,,,,,,,,,,,,,,,,,,,100,Very Short,14.03,50.33,4.61,3.17,16.52,11.35
3538,External,,,,,,,,,,,,,,,,,,,,,,,,,,,,,,,,,,,,,,1000,Very Short,14.03,50.33,4.61,3.17,16.52,11.35
3539,External,,,,,,,,,,,,,,,,,,,,,,,,,,,,,,,,,,,,,,3100,Very Short,3.671242,84.795575,0.114299,1.794868,6.70645,2.917566
3540,External,,,,,,,,,,,,,,,,,,,,,,,,,,,,,,,,,,,,,,24000,Long,26.410177,58.738719,1.42776,11.149353,0.959432,1.314559
3541,External,,,,,,,,,,,,,,,,,,,,,,,,,,,,,,,,,,,,,,2400,Very Short,2.363251,89.717781,0.104147,0.477083,4.480367,2.85737
3542,External,,,,,,,,,,,,,,,,,,,,,,,,,,,,,,,,,,,,,,1300,Very Short,66.315061,28.711493,1.407442,0.885594,1.446753,1.233658
3543,External,,,,,,,,,,,,,,,,,,,,,,,,,,,,,,,,,,,,,,1000,Very Short,73.982918,22.998244,1.901363,0.031264,1.086211,0.0
3544,External,,,,,,,,,,,,,,,,,,,,,,,,,,,,,,,,,,,,,,27600,Long,32.299463,52.691949,1.334396,11.548374,0.766744,1.359073
3545,External,,,,,,,,,,,,,,,,,,,,,,,,,,,,,,,,,,,,,,1600,Very Short,0.0,83.159493,0.0,0.0,10.777031,6.063476
3546,External,,,,,,,,,,,,,,,,,,,,,,,,,,,,,,,,,,,,,,600,Very Short,14.03,50.33,4.61,3.17,16.52,11.35
3547,External,,,,,,,,,,,,,,,,,,,,,,,,,,,,,,,,,,,,,,4300,Short,0.0,95.505096,0.007905,0.006465,2.327557,2.152977
3548,External,,,,,,,,,,,,,,,,,,,,,,,,,,,,,,,,,,,,,,29600,Long,69.488945,14.197825,3.464845,12.011358,0.428387,0.408641
3549,External,,,,,,,,,,,,,,,,,,,,,,,,,,,,,,,,,,,,,,8800,Very Short,30.893249,59.425065,1.600382,3.626302,1.44445,3.010552
3550,External,,,,,,,,,,,,,,,,,,,,,,,,,,,,,,,,,,,,,,1800,Very Short,34.617882,58.09608,1.80779,1.131365,2.136964,2.209919
3551,External,,,,,,,,,,,,,,,,,,,,,,,,,,,,,,,,,,,,,,1900,Very Short,3.0,27.0,4.0,2.0,40.0,24.0
3552,External,,,,,,,,,,,,,,,,,,,,,,,,,,,,,,,,,,,,,,29900,Medium,18.0,70.0,2.0,5.0,3.0,2.0
3553,External,,,,,,,,,,,,,,,,,,,,,,,,,,,,,,,,,,,,,,1100,Short,14.03,50.33,4.61,3.17,16.52,11.35
3554,External,,,,,,,,,,,,,,,,,,,,,,,,,,,,,,,,,,,,,,800,Very Short,3.0,27.0,4.0,2.0,40.0,24.0
3555,External,,,,,,,,,,,,,,,,,,,,,,,,,,,,,,,,,,,,,,4300,Very Short,12.941564,79.287329,0.593997,0.636571,2.571691,3.968848
3556,External,,,,,,,,,,,,,,,,,,,,,,,,,,,,,,,,,,,,,,21800,Medium,35.516554,55.356373,1.370765,4.886108,0.713754,2.156446
3557,External,,,,,,,,,,,,,,,,,,,,,,,,,,,,,,,,,,,,,,1300,Very Short,42.916036,48.759469,2.366364,3.736373,1.417212,0.804545
3558,External,,,,,,,,,,,,,,,,,,,,,,,,,,,,,,,,,,,,,,800,Very Short,13.0,79.0,1.0,1.0,2.0,4.0
3559,External,,,,,,,,,,,,,,,,,,,,,,,,,,,,,,,,,,,,,,2000,Very Short,9.353698,83.230032,0.873519,2.913822,1.094483,2.534446
3560,External,,,,,,,,,,,,,,,,,,,,,,,,,,,,,,,,,,,,,,1100,Very Short,12.941564,79.287329,0.593997,0.636571,2.571691,3.968848
3561,External,,,,,,,,,,,,,,,,,,,,,,,,,,,,,,,,,,,,,,52900,Long,55.393226,28.164876,2.773132,12.273348,0.578473,0.816944
3562,External,,,,,,,,,,,,,,,,,,,,,,,,,,,,,,,,,,,,,,7200,Short,15.049995,78.634902,0.66051,0.172632,5.030526,0.451434
3563,External,,,,,,,,,,,,,,,,,,,,,,,,,,,,,,,,,,,,,,1300,Very Short,0.031458,0.898384,1.173673,2.178006,33.51818,62.2003
3564,External,,,,,,,,,,,,,,,,,,,,,,,,,,,,,,,,,,,,,,4100,Very Short,0.0,98.544555,0.008537,0.022735,1.126365,0.297808
3565,External,,,,,,,,,,,,,,,,,,,,,,,,,,,,,,,,,,,,,,4800,Short,0.030403,96.617918,0.002415,0.001122,2.175591,1.172551
3566,External,,,,,,,,,,,,,,,,,,,,,,,,,,,,,,,,,,,,,,12600,Short,33.915234,58.715077,0.693612,2.423154,3.073276,1.179647
3567,External,,,,,,,,,,,,,,,,,,,,,,,,,,,,,,,,,,,,,,900,Very Short,0.030403,96.617918,0.002415,0.001122,2.175591,1.172551
3568,External,,,,,,,,,,,,,,,,,,,,,,,,,,,,,,,,,,,,,,1400,Very Short,3.0,27.0,4.0,2.0,40.0,24.0
3569,External,,,,,,,,,,,,,,,,,,,,,,,,,,,,,,,,,,,,,,1000,Very Short,3.0,27.0,4.0,2.0,40.0,24.0
3570,External,,,,,,,,,,,,,,,,,,,,,,,,,,,,,,,,,,,,,,5100,Short,18.195981,75.137702,0.356896,1.696156,2.277377,2.335888
3571,External,,,,,,,,,,,,,,,,,,,,,,,,,,,,,,,,,,,,,,7800,Short,15.0,78.0,1.0,2.0,2.0,2.0
3572,External,,,,,,,,,,,,,,,,,,,,,,,,,,,,,,,,,,,,,,5000,Short,15.0,78.0,1.0,2.0,2.0,2.0
3573,External,,,,,,,,,,,,,,,,,,,,,,,,,,,,,,,,,,,,,,1000,Very Short,8.0,86.0,1.0,2.0,1.0,2.0
3574,External,,,,,,,,,,,,,,,,,,,,,,,,,,,,,,,,,,,,,,9400,Short,18.195981,75.137702,0.356896,1.696156,2.277377,2.335888
3575,External,,,,,,,,,,,,,,,,,,,,,,,,,,,,,,,,,,,,,,3200,Very Short,3.0,27.0,4.0,2.0,40.0,24.0
3576,External,,,,,,,,,,,,,,,,,,,,,,,,,,,,,,,,,,,,,,2900,Short,1.280436,88.993593,0.093641,2.329144,4.04021,3.262977
3577,External,,,,,,,,,,,,,,,,,,,,,,,,,,,,,,,,,,,,,,2400,Very Short,1.418388,11.309017,5.592121,4.133851,44.586814,32.95981
3578,External,,,,,,,,,,,,,,,,,,,,,,,,,,,,,,,,,,,,,,33800,Long,10.714766,78.263214,0.801551,6.145335,1.152165,2.922969
3579,External,,,,,,,,,,,,,,,,,,,,,,,,,,,,,,,,,,,,,,7600,Medium,22.213185,67.745208,0.532472,5.330979,1.888354,2.289802
3580,External,,,,,,,,,,,,,,,,,,,,,,,,,,,,,,,,,,,,,,1300,Short,2.598573,26.347008,3.972654,2.406216,40.278857,24.396693
3581,External,,,,,,,,,,,,,,,,,,,,,,,,,,,,,,,,,,,,,,1600,Short,2.432813,91.188317,0.26164,2.16429,2.144576,1.808364
3582,External,,,,,,,,,,,,,,,,,,,,,,,,,,,,,,,,,,,,,,400,Short,65.260343,10.815836,15.877723,4.644822,2.631473,0.769803
3583,External,,,,,,,,,,,,,,,,,,,,,,,,,,,,,,,,,,,,,,19800,Long,13.113495,74.007437,0.547293,6.257607,1.209541,4.864627
3584,External,,,,,,,,,,,,,,,,,,,,,,,,,,,,,,,,,,,,,,2400,Short,65.260343,10.815836,15.877723,4.644822,2.631473,0.769803
3585,External,,,,,,,,,,,,,,,,,,,,,,,,,,,,,,,,,,,,,,600,Very Short,65.260343,10.815836,15.877723,4.644822,2.631473,0.769803
3586,External,,,,,,,,,,,,,,,,,,,,,,,,,,,,,,,,,,,,,,100,Very Short,65.260343,10.815836,15.877723,4.644822,2.631473,0.769803
3587,External,,,,,,,,,,,,,,,,,,,,,,,,,,,,,,,,,,,,,,2800,Very Short,51.867259,27.610196,1.394327,14.233252,3.250495,1.64447
3588,External,,,,,,,,,,,,,,,,,,,,,,,,,,,,,,,,,,,,,,3800,Short,1.466684,92.617326,0.034446,0.546877,4.274363,1.060303
3589,External,,,,,,,,,,,,,,,,,,,,,,,,,,,,,,,,,,,,,,3800,Short,1.816866,79.79659,0.107203,1.699325,9.03095,7.549066
3590,External,,,,,,,,,,,,,,,,,,,,,,,,,,,,,,,,,,,,,,4800,Short,26.77,70.83,0.49,0.17,0.94,0.8
3591,External,,,,,,,,,,,,,,,,,,,,,,,,,,,,,,,,,,,,,,16100,Medium,26.768929,70.831571,0.494398,0.171807,0.937721,0.795574
3592,External,,,,,,,,,,,,,,,,,,,,,,,,,,,,,,,,,,,,,,2500,Very Short,41.551965,55.995679,0.764668,0.271851,1.410807,0.005029
3593,External,,,,,,,,,,,,,,,,,,,,,,,,,,,,,,,,,,,,,,125900,Long,33.084946,54.512534,1.542284,8.217794,0.905796,1.736646
3594,External,,,,,,,,,,,,,,,,,,,,,,,,,,,,,,,,,,,,,,3200,Very Short,3.704933,89.414632,0.102592,0.0,3.882793,2.895051
3595,External,,,,,,,,,,,,,,,,,,,,,,,,,,,,,,,,,,,,,,2900,Very Short,3.704933,89.414632,0.102592,0.0,3.882793,2.895051
3596,External,,,,,,,,,,,,,,,,,,,,,,,,,,,,,,,,,,,,,,7700,Very Short,3.704933,89.414632,0.102592,0.0,3.882793,2.895051
3597,External,,,,,,,,,,,,,,,,,,,,,,,,,,,,,,,,,,,,,,4400,Very Short,3.704933,89.414632,0.102592,0.0,3.882793,2.895051
3598,External,,,,,,,,,,,,,,,,,,,,,,,,,,,,,,,,,,,,,,3000,Very Short,37.984963,50.66984,0.920441,7.201404,2.477747,0.745606
3599,External,,,,,,,,,,,,,,,,,,,,,,,,,,,,,,,,,,,,,,2500,Very Short,32.820855,54.631286,0.916349,7.143726,1.439687,3.048097
3600,External,,,,,,,,,,,,,,,,,,,,,,,,,,,,,,,,,,,,,,500,Short,30.114181,29.033555,17.347476,3.45184,16.724974,3.327973
