TAZ,Type,HH,HH_POP,Median_Inc,Pct_Worker,Pct_Child,Pct_Senior,Industry,Office,Service_RateLow,Service_RateHigh,Retail,PctHighPay,StudGQ_NCSU,StudGQ_UNC,StudGQ_DUKE,StudGQ_NCCU,StudOff_NCSU,StudOff_UNC,StudOff_DUKE,StudOff_NCCU,BuildingS_NCSU,BuildingS_UNC,BuildingS_DUKE,BuildingS_NCCU,K12,CollegeOn,CollegeOff,Hospital,ParkDistrict,ParkCostW,ParkCostU,ParkCostO,EmpSpaces,StudSpaces,OtherSpaces,SParking,Enplanements,AWDT,IEEI_Distance,PCT_AUTO_EE,PCT_AUTO_IEEI,PCT_CVSUT_EE,PCT_CVMUT_EE,PCT_CVSUT_IEEI,PCT_CVMUT_IEEI,F48,F49,F50,F51,F52,F53,F54,F55
1,Internal,327,869,76534,48,18.3,11.3,54,39,48,3,19,13,0,0,0,0,0.0,40.893066552708,0.0,0.0,0,0,0,0,0,0,0,0,0,0,0,0,,,,0,,,,,,,,,,,,,,,,,
2,Internal,385,986,76534,48,18.3,11.3,6,44,10,85,1,45,0,0,0,0,0.0,40.893066552708,0.0,0.0,0,0,0,0,1497,0,0,0,0,0,0,0,,,,0,,,,,,,,,,,,,,,,,
3,Internal,301,737,108533,48,27.9,13.8,1,19,86,7,9,41,0,0,0,0,0.0,68.87253314140295,0.0,0.0,0,0,0,0,0,0,0,0,0,0,0,0,,,,0,,,,,,,,,,,,,,,,,
4,Internal,632,1390,61929,50,19.9,18.0,13,50,459,50,47,39,0,0,0,0,0.0,107.61333303344212,0.0,0.0,0,0,0,0,0,0,0,0,0,0,0,0,,,,0,,,,,,,,,,,,,,,,,
5,Internal,218,470,105691,50,26.3,13.9,1,6,381,0,22,39,0,0,0,0,0.0,66.72026648073411,0.0,0.0,0,0,0,0,0,0,0,0,0,0,0,0,,,,0,,,,,,,,,,,,,,,,,
6,Internal,669,1786,105691,50,26.3,13.9,0,68,0,55,0,39,0,0,0,0,0.0,157.11546622882548,0.0,0.0,0,0,0,0,2620,0,0,0,0,0,0,0,,,,0,,,,,,,,,,,,,,,,,
7,Internal,276,636,105691,50,26.3,13.9,6,37,64,31,65,39,0,0,0,0,0.0,25.827199928026108,0.0,0.0,0,0,0,0,31,0,0,0,0,0,0,0,,,,0,,,,,,,,,,,,,,,,,
8,Internal,128,305,73598,48,21.7,13.3,0,1,4,0,0,41,0,0,0,0,0.0,25.827199928026108,0.0,0.0,0,0,0,0,0,0,0,0,0,0,0,0,,,,0,,,,,,,,,,,,,,,,,
9,Internal,252,594,73598,48,21.7,13.3,32,37,29,0,26,58,0,0,0,0,0.0,25.827199928026108,0.0,0.0,0,0,0,0,0,0,0,0,0,0,0,0,,,,0,,,,,,,,,,,,,,,,,
10,Internal,146,399,73598,48,21.7,13.3,0,6,15,5,0,41,0,0,0,0,0.0,12.913599964013054,0.0,0.0,0,0,0,0,1251,0,0,0,0,0,0,0,,,,0,,,,,,,,,,,,,,,,,
11,Internal,180,522,104082,31,17.0,39.6,0,0,49,0,2,25,0,0,0,0,0.0,0.0,0.0,0.0,0,0,0,0,0,0,0,0,0,0,0,0,,,,0,,,,,,,,,,,,,,,,,
12,Internal,464,1381,100221,43,16.6,16.4,5,44,1,0,4,37,0,0,0,0,0.0,66.72026648073411,0.0,0.0,0,0,0,0,0,0,0,0,0,0,0,0,,,,0,,,,,,,,,,,,,,,,,
13,Internal,472,1291,104082,31,17.0,39.6,8,28,101,1,0,50,0,0,0,0,0.0,120.52693299745516,0.0,0.0,0,0,0,0,0,0,0,0,0,0,0,0,,,,0,,,,,,,,,,,,,,,,,
14,Internal,481,828,104082,31,17.0,39.6,1,0,201,0,7,20,0,0,0,0,0.0,19.37039994601958,0.0,0.0,0,0,0,0,0,0,0,0,0,0,0,0,,,,0,,,,,,,,,,,,,,,,,
15,Internal,205,407,56905,31,10.0,62.9,13,89,325,186,350,25,0,0,0,0,0.0,0.0,0.0,0.0,0,0,0,0,0,0,0,0,0,0,0,0,,,,0,,,,,,,,,,,,,,,,,
16,Internal,200,540,79000,40,11.0,39.7,3,124,1,0,0,35,0,0,0,0,0.0,53.80666651672106,0.0,0.0,0,0,0,0,1055,0,0,0,0,0,0,0,,,,0,,,,,,,,,,,,,,,,,
17,Internal,214,545,79000,40,11.0,39.7,1,15,101,3,94,11,0,0,0,0,0.0,25.827199928026108,0.0,0.0,0,0,0,0,0,0,0,0,0,0,0,0,,,,0,,,,,,,,,,,,,,,,,
18,Internal,545,1338,100714,40,21.7,26.9,3,75,136,0,5,34,0,0,0,0,0.0,47.349866534714536,0.0,0.0,0,0,0,0,0,0,0,0,0,0,0,0,,,,0,,,,,,,,,,,,,,,,,
19,Internal,619,1585,100714,40,21.7,26.9,271,249,561,16,437,20,0,0,0,0,0.0,228.14026603089727,0.0,0.0,0,0,0,0,94,0,0,0,2,120,120,0,485,480,0,0,,,,,,,,,,,,,,,,,
20,Internal,153,370,100183,49,22.7,14.3,2,25,13,3,3,36,0,0,0,0,0.0,0.0,0.0,0.0,0,0,0,0,0,0,0,0,0,0,0,0,,,,0,,,,,,,,,,,,,,,,,
21,Internal,511,1249,100183,49,22.7,14.3,9,70,24,0,4,37,0,0,0,0,0.0,0.0,0.0,0.0,0,0,0,0,159,0,0,0,0,0,0,0,,,,0,,,,,,,,,,,,,,,,,
22,Internal,192,479,100183,49,22.7,14.3,60,10,16,0,0,36,0,0,0,0,0.0,0.0,0.0,0.0,0,0,0,0,0,0,0,0,0,0,0,0,,,,0,,,,,,,,,,,,,,,,,
23,Internal,57,150,100183,49,22.7,14.3,2,8,10,0,0,36,0,0,0,0,0.0,0.0,0.0,0.0,0,0,0,0,0,0,0,0,0,0,0,0,,,,0,,,,,,,,,,,,,,,,,
24,Internal,448,1155,100183,49,22.7,14.3,9,7,79,3,48,28,0,0,0,0,0.0,0.0,0.0,0.0,0,0,0,0,0,0,0,0,0,0,0,0,,,,0,,,,,,,,,,,,,,,,,
25,Internal,89,216,69427,49,20.9,17.8,0,70,11,12,0,40,0,0,0,0,0.0,0.0,0.0,0.0,0,0,0,0,627,0,0,0,0,0,0,0,,,,0,,,,,,,,,,,,,,,,,
26,Internal,499,1175,69427,49,20.9,17.8,16,51,12,33,32,36,0,0,0,0,0.0,0.0,0.0,0.0,0,0,0,0,0,0,0,0,0,0,0,0,,,,0,,,,,,,,,,,,,,,,,
27,Internal,79,184,69427,49,20.9,17.8,31,6,0,0,0,36,0,0,0,0,0.0,0.0,0.0,0.0,0,0,0,0,0,0,0,0,0,0,0,0,,,,0,,,,,,,,,,,,,,,,,
28,Internal,363,866,69427,49,20.9,17.8,21,11,36,3,5,36,0,0,0,0,0.0,0.0,0.0,0.0,0,0,0,0,0,0,0,0,0,0,0,0,,,,0,,,,,,,,,,,,,,,,,
29,Internal,82,232,69427,49,20.9,17.8,2,2,21,0,5,36,0,0,0,0,0.0,0.0,0.0,0.0,0,0,0,0,0,0,0,0,0,0,0,0,,,,0,,,,,,,,,,,,,,,,,
30,Internal,136,345,51616,49,24.7,18.3,113,5,33,5,22,84,0,0,0,0,0.0,0.0,0.0,0.0,0,0,0,0,0,0,0,0,0,0,0,0,,,,0,,,,,,,,,,,,,,,,,
31,Internal,245,572,51616,49,24.7,18.3,1,16,1,2,4,74,0,0,0,0,0.0,0.0,0.0,0.0,0,0,0,0,0,0,0,0,0,0,0,0,,,,0,,,,,,,,,,,,,,,,,
32,Internal,81,256,100221,43,16.6,16.4,134,5,111,0,100,43,0,0,0,0,0.0,0.0,0.0,0.0,0,0,0,0,0,0,0,0,0,0,0,0,,,,0,,,,,,,,,,,,,,,,,
33,Internal,1173,2306,82833,33,13.9,42.3,6,30,74,2,0,14,0,0,0,0,0.0,32.283999910032634,0.0,0.0,0,0,0,0,0,0,0,0,0,0,0,0,,,,0,,,,,,,,,,,,,,,,,
34,Internal,158,435,82833,33,13.9,42.3,10,29,5,0,20,41,0,0,0,0,0.0,12.913599964013054,0.0,0.0,0,0,0,0,0,0,0,0,0,0,0,0,,,,0,,,,,,,,,,,,,,,,,
35,Internal,186,470,82833,33,13.9,42.3,1,45,2,0,0,39,0,0,0,0,0.0,0.0,0.0,0.0,0,0,0,0,0,0,0,0,0,0,0,0,,,,0,,,,,,,,,,,,,,,,,
36,Internal,1046,2428,82833,33,13.9,42.3,11,68,46,8,0,33,0,0,0,0,0.0,0.0,0.0,0.0,0,0,0,0,0,0,0,0,0,0,0,0,,,,0,,,,,,,,,,,,,,,,,
37,Internal,238,585,100221,43,16.6,16.4,954,17,25,0,0,50,0,0,0,0,0.0,0.0,0.0,0.0,0,0,0,0,0,0,0,0,0,0,0,0,,,,0,,,,,,,,,,,,,,,,,
38,Internal,155,373,100221,43,16.6,16.4,12,20,42,2,23,35,0,0,0,0,0.0,0.0,0.0,0.0,0,0,0,0,46,0,0,0,0,0,0,0,,,,0,,,,,,,,,,,,,,,,,
39,Internal,136,269,100221,43,16.6,16.4,36,11,35,4,56,51,0,0,0,0,0.0,0.0,0.0,0.0,0,0,0,0,0,0,0,0,0,0,0,0,,,,0,,,,,,,,,,,,,,,,,
40,Internal,175,430,82833,33,13.9,42.3,3,39,15,0,13,39,0,0,0,0,0.0,12.913599964013054,0.0,0.0,0,0,0,0,0,0,0,0,0,0,0,0,,,,0,,,,,,,,,,,,,,,,,
41,Internal,1081,1910,82833,33,13.9,42.3,16,96,574,6,76,27,0,0,0,0,0.0,256.11973261959224,0.0,0.0,0,0,0,0,0,0,0,0,0,0,0,0,,,,0,,,,,,,,,,,,,,,,,
42,Internal,66,141,82833,33,13.9,42.3,33,8,26,0,6,58,0,0,0,0,0.0,0.0,0.0,0.0,0,0,0,0,0,0,0,0,0,0,0,0,,,,0,,,,,,,,,,,,,,,,,
43,Internal,5,13,82833,33,13.9,42.3,0,0,0,0,0,39,0,0,0,0,0.0,0.0,0.0,0.0,0,0,0,0,0,0,0,0,0,0,0,0,,,,0,,,,,,,,,,,,,,,,,
44,Internal,36,80,100221,43,16.6,16.4,1,3,5,0,0,50,0,0,0,0,0.0,0.0,0.0,0.0,0,0,0,0,0,0,0,0,0,0,0,0,,,,0,,,,,,,,,,,,,,,,,
45,Internal,88,231,66667,43,28.0,25.3,2,1,1,0,2,17,0,0,0,0,0.0,0.0,0.0,0.0,0,0,0,0,0,0,0,0,0,0,0,0,,,,0,,,,,,,,,,,,,,,,,
46,Internal,72,145,66667,43,28.0,25.3,302,2,64,0,0,47,0,0,0,0,0.0,0.0,0.0,0.0,0,0,0,0,0,0,0,0,0,0,0,0,,,,0,,,,,,,,,,,,,,,,,
47,Internal,1,1,66667,43,28.0,25.3,154,0,1,0,0,38,0,0,0,0,0.0,0.0,0.0,0.0,0,0,0,0,0,0,0,0,0,0,0,0,,,,0,,,,,,,,,,,,,,,,,
48,Internal,62,185,66667,43,28.0,25.3,350,2,0,0,3,50,0,0,0,0,0.0,0.0,0.0,0.0,0,0,0,0,0,0,0,0,0,0,0,0,,,,0,,,,,,,,,,,,,,,,,
49,Internal,76,165,66667,43,28.0,25.3,2213,2,124,0,0,77,0,0,0,0,0.0,0.0,0.0,0.0,0,0,0,0,0,0,0,0,0,0,0,0,,,,0,,,,,,,,,,,,,,,,,
50,Internal,166,412,66667,43,28.0,25.3,16,37,41,0,3,25,0,0,0,0,0.0,0.0,0.0,0.0,0,0,0,0,0,0,0,0,0,0,0,0,,,,0,,,,,,,,,,,,,,,,,
51,Internal,39,107,66667,43,28.0,25.3,0,4,0,0,0,50,0,0,0,0,0.0,0.0,0.0,0.0,0,0,0,0,0,0,0,0,0,0,0,0,,,,0,,,,,,,,,,,,,,,,,
52,Internal,50,135,66667,43,28.0,25.3,2,0,0,0,0,50,0,0,0,0,0.0,0.0,0.0,0.0,0,0,0,0,0,0,0,0,0,0,0,0,,,,0,,,,,,,,,,,,,,,,,
53,Internal,159,341,50238,43,17.7,16.5,31,56,0,6,2,37,0,0,0,0,0.0,0.0,0.0,0.0,0,0,0,0,0,0,0,0,0,0,0,0,,,,0,,,,,,,,,,,,,,,,,
54,Internal,69,190,50238,43,17.7,16.5,0,10,0,0,0,50,0,0,0,0,0.0,0.0,0.0,0.0,0,0,0,0,0,0,0,0,0,0,0,0,,,,0,,,,,,,,,,,,,,,,,
55,Internal,128,372,50238,43,17.7,16.5,6,51,0,0,0,50,0,0,0,0,0.0,0.0,0.0,0.0,0,0,0,0,509,0,0,0,0,0,0,0,,,,0,,,,,,,,,,,,,,,,,
56,Internal,865,1900,47692,45,16.2,24.2,18,238,96,45,159,11,0,0,0,0,0.0,0.0,0.0,0.0,0,0,0,0,2522,0,0,0,0,0,0,0,,,,0,,,,,,,,,,,,,,,,,
57,Internal,2024,4665,47692,45,16.2,24.2,7,216,557,115,133,20,0,0,0,0,0.0,0.0,0.0,0.0,0,0,0,0,0,0,0,0,0,0,0,0,,,,0,,,,,,,,,,,,,,,,,
58,Internal,202,409,47692,45,16.2,24.2,3,0,203,0,0,29,0,0,0,0,0.0,0.0,0.0,0.0,0,0,0,0,0,0,0,0,0,0,0,0,,,,0,,,,,,,,,,,,,,,,,
59,Internal,544,1276,47692,45,16.2,24.2,9,2,46,0,1,29,0,0,0,0,0.0,0.0,0.0,0.0,0,0,0,0,0,0,0,0,0,0,0,0,,,,0,,,,,,,,,,,,,,,,,
60,Internal,918,2159,47692,45,16.2,24.2,1,97,70,0,33,29,0,0,0,0,0.0,0.0,0.0,0.0,0,0,0,0,0,0,0,0,0,0,0,0,,,,0,,,,,,,,,,,,,,,,,
61,Internal,69,168,47692,45,16.2,24.2,1,0,0,0,0,29,0,0,0,0,0.0,0.0,0.0,0.0,0,0,0,0,0,0,0,0,0,0,0,0,,,,0,,,,,,,,,,,,,,,,,
62,Internal,262,631,52083,45,19.3,16.9,0,186,270,145,2,0,0,0,0,0,0.0,0.0,0.0,0.0,0,0,0,0,0,0,0,0,0,0,0,0,,,,0,,,,,,,,,,,,,,,,,
63,Internal,1582,3690,52083,45,19.3,16.9,0,286,248,90,361,29,0,0,0,0,0.0,0.0,0.0,0.0,0,0,0,0,0,0,0,0,0,0,0,0,,,,0,,,,,,,,,,,,,,,,,
64,Internal,112,213,52083,45,19.3,16.9,0,2,0,0,24,60,0,0,0,0,0.0,0.0,0.0,0.0,0,0,0,0,0,0,0,0,0,0,0,0,,,,0,,,,,,,,,,,,,,,,,
65,Internal,1716,4138,52083,45,19.3,16.9,20,78,318,39,445,19,0,0,0,0,0.0,0.0,0.0,0.0,0,0,0,0,0,0,0,0,0,0,0,0,,,,0,,,,,,,,,,,,,,,,,
66,Internal,3784,8823,52083,45,19.3,16.9,0,139,424,197,72,6,0,0,0,0,0.0,0.0,0.0,0.0,0,0,0,0,0,0,0,0,0,0,0,0,,,,0,,,,,,,,,,,,,,,,,
67,Internal,405,848,52083,45,19.3,16.9,9,32,7,0,3,24,0,0,0,0,0.0,0.0,0.0,0.0,0,0,0,0,0,0,0,0,0,0,0,0,,,,0,,,,,,,,,,,,,,,,,
68,Internal,97,266,52083,45,19.3,16.9,0,1,0,0,3,29,0,0,0,0,0.0,0.0,0.0,0.0,0,0,0,0,0,0,0,0,0,0,0,0,,,,0,,,,,,,,,,,,,,,,,
69,Internal,199,507,103671,45,21.7,25.6,5,145,571,233,269,29,0,0,0,0,0.0,0.0,0.0,0.0,0,0,0,0,0,0,0,0,0,0,0,0,,,,0,,,,,,,,,,,,,,,,,
70,Internal,775,1922,103671,45,21.7,25.6,60,287,1075,99,239,32,0,0,0,0,0.0,0.0,0.0,0.0,0,0,0,0,855,0,0,0,0,0,0,0,,,,0,,,,,,,,,,,,,,,,,
71,Internal,362,829,71410,45,11.8,24.6,21,322,82,110,88,40,0,0,0,0,0.0,0.0,0.0,0.0,0,0,0,0,927,0,0,0,0,0,0,0,,,,0,,,,,,,,,,,,,,,,,
72,Internal,1089,2494,71410,45,11.8,24.6,0,12,2,4,24,29,0,0,0,0,0.0,0.0,0.0,0.0,0,0,0,0,0,0,0,0,0,0,0,0,,,,0,,,,,,,,,,,,,,,,,
73,Internal,564,1305,71410,45,11.8,24.6,31,15,52,0,0,29,0,0,0,0,0.0,0.0,0.0,0.0,0,0,0,0,0,0,0,0,0,0,0,0,,,,0,,,,,,,,,,,,,,,,,
74,Internal,1106,2677,103671,45,21.7,25.6,13,457,1304,230,188,29,0,0,0,0,0.0,0.0,0.0,0.0,0,0,0,0,0,0,0,0,0,0,0,0,,,,0,,,,,,,,,,,,,,,,,
75,Internal,4148,9970,103671,45,21.7,25.6,6,12,126,21,4,30,0,0,0,0,0.0,0.0,0.0,0.0,0,0,0,0,0,0,0,0,0,0,0,0,,,,0,,,,,,,,,,,,,,,,,
76,Internal,214,477,103671,45,21.7,25.6,0,3,3,0,0,28,0,0,0,0,0.0,0.0,0.0,0.0,0,0,0,0,0,0,0,0,0,0,0,0,,,,0,,,,,,,,,,,,,,,,,
77,Internal,254,641,103671,45,21.7,25.6,3,51,13,0,3,31,0,0,0,0,0.0,0.0,0.0,0.0,0,0,0,0,1877,0,0,0,0,0,0,0,,,,0,,,,,,,,,,,,,,,,,
78,Internal,223,387,103971,54,12.4,40.1,5,20,9,84,0,34,0,0,0,0,0.0,12.913599964013054,0.0,0.0,0,0,0,0,0,0,0,0,0,0,0,0,,,,0,,,,,,,,,,,,,,,,,
79,Internal,503,884,49632,54,7.4,22.6,0,131,428,1,1,58,0,0,0,0,0.0,1517.347995771534,0.0,5.242421355582824,0,0,0,0,0,0,0,0,0,0,0,0,,,,0,,,,,,,,,,,,,,,,,
80,Internal,219,488,97464,54,21.0,18.6,1,3,69,0,3,58,0,0,0,0,0.0,25.827199928026108,0.0,9.17423737226994,0,0,0,0,0,0,0,0,0,0,0,0,,,,0,,,,,,,,,,,,,,,,,
81,Internal,65,164,77485,72,9.3,3.6,195,63,571,61,15,49,0,0,0,0,0.0,0.0,0.0,0.0,0,0,0,0,0,0,0,0,0,0,0,0,,,,0,,,,,,,,,,,,,,,,,
82,Internal,337,854,77485,72,9.3,3.6,55,37,70,10,14,69,0,0,0,0,0.0,0.0,0.0,9.174237372269943,0,0,0,0,0,0,0,0,0,0,0,0,,,,0,,,,,,,,,,,,,,,,,
83,Internal,384,821,77485,72,9.3,3.6,0,826,808,268,102,88,0,0,0,0,0.0,0.0,0.0,0.0,0,0,0,0,0,0,0,0,0,0,0,0,,,,0,,,,,,,,,,,,,,,,,
84,Internal,280,520,77485,72,9.3,3.6,250,187,124,70,82,74,0,0,0,0,0.0,0.0,0.0,5.242421355582824,0,0,0,0,0,0,0,0,0,0,0,0,,,,0,,,,,,,,,,,,,,,,,
85,Internal,203,420,58190,50,22.0,12.0,0,728,163,31,13,85,0,0,0,0,0.0,0.0,0.0,0.0,0,0,0,0,0,0,0,0,0,0,0,0,,,,0,,,,,,,,,,,,,,,,,
86,Internal,828,1224,32196,43,2.5,2.5,0,48,483,7,371,15,0,0,0,0,0.0,40.893066552708,1633.0860023724792,0.0,0,0,0,0,0,0,0,0,0,0,0,0,,,,0,,,,,,,,,,,,,,,,,
87,Internal,283,683,38250,47,23.0,10.8,24,13,110,14,19,6,0,0,0,0,0.0,0.0,16.613285883748517,0.0,0,0,0,0,0,0,0,0,0,0,0,0,,,,0,,,,,,,,,,,,,,,,,
88,Internal,77,187,38250,47,23.0,10.8,84,15,275,28,206,13,0,0,0,0,0.0,0.0,0.0,0.0,0,0,0,0,0,0,0,0,0,0,0,0,,,,0,,,,,,,,,,,,,,,,,
89,Internal,58,120,38250,47,23.0,10.8,0,1,29,8,22,6,0,0,0,0,0.0,0.0,1.6613285883748519,0.0,0,0,0,0,0,0,0,0,0,0,0,0,,,,0,,,,,,,,,,,,,,,,,
90,Internal,233,575,38250,47,23.0,10.8,3,9,102,6,14,17,0,0,0,0,0.0,0.0,9.96797153024911,18.348474744539885,0,0,0,0,0,0,0,0,0,0,0,0,,,,0,,,,,,,,,,,,,,,,,
91,Internal,497,1301,47411,47,28.4,10.3,93,560,327,14,26,33,0,0,0,0,0.0,0.0,1.6613285883748519,32.76513347239265,0,0,0,0,0,0,0,0,0,0,0,0,,,,0,,,,,,,,,,,,,,,,,
92,Internal,341,962,47411,47,28.4,10.3,50,2,50,2,0,38,0,0,0,0,0.0,0.0,13.290628706998815,18.348474744539885,0,0,0,0,0,0,0,0,0,0,0,0,,,,0,,,,,,,,,,,,,,,,,
93,Internal,142,359,49205,55,19.2,11.1,78,547,6158,131,40,62,0,0,0,0,0.0,0.0,0.0,0.0,0,0,0,0,503,0,0,1,0,0,0,0,,,,0,,,,,,,,,,,,,,,,,
94,Internal,242,490,49205,55,19.2,11.1,35,140,315,89,48,28,0,0,0,0,0.0,0.0,1.6613285883748519,0.0,0,0,0,0,0,0,0,0,0,0,0,0,,,,0,,,,,,,,,,,,,,,,,
95,Internal,342,685,49205,55,19.2,11.1,51,5,80,0,3,55,0,0,0,0,0.0,0.0,9.96797153024911,9.174237372269943,0,0,0,0,0,0,0,0,0,0,0,0,,,,0,,,,,,,,,,,,,,,,,
96,Internal,35,70,31173,55,18.3,5.7,0,0,20,0,0,55,0,0,0,0,0.0,0.0,4.983985765124555,0.0,0,0,0,0,0,0,0,0,0,0,0,0,,,,0,,,,,,,,,,,,,,,,,
97,Internal,95,228,31173,55,18.3,5.7,0,76,20,33,0,55,0,0,0,0,0.0,0.0,4.983985765124555,0.0,0,0,0,0,0,0,0,0,0,0,0,0,,,,0,,,,,,,,,,,,,,,,,
98,Internal,202,474,31173,55,18.3,5.7,0,85,19,0,0,55,0,0,0,0,0.0,0.0,6.6453143534994075,0.0,0,0,0,0,681,0,0,0,0,0,0,0,,,,0,,,,,,,,,,,,,,,,,
99,Internal,61,166,49205,55,19.2,11.1,9,31,353,27,11,28,0,0,0,0,0.0,0.0,0.0,5.242421355582824,0,0,0,0,9,0,0,0,0,0,0,0,,,,0,,,,,,,,,,,,,,,,,
100,Internal,296,610,31173,55,18.3,5.7,3,126,48,30,0,55,0,0,0,0,0.0,0.0,6.6453143534994075,14.416658727852766,0,0,0,0,777,0,0,0,0,0,0,0,,,,0,,,,,,,,,,,,,,,,,
101,Internal,507,1323,31173,55,18.3,5.7,0,29,43,4,2,3,0,0,0,0,0.0,0.0,4.983985765124555,0.0,0,0,0,0,0,0,0,0,0,0,0,0,,,,0,,,,,,,,,,,,,,,,,
102,Internal,109,253,49205,55,19.2,11.1,0,6,163,0,1,36,0,0,0,0,0.0,0.0,4.983985765124555,0.0,0,0,0,0,0,0,0,0,0,0,0,0,,,,0,,,,,,,,,,,,,,,,,
103,Internal,203,442,31004,54,24.6,5.5,11,8,22,0,6,40,0,0,0,0,0.0,0.0,11.629300118623961,0.0,0,0,0,0,0,0,0,0,0,0,0,0,,,,0,,,,,,,,,,,,,,,,,
104,Internal,300,568,31004,54,24.6,5.5,24,148,108,13,9,79,0,0,0,0,0.0,0.0,4.983985765124555,9.174237372269943,0,0,0,0,0,0,0,0,0,0,0,0,,,,0,,,,,,,,,,,,,,,,,
105,Internal,60,147,31004,54,24.6,5.5,555,262,147,103,15,41,0,0,0,0,0.0,0.0,0.0,0.0,0,0,0,0,0,0,0,0,0,0,0,0,,,,0,,,,,,,,,,,,,,,,,
106,Internal,9,38,31004,54,24.6,5.5,100,135,135,19,37,28,0,0,0,0,0.0,0.0,0.0,0.0,0,0,0,0,0,0,0,0,0,0,0,0,,,,0,,,,,,,,,,,,,,,,,
107,Internal,87,230,46174,54,14.5,6.3,1,7,10,0,0,40,0,0,0,0,0.0,0.0,0.0,0.0,0,0,0,0,0,0,0,0,0,0,0,0,,,,0,,,,,,,,,,,,,,,,,
108,Internal,207,442,46174,54,14.5,6.3,21,29,38,9,27,14,0,0,0,0,0.0,0.0,18.27461447212337,9.174237372269943,0,0,0,0,0,0,0,0,0,0,0,0,,,,0,,,,,,,,,,,,,,,,,
109,Internal,151,297,46174,54,14.5,6.3,0,49,15,20,31,27,0,0,0,0,0.0,0.0,4.983985765124555,0.0,0,0,0,0,925,0,0,0,3,386,0,150,27,0,5,0,,,,,,,,,,,,,,,,,
110,Internal,73,134,46174,54,14.5,6.3,2,95,27,12,23,22,0,0,0,0,0.0,0.0,0.0,0.0,0,0,0,0,0,0,0,0,3,386,0,150,47,0,9,0,,,,,,,,,,,,,,,,,
111,Internal,173,420,72031,54,18.2,8.6,22,4,18,0,0,73,0,0,0,0,0.0,0.0,13.290628706998815,0.0,0,0,0,0,0,0,0,0,0,0,0,0,,,,0,,,,,,,,,,,,,,,,,
112,Internal,52,140,72031,54,18.2,8.6,0,11,4,3,0,41,0,0,0,0,0.0,0.0,0.0,0.0,0,0,0,0,79,0,0,0,0,0,0,0,,,,0,,,,,,,,,,,,,,,,,
113,Internal,113,273,72031,54,18.2,8.6,0,15,10,7,0,40,0,0,0,0,0.0,0.0,18.27461447212337,5.242421355582824,0,0,0,0,0,0,0,0,0,0,0,0,,,,0,,,,,,,,,,,,,,,,,
114,Internal,194,411,72031,54,18.2,8.6,1,16,49,4,0,40,0,0,0,0,0.0,0.0,36.54922894424674,0.0,0,0,0,0,0,0,0,0,0,0,0,0,,,,0,,,,,,,,,,,,,,,,,
115,Internal,344,645,35135,52,24.2,8.2,0,4,9,0,0,15,0,0,0,0,0.0,0.0,9.96797153024911,0.0,0,0,0,0,0,0,0,0,0,0,0,0,,,,0,,,,,,,,,,,,,,,,,
116,Internal,27,54,35135,52,24.2,8.2,63,189,643,76,860,11,0,0,0,0,0.0,0.0,0.0,0.0,0,0,0,0,0,0,0,0,0,0,0,0,,,,0,,,,,,,,,,,,,,,,,
117,Internal,216,456,35135,52,24.2,8.2,23,70,111,39,32,35,0,0,0,0,0.0,0.0,58.14650059311981,23.59089610012271,0,0,0,0,0,0,0,0,0,0,0,0,,,,0,,,,,,,,,,,,,,,,,
118,Internal,294,495,35135,52,24.2,8.2,0,4,104,3,127,4,0,0,0,0,0.0,0.0,94.69572953736655,5.242421355582824,0,0,0,0,0,0,0,0,0,0,0,0,,,,0,,,,,,,,,,,,,,,,,
119,Internal,300,659,43869,52,14.9,10.0,6,9,73,24,74,28,0,0,0,0,0.0,0.0,71.43712930011863,14.416658727852766,0,0,0,0,0,0,0,0,0,0,0,0,,,,0,,,,,,,,,,,,,,,,,
120,Internal,360,778,65000,52,19.4,10.4,0,35,128,29,39,28,0,0,0,0,0.0,0.0,274.11921708185054,5.242421355582824,0,0,0,0,0,0,0,0,4,0,0,200,0,0,67,0,,,,,,,,,,,,,,,,,
121,Internal,209,436,91806,57,25.3,3.9,5,5,3,0,0,31,0,0,0,0,0.0,0.0,24.919928825622776,5.242421355582824,0,0,0,0,0,0,0,0,0,0,0,0,,,,0,,,,,,,,,,,,,,,,,
122,Internal,214,548,91806,57,25.3,3.9,6,8,58,2,16,34,0,0,0,0,0.0,0.0,69.77580071174377,5.242421355582824,0,0,0,0,0,0,0,0,0,0,0,0,,,,0,,,,,,,,,,,,,,,,,
123,Internal,162,372,93529,57,24.6,8.2,0,2,5,0,0,34,0,0,0,0,0.0,0.0,9.96797153024911,5.242421355582824,0,0,0,0,0,0,0,0,0,0,0,0,,,,0,,,,,,,,,,,,,,,,,
124,Internal,277,505,93529,57,24.6,8.2,3,1,12,0,14,42,0,0,0,0,0.0,0.0,104.66370106761566,0.0,0,0,0,0,0,0,0,0,0,0,0,0,,,,0,,,,,,,,,,,,,,,,,
125,Internal,204,531,93529,57,24.6,8.2,0,11,3,40,3,34,0,0,0,0,0.0,0.0,79.74377224199289,5.242421355582824,0,0,0,0,0,0,0,0,0,0,0,0,,,,0,,,,,,,,,,,,,,,,,
126,Internal,260,532,59107,57,18.6,8.7,45,7,12,5,8,34,0,0,0,0,0.0,0.0,98.01838671411625,0.0,0,0,0,0,0,0,0,0,0,0,0,0,,,,0,,,,,,,,,,,,,,,,,
127,Internal,629,1389,59107,57,18.6,8.7,13,142,59,11,9,34,0,0,0,0,0.0,0.0,197.69810201660735,14.416658727852766,0,0,0,0,501,0,0,0,0,0,0,0,,,,0,,,,,,,,,,,,,,,,,
128,Internal,238,579,87031,52,12.6,13.7,0,36,180,10,0,18,0,0,0,0,0.0,0.0,24.919928825622776,5.242421355582824,0,0,0,0,0,0,0,0,0,0,0,0,,,,0,,,,,,,,,,,,,,,,,
129,Internal,73,113,87031,52,12.6,13.7,0,4,7,25,54,14,0,0,0,0,0.0,0.0,6.6453143534994075,9.174237372269943,0,0,0,0,0,0,0,0,0,0,0,0,,,,0,,,,,,,,,,,,,,,,,
130,Internal,106,237,87031,52,12.6,13.7,0,0,25,0,40,40,0,0,0,0,0.0,0.0,4.983985765124555,0.0,0,0,0,0,0,0,0,0,0,0,0,0,,,,0,,,,,,,,,,,,,,,,,
131,Internal,111,252,87031,52,12.6,13.7,0,32,85,12,23,36,0,0,0,0,0.0,0.0,6.6453143534994075,0.0,0,0,0,0,0,0,0,0,0,0,0,0,,,,0,,,,,,,,,,,,,,,,,
132,Internal,51,119,87031,52,12.6,13.7,28,19,60,20,42,38,0,0,0,0,0.0,0.0,0.0,14.416658727852766,0,0,0,0,0,0,0,0,0,0,0,0,,,,0,,,,,,,,,,,,,,,,,
133,Internal,141,379,83750,52,23.7,14.2,0,0,5,0,3,40,0,0,0,0,0.0,0.0,18.27461447212337,0.0,0,0,0,0,0,0,0,0,0,0,0,0,,,,0,,,,,,,,,,,,,,,,,
134,Internal,117,278,83750,52,23.7,14.2,0,21,243,0,1,66,0,0,0,0,0.0,0.0,11.629300118623961,0.0,0,0,0,0,0,0,0,0,0,0,0,0,,,,0,,,,,,,,,,,,,,,,,
135,Internal,139,363,83750,52,23.7,14.2,0,5,27,0,0,40,0,0,0,0,0.0,0.0,13.290628706998815,0.0,0,0,0,0,0,0,0,0,0,0,0,0,,,,0,,,,,,,,,,,,,,,,,
136,Internal,72,157,101797,52,23.4,9.2,4,8,65,24,0,40,0,0,0,0,0.0,0.0,34.887900355871885,0.0,0,0,0,0,0,0,0,0,0,0,0,0,,,,0,,,,,,,,,,,,,,,,,
137,Internal,56,153,101797,52,23.4,9.2,166,151,269,23,151,34,0,0,0,0,0.0,0.0,9.96797153024911,0.0,0,0,0,0,0,0,0,0,4,0,0,200,0,0,443,0,,,,,,,,,,,,,,,,,
138,Internal,13,31,101797,52,23.4,9.2,72,3,55,12,19,63,0,0,0,0,0.0,0.0,0.0,0.0,0,0,0,0,0,0,0,0,0,0,0,0,,,,0,,,,,,,,,,,,,,,,,
139,Internal,153,294,101797,52,23.4,9.2,0,11,44,3,1,30,0,0,0,0,0.0,0.0,34.887900355871885,0.0,0,0,0,0,0,0,0,0,0,0,0,0,,,,0,,,,,,,,,,,,,,,,,
140,Internal,84,170,101797,52,23.4,9.2,0,12,26,0,1,42,0,0,0,0,0.0,0.0,18.27461447212337,0.0,0,0,0,0,0,0,0,0,0,0,0,0,,,,0,,,,,,,,,,,,,,,,,
141,Internal,585,990,48250,56,7.4,6.1,0,289,547,23,92,22,0,0,0,0,0.0,0.0,4.983985765124555,0.0,0,0,0,0,0,0,0,0,4,544,0,0,58,0,0,0,,,,,,,,,,,,,,,,,
142,Internal,398,647,48250,56,7.4,6.1,7,235,82,22,313,22,0,0,0,0,0.0,0.0,1686.2485172004747,0.0,0,0,0,0,0,0,0,0,4,544,0,0,180,0,0,0,,,,,,,,,,,,,,,,,
143,Internal,5,9,48250,56,7.4,6.1,0,4,55,0,268,20,0,0,0,0,0.0,0.0,0.0,0.0,0,0,0,0,0,0,0,0,0,0,0,0,,,,0,,,,,,,,,,,,,,,,,
144,Internal,6,13,30625,43,10.1,2.5,46,36,463,32,361,21,0,0,0,0,0.0,0.0,0.0,0.0,0,0,0,0,0,0,0,0,0,0,0,0,,,,0,,,,,,,,,,,,,,,,,
145,Internal,316,561,48250,56,7.4,6.1,3,213,249,112,123,22,0,0,0,0,0.0,0.0,430.28410438908656,0.0,0,0,0,0,0,0,0,0,4,544,0,0,359,0,0,0,,,,,,,,,,,,,,,,,
146,Internal,33,87,48250,56,7.4,6.1,47,180,224,10,0,40,0,0,0,0,0.0,0.0,4.983985765124555,5.242421355582824,0,0,0,0,0,0,0,0,0,0,0,0,,,,0,,,,,,,,,,,,,,,,,
147,Internal,168,340,48250,56,7.4,6.1,0,3,5,1,0,22,0,0,0,0,0.0,0.0,76.42111506524317,0.0,0,0,0,0,0,0,0,0,0,0,0,0,,,,0,,,,,,,,,,,,,,,,,
148,Internal,153,312,48250,56,7.4,6.1,60,118,11,0,0,22,0,0,0,0,0.0,0.0,112.97034400948992,0.0,0,0,0,0,727,0,0,0,0,0,0,0,,,,0,,,,,,,,,,,,,,,,,
149,Internal,69,136,48250,56,7.4,6.1,33,187,220,142,105,24,0,0,0,0,0.0,0.0,23.258600237247922,5.242421355582824,0,0,0,0,0,0,0,0,0,0,0,0,,,,0,,,,,,,,,,,,,,,,,
150,Internal,77,169,48250,56,7.4,6.1,0,15,181,2,4,12,0,0,0,0,0.0,0.0,88.05041518386714,0.0,0,0,0,0,0,0,0,0,0,0,0,0,,,,0,,,,,,,,,,,,,,,,,
151,Internal,142,293,48250,56,7.4,6.1,13,42,115,14,79,40,0,0,0,0,0.0,0.0,408.68683274021356,0.0,0,0,0,0,0,0,0,0,4,544,0,0,248,0,0,0,,,,,,,,,,,,,,,,,
152,Internal,317,515,48250,56,7.4,6.1,9,379,552,58,471,17,0,0,0,0,0.0,0.0,16.613285883748517,5.242421355582824,0,0,0,0,0,0,0,0,4,544,0,0,172,0,0,0,,,,,,,,,,,,,,,,,
153,Internal,106,176,48250,56,7.4,6.1,0,14,15,1,1,22,0,0,0,0,0.0,0.0,34.887900355871885,5.242421355582824,0,0,0,0,0,0,0,0,0,0,0,0,,,,0,,,,,,,,,,,,,,,,,
154,Internal,2,5,16250,47,2.5,2.5,0,55,169,49,35,27,0,0,0,0,0.0,0.0,127.92230130486358,0.0,0,0,0,0,0,0,0,0,0,0,0,0,,,,0,,,,,,,,,,,,,,,,,
155,Internal,23,42,16250,47,2.5,2.5,0,10,41,16,34,22,0,0,0,0,0.0,0.0,0.0,0.0,0,0,0,0,0,0,0,0,0,0,0,0,,,,0,,,,,,,,,,,,,,,,,
156,Internal,7,12,16250,47,2.5,2.5,0,20,326,3,6,26,0,0,0,0,0.0,0.0,0.0,0.0,0,0,0,0,0,0,0,0,4,0,0,200,0,0,81,0,,,,,,,,,,,,,,,,,
157,Internal,218,478,16250,47,2.5,2.5,2,57,11,33,21,8,0,0,398,0,0.0,0.0,9.96797153024911,0.0,0,0,12,0,0,0,0,0,4,153,0,200,73,0,64,0,,,,,,,,,,,,,,,,,
158,Internal,28,87,16250,47,2.5,2.5,4,491,78,58,15,17,0,0,0,0,0.0,0.0,21.597271648873072,0.0,0,0,9,0,0,0,0,0,4,544,0,200,668,0,48,0,,,,,,,,,,,,,,,,,
159,Internal,57,85,16250,47,2.5,2.5,0,49,12,8,7,26,0,0,36,0,0.0,0.0,51.5011862396204,0.0,0,0,18,0,0,0,0,0,4,544,81,200,47,15,2,0,,,,,,,,,,,,,,,,,
160,Internal,5,19,16250,47,2.5,2.5,0,57,246,5,15,30,0,0,0,0,0.0,0.0,0.0,0.0,0,0,20,0,0,0,0,0,4,0,0,200,0,0,8,0,,,,,,,,,,,,,,,,,
161,Internal,411,790,60469,47,18.4,5.1,20,74,172,23,4,50,0,0,0,0,0.0,0.0,152.84223013048634,9.174237372269943,0,0,13,0,0,0,0,0,4,0,0,200,0,0,7,0,,,,,,,,,,,,,,,,,
162,Internal,22,41,60469,47,18.4,5.1,0,738,14,6,35,26,0,0,0,0,0.0,0.0,6.6453143534994075,0.0,0,0,0,0,0,0,0,0,4,544,81,200,497,19,101,0,,,,,,,,,,,,,,,,,
163,Internal,341,794,28837,47,12.2,2.5,81,17,121,9,14,22,0,0,0,0,0.0,0.0,39.87188612099644,38.007554827975476,0,0,0,0,0,0,0,0,0,0,0,0,,,,0,,,,,,,,,,,,,,,,,
164,Internal,527,1402,35711,47,34.6,4.9,1,52,126,27,6,38,0,0,0,0,0.0,0.0,34.887900355871885,23.59089610012271,0,0,0,0,0,0,0,0,0,0,0,0,,,,0,,,,,,,,,,,,,,,,,
165,Internal,440,1043,42831,54,20.2,11.7,312,11,45,1,6,42,0,0,0,0,0.0,68.87253314140295,56.48517200474496,13.10605338895706,0,0,0,0,4,0,0,0,0,0,0,0,,,,0,,,,,,,,,,,,,,,,,
166,Internal,334,746,42831,54,20.2,11.7,4,216,60,91,26,38,0,0,0,0,0.0,66.72026648073411,9.96797153024911,0.0,0,0,0,0,432,0,0,0,0,0,0,0,,,,0,,,,,,,,,,,,,,,,,
167,Internal,108,239,44250,54,20.9,3.5,6,94,51,0,10,48,0,0,0,0,0.0,12.913599964013054,1.6613285883748519,0.0,0,0,0,0,0,0,0,0,0,0,0,0,,,,0,,,,,,,,,,,,,,,,,
168,Internal,170,452,95580,54,11.6,21.1,0,0,65,0,0,48,0,0,0,0,0.0,25.827199928026108,11.629300118623961,0.0,0,0,0,0,0,0,0,0,0,0,0,0,,,,0,,,,,,,,,,,,,,,,,
169,Internal,246,631,44250,54,20.9,3.5,0,148,29,2,3,48,0,0,0,0,0.0,79.63386644474717,111.30901542111506,0.0,0,0,0,0,608,0,0,0,0,0,0,0,,,,0,,,,,,,,,,,,,,,,,
170,Internal,0,0,95580,54,11.6,21.1,0,1,385,72,80,24,0,0,0,0,0.0,0.0,11.629300118623961,0.0,0,0,0,0,0,0,0,0,4,0,81,200,0,22,891,0,,,,,,,,,,,,,,,,,
171,Internal,85,156,58190,47,22.0,12.0,0,222,0,0,0,74,0,0,0,0,0.0,0.0,0.0,0.0,0,0,0,0,0,0,0,0,4,544,81,200,56,33,82,0,,,,,,,,,,,,,,,,,
172,Internal,30,68,95580,54,11.6,21.1,0,0,9,0,0,48,0,0,0,0,0.0,0.0,1.6613285883748519,0.0,0,0,0,0,0,0,0,0,4,0,81,0,0,316,0,0,,,,,,,,,,,,,,,,,
173,Internal,0,0,58190,47,22.0,12.0,25,0,0,0,0,15,0,0,0,0,0.0,0.0,0.0,0.0,0,0,0,0,0,0,0,0,4,0,0,200,0,0,574,0,,,,,,,,,,,,,,,,,
174,Internal,366,512,95580,54,11.6,21.1,5,5,29,0,0,48,0,0,0,0,0.0,12.913599964013054,556.5450771055754,9.174237372269943,0,0,0,0,0,0,0,0,0,0,0,0,,,,0,,,,,,,,,,,,,,,,,
175,Internal,648,1549,44250,54,20.9,3.5,26,278,285,67,133,75,0,0,0,0,0.0,53.80666651672106,86.38908659549229,5.242421355582824,0,0,0,0,0,0,0,0,0,0,0,0,,,,0,,,,,,,,,,,,,,,,,
176,Internal,17,38,95580,54,11.6,21.1,0,0,100,0,0,72,0,0,0,0,0.0,0.0,6.6453143534994075,0.0,0,0,0,0,0,0,0,0,4,0,0,200,0,0,183,0,,,,,,,,,,,,,,,,,
177,Internal,592,1015,29267,52,13.6,17.7,63,603,210,96,318,14,0,0,0,0,0.0,0.0,302.36180308422297,5.242421355582824,0,0,0,0,0,0,0,0,3,386,0,150,333,0,619,0,,,,,,,,,,,,,,,,,
178,Internal,213,391,29267,52,13.6,17.7,5,136,78,86,104,72,0,0,0,0,0.0,0.0,0.0,0.0,0,0,0,0,0,0,0,0,3,386,0,150,49,0,10,0,,,,,,,,,,,,,,,,,
179,Internal,498,922,29267,52,13.6,17.7,3,367,307,171,89,48,0,0,0,0,0.0,0.0,0.0,0.0,0,0,0,0,0,0,0,0,3,386,0,150,256,0,52,0,,,,,,,,,,,,,,,,,
180,Internal,389,612,29267,52,13.6,17.7,0,56,130,30,33,53,0,0,0,0,0.0,0.0,9.96797153024911,5.242421355582824,0,0,0,0,196,0,0,0,0,0,0,0,,,,0,,,,,,,,,,,,,,,,,
181,Internal,612,1061,29267,52,13.6,17.7,0,1562,739,854,413,53,0,0,0,0,0.0,0.0,181.08481613285883,5.242421355582824,0,0,0,0,0,0,0,0,3,386,0,150,79,0,16,0,,,,,,,,,,,,,,,,,
182,Internal,189,418,29267,52,13.6,17.7,7,14,32,63,13,66,0,0,0,0,0.0,0.0,56.48517200474496,0.0,0,0,0,0,585,0,0,0,0,0,0,0,,,,0,,,,,,,,,,,,,,,,,
183,Internal,341,414,29267,52,13.6,17.7,2,31,25,22,27,53,0,0,0,0,0.0,0.0,220.95670225385527,0.0,0,0,0,0,0,0,0,0,0,0,0,0,,,,0,,,,,,,,,,,,,,,,,
184,Internal,635,1133,29267,52,13.6,17.7,19,811,283,301,213,58,0,0,0,0,0.0,0.0,0.0,0.0,0,0,0,0,0,0,0,0,3,386,0,0,109,0,0,0,,,,,,,,,,,,,,,,,
185,Internal,52,95,29267,52,13.6,17.7,0,83,47,1,0,12,0,0,0,0,0.0,0.0,0.0,0.0,0,0,0,0,714,0,0,0,0,0,0,0,,,,0,,,,,,,,,,,,,,,,,
186,Internal,214,516,90833,52,19.4,18.2,0,4,27,22,0,53,0,0,0,0,0.0,0.0,13.290628706998815,0.0,0,0,0,0,0,0,0,0,0,0,0,0,,,,0,,,,,,,,,,,,,,,,,
187,Internal,37,80,90833,52,19.4,18.2,0,26,73,41,75,4,0,0,0,0,0.0,0.0,1.6613285883748519,5.242421355582824,0,0,0,0,0,0,0,0,0,0,0,0,,,,0,,,,,,,,,,,,,,,,,
188,Internal,104,228,90833,52,19.4,18.2,0,56,1,0,0,53,0,0,0,0,0.0,12.913599964013054,4.983985765124555,0.0,0,0,0,0,332,0,0,0,0,0,0,0,,,,0,,,,,,,,,,,,,,,,,
189,Internal,70,157,90833,52,19.4,18.2,0,51,43,39,43,53,0,0,0,0,0.0,0.0,1.6613285883748519,0.0,0,0,0,0,0,0,0,0,0,0,0,0,,,,0,,,,,,,,,,,,,,,,,
190,Internal,117,255,90833,52,19.4,18.2,0,17,88,75,11,53,0,0,0,0,0.0,12.913599964013054,21.597271648873072,0.0,0,0,0,0,0,0,0,0,0,0,0,0,,,,0,,,,,,,,,,,,,,,,,
191,Internal,100,286,90833,52,19.4,18.2,0,0,33,0,0,53,0,0,0,0,0.0,12.913599964013054,13.290628706998815,0.0,0,0,0,0,0,0,0,0,0,0,0,0,,,,0,,,,,,,,,,,,,,,,,
192,Internal,483,1144,72344,52,21.0,12.0,23,16,161,17,38,19,0,0,0,0,0.0,25.827199928026108,13.290628706998815,23.59089610012271,0,0,0,0,0,0,0,0,0,0,0,0,,,,0,,,,,,,,,,,,,,,,,
193,Internal,121,327,72344,52,21.0,12.0,0,8,38,0,0,53,0,0,0,0,0.0,12.913599964013054,11.629300118623961,0.0,0,0,0,0,0,0,0,0,0,0,0,0,,,,0,,,,,,,,,,,,,,,,,
194,Internal,255,467,64837,65,8.8,10.5,59,217,198,115,83,50,0,0,0,0,0.0,0.0,0.0,0.0,0,0,0,0,0,0,0,0,3,386,0,150,56,0,11,0,,,,,,,,,,,,,,,,,
195,Internal,108,194,64837,65,8.8,10.5,220,507,202,95,217,51,0,0,0,0,0.0,0.0,6.6453143534994075,0.0,0,0,0,0,0,0,0,0,3,515,0,150,580,0,117,0,,,,,,,,,,,,,,,,,
196,Internal,221,340,64837,65,8.8,10.5,10,191,232,127,67,30,0,0,0,0,0.0,0.0,1.6613285883748519,0.0,0,0,0,0,0,0,0,0,3,600,0,150,67,0,14,0,,,,,,,,,,,,,,,,,
197,Internal,3,8,64837,65,8.8,10.5,4,249,230,17,26,28,0,0,0,0,0.0,0.0,0.0,0.0,0,0,0,0,0,0,0,0,0,0,0,0,,,,0,,,,,,,,,,,,,,,,,
198,Internal,320,591,64837,65,8.8,10.5,60,384,196,169,110,34,0,0,0,0,0.0,0.0,1.6613285883748519,0.0,0,0,0,0,0,0,0,0,3,386,0,150,401,0,81,0,,,,,,,,,,,,,,,,,
199,Internal,155,280,64837,65,8.8,10.5,0,560,404,232,121,69,0,0,0,0,0.0,0.0,0.0,0.0,0,0,0,0,0,0,0,0,3,386,0,150,337,0,68,0,,,,,,,,,,,,,,,,,
200,Internal,292,536,64837,65,8.8,10.5,19,318,159,214,127,41,0,0,0,0,0.0,0.0,0.0,0.0,0,0,0,0,0,0,0,0,3,386,0,150,19,0,4,0,,,,,,,,,,,,,,,,,
201,Internal,115,214,64837,65,8.8,10.5,3,1311,175,152,77,72,0,0,0,0,0.0,0.0,0.0,0.0,0,0,0,0,0,0,0,0,3,386,0,150,142,0,29,0,,,,,,,,,,,,,,,,,
202,Internal,179,340,64837,65,8.8,10.5,0,513,187,246,49,67,0,0,0,0,0.0,0.0,0.0,0.0,0,0,0,0,0,0,0,0,3,386,0,150,475,0,96,0,,,,,,,,,,,,,,,,,
203,Internal,77,149,64837,65,8.8,10.5,15,239,214,118,67,42,0,0,0,0,0.0,0.0,0.0,0.0,0,0,0,0,0,0,0,0,3,386,0,150,15,0,3,0,,,,,,,,,,,,,,,,,
204,Internal,50,106,64837,65,8.8,10.5,0,136,223,699,33,48,0,0,0,0,0.0,0.0,0.0,0.0,0,0,0,0,0,0,0,0,3,386,0,150,188,0,38,0,,,,,,,,,,,,,,,,,
205,Internal,86,156,64837,65,8.8,10.5,0,173,132,140,63,91,0,0,0,0,0.0,0.0,0.0,0.0,0,0,0,0,0,0,0,0,0,0,0,0,,,,0,,,,,,,,,,,,,,,,,
206,Internal,315,463,64837,65,8.8,10.5,0,126,106,117,157,49,0,0,0,0,0.0,0.0,21.597271648873072,0.0,0,0,0,0,0,0,0,0,3,386,0,0,405,0,0,0,,,,,,,,,,,,,,,,,
207,Internal,327,522,64837,65,8.8,10.5,15,197,92,117,227,62,0,0,0,0,0.0,0.0,367.1536180308422,0.0,0,0,0,0,0,0,0,0,3,386,0,150,226,0,45,0,,,,,,,,,,,,,,,,,
208,Internal,294,537,64837,65,8.8,10.5,0,509,222,188,374,49,0,0,0,0,0.0,0.0,1.6613285883748519,0.0,0,0,0,0,2610,0,0,0,3,386,0,0,112,0,0,0,,,,,,,,,,,,,,,,,
209,Internal,181,393,64837,65,8.8,10.5,46,230,245,90,325,11,0,0,0,0,0.0,0.0,21.597271648873072,0.0,0,0,0,0,0,0,0,0,3,386,0,150,261,0,53,0,,,,,,,,,,,,,,,,,
210,Internal,385,632,64837,65,8.8,10.5,0,447,58,79,82,52,0,0,0,0,0.0,0.0,274.11921708185054,0.0,0,0,0,0,0,0,0,0,0,0,0,0,,,,0,,,,,,,,,,,,,,,,,
211,Internal,917,1674,64837,65,8.8,10.5,8,2145,420,593,428,38,0,0,0,0,0.0,0.0,13.290628706998815,0.0,0,0,0,0,0,0,0,0,3,386,0,150,321,0,594,0,,,,,,,,,,,,,,,,,
212,Internal,59,109,64837,65,8.8,10.5,86,81,209,40,173,28,0,0,0,0,0.0,0.0,0.0,0.0,0,0,0,0,0,0,0,0,3,386,0,0,151,0,0,0,,,,,,,,,,,,,,,,,
213,Internal,81,173,64837,65,8.8,10.5,11,269,120,72,91,44,0,0,0,0,0.0,0.0,0.0,0.0,0,0,0,0,0,0,0,0,3,386,0,150,95,0,19,0,,,,,,,,,,,,,,,,,
214,Internal,139,207,64837,65,8.8,10.5,0,112,68,62,110,60,0,0,0,0,0.0,0.0,46.517200474495844,0.0,0,0,0,0,0,0,0,0,3,386,0,150,155,0,31,0,,,,,,,,,,,,,,,,,
215,Internal,324,626,64837,65,8.8,10.5,19,220,111,78,102,45,0,0,0,0,0.0,0.0,21.597271648873072,0.0,0,0,0,0,0,0,0,0,3,386,0,150,225,0,45,0,,,,,,,,,,,,,,,,,
216,Internal,625,1123,64837,65,8.8,10.5,6,285,180,270,235,19,0,0,0,0,0.0,0.0,4.983985765124555,0.0,0,0,0,0,0,0,0,0,3,386,0,150,507,0,102,0,,,,,,,,,,,,,,,,,
217,Internal,1013,1770,64837,65,8.8,10.5,89,346,194,133,148,29,0,0,0,0,0.0,0.0,41.53321470937129,0.0,0,0,0,0,7,0,0,0,0,0,0,0,,,,0,,,,,,,,,,,,,,,,,
218,Internal,303,594,64837,65,8.8,10.5,24,88,110,28,42,15,0,0,0,0,0.0,0.0,29.90391459074733,14.416658727852766,0,0,0,0,0,0,0,0,3,386,0,150,36,0,7,0,,,,,,,,,,,,,,,,,
219,Internal,171,315,64837,65,8.8,10.5,39,227,109,123,71,48,0,0,0,0,0.0,0.0,0.0,0.0,0,0,0,0,0,0,0,0,3,386,0,150,177,0,36,0,,,,,,,,,,,,,,,,,
220,Internal,146,267,64837,65,8.8,10.5,73,39,37,23,56,13,0,0,0,0,0.0,0.0,0.0,0.0,0,0,0,0,0,0,0,0,3,386,0,150,84,0,17,0,,,,,,,,,,,,,,,,,
221,Internal,249,454,64837,65,8.8,10.5,22,96,57,68,64,32,0,0,0,0,0.0,0.0,0.0,0.0,0,0,0,0,0,0,0,0,3,386,0,150,34,0,7,0,,,,,,,,,,,,,,,,,
222,Internal,82,209,25189,39,28.9,9.3,7,0,19,4,0,37,0,0,0,0,0.0,0.0,1.6613285883748519,0.0,0,0,0,0,0,0,0,0,0,0,0,0,,,,0,,,,,,,,,,,,,,,,,
223,Internal,80,247,25189,39,28.9,9.3,0,0,0,0,0,29,0,0,0,0,0.0,0.0,0.0,0.0,0,0,0,0,0,0,0,0,0,0,0,0,,,,0,,,,,,,,,,,,,,,,,
224,Internal,105,284,25189,39,28.9,9.3,0,0,0,0,0,29,0,0,0,0,0.0,0.0,0.0,0.0,0,0,0,0,0,0,0,0,0,0,0,0,,,,0,,,,,,,,,,,,,,,,,
225,Internal,122,306,25189,39,28.9,9.3,24,87,60,12,2,29,0,0,0,0,0.0,0.0,1.6613285883748519,0.0,0,0,0,0,0,0,0,0,0,0,0,0,,,,0,,,,,,,,,,,,,,,,,
226,Internal,84,190,37107,39,21.3,18.1,0,50,4,1,0,29,0,0,0,0,0.0,0.0,1.6613285883748519,5.242421355582824,0,0,0,0,305,0,0,0,0,0,0,0,,,,0,,,,,,,,,,,,,,,,,
227,Internal,125,284,37107,39,21.3,18.1,0,7,4,2,5,29,0,0,0,0,0.0,0.0,6.6453143534994075,5.242421355582824,0,0,0,0,0,0,0,0,0,0,0,0,,,,0,,,,,,,,,,,,,,,,,
228,Internal,135,354,37107,39,21.3,18.1,0,3,0,0,0,29,0,0,0,0,0.0,0.0,11.629300118623961,0.0,0,0,0,0,0,0,0,0,0,0,0,0,,,,0,,,,,,,,,,,,,,,,,
229,Internal,74,207,37107,39,21.3,18.1,0,0,4,0,0,29,0,0,0,0,0.0,0.0,9.96797153024911,5.242421355582824,0,0,0,0,0,0,0,0,0,0,0,0,,,,0,,,,,,,,,,,,,,,,,
230,Internal,8,14,37107,39,21.3,18.1,0,15,2,0,0,29,0,0,0,0,0.0,0.0,0.0,0.0,0,0,0,0,0,0,0,0,0,0,0,0,,,,0,,,,,,,,,,,,,,,,,
231,Internal,36,63,37107,39,21.3,18.1,4,43,23,1,4,29,0,0,0,0,0.0,0.0,1.6613285883748519,0.0,0,0,0,0,0,0,0,0,0,0,0,0,,,,0,,,,,,,,,,,,,,,,,
232,Internal,105,300,40217,38,15.7,8.1,3,9,10,0,3,35,0,0,0,0,0.0,0.0,1.6613285883748519,5.242421355582824,0,0,0,0,495,0,0,0,0,0,0,0,,,,0,,,,,,,,,,,,,,,,,
233,Internal,75,226,40217,38,15.7,8.1,0,4,24,10,13,35,0,0,0,0,0.0,0.0,1.6613285883748519,0.0,0,0,0,0,0,0,0,0,0,0,0,0,,,,0,,,,,,,,,,,,,,,,,
234,Internal,79,185,40217,38,15.7,8.1,0,0,4,0,0,35,0,0,0,0,0.0,0.0,0.0,5.242421355582824,0,0,0,0,0,0,0,0,0,0,0,0,,,,0,,,,,,,,,,,,,,,,,
235,Internal,17,42,40217,38,15.7,8.1,0,90,0,2,5,35,0,0,0,0,0.0,0.0,0.0,0.0,0,0,0,0,784,0,0,0,0,0,0,0,,,,0,,,,,,,,,,,,,,,,,
236,Internal,112,232,40217,38,15.7,8.1,5,60,35,16,0,35,0,0,0,0,0.0,0.0,0.0,5.242421355582824,0,0,0,0,209,0,0,0,0,0,0,0,,,,0,,,,,,,,,,,,,,,,,
237,Internal,146,372,24847,38,26.1,9.0,0,62,13,1,0,35,0,0,0,0,0.0,0.0,0.0,5.242421355582824,0,0,0,0,462,0,0,0,0,0,0,0,,,,0,,,,,,,,,,,,,,,,,
238,Internal,137,367,24847,38,26.1,9.0,7,4,8,4,2,35,0,0,0,0,0.0,0.0,1.6613285883748519,9.174237372269943,0,0,0,0,938,0,0,0,0,0,0,0,,,,0,,,,,,,,,,,,,,,,,
239,Internal,198,553,24847,38,26.1,9.0,2,12,5,0,2,35,0,0,0,0,0.0,0.0,0.0,0.0,0,0,0,0,0,0,0,0,0,0,0,0,,,,0,,,,,,,,,,,,,,,,,
240,Internal,223,574,24847,38,26.1,9.0,0,4,0,0,0,35,0,0,0,0,0.0,0.0,1.6613285883748519,14.416658727852766,0,0,0,0,0,0,0,0,0,0,0,0,,,,0,,,,,,,,,,,,,,,,,
241,Internal,224,710,39423,38,26.5,7.2,50,32,60,23,3,35,0,0,0,0,0.0,0.0,1.6613285883748519,0.0,0,0,0,0,0,0,0,0,0,0,0,0,,,,0,,,,,,,,,,,,,,,,,
242,Internal,162,464,39423,38,26.5,7.2,60,1103,334,54,90,51,0,0,0,0,0.0,0.0,0.0,0.0,0,0,0,0,0,0,0,0,0,0,0,0,,,,0,,,,,,,,,,,,,,,,,
243,Internal,131,308,39423,38,26.5,7.2,0,52,4,3,0,35,0,0,0,0,0.0,0.0,0.0,0.0,0,0,0,0,0,0,0,0,0,0,0,0,,,,0,,,,,,,,,,,,,,,,,
244,Internal,34,84,39423,38,26.5,7.2,30,155,117,11,27,35,0,0,0,0,0.0,0.0,0.0,0.0,0,0,0,0,0,0,0,0,0,0,0,0,,,,0,,,,,,,,,,,,,,,,,
245,Internal,108,262,39423,38,26.5,7.2,0,112,6,2,0,35,0,0,0,0,0.0,0.0,0.0,0.0,0,0,0,0,0,0,0,0,0,0,0,0,,,,0,,,,,,,,,,,,,,,,,
246,Internal,9,58,39423,38,26.5,7.2,0,3,2,0,0,35,0,0,0,0,0.0,0.0,0.0,0.0,0,0,0,0,0,0,0,0,0,0,0,0,,,,0,,,,,,,,,,,,,,,,,
247,Internal,161,474,20590,43,36.8,5.8,69,65,151,8,30,42,0,0,0,0,0.0,0.0,0.0,9.174237372269943,0,0,0,0,0,0,0,0,0,0,0,0,,,,0,,,,,,,,,,,,,,,,,
248,Internal,260,826,20590,43,36.8,5.8,0,5,182,102,20,12,0,0,0,0,0.0,0.0,0.0,18.348474744539885,0,0,0,0,0,0,0,0,0,0,0,0,,,,0,,,,,,,,,,,,,,,,,
249,Internal,189,615,20590,43,36.8,5.8,2,124,227,13,272,5,0,0,0,0,0.0,0.0,6.6453143534994075,0.0,0,0,0,0,0,0,0,0,0,0,0,0,,,,0,,,,,,,,,,,,,,,,,
250,Internal,322,814,20590,43,36.8,5.8,0,3,23,5,0,15,0,0,0,0,0.0,0.0,0.0,14.416658727852766,0,0,0,0,0,0,0,0,0,0,0,0,,,,0,,,,,,,,,,,,,,,,,
251,Internal,390,968,20590,43,36.8,5.8,20,170,289,56,74,15,0,0,0,0,0.0,0.0,0.0,14.416658727852766,0,0,0,0,0,0,0,0,0,0,0,0,,,,0,,,,,,,,,,,,,,,,,
252,Internal,63,230,16750,43,30.5,10.8,26,59,141,40,76,20,0,0,0,0,0.0,0.0,0.0,0.0,0,0,0,0,0,0,0,0,0,0,0,0,,,,0,,,,,,,,,,,,,,,,,
253,Internal,137,406,16750,43,30.5,10.8,4,51,10,0,5,53,0,0,0,0,0.0,0.0,0.0,18.348474744539885,0,0,0,0,0,0,0,0,0,0,0,0,,,,0,,,,,,,,,,,,,,,,,
254,Internal,205,444,16750,43,30.5,10.8,2,83,275,76,121,8,0,0,0,0,0.0,0.0,0.0,5.242421355582824,0,0,0,0,0,0,0,0,0,0,0,0,,,,0,,,,,,,,,,,,,,,,,
255,Internal,160,438,30580,43,23.5,6.9,0,67,20,3,0,15,0,0,0,0,0.0,0.0,4.983985765124555,5.242421355582824,0,0,0,0,0,0,0,0,0,0,0,0,,,,0,,,,,,,,,,,,,,,,,
256,Internal,136,352,30580,43,23.5,6.9,0,39,68,37,3,15,0,0,0,0,0.0,0.0,0.0,0.0,0,0,0,0,0,0,0,0,0,0,0,0,,,,0,,,,,,,,,,,,,,,,,
257,Internal,79,168,30580,43,23.5,6.9,0,0,42,0,0,15,0,0,0,0,0.0,0.0,0.0,0.0,0,0,0,0,0,0,0,0,0,0,0,0,,,,0,,,,,,,,,,,,,,,,,
258,Internal,134,353,27143,43,28.6,4.1,2,14,42,32,12,14,0,0,0,0,0.0,0.0,0.0,0.0,0,0,0,0,0,0,0,0,0,0,0,0,,,,0,,,,,,,,,,,,,,,,,
259,Internal,181,559,27143,43,28.6,4.1,12,4,7,0,18,15,0,0,0,0,0.0,0.0,0.0,0.0,0,0,0,0,0,0,0,0,0,0,0,0,,,,0,,,,,,,,,,,,,,,,,
260,Internal,248,674,27143,43,28.6,4.1,0,4,46,7,0,15,0,0,0,0,0.0,0.0,1.6613285883748519,14.416658727852766,0,0,0,0,0,0,0,0,0,0,0,0,,,,0,,,,,,,,,,,,,,,,,
261,Internal,151,378,23426,39,31.9,11.5,0,129,93,162,108,24,0,0,0,0,0.0,0.0,1.6613285883748519,0.0,0,0,0,0,12,0,0,0,0,0,0,0,,,,0,,,,,,,,,,,,,,,,,
262,Internal,98,275,23426,39,31.9,11.5,0,13,32,9,14,24,0,0,0,0,0.0,0.0,16.613285883748517,5.242421355582824,0,0,0,0,0,0,0,0,0,0,0,0,,,,0,,,,,,,,,,,,,,,,,
263,Internal,266,607,23426,39,31.9,11.5,0,32,53,34,53,19,0,0,0,0,0.0,0.0,0.0,0.0,0,0,0,0,0,0,0,0,0,0,0,0,,,,0,,,,,,,,,,,,,,,,,
264,Internal,6,29,23426,39,31.9,11.5,142,25,8,13,0,19,0,0,0,0,0.0,0.0,0.0,0.0,0,0,0,0,0,0,0,0,0,0,0,0,,,,0,,,,,,,,,,,,,,,,,
265,Internal,880,1944,47413,56,15.8,10.5,3,22,73,1,1,26,0,0,0,0,0.0,152.8109329074878,214.31138790035587,34.07573881128835,0,0,0,0,0,0,0,0,0,0,0,0,,,,0,,,,,,,,,,,,,,,,,
266,Internal,199,585,23426,39,31.9,11.5,0,16,11,7,12,24,0,0,0,0,0.0,0.0,1.6613285883748519,5.242421355582824,0,0,0,0,0,0,0,0,0,0,0,0,,,,0,,,,,,,,,,,,,,,,,
267,Internal,71,156,23426,39,31.9,11.5,0,20,14,0,7,24,0,0,0,0,0.0,0.0,0.0,5.242421355582824,0,0,0,0,0,0,0,0,3,386,0,150,196,0,40,0,,,,,,,,,,,,,,,,,
268,Internal,82,168,23426,39,31.9,11.5,22,179,100,20,67,19,0,0,0,0,0.0,0.0,1.6613285883748519,5.242421355582824,0,0,0,0,0,0,0,0,3,386,0,150,186,0,37,0,,,,,,,,,,,,,,,,,
269,Internal,610,1121,23426,39,31.9,11.5,3,58,51,63,67,24,0,0,0,0,0.0,0.0,0.0,0.0,0,0,0,0,0,0,0,0,3,386,0,150,119,0,24,0,,,,,,,,,,,,,,,,,
270,Internal,533,1030,21810,39,21.6,15.3,23,368,375,189,47,43,0,0,0,0,0.0,0.0,0.0,5.242421355582824,0,0,0,0,0,0,0,0,0,0,0,0,,,,0,,,,,,,,,,,,,,,,,
271,Internal,502,1061,21810,39,21.6,15.3,12,169,141,73,44,0,0,0,0,0,0.0,0.0,4.983985765124555,9.174237372269943,0,0,0,0,0,0,0,0,0,0,0,0,,,,0,,,,,,,,,,,,,,,,,
272,Internal,67,127,21810,39,21.6,15.3,26,84,60,44,49,51,0,0,0,0,0.0,0.0,0.0,0.0,0,0,0,0,0,0,0,0,0,0,0,0,,,,0,,,,,,,,,,,,,,,,,
273,Internal,314,606,21810,39,21.6,15.3,2,638,65,65,103,32,0,0,0,0,0.0,0.0,0.0,0.0,0,0,0,0,0,0,0,0,3,386,0,150,59,0,100,0,,,,,,,,,,,,,,,,,
274,Internal,8,23,21810,39,21.6,15.3,0,34,20,10,25,24,0,0,0,0,0.0,0.0,0.0,0.0,0,0,0,0,0,0,0,0,0,0,0,0,,,,0,,,,,,,,,,,,,,,,,
275,Internal,294,472,21810,39,21.6,15.3,12,152,68,53,39,13,0,0,0,0,0.0,0.0,0.0,0.0,0,0,0,0,0,0,0,0,0,0,0,0,,,,0,,,,,,,,,,,,,,,,,
276,Internal,63,187,21810,39,21.6,15.3,0,65,59,51,93,24,0,0,0,0,0.0,0.0,0.0,9.174237372269943,0,0,0,0,0,0,0,0,0,0,0,0,,,,0,,,,,,,,,,,,,,,,,
277,Internal,215,490,21810,39,21.6,15.3,0,47,59,31,4,24,0,0,0,0,0.0,0.0,0.0,0.0,0,0,0,0,0,0,0,0,0,0,0,0,,,,0,,,,,,,,,,,,,,,,,
278,Internal,115,209,21810,39,21.6,15.3,40,102,48,66,56,42,0,0,0,0,0.0,0.0,0.0,0.0,0,0,0,0,0,0,0,0,0,0,0,0,,,,0,,,,,,,,,,,,,,,,,
279,Internal,71,168,21810,39,21.6,15.3,96,73,55,84,0,24,0,0,0,0,0.0,0.0,0.0,0.0,0,0,0,0,0,0,0,0,0,0,0,0,,,,0,,,,,,,,,,,,,,,,,
280,Internal,205,447,30240,41,22.3,9.5,136,3,58,4,12,34,0,0,0,0,0.0,0.0,1.6613285883748519,5.242421355582824,0,0,0,0,0,0,0,0,0,0,0,0,,,,0,,,,,,,,,,,,,,,,,
281,Internal,249,542,24821,35,23.5,15.1,0,25,9,9,20,52,0,0,0,0,0.0,0.0,13.290628706998815,9.174237372269943,0,0,0,0,0,0,0,0,0,0,0,0,,,,0,,,,,,,,,,,,,,,,,
282,Internal,361,643,24821,35,23.5,15.1,0,62,49,80,41,52,0,0,0,0,0.0,0.0,112.97034400948992,0.0,0,0,0,0,0,0,0,0,3,386,0,150,43,0,9,0,,,,,,,,,,,,,,,,,
283,Internal,116,323,24821,35,23.5,15.1,0,20,32,9,5,52,0,0,0,0,0.0,0.0,0.0,9.174237372269943,0,0,0,0,0,0,0,0,0,0,0,0,,,,0,,,,,,,,,,,,,,,,,
284,Internal,298,498,29267,52,13.6,17.7,218,1478,623,303,319,68,0,0,0,0,0.0,0.0,0.0,5.242421355582824,0,0,0,0,305,0,50,0,0,0,0,0,,,,0,,,,,,,,,,,,,,,,,
285,Internal,105,195,24821,35,23.5,15.1,117,633,265,404,163,57,0,0,0,0,0.0,0.0,0.0,0.0,0,0,0,0,0,0,0,0,3,386,0,150,81,0,16,0,,,,,,,,,,,,,,,,,
286,Internal,149,285,24821,35,23.5,15.1,0,873,67,417,57,28,0,0,0,0,0.0,0.0,0.0,0.0,0,0,0,0,0,0,0,0,3,386,0,200,711,0,143,0,,,,,,,,,,,,,,,,,
287,Internal,225,412,24821,35,23.5,15.1,29,249,191,97,56,92,0,0,0,0,0.0,0.0,0.0,0.0,0,0,0,0,0,0,0,0,3,386,0,150,378,0,76,0,,,,,,,,,,,,,,,,,
288,Internal,292,430,24821,35,23.5,15.1,0,293,87,159,107,52,0,0,0,0,0.0,0.0,0.0,0.0,0,0,0,0,0,0,0,0,0,0,0,0,,,,0,,,,,,,,,,,,,,,,,
289,Internal,59,153,50055,35,50.0,4.1,0,16,20,13,32,52,0,0,0,0,0.0,0.0,0.0,0.0,0,0,0,0,0,0,0,0,0,0,0,0,,,,0,,,,,,,,,,,,,,,,,
290,Internal,858,1588,50055,35,50.0,4.1,5,166,356,279,89,52,0,0,0,0,0.0,0.0,1.6613285883748519,0.0,0,0,0,0,0,0,0,0,0,0,0,0,,,,0,,,,,,,,,,,,,,,,,
291,Internal,607,1113,50055,35,50.0,4.1,0,204,155,87,309,8,0,0,0,0,0.0,0.0,0.0,0.0,0,0,0,0,0,0,0,0,0,0,0,0,,,,0,,,,,,,,,,,,,,,,,
292,Internal,712,1200,50055,35,50.0,4.1,0,145,181,88,74,55,0,0,0,0,0.0,0.0,106.32502965599052,0.0,0,0,0,0,0,0,0,0,3,0,0,150,0,0,13,0,,,,,,,,,,,,,,,,,
293,Internal,426,838,50055,35,50.0,4.1,88,178,152,130,75,21,0,0,0,0,0.0,0.0,0.0,0.0,0,0,0,0,0,0,0,0,0,0,0,0,,,,0,,,,,,,,,,,,,,,,,
294,Internal,560,989,50055,35,50.0,4.1,4,178,160,104,330,9,0,0,0,0,0.0,0.0,0.0,28.833317455705533,0,0,0,0,0,0,0,0,3,386,0,150,260,0,52,0,,,,,,,,,,,,,,,,,
295,Internal,208,474,30240,41,22.3,9.5,7,81,338,29,6,35,0,0,0,0,0.0,0.0,0.0,9.174237372269943,0,0,0,0,0,0,0,0,0,0,0,0,,,,0,,,,,,,,,,,,,,,,,
296,Internal,123,273,30240,41,22.3,9.5,0,0,2,0,0,34,0,0,0,0,0.0,0.0,16.613285883748517,9.174237372269943,0,0,0,0,0,0,0,0,0,0,0,0,,,,0,,,,,,,,,,,,,,,,,
297,Internal,121,239,30240,41,22.3,9.5,0,105,121,26,13,34,0,0,0,0,0.0,0.0,0.0,5.242421355582824,0,0,0,375,0,0,0,0,0,0,0,0,,,,0,,,,,,,,,,,,,,,,,
298,Internal,216,453,30240,41,22.3,9.5,0,113,32,40,17,34,0,0,0,0,0.0,0.0,1.6613285883748519,9.174237372269943,0,0,0,0,0,0,0,0,0,0,0,0,,,,0,,,,,,,,,,,,,,,,,
299,Internal,307,588,20152,41,24.1,18.0,2,460,73,14,9,6,0,0,0,34,0.0,0.0,0.0,32.76513347239265,0,0,0,123,0,0,0,0,0,0,0,0,,,,0,,,,,,,,,,,,,,,,,
300,Internal,194,526,20152,41,24.1,18.0,80,552,109,26,14,48,0,0,0,679,0.0,0.0,1.6613285883748519,14.416658727852766,0,0,0,1258,385,0,0,0,0,0,0,0,,,,0,,,,,,,,,,,,,,,,,
301,Internal,363,706,20152,41,24.1,18.0,0,2250,327,134,43,51,0,0,0,1901,0.0,0.0,1.6613285883748519,52.42421355582824,0,0,0,723,576,0,0,0,6,172,56,250,220,102,4,0,,,,,,,,,,,,,,,,,
302,Internal,275,657,42292,41,15.5,12.4,3,5,72,7,22,48,0,0,0,0,0.0,0.0,16.613285883748517,23.59089610012271,0,0,0,0,0,0,0,0,6,172,56,250,1496,525,39,0,,,,,,,,,,,,,,,,,
303,Internal,145,403,28942,33,33.4,11.5,6,128,26,29,21,6,0,0,0,0,0.0,0.0,1.6613285883748519,9.174237372269943,0,0,0,0,1059,0,0,0,0,0,0,0,,,,0,,,,,,,,,,,,,,,,,
304,Internal,1011,2341,28942,33,33.4,11.5,3,14,87,34,55,7,0,0,0,0,0.0,12.913599964013054,1.6613285883748519,32.76513347239265,0,0,0,0,52,0,0,0,0,0,0,0,,,,0,,,,,,,,,,,,,,,,,
305,Internal,706,1631,34643,26,16.4,17.6,0,112,84,18,43,35,0,0,0,0,0.0,0.0,4.983985765124555,14.416658727852766,0,0,0,0,0,0,0,0,0,0,0,0,,,,0,,,,,,,,,,,,,,,,,
306,Internal,91,230,12599,26,46.8,5.4,0,39,21,2,13,35,0,0,0,0,0.0,0.0,0.0,5.242421355582824,0,0,0,0,0,0,0,0,0,0,0,0,,,,0,,,,,,,,,,,,,,,,,
307,Internal,17,48,12599,26,46.8,5.4,297,172,93,0,10,62,0,0,0,0,0.0,0.0,0.0,0.0,0,0,0,0,0,0,0,0,0,0,0,0,,,,0,,,,,,,,,,,,,,,,,
308,Internal,154,414,12599,26,46.8,5.4,12,589,820,983,14,30,0,0,0,0,0.0,0.0,0.0,5.242421355582824,0,0,0,0,272,0,0,0,0,0,0,0,,,,0,,,,,,,,,,,,,,,,,
309,Internal,708,1864,12599,26,46.8,5.4,0,206,231,61,16,35,0,0,0,0,0.0,0.0,0.0,5.242421355582824,0,0,0,0,536,0,0,0,0,0,0,0,,,,0,,,,,,,,,,,,,,,,,
310,Internal,436,806,12599,26,46.8,5.4,23,371,376,165,2,17,0,0,0,0,0.0,0.0,0.0,0.0,0,0,0,0,0,0,0,0,0,0,0,0,,,,0,,,,,,,,,,,,,,,,,
311,Internal,937,1716,58190,47,22.0,12.0,0,1631,4,4,0,74,0,0,838,0,0.0,0.0,51.5011862396204,0.0,0,0,1131,0,0,0,0,0,4,544,0,200,422,0,26,0,,,,,,,,,,,,,,,,,
312,Internal,716,1303,32196,43,2.5,2.5,5,178,329,48,56,45,0,0,0,0,0.0,25.827199928026108,403.70284697508896,15.727264066748473,0,0,0,0,0,0,0,0,0,0,0,0,,,,0,,,,,,,,,,,,,,,,,
313,Internal,458,1137,75288,51,17.2,19.8,0,42,141,0,0,1,0,0,0,0,0.0,0.0,3.3226571767497037,10.484842711165648,0,0,0,0,0,0,0,0,0,0,0,0,,,,0,,,,,,,,,,,,,,,,,
314,Internal,314,780,61840,48,21.5,17.7,11,14,48,0,0,26,0,0,0,0,0.0,0.0,1.6613285883748519,2.621210677791412,0,0,0,0,0,0,0,0,0,0,0,0,,,,0,,,,,,,,,,,,,,,,,
315,Internal,73,179,47090,44,30.6,8.3,62,26,212,36,549,8,0,0,0,0,0.0,0.0,1.6613285883748519,2.621210677791412,0,0,0,0,0,0,0,0,0,0,0,0,,,,0,,,,,,,,,,,,,,,,,
316,Internal,1,2,58190,47,22.0,12.0,0,168,2,2,4,74,0,0,0,0,0.0,12.913599964013054,4.983985765124555,0.0,0,0,6,0,0,0,0,0,4,75,81,200,1489,230,395,0,,,,,,,,,,,,,,,,,
317,Internal,731,1332,27697,43,26.8,6.4,3,21,21,2,2,25,0,0,0,0,0.0,27.979466588694947,403.70284697508896,17.037869405644177,0,0,0,0,0,0,0,0,0,0,0,0,,,,0,,,,,,,,,,,,,,,,,
318,Internal,8,17,27697,43,26.8,6.4,0,7,72,5,44,23,0,0,0,0,0.0,0.0,0.0,0.0,0,0,0,0,0,0,0,0,0,0,0,0,,,,0,,,,,,,,,,,,,,,,,
319,Internal,1,2,27697,43,26.8,6.4,0,880,341,81,42,23,0,0,0,0,0.0,0.0,9.96797153024911,0.0,0,0,115,0,0,0,0,0,4,267,0,200,1923,0,23,0,,,,,,,,,,,,,,,,,
320,Internal,130,340,27697,43,26.8,6.4,2,16,33,38,2,23,0,0,0,0,0.0,0.0,36.54922894424674,5.242421355582824,0,0,0,0,0,0,0,0,4,267,0,0,170,0,0,0,,,,,,,,,,,,,,,,,
321,Internal,3,6,27697,43,26.8,6.4,3,430,4346,5,54,38,0,0,0,0,0.0,0.0,0.0,0.0,0,0,0,0,0,0,0,0,4,544,0,0,1014,0,0,0,,,,,,,,,,,,,,,,,
322,Internal,210,337,29942,43,13.3,16.6,0,389,987,232,124,23,0,0,0,0,0.0,0.0,1.6613285883748519,0.0,0,0,0,0,0,0,0,0,4,273,0,200,145,0,498,0,,,,,,,,,,,,,,,,,
323,Internal,423,786,30625,43,10.1,2.5,3,43,406,19,95,31,0,0,0,0,0.0,53.80666651672106,601.4009489916963,28.833317455705533,0,0,0,0,0,0,0,0,0,0,0,0,,,,0,,,,,,,,,,,,,,,,,
324,Internal,588,1158,30625,43,10.1,2.5,3,329,636,458,107,20,0,0,0,0,0.0,40.893066552708,819.0349940688019,5.242421355582824,0,0,0,0,0,0,0,0,4,0,81,0,0,75,0,0,,,,,,,,,,,,,,,,,
325,Internal,605,1145,30625,43,10.1,2.5,20,318,706,76,282,17,0,0,0,0,0.0,40.893066552708,380.444246737841,0.0,0,0,76,0,0,0,0,0,4,267,0,0,173,0,0,0,,,,,,,,,,,,,,,,,
326,Internal,283,528,58190,50,22.0,12.0,0,1021,40,26,63,0,0,0,2151,0,0.0,0.0,0.0,0.0,0,0,770,0,0,0,0,0,4,544,81,200,159,639,17,0,,,,,,,,,,,,,,,,,
327,Internal,146,342,93365,51,14.7,19.5,0,88,44,0,0,16,0,0,0,0,0.0,0.0,0.0,0.0,0,0,0,0,1373,0,0,0,0,0,0,0,,,,0,,,,,,,,,,,,,,,,,
328,Internal,140,387,93365,51,14.7,19.5,13,88,139,12,0,27,0,0,0,0,0.0,0.0,0.0,5.242421355582824,0,0,0,0,735,0,38,0,0,0,0,0,,,,0,,,,,,,,,,,,,,,,,
329,Internal,397,1014,93365,51,14.7,19.5,24,12,5,0,0,16,0,0,0,0,0.0,0.0,0.0,5.242421355582824,0,0,0,0,0,0,0,0,0,0,0,0,,,,0,,,,,,,,,,,,,,,,,
330,Internal,7,26,93365,51,14.7,19.5,0,0,0,0,0,16,0,0,0,0,0.0,0.0,1.6613285883748519,0.0,0,0,0,0,0,0,0,0,0,0,0,0,,,,0,,,,,,,,,,,,,,,,,
331,Internal,754,1928,79500,51,25.8,15.8,2,290,861,27,8,16,0,0,0,0,0.0,0.0,1.6613285883748519,9.174237372269943,0,0,0,0,0,0,0,0,0,0,0,0,,,,0,,,,,,,,,,,,,,,,,
332,Internal,538,1303,79500,51,25.8,15.8,52,11,66,1,3,16,0,0,0,0,0.0,0.0,13.290628706998815,18.348474744539885,0,0,0,0,0,0,0,0,0,0,0,0,,,,0,,,,,,,,,,,,,,,,,
333,Internal,152,418,79500,51,25.8,15.8,2,4,196,2,41,11,0,0,0,0,0.0,0.0,1.6613285883748519,5.242421355582824,0,0,0,0,0,0,0,0,0,0,0,0,,,,0,,,,,,,,,,,,,,,,,
334,Internal,215,534,75288,51,17.2,19.8,0,5,3,0,0,16,0,0,0,0,0.0,0.0,1.6613285883748519,3.9318160166871183,0,0,0,0,0,0,0,0,0,0,0,0,,,,0,,,,,,,,,,,,,,,,,
335,Internal,202,551,75288,51,17.2,19.8,2,32,185,1,0,6,0,0,0,0,0.0,0.0,0.0,9.174237372269943,0,0,0,0,0,0,0,0,0,0,0,0,,,,0,,,,,,,,,,,,,,,,,
336,Internal,324,861,77333,48,20.2,20.8,2,161,213,1,172,15,0,0,0,0,0.0,0.0,4.983985765124555,0.0,0,0,0,0,756,0,0,0,0,0,0,0,,,,0,,,,,,,,,,,,,,,,,
337,Internal,427,1208,63915,48,26.1,13.5,10,400,573,88,16,36,0,0,0,0,0.0,0.0,1.6613285883748519,38.007554827975476,0,0,0,0,4235,0,0,0,0,0,0,0,,,,0,,,,,,,,,,,,,,,,,
338,Internal,422,1029,63915,48,26.1,13.5,3,5,93,0,9,10,0,0,0,0,0.0,0.0,1.6613285883748519,9.174237372269943,0,0,0,0,0,0,0,0,0,0,0,0,,,,0,,,,,,,,,,,,,,,,,
339,Internal,608,1643,63915,48,26.1,13.5,2,8,34,0,11,26,0,0,0,0,0.0,0.0,4.983985765124555,18.348474744539885,0,0,0,0,0,0,0,0,0,0,0,0,,,,0,,,,,,,,,,,,,,,,,
340,Internal,296,736,61840,48,21.5,17.7,0,38,154,28,3,24,0,0,0,0,0.0,0.0,0.0,2.621210677791412,0,0,0,0,0,0,0,0,0,0,0,0,,,,0,,,,,,,,,,,,,,,,,
341,Internal,302,777,144549,48,10.2,23.7,4,19,3,33,0,52,0,0,0,0,0.0,0.0,1.6613285883748519,0.0,0,0,0,0,0,0,0,0,0,0,0,0,,,,0,,,,,,,,,,,,,,,,,
342,Internal,389,984,144549,48,10.2,23.7,11,36,21,0,3,26,0,0,0,0,0.0,0.0,0.0,0.0,0,0,0,0,0,0,0,0,0,0,0,0,,,,0,,,,,,,,,,,,,,,,,
343,Internal,386,802,90993,46,15.6,27.2,20,29,8,2,3,18,0,0,0,0,0.0,0.0,13.290628706998815,5.242421355582824,0,0,0,0,0,0,0,0,0,0,0,0,,,,0,,,,,,,,,,,,,,,,,
344,Internal,67,178,90993,46,15.6,27.2,0,5,17,0,0,26,0,0,0,0,0.0,0.0,0.0,0.0,0,0,0,0,0,0,0,0,0,0,0,0,,,,0,,,,,,,,,,,,,,,,,
345,Internal,339,858,90993,46,15.6,27.2,2,17,22,0,0,26,0,0,0,0,0.0,0.0,1.6613285883748519,9.174237372269943,0,0,0,0,0,0,0,0,0,0,0,0,,,,0,,,,,,,,,,,,,,,,,
346,Internal,198,479,90993,46,15.6,27.2,10,0,2,7,0,26,0,0,0,0,0.0,0.0,6.6453143534994075,0.0,0,0,0,0,0,0,0,0,0,0,0,0,,,,0,,,,,,,,,,,,,,,,,
347,Internal,535,1481,121382,46,18.6,25.9,0,29,13,0,2,50,0,0,0,0,0.0,0.0,4.983985765124555,18.348474744539885,0,0,0,0,0,0,0,0,0,0,0,0,,,,0,,,,,,,,,,,,,,,,,
348,Internal,494,1251,121382,46,18.6,25.9,0,20,58,0,2,26,0,0,0,0,0.0,0.0,1.6613285883748519,0.0,0,0,0,0,0,0,0,0,0,0,0,0,,,,0,,,,,,,,,,,,,,,,,
349,Internal,195,452,121382,46,18.6,25.9,0,9,45,0,8,9,0,0,0,0,0.0,0.0,1.6613285883748519,5.242421355582824,0,0,0,0,0,0,0,0,0,0,0,0,,,,0,,,,,,,,,,,,,,,,,
350,Internal,246,617,100893,46,22.1,15.7,53,17,3,0,0,26,0,0,0,0,0.0,0.0,0.0,5.242421355582824,0,0,0,0,0,0,0,0,0,0,0,0,,,,0,,,,,,,,,,,,,,,,,
351,Internal,610,1566,100893,46,22.1,15.7,11,28,46,7,18,15,0,0,0,0,0.0,0.0,1.6613285883748519,14.416658727852766,0,0,0,0,0,0,0,0,0,0,0,0,,,,0,,,,,,,,,,,,,,,,,
352,Internal,57,180,72013,44,10.4,41.5,0,205,1565,48,40,33,0,0,0,0,0.0,0.0,0.0,0.0,0,0,0,0,0,0,0,0,0,0,0,0,,,,0,,,,,,,,,,,,,,,,,
353,Internal,329,787,35664,57,25.8,6.9,2,7,85,0,10,50,0,0,0,0,0.0,0.0,1.6613285883748519,14.416658727852766,0,0,0,0,0,0,0,0,0,0,0,0,,,,0,,,,,,,,,,,,,,,,,
354,Internal,105,218,72013,44,10.4,41.5,0,42,78,7,0,29,0,0,0,0,0.0,0.0,0.0,5.242421355582824,0,0,0,0,0,0,0,0,0,0,0,0,,,,0,,,,,,,,,,,,,,,,,
355,Internal,85,181,72013,44,10.4,41.5,0,11,10,0,0,29,0,0,0,0,0.0,0.0,4.983985765124555,0.0,0,0,0,0,0,0,0,0,0,0,0,0,,,,0,,,,,,,,,,,,,,,,,
356,Internal,98,304,72013,44,10.4,41.5,0,3,10,3,0,29,0,0,0,0,0.0,0.0,0.0,5.242421355582824,0,0,0,0,0,0,0,0,0,0,0,0,,,,0,,,,,,,,,,,,,,,,,
357,Internal,211,571,72013,44,10.4,41.5,11,62,129,7,53,19,0,0,0,0,0.0,0.0,21.597271648873072,18.348474744539885,0,0,0,0,0,0,0,0,0,0,0,0,,,,0,,,,,,,,,,,,,,,,,
358,Internal,121,345,60750,44,14.3,31.7,0,15,47,2,3,28,0,0,0,0,0.0,0.0,11.629300118623961,9.174237372269943,0,0,0,0,0,0,0,0,0,0,0,0,,,,0,,,,,,,,,,,,,,,,,
359,Internal,284,557,60750,44,14.3,31.7,7,124,728,130,35,51,0,0,0,0,0.0,0.0,13.290628706998815,0.0,0,0,0,0,0,0,0,0,0,0,0,0,,,,0,,,,,,,,,,,,,,,,,
360,Internal,310,830,60750,44,14.3,31.7,0,7,54,14,12,28,0,0,0,0,0.0,0.0,6.6453143534994075,0.0,0,0,0,0,0,0,0,0,0,0,0,0,,,,0,,,,,,,,,,,,,,,,,
361,Internal,440,953,60750,44,14.3,31.7,114,103,506,44,85,22,0,0,0,0,0.0,0.0,129.58362989323845,14.416658727852766,0,0,0,0,0,0,0,0,0,0,0,0,,,,0,,,,,,,,,,,,,,,,,
362,Internal,84,156,60750,44,14.3,31.7,6,150,520,55,81,31,0,0,0,0,0.0,0.0,18.27461447212337,14.416658727852766,0,0,0,0,0,0,0,0,0,0,0,0,,,,0,,,,,,,,,,,,,,,,,
363,Internal,298,570,47090,44,30.6,8.3,0,1,288,13,352,28,0,0,0,0,0.0,0.0,71.43712930011863,9.174237372269943,0,0,0,0,0,0,0,0,0,0,0,0,,,,0,,,,,,,,,,,,,,,,,
364,Internal,284,702,47090,44,30.6,8.3,3,33,526,6,41,11,0,0,0,0,0.0,0.0,3.3226571767497037,6.55302669447853,0,0,0,0,0,0,0,0,0,0,0,0,,,,0,,,,,,,,,,,,,,,,,
365,Internal,115,287,47090,44,30.6,8.3,3,6,6,12,0,7,0,0,0,0,0.0,0.0,1.6613285883748519,9.174237372269943,0,0,0,0,0,0,0,0,0,0,0,0,,,,0,,,,,,,,,,,,,,,,,
366,Internal,613,1363,54224,56,17.1,9.0,174,102,15,9,9,60,0,0,0,0,0.0,103.30879971210443,142.87425860023725,22.280290761227,0,0,0,0,0,0,0,0,0,0,0,0,,,,0,,,,,,,,,,,,,,,,,
367,Internal,745,1446,47413,56,15.8,10.5,0,43,77,2,11,44,0,0,0,0,0.0,25.827199928026108,134.567615658363,23.59089610012271,0,0,0,0,0,0,0,0,0,0,0,0,,,,0,,,,,,,,,,,,,,,,,
368,Internal,201,369,54224,56,17.1,9.0,8,2,106,9,3,25,0,0,0,0,0.0,0.0,39.87188612099644,5.242421355582824,0,0,0,0,0,0,0,0,0,0,0,0,,,,0,,,,,,,,,,,,,,,,,
369,Internal,528,1351,68000,45,21.7,18.8,7,188,65,4,10,49,0,0,0,0,0.0,0.0,11.629300118623961,23.59089610012271,0,0,0,0,2532,0,0,0,0,0,0,0,,,,0,,,,,,,,,,,,,,,,,
370,Internal,440,972,68000,45,21.7,18.8,0,7,20,0,11,71,0,0,0,0,0.0,0.0,36.54922894424674,0.0,0,0,0,0,0,0,0,0,0,0,0,0,,,,0,,,,,,,,,,,,,,,,,
371,Internal,736,1573,101818,45,11.8,46.1,5,2,63,0,8,24,0,0,0,0,0.0,0.0,159.48754448398577,5.242421355582824,0,0,0,0,0,0,0,0,0,0,0,0,,,,0,,,,,,,,,,,,,,,,,
372,Internal,527,853,101818,45,11.8,46.1,0,0,745,0,1,20,0,0,0,0,0.0,0.0,0.0,0.0,0,0,0,0,0,0,0,0,0,0,0,0,,,,0,,,,,,,,,,,,,,,,,
373,Internal,496,1214,80909,45,8.2,25.3,24,27,9,0,26,34,0,0,0,0,0.0,0.0,6.6453143534994075,14.416658727852766,0,0,0,0,0,0,0,0,0,0,0,0,,,,0,,,,,,,,,,,,,,,,,
374,Internal,894,2142,74313,45,20.3,39.3,19,25,121,1,7,12,0,0,0,0,0.0,0.0,23.258600237247922,9.174237372269943,0,0,0,0,0,0,0,0,0,0,0,0,,,,0,,,,,,,,,,,,,,,,,
375,Internal,133,350,67054,45,11.2,29.2,16,46,34,10,13,25,0,0,0,0,0.0,0.0,13.290628706998815,0.0,0,0,0,0,0,0,0,0,0,0,0,0,,,,0,,,,,,,,,,,,,,,,,
376,Internal,10,26,67054,45,11.2,29.2,67,147,199,81,164,10,0,0,0,0,0.0,0.0,1.6613285883748519,0.0,0,0,0,0,0,0,0,0,0,0,0,0,,,,0,,,,,,,,,,,,,,,,,
377,Internal,263,411,67054,45,11.2,29.2,134,352,399,8,222,24,0,0,0,0,0.0,12.913599964013054,34.887900355871885,0.0,0,0,0,0,0,0,0,0,4,0,0,200,0,0,81,0,,,,,,,,,,,,,,,,,
378,Internal,131,279,67054,45,11.2,29.2,181,167,171,32,135,35,0,0,0,0,0.0,0.0,0.0,0.0,0,0,0,0,304,0,0,0,0,0,0,0,,,,0,,,,,,,,,,,,,,,,,
379,Internal,28,72,67054,45,11.2,29.2,465,85,195,32,28,57,0,0,0,0,0.0,0.0,0.0,0.0,0,0,0,0,0,0,0,0,0,0,0,0,,,,0,,,,,,,,,,,,,,,,,
380,Internal,87,165,67054,45,11.2,29.2,188,53,29,7,3,30,0,0,0,0,0.0,0.0,9.96797153024911,5.242421355582824,0,0,0,0,0,0,0,0,0,0,0,0,,,,0,,,,,,,,,,,,,,,,,
381,Internal,118,328,55729,41,29.9,12.2,13,73,12,0,0,23,0,0,0,0,0.0,0.0,0.0,14.416658727852766,0,0,0,0,0,0,0,0,0,0,0,0,,,,0,,,,,,,,,,,,,,,,,
382,Internal,557,1280,55729,41,29.9,12.2,0,40,109,63,160,15,0,0,0,0,0.0,0.0,0.0,17.037869405644177,0,0,0,0,0,0,0,0,0,0,0,0,,,,0,,,,,,,,,,,,,,,,,
383,Internal,589,1557,55729,41,29.9,12.2,1,24,123,9,0,23,0,0,0,0,0.0,0.0,18.27461447212337,32.76513347239265,0,0,0,0,0,0,0,0,0,0,0,0,,,,0,,,,,,,,,,,,,,,,,
384,Internal,509,1636,55729,41,29.9,12.2,0,9,35,0,5,23,0,0,0,0,0.0,0.0,0.0,70.77268830036812,0,0,0,0,0,0,0,0,0,0,0,0,,,,0,,,,,,,,,,,,,,,,,
385,Internal,214,621,32648,41,41.6,4.4,0,26,56,4,5,35,0,0,0,0,0.0,0.0,0.0,0.0,0,0,0,0,0,0,0,0,0,0,0,0,,,,0,,,,,,,,,,,,,,,,,
386,Internal,247,768,32648,41,41.6,4.4,2,294,150,8,2,35,0,0,0,0,0.0,0.0,0.0,5.242421355582824,0,0,0,0,0,0,0,0,0,0,0,0,,,,0,,,,,,,,,,,,,,,,,
387,Internal,613,1681,39375,41,24.5,16.3,3,293,268,42,0,35,0,0,0,0,0.0,0.0,1.6613285883748519,14.416658727852766,0,0,0,0,165,0,0,0,0,0,0,0,,,,0,,,,,,,,,,,,,,,,,
388,Internal,808,1988,32297,41,34.4,6.9,24,424,1257,12,87,54,0,0,0,0,0.0,0.0,0.0,32.76513347239265,0,0,0,0,0,0,0,0,0,0,0,0,,,,0,,,,,,,,,,,,,,,,,
389,Internal,689,1673,32297,41,34.4,6.9,0,1,116,2,0,35,0,0,0,0,0.0,0.0,9.96797153024911,28.833317455705533,0,0,0,0,0,0,0,0,0,0,0,0,,,,0,,,,,,,,,,,,,,,,,
390,Internal,37,89,32297,41,34.4,6.9,65,132,963,19,0,73,0,0,0,0,0.0,0.0,0.0,0.0,0,0,0,0,0,0,0,0,0,0,0,0,,,,0,,,,,,,,,,,,,,,,,
391,Internal,441,1011,32297,41,34.4,6.9,0,8,65,4,0,35,0,0,0,0,0.0,0.0,13.290628706998815,23.59089610012271,0,0,0,0,0,0,0,0,0,0,0,0,,,,0,,,,,,,,,,,,,,,,,
392,Internal,679,1748,32297,41,34.4,6.9,3,85,291,18,5,35,0,0,0,0,0.0,0.0,0.0,9.174237372269943,0,0,0,0,0,0,0,0,0,0,0,0,,,,0,,,,,,,,,,,,,,,,,
393,Internal,495,1006,32297,41,34.4,6.9,276,205,52,0,0,64,0,0,0,0,0.0,0.0,0.0,0.0,0,0,0,0,819,0,0,0,0,0,0,0,,,,0,,,,,,,,,,,,,,,,,
394,Internal,147,333,47935,50,32.2,8.3,22,16,286,6,127,30,0,0,0,0,0.0,0.0,0.0,9.174237372269943,0,0,0,0,0,0,0,0,0,0,0,0,,,,0,,,,,,,,,,,,,,,,,
395,Internal,7,16,47935,50,32.2,8.3,2,43,433,46,530,8,0,0,0,0,0.0,0.0,0.0,0.0,0,0,0,0,0,0,0,0,0,0,0,0,,,,0,,,,,,,,,,,,,,,,,
396,Internal,387,983,47935,50,32.2,8.3,0,167,152,17,3,10,0,0,0,0,0.0,0.0,13.290628706998815,17.037869405644177,0,0,0,0,983,0,0,0,0,0,0,0,,,,0,,,,,,,,,,,,,,,,,
397,Internal,730,1985,49219,50,24.2,8.0,6,0,202,1,8,10,0,0,0,0,0.0,0.0,4.983985765124555,43.249976183558296,0,0,0,0,0,0,0,0,0,0,0,0,,,,0,,,,,,,,,,,,,,,,,
398,Internal,192,506,56989,57,17.5,16.3,90,47,104,53,107,28,0,0,0,0,0.0,0.0,11.629300118623961,18.348474744539885,0,0,0,0,406,0,0,0,0,0,0,0,,,,0,,,,,,,,,,,,,,,,,
399,Internal,340,610,56989,57,17.5,16.3,0,5,4,10,0,20,0,0,0,0,0.0,0.0,93.03440094899169,5.242421355582824,0,0,0,0,0,0,0,0,0,0,0,0,,,,0,,,,,,,,,,,,,,,,,
400,Internal,730,1634,35664,57,25.8,6.9,0,6,118,0,18,33,0,0,0,0,0.0,0.0,0.0,23.59089610012271,0,0,0,0,0,0,0,0,0,0,0,0,,,,0,,,,,,,,,,,,,,,,,
401,Internal,690,1432,38554,57,24.8,7.6,11,100,135,7,289,7,0,0,0,0,0.0,0.0,18.27461447212337,28.833317455705533,0,0,0,0,928,0,0,0,0,0,0,0,,,,0,,,,,,,,,,,,,,,,,
402,Internal,307,627,38554,57,24.8,7.6,0,0,4,14,0,20,0,0,0,0,0.0,0.0,13.290628706998815,32.76513347239265,0,0,0,0,0,0,0,0,0,0,0,0,,,,0,,,,,,,,,,,,,,,,,
403,Internal,321,888,78836,43,16.9,7.0,36,169,437,0,11,58,0,0,0,0,0.0,0.0,11.629300118623961,32.76513347239265,0,0,0,0,0,0,0,0,0,0,0,0,,,,0,,,,,,,,,,,,,,,,,
404,Internal,578,1433,78836,43,16.9,7.0,56,46,131,0,5,58,0,0,0,0,0.0,0.0,0.0,9.174237372269943,0,0,0,0,0,0,0,0,0,0,0,0,,,,0,,,,,,,,,,,,,,,,,
405,Internal,566,1434,78836,43,16.9,7.0,138,142,250,7,4,37,0,0,0,0,0.0,0.0,9.96797153024911,38.007554827975476,0,0,0,0,934,0,0,0,0,0,0,0,,,,0,,,,,,,,,,,,,,,,,
406,Internal,184,472,36786,43,19.3,19.4,3,34,135,6,3,58,0,0,0,0,0.0,0.0,0.0,9.174237372269943,0,0,0,0,0,0,0,0,0,0,0,0,,,,0,,,,,,,,,,,,,,,,,
407,Internal,208,565,36786,43,19.3,19.4,0,52,93,6,1,58,0,0,0,0,0.0,0.0,1.6613285883748519,5.242421355582824,0,0,0,0,0,0,0,0,0,0,0,0,,,,0,,,,,,,,,,,,,,,,,
408,Internal,473,1242,53203,43,38.1,7.8,19,12,51,35,0,21,0,0,0,0,0.0,0.0,6.6453143534994075,56.356029572515354,0,0,0,0,0,0,0,0,0,0,0,0,,,,0,,,,,,,,,,,,,,,,,
409,Internal,428,1190,53203,43,38.1,7.8,29,15,63,1,9,79,0,0,0,0,0.0,0.0,0.0,31.454528133496947,0,0,0,0,7,0,0,0,0,0,0,0,,,,0,,,,,,,,,,,,,,,,,
410,Internal,100,215,53203,43,38.1,7.8,254,152,184,12,12,31,0,0,0,0,0.0,0.0,0.0,0.0,0,0,0,0,0,0,0,0,0,0,0,0,,,,0,,,,,,,,,,,,,,,,,
411,Internal,640,1613,48673,43,22.6,12.6,50,169,510,11,0,58,0,0,0,0,0.0,0.0,0.0,0.0,0,0,0,0,0,0,0,0,0,0,0,0,,,,0,,,,,,,,,,,,,,,,,
412,Internal,260,791,48673,43,22.6,12.6,430,198,579,7,541,39,0,0,0,0,0.0,0.0,0.0,5.242421355582824,0,0,0,0,965,0,0,0,0,0,0,0,,,,0,,,,,,,,,,,,,,,,,
413,Internal,380,1059,48673,43,22.6,12.6,32,206,538,84,10,40,0,0,0,0,0.0,0.0,6.6453143534994075,32.76513347239265,0,0,0,0,0,0,0,0,0,0,0,0,,,,0,,,,,,,,,,,,,,,,,
414,Internal,36,87,48673,43,22.6,12.6,273,130,228,20,4,40,0,0,0,0,0.0,0.0,0.0,0.0,0,0,0,0,0,0,0,0,0,0,0,0,,,,0,,,,,,,,,,,,,,,,,
415,Internal,14,73,48673,43,22.6,12.6,102,13,57,2,2,60,0,0,0,0,0.0,0.0,0.0,0.0,0,0,0,0,0,0,0,0,0,0,0,0,,,,0,,,,,,,,,,,,,,,,,
416,Internal,81,236,51776,43,19.1,26.4,2840,149,67,0,0,73,0,0,0,0,0.0,0.0,0.0,0.0,0,0,0,0,886,0,0,0,0,0,0,0,,,,0,,,,,,,,,,,,,,,,,
417,Internal,28,71,51776,43,19.1,26.4,0,7,2,0,0,58,0,0,0,0,0.0,0.0,0.0,0.0,0,0,0,0,0,0,0,0,0,0,0,0,,,,0,,,,,,,,,,,,,,,,,
418,Internal,44,128,51776,43,19.1,26.4,8,3,1,0,0,58,0,0,0,0,0.0,0.0,0.0,0.0,0,0,0,0,0,0,0,0,0,0,0,0,,,,0,,,,,,,,,,,,,,,,,
419,Internal,298,787,51776,43,19.1,26.4,40,43,27,3,8,58,0,0,0,0,0.0,0.0,1.6613285883748519,9.174237372269943,0,0,0,0,111,0,0,0,0,0,0,0,,,,0,,,,,,,,,,,,,,,,,
420,Internal,63,144,51776,43,19.1,26.4,4,6,10,0,1,58,0,0,0,0,0.0,0.0,0.0,0.0,0,0,0,0,0,0,0,0,0,0,0,0,,,,0,,,,,,,,,,,,,,,,,
421,Internal,298,831,37120,42,25.9,11.8,42,45,141,23,4,35,0,0,0,0,0.0,0.0,1.6613285883748519,18.348474744539885,0,0,0,0,0,0,0,0,0,0,0,0,,,,0,,,,,,,,,,,,,,,,,
422,Internal,796,2087,27099,42,31.8,7.9,24,178,219,0,19,27,0,0,0,0,0.0,0.0,6.6453143534994075,28.833317455705533,0,0,0,0,449,0,0,0,0,0,0,0,,,,0,,,,,,,,,,,,,,,,,
423,Internal,209,668,37120,42,25.9,11.8,879,110,319,33,84,32,0,0,0,0,0.0,0.0,4.983985765124555,5.242421355582824,0,0,0,0,265,0,0,0,0,0,0,0,,,,0,,,,,,,,,,,,,,,,,
424,Internal,904,2523,43944,42,23.4,12.4,120,193,344,47,5,13,0,0,0,0,0.0,0.0,0.0,70.77268830036812,0,0,0,0,0,0,0,0,0,0,0,0,,,,0,,,,,,,,,,,,,,,,,
425,Internal,7,22,43944,42,23.4,12.4,48,12,182,0,89,43,0,0,0,0,0.0,0.0,0.0,0.0,0,0,0,0,0,0,0,0,0,0,0,0,,,,0,,,,,,,,,,,,,,,,,
426,Internal,214,623,43944,42,23.4,12.4,0,13,14,0,0,35,0,0,0,0,0.0,0.0,0.0,0.0,0,0,0,0,0,0,0,0,0,0,0,0,,,,0,,,,,,,,,,,,,,,,,
427,Internal,331,888,50543,42,36.8,6.9,170,154,366,5,59,30,0,0,0,0,0.0,0.0,1.6613285883748519,5.242421355582824,0,0,0,0,0,0,0,0,0,0,0,0,,,,0,,,,,,,,,,,,,,,,,
428,Internal,375,900,50543,42,36.8,6.9,90,35,29,28,17,35,0,0,0,0,0.0,0.0,4.983985765124555,14.416658727852766,0,0,0,0,0,0,0,0,0,0,0,0,,,,0,,,,,,,,,,,,,,,,,
429,Internal,281,710,40530,46,24.4,16.2,1,9,1,0,0,23,0,0,0,0,0.0,0.0,0.0,18.348474744539885,0,0,0,0,0,0,0,0,0,0,0,0,,,,0,,,,,,,,,,,,,,,,,
430,Internal,101,236,40530,46,24.4,16.2,45,20,2,0,0,8,0,0,0,0,0.0,0.0,0.0,0.0,0,0,0,0,0,0,0,0,0,0,0,0,,,,0,,,,,,,,,,,,,,,,,
431,Internal,117,301,40530,46,24.4,16.2,0,10,1,0,0,23,0,0,0,0,0.0,0.0,0.0,0.0,0,0,0,0,0,0,0,0,0,0,0,0,,,,0,,,,,,,,,,,,,,,,,
432,Internal,343,842,40530,46,24.4,16.2,0,198,355,0,10,23,0,0,0,0,0.0,0.0,0.0,0.0,0,0,0,0,0,0,0,0,0,0,0,0,,,,0,,,,,,,,,,,,,,,,,
433,Internal,466,1144,40530,46,24.4,16.2,0,584,837,0,15,54,0,0,0,0,0.0,0.0,0.0,0.0,0,0,0,0,0,0,0,0,0,0,0,0,,,,0,,,,,,,,,,,,,,,,,
434,Internal,388,898,40530,46,24.4,16.2,0,4,44,2,3,23,0,0,0,0,0.0,0.0,1.6613285883748519,5.242421355582824,0,0,0,0,0,0,0,0,0,0,0,0,,,,0,,,,,,,,,,,,,,,,,
435,Internal,0,0,40530,46,24.4,16.2,0,0,0,0,0,23,0,0,0,0,0.0,0.0,0.0,0.0,0,0,0,0,0,0,0,0,0,0,0,0,,,,0,,,,,,,,,,,,,,,,,
436,Internal,581,1532,85227,53,26.0,6.2,0,217,478,32,56,17,0,0,0,0,0.0,0.0,1.6613285883748519,81.25753101153377,0,0,0,0,0,0,0,0,0,0,0,0,,,,0,,,,,,,,,,,,,,,,,
437,Internal,915,2449,85227,53,26.0,6.2,0,31,306,13,2,12,0,0,0,0,0.0,0.0,4.983985765124555,85.18934702822088,0,0,0,0,0,0,0,0,0,0,0,0,,,,0,,,,,,,,,,,,,,,,,
438,Internal,1087,2708,74874,46,34.6,4.5,1481,261,493,0,0,20,0,0,0,0,0.0,0.0,0.0,23.59089610012271,0,0,0,0,0,0,0,0,0,0,0,0,,,,0,,,,,,,,,,,,,,,,,
439,Internal,1381,3804,74874,46,34.6,4.5,8,66,531,6,0,23,0,0,0,0,0.0,0.0,4.983985765124555,121.88629651730066,0,0,0,0,0,0,0,0,0,0,0,0,,,,0,,,,,,,,,,,,,,,,,
440,Internal,791,2173,71573,53,22.4,6.3,0,198,277,22,123,15,0,0,0,0,0.0,0.0,6.6453143534994075,110.09084846723931,0,0,0,0,0,0,0,0,0,0,0,0,,,,0,,,,,,,,,,,,,,,,,
441,Internal,407,1077,46250,53,32.4,5.5,0,216,517,16,18,6,0,0,0,0,0.0,0.0,6.6453143534994075,47.18179220024542,0,0,0,0,9,0,0,0,0,0,0,0,,,,0,,,,,,,,,,,,,,,,,
442,Internal,538,1478,46250,53,32.4,5.5,0,95,444,59,10,12,0,0,0,0,0.0,0.0,1.6613285883748519,43.249976183558296,0,0,0,0,0,0,0,0,0,0,0,0,,,,0,,,,,,,,,,,,,,,,,
443,Internal,653,1756,46250,53,32.4,5.5,5,34,58,0,0,12,0,0,0,0,0.0,0.0,4.983985765124555,56.356029572515354,0,0,0,0,0,0,0,0,0,0,0,0,,,,0,,,,,,,,,,,,,,,,,
444,Internal,165,428,47888,54,21.9,3.9,46,44,173,1,134,83,0,0,0,0,0.0,0.0,0.0,18.348474744539885,0,0,0,0,0,0,0,0,0,0,0,0,,,,0,,,,,,,,,,,,,,,,,
445,Internal,683,1215,47888,54,21.9,3.9,187,51,426,3,15,39,0,0,0,0,0.0,0.0,24.919928825622776,52.42421355582824,0,0,0,0,0,0,0,0,0,0,0,0,,,,0,,,,,,,,,,,,,,,,,
446,Internal,2,18,47888,54,21.9,3.9,996,456,66,8,24,51,0,0,0,0,0.0,0.0,0.0,0.0,0,0,0,0,0,0,0,0,0,0,0,0,,,,0,,,,,,,,,,,,,,,,,
447,Internal,1022,2103,47888,54,21.9,3.9,926,110,286,9,4,58,0,0,0,0,0.0,0.0,1.6613285883748519,31.454528133496947,0,0,0,0,0,0,0,0,0,0,0,0,,,,0,,,,,,,,,,,,,,,,,
448,Internal,125,317,47888,54,21.9,3.9,77,79,46,36,68,6,0,0,0,0,0.0,0.0,0.0,0.0,0,0,0,0,245,0,0,0,0,0,0,0,,,,0,,,,,,,,,,,,,,,,,
449,Internal,177,491,47888,54,21.9,3.9,51,21,155,20,3,14,0,0,0,0,0.0,0.0,0.0,0.0,0,0,0,0,0,0,0,0,0,0,0,0,,,,0,,,,,,,,,,,,,,,,,
450,Internal,694,1256,47888,54,21.9,3.9,0,102,66,21,5,56,0,0,0,0,0.0,0.0,41.53321470937129,61.59845092809818,0,0,0,0,0,0,0,0,0,0,0,0,,,,0,,,,,,,,,,,,,,,,,
451,Internal,577,1409,71058,54,31.5,11.6,223,83,230,34,24,57,0,0,0,0,0.0,0.0,4.983985765124555,19.65908008343559,0,0,0,0,0,0,0,0,0,0,0,0,,,,0,,,,,,,,,,,,,,,,,
452,Internal,322,755,71058,54,31.5,11.6,2,12,1,1,0,67,0,0,0,0,0.0,0.0,3.3226571767497037,11.795448050061355,0,0,0,0,0,0,0,0,0,0,0,0,,,,0,,,,,,,,,,,,,,,,,
453,Internal,343,855,102321,55,27.9,5.8,20,3,69,0,0,0,0,0,0,0,0.0,0.0,0.0,1.310605338895706,0,0,0,0,0,0,0,0,0,0,0,0,,,,0,,,,,,,,,,,,,,,,,
454,Internal,387,1116,102321,55,27.9,5.8,0,85,104,5,86,16,0,0,0,0,0.0,0.0,1.6613285883748519,23.59089610012271,0,0,0,0,0,0,0,0,0,0,0,0,,,,0,,,,,,,,,,,,,,,,,
455,Internal,647,1615,102321,55,27.9,5.8,235,30,156,0,25,46,0,0,0,0,0.0,0.0,4.983985765124555,23.59089610012271,0,0,0,0,0,0,0,0,0,0,0,0,,,,0,,,,,,,,,,,,,,,,,
456,Internal,1031,2710,102321,55,27.9,5.8,12,6,59,0,0,43,0,0,0,0,0.0,0.0,0.0,60.28784558920247,0,0,0,0,0,0,0,0,0,0,0,0,,,,0,,,,,,,,,,,,,,,,,
457,Internal,770,2067,92813,55,12.1,18.2,15,166,511,40,6,27,0,0,0,0,0.0,0.0,4.983985765124555,60.28784558920247,0,0,0,0,0,0,0,0,0,0,0,0,,,,0,,,,,,,,,,,,,,,,,
458,Internal,266,654,92813,55,12.1,18.2,13,21,259,0,23,56,0,0,0,0,0.0,0.0,0.0,5.242421355582824,0,0,0,0,0,0,0,0,0,0,0,0,,,,0,,,,,,,,,,,,,,,,,
459,Internal,1354,2525,77917,50,3.5,49.2,86,37,60,0,0,60,0,0,0,0,0.0,0.0,0.0,0.0,0,0,0,0,93,0,0,0,0,0,0,0,,,,0,,,,,,,,,,,,,,,,,
460,Internal,968,2232,77917,50,3.5,49.2,0,27,26,0,0,45,0,0,0,0,0.0,0.0,0.0,0.0,0,0,0,0,0,0,0,0,0,0,0,0,,,,0,,,,,,,,,,,,,,,,,
461,Internal,403,918,77917,50,3.5,49.2,0,0,0,0,0,45,0,0,0,0,0.0,0.0,0.0,0.0,0,0,0,0,0,0,0,0,0,0,0,0,,,,0,,,,,,,,,,,,,,,,,
462,Internal,1230,3033,77917,50,3.5,49.2,0,1,5,0,0,45,0,0,0,0,0.0,0.0,0.0,9.174237372269943,0,0,0,0,0,0,0,0,0,0,0,0,,,,0,,,,,,,,,,,,,,,,,
463,Internal,515,1257,77917,50,3.5,49.2,0,16,34,0,0,45,0,0,0,0,0.0,0.0,0.0,0.0,0,0,0,0,0,0,0,0,0,0,0,0,,,,0,,,,,,,,,,,,,,,,,
464,Internal,228,557,85430,50,19.2,11.1,5,3,15,0,0,45,0,0,0,0,0.0,0.0,0.0,0.0,0,0,0,0,0,0,0,0,0,0,0,0,,,,0,,,,,,,,,,,,,,,,,
465,Internal,667,1419,85430,50,19.2,11.1,54,16,59,4,4,29,0,0,0,0,0.0,0.0,0.0,5.242421355582824,0,0,0,0,0,0,0,0,0,0,0,0,,,,0,,,,,,,,,,,,,,,,,
466,Internal,271,627,85430,50,19.2,11.1,2,18,25,0,0,45,0,0,0,0,0.0,0.0,0.0,0.0,0,0,0,0,0,0,0,0,0,0,0,0,,,,0,,,,,,,,,,,,,,,,,
467,Internal,436,1108,85430,50,19.2,11.1,1,117,43,0,0,33,0,0,0,0,0.0,0.0,0.0,5.242421355582824,0,0,0,0,1206,0,0,0,0,0,0,0,,,,0,,,,,,,,,,,,,,,,,
468,Internal,64,159,85430,50,19.2,11.1,0,0,2,4,0,45,0,0,0,0,0.0,0.0,0.0,0.0,0,0,0,0,0,0,0,0,0,0,0,0,,,,0,,,,,,,,,,,,,,,,,
469,Internal,12,45,85430,50,19.2,11.1,0,0,0,0,0,45,0,0,0,0,0.0,0.0,0.0,0.0,0,0,0,0,0,0,0,0,0,0,0,0,,,,0,,,,,,,,,,,,,,,,,
470,Internal,168,425,85430,50,19.2,11.1,0,35,34,0,0,61,0,0,0,0,0.0,0.0,0.0,0.0,0,0,0,0,0,0,0,0,0,0,0,0,,,,0,,,,,,,,,,,,,,,,,
471,Internal,3,10,85430,50,19.2,11.1,0,0,0,0,0,45,0,0,0,0,0.0,0.0,0.0,0.0,0,0,0,0,0,0,0,0,0,0,0,0,,,,0,,,,,,,,,,,,,,,,,
472,Internal,572,1271,93654,57,5.0,34.5,3,9,64,0,1,11,0,0,0,0,0.0,12.913599964013054,28.24258600237248,9.174237372269943,0,0,0,0,0,0,0,0,0,0,0,0,,,,0,,,,,,,,,,,,,,,,,
473,Internal,308,788,93654,57,5.0,34.5,45,122,44,36,38,44,0,0,0,0,0.0,66.72026648073411,24.919928825622776,0.0,0,0,0,0,986,0,0,0,0,0,0,0,,,,0,,,,,,,,,,,,,,,,,
474,Internal,140,362,84760,57,22.6,13.4,0,23,5,0,0,17,0,0,0,0,0.0,40.893066552708,1.6613285883748519,5.242421355582824,0,0,0,0,0,0,0,0,0,0,0,0,,,,0,,,,,,,,,,,,,,,,,
475,Internal,336,548,84760,57,22.6,13.4,0,15,51,0,0,36,0,0,0,0,0.0,53.80666651672106,1.6613285883748519,28.833317455705533,0,0,0,0,22,0,0,0,0,0,0,0,,,,0,,,,,,,,,,,,,,,,,
476,Internal,7,24,84760,57,22.6,13.4,39,27,183,47,322,11,0,0,0,0,0.0,12.913599964013054,0.0,0.0,0,0,0,0,0,0,0,0,0,0,0,0,,,,0,,,,,,,,,,,,,,,,,
477,Internal,338,766,84760,57,22.6,13.4,6,4,19,0,2,23,0,0,0,0,0.0,53.80666651672106,24.919928825622776,18.348474744539885,0,0,0,0,0,0,0,0,0,0,0,0,,,,0,,,,,,,,,,,,,,,,,
478,Internal,179,416,84760,57,22.6,13.4,13,34,26,1,3,17,0,0,0,0,0.0,12.913599964013054,0.0,9.174237372269943,0,0,0,0,0,0,0,0,0,0,0,0,,,,0,,,,,,,,,,,,,,,,,
479,Internal,98,209,84760,57,22.6,13.4,288,0,9,0,0,17,0,0,0,0,0.0,12.913599964013054,13.290628706998815,0.0,0,0,0,0,0,0,0,0,0,0,0,0,,,,0,,,,,,,,,,,,,,,,,
480,Internal,380,958,56384,57,23.0,29.8,0,14,26,25,6,17,0,0,0,0,0.0,40.893066552708,9.96797153024911,28.833317455705533,0,0,0,0,0,0,0,0,0,0,0,0,,,,0,,,,,,,,,,,,,,,,,
481,Internal,133,398,169583,51,21.6,24.8,0,39,65,0,0,22,0,0,0,0,0.0,0.0,6.6453143534994075,0.0,0,0,0,0,15,0,0,0,0,0,0,0,,,,0,,,,,,,,,,,,,,,,,
482,Internal,115,281,169583,51,21.6,24.8,1,116,99,3,0,33,0,0,0,0,0.0,0.0,0.0,5.242421355582824,0,0,0,0,0,0,0,0,0,0,0,0,,,,0,,,,,,,,,,,,,,,,,
483,Internal,284,779,134402,51,24.1,15.9,28,18,78,13,1,61,0,0,0,0,0.0,40.893066552708,1.6613285883748519,0.0,0,0,0,0,0,0,0,0,0,0,0,0,,,,0,,,,,,,,,,,,,,,,,
484,Internal,486,1320,169583,51,21.6,24.8,39,146,169,1,86,62,0,0,0,0,0.0,66.72026648073411,16.613285883748517,0.0,0,0,0,0,0,0,0,0,0,0,0,0,,,,0,,,,,,,,,,,,,,,,,
485,Internal,417,969,134402,51,24.1,15.9,0,32,155,3,45,15,0,0,0,0,0.0,53.80666651672106,16.613285883748517,5.242421355582824,0,0,0,0,0,0,0,0,0,0,0,0,,,,0,,,,,,,,,,,,,,,,,
486,Internal,166,422,39080,34,24.1,15.1,44,36,133,40,1,40,0,0,0,0,0.0,0.0,0.0,9.174237372269943,0,0,0,0,0,0,0,0,0,0,0,0,,,,0,,,,,,,,,,,,,,,,,
487,Internal,770,1963,39080,34,24.1,15.1,450,108,82,21,2,33,0,0,0,0,0.0,0.0,0.0,56.356029572515354,0,0,0,0,0,0,0,0,0,0,0,0,,,,0,,,,,,,,,,,,,,,,,
488,Internal,159,379,39080,34,24.1,15.1,872,238,359,196,1,53,0,0,0,0,0.0,0.0,0.0,0.0,0,0,0,0,0,0,0,0,0,0,0,0,,,,0,,,,,,,,,,,,,,,,,
489,Internal,81,152,39080,34,24.1,15.1,194,389,763,129,28,41,0,0,0,0,0.0,0.0,0.0,0.0,0,0,0,0,486,0,0,0,0,0,0,0,,,,0,,,,,,,,,,,,,,,,,
490,Internal,652,1561,32419,34,20.7,31.4,20,455,149,62,8,9,0,0,0,0,0.0,0.0,6.6453143534994075,43.249976183558296,0,0,0,0,3371,0,0,0,0,0,0,0,,,,0,,,,,,,,,,,,,,,,,
491,Internal,605,1514,41602,51,33.8,8.0,0,700,483,14,601,6,0,0,0,0,0.0,21.522666606688425,1.6613285883748519,23.59089610012271,0,0,0,0,41,0,0,0,0,0,0,0,,,,0,,,,,,,,,,,,,,,,,
492,Internal,208,564,36860,34,25.4,15.2,7,6,36,16,3,40,0,0,0,0,0.0,0.0,0.0,5.242421355582824,0,0,0,0,0,0,0,0,0,0,0,0,,,,0,,,,,,,,,,,,,,,,,
493,Internal,335,706,45809,51,25.4,7.4,802,87,175,39,46,24,0,0,0,0,0.0,0.0,1.6613285883748519,9.174237372269943,0,0,0,0,0,0,0,0,0,0,0,0,,,,0,,,,,,,,,,,,,,,,,
494,Internal,591,1330,45809,51,25.4,7.4,12,90,24,152,17,29,0,0,0,0,0.0,34.43626657070148,24.919928825622776,32.76513347239265,0,0,0,0,0,0,0,0,0,0,0,0,,,,0,,,,,,,,,,,,,,,,,
495,Internal,663,1607,63667,50,31.3,10.3,115,14,142,7,1,37,0,0,0,0,0.0,81.786133105416,9.96797153024911,62.90905626699389,0,0,0,0,0,0,0,0,0,0,0,0,,,,0,,,,,,,,,,,,,,,,,
496,Internal,933,2046,85966,50,24.5,4.0,43,73,375,60,41,31,0,0,0,0,0.0,66.72026648073411,1.6613285883748519,56.356029572515354,0,0,0,0,0,0,0,0,0,0,0,0,,,,0,,,,,,,,,,,,,,,,,
497,Internal,814,1689,45809,51,25.4,7.4,183,41,381,33,6,47,0,0,0,0,0.0,0.0,6.6453143534994075,99.60600575607364,0,0,0,0,0,0,0,0,0,0,0,0,,,,0,,,,,,,,,,,,,,,,,
498,Internal,723,1797,41602,51,33.8,8.0,14,81,232,30,286,12,0,0,0,0,0.0,79.63386644474717,48.1785290628707,94.36358440049084,0,0,0,0,0,0,0,0,0,0,0,0,,,,0,,,,,,,,,,,,,,,,,
499,Internal,973,2582,109194,50,23.3,13.6,7,81,282,4,0,22,0,0,0,0,0.0,215.22666606688423,41.53321470937129,70.77268830036812,0,0,0,0,0,0,0,0,0,0,0,0,,,,0,,,,,,,,,,,,,,,,,
500,Internal,247,638,109194,50,23.3,13.6,5,30,184,29,0,37,0,0,0,0,0.0,12.913599964013054,1.6613285883748519,32.76513347239265,0,0,0,0,0,0,0,0,0,0,0,0,,,,0,,,,,,,,,,,,,,,,,
501,Internal,420,846,87569,63,11.7,11.9,0,197,666,61,398,33,0,0,0,0,0.0,281.94693254761836,39.87188612099644,43.249976183558296,0,0,0,0,0,0,0,0,0,0,0,0,,,,0,,,,,,,,,,,,,,,,,
502,Internal,492,940,88788,60,21.5,9.2,0,3,7,0,4,27,0,0,0,0,0.0,443.36693209778156,44.855871886121,38.007554827975476,0,0,0,0,0,0,0,0,0,0,0,0,,,,0,,,,,,,,,,,,,,,,,
503,Internal,600,1682,88788,60,21.5,9.2,5,128,98,23,11,31,0,0,0,0,0.0,174.33359951417623,13.290628706998815,18.348474744539885,0,0,0,0,908,0,0,0,0,0,0,0,,,,0,,,,,,,,,,,,,,,,,
504,Internal,574,1332,88788,60,21.5,9.2,2,58,45,0,4,3,0,0,0,0,0.0,107.61333303344212,23.258600237247922,24.90150143901841,0,0,0,0,0,0,0,0,0,0,0,0,,,,0,,,,,,,,,,,,,,,,,
505,Internal,22,43,49632,54,7.4,22.6,6,0,0,0,0,58,0,0,0,0,0.0,0.0,0.0,0.0,0,0,0,0,0,0,0,0,0,0,0,0,,,,0,,,,,,,,,,,,,,,,,
506,Internal,596,1248,97464,54,21.0,18.6,4,307,246,119,105,26,0,0,0,0,0.0,107.61333303344212,0.0,0.0,0,0,0,0,0,0,0,0,0,0,0,0,,,,0,,,,,,,,,,,,,,,,,
507,Internal,83,174,97464,54,21.0,18.6,0,43,38,16,0,58,0,0,0,0,0.0,53.80666651672106,0.0,0.0,0,0,0,0,0,0,0,0,0,0,0,0,,,,0,,,,,,,,,,,,,,,,,
508,Internal,63,152,49632,54,7.4,22.6,10,5,12,0,0,58,0,0,0,0,0.0,25.827199928026108,0.0,5.242421355582824,0,0,0,0,0,0,0,0,0,0,0,0,,,,0,,,,,,,,,,,,,,,,,
509,Internal,484,1108,49632,54,7.4,22.6,0,68,797,18,1,58,0,0,0,0,0.0,187.2471994781893,0.0,0.0,0,0,0,0,0,0,0,0,0,0,0,0,,,,0,,,,,,,,,,,,,,,,,
510,Internal,448,843,49632,54,7.4,22.6,5,1079,2929,133,343,29,0,0,0,0,0.0,643.5277315399838,0.0,9.174237372269943,0,0,0,0,0,0,0,0,0,0,0,0,,,,0,,,,,,,,,,,,,,,,,
511,Internal,293,779,123160,58,28.5,8.6,0,207,187,67,85,11,0,0,0,0,0.0,79.63386644474717,0.0,0.0,0,0,0,0,0,0,0,0,0,0,0,0,,,,0,,,,,,,,,,,,,,,,,
512,Internal,598,1313,62909,54,2.7,20.1,17,218,302,83,66,36,0,0,0,0,0.0,53.80666651672106,0.0,14.416658727852766,0,0,0,0,0,0,0,0,0,0,0,0,,,,0,,,,,,,,,,,,,,,,,
513,Internal,362,564,62909,54,2.7,20.1,19,70,526,10,42,73,0,0,0,0,0.0,148.5063995861501,9.96797153024911,23.59089610012271,0,0,0,0,0,0,0,0,0,0,0,0,,,,0,,,,,,,,,,,,,,,,,
514,Internal,776,1582,62574,57,15.3,6.7,3,1031,1293,185,356,13,0,0,0,0,0.0,25.827199928026108,1.6613285883748519,9.174237372269943,0,0,0,0,0,0,0,0,0,0,0,0,,,,0,,,,,,,,,,,,,,,,,
515,Internal,163,302,62574,57,15.3,6.7,5,148,558,261,351,16,0,0,0,0,0.0,0.0,0.0,0.0,0,0,0,0,0,0,0,0,0,0,0,0,,,,0,,,,,,,,,,,,,,,,,
516,Internal,0,0,62909,54,2.7,20.1,0,524,413,50,10,58,0,0,0,0,0.0,0.0,0.0,0.0,0,0,0,0,0,0,0,0,0,0,0,0,,,,0,,,,,,,,,,,,,,,,,
517,Internal,731,1352,62574,57,15.3,6.7,46,33,144,45,122,33,0,0,0,0,0.0,402.47386554507347,24.919928825622776,43.249976183558296,0,0,0,0,0,0,0,0,0,0,0,0,,,,0,,,,,,,,,,,,,,,,,
518,Internal,510,974,62574,57,15.3,6.7,0,661,965,90,404,35,0,0,0,0,0.0,161.41999955016317,11.629300118623961,5.242421355582824,0,0,0,0,0,0,0,0,0,0,0,0,,,,0,,,,,,,,,,,,,,,,,
519,Internal,393,800,62574,57,15.3,6.7,5,913,1140,262,3600,12,0,0,0,0,0.0,0.0,0.0,0.0,0,0,0,0,0,0,0,0,0,0,0,0,,,,0,,,,,,,,,,,,,,,,,
520,Internal,182,396,62574,57,15.3,6.7,0,77,604,75,16,34,0,0,0,0,0.0,12.913599964013054,0.0,0.0,0,0,0,0,0,0,0,0,0,0,0,0,,,,0,,,,,,,,,,,,,,,,,
521,Internal,278,517,54110,56,25.0,11.2,0,27,486,7,2,27,0,0,0,0,0.0,43.04533321337685,3.3226571767497037,19.65908008343559,0,0,0,0,0,0,0,0,0,0,0,0,,,,0,,,,,,,,,,,,,,,,,
522,Internal,942,2086,73065,56,17.2,17.4,78,15,154,1,0,27,0,0,0,0,0.0,187.2471994781893,29.90391459074733,76.01510965595095,0,0,0,0,0,0,0,0,0,0,0,0,,,,0,,,,,,,,,,,,,,,,,
523,Internal,207,579,90284,57,37.7,11.7,0,72,41,3,1,16,0,0,0,0,0.0,0.0,0.0,9.174237372269943,0,0,0,0,0,0,0,0,0,0,0,0,,,,0,,,,,,,,,,,,,,,,,
524,Internal,1,2,90284,57,37.7,11.7,0,3,15,0,43,6,0,0,0,0,0.0,25.827199928026108,0.0,0.0,0,0,0,0,0,0,0,0,0,0,0,0,,,,0,,,,,,,,,,,,,,,,,
525,Internal,410,1103,90284,57,37.7,11.7,0,124,113,8,9,22,0,0,0,0,0.0,79.63386644474717,1.6613285883748519,32.76513347239265,0,0,0,0,0,0,0,0,0,0,0,0,,,,0,,,,,,,,,,,,,,,,,
526,Internal,71,165,42831,54,20.2,11.7,2,56,226,21,131,23,0,0,0,0,0.0,10.761333303344212,9.96797153024911,2.621210677791412,0,0,0,0,0,0,0,0,0,0,0,0,,,,0,,,,,,,,,,,,,,,,,
527,Internal,278,753,149261,58,22.1,9.2,27,1,12,0,0,41,0,0,0,0,0.0,94.69973306942907,1.6613285883748519,9.174237372269943,0,0,0,0,719,0,0,0,0,0,0,0,,,,0,,,,,,,,,,,,,,,,,
528,Internal,490,1385,149261,58,22.1,9.2,35,90,42,0,0,66,0,0,0,0,0.0,105.46106637277327,8.306642941874259,28.833317455705533,0,0,0,0,0,0,0,0,0,0,0,0,,,,0,,,,,,,,,,,,,,,,,
529,Internal,499,1311,149261,58,22.1,9.2,12,151,258,39,0,11,0,0,0,0,0.0,105.46106637277327,3.3226571767497037,9.174237372269943,0,0,0,0,57,0,0,0,0,0,0,0,,,,0,,,,,,,,,,,,,,,,,
530,Internal,153,342,123160,58,28.5,8.6,0,7,13,0,0,41,0,0,0,0,0.0,12.913599964013054,0.0,0.0,0,0,0,0,0,0,0,0,0,0,0,0,,,,0,,,,,,,,,,,,,,,,,
531,Internal,143,308,62574,57,15.3,6.7,0,384,94,2,0,16,0,0,0,0,0.0,10.761333303344212,6.6453143534994075,2.621210677791412,0,0,0,0,0,0,0,0,0,0,0,0,,,,0,,,,,,,,,,,,,,,,,
532,Internal,554,1426,149261,58,22.1,9.2,7,230,502,7,1,41,0,0,0,0,0.0,107.61333303344212,0.0,5.242421355582824,0,0,0,0,0,0,0,0,0,0,0,0,,,,0,,,,,,,,,,,,,,,,,
533,Internal,784,1791,68750,54,19.5,14.9,23,16,80,34,4,37,0,0,0,0,0.0,159.26773288949434,11.629300118623961,26.21210677791412,0,0,0,0,0,0,0,0,0,0,0,0,,,,0,,,,,,,,,,,,,,,,,
534,Internal,392,1042,82303,54,15.8,17.1,4,110,322,17,49,34,0,0,0,0,0.0,53.80666651672106,0.0,5.242421355582824,0,0,0,0,833,0,0,0,0,0,0,0,,,,0,,,,,,,,,,,,,,,,,
535,Internal,0,0,55727,56,28.3,7.9,2,20,128,30,8,35,0,0,0,0,0.0,0.0,0.0,0.0,0,0,0,0,0,0,0,0,0,0,0,0,,,,0,,,,,,,,,,,,,,,,,
536,Internal,501,1269,83583,54,22.8,11.5,18,31,5,0,6,37,0,0,0,0,0.0,94.69973306942907,1.6613285883748519,32.76513347239265,0,0,0,0,0,0,0,0,0,0,0,0,,,,0,,,,,,,,,,,,,,,,,
537,Internal,650,1122,42163,56,8.9,9.8,0,10,210,1,78,44,0,0,0,0,0.0,165.72453287150086,6.6453143534994075,39.31816016687118,0,0,0,0,0,0,0,0,0,0,0,0,,,,0,,,,,,,,,,,,,,,,,
538,Internal,88,192,55727,56,28.3,7.9,48,507,727,75,328,41,0,0,0,0,0.0,94.69973306942907,0.0,0.0,0,0,0,0,961,0,0,0,0,0,0,0,,,,0,,,,,,,,,,,,,,,,,
539,Internal,609,1325,55727,56,28.3,7.9,5,5,22,0,0,16,0,0,0,0,0.0,144.20186626481242,29.90391459074733,26.21210677791412,0,0,0,0,0,0,0,0,0,0,0,0,,,,0,,,,,,,,,,,,,,,,,
540,Internal,323,508,55727,56,28.3,7.9,688,2232,1573,187,194,76,0,0,0,0,0.0,25.827199928026108,28.24258600237248,18.348474744539885,0,0,0,0,7338,0,0,0,0,0,0,0,,,,0,,,,,,,,,,,,,,,,,
541,Internal,46,135,76667,56,6.9,17.9,493,442,904,80,105,55,0,0,0,0,0.0,0.0,4.983985765124555,0.0,0,0,0,0,0,0,0,0,0,0,0,0,,,,0,,,,,,,,,,,,,,,,,
542,Internal,90,199,76667,56,6.9,17.9,1937,255,170,11,68,69,0,0,0,0,0.0,0.0,0.0,0.0,0,0,0,0,0,0,0,0,0,0,0,0,,,,0,,,,,,,,,,,,,,,,,
543,Internal,106,259,76667,56,6.9,17.9,166,228,290,35,7,94,0,0,0,0,0.0,0.0,0.0,0.0,0,0,0,0,0,0,0,0,0,0,0,0,,,,0,,,,,,,,,,,,,,,,,
544,Internal,135,362,76667,56,6.9,17.9,9,19,46,9,6,38,0,0,0,0,0.0,0.0,0.0,9.174237372269943,0,0,0,0,0,0,0,0,0,0,0,0,,,,0,,,,,,,,,,,,,,,,,
545,Internal,538,1301,47888,54,21.9,3.9,187,822,754,24,1,15,0,0,0,0,0.0,0.0,0.0,0.0,0,0,0,0,0,0,0,0,0,0,0,0,,,,0,,,,,,,,,,,,,,,,,
546,Internal,815,2014,76667,56,6.9,17.9,715,9,83,1,0,34,0,0,0,0,0.0,0.0,6.6453143534994075,28.833317455705533,0,0,0,0,0,0,0,0,0,0,0,0,,,,0,,,,,,,,,,,,,,,,,
547,Internal,37,68,76667,56,6.9,17.9,315,379,87,0,0,31,0,0,0,0,0.0,0.0,0.0,0.0,0,0,0,0,0,0,0,0,0,0,0,0,,,,0,,,,,,,,,,,,,,,,,
548,Internal,483,1262,76667,56,6.9,17.9,154,70,258,2,19,67,0,0,0,0,0.0,0.0,1.6613285883748519,23.59089610012271,0,0,0,0,0,0,0,0,0,0,0,0,,,,0,,,,,,,,,,,,,,,,,
549,Internal,134,328,76667,56,6.9,17.9,268,282,179,0,0,43,0,0,0,0,0.0,0.0,0.0,0.0,0,0,0,0,0,0,0,0,0,0,0,0,,,,0,,,,,,,,,,,,,,,,,
550,Internal,12,32,76667,56,6.9,17.9,551,57,41,0,4,26,0,0,0,0,0.0,0.0,0.0,0.0,0,0,0,0,0,0,0,0,0,0,0,0,,,,0,,,,,,,,,,,,,,,,,
551,Internal,0,0,55727,56,28.3,7.9,0,134,270,73,30,12,0,0,0,0,0.0,0.0,0.0,0.0,0,0,0,0,0,0,0,0,0,0,0,0,,,,0,,,,,,,,,,,,,,,,,
552,Internal,12,27,55727,56,28.3,7.9,3669,24,15,0,0,67,0,0,0,0,0.0,0.0,0.0,0.0,0,0,0,0,0,0,0,0,0,0,0,0,,,,0,,,,,,,,,,,,,,,,,
553,Internal,833,1756,55727,56,28.3,7.9,44,144,324,0,0,94,0,0,0,0,0.0,0.0,0.0,43.249976183558296,0,0,0,0,0,0,0,0,0,0,0,0,,,,0,,,,,,,,,,,,,,,,,
554,Internal,34,86,58190,50,22.0,12.0,397,331,740,3,0,94,0,0,0,0,0.0,0.0,0.0,0.0,0,0,0,0,1,0,0,0,0,0,0,0,,,,0,,,,,,,,,,,,,,,,,
555,Internal,96,117,55727,56,28.3,7.9,38,10,74,0,19,34,0,0,0,0,0.0,0.0,1.6613285883748519,0.0,0,0,0,0,0,0,0,0,0,0,0,0,,,,0,,,,,,,,,,,,,,,,,
556,Internal,38,88,55727,56,28.3,7.9,16,161,549,40,318,18,0,0,0,0,0.0,0.0,0.0,0.0,0,0,0,0,0,0,0,0,0,0,0,0,,,,0,,,,,,,,,,,,,,,,,
557,Internal,27,74,55727,56,28.3,7.9,843,144,588,24,3,67,0,0,0,0,0.0,0.0,0.0,0.0,0,0,0,0,0,0,0,0,0,0,0,0,,,,0,,,,,,,,,,,,,,,,,
558,Internal,128,188,55727,56,28.3,7.9,35,215,646,87,390,33,0,0,0,0,0.0,0.0,0.0,0.0,0,0,0,0,0,0,0,0,0,0,0,0,,,,0,,,,,,,,,,,,,,,,,
559,Internal,155,348,58190,50,22.0,12.0,7,212,932,241,1,59,0,0,0,0,0.0,12.913599964013054,0.0,0.0,0,0,0,0,0,0,0,0,0,0,0,0,,,,0,,,,,,,,,,,,,,,,,
560,Internal,55,133,55727,56,28.3,7.9,1192,503,700,6,47,61,0,0,0,0,0.0,0.0,0.0,0.0,0,0,0,0,796,0,0,0,0,0,0,0,,,,0,,,,,,,,,,,,,,,,,
561,Internal,1039,1964,58190,50,22.0,12.0,0,3105,484,468,221,89,0,0,0,0,0.0,0.0,0.0,0.0,0,0,0,0,0,0,0,0,0,0,0,0,,,,0,,,,,,,,,,,,,,,,,
562,Internal,471,1021,58190,50,22.0,12.0,188,783,766,143,49,73,0,0,0,0,0.0,0.0,4.983985765124555,14.416658727852766,0,0,0,0,0,0,0,0,0,0,0,0,,,,0,,,,,,,,,,,,,,,,,
563,Internal,58,146,58190,50,22.0,12.0,75,1730,692,89,42,83,0,0,0,0,0.0,0.0,0.0,5.242421355582824,0,0,0,0,0,0,0,0,0,0,0,0,,,,0,,,,,,,,,,,,,,,,,
564,Internal,320,734,58190,50,22.0,12.0,0,2928,877,32,19,86,0,0,0,0,0.0,0.0,0.0,0.0,0,0,0,0,0,0,0,0,0,0,0,0,,,,0,,,,,,,,,,,,,,,,,
565,Internal,121,300,58190,50,22.0,12.0,0,816,568,9,0,95,0,0,0,0,0.0,0.0,0.0,0.0,0,0,0,0,0,0,0,0,0,0,0,0,,,,0,,,,,,,,,,,,,,,,,
566,Internal,59,137,76667,56,6.9,17.9,274,1100,1360,174,24,87,0,0,0,0,0.0,0.0,0.0,0.0,0,0,0,0,0,0,0,0,0,0,0,0,,,,0,,,,,,,,,,,,,,,,,
567,Internal,181,454,58190,50,22.0,12.0,0,1186,606,81,1,90,0,0,0,0,0.0,0.0,0.0,0.0,0,0,0,0,1071,0,0,0,0,0,0,0,,,,0,,,,,,,,,,,,,,,,,
568,Internal,54,118,58190,50,22.0,12.0,170,8926,1846,125,76,81,0,0,0,0,0.0,0.0,0.0,0.0,0,0,0,0,0,0,0,0,0,0,0,0,,,,0,,,,,,,,,,,,,,,,,
569,Internal,25,60,58190,50,22.0,12.0,30,240,662,2,0,93,0,0,0,0,0.0,0.0,0.0,0.0,0,0,0,0,0,0,0,0,0,0,0,0,,,,0,,,,,,,,,,,,,,,,,
570,Internal,493,1190,58190,50,22.0,12.0,0,3548,1152,127,9,91,0,0,0,0,0.0,0.0,0.0,0.0,0,0,0,0,0,0,0,0,0,0,0,0,,,,0,,,,,,,,,,,,,,,,,
571,Internal,54,133,58190,50,22.0,12.0,0,175,121,8,2,0,0,0,0,0,0.0,0.0,0.0,0.0,0,0,0,0,0,0,0,0,0,0,0,0,,,,0,,,,,,,,,,,,,,,,,
572,Internal,712,1299,58190,50,22.0,12.0,0,668,468,90,1,69,0,0,0,0,0.0,0.0,9.96797153024911,32.76513347239265,0,0,0,0,0,0,0,0,0,0,0,0,,,,0,,,,,,,,,,,,,,,,,
573,Internal,350,782,58190,50,22.0,12.0,0,1713,388,96,132,83,0,0,0,0,0.0,0.0,0.0,0.0,0,0,0,0,0,0,0,0,0,0,0,0,,,,0,,,,,,,,,,,,,,,,,
574,Internal,272,614,77485,72,9.3,3.6,123,445,422,37,0,91,0,0,0,0,0.0,0.0,0.0,0.0,0,0,0,0,0,0,0,0,0,0,0,0,,,,0,,,,,,,,,,,,,,,,,
575,Internal,684,1384,58190,50,22.0,12.0,0,3606,855,281,344,83,0,0,0,0,0.0,0.0,0.0,0.0,0,0,0,0,0,0,0,0,0,0,0,0,,,,0,,,,,,,,,,,,,,,,,
576,Internal,472,1047,58190,50,22.0,12.0,0,2613,569,227,107,87,0,0,0,0,0.0,0.0,0.0,0.0,0,0,0,0,816,0,0,0,0,0,0,0,,,,0,,,,,,,,,,,,,,,,,
577,Internal,1271,2372,77485,72,9.3,3.6,0,768,486,124,109,24,0,0,0,0,0.0,0.0,0.0,5.242421355582824,0,0,0,0,0,0,0,0,0,0,0,0,,,,0,,,,,,,,,,,,,,,,,
578,Internal,148,367,58190,50,22.0,12.0,10,6931,424,10,3,61,0,0,0,0,0.0,0.0,0.0,0.0,0,0,0,0,0,0,0,0,0,0,0,0,,,,0,,,,,,,,,,,,,,,,,
579,Internal,20,51,55727,56,28.3,7.9,0,916,50,0,0,97,0,0,0,0,0.0,0.0,0.0,0.0,0,0,0,0,0,0,0,0,0,0,0,0,,,,0,,,,,,,,,,,,,,,,,
580,Internal,639,1262,52404,72,17.7,5.1,201,0,153,0,71,69,0,0,0,0,0.0,0.0,0.0,15.727264066748473,0,0,0,0,0,0,0,0,0,0,0,0,,,,0,,,,,,,,,,,,,,,,,
581,Internal,1044,2217,103304,72,18.4,8.9,73,9,50,2,0,69,0,0,0,0,0.0,0.0,0.0,0.0,0,0,0,0,0,0,0,0,0,0,0,0,,,,0,,,,,,,,,,,,,,,,,
582,Internal,431,1138,103304,72,18.4,8.9,65,112,46,3,12,41,0,0,0,0,0.0,0.0,4.983985765124555,43.249976183558296,0,0,0,0,0,0,0,0,0,0,0,0,,,,0,,,,,,,,,,,,,,,,,
583,Internal,390,917,42831,54,20.2,11.7,19,77,361,31,185,23,0,0,0,0,0.0,68.87253314140295,56.48517200474496,13.10605338895706,0,0,0,0,0,0,0,0,0,0,0,0,,,,0,,,,,,,,,,,,,,,,,
584,Internal,149,294,103304,72,18.4,8.9,705,330,57,0,90,66,0,0,0,0,0.0,0.0,0.0,0.0,0,0,0,0,76,0,0,0,0,0,0,0,,,,0,,,,,,,,,,,,,,,,,
585,Internal,1,3,103304,72,18.4,8.9,1657,1457,159,1,0,85,0,0,0,0,0.0,0.0,0.0,0.0,0,0,0,0,0,0,0,0,0,0,0,0,,,,0,,,,,,,,,,,,,,,,,
586,Internal,569,1035,103304,72,18.4,8.9,2373,980,2,0,0,70,0,0,0,0,0.0,0.0,0.0,0.0,0,0,0,0,0,0,0,0,0,0,0,0,,,,0,,,,,,,,,,,,,,,,,
587,Internal,364,746,77485,72,9.3,3.6,319,186,149,139,55,49,0,0,0,0,0.0,0.0,4.983985765124555,9.174237372269943,0,0,0,0,465,0,0,0,0,0,0,0,,,,0,,,,,,,,,,,,,,,,,
588,Internal,450,953,77485,72,9.3,3.6,1,1395,965,291,131,70,0,0,0,0,0.0,0.0,0.0,0.0,0,0,0,0,0,0,0,0,0,0,0,0,,,,0,,,,,,,,,,,,,,,,,
589,Internal,98,199,77485,72,9.3,3.6,183,160,471,16,36,69,0,0,0,0,0.0,0.0,0.0,0.0,0,0,0,0,0,0,0,0,0,0,0,0,,,,0,,,,,,,,,,,,,,,,,
590,Internal,50,125,77485,72,9.3,3.6,0,110,422,443,80,61,0,0,0,0,0.0,0.0,0.0,0.0,0,0,0,0,0,0,0,0,0,0,0,0,,,,0,,,,,,,,,,,,,,,,,
591,Internal,125,223,77485,72,9.3,3.6,0,574,59,0,0,69,0,0,0,0,0.0,0.0,0.0,0.0,0,0,0,0,0,0,0,0,0,0,0,0,,,,0,,,,,,,,,,,,,,,,,
592,Internal,128,269,77485,72,9.3,3.6,0,202,165,80,260,9,0,0,0,0,0.0,0.0,0.0,0.0,0,0,0,0,0,0,0,0,0,0,0,0,,,,0,,,,,,,,,,,,,,,,,
593,Internal,86,196,77485,72,9.3,3.6,0,112,150,6,51,39,0,0,0,0,0.0,0.0,0.0,0.0,0,0,0,0,0,0,0,0,0,0,0,0,,,,0,,,,,,,,,,,,,,,,,
594,Internal,733,1344,77485,72,9.3,3.6,216,43,452,6,2,69,0,0,0,0,0.0,0.0,0.0,18.348474744539885,0,0,0,0,0,0,0,0,0,0,0,0,,,,0,,,,,,,,,,,,,,,,,
595,Internal,1420,2898,77485,72,9.3,3.6,0,398,381,2,0,36,0,0,0,0,0.0,0.0,0.0,43.249976183558296,0,0,0,0,0,0,0,0,0,0,0,0,,,,0,,,,,,,,,,,,,,,,,
596,Internal,29,58,77485,72,9.3,3.6,546,1171,823,134,26,76,0,0,0,0,0.0,0.0,0.0,0.0,0,0,0,0,0,0,0,0,0,0,0,0,,,,0,,,,,,,,,,,,,,,,,
597,Internal,4,8,77485,72,9.3,3.6,24,197,938,118,46,78,0,0,0,0,0.0,0.0,0.0,0.0,0,0,0,0,0,0,0,0,0,0,0,0,,,,0,,,,,,,,,,,,,,,,,
598,Internal,142,281,73304,44,2.5,47.9,0,105,107,44,74,32,0,0,0,0,0.0,0.0,0.0,0.0,0,0,0,0,0,0,0,0,0,0,0,0,,,,0,,,,,,,,,,,,,,,,,
599,Internal,150,305,73304,44,2.5,47.9,41,235,713,97,115,34,0,0,0,0,0.0,0.0,0.0,0.0,0,0,0,0,0,0,0,0,0,0,0,0,,,,0,,,,,,,,,,,,,,,,,
600,Internal,574,1436,37656,44,34.1,2.5,8,181,271,10,13,42,0,0,0,0,0.0,0.0,16.613285883748517,47.18179220024542,0,0,0,0,103,0,0,0,0,0,0,0,,,,0,,,,,,,,,,,,,,,,,
601,Internal,99,233,37656,44,34.1,2.5,0,123,48,28,3,34,0,0,0,0,0.0,12.913599964013054,0.0,0.0,0,0,0,0,943,0,0,0,0,0,0,0,,,,0,,,,,,,,,,,,,,,,,
602,Internal,354,881,37656,44,34.1,2.5,38,47,295,24,131,26,0,0,0,0,0.0,107.61333303344212,18.27461447212337,14.416658727852766,0,0,0,0,0,0,0,0,0,0,0,0,,,,0,,,,,,,,,,,,,,,,,
603,Internal,378,698,73304,44,2.5,47.9,10,505,179,78,25,66,0,0,0,0,0.0,0.0,0.0,0.0,0,0,0,0,0,0,0,0,0,0,0,0,,,,0,,,,,,,,,,,,,,,,,
604,Internal,502,778,73304,44,2.5,47.9,0,278,546,96,48,30,0,0,0,0,0.0,25.827199928026108,255.84460260972716,5.242421355582824,0,0,0,0,0,0,0,0,0,0,0,0,,,,0,,,,,,,,,,,,,,,,,
605,Internal,354,890,38250,44,22.9,6.4,8,533,718,117,160,47,0,0,0,0,0.0,0.0,0.0,9.174237372269943,0,0,0,0,0,0,0,0,0,0,0,0,,,,0,,,,,,,,,,,,,,,,,
606,Internal,321,690,38250,44,22.9,6.4,110,981,731,200,187,49,0,0,0,0,0.0,0.0,117.95432977461448,0.0,0,0,0,0,0,0,0,0,0,0,0,0,,,,0,,,,,,,,,,,,,,,,,
607,Internal,1365,2671,38250,44,22.9,6.4,44,1150,989,164,106,49,0,0,0,0,0.0,94.69973306942907,338.9110320284698,61.59845092809818,0,0,0,0,0,0,0,0,0,0,0,0,,,,0,,,,,,,,,,,,,,,,,
608,Internal,506,1055,73304,44,2.5,47.9,0,613,596,132,935,11,0,0,0,0,0.0,0.0,0.0,0.0,0,0,0,0,0,0,0,0,0,0,0,0,,,,0,,,,,,,,,,,,,,,,,
609,Internal,87,192,38250,44,22.9,6.4,0,156,185,53,19,58,0,0,0,0,0.0,0.0,0.0,0.0,0,0,0,0,0,0,0,0,0,0,0,0,,,,0,,,,,,,,,,,,,,,,,
610,Internal,48,121,38854,54,16.0,2.5,18,75,331,9,25,40,0,0,0,0,0.0,0.0,0.0,0.0,0,0,0,0,0,0,0,0,0,0,0,0,,,,0,,,,,,,,,,,,,,,,,
611,Internal,665,1236,38854,54,16.0,2.5,2,78,152,6,0,17,0,0,0,0,0.0,53.80666651672106,204.34341637010678,40.628765505766886,0,0,0,0,0,0,0,0,0,0,0,0,,,,0,,,,,,,,,,,,,,,,,
612,Internal,882,1983,39625,54,26.0,4.8,14,3995,1224,189,529,65,0,0,0,0,0.0,53.80666651672106,9.96797153024911,18.348474744539885,0,0,0,0,0,0,0,0,0,0,0,0,,,,0,,,,,,,,,,,,,,,,,
613,Internal,364,653,38854,54,16.0,2.5,0,17,165,8,55,17,0,0,0,0,0.0,12.913599964013054,29.90391459074733,28.833317455705533,0,0,0,0,0,0,0,0,0,0,0,0,,,,0,,,,,,,,,,,,,,,,,
614,Internal,312,629,39625,54,26.0,4.8,73,359,639,149,101,30,0,0,0,0,0.0,0.0,0.0,0.0,0,0,0,0,0,0,0,0,0,0,0,0,,,,0,,,,,,,,,,,,,,,,,
615,Internal,471,1362,38854,54,16.0,2.5,22,160,139,20,19,27,0,0,0,0,0.0,12.913599964013054,0.0,18.348474744539885,0,0,0,0,0,0,0,0,0,0,0,0,,,,0,,,,,,,,,,,,,,,,,
616,Internal,241,565,39625,54,26.0,4.8,0,377,737,112,284,15,0,0,0,0,0.0,12.913599964013054,9.96797153024911,28.833317455705533,0,0,0,0,0,0,0,0,0,0,0,0,,,,0,,,,,,,,,,,,,,,,,
617,Internal,429,1358,61788,50,15.8,17.7,26,96,8,1,0,28,0,0,0,0,0.0,66.72026648073411,11.629300118623961,5.242421355582824,0,0,0,0,771,0,0,0,0,0,0,0,,,,0,,,,,,,,,,,,,,,,,
618,Internal,364,690,61788,50,15.8,17.7,24,330,835,75,116,36,0,0,0,0,0.0,27.979466588694947,91.37307236061685,10.484842711165648,0,0,0,0,271,0,0,0,0,0,0,0,,,,0,,,,,,,,,,,,,,,,,
619,Internal,34,108,138125,50,28.6,11.2,17,62,45,0,0,52,0,0,0,0,0.0,12.913599964013054,1.6613285883748519,0.0,0,0,10,0,622,0,0,0,4,0,0,200,0,0,40,0,,,,,,,,,,,,,,,,,
620,Internal,58,139,138125,50,28.6,11.2,1,2,0,0,0,28,0,0,0,0,0.0,0.0,0.0,0.0,0,0,0,0,0,0,0,0,0,0,0,0,,,,0,,,,,,,,,,,,,,,,,
621,Internal,269,683,138125,50,28.6,11.2,4,83,71,1,0,38,0,0,0,0,0.0,53.80666651672106,1.6613285883748519,5.242421355582824,0,0,0,0,251,0,0,0,0,0,0,0,,,,0,,,,,,,,,,,,,,,,,
622,Internal,507,1462,138125,50,28.6,11.2,6,6,33,0,0,52,0,0,0,0,0.0,53.80666651672106,9.96797153024911,23.59089610012271,0,0,0,0,81,0,0,0,0,0,0,0,,,,0,,,,,,,,,,,,,,,,,
623,Internal,153,340,138125,50,28.6,11.2,0,116,152,0,1,27,0,0,0,0,0.0,0.0,4.983985765124555,5.242421355582824,0,0,0,0,1122,0,0,0,0,0,0,0,,,,0,,,,,,,,,,,,,,,,,
624,Internal,73,195,138125,50,28.6,11.2,5,0,1,12,0,28,0,0,0,0,0.0,12.913599964013054,0.0,0.0,0,0,0,0,0,0,0,0,0,0,0,0,,,,0,,,,,,,,,,,,,,,,,
625,Internal,8,15,61788,50,15.8,17.7,0,7,33,0,3,28,0,0,0,0,0.0,0.0,0.0,0.0,0,0,0,0,0,0,0,0,0,0,0,0,,,,0,,,,,,,,,,,,,,,,,
626,Internal,87,164,61788,50,15.8,17.7,1,532,902,131,937,12,0,0,0,0,0.0,0.0,0.0,0.0,0,0,0,0,0,0,0,0,0,0,0,0,,,,0,,,,,,,,,,,,,,,,,
627,Internal,388,660,61788,50,15.8,17.7,10,977,1116,608,302,24,0,0,0,0,0.0,133.44053296146822,33.226571767497035,0.0,0,0,0,0,0,0,0,0,0,0,0,0,,,,0,,,,,,,,,,,,,,,,,
628,Internal,601,1299,80540,50,16.9,28.0,22,201,222,1,2,52,0,0,0,0,0.0,66.72026648073411,79.74377224199289,9.174237372269943,0,0,0,0,1845,0,0,0,0,0,0,0,,,,0,,,,,,,,,,,,,,,,,
629,Internal,43,142,73304,44,2.5,47.9,0,18,22,1,0,19,0,0,0,0,0.0,0.0,4.983985765124555,0.0,0,0,0,0,0,0,0,0,0,0,0,0,,,,0,,,,,,,,,,,,,,,,,
630,Internal,253,623,80540,50,16.9,28.0,222,88,31,25,2,34,0,0,0,0,0.0,40.893066552708,41.53321470937129,5.242421355582824,0,0,0,0,551,0,0,0,0,0,0,0,,,,0,,,,,,,,,,,,,,,,,
631,Internal,10,25,103971,54,12.4,40.1,0,1,17,0,0,34,0,0,0,0,0.0,0.0,0.0,0.0,0,0,0,0,0,0,0,0,0,0,0,0,,,,0,,,,,,,,,,,,,,,,,
632,Internal,382,613,103971,54,12.4,40.1,0,245,859,100,10,29,0,0,0,0,0.0,643.5277315399838,0.0,0.0,0,0,0,0,0,0,0,0,0,0,0,0,,,,0,,,,,,,,,,,,,,,,,
633,Internal,483,889,103971,54,12.4,40.1,6,656,2528,46,138,51,0,0,0,0,0.0,0.0,0.0,0.0,0,0,0,0,0,0,0,0,0,0,0,0,,,,0,,,,,,,,,,,,,,,,,
634,Internal,91,184,103971,54,12.4,40.1,0,246,394,353,475,14,0,0,0,0,0.0,0.0,0.0,0.0,0,0,0,0,0,0,0,0,0,0,0,0,,,,0,,,,,,,,,,,,,,,,,
635,Internal,91,250,103971,54,12.4,40.1,0,0,0,0,0,34,0,0,0,0,0.0,0.0,0.0,5.242421355582824,0,0,0,0,0,0,0,0,0,0,0,0,,,,0,,,,,,,,,,,,,,,,,
636,Internal,188,494,103971,54,12.4,40.1,1,4,49,0,0,24,0,0,0,0,0.0,0.0,0.0,0.0,0,0,0,0,0,0,0,0,0,0,0,0,,,,0,,,,,,,,,,,,,,,,,
637,Internal,191,452,103971,54,12.4,40.1,9,53,39,5,0,36,0,0,0,0,0.0,53.80666651672106,0.0,5.242421355582824,0,0,0,0,242,0,0,0,0,0,0,0,,,,0,,,,,,,,,,,,,,,,,
638,Internal,364,651,103971,54,12.4,40.1,1,183,325,21,58,62,0,0,0,0,0.0,40.893066552708,1.6613285883748519,9.174237372269943,0,0,0,0,0,0,0,0,0,0,0,0,,,,0,,,,,,,,,,,,,,,,,
639,Internal,777,1455,120486,54,14.0,15.4,7,1558,976,626,475,35,0,0,0,0,0.0,120.52693299745516,0.0,0.0,0,0,0,0,0,0,0,0,0,0,0,0,,,,0,,,,,,,,,,,,,,,,,
640,Internal,571,1049,120486,54,14.0,15.4,7,796,147,52,22,80,0,0,0,0,0.0,79.63386644474717,16.613285883748517,9.174237372269943,0,0,0,0,0,0,0,0,0,0,0,0,,,,0,,,,,,,,,,,,,,,,,
641,Internal,276,420,56793,54,12.6,10.5,0,3,148,0,54,34,0,0,0,0,0.0,25.827199928026108,48.1785290628707,23.59089610012271,0,0,0,0,0,0,0,0,0,0,0,0,,,,0,,,,,,,,,,,,,,,,,
642,Internal,909,1528,56793,54,12.6,10.5,0,722,768,342,370,7,0,0,0,0,0.0,161.41999955016317,157.82621589561091,5.242421355582824,0,0,0,0,0,0,0,0,0,0,0,0,,,,0,,,,,,,,,,,,,,,,,
643,Internal,263,729,120486,54,14.0,15.4,0,18,19,2,0,46,0,0,0,0,0.0,53.80666651672106,6.6453143534994075,9.174237372269943,0,0,0,0,0,0,0,0,0,0,0,0,,,,0,,,,,,,,,,,,,,,,,
644,Internal,461,886,56793,54,12.6,10.5,23,71,92,14,1,51,0,0,0,0,0.0,53.80666651672106,21.597271648873072,0.0,0,0,0,0,22,0,0,0,0,0,0,0,,,,0,,,,,,,,,,,,,,,,,
645,Internal,490,1292,120486,54,14.0,15.4,4,387,412,59,13,57,0,0,0,0,0.0,53.80666651672106,9.96797153024911,5.242421355582824,0,0,0,0,2794,0,0,0,0,0,0,0,,,,0,,,,,,,,,,,,,,,,,
646,Internal,128,392,120486,54,14.0,15.4,0,3,0,0,0,34,0,0,0,0,0.0,40.893066552708,1.6613285883748519,0.0,0,0,0,0,0,0,0,0,0,0,0,0,,,,0,,,,,,,,,,,,,,,,,
647,Internal,140,255,56793,54,12.6,10.5,0,9,46,3,0,10,0,0,0,0,0.0,53.80666651672106,4.983985765124555,0.0,0,0,0,0,0,0,0,0,0,0,0,0,,,,0,,,,,,,,,,,,,,,,,
648,Internal,214,592,56793,54,12.6,10.5,2,10,3,0,0,34,0,0,0,0,0.0,53.80666651672106,4.983985765124555,9.174237372269943,0,0,0,0,0,0,0,0,0,0,0,0,,,,0,,,,,,,,,,,,,,,,,
649,Internal,1134,2422,120486,54,14.0,15.4,0,387,1018,148,152,34,0,0,0,0,0.0,40.893066552708,0.0,0.0,0,0,0,0,1845,0,0,0,0,0,0,0,,,,0,,,,,,,,,,,,,,,,,
650,Internal,300,612,56793,54,12.6,10.5,45,763,1169,264,649,34,0,0,0,0,0.0,0.0,16.613285883748517,0.0,0,0,0,0,0,0,0,0,0,0,0,0,,,,0,,,,,,,,,,,,,,,,,
651,Internal,1097,2177,56793,54,12.6,10.5,31,472,516,242,53,24,0,0,0,0,0.0,133.44053296146822,103.0023724792408,47.18179220024542,0,0,0,0,0,0,0,0,0,0,0,0,,,,0,,,,,,,,,,,,,,,,,
652,Internal,7,14,56793,54,12.6,10.5,0,127,13,0,0,34,0,0,0,0,0.0,12.913599964013054,0.0,5.242421355582824,0,0,0,0,1492,0,0,0,0,0,0,0,,,,0,,,,,,,,,,,,,,,,,
653,Internal,241,588,82463,49,14.1,29.1,3,27,36,13,6,80,0,0,0,0,0.0,0.0,0.0,0.0,0,0,0,0,0,0,0,0,0,0,0,0,,,,0,,,,,,,,,,,,,,,,,
654,Internal,28,63,82463,49,14.1,29.1,0,2,0,0,0,80,0,0,0,0,0.0,0.0,0.0,0.0,0,0,0,0,0,0,0,0,0,0,0,0,,,,0,,,,,,,,,,,,,,,,,
655,Internal,132,363,82463,49,14.1,29.1,21,13,0,0,0,13,0,0,0,0,0.0,0.0,0.0,0.0,0,0,0,0,0,0,0,0,0,0,0,0,,,,0,,,,,,,,,,,,,,,,,
656,Internal,270,683,82463,49,14.1,29.1,2,51,201,0,8,13,0,0,0,0,0.0,0.0,6.6453143534994075,5.242421355582824,0,0,0,0,0,0,0,0,0,0,0,0,,,,0,,,,,,,,,,,,,,,,,
657,Internal,300,744,82463,49,14.1,29.1,419,42,33,0,0,87,0,0,0,0,0.0,0.0,6.6453143534994075,0.0,0,0,0,0,0,0,0,0,0,0,0,0,,,,0,,,,,,,,,,,,,,,,,
658,Internal,0,0,82463,49,14.1,29.1,941,0,53,0,0,86,0,0,0,0,0.0,0.0,0.0,0.0,0,0,0,0,0,0,0,0,0,0,0,0,,,,0,,,,,,,,,,,,,,,,,
659,Internal,3,3,82463,49,14.1,29.1,600,10,3,1,0,93,0,0,0,0,0.0,0.0,0.0,0.0,0,0,0,0,0,0,0,0,0,0,0,0,,,,0,,,,,,,,,,,,,,,,,
660,Internal,113,281,87681,49,21.1,12.5,1,5,0,0,29,19,0,0,0,0,0.0,0.0,0.0,0.0,0,0,0,0,0,0,0,0,0,0,0,0,,,,0,,,,,,,,,,,,,,,,,
661,Internal,129,270,87681,49,21.1,12.5,0,8,0,0,0,80,0,0,0,0,0.0,0.0,0.0,0.0,0,0,0,0,0,0,0,0,0,0,0,0,,,,0,,,,,,,,,,,,,,,,,
662,Internal,174,431,87681,49,21.1,12.5,0,14,0,0,4,80,0,0,0,0,0.0,0.0,0.0,0.0,0,0,0,0,0,0,0,0,0,0,0,0,,,,0,,,,,,,,,,,,,,,,,
663,Internal,116,259,87681,49,21.1,12.5,3,25,932,3,7,80,0,0,0,0,0.0,0.0,0.0,0.0,0,0,0,0,0,0,0,0,0,0,0,0,,,,0,,,,,,,,,,,,,,,,,
664,Internal,7,14,87681,49,21.1,12.5,0,4,0,0,0,80,0,0,0,0,0.0,0.0,0.0,0.0,0,0,0,0,0,0,0,0,0,0,0,0,,,,0,,,,,,,,,,,,,,,,,
665,Internal,350,853,87681,49,21.1,12.5,2,29,71,2,2,28,0,0,0,0,0.0,0.0,0.0,0.0,0,0,0,0,480,0,0,0,0,0,0,0,,,,0,,,,,,,,,,,,,,,,,
666,Internal,327,855,74900,49,18.2,20.1,2,38,28,0,1,29,0,0,0,0,0.0,0.0,0.0,0.0,0,0,0,0,0,0,0,0,0,0,0,0,,,,0,,,,,,,,,,,,,,,,,
667,Internal,145,351,74900,49,18.2,20.1,4,6,82,7,5,29,0,0,0,0,0.0,0.0,0.0,0.0,0,0,0,0,0,0,0,0,0,0,0,0,,,,0,,,,,,,,,,,,,,,,,
668,Internal,114,254,74900,49,18.2,20.1,2,1,2,0,15,50,0,0,0,0,0.0,0.0,0.0,0.0,0,0,0,0,0,0,0,0,0,0,0,0,,,,0,,,,,,,,,,,,,,,,,
669,Internal,134,350,74900,49,18.2,20.1,0,8,6,0,1,80,0,0,0,0,0.0,0.0,0.0,0.0,0,0,0,0,0,0,0,0,0,0,0,0,,,,0,,,,,,,,,,,,,,,,,
670,Internal,102,256,74900,49,18.2,20.1,2,0,10,0,10,80,0,0,0,0,0.0,0.0,0.0,0.0,0,0,0,0,0,0,0,0,0,0,0,0,,,,0,,,,,,,,,,,,,,,,,
671,Internal,157,380,47841,43,22.8,12.8,29,80,7,0,3,17,0,0,0,0,0.0,0.0,0.0,0.0,0,0,0,0,1122,0,0,0,0,0,0,0,,,,0,,,,,,,,,,,,,,,,,
672,Internal,145,351,54563,42,24.1,16.3,0,0,2,0,0,26,0,0,0,0,0.0,0.0,0.0,0.0,0,0,0,0,0,0,0,0,0,0,0,0,,,,0,,,,,,,,,,,,,,,,,
673,Internal,161,362,54563,42,24.1,16.3,0,2,89,0,0,29,0,0,0,0,0.0,0.0,0.0,0.0,0,0,0,0,0,0,0,0,0,0,0,0,,,,0,,,,,,,,,,,,,,,,,
674,Internal,135,332,54563,42,24.1,16.3,10,0,1,0,5,26,0,0,0,0,0.0,0.0,0.0,0.0,0,0,0,0,0,0,0,0,0,0,0,0,,,,0,,,,,,,,,,,,,,,,,
675,Internal,26,61,54563,42,24.1,16.3,0,85,2,0,0,37,0,0,0,0,0.0,0.0,0.0,0.0,0,0,0,0,1113,0,0,0,0,0,0,0,,,,0,,,,,,,,,,,,,,,,,
676,Internal,143,410,54563,42,24.1,16.3,22,63,220,29,10,32,0,0,0,0,0.0,0.0,0.0,0.0,0,0,0,0,0,0,0,0,0,0,0,0,,,,0,,,,,,,,,,,,,,,,,
677,Internal,187,424,49515,42,17.1,27.8,6,2,22,0,20,26,0,0,0,0,0.0,0.0,0.0,0.0,0,0,0,0,0,0,0,0,0,0,0,0,,,,0,,,,,,,,,,,,,,,,,
678,Internal,109,268,49515,42,17.1,27.8,11,6,8,18,8,26,0,0,0,0,0.0,0.0,0.0,0.0,0,0,0,0,0,0,0,0,0,0,0,0,,,,0,,,,,,,,,,,,,,,,,
679,Internal,149,345,49515,42,17.1,27.8,3,5,4,0,2,26,0,0,0,0,0.0,0.0,0.0,0.0,0,0,0,0,0,0,0,0,0,0,0,0,,,,0,,,,,,,,,,,,,,,,,
680,Internal,140,371,49515,42,17.1,27.8,21,51,305,20,26,39,0,0,0,0,0.0,0.0,0.0,0.0,0,0,0,0,980,0,0,0,0,0,0,0,,,,0,,,,,,,,,,,,,,,,,
681,Internal,117,283,49515,42,17.1,27.8,0,0,8,0,0,13,0,0,0,0,0.0,0.0,0.0,0.0,0,0,0,0,0,0,0,0,0,0,0,0,,,,0,,,,,,,,,,,,,,,,,
682,Internal,297,722,49515,42,17.1,27.8,2,7,21,0,0,23,0,0,0,0,0.0,0.0,0.0,0.0,0,0,0,0,0,0,0,0,0,0,0,0,,,,0,,,,,,,,,,,,,,,,,
683,Internal,131,328,47946,42,25.7,18.8,9,5,6,0,100,26,0,0,0,0,0.0,0.0,0.0,0.0,0,0,0,0,558,0,0,0,0,0,0,0,,,,0,,,,,,,,,,,,,,,,,
684,Internal,264,625,47946,42,25.7,18.8,319,299,813,117,167,24,0,0,0,0,0.0,0.0,0.0,0.0,0,0,0,0,0,0,0,0,0,0,0,0,,,,0,,,,,,,,,,,,,,,,,
685,Internal,200,556,47946,42,25.7,18.8,0,13,28,0,5,26,0,0,0,0,0.0,0.0,0.0,0.0,0,0,0,0,0,0,0,0,0,0,0,0,,,,0,,,,,,,,,,,,,,,,,
686,Internal,52,96,47946,42,25.7,18.8,0,97,68,76,79,15,0,0,0,0,0.0,0.0,0.0,0.0,0,0,0,0,0,0,0,0,0,0,0,0,,,,0,,,,,,,,,,,,,,,,,
687,Internal,248,549,54563,42,24.1,16.3,117,83,269,71,167,24,0,0,0,0,0.0,0.0,0.0,0.0,0,0,0,0,0,0,0,0,0,0,0,0,,,,0,,,,,,,,,,,,,,,,,
688,Internal,124,298,20918,33,31.4,25.1,106,19,85,3,204,17,0,0,0,0,0.0,0.0,0.0,0.0,0,0,0,0,0,0,0,0,0,0,0,0,,,,0,,,,,,,,,,,,,,,,,
689,Internal,179,449,20918,33,31.4,25.1,195,18,166,1,18,16,0,0,0,0,0.0,0.0,0.0,0.0,0,0,0,0,392,0,0,0,0,0,0,0,,,,0,,,,,,,,,,,,,,,,,
690,Internal,337,889,20918,33,31.4,25.1,157,75,55,3,6,69,0,0,0,0,0.0,0.0,0.0,0.0,0,0,0,0,0,0,0,0,0,0,0,0,,,,0,,,,,,,,,,,,,,,,,
691,Internal,358,861,20918,33,31.4,25.1,102,451,15,10,35,44,0,0,0,0,0.0,0.0,0.0,0.0,0,0,0,0,0,0,0,0,0,0,0,0,,,,0,,,,,,,,,,,,,,,,,
692,Internal,41,138,20918,33,31.4,25.1,7,1,10,0,0,23,0,0,0,0,0.0,0.0,0.0,0.0,0,0,0,0,0,594,0,0,0,0,0,0,,,,0,,,,,,,,,,,,,,,,,
693,Internal,388,925,26759,33,20.3,24.0,35,13,220,0,2,32,0,0,0,0,0.0,0.0,0.0,0.0,0,0,0,0,0,0,0,0,0,0,0,0,,,,0,,,,,,,,,,,,,,,,,
694,Internal,36,73,26759,33,20.3,24.0,16,1,0,0,5,23,0,0,0,0,0.0,0.0,0.0,0.0,0,0,0,0,0,0,0,0,0,0,0,0,,,,0,,,,,,,,,,,,,,,,,
695,Internal,133,476,26759,33,20.3,24.0,26,22,60,0,31,15,0,0,0,0,0.0,0.0,0.0,0.0,0,0,0,0,0,0,0,0,0,0,0,0,,,,0,,,,,,,,,,,,,,,,,
696,Internal,152,288,26759,33,20.3,24.0,5,9,46,6,240,9,0,0,0,0,0.0,0.0,0.0,0.0,0,0,0,0,0,0,0,0,0,0,0,0,,,,0,,,,,,,,,,,,,,,,,
697,Internal,4,10,26759,33,20.3,24.0,0,92,1,0,0,23,0,0,0,0,0.0,0.0,0.0,0.0,0,0,0,0,967,0,0,0,0,0,0,0,,,,0,,,,,,,,,,,,,,,,,
698,Internal,492,1338,43625,41,22.4,15.9,219,9,8,0,23,6,0,0,0,0,0.0,0.0,0.0,0.0,0,0,0,0,0,0,0,0,0,0,0,0,,,,0,,,,,,,,,,,,,,,,,
699,Internal,471,1155,43625,41,22.4,15.9,10,23,3,0,0,18,0,0,0,0,0.0,0.0,0.0,0.0,0,0,0,0,0,0,0,0,0,0,0,0,,,,0,,,,,,,,,,,,,,,,,
700,Internal,420,1018,43625,41,22.4,15.9,0,3,1,0,0,10,0,0,0,0,0.0,0.0,0.0,0.0,0,0,0,0,0,0,0,0,0,0,0,0,,,,0,,,,,,,,,,,,,,,,,
701,Internal,807,2124,43625,41,22.4,15.9,8,35,153,31,2,12,0,0,0,0,0.0,0.0,0.0,0.0,0,0,0,0,0,0,0,0,0,0,0,0,,,,0,,,,,,,,,,,,,,,,,
702,Internal,264,603,41535,42,23.6,12.0,60,103,77,27,57,24,0,0,0,0,0.0,0.0,0.0,0.0,0,0,0,0,494,0,0,0,0,0,0,0,,,,0,,,,,,,,,,,,,,,,,
703,Internal,166,405,41535,42,23.6,12.0,0,1,12,7,2,62,0,0,0,0,0.0,0.0,0.0,0.0,0,0,0,0,0,0,0,0,0,0,0,0,,,,0,,,,,,,,,,,,,,,,,
704,Internal,130,328,34179,42,24.7,22.3,0,111,22,13,1,23,0,0,0,0,0.0,0.0,0.0,0.0,0,0,0,0,0,0,0,0,0,0,0,0,,,,0,,,,,,,,,,,,,,,,,
705,Internal,202,402,34179,42,24.7,22.3,12,10,7,2,2,18,0,0,0,0,0.0,0.0,0.0,0.0,0,0,0,0,0,0,0,0,0,0,0,0,,,,0,,,,,,,,,,,,,,,,,
706,Internal,193,476,41535,42,23.6,12.0,0,0,0,0,0,62,0,0,0,0,0.0,0.0,0.0,0.0,0,0,0,0,0,0,0,0,0,0,0,0,,,,0,,,,,,,,,,,,,,,,,
707,Internal,114,288,40495,42,12.9,31.7,13,0,3,0,0,62,0,0,0,0,0.0,0.0,0.0,0.0,0,0,0,0,0,0,0,0,0,0,0,0,,,,0,,,,,,,,,,,,,,,,,
708,Internal,857,2194,41535,42,23.6,12.0,21,24,19,0,7,44,0,0,0,0,0.0,0.0,0.0,0.0,0,0,0,0,0,0,0,0,0,0,0,0,,,,0,,,,,,,,,,,,,,,,,
709,Internal,88,188,41535,42,23.6,12.0,593,82,0,0,0,96,0,0,0,0,0.0,0.0,0.0,0.0,0,0,0,0,0,0,0,0,0,0,0,0,,,,0,,,,,,,,,,,,,,,,,
710,Internal,161,414,40495,42,12.9,31.7,68,10,1,0,1,41,0,0,0,0,0.0,0.0,0.0,0.0,0,0,0,0,0,0,0,0,0,0,0,0,,,,0,,,,,,,,,,,,,,,,,
711,Internal,74,204,40495,42,12.9,31.7,315,1,6,1,0,62,0,0,0,0,0.0,0.0,0.0,0.0,0,0,0,0,0,0,0,0,0,0,0,0,,,,0,,,,,,,,,,,,,,,,,
712,Internal,1442,3754,34179,42,24.7,22.3,0,70,175,15,8,50,0,0,0,0,0.0,0.0,0.0,0.0,0,0,0,0,2352,0,0,0,0,0,0,0,,,,0,,,,,,,,,,,,,,,,,
713,Internal,2866,7411,34179,42,24.7,22.3,6,16,1024,53,12,39,0,0,0,0,0.0,0.0,0.0,0.0,0,0,0,0,0,0,0,0,0,0,0,0,,,,0,,,,,,,,,,,,,,,,,
714,Internal,909,2338,34179,42,24.7,22.3,4,62,612,39,75,44,0,0,0,0,0.0,0.0,0.0,0.0,0,0,0,0,932,0,0,0,0,0,0,0,,,,0,,,,,,,,,,,,,,,,,
715,Internal,174,469,34179,42,24.7,22.3,32,4,0,0,5,62,0,0,0,0,0.0,0.0,0.0,0.0,0,0,0,0,0,0,0,0,0,0,0,0,,,,0,,,,,,,,,,,,,,,,,
716,Internal,1035,2756,91168,50,20.3,14.5,12,18,11,0,3,40,0,0,0,0,0.0,0.0,0.0,0.0,0,0,0,0,0,0,0,0,0,0,0,0,,,,0,,,,,,,,,,,,,,,,,
717,Internal,533,1433,68068,50,26.1,11.0,17,21,5,0,0,45,0,0,0,0,0.0,0.0,0.0,0.0,0,0,0,0,0,0,0,0,0,0,0,0,,,,0,,,,,,,,,,,,,,,,,
718,Internal,142,344,68068,50,26.1,11.0,287,82,180,72,19,26,0,0,0,0,0.0,0.0,0.0,0.0,0,0,0,0,0,0,0,0,0,0,0,0,,,,0,,,,,,,,,,,,,,,,,
719,Internal,279,743,68068,50,26.1,11.0,311,4,79,0,138,58,0,0,0,0,0.0,0.0,0.0,0.0,0,0,0,0,893,0,0,0,0,0,0,0,,,,0,,,,,,,,,,,,,,,,,
720,Internal,1403,3824,68068,50,26.1,11.0,48,38,45,2,2,39,0,0,0,0,0.0,0.0,0.0,0.0,0,0,0,0,0,0,0,0,0,0,0,0,,,,0,,,,,,,,,,,,,,,,,
721,Internal,236,605,91168,50,20.3,14.5,62,494,32,7,18,75,0,0,0,0,0.0,0.0,0.0,0.0,0,0,0,0,0,0,0,0,0,0,0,0,,,,0,,,,,,,,,,,,,,,,,
722,Internal,1109,3130,91168,50,20.3,14.5,31,56,61,4,37,20,0,0,0,0,0.0,0.0,0.0,0.0,0,0,0,0,0,0,0,0,0,0,0,0,,,,0,,,,,,,,,,,,,,,,,
723,Internal,1094,2849,74861,49,24.3,11.4,471,98,233,22,15,56,0,0,0,0,0.0,0.0,0.0,0.0,0,0,0,0,923,0,0,0,0,0,0,0,,,,0,,,,,,,,,,,,,,,,,
724,Internal,1095,2936,91168,50,20.3,14.5,0,72,28,9,9,45,0,0,0,0,0.0,0.0,0.0,0.0,0,0,0,0,335,0,0,0,0,0,0,0,,,,0,,,,,,,,,,,,,,,,,
725,Internal,556,1130,75078,49,26.7,9.9,432,119,254,32,47,50,0,0,0,0,0.0,0.0,0.0,0.0,0,0,0,0,0,0,0,0,0,0,0,0,,,,0,,,,,,,,,,,,,,,,,
726,Internal,1579,3938,91168,50,20.3,14.5,408,1162,489,142,94,31,0,0,0,0,0.0,0.0,0.0,0.0,0,0,0,0,0,0,0,0,0,0,0,0,,,,0,,,,,,,,,,,,,,,,,
727,Internal,380,981,91168,50,20.3,14.5,440,205,160,36,434,23,0,0,0,0,0.0,0.0,0.0,0.0,0,0,0,0,39,0,0,0,0,0,0,0,,,,0,,,,,,,,,,,,,,,,,
728,Internal,76,217,75078,49,26.7,9.9,164,0,33,0,0,54,0,0,0,0,0.0,0.0,0.0,0.0,0,0,0,0,0,0,0,0,0,0,0,0,,,,0,,,,,,,,,,,,,,,,,
729,Internal,1271,3464,78918,49,32.2,11.0,16,46,28,0,9,37,0,0,0,0,0.0,0.0,0.0,0.0,0,0,0,0,0,0,0,0,0,0,0,0,,,,0,,,,,,,,,,,,,,,,,
730,Internal,1712,4527,78918,49,32.2,11.0,6,63,45,5,10,22,0,0,0,0,0.0,0.0,0.0,0.0,0,0,0,0,0,0,0,0,0,0,0,0,,,,0,,,,,,,,,,,,,,,,,
731,Internal,2631,6570,75078,49,26.7,9.9,148,42,430,136,134,45,0,0,0,0,0.0,0.0,0.0,0.0,0,0,0,0,0,0,0,0,0,0,0,0,,,,0,,,,,,,,,,,,,,,,,
732,Internal,945,2550,75078,49,26.7,9.9,509,78,82,0,6,45,0,0,0,0,0.0,0.0,0.0,0.0,0,0,0,0,0,0,0,0,0,0,0,0,,,,0,,,,,,,,,,,,,,,,,
733,Internal,479,1306,75078,49,26.7,9.9,6,142,9,0,2,51,0,0,0,0,0.0,0.0,0.0,0.0,0,0,0,0,2054,0,0,0,0,0,0,0,,,,0,,,,,,,,,,,,,,,,,
734,Internal,412,1089,74861,49,24.3,11.4,53,7,3,0,5,45,0,0,0,0,0.0,0.0,0.0,0.0,0,0,0,0,0,0,0,0,0,0,0,0,,,,0,,,,,,,,,,,,,,,,,
735,Internal,1180,3084,74861,49,24.3,11.4,0,474,22,6,157,34,0,0,0,0,0.0,0.0,0.0,0.0,0,0,0,0,0,0,0,0,0,0,0,0,,,,0,,,,,,,,,,,,,,,,,
736,Internal,851,2175,74861,49,24.3,11.4,13,21,7,7,4,45,0,0,0,0,0.0,0.0,0.0,0.0,0,0,0,0,0,0,0,0,0,0,0,0,,,,0,,,,,,,,,,,,,,,,,
737,Internal,308,771,75078,49,26.7,9.9,81,3,100,14,78,14,0,0,0,0,0.0,0.0,0.0,0.0,0,0,0,0,0,0,0,0,0,0,0,0,,,,0,,,,,,,,,,,,,,,,,
738,Internal,274,665,74861,49,24.3,11.4,19,175,72,37,54,45,0,0,0,0,0.0,0.0,0.0,0.0,0,0,0,0,0,0,0,0,0,0,0,0,,,,0,,,,,,,,,,,,,,,,,
739,Internal,546,1508,75078,49,26.7,9.9,0,0,4,0,0,45,0,0,0,0,0.0,0.0,0.0,0.0,0,0,0,0,0,0,0,0,0,0,0,0,,,,0,,,,,,,,,,,,,,,,,
740,Internal,118,336,75078,49,26.7,9.9,20,326,6,0,0,46,0,0,0,0,0.0,0.0,0.0,0.0,0,0,0,0,0,0,0,0,0,0,0,0,,,,0,,,,,,,,,,,,,,,,,
741,Internal,950,2555,45305,45,30.6,13.3,16,101,8,16,0,37,0,0,0,0,0.0,0.0,0.0,0.0,0,0,0,0,923,0,0,0,0,0,0,0,,,,0,,,,,,,,,,,,,,,,,
742,Internal,326,822,45305,45,30.6,13.3,16,18,24,12,3,27,0,0,0,0,0.0,0.0,0.0,0.0,0,0,0,0,0,0,0,0,0,0,0,0,,,,0,,,,,,,,,,,,,,,,,
743,Internal,125,337,45305,45,30.6,13.3,22,3,9,0,8,27,0,0,0,0,0.0,0.0,0.0,0.0,0,0,0,0,0,0,0,0,0,0,0,0,,,,0,,,,,,,,,,,,,,,,,
744,Internal,202,512,45305,45,30.6,13.3,1,11,8,0,4,27,0,0,0,0,0.0,0.0,0.0,0.0,0,0,0,0,0,0,0,0,0,0,0,0,,,,0,,,,,,,,,,,,,,,,,
745,Internal,443,1131,63750,45,26.0,11.9,1,4,3,0,1,27,0,0,0,0,0.0,0.0,0.0,0.0,0,0,0,0,0,0,0,0,0,0,0,0,,,,0,,,,,,,,,,,,,,,,,
746,Internal,562,1443,59566,45,20.0,18.6,4,1,5,0,0,27,0,0,0,0,0.0,0.0,0.0,0.0,0,0,0,0,0,0,0,0,0,0,0,0,,,,0,,,,,,,,,,,,,,,,,
747,Internal,631,1669,63750,45,26.0,11.9,0,6,11,0,0,28,0,0,0,0,0.0,0.0,0.0,0.0,0,0,0,0,0,0,0,0,0,0,0,0,,,,0,,,,,,,,,,,,,,,,,
748,Internal,379,994,59566,45,20.0,18.6,2,29,5,0,0,27,0,0,0,0,0.0,0.0,0.0,0.0,0,0,0,0,0,0,0,0,0,0,0,0,,,,0,,,,,,,,,,,,,,,,,
749,Internal,303,836,63750,45,26.0,11.9,4,15,14,0,11,27,0,0,0,0,0.0,0.0,0.0,0.0,0,0,0,0,0,0,0,0,0,0,0,0,,,,0,,,,,,,,,,,,,,,,,
750,Internal,247,697,59566,45,20.0,18.6,4,3,5,0,1,27,0,0,0,0,0.0,0.0,0.0,0.0,0,0,0,0,0,0,0,0,0,0,0,0,,,,0,,,,,,,,,,,,,,,,,
751,Internal,138,375,59566,45,20.0,18.6,3,5,0,0,0,27,0,0,0,0,0.0,0.0,0.0,0.0,0,0,0,0,0,0,0,0,0,0,0,0,,,,0,,,,,,,,,,,,,,,,,
752,Internal,231,676,63750,45,26.0,11.9,0,2,0,0,0,8,0,0,0,0,0.0,0.0,0.0,0.0,0,0,0,0,0,0,0,0,0,0,0,0,,,,0,,,,,,,,,,,,,,,,,
753,Internal,260,660,63750,45,26.0,11.9,11,13,1,0,1,27,0,0,0,0,0.0,0.0,0.0,0.0,0,0,0,0,0,0,0,0,0,0,0,0,,,,0,,,,,,,,,,,,,,,,,
754,Internal,468,1066,55040,39,23.0,21.8,12,6,3,0,0,40,0,0,0,0,0.0,0.0,0.0,0.0,0,0,0,0,0,0,0,0,0,0,0,0,,,,0,,,,,,,,,,,,,,,,,
755,Internal,186,524,55442,39,21.4,9.7,3,3,0,0,0,38,0,0,0,0,0.0,0.0,0.0,0.0,0,0,0,0,0,0,0,0,0,0,0,0,,,,0,,,,,,,,,,,,,,,,,
756,Internal,230,735,55442,39,21.4,9.7,0,2,6,0,3,38,0,0,0,0,0.0,0.0,0.0,0.0,0,0,0,0,0,0,0,0,0,0,0,0,,,,0,,,,,,,,,,,,,,,,,
757,Internal,90,235,55442,39,21.4,9.7,0,1,1,0,8,38,0,0,0,0,0.0,0.0,0.0,0.0,0,0,0,0,0,0,0,0,0,0,0,0,,,,0,,,,,,,,,,,,,,,,,
758,Internal,656,1383,54922,39,10.5,24.7,0,30,1,0,3,45,0,0,0,0,0.0,0.0,0.0,0.0,0,0,0,0,0,0,0,0,0,0,0,0,,,,0,,,,,,,,,,,,,,,,,
759,Internal,527,1221,54922,39,10.5,24.7,32,2,12,9,0,32,0,0,0,0,0.0,0.0,0.0,0.0,0,0,0,0,0,0,0,0,0,0,0,0,,,,0,,,,,,,,,,,,,,,,,
760,Internal,30,78,55040,39,23.0,21.8,0,6,0,0,0,38,0,0,0,0,0.0,0.0,0.0,0.0,0,0,0,0,0,0,0,0,0,0,0,0,,,,0,,,,,,,,,,,,,,,,,
761,Internal,356,929,60250,47,23.9,11.9,2,0,0,0,0,30,0,0,0,0,0.0,0.0,0.0,0.0,0,0,0,0,0,0,0,0,0,0,0,0,,,,0,,,,,,,,,,,,,,,,,
762,Internal,469,1222,60250,47,23.9,11.9,1,0,21,1,91,13,0,0,0,0,0.0,0.0,0.0,0.0,0,0,0,0,0,0,0,0,0,0,0,0,,,,0,,,,,,,,,,,,,,,,,
763,Internal,552,1511,60250,47,23.9,11.9,1,13,0,0,0,30,0,0,0,0,0.0,0.0,0.0,0.0,0,0,0,0,46,0,0,0,0,0,0,0,,,,0,,,,,,,,,,,,,,,,,
764,Internal,457,1100,45625,47,20.4,14.4,18,4,5,0,14,18,0,0,0,0,0.0,0.0,0.0,0.0,0,0,0,0,0,0,0,0,0,0,0,0,,,,0,,,,,,,,,,,,,,,,,
765,Internal,480,1194,45625,47,20.4,14.4,20,176,8,9,3,44,0,0,0,0,0.0,0.0,0.0,0.0,0,0,0,0,1773,0,0,0,0,0,0,0,,,,0,,,,,,,,,,,,,,,,,
766,Internal,476,1346,45625,47,20.4,14.4,117,74,5,0,3,46,0,0,0,0,0.0,0.0,0.0,0.0,0,0,0,0,1427,0,0,0,0,0,0,0,,,,0,,,,,,,,,,,,,,,,,
767,Internal,227,567,45625,47,20.4,14.4,0,4,1,0,0,30,0,0,0,0,0.0,0.0,0.0,0.0,0,0,0,0,0,0,0,0,0,0,0,0,,,,0,,,,,,,,,,,,,,,,,
768,Internal,233,637,45625,47,20.4,14.4,3,93,1,5,5,51,0,0,0,0,0.0,0.0,0.0,0.0,0,0,0,0,1237,0,0,0,0,0,0,0,,,,0,,,,,,,,,,,,,,,,,
769,Internal,93,220,45625,47,20.4,14.4,0,3,2,0,2,30,0,0,0,0,0.0,0.0,0.0,0.0,0,0,0,0,0,0,0,0,0,0,0,0,,,,0,,,,,,,,,,,,,,,,,
770,Internal,410,1046,55926,47,17.0,16.2,0,12,4,0,0,15,0,0,0,0,0.0,0.0,0.0,0.0,0,0,0,0,0,0,0,0,0,0,0,0,,,,0,,,,,,,,,,,,,,,,,
771,Internal,626,1655,55926,47,17.0,16.2,45,29,5,0,7,22,0,0,0,0,0.0,0.0,0.0,0.0,0,0,0,0,0,0,0,0,0,0,0,0,,,,0,,,,,,,,,,,,,,,,,
772,Internal,98,263,41332,47,21.9,14.8,0,4,0,0,0,15,0,0,0,0,0.0,0.0,0.0,0.0,0,0,0,0,0,0,0,0,0,0,0,0,,,,0,,,,,,,,,,,,,,,,,
773,Internal,326,818,55926,47,17.0,16.2,4,2,4,0,2,15,0,0,0,0,0.0,0.0,0.0,0.0,0,0,0,0,0,0,0,0,0,0,0,0,,,,0,,,,,,,,,,,,,,,,,
774,Internal,244,723,41332,47,21.9,14.8,0,0,3,0,0,15,0,0,0,0,0.0,0.0,0.0,0.0,0,0,0,0,0,0,0,0,0,0,0,0,,,,0,,,,,,,,,,,,,,,,,
775,Internal,455,1159,41332,47,21.9,14.8,2,4,8,0,0,15,0,0,0,0,0.0,0.0,0.0,0.0,0,0,0,0,0,0,0,0,0,0,0,0,,,,0,,,,,,,,,,,,,,,,,
776,Internal,298,700,41332,47,21.9,14.8,0,7,2,0,0,15,0,0,0,0,0.0,0.0,0.0,0.0,0,0,0,0,0,0,0,0,0,0,0,0,,,,0,,,,,,,,,,,,,,,,,
777,Internal,172,471,41332,47,21.9,14.8,0,8,18,0,0,15,0,0,0,0,0.0,0.0,0.0,0.0,0,0,0,0,0,0,0,0,0,0,0,0,,,,0,,,,,,,,,,,,,,,,,
778,Internal,192,453,43094,35,13.9,31.5,21,17,9,1,9,15,0,0,0,0,0.0,0.0,0.0,0.0,0,0,0,0,0,0,0,0,0,0,0,0,,,,0,,,,,,,,,,,,,,,,,
779,Internal,732,1949,70441,50,26.6,11.9,2,6,4,0,0,48,0,0,0,0,0.0,0.0,0.0,0.0,0,0,0,0,0,0,0,0,0,0,0,0,,,,0,,,,,,,,,,,,,,,,,
780,Internal,382,1062,67768,49,21.7,10.7,48,83,0,0,3,36,0,0,0,0,0.0,0.0,0.0,0.0,0,0,0,0,670,0,0,0,0,0,0,0,,,,0,,,,,,,,,,,,,,,,,
781,Internal,112,252,67768,49,21.7,10.7,0,0,0,0,0,34,0,0,0,0,0.0,0.0,0.0,0.0,0,0,0,0,0,0,0,0,0,0,0,0,,,,0,,,,,,,,,,,,,,,,,
782,Internal,295,756,67768,49,21.7,10.7,14,24,0,0,0,34,0,0,0,0,0.0,0.0,0.0,0.0,0,0,0,0,0,0,0,0,0,0,0,0,,,,0,,,,,,,,,,,,,,,,,
783,Internal,391,953,70441,50,26.6,11.9,16,90,5,4,47,50,0,0,0,0,0.0,0.0,0.0,0.0,0,0,0,0,567,0,0,0,0,0,0,0,,,,0,,,,,,,,,,,,,,,,,
784,Internal,825,2145,67768,49,21.7,10.7,56,20,4,0,10,48,0,0,0,0,0.0,0.0,0.0,0.0,0,0,0,0,0,0,0,0,0,0,0,0,,,,0,,,,,,,,,,,,,,,,,
785,Internal,4,8,67768,49,21.7,10.7,0,0,40,0,3,56,0,0,0,0,0.0,0.0,0.0,0.0,0,0,0,0,467,0,0,0,0,0,0,0,,,,0,,,,,,,,,,,,,,,,,
786,Internal,43,93,67768,49,21.7,10.7,3,3,2,0,0,34,0,0,0,0,0.0,0.0,0.0,0.0,0,0,0,0,0,0,0,0,0,0,0,0,,,,0,,,,,,,,,,,,,,,,,
787,Internal,220,610,72969,49,17.3,13.4,58,20,2,0,7,21,0,0,0,0,0.0,0.0,0.0,0.0,0,0,0,0,0,0,0,0,0,0,0,0,,,,0,,,,,,,,,,,,,,,,,
788,Internal,235,685,72969,49,17.3,13.4,0,1,5,0,0,34,0,0,0,0,0.0,0.0,0.0,0.0,0,0,0,0,0,0,0,0,0,0,0,0,,,,0,,,,,,,,,,,,,,,,,
789,Internal,231,573,72969,49,17.3,13.4,1,22,0,0,0,34,0,0,0,0,0.0,0.0,0.0,0.0,0,0,0,0,0,0,0,0,0,0,0,0,,,,0,,,,,,,,,,,,,,,,,
790,Internal,156,353,72969,49,17.3,13.4,0,27,0,0,0,34,0,0,0,0,0.0,0.0,0.0,0.0,0,0,0,0,0,0,0,0,0,0,0,0,,,,0,,,,,,,,,,,,,,,,,
791,Internal,65,224,72969,49,17.3,13.4,7,12,0,0,0,34,0,0,0,0,0.0,0.0,0.0,0.0,0,0,0,0,0,0,0,0,0,0,0,0,,,,0,,,,,,,,,,,,,,,,,
792,Internal,513,1263,76009,54,22.3,17.0,72,285,822,57,115,17,0,0,0,0,0.0,0.0,0.0,0.0,0,0,0,0,0,0,0,0,0,0,0,0,,,,0,,,,,,,,,,,,,,,,,
793,Internal,316,885,76009,54,22.3,17.0,48,56,114,91,130,16,0,0,0,0,0.0,0.0,0.0,0.0,0,0,0,0,1705,0,0,0,0,0,0,0,,,,0,,,,,,,,,,,,,,,,,
794,Internal,126,316,72969,49,17.3,13.4,0,0,0,0,0,34,0,0,0,0,0.0,0.0,0.0,0.0,0,0,0,0,0,0,0,0,0,0,0,0,,,,0,,,,,,,,,,,,,,,,,
795,Internal,74,219,72969,49,17.3,13.4,0,1,4,0,0,34,0,0,0,0,0.0,0.0,0.0,0.0,0,0,0,0,0,0,0,0,0,0,0,0,,,,0,,,,,,,,,,,,,,,,,
796,Internal,252,619,76009,54,22.3,17.0,0,0,1,1,0,51,0,0,0,0,0.0,0.0,0.0,0.0,0,0,0,0,0,0,0,0,0,0,0,0,,,,0,,,,,,,,,,,,,,,,,
797,Internal,124,269,76009,54,22.3,17.0,0,2,29,0,5,51,0,0,0,0,0.0,0.0,0.0,0.0,0,0,0,0,0,0,0,0,0,0,0,0,,,,0,,,,,,,,,,,,,,,,,
798,Internal,196,473,65865,54,28.4,8.5,19,2,22,0,0,9,0,0,0,0,0.0,0.0,0.0,0.0,0,0,0,0,0,0,0,0,0,0,0,0,,,,0,,,,,,,,,,,,,,,,,
799,Internal,2136,5440,65865,54,28.4,8.5,1209,161,407,108,301,70,0,0,0,0,0.0,0.0,0.0,0.0,0,0,0,0,1993,0,0,0,0,0,0,0,,,,0,,,,,,,,,,,,,,,,,
800,Internal,436,1206,65865,54,28.4,8.5,74,110,169,35,39,33,0,0,0,0,0.0,0.0,0.0,0.0,0,0,0,0,0,0,0,0,0,0,0,0,,,,0,,,,,,,,,,,,,,,,,
801,Internal,2240,5633,65865,54,28.4,8.5,85,70,101,60,1,51,0,0,0,0,0.0,0.0,0.0,0.0,0,0,0,0,0,0,0,0,0,0,0,0,,,,0,,,,,,,,,,,,,,,,,
802,Internal,482,1234,65472,54,8.1,21.4,83,121,143,30,48,12,0,0,0,0,0.0,0.0,0.0,0.0,0,0,0,0,965,0,0,0,0,0,0,0,,,,0,,,,,,,,,,,,,,,,,
803,Internal,358,898,65472,54,8.1,21.4,2,19,17,0,1,55,0,0,0,0,0.0,0.0,0.0,0.0,0,0,0,0,0,0,0,0,0,0,0,0,,,,0,,,,,,,,,,,,,,,,,
804,Internal,335,874,70441,50,26.6,11.9,2,40,0,2,0,62,0,0,0,0,0.0,0.0,0.0,0.0,0,0,0,0,0,0,0,0,0,0,0,0,,,,0,,,,,,,,,,,,,,,,,
805,Internal,467,1285,90230,50,20.3,13.1,6,17,7,0,0,50,0,0,0,0,0.0,0.0,0.0,0.0,0,0,0,0,0,0,0,0,0,0,0,0,,,,0,,,,,,,,,,,,,,,,,
806,Internal,387,989,70441,50,26.6,11.9,8,10,0,0,6,50,0,0,0,0,0.0,0.0,0.0,0.0,0,0,0,0,0,0,0,0,0,0,0,0,,,,0,,,,,,,,,,,,,,,,,
807,Internal,418,1125,90230,50,20.3,13.1,7,10,1,0,0,50,0,0,0,0,0.0,0.0,0.0,0.0,0,0,0,0,0,0,0,0,0,0,0,0,,,,0,,,,,,,,,,,,,,,,,
808,Internal,707,1823,90230,50,20.3,13.1,23,46,7,0,5,59,0,0,0,0,0.0,0.0,0.0,0.0,0,0,0,0,0,0,0,0,0,0,0,0,,,,0,,,,,,,,,,,,,,,,,
809,Internal,440,1247,90230,50,20.3,13.1,16,13,4,0,2,50,0,0,0,0,0.0,0.0,0.0,0.0,0,0,0,0,0,0,0,0,0,0,0,0,,,,0,,,,,,,,,,,,,,,,,
810,Internal,460,1197,65865,54,28.4,8.5,2,1,2,0,0,51,0,0,0,0,0.0,0.0,0.0,0.0,0,0,0,0,0,0,0,0,0,0,0,0,,,,0,,,,,,,,,,,,,,,,,
811,Internal,163,467,72031,46,14.5,25.2,21,3,5,0,0,24,0,0,0,0,0.0,0.0,0.0,0.0,0,0,0,0,0,0,0,0,0,0,0,0,,,,0,,,,,,,,,,,,,,,,,
812,Internal,151,325,72031,46,14.5,25.2,0,5,8,0,0,24,0,0,0,0,0.0,0.0,0.0,0.0,0,0,0,0,0,0,0,0,0,0,0,0,,,,0,,,,,,,,,,,,,,,,,
813,Internal,123,273,72031,46,14.5,25.2,2,11,0,0,2,24,0,0,0,0,0.0,0.0,0.0,0.0,0,0,0,0,0,0,0,0,0,0,0,0,,,,0,,,,,,,,,,,,,,,,,
814,Internal,0,0,55628,45,23.0,14.0,0,45,300,0,0,0,0,0,0,0,0.0,0.0,0.0,0.0,0,0,0,0,0,0,0,0,0,0,0,0,,,,0,,,,,,,,,,,,,,,,,
815,Internal,626,1599,58100,46,23.7,12.4,23,34,4,4,3,24,0,0,0,0,0.0,0.0,0.0,0.0,0,0,0,0,0,0,0,0,0,0,0,0,,,,0,,,,,,,,,,,,,,,,,
816,Internal,98,259,103194,46,21.2,7.4,0,9,13,5,1,37,0,0,0,0,0.0,0.0,0.0,0.0,0,0,0,0,0,0,0,0,0,0,0,0,,,,0,,,,,,,,,,,,,,,,,
817,Internal,85,225,103194,46,21.2,7.4,21,9,0,0,0,24,0,0,0,0,0.0,0.0,0.0,0.0,0,0,0,0,0,0,0,0,0,0,0,0,,,,0,,,,,,,,,,,,,,,,,
818,Internal,419,1064,58100,46,23.7,12.4,3,24,51,0,2,24,0,0,0,0,0.0,0.0,0.0,0.0,0,0,0,0,0,0,0,0,0,0,0,0,,,,0,,,,,,,,,,,,,,,,,
819,Internal,426,1196,58100,46,23.7,12.4,0,81,1,0,0,38,0,0,0,0,0.0,0.0,0.0,0.0,0,0,0,0,1035,0,0,0,0,0,0,0,,,,0,,,,,,,,,,,,,,,,,
820,Internal,575,1478,103194,46,21.2,7.4,544,70,206,40,29,11,0,0,0,0,0.0,0.0,0.0,0.0,0,0,0,0,0,0,0,0,0,0,0,0,,,,0,,,,,,,,,,,,,,,,,
821,Internal,629,1535,54821,37,19.6,24.0,5,5,1741,1,0,15,0,0,0,0,0.0,0.0,0.0,0.0,0,0,0,0,0,0,0,0,0,0,0,0,,,,0,,,,,,,,,,,,,,,,,
822,Internal,1962,5072,33309,37,30.8,6.6,423,68,709,76,289,40,0,0,0,0,0.0,0.0,0.0,0.0,0,0,0,0,0,0,0,0,0,0,0,0,,,,0,,,,,,,,,,,,,,,,,
823,Internal,37,91,54821,37,19.6,24.0,0,85,60,0,12,53,0,0,0,0,0.0,0.0,0.0,0.0,0,0,0,0,1461,0,0,0,0,0,0,0,,,,0,,,,,,,,,,,,,,,,,
824,Internal,1160,3092,43281,35,30.4,16.8,389,69,539,113,146,73,0,0,0,0,0.0,0.0,0.0,0.0,0,0,0,0,0,0,0,0,0,0,0,0,,,,0,,,,,,,,,,,,,,,,,
825,Internal,37,133,75938,35,29.1,38.4,76,211,3017,0,66,57,0,0,0,0,0.0,0.0,0.0,0.0,0,0,0,0,0,0,0,0,0,0,0,0,,,,0,,,,,,,,,,,,,,,,,
826,Internal,603,1374,43281,35,30.4,16.8,212,145,129,54,82,38,0,0,0,0,0.0,0.0,0.0,0.0,0,0,0,0,0,0,0,0,0,0,0,0,,,,0,,,,,,,,,,,,,,,,,
827,Internal,419,1030,43281,35,30.4,16.8,8,16,2,6,8,31,0,0,0,0,0.0,0.0,0.0,0.0,0,0,0,0,0,0,0,0,0,0,0,0,,,,0,,,,,,,,,,,,,,,,,
828,Internal,206,597,45491,41,22.4,11.8,0,7,6,0,0,42,0,0,0,0,0.0,0.0,0.0,0.0,0,0,0,0,0,0,0,0,0,0,0,0,,,,0,,,,,,,,,,,,,,,,,
829,Internal,245,643,40712,37,15.4,17.1,19,6,14,0,0,34,0,0,0,0,0.0,0.0,0.0,0.0,0,0,0,0,0,0,0,0,0,0,0,0,,,,0,,,,,,,,,,,,,,,,,
830,Internal,248,646,26875,37,29.4,26.9,37,1,64,33,27,9,0,0,0,0,0.0,0.0,0.0,0.0,0,0,0,0,0,0,0,0,0,0,0,0,,,,0,,,,,,,,,,,,,,,,,
831,Internal,922,2368,56289,47,28.9,13.8,20,0,25,0,18,17,0,0,0,0,0.0,0.0,0.0,0.0,0,0,0,0,38,0,0,0,0,0,0,0,,,,0,,,,,,,,,,,,,,,,,
832,Internal,1650,4586,52134,46,25.0,8.6,418,163,336,23,28,46,0,0,0,0,0.0,0.0,0.0,0.0,0,0,0,0,0,0,0,0,0,0,0,0,,,,0,,,,,,,,,,,,,,,,,
833,Internal,1431,3388,52134,46,25.0,8.6,77,678,462,193,163,16,0,0,0,0,0.0,0.0,0.0,0.0,0,0,0,0,0,0,0,0,0,0,0,0,,,,0,,,,,,,,,,,,,,,,,
834,Internal,660,1812,52134,46,25.0,8.6,784,2535,673,37,133,78,0,0,0,0,0.0,0.0,0.0,0.0,0,0,0,0,0,0,0,0,0,0,0,0,,,,0,,,,,,,,,,,,,,,,,
835,Internal,1045,2930,81590,44,27.2,9.7,46,238,890,46,0,25,0,0,0,0,0.0,0.0,0.0,0.0,0,0,0,0,0,0,0,0,0,0,0,0,,,,0,,,,,,,,,,,,,,,,,
836,Internal,863,2359,69315,49,13.8,13.7,4,40,569,90,71,71,0,0,0,0,0.0,0.0,0.0,0.0,0,0,0,0,0,0,0,0,0,0,0,0,,,,0,,,,,,,,,,,,,,,,,
837,Internal,726,1817,83571,49,27.5,10.5,4,83,37,22,12,13,0,0,0,0,0.0,0.0,0.0,0.0,0,0,0,0,0,0,0,0,0,0,0,0,,,,0,,,,,,,,,,,,,,,,,
838,Internal,210,559,85027,44,31.8,10.1,78,86,267,66,355,14,0,0,0,0,0.0,0.0,0.0,0.0,0,0,0,0,0,0,0,0,0,0,0,0,,,,0,,,,,,,,,,,,,,,,,
839,Internal,92,261,53665,40,21.5,11.2,4,0,0,5,6,20,0,0,0,0,0.0,0.0,0.0,0.0,0,0,0,0,0,0,0,0,0,0,0,0,,,,0,,,,,,,,,,,,,,,,,
840,Internal,98,280,53665,40,21.5,11.2,21,3,0,0,0,20,0,0,0,0,0.0,0.0,0.0,0.0,0,0,0,0,0,0,0,0,0,0,0,0,,,,0,,,,,,,,,,,,,,,,,
841,Internal,290,811,38674,40,23.4,27.0,51,66,1,0,0,42,0,0,0,0,0.0,0.0,0.0,0.0,0,0,0,0,0,0,0,0,0,0,0,0,,,,0,,,,,,,,,,,,,,,,,
842,Internal,150,388,31042,40,23.9,15.6,11,1,13,0,0,11,0,0,0,0,0.0,0.0,0.0,0.0,0,0,0,0,0,0,0,0,0,0,0,0,,,,0,,,,,,,,,,,,,,,,,
843,Internal,316,881,49957,37,24.0,12.8,7,2,0,0,5,32,0,0,0,0,0.0,0.0,0.0,0.0,0,0,0,0,0,0,0,0,0,0,0,0,,,,0,,,,,,,,,,,,,,,,,
844,Internal,407,1006,49957,37,24.0,12.8,6,8,5,0,0,42,0,0,0,0,0.0,0.0,0.0,0.0,0,0,0,0,0,0,0,0,0,0,0,0,,,,0,,,,,,,,,,,,,,,,,
845,Internal,400,1109,46336,37,25.4,12.9,42,1,11,0,42,11,0,0,0,0,0.0,0.0,0.0,0.0,0,0,0,0,0,0,0,0,0,0,0,0,,,,0,,,,,,,,,,,,,,,,,
846,Internal,756,1975,28977,37,25.3,23.9,282,363,155,59,238,23,0,0,0,0,0.0,0.0,0.0,0.0,0,0,0,0,3545,0,0,0,0,0,0,0,,,,0,,,,,,,,,,,,,,,,,
847,Internal,773,2171,46336,37,25.4,12.9,32,40,9,0,1,21,0,0,0,0,0.0,0.0,0.0,0.0,0,0,0,0,0,0,0,0,0,0,0,0,,,,0,,,,,,,,,,,,,,,,,
848,Internal,335,882,46113,36,31.4,20.0,3,6,5,0,0,25,0,0,0,0,0.0,0.0,0.0,0.0,0,0,0,0,0,0,0,0,0,0,0,0,,,,0,,,,,,,,,,,,,,,,,
849,Internal,322,864,34403,37,8.3,38.0,3,2,5,2,2,12,0,0,0,0,0.0,0.0,0.0,0.0,0,0,0,0,0,0,0,0,0,0,0,0,,,,0,,,,,,,,,,,,,,,,,
850,Internal,287,795,49957,37,24.0,12.8,0,2,24,0,0,21,0,0,0,0,0.0,0.0,0.0,0.0,0,0,0,0,0,0,0,0,0,0,0,0,,,,0,,,,,,,,,,,,,,,,,
851,Internal,311,800,38674,40,23.4,27.0,5,5,10,0,4,20,0,0,0,0,0.0,0.0,0.0,0.0,0,0,0,0,0,0,0,0,0,0,0,0,,,,0,,,,,,,,,,,,,,,,,
852,Internal,318,814,53665,40,21.5,11.2,46,4,7,0,4,30,0,0,0,0,0.0,0.0,0.0,0.0,0,0,0,0,0,0,0,0,0,0,0,0,,,,0,,,,,,,,,,,,,,,,,
853,Internal,477,1259,50775,40,29.5,10.7,35,0,19,0,0,21,0,0,0,0,0.0,0.0,0.0,0.0,0,0,0,0,0,0,0,0,0,0,0,0,,,,0,,,,,,,,,,,,,,,,,
854,Internal,153,329,50775,40,29.5,10.7,12,0,3,0,0,18,0,0,0,0,0.0,0.0,0.0,0.0,0,0,0,0,0,0,0,0,0,0,0,0,,,,0,,,,,,,,,,,,,,,,,
855,Internal,319,802,41570,40,19.4,6.4,6,94,16,0,11,11,0,0,0,0,0.0,0.0,0.0,0.0,0,0,0,0,1241,0,0,0,0,0,0,0,,,,0,,,,,,,,,,,,,,,,,
856,Internal,753,1966,31042,40,23.9,15.6,49,6,27,0,12,5,0,0,0,0,0.0,0.0,0.0,0.0,0,0,0,0,0,0,0,0,0,0,0,0,,,,0,,,,,,,,,,,,,,,,,
857,Internal,246,608,26875,37,29.4,26.9,149,19,5,0,10,17,0,0,0,0,0.0,0.0,0.0,0.0,0,0,0,0,0,0,0,0,0,0,0,0,,,,0,,,,,,,,,,,,,,,,,
858,Internal,245,674,31290,39,15.9,16.1,5,0,21,0,17,32,0,0,0,0,0.0,0.0,0.0,0.0,0,0,0,0,0,0,0,0,0,0,0,0,,,,0,,,,,,,,,,,,,,,,,
859,Internal,390,1001,36500,39,23.8,22.2,3,165,13,30,1,33,0,0,0,0,0.0,0.0,0.0,0.0,0,0,0,0,1053,0,0,0,0,0,0,0,,,,0,,,,,,,,,,,,,,,,,
860,Internal,60,145,47778,39,20.1,12.8,378,2,450,0,0,68,0,0,0,0,0.0,0.0,0.0,0.0,0,0,0,0,0,0,0,0,0,0,0,0,,,,0,,,,,,,,,,,,,,,,,
861,Internal,108,294,31290,39,15.9,16.1,5,92,119,0,11,40,0,0,0,0,0.0,0.0,0.0,0.0,0,0,0,0,0,0,0,0,0,0,0,0,,,,0,,,,,,,,,,,,,,,,,
862,Internal,111,282,47778,39,20.1,12.8,0,1,0,0,0,32,0,0,0,0,0.0,0.0,0.0,0.0,0,0,0,0,0,0,0,0,0,0,0,0,,,,0,,,,,,,,,,,,,,,,,
863,Internal,83,211,47778,39,20.1,12.8,0,2,2,0,2,32,0,0,0,0,0.0,0.0,0.0,0.0,0,0,0,0,0,0,0,0,0,0,0,0,,,,0,,,,,,,,,,,,,,,,,
864,Internal,34,107,31290,39,15.9,16.1,0,200,4,0,0,19,0,0,0,0,0.0,0.0,0.0,0.0,0,0,0,0,0,0,0,0,0,0,0,0,,,,0,,,,,,,,,,,,,,,,,
865,Internal,159,411,31290,39,15.9,16.1,8,10,8,0,0,32,0,0,0,0,0.0,0.0,0.0,0.0,0,0,0,0,0,0,0,0,0,0,0,0,,,,0,,,,,,,,,,,,,,,,,
866,Internal,523,1380,45401,42,20.1,15.2,7,1,23,0,13,33,0,0,0,0,0.0,0.0,0.0,0.0,0,0,0,0,0,0,0,0,0,0,0,0,,,,0,,,,,,,,,,,,,,,,,
867,Internal,307,826,54911,42,20.4,22.4,10,52,7,0,0,28,0,0,0,0,0.0,0.0,0.0,0.0,0,0,0,0,0,0,0,0,0,0,0,0,,,,0,,,,,,,,,,,,,,,,,
868,Internal,183,518,47727,42,21.7,11.3,7,4,0,7,2,46,0,0,0,0,0.0,0.0,0.0,0.0,0,0,0,0,0,0,0,0,0,0,0,0,,,,0,,,,,,,,,,,,,,,,,
869,Internal,643,1700,54911,42,20.4,22.4,68,151,441,32,165,12,0,0,0,0,0.0,0.0,0.0,0.0,0,0,0,0,0,0,0,0,0,0,0,0,,,,0,,,,,,,,,,,,,,,,,
870,Internal,248,623,45491,41,22.4,11.8,3,2,82,0,0,7,0,0,0,0,0.0,0.0,0.0,0.0,0,0,0,0,0,0,0,0,0,0,0,0,,,,0,,,,,,,,,,,,,,,,,
871,Internal,461,1142,36500,39,23.8,22.2,2,3,26,3,128,12,0,0,0,0,0.0,0.0,0.0,0.0,0,0,0,0,0,0,0,0,0,0,0,0,,,,0,,,,,,,,,,,,,,,,,
872,Internal,62,144,31290,39,15.9,16.1,0,0,0,0,0,32,0,0,0,0,0.0,0.0,0.0,0.0,0,0,0,0,0,0,0,0,0,0,0,0,,,,0,,,,,,,,,,,,,,,,,
873,Internal,81,206,47778,39,20.1,12.8,140,157,164,0,0,18,0,0,0,0,0.0,0.0,0.0,0.0,0,0,0,0,0,0,0,0,0,0,0,0,,,,0,,,,,,,,,,,,,,,,,
874,Internal,563,1392,44148,36,29.2,14.3,65,13,66,30,156,26,0,0,0,0,0.0,0.0,0.0,0.0,0,0,0,0,0,0,0,0,0,0,0,0,,,,0,,,,,,,,,,,,,,,,,
875,Internal,191,472,44148,36,29.2,14.3,5,0,235,3,269,33,0,0,0,0,0.0,0.0,0.0,0.0,0,0,0,0,0,0,0,0,0,0,0,0,,,,0,,,,,,,,,,,,,,,,,
876,Internal,1302,3604,41780,40,27.3,14.3,161,3,30,16,26,12,0,0,0,0,0.0,0.0,0.0,0.0,0,0,0,0,0,0,0,0,0,0,0,0,,,,0,,,,,,,,,,,,,,,,,
877,Internal,523,1442,50775,40,29.5,10.7,70,53,38,26,78,18,0,0,0,0,0.0,0.0,0.0,0.0,0,0,0,0,0,0,0,0,0,0,0,0,,,,0,,,,,,,,,,,,,,,,,
878,Internal,227,579,40712,37,15.4,17.1,301,11,55,1,31,25,0,0,0,0,0.0,0.0,0.0,0.0,0,0,0,0,0,0,0,0,0,0,0,0,,,,0,,,,,,,,,,,,,,,,,
879,Internal,588,1602,46113,36,31.4,20.0,42,1,147,0,4,4,0,0,0,0,0.0,0.0,0.0,0.0,0,0,0,0,0,0,0,0,0,0,0,0,,,,0,,,,,,,,,,,,,,,,,
880,Internal,704,1881,45446,47,28.9,15.2,25,6,23,0,0,20,0,0,0,0,0.0,0.0,0.0,0.0,0,0,0,0,0,0,0,0,0,0,0,0,,,,0,,,,,,,,,,,,,,,,,
881,Internal,1288,3529,56289,47,28.9,13.8,322,29,529,17,29,25,0,0,0,0,0.0,0.0,0.0,0.0,0,0,0,0,759,0,0,0,0,0,0,0,,,,0,,,,,,,,,,,,,,,,,
882,Internal,2733,7461,63906,32,16.4,14.6,137,102,782,27,601,23,0,0,0,0,0.0,0.0,0.0,0.0,0,0,0,0,0,0,0,0,0,0,0,0,,,,0,,,,,,,,,,,,,,,,,
883,Internal,617,1640,33500,32,20.5,3.2,108,1,15,2,4,19,0,0,0,0,0.0,0.0,0.0,0.0,0,0,0,0,0,0,0,0,0,0,0,0,,,,0,,,,,,,,,,,,,,,,,
884,Internal,748,1756,49375,47,16.8,14.9,11,35,92,2,2,16,0,0,0,0,0.0,0.0,0.0,0.0,0,0,0,0,0,0,0,0,0,0,0,0,,,,0,,,,,,,,,,,,,,,,,
885,Internal,408,1045,44148,36,29.2,14.3,0,3,20,0,9,36,0,0,0,0,0.0,0.0,0.0,0.0,0,0,0,0,0,0,0,0,0,0,0,0,,,,0,,,,,,,,,,,,,,,,,
886,Internal,686,1878,16492,36,34.5,13.2,37,4,94,12,7,45,0,0,0,0,0.0,0.0,0.0,0.0,0,0,0,0,1071,0,0,0,0,0,0,0,,,,0,,,,,,,,,,,,,,,,,
887,Internal,9,27,44148,36,29.2,14.3,8,0,57,0,130,17,0,0,0,0,0.0,0.0,0.0,0.0,0,0,0,0,0,0,0,0,0,0,0,0,,,,0,,,,,,,,,,,,,,,,,
888,Internal,506,1405,40144,36,27.1,15.9,451,11,319,0,4,33,0,0,0,0,0.0,0.0,0.0,0.0,0,0,0,0,1525,0,0,0,0,0,0,0,,,,0,,,,,,,,,,,,,,,,,
889,Internal,324,940,40144,36,27.1,15.9,1,0,106,0,18,25,0,0,0,0,0.0,0.0,0.0,0.0,0,0,0,0,0,0,0,0,0,0,0,0,,,,0,,,,,,,,,,,,,,,,,
890,Internal,261,654,40144,36,27.1,15.9,18,77,71,0,6,5,0,0,0,0,0.0,0.0,0.0,0.0,0,0,0,0,1980,0,0,0,0,0,0,0,,,,0,,,,,,,,,,,,,,,,,
891,Internal,312,838,59265,36,16.2,23.1,7,8,9,0,4,25,0,0,0,0,0.0,0.0,0.0,0.0,0,0,0,0,0,0,0,0,0,0,0,0,,,,0,,,,,,,,,,,,,,,,,
892,Internal,84,194,59265,36,16.2,23.1,0,3,3,0,0,25,0,0,0,0,0.0,0.0,0.0,0.0,0,0,0,0,0,0,0,0,0,0,0,0,,,,0,,,,,,,,,,,,,,,,,
893,Internal,188,482,59265,36,16.2,23.1,5,6,3,0,0,25,0,0,0,0,0.0,0.0,0.0,0.0,0,0,0,0,0,0,0,0,0,0,0,0,,,,0,,,,,,,,,,,,,,,,,
894,Internal,338,898,51429,43,34.1,12.3,2,7,8,0,9,28,0,0,0,0,0.0,0.0,0.0,0.0,0,0,0,0,0,0,0,0,0,0,0,0,,,,0,,,,,,,,,,,,,,,,,
895,Internal,498,1308,53134,43,30.6,10.0,175,2,22,0,6,26,0,0,0,0,0.0,0.0,0.0,0.0,0,0,0,0,0,0,0,0,0,0,0,0,,,,0,,,,,,,,,,,,,,,,,
896,Internal,84,262,53134,43,30.6,10.0,0,3,1,0,0,26,0,0,0,0,0.0,0.0,0.0,0.0,0,0,0,0,0,0,0,0,0,0,0,0,,,,0,,,,,,,,,,,,,,,,,
897,Internal,16,57,53134,43,30.6,10.0,71,1,0,0,0,28,0,0,0,0,0.0,0.0,0.0,0.0,0,0,0,0,0,0,0,0,0,0,0,0,,,,0,,,,,,,,,,,,,,,,,
898,Internal,355,901,36875,39,32.6,15.3,35,28,5,0,2,27,0,0,0,0,0.0,0.0,0.0,0.0,0,0,0,0,0,0,0,0,0,0,0,0,,,,0,,,,,,,,,,,,,,,,,
899,Internal,251,659,36875,39,32.6,15.3,32,5,2,0,4,33,0,0,0,0,0.0,0.0,0.0,0.0,0,0,0,0,0,0,0,0,0,0,0,0,,,,0,,,,,,,,,,,,,,,,,
900,Internal,54,151,53134,43,30.6,10.0,18,1,0,0,0,28,0,0,0,0,0.0,0.0,0.0,0.0,0,0,0,0,0,0,0,0,0,0,0,0,,,,0,,,,,,,,,,,,,,,,,
901,Internal,2414,7182,92375,48,24.8,13.5,32,45,103,0,171,40,0,0,0,0,0.0,0.0,0.0,0.0,0,0,0,0,0,0,0,0,0,0,0,0,,,,0,,,,,,,,,,,,,,,,,
902,Internal,2305,6634,92375,48,24.8,13.5,60,15,274,0,11,41,0,0,0,0,0.0,0.0,0.0,0.0,0,0,0,0,0,0,0,0,0,0,0,0,,,,0,,,,,,,,,,,,,,,,,
903,Internal,2833,7890,92375,48,24.8,13.5,29,73,40,21,7,39,0,0,0,0,0.0,0.0,0.0,0.0,0,0,0,0,869,0,0,0,0,0,0,0,,,,0,,,,,,,,,,,,,,,,,
904,Internal,1029,2820,92375,48,24.8,13.5,2,7,89,0,2,26,0,0,0,0,0.0,0.0,0.0,0.0,0,0,0,0,1247,0,0,0,0,0,0,0,,,,0,,,,,,,,,,,,,,,,,
905,Internal,773,2281,92375,48,24.8,13.5,43,67,110,42,90,25,0,0,0,0,0.0,0.0,0.0,0.0,0,0,0,0,0,0,0,0,0,0,0,0,,,,0,,,,,,,,,,,,,,,,,
906,Internal,124,363,36875,39,32.6,15.3,17,0,1,0,0,30,0,0,0,0,0.0,0.0,0.0,0.0,0,0,0,0,0,0,0,0,0,0,0,0,,,,0,,,,,,,,,,,,,,,,,
907,Internal,566,1656,70134,48,33.7,9.1,26,38,26,0,0,10,0,0,0,0,0.0,0.0,0.0,0.0,0,0,0,0,0,0,0,0,0,0,0,0,,,,0,,,,,,,,,,,,,,,,,
908,Internal,340,1016,70134,48,33.7,9.1,11,18,0,0,5,21,0,0,0,0,0.0,0.0,0.0,0.0,0,0,0,0,0,0,0,0,0,0,0,0,,,,0,,,,,,,,,,,,,,,,,
909,Internal,451,1245,70134,48,33.7,9.1,42,14,1,0,0,69,0,0,0,0,0.0,0.0,0.0,0.0,0,0,0,0,0,0,0,0,0,0,0,0,,,,0,,,,,,,,,,,,,,,,,
910,Internal,3328,9708,70134,48,33.7,9.1,308,3,235,50,6,20,0,0,0,0,0.0,0.0,0.0,0.0,0,0,0,0,4431,0,0,0,0,0,0,0,,,,0,,,,,,,,,,,,,,,,,
911,Internal,770,2004,70134,48,33.7,9.1,35,10,34,2,69,30,0,0,0,0,0.0,0.0,0.0,0.0,0,0,0,0,0,0,0,0,0,0,0,0,,,,0,,,,,,,,,,,,,,,,,
912,Internal,607,1600,65222,39,32.5,8.3,25,7,7,0,0,36,0,0,0,0,0.0,0.0,0.0,0.0,0,0,0,0,1582,0,0,0,0,0,0,0,,,,0,,,,,,,,,,,,,,,,,
913,Internal,195,504,65222,39,32.5,8.3,5,86,2,0,0,36,0,0,0,0,0.0,0.0,0.0,0.0,0,0,0,0,1197,0,0,0,0,0,0,0,,,,0,,,,,,,,,,,,,,,,,
914,Internal,252,660,65222,39,32.5,8.3,50,30,4,0,0,37,0,0,0,0,0.0,0.0,0.0,0.0,0,0,0,0,0,0,0,0,0,0,0,0,,,,0,,,,,,,,,,,,,,,,,
915,Internal,198,610,65222,39,32.5,8.3,0,3,23,0,0,36,0,0,0,0,0.0,0.0,0.0,0.0,0,0,0,0,0,0,0,0,0,0,0,0,,,,0,,,,,,,,,,,,,,,,,
916,Internal,226,706,65222,39,32.5,8.3,33,110,95,5,1,41,0,0,0,0,0.0,0.0,0.0,0.0,0,0,0,0,3975,0,0,0,0,0,0,0,,,,0,,,,,,,,,,,,,,,,,
917,Internal,2359,6387,64800,48,36.4,2.5,7,47,157,0,2,35,0,0,0,0,0.0,0.0,0.0,0.0,0,0,0,0,2159,0,0,0,0,0,0,0,,,,0,,,,,,,,,,,,,,,,,
918,Internal,330,983,64800,48,36.4,2.5,21,68,93,0,0,46,0,0,0,0,0.0,0.0,0.0,0.0,0,0,0,0,2394,0,0,0,0,0,0,0,,,,0,,,,,,,,,,,,,,,,,
919,Internal,249,704,65222,39,32.5,8.3,35,54,1,0,0,40,0,0,0,0,0.0,0.0,0.0,0.0,0,0,0,0,0,0,0,0,0,0,0,0,,,,0,,,,,,,,,,,,,,,,,
920,Internal,332,865,60156,43,14.6,17.2,0,34,5,0,0,28,0,0,0,0,0.0,0.0,0.0,0.0,0,0,0,0,0,0,0,0,0,0,0,0,,,,0,,,,,,,,,,,,,,,,,
921,Internal,95,278,60156,43,14.6,17.2,8,17,0,0,0,28,0,0,0,0,0.0,0.0,0.0,0.0,0,0,0,0,0,0,0,0,0,0,0,0,,,,0,,,,,,,,,,,,,,,,,
922,Internal,89,286,60156,43,14.6,17.2,0,3,0,0,0,28,0,0,0,0,0.0,0.0,0.0,0.0,0,0,0,0,0,0,0,0,0,0,0,0,,,,0,,,,,,,,,,,,,,,,,
923,Internal,650,1780,50446,39,24.5,21.2,15,19,3,0,0,40,0,0,0,0,0.0,0.0,0.0,0.0,0,0,0,0,0,0,0,0,0,0,0,0,,,,0,,,,,,,,,,,,,,,,,
924,Internal,253,680,50446,39,24.5,21.2,0,15,0,0,0,42,0,0,0,0,0.0,0.0,0.0,0.0,0,0,0,0,0,0,0,0,0,0,0,0,,,,0,,,,,,,,,,,,,,,,,
925,Internal,264,672,60156,43,14.6,17.2,16,9,1,0,5,28,0,0,0,0,0.0,0.0,0.0,0.0,0,0,0,0,0,0,0,0,0,0,0,0,,,,0,,,,,,,,,,,,,,,,,
926,Internal,370,979,50558,43,26.5,13.6,36,5,2,2,0,45,0,0,0,0,0.0,0.0,0.0,0.0,0,0,0,0,0,0,0,0,0,0,0,0,,,,0,,,,,,,,,,,,,,,,,
927,Internal,219,657,50558,43,26.5,13.6,0,3,3,0,4,28,0,0,0,0,0.0,0.0,0.0,0.0,0,0,0,0,0,0,0,0,0,0,0,0,,,,0,,,,,,,,,,,,,,,,,
928,Internal,163,408,39722,38,19.6,19.9,7,8,4,0,0,24,0,0,0,0,0.0,0.0,0.0,0.0,0,0,0,0,0,0,0,0,0,0,0,0,,,,0,,,,,,,,,,,,,,,,,
929,Internal,359,999,52105,33,27.6,10.5,95,5,5,0,9,8,0,0,0,0,0.0,0.0,0.0,0.0,0,0,0,0,0,0,0,0,0,0,0,0,,,,0,,,,,,,,,,,,,,,,,
930,Internal,268,700,52105,33,27.6,10.5,47,21,26,17,17,54,0,0,0,0,0.0,0.0,0.0,0.0,0,0,0,0,0,0,0,0,0,0,0,0,,,,0,,,,,,,,,,,,,,,,,
931,Internal,0,0,52105,33,27.6,10.5,424,33,0,4,6,76,0,0,0,0,0.0,0.0,0.0,0.0,0,0,0,0,0,0,0,0,0,0,0,0,,,,0,,,,,,,,,,,,,,,,,
932,Internal,285,799,52105,33,27.6,10.5,60,3,16,0,0,56,0,0,0,0,0.0,0.0,0.0,0.0,0,0,0,0,0,0,0,0,0,0,0,0,,,,0,,,,,,,,,,,,,,,,,
933,Internal,463,1288,39722,38,19.6,19.9,28,2,80,0,19,39,0,0,0,0,0.0,0.0,0.0,0.0,0,0,0,0,0,0,0,0,0,0,0,0,,,,0,,,,,,,,,,,,,,,,,
934,Internal,190,487,39722,38,19.6,19.9,14,3,22,0,1,24,0,0,0,0,0.0,0.0,0.0,0.0,0,0,0,0,0,0,0,0,0,0,0,0,,,,0,,,,,,,,,,,,,,,,,
935,Internal,554,1348,39722,38,19.6,19.9,31,48,59,9,17,24,0,0,0,0,0.0,0.0,0.0,0.0,0,0,0,0,0,0,0,0,0,0,0,0,,,,0,,,,,,,,,,,,,,,,,
936,Internal,620,1736,34524,33,21.6,17.5,44,2,126,0,101,54,0,0,0,0,0.0,0.0,0.0,0.0,0,0,0,0,1103,0,0,0,0,0,0,0,,,,0,,,,,,,,,,,,,,,,,
937,Internal,90,270,39722,38,19.6,19.9,7,0,3,0,0,24,0,0,0,0,0.0,0.0,0.0,0.0,0,0,0,0,0,0,0,0,0,0,0,0,,,,0,,,,,,,,,,,,,,,,,
938,Internal,460,1303,34524,33,21.6,17.5,0,26,18,0,1,54,0,0,0,0,0.0,0.0,0.0,0.0,0,0,0,0,0,0,0,0,0,0,0,0,,,,0,,,,,,,,,,,,,,,,,
939,Internal,73,219,34524,33,21.6,17.5,31,0,155,20,20,54,0,0,0,0,0.0,0.0,0.0,0.0,0,0,0,0,1406,0,0,0,0,0,0,0,,,,0,,,,,,,,,,,,,,,,,
940,Internal,306,1005,34524,33,21.6,17.5,277,49,59,6,0,45,0,0,0,0,0.0,0.0,0.0,0.0,0,0,0,0,0,0,0,0,0,0,0,0,,,,0,,,,,,,,,,,,,,,,,
941,Internal,693,1890,41780,40,27.3,14.3,223,3,8,0,4,18,0,0,0,0,0.0,0.0,0.0,0.0,0,0,0,0,0,0,0,0,0,0,0,0,,,,0,,,,,,,,,,,,,,,,,
942,Internal,629,1689,28327,38,35.7,15.4,85,110,46,24,1,24,0,0,0,0,0.0,0.0,0.0,0.0,0,0,0,0,0,0,0,0,0,0,0,0,,,,0,,,,,,,,,,,,,,,,,
943,Internal,336,897,28327,38,35.7,15.4,149,21,152,38,114,25,0,0,0,0,0.0,0.0,0.0,0.0,0,0,0,0,68,0,0,0,0,0,0,0,,,,0,,,,,,,,,,,,,,,,,
944,Internal,140,395,34524,33,21.6,17.5,21,51,11,3,6,48,0,0,0,0,0.0,0.0,0.0,0.0,0,0,0,0,0,0,0,0,0,0,0,0,,,,0,,,,,,,,,,,,,,,,,
945,Internal,158,460,14665,33,36.6,14.1,902,131,160,12,238,55,0,0,0,0,0.0,0.0,0.0,0.0,0,0,0,0,0,0,0,0,0,0,0,0,,,,0,,,,,,,,,,,,,,,,,
946,Internal,385,1022,14665,33,36.6,14.1,12,107,10,19,4,14,0,0,0,0,0.0,0.0,0.0,0.0,0,0,0,0,0,0,0,0,0,0,0,0,,,,0,,,,,,,,,,,,,,,,,
947,Internal,677,1640,17986,38,41.9,9.8,5,112,393,52,276,13,0,0,0,0,0.0,0.0,0.0,0.0,0,0,0,0,0,0,0,0,0,0,0,0,,,,0,,,,,,,,,,,,,,,,,
948,Internal,210,528,17986,38,41.9,9.8,43,56,43,20,19,22,0,0,0,0,0.0,0.0,0.0,0.0,0,0,0,0,0,0,0,0,0,0,0,0,,,,0,,,,,,,,,,,,,,,,,
949,Internal,505,1319,20548,32,42.6,8.9,13,50,342,257,246,19,0,0,0,0,0.0,0.0,0.0,0.0,0,0,0,0,1247,0,5037,0,0,0,0,0,,,,0,,,,,,,,,,,,,,,,,
950,Internal,130,362,33500,32,20.5,3.2,841,0,169,3,20,20,0,0,0,0,0.0,0.0,0.0,0.0,0,0,0,0,0,0,0,0,0,0,0,0,,,,0,,,,,,,,,,,,,,,,,
951,Internal,776,2162,48712,38,23.8,17.1,7,181,665,123,141,36,0,0,0,0,0.0,0.0,0.0,0.0,0,0,0,0,1836,0,0,0,0,0,0,0,,,,0,,,,,,,,,,,,,,,,,
952,Internal,272,752,48712,38,23.8,17.1,350,0,209,56,2,41,0,0,0,0,0.0,0.0,0.0,0.0,0,0,0,0,1898,0,0,0,0,0,0,0,,,,0,,,,,,,,,,,,,,,,,
953,Internal,358,739,48712,38,23.8,17.1,34,81,645,56,92,25,0,0,0,0,0.0,0.0,0.0,0.0,0,0,0,0,0,0,0,0,0,0,0,0,,,,0,,,,,,,,,,,,,,,,,
954,Internal,743,1956,48712,38,23.8,17.1,14,212,852,155,692,24,0,0,0,0,0.0,0.0,0.0,0.0,0,0,0,0,2537,0,0,0,0,0,0,0,,,,0,,,,,,,,,,,,,,,,,
955,Internal,264,726,48712,38,23.8,17.1,25,3,7,0,0,23,0,0,0,0,0.0,0.0,0.0,0.0,0,0,0,0,0,0,0,0,0,0,0,0,,,,0,,,,,,,,,,,,,,,,,
956,Internal,14,86,48333,38,6.6,26.0,7,115,145,27,255,25,0,0,0,0,0.0,0.0,0.0,0.0,0,0,0,0,0,0,0,0,0,0,0,0,,,,0,,,,,,,,,,,,,,,,,
957,Internal,196,510,48333,38,6.6,26.0,530,311,707,162,1804,10,0,0,0,0,0.0,0.0,0.0,0.0,0,0,0,0,0,0,0,0,0,0,0,0,,,,0,,,,,,,,,,,,,,,,,
958,Internal,58,146,48333,38,6.6,26.0,12,32,229,179,65,34,0,0,0,0,0.0,0.0,0.0,0.0,0,0,0,0,0,0,0,0,0,0,0,0,,,,0,,,,,,,,,,,,,,,,,
959,Internal,86,233,48333,38,6.6,26.0,1,1,55,1,6,23,0,0,0,0,0.0,0.0,0.0,0.0,0,0,0,0,0,0,0,0,0,0,0,0,,,,0,,,,,,,,,,,,,,,,,
960,Internal,319,788,40000,38,12.6,29.8,174,159,1394,321,119,35,0,0,0,0,0.0,0.0,0.0,0.0,0,0,0,0,0,0,0,1,0,0,0,0,,,,0,,,,,,,,,,,,,,,,,
961,Internal,504,1133,27270,43,28.3,12.5,192,374,704,235,136,24,0,0,0,0,0.0,0.0,0.0,0.0,0,0,0,0,271,0,0,0,0,0,0,0,,,,0,,,,,,,,,,,,,,,,,
962,Internal,287,738,33029,43,20.5,16.0,10,51,98,0,0,31,0,0,0,0,0.0,0.0,0.0,0.0,0,0,0,0,0,0,0,0,0,0,0,0,,,,0,,,,,,,,,,,,,,,,,
963,Internal,393,1028,33029,43,20.5,16.0,0,124,19,0,12,16,0,0,0,0,0.0,0.0,0.0,0.0,0,0,0,0,0,0,0,0,0,0,0,0,,,,0,,,,,,,,,,,,,,,,,
964,Internal,66,153,33029,43,20.5,16.0,31,1,0,0,2,24,0,0,0,0,0.0,0.0,0.0,0.0,0,0,0,0,0,0,0,0,0,0,0,0,,,,0,,,,,,,,,,,,,,,,,
965,Internal,298,689,80265,43,11.7,40.3,19,16,91,0,131,31,0,0,0,0,0.0,0.0,0.0,0.0,0,0,0,0,1052,0,0,0,0,0,0,0,,,,0,,,,,,,,,,,,,,,,,
966,Internal,994,2847,74980,44,28.1,11.5,141,3,136,7,16,35,0,0,0,0,0.0,0.0,0.0,0.0,0,0,0,0,0,0,0,0,0,0,0,0,,,,0,,,,,,,,,,,,,,,,,
967,Internal,1629,4424,118359,44,29.2,8.8,56,192,109,34,29,47,0,0,0,0,0.0,0.0,0.0,0.0,0,0,0,0,0,0,0,0,0,0,0,0,,,,0,,,,,,,,,,,,,,,,,
968,Internal,241,768,74980,44,28.1,11.5,310,0,163,0,50,10,0,0,0,0,0.0,0.0,0.0,0.0,0,0,0,0,1032,0,0,0,0,0,0,0,,,,0,,,,,,,,,,,,,,,,,
969,Internal,371,1042,74980,44,28.1,11.5,16,4,89,0,3,30,0,0,0,0,0.0,0.0,0.0,0.0,0,0,0,0,1398,0,0,0,0,0,0,0,,,,0,,,,,,,,,,,,,,,,,
970,Internal,1469,4010,70729,46,26.4,9.5,37,341,7,0,4,32,0,0,0,0,0.0,0.0,0.0,0.0,0,0,0,0,0,0,0,0,0,0,0,0,,,,0,,,,,,,,,,,,,,,,,
971,Internal,1848,4808,70729,46,26.4,9.5,683,530,501,125,118,42,0,0,0,0,0.0,0.0,0.0,0.0,0,0,0,0,0,0,0,0,0,0,0,0,,,,0,,,,,,,,,,,,,,,,,
972,Internal,1017,2475,74980,44,28.1,11.5,342,465,742,97,123,54,0,0,0,0,0.0,0.0,0.0,0.0,0,0,0,0,0,0,100,0,0,0,0,0,,,,0,,,,,,,,,,,,,,,,,
973,Internal,1264,3519,51875,44,27.4,11.0,443,23,326,98,1,28,0,0,0,0,0.0,0.0,0.0,0.0,0,0,0,0,0,0,0,0,0,0,0,0,,,,0,,,,,,,,,,,,,,,,,
974,Internal,1009,2859,51875,44,27.4,11.0,310,41,812,36,25,35,0,0,0,0,0.0,0.0,0.0,0.0,0,0,0,0,139,0,0,0,0,0,0,0,,,,0,,,,,,,,,,,,,,,,,
975,Internal,895,2501,51875,44,27.4,11.0,362,6,486,463,66,36,0,0,0,0,0.0,0.0,0.0,0.0,0,0,0,0,0,0,0,0,0,0,0,0,,,,0,,,,,,,,,,,,,,,,,
976,Internal,611,1531,36778,44,4.5,25.0,162,54,54,2,65,27,0,0,0,0,0.0,0.0,0.0,0.0,0,0,0,0,0,0,0,0,0,0,0,0,,,,0,,,,,,,,,,,,,,,,,
977,Internal,1311,3551,65082,46,23.4,30.4,147,87,244,4,110,26,0,0,0,0,0.0,0.0,0.0,0.0,0,0,0,0,0,0,0,0,0,0,0,0,,,,0,,,,,,,,,,,,,,,,,
978,Internal,647,1691,36778,44,4.5,25.0,1171,22,255,21,28,22,0,0,0,0,0.0,0.0,0.0,0.0,0,0,0,0,0,0,0,0,0,0,0,0,,,,0,,,,,,,,,,,,,,,,,
979,Internal,325,801,65082,46,23.4,30.4,3,85,10,0,0,47,0,0,0,0,0.0,0.0,0.0,0.0,0,0,0,0,0,0,0,0,0,0,0,0,,,,0,,,,,,,,,,,,,,,,,
980,Internal,486,1358,51875,44,27.4,11.0,117,3,24,300,16,54,0,0,0,0,0.0,0.0,0.0,0.0,0,0,0,0,3499,0,0,0,0,0,0,0,,,,0,,,,,,,,,,,,,,,,,
981,Internal,904,2617,63895,46,27.5,8.2,32,9,2,0,0,38,0,0,0,0,0.0,0.0,0.0,0.0,0,0,0,0,0,0,0,0,0,0,0,0,,,,0,,,,,,,,,,,,,,,,,
982,Internal,1055,3049,63895,46,27.5,8.2,118,185,16,1,3,53,0,0,0,0,0.0,0.0,0.0,0.0,0,0,0,0,277,0,0,0,0,0,0,0,,,,0,,,,,,,,,,,,,,,,,
983,Internal,259,737,63895,46,27.5,8.2,26,8,37,0,0,36,0,0,0,0,0.0,0.0,0.0,0.0,0,0,0,0,1683,0,0,0,0,0,0,0,,,,0,,,,,,,,,,,,,,,,,
984,Internal,246,567,36000,45,15.3,21.5,228,99,555,125,80,31,0,0,0,0,0.0,0.0,0.0,0.0,0,0,0,0,16,0,0,0,0,0,0,0,,,,0,,,,,,,,,,,,,,,,,
985,Internal,246,536,52134,46,25.0,8.6,19,178,138,35,147,16,0,0,0,0,0.0,0.0,0.0,0.0,0,0,0,0,0,0,0,0,0,0,0,0,,,,0,,,,,,,,,,,,,,,,,
986,Internal,1134,2826,60854,45,25.6,11.4,4,208,597,80,8,41,0,0,0,0,0.0,0.0,0.0,0.0,0,0,0,0,0,0,0,0,0,0,0,0,,,,0,,,,,,,,,,,,,,,,,
987,Internal,24,53,36000,45,15.3,21.5,0,0,160,0,25,38,0,0,0,0,0.0,0.0,0.0,0.0,0,0,0,0,3754,0,0,0,0,0,0,0,,,,0,,,,,,,,,,,,,,,,,
988,Internal,420,949,36000,45,15.3,21.5,122,17,62,8,80,21,0,0,0,0,0.0,0.0,0.0,0.0,0,0,0,0,0,0,0,0,0,0,0,0,,,,0,,,,,,,,,,,,,,,,,
989,Internal,480,909,60854,45,25.6,11.4,24,22,37,2,4,31,0,0,0,0,0.0,0.0,0.0,0.0,0,0,0,0,0,0,0,0,0,0,0,0,,,,0,,,,,,,,,,,,,,,,,
990,Internal,55,150,36000,45,15.3,21.5,43,12,34,1,28,41,0,0,0,0,0.0,0.0,0.0,0.0,0,0,0,0,0,0,0,0,0,0,0,0,,,,0,,,,,,,,,,,,,,,,,
991,Internal,23,49,36000,45,15.3,21.5,17,52,157,46,474,90,0,0,0,0,0.0,0.0,0.0,0.0,0,0,0,0,0,0,0,0,0,0,0,0,,,,0,,,,,,,,,,,,,,,,,
992,Internal,946,2311,60854,45,25.6,11.4,15,239,306,23,6,38,0,0,0,0,0.0,0.0,0.0,0.0,0,0,0,0,1621,0,0,0,0,0,0,0,,,,0,,,,,,,,,,,,,,,,,
993,Internal,222,537,60854,45,25.6,11.4,0,55,101,0,0,41,0,0,0,0,0.0,0.0,0.0,0.0,0,0,0,0,1141,0,0,0,0,0,0,0,,,,0,,,,,,,,,,,,,,,,,
994,Internal,1083,2649,36000,45,15.3,21.5,22,774,789,162,667,11,0,0,0,0,0.0,0.0,0.0,0.0,0,0,0,0,1225,0,0,0,0,0,0,0,,,,0,,,,,,,,,,,,,,,,,
995,Internal,1296,2704,36000,45,15.3,21.5,235,305,660,113,177,28,0,0,0,0,0.0,0.0,0.0,0.0,0,0,0,0,76,0,0,0,0,0,0,0,,,,0,,,,,,,,,,,,,,,,,
996,Internal,959,2217,36000,45,15.3,21.5,0,770,483,289,265,16,0,0,0,0,0.0,0.0,0.0,0.0,0,0,0,0,0,0,0,0,0,0,0,0,,,,0,,,,,,,,,,,,,,,,,
997,Internal,3129,8700,77946,45,28.4,12.8,7,51,14,0,0,26,0,0,0,0,0.0,0.0,0.0,0.0,0,0,0,0,0,0,0,0,0,0,0,0,,,,0,,,,,,,,,,,,,,,,,
998,Internal,1862,5254,77946,45,28.4,12.8,1,51,25,10,0,12,0,0,0,0,0.0,0.0,0.0,0.0,0,0,0,0,0,0,0,0,0,0,0,0,,,,0,,,,,,,,,,,,,,,,,
999,Internal,1175,3096,77946,45,28.4,12.8,18,63,65,3,5,63,0,0,0,0,0.0,0.0,0.0,0.0,0,0,0,0,0,0,0,0,0,0,0,0,,,,0,,,,,,,,,,,,,,,,,
1000,Internal,659,1750,77946,45,28.4,12.8,199,42,18,2,7,37,0,0,0,0,0.0,0.0,0.0,0.0,0,0,0,0,0,0,0,0,0,0,0,0,,,,0,,,,,,,,,,,,,,,,,
1001,Internal,1029,2712,52134,46,25.0,8.6,0,1,51,1,0,46,0,0,0,0,0.0,0.0,0.0,0.0,0,0,0,0,0,0,0,0,0,0,0,0,,,,0,,,,,,,,,,,,,,,,,
1002,Internal,453,1100,52134,46,25.0,8.6,0,0,78,0,0,46,0,0,0,0,0.0,0.0,0.0,0.0,0,0,0,0,1213,0,0,0,0,0,0,0,,,,0,,,,,,,,,,,,,,,,,
1003,Internal,374,872,52134,46,25.0,8.6,0,63,16,30,9,46,0,0,0,0,0.0,0.0,0.0,0.0,0,0,0,0,0,0,0,0,0,0,0,0,,,,0,,,,,,,,,,,,,,,,,
1004,Internal,3908,9775,52134,46,25.0,8.6,829,2562,4392,965,1203,52,0,0,0,0,0.0,0.0,0.0,0.0,0,0,0,0,0,0,0,0,0,0,0,0,,,,0,,,,,,,,,,,,,,,,,
1005,Internal,280,728,52134,46,25.0,8.6,14,1,4,0,1,46,0,0,0,0,0.0,0.0,0.0,0.0,0,0,0,0,0,0,0,0,0,0,0,0,,,,0,,,,,,,,,,,,,,,,,
1006,Internal,2844,6753,52134,46,25.0,8.6,486,1934,1462,370,261,28,0,0,0,0,0.0,0.0,0.0,0.0,0,0,0,0,0,0,0,0,0,0,0,0,,,,0,,,,,,,,,,,,,,,,,
1007,Internal,1639,4318,43900,46,24.4,16.5,11,149,177,67,223,16,0,0,0,0,0.0,0.0,0.0,0.0,0,0,0,0,0,0,0,0,0,0,0,0,,,,0,,,,,,,,,,,,,,,,,
1008,Internal,639,1726,43900,46,24.4,16.5,0,526,183,58,35,46,0,0,0,0,0.0,0.0,0.0,0.0,0,0,0,0,0,0,0,0,0,0,0,0,,,,0,,,,,,,,,,,,,,,,,
1009,Internal,211,602,63162,46,32.6,4.7,62,15,29,40,8,55,0,0,0,0,0.0,0.0,0.0,0.0,0,0,0,0,0,0,0,0,0,0,0,0,,,,0,,,,,,,,,,,,,,,,,
1010,Internal,1062,2664,63162,46,32.6,4.7,16,196,288,40,7,24,0,0,0,0,0.0,0.0,0.0,0.0,0,0,0,0,0,0,0,0,0,0,0,0,,,,0,,,,,,,,,,,,,,,,,
1011,Internal,1501,4315,81590,44,27.2,9.7,4,48,109,71,62,53,0,0,0,0,0.0,0.0,0.0,0.0,0,0,0,0,0,0,0,0,0,0,0,0,,,,0,,,,,,,,,,,,,,,,,
1012,Internal,687,1916,81590,44,27.2,9.7,0,89,1655,48,81,45,0,0,0,0,0.0,0.0,0.0,0.0,0,0,0,0,0,0,0,1,0,0,0,0,,,,0,,,,,,,,,,,,,,,,,
1013,Internal,1738,4732,69315,49,13.8,13.7,32,74,591,38,661,55,0,0,0,0,0.0,0.0,0.0,0.0,0,0,0,0,0,0,0,0,0,0,0,0,,,,0,,,,,,,,,,,,,,,,,
1014,Internal,179,498,110461,49,33.3,16.4,4,26,0,0,2,46,0,0,0,0,0.0,0.0,0.0,0.0,0,0,0,0,0,0,0,0,0,0,0,0,,,,0,,,,,,,,,,,,,,,,,
1015,Internal,147,426,81590,44,27.2,9.7,19,173,351,127,315,29,0,0,0,0,0.0,0.0,0.0,0.0,0,0,0,0,0,0,0,0,0,0,0,0,,,,0,,,,,,,,,,,,,,,,,
1016,Internal,478,1340,110461,49,33.3,16.4,24,78,71,21,28,73,0,0,0,0,0.0,0.0,0.0,0.0,0,0,0,0,0,0,0,0,0,0,0,0,,,,0,,,,,,,,,,,,,,,,,
1017,Internal,1055,2893,45688,49,22.8,7.8,1,14,4,2,17,55,0,0,0,0,0.0,0.0,0.0,0.0,0,0,0,0,0,0,0,0,0,0,0,0,,,,0,,,,,,,,,,,,,,,,,
1018,Internal,410,1023,81590,44,27.2,9.7,4,74,235,54,28,40,0,0,0,0,0.0,0.0,0.0,0.0,0,0,0,0,0,0,0,0,0,0,0,0,,,,0,,,,,,,,,,,,,,,,,
1019,Internal,591,1618,69315,49,13.8,13.7,0,1,25,4,38,12,0,0,0,0,0.0,0.0,0.0,0.0,0,0,0,0,0,0,0,0,0,0,0,0,,,,0,,,,,,,,,,,,,,,,,
1020,Internal,820,2256,45688,49,22.8,7.8,4,14,17,1,52,55,0,0,0,0,0.0,0.0,0.0,0.0,0,0,0,0,0,0,0,0,0,0,0,0,,,,0,,,,,,,,,,,,,,,,,
1021,Internal,142,401,81590,44,27.2,9.7,0,16,177,4,9,29,0,0,0,0,0.0,0.0,0.0,0.0,0,0,0,0,0,0,0,0,0,0,0,0,,,,0,,,,,,,,,,,,,,,,,
1022,Internal,741,1973,70345,49,28.0,6.5,0,54,6,0,0,55,0,0,0,0,0.0,0.0,0.0,0.0,0,0,0,0,1358,0,0,0,0,0,0,0,,,,0,,,,,,,,,,,,,,,,,
1023,Internal,1428,4125,70345,49,28.0,6.5,4,61,103,2,0,47,0,0,0,0,0.0,0.0,0.0,0.0,0,0,0,0,0,0,0,0,0,0,0,0,,,,0,,,,,,,,,,,,,,,,,
1024,Internal,843,2645,64451,49,25.1,7.3,20,15,2,0,12,46,0,0,0,0,0.0,0.0,0.0,0.0,0,0,0,0,0,0,0,0,0,0,0,0,,,,0,,,,,,,,,,,,,,,,,
1025,Internal,1,3,70345,49,28.0,6.5,0,0,4,3,3,55,0,0,0,0,0.0,0.0,0.0,0.0,0,0,0,0,0,0,0,0,0,0,0,0,,,,0,,,,,,,,,,,,,,,,,
1026,Internal,416,1136,65731,44,22.1,12.4,38,71,0,29,0,29,0,0,0,0,0.0,0.0,0.0,0.0,0,0,0,0,657,0,0,0,0,0,0,0,,,,0,,,,,,,,,,,,,,,,,
1027,Internal,459,1209,65731,44,22.1,12.4,39,45,28,0,0,42,0,0,0,0,0.0,0.0,0.0,0.0,0,0,0,0,0,0,0,0,0,0,0,0,,,,0,,,,,,,,,,,,,,,,,
1028,Internal,1408,4391,83571,49,27.5,10.5,21,180,314,15,23,38,0,0,0,0,0.0,0.0,0.0,0.0,0,0,0,0,2248,0,106,0,0,0,0,0,,,,0,,,,,,,,,,,,,,,,,
1029,Internal,882,2391,64451,49,25.1,7.3,67,20,4,0,10,35,0,0,0,0,0.0,0.0,0.0,0.0,0,0,0,0,0,0,0,0,0,0,0,0,,,,0,,,,,,,,,,,,,,,,,
1030,Internal,117,305,64451,49,25.1,7.3,3,3,8,0,4,25,0,0,0,0,0.0,0.0,0.0,0.0,0,0,0,0,0,0,0,0,0,0,0,0,,,,0,,,,,,,,,,,,,,,,,
1031,Internal,452,1294,85027,44,31.8,10.1,25,6,7,0,0,40,0,0,0,0,0.0,0.0,0.0,0.0,0,0,0,0,0,0,0,0,0,0,0,0,,,,0,,,,,,,,,,,,,,,,,
1032,Internal,155,379,83571,49,27.5,10.5,25,10,106,42,1767,0,0,0,0,0,0.0,0.0,0.0,0.0,0,0,0,0,0,0,0,0,0,0,0,0,,,,0,,,,,,,,,,,,,,,,,
1033,Internal,1037,3039,85027,44,31.8,10.1,186,165,206,86,62,34,0,0,0,0,0.0,0.0,0.0,0.0,0,0,0,0,0,0,0,0,0,0,0,0,,,,0,,,,,,,,,,,,,,,,,
1034,Internal,683,1934,81090,49,25.7,14.4,21,165,267,10,0,31,0,0,0,0,0.0,0.0,0.0,0.0,0,0,0,0,2063,0,0,0,0,0,0,0,,,,0,,,,,,,,,,,,,,,,,
1035,Internal,509,1380,85027,44,31.8,10.1,435,33,55,0,6,33,0,0,0,0,0.0,0.0,0.0,0.0,0,0,0,0,0,0,0,0,0,0,0,0,,,,0,,,,,,,,,,,,,,,,,
1036,Internal,852,2265,85027,44,31.8,10.1,1,56,63,30,118,25,0,0,0,0,0.0,0.0,0.0,0.0,0,0,0,0,0,0,0,0,0,0,0,0,,,,0,,,,,,,,,,,,,,,,,
1037,Internal,367,962,85027,44,31.8,10.1,39,74,9,13,198,12,0,0,0,0,0.0,0.0,0.0,0.0,0,0,0,0,0,0,0,0,0,0,0,0,,,,0,,,,,,,,,,,,,,,,,
1038,Internal,468,1417,83571,49,27.5,10.5,1,44,24,3,0,21,0,0,0,0,0.0,0.0,0.0,0.0,0,0,0,0,0,0,0,0,0,0,0,0,,,,0,,,,,,,,,,,,,,,,,
1039,Internal,59,183,85027,44,31.8,10.1,1,14,15,0,0,29,0,0,0,0,0.0,0.0,0.0,0.0,0,0,0,0,0,0,0,0,0,0,0,0,,,,0,,,,,,,,,,,,,,,,,
1040,Internal,1192,3469,81090,49,25.7,14.4,15,47,16,0,7,48,0,0,0,0,0.0,0.0,0.0,0.0,0,0,0,0,0,0,0,0,0,0,0,0,,,,0,,,,,,,,,,,,,,,,,
1041,Internal,311,837,81090,49,25.7,14.4,0,30,102,72,5,7,0,0,0,0,0.0,0.0,0.0,0.0,0,0,0,0,1976,0,0,0,0,0,0,0,,,,0,,,,,,,,,,,,,,,,,
1042,Internal,105,332,64451,49,25.1,7.3,48,0,5,0,78,15,0,0,0,0,0.0,0.0,0.0,0.0,0,0,0,0,0,0,0,0,0,0,0,0,,,,0,,,,,,,,,,,,,,,,,
1043,Internal,133,447,81090,49,25.7,14.4,0,0,103,39,0,41,0,0,0,0,0.0,0.0,0.0,0.0,0,0,0,0,1745,0,0,0,0,0,0,0,,,,0,,,,,,,,,,,,,,,,,
1044,Internal,459,1170,65731,44,22.1,12.4,3,27,157,32,333,17,0,0,0,0,0.0,0.0,0.0,0.0,0,0,0,0,0,0,0,0,0,0,0,0,,,,0,,,,,,,,,,,,,,,,,
1045,Internal,47,130,110461,49,33.3,16.4,0,0,0,0,0,55,0,0,0,0,0.0,0.0,0.0,0.0,0,0,0,0,0,0,0,0,0,0,0,0,,,,0,,,,,,,,,,,,,,,,,
1046,Internal,31,80,65731,44,22.1,12.4,0,0,0,0,0,0,0,0,0,0,0.0,0.0,0.0,0.0,0,0,0,0,0,0,0,0,0,0,0,0,,,,0,,,,,,,,,,,,,,,,,
1047,Internal,483,1399,65731,44,22.1,12.4,3,7,9,4,0,29,0,0,0,0,0.0,0.0,0.0,0.0,0,0,0,0,0,0,0,0,0,0,0,0,,,,0,,,,,,,,,,,,,,,,,
1048,Internal,4,13,85027,44,31.8,10.1,133,51,75,16,180,22,0,0,0,0,0.0,0.0,0.0,0.0,0,0,0,0,0,0,0,0,0,0,0,0,,,,0,,,,,,,,,,,,,,,,,
1049,Internal,30,91,110461,49,33.3,16.4,0,0,0,0,8,55,0,0,0,0,0.0,0.0,0.0,0.0,0,0,0,0,0,0,0,0,0,0,0,0,,,,0,,,,,,,,,,,,,,,,,
1050,Internal,87,263,65731,44,22.1,12.4,0,0,2,0,0,29,0,0,0,0,0.0,0.0,0.0,0.0,0,0,0,0,0,0,0,0,0,0,0,0,,,,0,,,,,,,,,,,,,,,,,
1051,Internal,198,553,64451,49,25.1,7.3,0,207,0,0,0,25,0,0,0,0,0.0,0.0,0.0,0.0,0,0,0,0,3453,0,0,0,0,0,0,0,,,,0,,,,,,,,,,,,,,,,,
1052,Internal,362,1138,65731,44,22.1,12.4,0,14,0,0,17,39,0,0,0,0,0.0,0.0,0.0,0.0,0,0,0,0,0,0,0,0,0,0,0,0,,,,0,,,,,,,,,,,,,,,,,
1053,Internal,1119,3091,51360,35,37.2,14.1,41,5,135,0,20,47,0,0,0,0,0.0,0.0,0.0,0.0,0,0,0,0,932,0,0,0,0,0,0,0,,,,0,,,,,,,,,,,,,,,,,
1054,Internal,526,1419,51360,35,37.2,14.1,33,42,25,21,0,9,0,0,0,0,0.0,0.0,0.0,0.0,0,0,0,0,0,0,0,0,0,0,0,0,,,,0,,,,,,,,,,,,,,,,,
1055,Internal,494,1267,54421,35,21.4,16.4,98,36,11,5,70,27,0,0,0,0,0.0,0.0,0.0,0.0,0,0,0,0,0,0,0,0,0,0,0,0,,,,0,,,,,,,,,,,,,,,,,
1056,Internal,119,391,41780,40,27.3,14.3,112,0,1,0,3,18,0,0,0,0,0.0,0.0,0.0,0.0,0,0,0,0,0,0,0,0,0,0,0,0,,,,0,,,,,,,,,,,,,,,,,
1057,Internal,1472,4127,54421,35,21.4,16.4,19,9,7,23,4,24,0,0,0,0,0.0,0.0,0.0,0.0,0,0,0,0,0,0,0,0,0,0,0,0,,,,0,,,,,,,,,,,,,,,,,
1058,Internal,168,478,54421,35,21.4,16.4,17,68,146,0,0,50,0,0,0,0,0.0,0.0,0.0,0.0,0,0,0,0,2031,0,0,0,0,0,0,0,,,,0,,,,,,,,,,,,,,,,,
1059,Internal,2194,6158,54421,35,21.4,16.4,7,6,101,1,0,46,0,0,0,0,0.0,0.0,0.0,0.0,0,0,0,0,0,0,0,0,0,0,0,0,,,,0,,,,,,,,,,,,,,,,,
1060,Internal,1059,2963,50775,40,29.5,10.7,17,2,3,0,0,17,0,0,0,0,0.0,0.0,0.0,0.0,0,0,0,0,0,0,0,0,0,0,0,0,,,,0,,,,,,,,,,,,,,,,,
1061,Internal,129,328,54421,35,21.4,16.4,19,3,6,15,16,38,0,0,0,0,0.0,0.0,0.0,0.0,0,0,0,0,0,0,0,0,0,0,0,0,,,,0,,,,,,,,,,,,,,,,,
1062,Internal,134,349,50775,40,29.5,10.7,28,15,3,0,13,17,0,0,0,0,0.0,0.0,0.0,0.0,0,0,0,0,0,0,0,0,0,0,0,0,,,,0,,,,,,,,,,,,,,,,,
1063,Internal,1,2,16677,40,28.7,11.3,73,72,2,0,0,17,0,0,0,0,0.0,0.0,0.0,0.0,0,0,0,0,0,0,0,0,0,0,0,0,,,,0,,,,,,,,,,,,,,,,,
1064,Internal,503,1303,54421,35,21.4,16.4,1,17,2,2,0,38,0,0,0,0,0.0,0.0,0.0,0.0,0,0,0,0,0,0,0,0,0,0,0,0,,,,0,,,,,,,,,,,,,,,,,
1065,Internal,466,1244,16677,40,28.7,11.3,44,71,115,46,79,23,0,0,0,0,0.0,0.0,0.0,0.0,0,0,0,0,1034,0,0,0,0,0,0,0,,,,0,,,,,,,,,,,,,,,,,
1066,Internal,126,348,54421,35,21.4,16.4,26,217,55,21,11,33,0,0,0,0,0.0,0.0,0.0,0.0,0,0,0,0,0,0,0,0,0,0,0,0,,,,0,,,,,,,,,,,,,,,,,
1067,Internal,139,334,16677,40,28.7,11.3,7,0,14,5,13,10,0,0,0,0,0.0,0.0,0.0,0.0,0,0,0,0,0,0,0,0,0,0,0,0,,,,0,,,,,,,,,,,,,,,,,
1068,Internal,609,1618,85667,37,15.6,24.5,20,419,131,18,53,19,0,0,0,0,0.0,0.0,0.0,0.0,0,0,0,0,1175,0,0,0,0,0,0,0,,,,0,,,,,,,,,,,,,,,,,
1069,Internal,994,2744,85667,37,15.6,24.5,0,69,3,8,0,23,0,0,0,0,0.0,0.0,0.0,0.0,0,0,0,0,0,0,0,0,0,0,0,0,,,,0,,,,,,,,,,,,,,,,,
1070,Internal,972,2795,85667,37,15.6,24.5,27,16,255,21,18,28,0,0,0,0,0.0,0.0,0.0,0.0,0,0,0,0,0,0,0,0,0,0,0,0,,,,0,,,,,,,,,,,,,,,,,
1071,Internal,426,1077,42423,37,22.9,11.1,47,89,33,9,9,23,0,0,0,0,0.0,0.0,0.0,0.0,0,0,0,0,1028,0,0,0,0,0,0,0,,,,0,,,,,,,,,,,,,,,,,
1072,Internal,534,1431,42423,37,22.9,11.1,5,33,346,1,0,32,0,0,0,0,0.0,0.0,0.0,0.0,0,0,0,0,0,0,0,0,0,0,0,0,,,,0,,,,,,,,,,,,,,,,,
1073,Internal,927,2617,42423,37,22.9,11.1,87,5,142,0,1,47,0,0,0,0,0.0,0.0,0.0,0.0,0,0,0,0,2446,0,0,0,0,0,0,0,,,,0,,,,,,,,,,,,,,,,,
1074,Internal,299,732,26875,37,29.4,26.9,842,3,201,27,95,57,0,0,0,0,0.0,0.0,0.0,0.0,0,0,0,0,0,0,0,0,0,0,0,0,,,,0,,,,,,,,,,,,,,,,,
1075,Internal,401,971,40712,37,24.6,14.7,24,44,170,111,108,25,0,0,0,0,0.0,0.0,0.0,0.0,0,0,0,0,0,0,0,0,0,0,0,0,,,,0,,,,,,,,,,,,,,,,,
1076,Internal,765,2145,38313,37,19.8,10.6,28,9,30,45,0,12,0,0,0,0,0.0,0.0,0.0,0.0,0,0,0,0,0,0,0,0,0,0,0,0,,,,0,,,,,,,,,,,,,,,,,
1077,Internal,505,1424,38313,37,19.8,10.6,46,0,36,12,3,34,0,0,0,0,0.0,0.0,0.0,0.0,0,0,0,0,0,0,0,0,0,0,0,0,,,,0,,,,,,,,,,,,,,,,,
1078,Internal,275,670,38313,37,19.8,10.6,60,55,172,14,118,16,0,0,0,0,0.0,0.0,0.0,0.0,0,0,0,0,0,0,0,0,0,0,0,0,,,,0,,,,,,,,,,,,,,,,,
1079,Internal,207,546,58603,50,19.9,15.3,18,0,4,0,0,23,0,0,0,0,0.0,0.0,0.0,0.0,0,0,0,0,0,0,0,0,0,0,0,0,,,,0,,,,,,,,,,,,,,,,,
1080,Internal,560,1492,58603,50,19.9,15.3,2,18,13,0,3,42,0,0,0,0,0.0,0.0,0.0,0.0,0,0,0,0,0,0,0,0,0,0,0,0,,,,0,,,,,,,,,,,,,,,,,
1081,Internal,488,1366,83810,44,23.5,11.8,0,21,1,0,0,28,0,0,0,0,0.0,0.0,0.0,0.0,0,0,0,0,0,0,0,0,0,0,0,0,,,,0,,,,,,,,,,,,,,,,,
1082,Internal,202,544,58603,50,19.9,15.3,11,22,1,0,0,23,0,0,0,0,0.0,0.0,0.0,0.0,0,0,0,0,0,0,0,0,0,0,0,0,,,,0,,,,,,,,,,,,,,,,,
1083,Internal,15,76,58603,50,19.9,15.3,14,0,0,0,0,23,0,0,0,0,0.0,0.0,0.0,0.0,0,0,0,0,0,0,0,0,0,0,0,0,,,,0,,,,,,,,,,,,,,,,,
1084,Internal,566,1641,74141,50,21.7,11.1,26,13,5,14,25,23,0,0,0,0,0.0,0.0,0.0,0.0,0,0,0,0,0,0,0,0,0,0,0,0,,,,0,,,,,,,,,,,,,,,,,
1085,Internal,935,2566,74141,50,21.7,11.1,14,114,14,0,5,47,0,0,0,0,0.0,0.0,0.0,0.0,0,0,0,0,0,0,0,0,0,0,0,0,,,,0,,,,,,,,,,,,,,,,,
1086,Internal,1033,2815,61852,46,21.5,6.6,273,26,57,11,110,22,0,0,0,0,0.0,0.0,0.0,0.0,0,0,0,0,0,0,0,0,0,0,0,0,,,,0,,,,,,,,,,,,,,,,,
1087,Internal,462,1320,66786,50,30.6,10.0,2,23,62,11,174,14,0,0,0,0,0.0,0.0,0.0,0.0,0,0,0,0,0,0,0,0,0,0,0,0,,,,0,,,,,,,,,,,,,,,,,
1088,Internal,632,1821,83810,44,23.5,11.8,34,85,14,3,45,35,0,0,0,0,0.0,0.0,0.0,0.0,0,0,0,0,0,0,0,0,0,0,0,0,,,,0,,,,,,,,,,,,,,,,,
1089,Internal,445,1219,66786,50,30.6,10.0,6,82,3,0,4,29,0,0,0,0,0.0,0.0,0.0,0.0,0,0,0,0,1167,0,0,0,0,0,0,0,,,,0,,,,,,,,,,,,,,,,,
1090,Internal,199,582,83810,44,23.5,11.8,6,37,9,0,0,9,0,0,0,0,0.0,0.0,0.0,0.0,0,0,0,0,0,0,0,0,0,0,0,0,,,,0,,,,,,,,,,,,,,,,,
1091,Internal,425,1255,62711,46,33.3,11.4,11,9,11,0,1,38,0,0,0,0,0.0,0.0,0.0,0.0,0,0,0,0,0,0,0,0,0,0,0,0,,,,0,,,,,,,,,,,,,,,,,
1092,Internal,693,1895,62711,46,33.3,11.4,30,29,13,3,0,24,0,0,0,0,0.0,0.0,0.0,0.0,0,0,0,0,0,0,0,0,0,0,0,0,,,,0,,,,,,,,,,,,,,,,,
1093,Internal,560,1540,62711,46,33.3,11.4,2,32,28,0,22,15,0,0,0,0,0.0,0.0,0.0,0.0,0,0,0,0,0,0,0,0,0,0,0,0,,,,0,,,,,,,,,,,,,,,,,
1094,Internal,56,124,62711,46,33.3,11.4,0,134,22,0,3,42,0,0,0,0,0.0,0.0,0.0,0.0,0,0,0,0,2742,0,0,0,0,0,0,0,,,,0,,,,,,,,,,,,,,,,,
1095,Internal,225,571,83810,44,23.5,11.8,20,0,251,0,56,22,0,0,0,0,0.0,0.0,0.0,0.0,0,0,0,0,3159,0,0,0,0,0,0,0,,,,0,,,,,,,,,,,,,,,,,
1096,Internal,386,973,50795,46,19.7,16.1,16,100,7,0,0,42,0,0,0,0,0.0,0.0,0.0,0.0,0,0,0,0,0,0,0,0,0,0,0,0,,,,0,,,,,,,,,,,,,,,,,
1097,Internal,406,1105,50176,44,31.3,6.7,106,65,11,0,0,29,0,0,0,0,0.0,0.0,0.0,0.0,0,0,0,0,0,0,0,0,0,0,0,0,,,,0,,,,,,,,,,,,,,,,,
1098,Internal,870,2357,50795,46,19.7,16.1,2,5,9,0,16,69,0,0,0,0,0.0,0.0,0.0,0.0,0,0,0,0,0,0,0,0,0,0,0,0,,,,0,,,,,,,,,,,,,,,,,
1099,Internal,448,1205,59390,44,24.4,7.9,28,15,22,5,1,28,0,0,0,0,0.0,0.0,0.0,0.0,0,0,0,0,0,0,0,0,0,0,0,0,,,,0,,,,,,,,,,,,,,,,,
1100,Internal,458,1269,59390,44,24.4,7.9,6,27,24,15,15,26,0,0,0,0,0.0,0.0,0.0,0.0,0,0,0,0,0,0,0,0,0,0,0,0,,,,0,,,,,,,,,,,,,,,,,
1101,Internal,358,972,50176,44,31.3,6.7,22,53,15,0,0,15,0,0,0,0,0.0,0.0,0.0,0.0,0,0,0,0,0,0,0,0,0,0,0,0,,,,0,,,,,,,,,,,,,,,,,
1102,Internal,178,479,59390,44,24.4,7.9,57,16,2,0,0,28,0,0,0,0,0.0,0.0,0.0,0.0,0,0,0,0,0,0,0,0,0,0,0,0,,,,0,,,,,,,,,,,,,,,,,
1103,Internal,508,1434,50558,43,26.5,13.6,34,14,2,1,0,28,0,0,0,0,0.0,0.0,0.0,0.0,0,0,0,0,0,0,0,0,0,0,0,0,,,,0,,,,,,,,,,,,,,,,,
1104,Internal,294,749,38821,35,16.7,15.3,16,18,54,3,7,26,0,0,0,0,0.0,0.0,0.0,0.0,0,0,0,0,0,0,0,0,0,0,0,0,,,,0,,,,,,,,,,,,,,,,,
1105,Internal,233,577,38821,35,16.7,15.3,2,6,10,0,4,33,0,0,0,0,0.0,0.0,0.0,0.0,0,0,0,0,0,0,0,0,0,0,0,0,,,,0,,,,,,,,,,,,,,,,,
1106,Internal,468,1331,41500,35,31.5,13.6,121,10,8,0,0,42,0,0,0,0,0.0,0.0,0.0,0.0,0,0,0,0,0,0,0,0,0,0,0,0,,,,0,,,,,,,,,,,,,,,,,
1107,Internal,435,1063,41500,35,31.5,13.6,34,65,54,6,29,41,0,0,0,0,0.0,0.0,0.0,0.0,0,0,0,0,383,0,0,0,0,0,0,0,,,,0,,,,,,,,,,,,,,,,,
1108,Internal,207,449,39857,35,36.9,12.1,408,56,22,6,5,32,0,0,0,0,0.0,0.0,0.0,0.0,0,0,0,0,0,0,0,0,0,0,0,0,,,,0,,,,,,,,,,,,,,,,,
1109,Internal,245,645,39857,35,36.9,12.1,0,0,9,0,8,33,0,0,0,0,0.0,0.0,0.0,0.0,0,0,0,0,0,0,0,0,0,0,0,0,,,,0,,,,,,,,,,,,,,,,,
1110,Internal,286,838,108851,42,24.0,18.1,12,47,23,0,0,60,0,0,0,0,0.0,79.63386644474717,0.0,0.0,0,0,0,0,0,0,0,0,0,0,0,0,,,,0,,,,,,,,,,,,,,,,,
1111,Internal,425,1093,108851,42,24.0,18.1,0,37,5,0,5,65,0,0,0,0,0.0,120.52693299745516,0.0,0.0,0,0,0,0,0,0,0,0,0,0,0,0,,,,0,,,,,,,,,,,,,,,,,
1112,Internal,255,715,108851,42,24.0,18.1,3,24,10,0,6,41,0,0,0,0,0.0,79.63386644474717,0.0,0.0,0,0,0,0,0,0,0,0,0,0,0,0,,,,0,,,,,,,,,,,,,,,,,
1113,Internal,71,240,108851,42,24.0,18.1,0,18,0,0,0,41,0,0,0,0,0.0,53.80666651672106,0.0,0.0,0,0,0,0,0,0,0,0,0,0,0,0,,,,0,,,,,,,,,,,,,,,,,
1114,Internal,234,555,108851,42,24.0,18.1,6,29,11,0,15,20,0,0,0,0,0.0,40.893066552708,0.0,0.0,0,0,0,0,0,0,0,0,0,0,0,0,,,,0,,,,,,,,,,,,,,,,,
1115,Internal,619,1865,142440,53,31.1,6.0,16,19,7,0,2,58,0,0,0,0,0.0,241.05386599491032,0.0,0.0,0,0,0,0,0,0,0,0,0,0,0,0,,,,0,,,,,,,,,,,,,,,,,
1116,Internal,123,232,36840,57,19.0,8.8,8,80,111,28,432,24,0,0,0,0,0.0,53.80666651672106,0.0,0.0,0,0,0,0,0,0,0,0,1,536,0,150,130,0,301,0,,,,,,,,,,,,,,,,,
1117,Internal,525,982,36840,57,19.0,8.8,0,35,9,0,0,32,0,0,0,0,0.0,148.5063995861501,0.0,0.0,0,0,0,0,0,0,0,0,0,0,0,0,,,,0,,,,,,,,,,,,,,,,,
1118,Internal,210,535,36840,57,19.0,8.8,0,16,1,2,2,32,0,0,0,0,0.0,174.33359951417623,0.0,0.0,0,0,0,0,0,0,0,0,0,0,0,0,,,,0,,,,,,,,,,,,,,,,,
1119,Internal,408,999,120139,53,26.0,12.7,0,20,28,0,0,39,0,0,0,0,0.0,161.41999955016317,0.0,0.0,0,0,0,0,0,0,0,0,0,0,0,0,,,,0,,,,,,,,,,,,,,,,,
1120,Internal,180,455,120139,53,26.0,12.7,0,0,4,0,0,46,0,0,0,0,0.0,79.63386644474717,0.0,0.0,0,0,0,0,0,0,0,0,0,0,0,0,,,,0,,,,,,,,,,,,,,,,,
1121,Internal,179,592,120139,53,26.0,12.7,10,35,399,5,2,46,0,0,0,0,0.0,53.80666651672106,0.0,0.0,0,0,0,0,3884,0,0,0,0,0,0,0,,,,0,,,,,,,,,,,,,,,,,
1122,Internal,243,545,81339,57,9.9,8.3,12,162,20,38,53,32,0,0,0,0,0.0,187.2471994781893,0.0,0.0,0,0,0,0,0,0,0,0,1,536,0,150,62,0,196,0,,,,,,,,,,,,,,,,,
1123,Internal,7,18,81339,57,9.9,8.3,32,84,29,28,199,11,0,0,0,0,0.0,0.0,0.0,0.0,0,0,0,0,0,0,0,0,1,536,0,150,155,0,451,0,,,,,,,,,,,,,,,,,
1124,Internal,114,270,81339,57,9.9,8.3,3,58,299,11,43,41,0,0,0,0,0.0,148.5063995861501,0.0,0.0,0,0,0,0,0,0,0,0,1,536,0,150,67,0,409,0,,,,,,,,,,,,,,,,,
1125,Internal,99,206,81339,57,9.9,8.3,28,75,150,52,202,17,0,0,0,0,0.0,25.827199928026108,0.0,0.0,0,0,0,0,0,0,0,0,1,536,0,150,106,0,713,0,,,,,,,,,,,,,,,,,
1126,Internal,205,492,81339,57,9.9,8.3,1,348,4,13,0,46,0,0,0,0,0.0,335.75359906433937,0.0,0.0,0,0,0,0,94,0,0,0,0,0,0,0,,,,0,,,,,,,,,,,,,,,,,
1127,Internal,286,784,80464,57,16.8,22.7,9,310,1,112,1,39,0,0,0,0,0.0,25.827199928026108,0.0,0.0,0,0,0,0,1661,0,0,0,0,0,0,0,,,,0,,,,,,,,,,,,,,,,,
1128,Internal,340,806,80464,57,16.8,22.7,8,15,23,0,1,37,0,0,0,0,0.0,228.14026603089727,0.0,0.0,0,0,0,0,0,0,0,0,0,0,0,0,,,,0,,,,,,,,,,,,,,,,,
1129,Internal,11,25,65764,57,2.5,16.6,25,34,112,6,76,26,0,0,0,0,0.0,12.913599964013054,0.0,0.0,0,0,0,0,0,0,0,0,1,536,0,150,41,0,314,0,,,,,,,,,,,,,,,,,
1130,Internal,103,222,65764,57,2.5,16.6,14,16,91,4,29,33,0,0,0,0,0.0,202.31306610287118,0.0,0.0,0,0,0,0,0,0,0,0,1,536,0,150,35,0,218,0,,,,,,,,,,,,,,,,,
1131,Internal,210,437,80464,57,16.8,22.7,3,131,8,0,4,51,0,0,0,0,0.0,348.66719902835246,0.0,0.0,0,0,0,0,663,0,0,0,0,0,0,0,,,,0,,,,,,,,,,,,,,,,,
1132,Internal,124,329,80464,57,16.8,22.7,0,0,6,0,0,32,0,0,0,0,0.0,174.33359951417623,0.0,0.0,0,0,0,0,0,0,0,0,0,0,0,0,,,,0,,,,,,,,,,,,,,,,,
1133,Internal,326,512,37133,53,11.7,7.7,22,248,70,24,135,29,0,0,0,0,0.0,25.827199928026108,0.0,0.0,0,0,0,0,0,0,0,0,0,0,0,0,,,,0,,,,,,,,,,,,,,,,,
1134,Internal,404,832,37133,53,11.7,7.7,3,44,116,20,124,40,0,0,0,0,0.0,53.80666651672106,0.0,0.0,0,0,0,0,0,0,0,0,0,0,0,0,,,,0,,,,,,,,,,,,,,,,,
1135,Internal,330,525,37133,53,11.7,7.7,3,3,17,0,14,18,0,0,0,0,0.0,148.5063995861501,0.0,0.0,0,0,0,0,0,0,0,0,0,0,0,0,,,,0,,,,,,,,,,,,,,,,,
1136,Internal,281,647,37133,53,11.7,7.7,7,15,12,0,10,36,0,0,0,0,0.0,361.5807989923655,0.0,0.0,0,0,0,0,0,0,0,0,0,0,0,0,,,,0,,,,,,,,,,,,,,,,,
1137,Internal,634,1356,32317,53,25.2,4.0,42,76,12,0,0,22,0,0,0,0,0.0,430.45333213376847,0.0,0.0,0,0,0,0,0,0,0,0,1,536,0,150,15,0,60,0,,,,,,,,,,,,,,,,,
1138,Internal,547,835,28304,53,17.6,5.7,166,132,128,60,26,44,0,0,0,0,0.0,389.5602655810605,0.0,0.0,0,0,0,0,0,0,0,0,1,536,0,150,316,0,331,0,,,,,,,,,,,,,,,,,
1139,Internal,554,1015,55995,59,17.9,7.4,38,37,7,0,4,70,0,0,0,0,0.0,505.78266525717794,0.0,0.0,0,0,0,0,0,0,0,0,0,0,0,0,,,,0,,,,,,,,,,,,,,,,,
1140,Internal,211,539,56806,59,12.9,7.1,7,134,1,0,0,51,0,0,0,0,0.0,0.0,0.0,0.0,0,0,0,0,1181,0,0,0,0,0,0,0,,,,0,,,,,,,,,,,,,,,,,
1141,Internal,468,908,56806,59,12.9,7.1,0,59,63,12,3,44,0,0,0,0,0.0,60.26346649872758,0.0,0.0,0,0,0,0,0,0,0,0,0,0,0,0,,,,0,,,,,,,,,,,,,,,,,
1142,Internal,120,302,123162,59,23.6,15.7,19,2,11,13,1,46,0,0,0,0,0.0,53.80666651672106,0.0,0.0,0,0,0,0,0,0,0,0,0,0,0,0,,,,0,,,,,,,,,,,,,,,,,
1143,Internal,77,224,123162,59,23.6,15.7,0,0,2,0,0,46,0,0,0,0,0.0,0.0,0.0,0.0,0,0,0,0,0,0,0,0,0,0,0,0,,,,0,,,,,,,,,,,,,,,,,
1144,Internal,63,217,123162,59,23.6,15.7,0,1,5,25,2,46,0,0,0,0,0.0,12.913599964013054,0.0,0.0,0,0,0,0,0,0,0,0,0,0,0,0,,,,0,,,,,,,,,,,,,,,,,
1145,Internal,166,413,123162,59,23.6,15.7,5,3,16,0,1,46,0,0,0,0,0.0,40.893066552708,0.0,0.0,0,0,0,0,0,0,0,0,0,0,0,0,,,,0,,,,,,,,,,,,,,,,,
1146,Internal,239,622,123162,59,23.6,15.7,30,46,54,0,3,22,0,0,0,0,0.0,0.0,0.0,0.0,0,0,0,0,0,0,0,0,0,0,0,0,,,,0,,,,,,,,,,,,,,,,,
1147,Internal,116,277,123162,59,23.6,15.7,2,0,5,0,0,46,0,0,0,0,0.0,0.0,0.0,0.0,0,0,0,0,0,0,0,0,0,0,0,0,,,,0,,,,,,,,,,,,,,,,,
1148,Internal,2066,5555,94281,50,23.4,8.1,35,17,217,17,6,28,0,0,0,0,0.0,0.0,0.0,0.0,0,0,0,0,1041,0,0,0,0,0,0,0,,,,0,,,,,,,,,,,,,,,,,
1149,Internal,87,209,69667,49,17.3,16.0,0,15,15,0,0,25,0,0,0,0,0.0,0.0,0.0,0.0,0,0,0,0,0,0,0,0,0,0,0,0,,,,0,,,,,,,,,,,,,,,,,
1150,Internal,148,373,69667,49,17.3,16.0,0,32,3,0,0,25,0,0,0,0,0.0,0.0,0.0,0.0,0,0,0,0,0,0,0,0,0,0,0,0,,,,0,,,,,,,,,,,,,,,,,
1151,Internal,124,271,69667,49,17.3,16.0,2,20,15,23,0,25,0,0,0,0,0.0,0.0,0.0,0.0,0,0,0,0,0,0,0,0,0,0,0,0,,,,0,,,,,,,,,,,,,,,,,
1152,Internal,195,489,67500,49,19.6,16.3,2,3,2,0,0,25,0,0,0,0,0.0,0.0,0.0,0.0,0,0,0,0,0,0,0,0,0,0,0,0,,,,0,,,,,,,,,,,,,,,,,
1153,Internal,57,137,67500,49,19.6,16.3,0,9,2,0,0,25,0,0,0,0,0.0,0.0,0.0,0.0,0,0,0,0,0,0,0,0,0,0,0,0,,,,0,,,,,,,,,,,,,,,,,
1154,Internal,262,620,67500,49,19.6,16.3,16,11,8,2,0,27,0,0,0,0,0.0,0.0,0.0,0.0,0,0,0,0,0,0,0,0,0,0,0,0,,,,0,,,,,,,,,,,,,,,,,
1155,Internal,248,575,60938,49,14.1,35.8,15,33,6,0,3,25,0,0,0,0,0.0,0.0,0.0,0.0,0,0,0,0,0,0,0,0,0,0,0,0,,,,0,,,,,,,,,,,,,,,,,
1156,Internal,94,238,60938,49,14.1,35.8,2,2,0,0,0,25,0,0,0,0,0.0,0.0,0.0,0.0,0,0,0,0,0,0,0,0,0,0,0,0,,,,0,,,,,,,,,,,,,,,,,
1157,Internal,286,720,64712,49,17.9,21.4,6,84,8,0,4,8,0,0,0,0,0.0,0.0,0.0,0.0,0,0,0,0,0,0,0,0,0,0,0,0,,,,0,,,,,,,,,,,,,,,,,
1158,Internal,129,289,64712,49,17.9,21.4,4,13,15,0,0,20,0,0,0,0,0.0,0.0,0.0,0.0,0,0,0,0,0,0,0,0,0,0,0,0,,,,0,,,,,,,,,,,,,,,,,
1159,Internal,143,394,64712,49,17.9,21.4,0,9,14,0,1,20,0,0,0,0,0.0,0.0,0.0,0.0,0,0,0,0,0,0,0,0,0,0,0,0,,,,0,,,,,,,,,,,,,,,,,
1160,Internal,267,636,64712,49,17.9,21.4,3,7,10,0,0,20,0,0,0,0,0.0,0.0,0.0,0.0,0,0,0,0,0,0,0,0,0,0,0,0,,,,0,,,,,,,,,,,,,,,,,
1161,Internal,234,576,79286,49,20.1,16.4,0,20,8,0,2,20,0,0,0,0,0.0,0.0,0.0,0.0,0,0,0,0,0,0,0,0,0,0,0,0,,,,0,,,,,,,,,,,,,,,,,
1162,Internal,173,477,79286,49,20.1,16.4,27,18,4,8,3,20,0,0,0,0,0.0,0.0,0.0,0.0,0,0,0,0,0,0,0,0,0,0,0,0,,,,0,,,,,,,,,,,,,,,,,
1163,Internal,373,835,79286,49,20.1,16.4,45,45,8,0,9,6,0,0,0,0,0.0,0.0,0.0,0.0,0,0,0,0,0,0,0,0,0,0,0,0,,,,0,,,,,,,,,,,,,,,,,
1164,Internal,212,536,79286,49,20.1,16.4,9,2,6,3,0,20,0,0,0,0,0.0,0.0,0.0,0.0,0,0,0,0,0,0,0,0,0,0,0,0,,,,0,,,,,,,,,,,,,,,,,
1165,Internal,157,373,79286,49,20.1,16.4,4,19,4,0,0,20,0,0,0,0,0.0,0.0,0.0,0.0,0,0,0,0,0,0,0,0,0,0,0,0,,,,0,,,,,,,,,,,,,,,,,
1166,Internal,288,720,73365,43,22.7,20.9,2,19,6,1,2,35,0,0,0,0,0.0,0.0,0.0,0.0,0,0,0,0,0,0,0,0,0,0,0,0,,,,0,,,,,,,,,,,,,,,,,
1167,Internal,115,280,48882,43,27.9,16.0,0,57,20,0,0,28,0,0,0,0,0.0,0.0,1.6613285883748519,0.0,0,0,0,0,0,0,0,0,0,0,0,0,,,,0,,,,,,,,,,,,,,,,,
1168,Internal,287,773,48882,43,27.9,16.0,65,108,22,6,30,36,0,0,0,0,0.0,0.0,0.0,5.242421355582824,0,0,0,0,0,0,0,0,0,0,0,0,,,,0,,,,,,,,,,,,,,,,,
1169,Internal,131,320,48882,43,27.9,16.0,47,71,49,16,5,20,0,0,0,0,0.0,0.0,0.0,0.0,0,0,0,0,0,0,0,0,0,0,0,0,,,,0,,,,,,,,,,,,,,,,,
1170,Internal,36,105,48882,43,27.9,16.0,0,0,3,0,0,28,0,0,0,0,0.0,0.0,0.0,5.242421355582824,0,0,0,0,0,0,0,0,0,0,0,0,,,,0,,,,,,,,,,,,,,,,,
1171,Internal,288,844,73365,43,22.7,20.9,7,19,0,4,0,35,0,0,0,0,0.0,0.0,1.6613285883748519,0.0,0,0,0,0,0,0,0,0,0,0,0,0,,,,0,,,,,,,,,,,,,,,,,
1172,Internal,184,506,74647,43,26.5,19.5,9,8,11,0,0,35,0,0,0,0,0.0,0.0,0.0,0.0,0,0,0,0,0,0,0,0,0,0,0,0,,,,0,,,,,,,,,,,,,,,,,
1173,Internal,93,228,73365,43,22.7,20.9,1,0,9,5,0,35,0,0,0,0,0.0,0.0,0.0,0.0,0,0,0,0,0,0,0,0,0,0,0,0,,,,0,,,,,,,,,,,,,,,,,
1174,Internal,151,331,74647,43,26.5,19.5,0,42,74,0,3,32,0,0,0,0,0.0,0.0,0.0,0.0,0,0,0,0,526,0,0,0,0,0,0,0,,,,0,,,,,,,,,,,,,,,,,
1175,Internal,163,404,74647,43,26.5,19.5,0,7,5,0,1,35,0,0,0,0,0.0,0.0,0.0,0.0,0,0,0,0,0,0,0,0,0,0,0,0,,,,0,,,,,,,,,,,,,,,,,
1176,Internal,265,722,74647,43,26.5,19.5,12,24,2,3,3,39,0,0,0,0,0.0,0.0,0.0,0.0,0,0,0,0,0,0,0,0,0,0,0,0,,,,0,,,,,,,,,,,,,,,,,
1177,Internal,65,193,74647,43,26.5,19.5,12,101,11,0,0,50,0,0,0,0,0.0,0.0,0.0,0.0,0,0,0,0,885,0,0,0,0,0,0,0,,,,0,,,,,,,,,,,,,,,,,
1178,Internal,203,505,74647,43,26.5,19.5,17,31,8,2,30,20,0,0,0,0,0.0,0.0,0.0,0.0,0,0,0,0,0,0,0,0,0,0,0,0,,,,0,,,,,,,,,,,,,,,,,
1179,Internal,260,723,39086,43,20.1,11.8,0,29,6,0,0,30,0,0,0,0,0.0,0.0,9.96797153024911,0.0,0,0,0,0,0,0,0,0,0,0,0,0,,,,0,,,,,,,,,,,,,,,,,
1180,Internal,321,913,39086,43,20.1,11.8,11,36,3,0,0,47,0,0,0,0,0.0,0.0,0.0,0.0,0,0,0,0,0,0,0,0,0,0,0,0,,,,0,,,,,,,,,,,,,,,,,
1181,Internal,140,359,39086,43,20.1,11.8,2,13,0,1,2,35,0,0,0,0,0.0,0.0,0.0,0.0,0,0,0,0,0,0,0,0,0,0,0,0,,,,0,,,,,,,,,,,,,,,,,
1182,Internal,647,1385,36059,53,14.1,5.6,59,146,63,20,338,20,0,0,0,0,0.0,159.26773288949434,0.0,0.0,0,0,0,0,0,0,0,0,1,536,0,150,132,0,21,0,,,,,,,,,,,,,,,,,
1183,Internal,303,560,55995,59,17.9,7.4,5,85,26,0,0,46,0,0,0,0,0.0,273.337865904943,0.0,0.0,0,0,0,0,0,0,0,0,0,0,0,0,,,,0,,,,,,,,,,,,,,,,,
1184,Internal,55,188,79076,43,26.7,12.5,0,2,4,0,2,28,0,0,0,0,0.0,0.0,0.0,0.0,0,0,0,0,0,0,0,0,0,0,0,0,,,,0,,,,,,,,,,,,,,,,,
1185,Internal,382,1106,79076,43,26.7,12.5,16,12,11,3,83,53,0,0,0,0,0.0,0.0,0.0,0.0,0,0,0,0,0,0,0,0,0,0,0,0,,,,0,,,,,,,,,,,,,,,,,
1186,Internal,233,606,79076,43,26.7,12.5,16,2,8,0,0,28,0,0,0,0,0.0,25.827199928026108,0.0,0.0,0,0,0,0,0,0,0,0,0,0,0,0,,,,0,,,,,,,,,,,,,,,,,
1187,Internal,563,1449,95462,47,32.2,15.6,21,197,23,5,30,44,0,0,0,0,0.0,0.0,0.0,0.0,0,0,0,0,962,0,0,0,0,0,0,0,,,,0,,,,,,,,,,,,,,,,,
1188,Internal,399,998,95462,47,32.2,15.6,19,24,128,4,97,31,0,0,0,0,0.0,0.0,0.0,0.0,0,0,0,0,0,0,0,0,8,267,0,150,91,0,363,0,,,,,,,,,,,,,,,,,
1189,Internal,269,783,95462,47,32.2,15.6,1,0,7,0,2,22,0,0,0,0,0.0,0.0,0.0,0.0,0,0,0,0,0,0,0,0,0,0,0,0,,,,0,,,,,,,,,,,,,,,,,
1190,Internal,333,909,88250,47,22.4,17.7,20,3,18,0,2,21,0,0,0,0,0.0,0.0,0.0,0.0,0,0,0,0,0,0,0,0,0,0,0,0,,,,0,,,,,,,,,,,,,,,,,
1191,Internal,208,457,88250,47,22.4,17.7,9,46,8,18,27,23,0,0,0,0,0.0,0.0,0.0,0.0,0,0,0,0,0,0,0,0,0,0,0,0,,,,0,,,,,,,,,,,,,,,,,
1192,Internal,205,440,88250,47,22.4,17.7,520,170,370,24,42,42,0,0,0,0,0.0,0.0,0.0,0.0,0,0,0,0,0,0,0,0,0,0,0,0,,,,0,,,,,,,,,,,,,,,,,
1193,Internal,462,895,56806,59,12.9,7.1,0,3,89,2,0,46,0,0,0,0,0.0,60.26346649872758,0.0,0.0,0,0,0,0,0,0,0,0,0,0,0,0,,,,0,,,,,,,,,,,,,,,,,
1194,Internal,269,617,88250,47,22.4,17.7,131,427,124,60,4,44,0,0,0,0,0.0,0.0,0.0,0.0,0,0,0,0,814,0,0,0,8,267,0,150,375,0,544,0,,,,,,,,,,,,,,,,,
1195,Internal,475,955,69653,47,22.3,15.0,55,107,350,60,153,21,0,0,0,0,0.0,0.0,0.0,0.0,0,0,0,0,0,0,0,0,8,267,0,150,277,0,675,0,,,,,,,,,,,,,,,,,
1196,Internal,476,1116,53250,47,8.6,17.5,5,131,274,0,48,23,0,0,0,0,0.0,0.0,0.0,0.0,0,0,0,0,1331,0,0,0,8,267,0,150,231,0,419,0,,,,,,,,,,,,,,,,,
1197,Internal,213,496,57955,47,6.2,17.6,0,5,6,0,4,35,0,0,0,0,0.0,0.0,0.0,0.0,0,0,0,0,0,0,0,0,0,0,0,0,,,,0,,,,,,,,,,,,,,,,,
1198,Internal,482,1239,53250,47,8.6,17.5,143,21,532,48,57,30,0,0,0,0,0.0,0.0,0.0,0.0,0,0,0,0,430,0,0,0,0,0,0,0,,,,0,,,,,,,,,,,,,,,,,
1199,Internal,246,687,42232,45,17.0,12.4,6,21,64,0,0,31,0,0,0,0,0.0,0.0,0.0,0.0,0,0,0,0,0,0,0,0,0,0,0,0,,,,0,,,,,,,,,,,,,,,,,
1200,Internal,434,1206,42232,45,17.0,12.4,40,34,10,21,14,56,0,0,0,0,0.0,0.0,0.0,0.0,0,0,0,0,0,0,0,0,0,0,0,0,,,,0,,,,,,,,,,,,,,,,,
1201,Internal,236,602,42232,45,17.0,12.4,37,24,38,0,2,7,0,0,0,0,0.0,0.0,0.0,0.0,0,0,0,0,0,0,0,0,0,0,0,0,,,,0,,,,,,,,,,,,,,,,,
1202,Internal,96,219,42232,45,17.0,12.4,60,50,0,0,0,34,0,0,0,0,0.0,0.0,0.0,0.0,0,0,0,0,0,0,0,0,0,0,0,0,,,,0,,,,,,,,,,,,,,,,,
1203,Internal,367,946,63677,45,22.8,9.8,0,24,4,4,0,55,0,0,0,0,0.0,0.0,0.0,0.0,0,0,0,0,0,0,0,0,0,0,0,0,,,,0,,,,,,,,,,,,,,,,,
1204,Internal,458,1122,88393,45,17.5,17.9,9,81,21,7,0,40,0,0,0,0,0.0,0.0,0.0,0.0,0,0,0,0,625,0,0,0,0,0,0,0,,,,0,,,,,,,,,,,,,,,,,
1205,Internal,195,514,55982,45,25.6,9.6,468,11,242,0,7,38,0,0,0,0,0.0,0.0,0.0,0.0,0,0,0,0,0,0,0,0,0,0,0,0,,,,0,,,,,,,,,,,,,,,,,
1206,Internal,408,977,56250,45,27.2,12.9,25,4,6,0,3,55,0,0,0,0,0.0,0.0,0.0,0.0,0,0,0,0,0,0,0,0,0,0,0,0,,,,0,,,,,,,,,,,,,,,,,
1207,Internal,176,516,51442,44,24.8,11.1,12,182,33,0,0,50,0,0,0,0,0.0,0.0,0.0,0.0,0,0,0,0,1974,0,0,0,0,0,0,0,,,,0,,,,,,,,,,,,,,,,,
1208,Internal,167,432,72827,44,26.1,17.9,607,87,94,5,6,30,0,0,0,0,0.0,0.0,0.0,0.0,0,0,0,0,656,0,0,0,0,0,0,0,,,,0,,,,,,,,,,,,,,,,,
1209,Internal,184,510,72827,44,26.1,17.9,0,1,3,0,0,30,0,0,0,0,0.0,12.913599964013054,0.0,0.0,0,0,0,0,0,0,0,0,0,0,0,0,,,,0,,,,,,,,,,,,,,,,,
1210,Internal,118,246,72827,44,26.1,17.9,31,18,34,14,9,30,0,0,0,0,0.0,0.0,0.0,0.0,0,0,0,0,0,0,0,0,0,0,0,0,,,,0,,,,,,,,,,,,,,,,,
1211,Internal,183,414,72827,44,26.1,17.9,0,5,9,0,32,30,0,0,0,0,0.0,0.0,0.0,0.0,0,0,0,0,0,0,0,0,0,0,0,0,,,,0,,,,,,,,,,,,,,,,,
1212,Internal,380,948,51442,44,24.8,11.1,2,7,4,0,0,30,0,0,0,0,0.0,0.0,0.0,0.0,0,0,0,0,0,0,0,0,0,0,0,0,,,,0,,,,,,,,,,,,,,,,,
1213,Internal,284,665,51442,44,24.8,11.1,95,12,7,0,1,30,0,0,0,0,0.0,40.893066552708,0.0,0.0,0,0,0,0,0,0,0,0,0,0,0,0,,,,0,,,,,,,,,,,,,,,,,
1214,Internal,515,1271,54864,44,28.5,7.2,3,63,208,38,99,13,0,0,0,0,0.0,21.522666606688425,0.0,0.0,0,0,0,0,0,0,0,0,0,0,0,0,,,,0,,,,,,,,,,,,,,,,,
1215,Internal,97,217,95750,52,22.0,17.8,4,113,0,0,0,50,0,0,0,0,0.0,12.913599964013054,1.6613285883748519,0.0,0,0,0,0,629,0,0,0,0,0,0,0,,,,0,,,,,,,,,,,,,,,,,
1216,Internal,162,364,95750,52,22.0,17.8,0,2,5,0,5,36,0,0,0,0,0.0,12.913599964013054,0.0,0.0,0,0,0,0,0,0,0,0,0,0,0,0,,,,0,,,,,,,,,,,,,,,,,
1217,Internal,83,258,95750,52,22.0,17.8,5,13,10,7,60,0,0,0,0,0,0.0,12.913599964013054,0.0,0.0,0,0,0,0,0,0,0,0,0,0,0,0,,,,0,,,,,,,,,,,,,,,,,
1218,Internal,80,197,95750,52,22.0,17.8,2,4,7,0,4,36,0,0,0,0,0.0,0.0,1.6613285883748519,0.0,0,0,0,0,0,0,0,0,0,0,0,0,,,,0,,,,,,,,,,,,,,,,,
1219,Internal,104,253,95750,52,22.0,17.8,0,2,3,0,0,36,0,0,0,0,0.0,12.913599964013054,4.983985765124555,5.242421355582824,0,0,0,0,0,0,0,0,0,0,0,0,,,,0,,,,,,,,,,,,,,,,,
1220,Internal,128,310,95750,52,22.0,17.8,0,5,11,0,4,36,0,0,0,0,0.0,25.827199928026108,0.0,0.0,0,0,0,0,0,0,0,0,0,0,0,0,,,,0,,,,,,,,,,,,,,,,,
1221,Internal,72,184,95750,52,22.0,17.8,0,1,0,0,0,36,0,0,0,0,0.0,0.0,4.983985765124555,0.0,0,0,0,0,0,0,0,0,0,0,0,0,,,,0,,,,,,,,,,,,,,,,,
1222,Internal,103,344,95750,52,22.0,17.8,12,15,27,2,0,27,0,0,0,0,0.0,0.0,1.6613285883748519,5.242421355582824,0,0,0,0,0,0,0,0,0,0,0,0,,,,0,,,,,,,,,,,,,,,,,
1223,Internal,126,360,153438,52,19.0,26.6,0,7,10,0,2,36,0,0,0,0,0.0,25.827199928026108,0.0,5.242421355582824,0,0,0,0,0,0,0,0,0,0,0,0,,,,0,,,,,,,,,,,,,,,,,
1224,Internal,188,474,153438,52,19.0,26.6,18,5,6,3,0,16,0,0,0,0,0.0,40.893066552708,0.0,0.0,0,0,0,0,0,0,0,0,0,0,0,0,,,,0,,,,,,,,,,,,,,,,,
1225,Internal,125,386,153438,52,19.0,26.6,1,26,8,38,0,36,0,0,0,0,0.0,40.893066552708,0.0,0.0,0,0,0,0,0,0,0,0,0,0,0,0,,,,0,,,,,,,,,,,,,,,,,
1226,Internal,153,360,153438,52,19.0,26.6,0,6,21,0,2,56,0,0,0,0,0.0,12.913599964013054,1.6613285883748519,0.0,0,0,0,0,0,0,0,0,0,0,0,0,,,,0,,,,,,,,,,,,,,,,,
1227,Internal,534,1375,133401,46,29.2,7.4,9,107,84,12,22,40,0,0,0,0,0.0,269.0333325836053,0.0,0.0,0,0,0,0,0,0,0,0,0,0,0,0,,,,0,,,,,,,,,,,,,,,,,
1228,Internal,564,1028,133401,46,29.2,7.4,11,967,542,419,646,44,0,0,0,0,0.0,0.0,0.0,0.0,0,0,0,0,0,0,0,0,0,0,0,0,,,,0,,,,,,,,,,,,,,,,,
1229,Internal,241,488,98092,46,22.8,28.0,47,172,383,19,235,13,0,0,0,0,0.0,66.72026648073411,0.0,0.0,0,0,0,0,0,0,0,0,0,0,0,0,,,,0,,,,,,,,,,,,,,,,,
1230,Internal,6,14,98092,46,22.8,28.0,3,146,685,5,6,65,0,0,0,0,0.0,0.0,0.0,0.0,0,0,0,0,0,0,0,0,0,0,0,0,,,,0,,,,,,,,,,,,,,,,,
1231,Internal,346,606,98092,46,22.8,28.0,50,348,618,29,90,53,0,0,0,0,0.0,75.32933312340948,0.0,0.0,0,0,0,0,0,0,0,0,0,0,0,0,,,,0,,,,,,,,,,,,,,,,,
1232,Internal,745,1850,133401,46,29.2,7.4,9,65,63,16,18,40,0,0,0,0,0.0,301.31733249363793,0.0,0.0,0,0,0,0,0,0,0,0,0,0,0,0,,,,0,,,,,,,,,,,,,,,,,
1233,Internal,431,1133,98092,46,22.8,28.0,26,17,162,6,26,51,0,0,0,0,0.0,66.72026648073411,0.0,0.0,0,0,0,0,2005,0,0,0,0,0,0,0,,,,0,,,,,,,,,,,,,,,,,
1234,Internal,598,1628,98092,46,22.8,28.0,10,19,2,9,0,45,0,0,0,0,0.0,133.44053296146822,0.0,0.0,0,0,0,0,0,0,0,0,0,0,0,0,,,,0,,,,,,,,,,,,,,,,,
1235,Internal,623,1272,64447,46,29.7,10.9,8,134,333,27,14,46,0,0,0,0,0.0,335.75359906433937,0.0,9.174237372269943,0,0,0,0,0,0,0,0,0,0,0,0,,,,0,,,,,,,,,,,,,,,,,
1236,Internal,318,736,153438,52,19.0,26.6,2,68,25,13,2,36,0,0,0,0,0.0,0.0,0.0,0.0,0,0,0,0,0,0,0,0,0,0,0,0,,,,0,,,,,,,,,,,,,,,,,
1237,Internal,749,1367,64447,46,29.7,10.9,12,365,1064,95,212,40,0,0,0,0,0.0,348.66719902835246,0.0,9.174237372269943,0,0,0,0,0,0,0,1,0,0,0,0,,,,0,,,,,,,,,,,,,,,,,
1238,Internal,573,1247,64447,46,29.7,10.9,7,224,554,9,9,43,0,0,0,0,0.0,241.05386599491032,0.0,14.416658727852766,0,0,0,0,0,0,0,0,0,0,0,0,,,,0,,,,,,,,,,,,,,,,,
1239,Internal,921,2230,94281,50,23.4,8.1,0,14,199,0,9,28,0,0,0,0,0.0,0.0,0.0,0.0,0,0,0,0,0,0,0,0,0,0,0,0,,,,0,,,,,,,,,,,,,,,,,
1240,Internal,653,1800,157422,48,31.3,10.3,7,10,7,0,0,75,0,0,0,0,0.0,79.63386644474717,0.0,0.0,0,0,0,0,0,0,0,0,0,0,0,0,,,,0,,,,,,,,,,,,,,,,,
1241,Internal,424,1197,157422,48,31.3,10.3,3,105,18,10,8,46,0,0,0,0,0.0,94.69973306942907,0.0,0.0,0,0,0,0,748,0,0,0,0,0,0,0,,,,0,,,,,,,,,,,,,,,,,
1242,Internal,427,1410,157422,48,31.3,10.3,7,18,13,0,6,51,0,0,0,0,0.0,256.11973261959224,0.0,0.0,0,0,0,0,0,0,0,0,0,0,0,0,,,,0,,,,,,,,,,,,,,,,,
1243,Internal,1137,2971,157422,48,31.3,10.3,7,251,21,18,4,34,0,0,0,0,0.0,53.80666651672106,0.0,0.0,0,0,0,0,0,0,0,0,0,0,0,0,,,,0,,,,,,,,,,,,,,,,,
1244,Internal,70,135,89706,48,28.4,19.9,0,10,10,5,0,5,0,0,0,0,0.0,25.827199928026108,0.0,0.0,0,0,0,0,0,0,0,0,0,0,0,0,,,,0,,,,,,,,,,,,,,,,,
1245,Internal,109,248,89706,48,28.4,19.9,8,15,0,0,0,34,0,0,0,0,0.0,12.913599964013054,0.0,0.0,0,0,0,0,0,0,0,0,0,0,0,0,,,,0,,,,,,,,,,,,,,,,,
1246,Internal,219,552,89706,48,28.4,19.9,133,448,148,58,43,14,0,0,0,0,0.0,12.913599964013054,0.0,0.0,0,0,0,0,244,0,0,0,0,0,0,0,,,,0,,,,,,,,,,,,,,,,,
1247,Internal,85,205,89706,48,28.4,19.9,3,3,1,3,3,34,0,0,0,0,0.0,25.827199928026108,0.0,0.0,0,0,0,0,0,0,0,0,0,0,0,0,,,,0,,,,,,,,,,,,,,,,,
1248,Internal,85,234,89706,48,28.4,19.9,11,10,8,0,0,9,0,0,0,0,0.0,12.913599964013054,0.0,0.0,0,0,0,0,0,0,0,0,0,0,0,0,,,,0,,,,,,,,,,,,,,,,,
1249,Internal,288,793,89706,48,28.4,19.9,0,10,30,3,1,36,0,0,0,0,0.0,53.80666651672106,0.0,0.0,0,0,0,0,0,0,0,0,0,0,0,0,,,,0,,,,,,,,,,,,,,,,,
1250,Internal,59,179,89706,48,28.4,19.9,0,0,0,0,3,34,0,0,0,0,0.0,25.827199928026108,0.0,0.0,0,0,0,0,0,0,0,0,0,0,0,0,,,,0,,,,,,,,,,,,,,,,,
1251,Internal,385,781,61486,48,23.1,16.3,33,17,9,10,9,37,0,0,0,0,0.0,12.913599964013054,0.0,0.0,0,0,0,0,0,0,0,0,0,0,0,0,,,,0,,,,,,,,,,,,,,,,,
1252,Internal,117,289,61486,48,23.1,16.3,22,5,1,0,9,34,0,0,0,0,0.0,12.913599964013054,0.0,0.0,0,0,0,0,0,0,0,0,0,0,0,0,,,,0,,,,,,,,,,,,,,,,,
1253,Internal,49,90,61486,48,23.1,16.3,12,0,6,1,0,31,0,0,0,0,0.0,12.913599964013054,0.0,0.0,0,0,0,0,0,0,0,0,0,0,0,0,,,,0,,,,,,,,,,,,,,,,,
1254,Internal,163,462,61486,48,23.1,16.3,2,15,6,0,0,34,0,0,0,0,0.0,53.80666651672106,0.0,0.0,0,0,0,0,0,0,0,0,0,0,0,0,,,,0,,,,,,,,,,,,,,,,,
1255,Internal,175,472,61486,48,23.1,16.3,22,5,14,5,3,19,0,0,0,0,0.0,40.893066552708,0.0,0.0,0,0,0,0,0,0,0,0,0,0,0,0,,,,0,,,,,,,,,,,,,,,,,
1256,Internal,43,119,61486,48,23.1,16.3,2,1,3,0,0,34,0,0,0,0,0.0,12.913599964013054,0.0,0.0,0,0,0,0,0,0,0,0,0,0,0,0,,,,0,,,,,,,,,,,,,,,,,
1257,Internal,60,136,61486,48,23.1,16.3,4,2,7,0,0,34,0,0,0,0,0.0,0.0,0.0,0.0,0,0,0,0,0,0,0,0,0,0,0,0,,,,0,,,,,,,,,,,,,,,,,
1258,Internal,340,795,79737,50,20.3,19.5,23,35,32,8,8,56,0,0,0,0,0.0,12.913599964013054,0.0,0.0,0,0,0,0,0,0,0,0,0,0,0,0,,,,0,,,,,,,,,,,,,,,,,
1259,Internal,175,452,79737,50,20.3,19.5,3,3,20,0,10,35,0,0,0,0,0.0,0.0,0.0,0.0,0,0,0,0,0,0,0,0,0,0,0,0,,,,0,,,,,,,,,,,,,,,,,
1260,Internal,82,180,79737,50,20.3,19.5,16,14,7,0,14,42,0,0,0,0,0.0,0.0,0.0,0.0,0,0,0,0,0,0,0,0,0,0,0,0,,,,0,,,,,,,,,,,,,,,,,
1261,Internal,111,260,79737,50,20.3,19.5,0,0,0,0,10,35,0,0,0,0,0.0,0.0,0.0,0.0,0,0,0,0,0,0,0,0,0,0,0,0,,,,0,,,,,,,,,,,,,,,,,
1262,Internal,133,323,79737,50,20.3,19.5,5,21,3,0,0,35,0,0,0,0,0.0,0.0,0.0,0.0,0,0,0,0,0,0,0,0,0,0,0,0,,,,0,,,,,,,,,,,,,,,,,
1263,Internal,252,582,59571,50,28.2,14.1,5,46,48,0,5,20,0,0,0,0,0.0,12.913599964013054,0.0,0.0,0,0,0,0,0,0,0,0,0,0,0,0,,,,0,,,,,,,,,,,,,,,,,
1264,Internal,182,473,59571,50,28.2,14.1,13,3,21,8,16,35,0,0,0,0,0.0,0.0,0.0,0.0,0,0,0,0,0,0,0,0,0,0,0,0,,,,0,,,,,,,,,,,,,,,,,
1265,Internal,230,577,79737,50,20.3,19.5,160,29,85,5,6,28,0,0,0,0,0.0,0.0,0.0,0.0,0,0,0,0,0,0,0,0,0,0,0,0,,,,0,,,,,,,,,,,,,,,,,
1266,Internal,347,928,68578,50,11.7,18.4,3,18,2,6,0,66,0,0,0,0,0.0,40.893066552708,0.0,0.0,0,0,0,0,0,0,0,0,0,0,0,0,,,,0,,,,,,,,,,,,,,,,,
1267,Internal,202,446,68578,50,11.7,18.4,8,20,19,5,2,35,0,0,0,0,0.0,25.827199928026108,0.0,0.0,0,0,0,0,0,0,0,0,0,0,0,0,,,,0,,,,,,,,,,,,,,,,,
1268,Internal,79,162,68578,50,11.7,18.4,3,0,2,0,8,35,0,0,0,0,0.0,25.827199928026108,0.0,0.0,0,0,0,0,0,0,0,0,0,0,0,0,,,,0,,,,,,,,,,,,,,,,,
1269,Internal,88,197,68578,50,11.7,18.4,7,13,5,0,5,15,0,0,0,0,0.0,25.827199928026108,0.0,0.0,0,0,0,0,0,0,0,0,0,0,0,0,,,,0,,,,,,,,,,,,,,,,,
1270,Internal,362,792,30169,45,8.1,4.4,0,103,15,44,0,40,0,0,0,0,0.0,376.6466656170474,0.0,0.0,0,0,0,0,620,0,0,0,0,0,0,0,,,,0,,,,,,,,,,,,,,,,,
1271,Internal,191,516,30169,45,8.1,4.4,3,93,145,43,45,27,0,0,0,0,0.0,228.14026603089727,0.0,0.0,0,0,0,0,0,0,0,0,1,536,0,150,10,0,41,0,,,,,,,,,,,,,,,,,
1272,Internal,302,772,30169,45,8.1,4.4,0,146,119,42,49,52,0,0,0,0,0.0,402.47386554507347,0.0,0.0,0,0,0,0,0,0,0,0,2,120,120,0,130,64,0,0,,,,,,,,,,,,,,,,,
1273,Internal,184,433,30169,45,8.1,4.4,5,69,119,525,18,58,0,0,0,0,0.0,241.05386599491032,0.0,0.0,0,0,0,0,0,0,0,0,0,0,0,0,,,,0,,,,,,,,,,,,,,,,,
1274,Internal,216,500,30169,45,8.1,4.4,2,29,214,7,27,58,0,0,0,0,0.0,79.63386644474717,0.0,0.0,0,0,0,0,0,0,0,0,1,536,0,300,379,0,65,0,,,,,,,,,,,,,,,,,
1275,Internal,154,441,30169,45,8.1,4.4,3,67,103,7,35,19,0,0,0,0,0.0,361.5807989923655,0.0,0.0,0,0,0,0,0,0,0,0,1,536,0,150,44,0,44,0,,,,,,,,,,,,,,,,,
1276,Internal,72,205,30169,45,8.1,4.4,0,10,1,0,0,52,0,0,0,0,0.0,133.44053296146822,0.0,5.242421355582824,0,0,0,0,0,0,0,0,0,0,0,0,,,,0,,,,,,,,,,,,,,,,,
1277,Internal,493,1098,101250,50,16.1,20.5,76,61,96,15,66,32,0,86,0,0,0.0,415.38746550908655,0.0,5.242421355582824,0,0,0,0,0,0,0,0,0,0,0,0,,,,0,,,,,,,,,,,,,,,,,
1278,Internal,712,1462,101250,50,16.1,20.5,1,619,520,68,50,33,0,0,0,0,0.0,107.61333303344212,0.0,0.0,0,0,0,0,0,0,0,0,0,0,0,0,,,,0,,,,,,,,,,,,,,,,,
1279,Internal,320,802,101250,50,16.1,20.5,6,46,56,1,13,20,0,0,0,0,0.0,120.52693299745516,0.0,0.0,0,0,0,0,0,0,0,0,0,0,0,0,,,,0,,,,,,,,,,,,,,,,,
1280,Internal,20,84,21100,50,2.5,2.7,24,347,151,62,540,10,0,194,0,0,0.0,40.893066552708,0.0,0.0,0,0,0,0,0,0,0,0,1,536,0,150,88,0,422,0,,,,,,,,,,,,,,,,,
1281,Internal,818,1654,21100,50,2.5,2.7,6,259,82,63,81,20,0,23,0,0,0.0,299.1650658329691,0.0,0.0,0,0,0,0,0,0,0,0,0,0,0,0,,,,0,,,,,,,,,,,,,,,,,
1282,Internal,179,404,21100,50,2.5,2.7,136,219,357,43,82,10,0,90,0,0,0.0,152.8109329074878,0.0,0.0,0,0,0,0,0,0,0,0,1,536,0,100,143,0,368,0,,,,,,,,,,,,,,,,,
1283,Internal,525,1177,126458,54,13.9,18.7,12,56,125,31,103,19,0,0,0,0,0.0,550.9802651312236,0.0,5.242421355582824,0,0,0,0,0,0,0,0,2,553,0,300,142,0,161,0,,,,,,,,,,,,,,,,,
1284,Internal,279,608,126458,54,13.9,18.7,0,49,107,23,27,35,0,0,0,0,0.0,53.80666651672106,0.0,0.0,0,0,0,0,0,0,0,0,0,0,0,0,,,,0,,,,,,,,,,,,,,,,,
1285,Internal,135,337,126458,54,13.9,18.7,0,314,34,28,8,33,0,0,0,0,0.0,120.52693299745516,0.0,0.0,0,0,0,0,380,0,0,0,2,553,0,300,118,0,3,0,,,,,,,,,,,,,,,,,
1286,Internal,33,70,126458,54,13.9,18.7,0,7,2,0,1,65,0,282,0,0,0.0,0.0,0.0,0.0,0,0,0,0,0,0,0,0,2,553,147,300,11,33,19,0,,,,,,,,,,,,,,,,,
1287,Internal,140,188,126458,54,13.9,18.7,0,3,39,40,0,33,0,0,0,0,0.0,107.61333303344212,0.0,5.242421355582824,0,0,0,0,0,0,0,0,0,0,0,0,,,,0,,,,,,,,,,,,,,,,,
1288,Internal,46,99,126458,54,13.9,18.7,0,0,12,0,0,33,0,0,0,0,0.0,79.63386644474717,0.0,0.0,0,0,0,0,0,0,0,0,0,0,0,0,,,,0,,,,,,,,,,,,,,,,,
1289,Internal,1,4,126458,54,13.9,18.7,10,29,100,0,181,32,0,0,0,0,0.0,0.0,0.0,0.0,0,0,0,0,0,0,0,0,0,0,0,0,,,,0,,,,,,,,,,,,,,,,,
1290,Internal,12,19,68211,48,22.0,14.0,0,73,63,0,1,22,0,1188,0,0,0.0,12.913599964013054,0.0,0.0,0,7,0,0,0,0,0,0,2,553,147,300,502,5,104,0,,,,,,,,,,,,,,,,,
1291,Internal,11,30,68211,48,22.0,14.0,20,1198,218,46,254,22,0,238,0,0,0.0,0.0,0.0,0.0,0,722,0,0,0,0,0,0,2,553,147,300,282,21,88,0,,,,,,,,,,,,,,,,,
1292,Internal,1,3,68211,48,22.0,14.0,0,94,92,540,50,23,0,0,0,0,0.0,0.0,0.0,0.0,0,57,0,0,0,0,0,0,2,553,0,0,1,0,0,0,,,,,,,,,,,,,,,,,
1293,Internal,2,10,68211,48,22.0,14.0,16,1235,382,42,293,22,0,451,0,0,0.0,0.0,0.0,0.0,0,2809,0,0,0,0,0,0,2,553,147,300,369,53,93,0,,,,,,,,,,,,,,,,,
1294,Internal,0,0,68211,48,22.0,14.0,0,935,34,0,3,22,0,58,0,0,0.0,0.0,0.0,0.0,0,617,0,0,0,0,0,0,2,553,147,300,177,16,33,0,,,,,,,,,,,,,,,,,
1295,Internal,8,22,30865,40,22.0,2.5,0,35,22,0,0,0,0,1065,0,0,0.0,12.913599964013054,0.0,0.0,0,0,0,0,0,0,0,0,2,553,147,300,138,195,15,0,,,,,,,,,,,,,,,,,
1296,Internal,9,26,30865,40,22.0,2.5,0,698,43,0,21,23,0,1152,0,0,0.0,12.913599964013054,0.0,0.0,0,790,0,0,0,0,0,0,2,553,147,300,478,13,104,0,,,,,,,,,,,,,,,,,
1297,Internal,116,212,31442,40,23.0,2.5,0,409,133,0,15,23,0,2272,0,0,0.0,25.827199928026108,0.0,0.0,0,1095,0,0,0,0,0,0,2,553,147,300,3690,35,64,0,,,,,,,,,,,,,,,,,
1298,Internal,78,129,31442,40,23.0,2.5,0,471,264,12,12,32,0,1843,0,0,0.0,66.72026648073411,0.0,0.0,0,743,0,0,0,0,0,0,2,553,147,300,1322,41,208,0,,,,,,,,,,,,,,,,,
1299,Internal,2,6,11250,40,22.0,2.5,0,411,707,0,41,23,0,313,0,0,0.0,0.0,0.0,0.0,0,736,0,0,0,0,0,1,2,553,147,300,2323,46,1656,0,,,,,,,,,,,,,,,,,
1300,Internal,286,714,67500,49,19.6,16.3,0,1,3,0,0,25,0,0,0,0,0.0,0.0,0.0,0.0,0,0,0,0,0,0,0,0,0,0,0,0,,,,0,,,,,,,,,,,,,,,,,
1301,Internal,7,17,11250,40,22.0,2.5,0,360,1368,0,42,23,0,0,0,0,0.0,0.0,0.0,0.0,0,171,0,0,0,0,0,0,2,553,147,300,85,16,11,0,,,,,,,,,,,,,,,,,
1302,Internal,135,324,52344,41,4.2,5.5,127,17,118,9,74,39,0,0,0,0,0.0,53.80666651672106,0.0,0.0,0,0,0,0,0,0,0,0,1,536,0,300,140,0,34,0,,,,,,,,,,,,,,,,,
1303,Internal,252,692,52344,41,4.2,5.5,4,154,272,74,428,24,0,0,0,0,0.0,12.913599964013054,0.0,0.0,0,0,0,0,0,0,0,0,1,536,0,300,311,0,263,0,,,,,,,,,,,,,,,,,
1304,Internal,113,197,52344,41,4.2,5.5,41,170,172,0,132,46,0,0,0,0,0.0,25.827199928026108,0.0,0.0,0,0,0,0,0,0,0,0,1,536,0,150,16,0,15,0,,,,,,,,,,,,,,,,,
1305,Internal,402,897,52344,41,4.2,5.5,50,298,380,41,287,37,0,1493,0,0,0.0,120.52693299745516,0.0,0.0,0,49,0,0,0,0,0,0,1,536,0,150,370,0,211,0,,,,,,,,,,,,,,,,,
1306,Internal,143,236,52344,41,4.2,5.5,11,102,210,0,142,29,0,0,0,0,0.0,25.827199928026108,0.0,0.0,0,0,0,0,0,0,0,0,1,536,0,150,111,0,216,0,,,,,,,,,,,,,,,,,
1307,Internal,232,546,52344,41,4.2,5.5,21,74,176,314,389,8,0,0,0,0,0.0,161.41999955016317,0.0,0.0,0,0,0,0,0,0,0,0,1,536,0,150,65,0,167,0,,,,,,,,,,,,,,,,,
1308,Internal,298,664,43478,41,8.9,7.4,0,550,217,2,20,30,0,0,0,0,0.0,335.75359906433937,0.0,0.0,0,599,0,0,0,0,0,0,0,0,0,0,,,,0,,,,,,,,,,,,,,,,,
1309,Internal,441,920,43478,41,8.9,7.4,0,153,5,0,0,30,0,0,0,0,0.0,456.28053206179453,0.0,0.0,0,0,0,0,0,0,0,0,1,553,0,300,88,0,27,0,,,,,,,,,,,,,,,,,
1310,Internal,137,320,52344,41,4.2,5.5,0,98,69,65,5,48,0,77,0,0,0.0,307.7741324756444,0.0,0.0,0,262,0,0,0,0,0,0,2,553,147,300,255,1,14,0,,,,,,,,,,,,,,,,,
1311,Internal,450,1133,43478,41,8.9,7.4,0,160,72,0,22,30,0,0,0,0,0.0,792.034131126134,0.0,0.0,0,0,0,0,0,0,0,0,0,0,0,0,,,,0,,,,,,,,,,,,,,,,,
1312,Internal,306,639,43478,41,8.9,7.4,14,1369,657,51,91,20,0,614,0,0,0.0,281.94693254761836,0.0,0.0,0,1338,0,0,0,0,0,0,2,553,147,300,253,26,304,0,,,,,,,,,,,,,,,,,
1313,Internal,219,456,72303,50,17.7,15.1,0,12,0,15,0,72,0,0,0,0,0.0,335.75359906433937,0.0,0.0,0,0,0,0,0,0,0,0,0,0,0,0,,,,0,,,,,,,,,,,,,,,,,
1314,Internal,172,488,72303,50,17.7,15.1,2,1,10,0,0,89,0,0,0,0,0.0,53.80666651672106,0.0,5.242421355582824,0,0,0,0,0,0,0,0,0,0,0,0,,,,0,,,,,,,,,,,,,,,,,
1315,Internal,595,1297,28281,50,9.6,2.5,0,737,216,169,33,18,0,0,0,0,0.0,456.28053206179453,0.0,9.174237372269943,0,0,0,0,0,0,0,0,0,0,0,0,,,,0,,,,,,,,,,,,,,,,,
1316,Internal,61,157,72303,50,17.7,15.1,70,233,319,0,51,72,0,0,0,0,0.0,94.69973306942907,0.0,0.0,0,19,0,0,0,0,0,0,2,553,147,300,937,17,184,0,,,,,,,,,,,,,,,,,
1317,Internal,201,410,28281,50,9.6,2.5,41,30,8,0,1,29,0,0,0,0,0.0,12.913599964013054,0.0,0.0,0,0,0,0,0,0,0,0,2,553,147,300,213,1158,6,0,,,,,,,,,,,,,,,,,
1318,Internal,345,932,72303,50,17.7,15.1,10,77,28,3,4,80,0,0,0,0,0.0,241.05386599491032,0.0,5.242421355582824,0,0,0,0,0,0,0,0,0,0,0,0,,,,0,,,,,,,,,,,,,,,,,
1319,Internal,159,299,72303,50,17.7,15.1,4,29,52,7,1,72,0,0,0,0,0.0,94.69973306942907,0.0,0.0,0,0,0,0,0,0,0,0,0,0,0,0,,,,0,,,,,,,,,,,,,,,,,
1320,Internal,189,539,77109,48,20.2,23.0,0,3,6,0,3,36,0,0,0,0,0.0,40.893066552708,0.0,5.242421355582824,0,0,0,0,0,0,0,0,0,0,0,0,,,,0,,,,,,,,,,,,,,,,,
1321,Internal,289,759,77109,48,20.2,23.0,3,4,17,0,0,36,0,0,0,0,0.0,66.72026648073411,0.0,9.174237372269943,0,0,0,0,0,0,0,0,0,0,0,0,,,,0,,,,,,,,,,,,,,,,,
1322,Internal,269,530,77109,48,20.2,23.0,21,69,306,46,22,3,0,0,0,0,0.0,348.66719902835246,0.0,5.242421355582824,0,0,0,0,0,0,0,0,0,0,0,0,,,,0,,,,,,,,,,,,,,,,,
1323,Internal,1112,2189,44444,51,10.0,12.4,0,203,165,0,11,51,0,0,0,0,0.0,281.94693254761836,0.0,18.348474744539885,0,0,0,0,1533,0,0,0,0,0,0,0,,,,0,,,,,,,,,,,,,,,,,
1324,Internal,529,909,122361,48,24.1,13.6,9,150,402,182,212,29,0,0,0,0,0.0,79.63386644474717,0.0,0.0,0,0,0,0,0,0,0,0,0,0,0,0,,,,0,,,,,,,,,,,,,,,,,
1325,Internal,158,466,122361,48,24.1,13.6,24,24,83,0,50,15,0,0,0,0,0.0,66.72026648073411,0.0,0.0,0,0,0,0,0,0,0,0,0,0,0,0,,,,0,,,,,,,,,,,,,,,,,
1326,Internal,135,357,122361,48,24.1,13.6,13,29,14,0,0,36,0,0,0,0,0.0,40.893066552708,0.0,0.0,0,0,0,0,0,0,0,0,0,0,0,0,,,,0,,,,,,,,,,,,,,,,,
1327,Internal,603,1174,77109,48,20.2,23.0,24,385,874,79,81,51,0,0,0,0,0.0,953.4541306762972,0.0,0.0,0,0,0,0,0,0,0,0,0,0,0,0,,,,0,,,,,,,,,,,,,,,,,
1328,Internal,377,948,91518,51,12.5,15.9,1,13,43,0,23,25,0,0,0,0,0.0,40.893066552708,0.0,0.0,0,0,0,0,0,0,0,0,0,0,0,0,,,,0,,,,,,,,,,,,,,,,,
1329,Internal,612,1288,91518,51,12.5,15.9,12,197,28,6,13,11,0,0,0,0,0.0,228.14026603089727,0.0,5.242421355582824,0,0,0,0,0,0,0,0,0,0,0,0,,,,0,,,,,,,,,,,,,,,,,
1330,Internal,357,849,70583,51,33.1,10.2,5,9,14,7,1,34,0,0,0,0,0.0,120.52693299745516,0.0,5.242421355582824,0,0,0,0,0,0,0,0,0,0,0,0,,,,0,,,,,,,,,,,,,,,,,
1331,Internal,61,218,70583,51,33.1,10.2,0,0,2,0,0,41,0,0,0,0,0.0,12.913599964013054,0.0,0.0,0,0,0,0,0,0,0,0,0,0,0,0,,,,0,,,,,,,,,,,,,,,,,
1332,Internal,236,524,70583,51,33.1,10.2,0,322,189,79,16,41,0,0,0,0,0.0,12.913599964013054,0.0,5.242421355582824,0,0,0,0,0,0,0,0,0,0,0,0,,,,0,,,,,,,,,,,,,,,,,
1333,Internal,162,431,70583,51,33.1,10.2,1,165,2,0,5,50,0,0,0,0,0.0,25.827199928026108,0.0,0.0,0,0,0,0,0,0,0,0,0,0,0,0,,,,0,,,,,,,,,,,,,,,,,
1334,Internal,603,1250,70583,51,33.1,10.2,2,113,167,20,16,41,0,0,0,0,0.0,421.8442654910931,0.0,5.242421355582824,0,0,0,0,0,0,0,0,0,0,0,0,,,,0,,,,,,,,,,,,,,,,,
1335,Internal,113,299,70583,51,33.1,10.2,32,216,392,0,22,91,0,0,0,0,0.0,66.72026648073411,0.0,0.0,0,0,0,0,0,0,0,0,0,0,0,0,,,,0,,,,,,,,,,,,,,,,,
1336,Internal,70,224,70583,51,33.1,10.2,0,5,18,0,0,41,0,0,0,0,0.0,0.0,0.0,0.0,0,0,0,0,0,0,0,0,0,0,0,0,,,,0,,,,,,,,,,,,,,,,,
1337,Internal,513,1049,73200,48,29.6,14.7,1,294,645,69,81,0,0,0,0,0,0.0,94.69973306942907,0.0,5.242421355582824,0,0,0,0,602,0,0,0,0,0,0,0,,,,0,,,,,,,,,,,,,,,,,
1338,Internal,9,16,73200,48,29.6,14.7,9,211,242,132,50,35,0,0,0,0,0.0,0.0,0.0,0.0,0,0,0,0,0,0,0,0,0,0,0,0,,,,0,,,,,,,,,,,,,,,,,
1339,Internal,715,1688,73200,48,29.6,14.7,6,120,220,99,19,38,0,0,0,0,0.0,484.25999865048954,0.0,14.416658727852766,0,0,0,0,0,0,0,0,0,0,0,0,,,,0,,,,,,,,,,,,,,,,,
1340,Internal,145,290,73200,48,29.6,14.7,0,1049,1069,181,189,31,0,0,0,0,0.0,0.0,0.0,0.0,0,0,0,0,0,0,0,0,0,0,0,0,,,,0,,,,,,,,,,,,,,,,,
1341,Internal,181,316,73200,48,29.6,14.7,15,9,52,0,63,31,0,0,0,0,0.0,12.913599964013054,0.0,0.0,0,0,0,0,0,0,0,0,0,0,0,0,,,,0,,,,,,,,,,,,,,,,,
1342,Internal,860,1625,73200,48,29.6,14.7,73,316,1444,40,383,51,0,0,0,0,0.0,0.0,0.0,0.0,0,0,0,0,0,0,0,0,0,0,0,0,,,,0,,,,,,,,,,,,,,,,,
1343,Internal,159,456,73200,48,29.6,14.7,6,14,4,0,0,31,0,0,0,0,0.0,66.72026648073411,0.0,0.0,0,0,0,0,0,0,0,0,0,0,0,0,,,,0,,,,,,,,,,,,,,,,,
1344,Internal,681,1234,41088,48,23.8,4.4,82,491,1746,227,246,42,0,0,0,0,0.0,154.96319956815665,0.0,13.10605338895706,0,0,0,0,0,0,0,0,0,0,0,0,,,,0,,,,,,,,,,,,,,,,,
1345,Internal,42,80,41088,48,23.8,4.4,16,297,187,99,748,20,0,0,0,0,0.0,0.0,0.0,0.0,0,0,0,0,0,0,0,0,0,0,0,0,,,,0,,,,,,,,,,,,,,,,,
1346,Internal,339,639,41088,48,23.8,4.4,91,48,1450,33,1045,27,0,0,0,0,0.0,12.913599964013054,0.0,5.242421355582824,0,0,0,0,0,0,0,0,0,0,0,0,,,,0,,,,,,,,,,,,,,,,,
1347,Internal,1061,1975,59798,48,18.2,12.7,5,391,1444,132,318,21,0,0,0,0,0.0,604.7869316479447,0.0,18.348474744539885,0,0,0,0,0,0,0,0,0,0,0,0,,,,0,,,,,,,,,,,,,,,,,
1348,Internal,419,1214,59798,48,18.2,12.7,0,84,206,46,10,44,0,0,0,0,0.0,120.52693299745516,0.0,0.0,0,0,0,0,614,0,0,0,0,0,0,0,,,,0,,,,,,,,,,,,,,,,,
1349,Internal,143,276,59798,48,18.2,12.7,10,160,581,43,233,31,0,0,0,0,0.0,40.893066552708,0.0,0.0,0,0,0,0,0,0,0,0,0,0,0,0,,,,0,,,,,,,,,,,,,,,,,
1350,Internal,265,619,59798,48,18.2,12.7,0,35,155,29,1,31,0,0,0,0,0.0,322.83999910032634,0.0,0.0,0,0,0,0,0,0,0,0,0,0,0,0,,,,0,,,,,,,,,,,,,,,,,
1351,Internal,91,346,41088,48,23.8,4.4,0,8,23,18,33,15,0,0,0,0,0.0,79.63386644474717,0.0,0.0,0,0,0,0,0,0,0,0,0,0,0,0,,,,0,,,,,,,,,,,,,,,,,
1352,Internal,351,953,89750,48,24.8,17.0,1,9,22,0,0,40,0,0,0,0,0.0,107.61333303344212,0.0,5.242421355582824,0,0,0,0,0,0,0,0,0,0,0,0,,,,0,,,,,,,,,,,,,,,,,
1353,Internal,168,530,89750,48,24.8,17.0,2,19,62,0,13,26,0,0,0,0,0.0,40.893066552708,0.0,0.0,0,0,0,0,0,0,0,0,0,0,0,0,,,,0,,,,,,,,,,,,,,,,,
1354,Internal,538,1018,89750,48,24.8,17.0,6,27,432,53,44,73,0,0,0,0,0.0,25.827199928026108,0.0,9.174237372269943,0,0,0,0,0,0,0,0,0,0,0,0,,,,0,,,,,,,,,,,,,,,,,
1355,Internal,175,539,114375,45,18.9,18.7,3,265,152,8,22,62,0,0,0,0,0.0,161.41999955016317,0.0,0.0,0,0,0,0,0,0,0,0,0,0,0,0,,,,0,,,,,,,,,,,,,,,,,
1356,Internal,5,23,114375,45,18.9,18.7,0,0,60,0,0,62,0,0,0,0,0.0,0.0,0.0,0.0,0,0,0,0,0,0,0,0,0,0,0,0,,,,0,,,,,,,,,,,,,,,,,
1357,Internal,163,255,114375,45,18.9,18.7,24,130,386,44,119,44,0,0,0,0,0.0,241.05386599491032,0.0,0.0,0,0,0,0,0,0,0,0,0,0,0,0,,,,0,,,,,,,,,,,,,,,,,
1358,Internal,171,325,114375,45,18.9,18.7,0,72,546,119,178,62,0,0,0,0,0.0,0.0,0.0,0.0,0,0,0,0,659,0,0,0,0,0,0,0,,,,0,,,,,,,,,,,,,,,,,
1359,Internal,80,151,114375,45,18.9,18.7,15,571,472,175,8,0,0,0,0,0,0.0,0.0,0.0,0.0,0,0,0,0,0,0,0,0,0,0,0,0,,,,0,,,,,,,,,,,,,,,,,
1360,Internal,34,63,114375,45,18.9,18.7,62,97,316,24,4,34,0,0,0,0,0.0,12.913599964013054,0.0,0.0,0,0,0,0,0,0,0,0,0,0,0,0,,,,0,,,,,,,,,,,,,,,,,
1361,Internal,30,86,114375,45,18.9,18.7,0,17,36,31,0,62,0,0,0,0,0.0,12.913599964013054,0.0,0.0,0,0,0,0,0,0,0,0,0,0,0,0,,,,0,,,,,,,,,,,,,,,,,
1362,Internal,145,361,79583,45,33.7,18.7,17,14,31,0,22,62,0,0,0,0,0.0,40.893066552708,0.0,0.0,0,0,0,0,0,0,0,0,0,0,0,0,,,,0,,,,,,,,,,,,,,,,,
1363,Internal,26,62,114375,45,18.9,18.7,0,9,15,0,0,0,0,0,0,0,0.0,0.0,0.0,0.0,0,0,0,0,9,0,0,0,0,0,0,0,,,,0,,,,,,,,,,,,,,,,,
1364,Internal,633,1630,114375,45,18.9,18.7,22,70,60,1,14,14,0,0,0,0,0.0,376.6466656170474,0.0,0.0,0,0,0,0,0,0,0,0,0,0,0,0,,,,0,,,,,,,,,,,,,,,,,
1365,Internal,46,87,114375,45,18.9,18.7,0,102,139,24,3,68,0,0,0,0,0.0,0.0,0.0,0.0,0,0,0,0,0,0,0,0,0,0,0,0,,,,0,,,,,,,,,,,,,,,,,
1366,Internal,172,284,114375,45,18.9,18.7,0,335,217,201,0,62,0,0,0,0,0.0,228.14026603089727,0.0,0.0,0,0,0,0,0,0,0,0,2,120,120,0,1075,1075,0,1,,,,,,,,,,,,,,,,,
1367,Internal,125,330,28220,48,9.4,22.3,1,2,4,0,0,54,0,0,0,0,0.0,66.72026648073411,0.0,0.0,0,0,0,0,0,0,0,0,0,0,0,0,,,,0,,,,,,,,,,,,,,,,,
1368,Internal,1408,2959,79583,45,33.7,18.7,158,92,15,1,48,52,0,0,0,0,0.0,66.72026648073411,0.0,0.0,0,0,0,0,0,0,0,0,0,0,0,0,,,,0,,,,,,,,,,,,,,,,,
1369,Internal,417,1011,96171,48,33.3,8.9,4,6,3,0,5,49,0,0,0,0,0.0,79.63386644474717,0.0,0.0,0,0,0,0,0,0,0,0,0,0,0,0,,,,0,,,,,,,,,,,,,,,,,
1370,Internal,502,1076,28220,48,9.4,22.3,4,268,63,10,0,36,0,0,0,0,0.0,107.61333303344212,0.0,0.0,0,0,0,0,839,0,0,0,0,0,0,0,,,,0,,,,,,,,,,,,,,,,,
1371,Internal,35,114,178864,48,34.2,6.8,0,88,0,0,0,51,0,0,0,0,0.0,34.43626657070148,0.0,0.0,0,0,0,0,1000,0,0,0,0,0,0,0,,,,0,,,,,,,,,,,,,,,,,
1372,Internal,431,1222,178864,48,34.2,6.8,4,18,16,10,54,63,0,0,0,0,0.0,187.2471994781893,0.0,0.0,0,0,0,0,0,0,0,0,0,0,0,0,,,,0,,,,,,,,,,,,,,,,,
1373,Internal,819,1777,96171,48,33.3,8.9,11,508,455,48,239,57,0,0,0,0,0.0,473.49866534714533,0.0,0.0,0,0,0,0,643,0,0,0,0,0,0,0,,,,0,,,,,,,,,,,,,,,,,
1374,Internal,40,142,79583,45,33.7,18.7,0,0,0,0,1,62,0,0,0,0,0.0,12.913599964013054,0.0,0.0,0,0,0,0,0,0,0,0,0,0,0,0,,,,0,,,,,,,,,,,,,,,,,
1375,Internal,224,580,72827,44,26.1,17.9,2,3,0,1,0,30,0,0,0,0,0.0,0.0,0.0,0.0,0,0,0,0,0,0,0,0,0,0,0,0,,,,0,,,,,,,,,,,,,,,,,
1376,Internal,31,76,79737,50,20.3,19.5,0,0,0,0,0,35,0,0,0,0,0.0,0.0,0.0,0.0,0,0,0,0,0,0,0,0,0,0,0,0,,,,0,,,,,,,,,,,,,,,,,
1377,Internal,74,206,72827,44,26.1,17.9,0,0,6,0,0,37,0,0,0,0,0.0,0.0,0.0,0.0,0,0,0,0,0,0,0,0,0,0,0,0,,,,0,,,,,,,,,,,,,,,,,
1378,Internal,307,777,67500,49,19.6,16.3,13,18,12,0,0,21,0,0,0,0,0.0,0.0,0.0,0.0,0,0,0,0,0,0,0,0,0,0,0,0,,,,0,,,,,,,,,,,,,,,,,
1379,Internal,322,806,63677,45,22.8,9.8,6,5,4,0,3,33,0,0,0,0,0.0,0.0,0.0,0.0,0,0,0,0,0,0,0,0,0,0,0,0,,,,0,,,,,,,,,,,,,,,,,
1380,Internal,336,839,55982,45,25.6,9.6,975,73,6,0,5,58,0,0,0,0,0.0,0.0,0.0,0.0,0,0,0,0,0,0,0,0,0,0,0,0,,,,0,,,,,,,,,,,,,,,,,
1381,Internal,677,1898,72827,44,26.1,17.9,975,7,131,0,97,19,0,0,0,0,0.0,0.0,0.0,0.0,0,0,0,0,0,0,0,0,0,0,0,0,,,,0,,,,,,,,,,,,,,,,,
1382,Internal,120,389,56250,45,27.2,12.9,24,0,5,13,0,18,0,0,0,0,0.0,0.0,0.0,0.0,0,0,0,0,0,0,0,0,0,0,0,0,,,,0,,,,,,,,,,,,,,,,,
1383,Internal,340,831,56250,45,27.2,12.9,0,0,1,9,9,55,0,0,0,0,0.0,0.0,0.0,0.0,0,0,0,0,0,0,0,0,0,0,0,0,,,,0,,,,,,,,,,,,,,,,,
1384,Internal,214,581,63677,45,22.8,9.8,0,1,3,0,0,100,0,0,0,0,0.0,0.0,0.0,0.0,0,0,0,0,0,0,0,0,0,0,0,0,,,,0,,,,,,,,,,,,,,,,,
1385,Internal,639,1510,56250,45,27.2,12.9,4,3,22,13,48,14,0,0,0,0,0.0,0.0,0.0,0.0,0,0,0,0,0,0,0,0,0,0,0,0,,,,0,,,,,,,,,,,,,,,,,
1386,Internal,46,94,55982,45,25.6,9.6,985,11,19,0,16,67,0,0,0,0,0.0,0.0,0.0,0.0,0,0,0,0,0,0,0,0,0,0,0,0,,,,0,,,,,,,,,,,,,,,,,
1387,Internal,173,409,67500,49,19.6,16.3,2,5,7,0,1,25,0,0,0,0,0.0,0.0,0.0,0.0,0,0,0,0,0,0,0,0,0,0,0,0,,,,0,,,,,,,,,,,,,,,,,
1388,Internal,106,247,69667,49,17.3,16.0,6,3,8,0,0,25,0,0,0,0,0.0,0.0,0.0,0.0,0,0,0,0,0,0,0,0,0,0,0,0,,,,0,,,,,,,,,,,,,,,,,
1389,Internal,407,1182,95462,47,32.2,15.6,0,0,10,3,128,35,0,0,0,0,0.0,0.0,0.0,0.0,0,0,0,0,0,0,0,0,0,0,0,0,,,,0,,,,,,,,,,,,,,,,,
1390,Internal,481,1113,69653,47,22.3,15.0,4,299,231,43,94,24,0,0,0,0,0.0,0.0,0.0,0.0,0,0,0,0,1331,0,0,0,8,267,0,150,154,0,280,0,,,,,,,,,,,,,,,,,
1391,Internal,559,1273,57955,47,6.2,17.6,85,27,267,178,151,17,0,0,0,0,0.0,0.0,0.0,0.0,0,0,0,0,47,0,0,0,0,0,0,0,,,,0,,,,,,,,,,,,,,,,,
1392,Internal,131,358,42232,45,17.0,12.4,0,36,40,3,0,55,0,0,0,0,0.0,0.0,0.0,0.0,0,0,0,0,0,0,0,0,0,0,0,0,,,,0,,,,,,,,,,,,,,,,,
1393,Internal,221,518,56250,45,27.2,12.9,5,43,2,0,4,11,0,0,0,0,0.0,0.0,0.0,0.0,0,0,0,0,0,0,0,0,0,0,0,0,,,,0,,,,,,,,,,,,,,,,,
1394,Internal,433,1061,54864,44,28.5,7.2,3,17,25,27,0,62,0,0,0,0,0.0,19.37039994601958,0.0,0.0,0,0,0,0,0,0,0,0,0,0,0,0,,,,0,,,,,,,,,,,,,,,,,
1395,Internal,287,482,98092,46,22.8,28.0,6,0,581,0,20,28,0,0,0,0,0.0,73.17706646274064,0.0,0.0,0,0,0,0,0,0,0,0,0,0,0,0,,,,0,,,,,,,,,,,,,,,,,
1396,Internal,392,990,133401,46,29.2,7.4,19,711,183,304,32,32,0,0,0,0,0.0,129.13599964013054,0.0,0.0,0,0,0,0,0,0,0,0,0,0,0,0,,,,0,,,,,,,,,,,,,,,,,
1397,Internal,133,253,64447,46,29.7,10.9,22,1347,2148,125,345,49,0,0,0,0,0.0,0.0,0.0,0.0,0,0,0,0,0,0,0,0,0,0,0,0,,,,0,,,,,,,,,,,,,,,,,
1398,Internal,182,396,21100,50,2.5,2.7,22,196,368,7,159,0,0,0,0,0,0.0,99.00426639076674,0.0,0.0,0,0,0,0,0,0,0,0,0,0,0,0,,,,0,,,,,,,,,,,,,,,,,
1399,Internal,325,1057,178864,48,34.2,6.8,4,69,8,7,0,75,0,0,0,0,0.0,301.31733249363793,0.0,0.0,0,0,0,0,0,0,0,0,0,0,0,0,,,,0,,,,,,,,,,,,,,,,,
1400,Internal,229,452,36151,55,21.0,6.9,235,464,1683,281,411,65,0,0,0,0,0.0,0.0,0.0,0.0,0,0,0,0,0,0,0,0,0,0,0,0,,,,0,,,,,,,,,,,,,,,,,
1401,Internal,598,1138,36151,55,21.0,6.9,403,431,1764,456,231,57,0,0,0,0,0.0,0.0,0.0,0.0,0,0,0,0,0,0,0,0,0,0,0,0,,,,0,,,,,,,,,,,,,,,,,
1402,Internal,80,201,36151,55,21.0,6.9,32,127,190,26,297,19,0,0,0,0,0.0,0.0,0.0,0.0,0,0,0,0,272,0,0,0,0,0,0,0,,,,0,,,,,,,,,,,,,,,,,
1403,Internal,334,688,36151,55,21.0,6.9,130,253,955,261,448,32,0,0,0,0,0.0,0.0,0.0,0.0,0,0,0,0,642,0,181,0,0,0,0,0,,,,0,,,,,,,,,,,,,,,,,
1404,Internal,97,253,36151,55,21.0,6.9,173,869,247,9,10,65,0,0,0,0,0.0,0.0,0.0,0.0,0,0,0,0,0,0,0,0,0,0,0,0,,,,0,,,,,,,,,,,,,,,,,
1405,Internal,1183,2685,81641,55,23.7,3.1,15,712,1688,397,988,33,0,0,0,0,0.0,0.0,0.0,0.0,0,0,0,0,0,0,0,0,0,0,0,0,,,,0,,,,,,,,,,,,,,,,,
1406,Internal,720,1982,39000,46,34.5,17.2,0,72,201,1,4,31,0,0,0,0,0.0,0.0,0.0,0.0,0,0,0,0,0,0,0,0,0,0,0,0,,,,0,,,,,,,,,,,,,,,,,
1407,Internal,410,1144,52566,42,28.7,17.9,587,103,28,0,24,68,0,0,0,0,0.0,0.0,0.0,0.0,0,0,0,0,0,0,0,0,0,0,0,0,,,,0,,,,,,,,,,,,,,,,,
1408,Internal,602,1525,50053,48,26.2,10.1,0,45,220,0,3,22,0,0,0,0,0.0,0.0,0.0,0.0,0,0,0,0,0,0,0,0,0,0,0,0,,,,0,,,,,,,,,,,,,,,,,
1409,Internal,859,1740,65568,44,23.7,20.2,0,27,324,94,886,13,0,0,0,0,0.0,0.0,0.0,0.0,0,0,0,0,0,0,0,0,0,0,0,0,,,,0,,,,,,,,,,,,,,,,,
1410,Internal,483,1208,65568,44,23.7,20.2,1,298,919,20,337,10,0,0,0,0,0.0,0.0,0.0,0.0,0,0,0,0,0,0,0,0,0,0,0,0,,,,0,,,,,,,,,,,,,,,,,
1411,Internal,464,1373,72075,45,24.2,15.0,1,16,54,32,0,50,0,0,0,0,0.0,0.0,0.0,0.0,0,0,0,0,0,0,0,0,0,0,0,0,,,,0,,,,,,,,,,,,,,,,,
1412,Internal,778,2244,80094,45,31.6,16.5,0,0,136,0,0,32,0,0,0,0,0.0,0.0,0.0,0.0,0,0,0,0,0,0,0,0,0,0,0,0,,,,0,,,,,,,,,,,,,,,,,
1413,Internal,152,458,125080,51,22.6,11.1,5,13,113,0,0,15,0,0,0,0,0.0,0.0,0.0,0.0,0,0,0,0,0,0,0,0,0,0,0,0,,,,0,,,,,,,,,,,,,,,,,
1414,Internal,874,2485,82731,52,24.0,17.4,4,379,764,15,5,47,0,0,0,0,0.0,0.0,0.0,0.0,0,0,0,0,300,0,0,0,0,0,0,0,,,,0,,,,,,,,,,,,,,,,,
1415,Internal,397,1138,83947,51,31.4,6.5,204,174,366,21,47,29,0,0,0,0,0.0,0.0,0.0,0.0,0,0,0,0,0,0,0,0,0,0,0,0,,,,0,,,,,,,,,,,,,,,,,
1416,Internal,690,1899,78750,45,24.8,12.7,20,274,299,32,329,20,0,0,0,0,0.0,0.0,0.0,0.0,0,0,0,0,0,0,0,0,0,0,0,0,,,,0,,,,,,,,,,,,,,,,,
1417,Internal,41,129,90436,46,31.5,7.5,0,244,13,0,0,44,0,0,0,0,0.0,0.0,0.0,0.0,0,0,0,0,8428,0,0,0,0,0,0,0,,,,0,,,,,,,,,,,,,,,,,
1418,Internal,109,206,85694,69,6.4,13.1,0,659,260,176,77,46,0,0,0,0,0.0,0.0,0.0,0.0,0,0,0,0,0,0,0,0,7,625,0,563,500,0,371,0,,,,,,,,,,,,,,,,,
1419,Internal,1087,2001,85694,69,6.4,13.1,144,3530,981,1850,657,56,0,0,0,0,30.901562851884158,0.0,0.0,0.0,0,0,0,0,0,0,0,0,7,625,0,563,1625,0,682,0,,,,,,,,,,,,,,,,,
1420,Internal,582,1100,85694,69,6.4,13.1,4,3483,807,850,505,24,0,0,0,0,0.0,0.0,0.0,0.0,0,0,0,0,0,0,0,0,7,100,0,300,3234,0,29,0,,,,,,,,,,,,,,,,,
1421,Internal,1659,2862,85694,69,6.4,13.1,43,2533,1788,1584,1197,48,0,0,0,0,69.52851641673936,0.0,0.0,0.0,0,0,0,0,785,0,0,0,7,625,0,563,331,0,485,0,,,,,,,,,,,,,,,,,
1422,Internal,199,384,85694,69,6.4,13.1,68,2404,766,328,178,36,0,0,0,0,0.0,0.0,0.0,0.0,0,0,0,0,390,0,613,0,7,100,0,300,121,0,54,0,,,,,,,,,,,,,,,,,
1423,Internal,1002,1845,85694,69,6.4,13.1,42,3693,1216,1323,836,45,0,0,0,0,30.901562851884158,0.0,0.0,0.0,0,0,0,0,0,0,0,0,7,625,0,563,512,0,674,0,,,,,,,,,,,,,,,,,
1424,Internal,2641,4682,85694,69,6.4,13.1,182,3044,1190,1538,1240,36,0,0,0,0,38.6269535648552,0.0,0.0,0.0,0,0,0,0,0,0,0,0,7,625,0,563,201,0,357,0,,,,,,,,,,,,,,,,,
1425,Internal,82,156,85694,69,6.4,13.1,3,2820,492,265,71,22,0,0,0,0,0.0,0.0,0.0,0.0,0,0,0,0,0,0,0,0,7,100,0,300,1480,0,95,0,,,,,,,,,,,,,,,,,
1426,Internal,26,49,85694,69,6.4,13.1,0,913,154,913,58,44,0,0,0,0,0.0,0.0,0.0,0.0,0,0,0,0,0,0,0,0,7,100,0,300,670,0,140,0,,,,,,,,,,,,,,,,,
1427,Internal,456,993,85694,69,6.4,13.1,2,332,264,182,133,53,0,0,0,0,23.17617213891312,0.0,0.0,0.0,0,0,0,0,0,0,0,0,7,0,0,300,0,0,26,0,,,,,,,,,,,,,,,,,
1428,Internal,263,477,85694,69,6.4,13.1,22,2753,232,277,114,37,0,0,0,0,7.7253907129710395,0.0,0.0,0.0,0,0,0,0,0,0,0,0,7,100,0,300,633,0,462,0,,,,,,,,,,,,,,,,,
1429,Internal,221,427,85694,69,6.4,13.1,21,539,410,258,407,37,0,0,0,0,0.0,0.0,0.0,0.0,0,0,0,0,0,0,0,0,7,625,0,563,1221,0,536,0,,,,,,,,,,,,,,,,,
1430,Internal,535,972,85694,69,6.4,13.1,25,1564,388,361,304,90,0,0,0,0,0.0,0.0,0.0,0.0,0,0,0,0,0,0,0,0,7,625,0,563,3182,0,308,0,,,,,,,,,,,,,,,,,
1431,Internal,1082,2058,85694,69,6.4,13.1,39,2390,886,1239,768,29,0,0,0,0,7.7253907129710395,0.0,0.0,0.0,0,0,0,0,1067,0,0,0,7,625,0,563,96,0,278,0,,,,,,,,,,,,,,,,,
1432,Internal,98,169,85694,69,6.4,13.1,2054,3532,541,574,301,72,0,0,0,0,7.7253907129710395,0.0,0.0,0.0,0,0,0,0,0,0,0,0,7,625,0,563,900,0,1086,0,,,,,,,,,,,,,,,,,
1433,Internal,67,140,85694,69,6.4,13.1,48,1750,1346,641,421,55,0,0,0,0,0.0,0.0,0.0,0.0,0,0,0,0,0,0,0,0,7,625,0,563,495,0,384,0,,,,,,,,,,,,,,,,,
1434,Internal,135,256,85694,69,6.4,13.1,404,1085,248,304,161,63,0,0,0,0,0.0,0.0,0.0,0.0,0,0,0,0,0,0,0,0,7,625,0,563,303,0,98,0,,,,,,,,,,,,,,,,,
1435,Internal,765,1073,85694,69,6.4,13.1,170,1585,327,430,122,62,0,0,0,0,131.33164212050767,0.0,0.0,0.0,0,0,0,0,0,0,0,0,7,625,0,563,1007,0,771,0,,,,,,,,,,,,,,,,,
1436,Internal,427,723,85694,69,6.4,13.1,24,575,306,431,163,41,0,0,0,0,46.35234427782624,0.0,0.0,0.0,0,0,0,0,0,0,0,0,7,625,0,563,358,0,155,0,,,,,,,,,,,,,,,,,
1437,Internal,569,974,85694,69,6.4,13.1,6,775,392,488,107,56,0,0,0,0,84.97929784268145,0.0,0.0,0.0,0,0,0,0,0,0,0,0,7,100,0,300,509,0,123,0,,,,,,,,,,,,,,,,,
1438,Internal,175,331,85694,69,6.4,13.1,32,7097,240,328,133,54,0,0,0,0,0.0,0.0,0.0,0.0,0,0,0,0,0,0,0,0,7,100,0,0,1030,0,0,0,,,,,,,,,,,,,,,,,
1439,Internal,400,866,63977,63,12.3,11.5,11,64,325,9,83,53,0,0,0,0,0.0,0.0,0.0,0.0,0,0,0,0,0,0,0,0,0,0,0,0,,,,0,,,,,,,,,,,,,,,,,
1440,Internal,909,1639,63977,63,12.3,11.5,28,315,370,90,92,38,0,0,0,0,131.33164212050767,0.0,0.0,0.0,0,0,0,0,1523,0,0,0,7,0,0,300,0,0,49,0,,,,,,,,,,,,,,,,,
1441,Internal,1057,1882,41625,63,2.5,31.7,58,1504,1317,1052,830,40,0,0,0,0,38.6269535648552,0.0,0.0,0.0,0,0,0,0,0,0,0,0,7,625,0,563,684,0,479,0,,,,,,,,,,,,,,,,,
1442,Internal,1953,2988,41625,63,2.5,31.7,79,1529,939,580,957,27,0,0,0,0,229.83037371088847,0.0,0.0,0.0,0,0,0,0,0,0,0,0,7,625,0,563,991,0,679,0,,,,,,,,,,,,,,,,,
1443,Internal,872,1639,103173,66,15.0,6.1,593,2648,916,883,664,40,0,0,0,0,15.450781425942079,0.0,0.0,0.0,0,0,0,0,0,0,0,0,0,0,0,0,,,,0,,,,,,,,,,,,,,,,,
1444,Internal,333,663,103173,66,15.0,6.1,167,198,1631,164,110,40,0,0,0,0,0.0,0.0,0.0,0.0,0,0,0,0,0,0,0,0,0,0,0,0,,,,0,,,,,,,,,,,,,,,,,
1445,Internal,2527,5094,36875,66,15.4,19.7,91,2881,1691,1777,852,32,0,0,0,0,15.450781425942079,0.0,0.0,0.0,0,0,0,0,0,462,266,0,7,0,0,300,0,0,51,0,,,,,,,,,,,,,,,,,
1446,Internal,371,783,44050,59,13.2,12.1,267,77,1242,126,81,37,0,0,0,0,0.0,0.0,0.0,0.0,0,0,0,0,0,0,0,0,0,0,0,0,,,,0,,,,,,,,,,,,,,,,,
1447,Internal,803,2038,44050,59,13.2,12.1,147,310,713,39,44,35,0,0,0,0,0.0,0.0,0.0,0.0,0,0,0,0,3292,0,0,0,0,0,0,0,,,,0,,,,,,,,,,,,,,,,,
1448,Internal,879,2205,67250,59,21.0,3.0,28,156,291,28,43,16,0,0,0,0,0.0,0.0,0.0,0.0,0,0,0,0,801,0,0,0,0,0,0,0,,,,0,,,,,,,,,,,,,,,,,
1449,Internal,427,1018,67250,59,21.0,3.0,0,82,108,49,71,33,0,0,0,0,0.0,0.0,0.0,0.0,0,0,0,0,0,0,0,0,0,0,0,0,,,,0,,,,,,,,,,,,,,,,,
1450,Internal,261,632,54028,59,15.6,11.7,8,7,7,5,6,19,0,0,0,0,7.7253907129710395,0.0,0.0,0.0,0,0,0,0,0,0,0,0,0,0,0,0,,,,0,,,,,,,,,,,,,,,,,
1451,Internal,834,1895,54028,59,15.6,11.7,3,103,182,131,24,50,0,0,0,0,15.450781425942079,0.0,0.0,0.0,0,0,0,0,16,0,0,0,0,0,0,0,,,,0,,,,,,,,,,,,,,,,,
1452,Internal,529,1119,19375,45,34.0,17.6,9,82,118,445,3,33,0,0,0,0,0.0,0.0,0.0,0.0,0,0,0,0,213,767,0,0,0,0,0,0,,,,0,,,,,,,,,,,,,,,,,
1453,Internal,818,1840,37337,45,30.7,8.6,2,178,438,97,253,12,0,0,0,0,7.7253907129710395,0.0,0.0,0.0,0,0,0,0,0,0,0,0,0,0,0,0,,,,0,,,,,,,,,,,,,,,,,
1454,Internal,423,949,47969,45,18.1,11.2,6,31,101,33,6,27,0,0,0,0,0.0,0.0,0.0,0.0,0,0,0,0,0,0,0,0,0,0,0,0,,,,0,,,,,,,,,,,,,,,,,
1455,Internal,388,848,47969,45,18.1,11.2,50,7,193,5,8,27,0,0,0,0,0.0,0.0,0.0,0.0,0,0,0,0,0,0,0,0,0,0,0,0,,,,0,,,,,,,,,,,,,,,,,
1456,Internal,765,1953,48646,43,15.5,18.4,71,138,367,108,124,10,0,0,0,0,0.0,0.0,0.0,0.0,0,0,0,0,0,0,0,0,0,0,0,0,,,,0,,,,,,,,,,,,,,,,,
1457,Internal,121,294,34329,43,40.4,5.7,8,95,36,0,0,50,0,0,0,0,7.7253907129710395,0.0,0.0,0.0,0,0,0,0,1127,0,0,0,0,0,0,0,,,,0,,,,,,,,,,,,,,,,,
1458,Internal,516,1071,34329,43,40.4,5.7,6,891,194,38,64,36,0,0,0,0,0.0,0.0,0.0,0.0,0,0,0,0,0,0,0,0,0,0,0,0,,,,0,,,,,,,,,,,,,,,,,
1459,Internal,554,1325,28658,43,16.8,16.5,6,320,199,179,127,6,0,0,0,0,0.0,0.0,0.0,0.0,0,0,0,0,0,0,0,0,0,0,0,0,,,,0,,,,,,,,,,,,,,,,,
1460,Internal,374,739,28658,43,16.8,16.5,0,52,269,3,32,64,0,0,0,0,0.0,0.0,0.0,0.0,0,0,0,0,0,0,0,0,0,0,0,0,,,,0,,,,,,,,,,,,,,,,,
1461,Internal,212,341,28658,43,16.8,16.5,0,114,188,110,41,36,0,0,0,0,23.17617213891312,0.0,0.0,0.0,0,0,0,0,455,0,0,0,0,0,0,0,,,,0,,,,,,,,,,,,,,,,,
1462,Internal,24,75,27885,37,26.2,7.4,17,5,764,61,0,36,0,0,0,0,0.0,0.0,0.0,0.0,0,0,0,0,0,0,0,0,0,0,0,0,,,,0,,,,,,,,,,,,,,,,,
1463,Internal,157,432,27885,37,26.2,7.4,34,10,37,0,8,6,0,0,0,0,15.450781425942079,0.0,0.0,0.0,0,0,0,0,0,0,0,0,0,0,0,0,,,,0,,,,,,,,,,,,,,,,,
1464,Internal,750,1706,30072,37,35.0,8.0,17,140,75,2,8,42,0,0,0,0,7.7253907129710395,0.0,0.0,0.0,0,0,0,0,1570,0,0,0,0,0,0,0,,,,0,,,,,,,,,,,,,,,,,
1465,Internal,161,357,30072,37,35.0,8.0,88,403,218,18,71,46,0,0,0,0,0.0,0.0,0.0,0.0,0,0,0,0,0,0,0,0,0,0,0,0,,,,0,,,,,,,,,,,,,,,,,
1466,Internal,520,1151,25398,37,25.0,11.3,0,117,26,88,0,33,0,0,0,0,7.7253907129710395,0.0,0.0,0.0,0,0,0,0,1671,0,0,0,0,0,0,0,,,,0,,,,,,,,,,,,,,,,,
1467,Internal,1336,2542,50078,40,38.1,6.5,92,2193,1572,1590,632,52,0,0,0,0,0.0,0.0,0.0,0.0,0,0,0,0,0,302,494,0,7,625,0,563,375,0,2039,0,,,,,,,,,,,,,,,,,
1468,Internal,1028,2097,50078,40,38.1,6.5,0,2381,822,492,755,37,0,0,0,0,0.0,0.0,0.0,0.0,0,0,0,0,0,0,0,0,7,625,0,563,125,0,125,0,,,,,,,,,,,,,,,,,
1469,Internal,228,483,41875,55,26.1,5.8,6,74,107,24,73,48,0,0,0,0,0.0,0.0,0.0,0.0,0,0,0,0,0,0,0,0,0,0,0,0,,,,0,,,,,,,,,,,,,,,,,
1470,Internal,197,455,50078,40,38.1,6.5,0,390,258,458,111,22,0,0,0,0,0.0,0.0,0.0,0.0,0,0,0,0,0,300,494,0,7,625,0,563,7,0,34,0,,,,,,,,,,,,,,,,,
1471,Internal,162,346,35150,40,27.2,7.3,0,147,139,151,59,42,0,0,0,0,0.0,0.0,0.0,0.0,0,0,0,0,0,0,0,0,0,0,0,0,,,,0,,,,,,,,,,,,,,,,,
1472,Internal,300,779,24688,40,21.5,12.8,0,38,21,3,8,42,0,0,0,0,0.0,0.0,0.0,0.0,0,0,0,0,0,0,0,0,0,0,0,0,,,,0,,,,,,,,,,,,,,,,,
1473,Internal,110,214,24688,40,21.5,12.8,5,4,12,3,1,42,0,0,0,0,0.0,0.0,0.0,0.0,0,0,0,0,0,0,0,0,0,0,0,0,,,,0,,,,,,,,,,,,,,,,,
1474,Internal,69,136,24688,40,21.5,12.8,0,10,18,22,12,42,0,0,0,0,0.0,0.0,0.0,0.0,0,0,0,0,0,0,0,0,0,0,0,0,,,,0,,,,,,,,,,,,,,,,,
1475,Internal,920,1632,35150,40,27.2,7.3,30,505,556,210,105,71,0,0,0,0,7.7253907129710395,0.0,0.0,0.0,0,0,0,0,976,0,0,0,0,0,0,0,,,,0,,,,,,,,,,,,,,,,,
1476,Internal,232,561,35150,40,27.2,7.3,0,121,80,17,33,26,0,0,0,0,0.0,0.0,0.0,0.0,0,0,0,0,0,0,0,0,0,0,0,0,,,,0,,,,,,,,,,,,,,,,,
1477,Internal,1290,2290,53661,72,2.8,2.8,47,165,180,167,116,13,27,0,0,0,1406.0211097607294,0.0,0.0,0.0,0,0,0,0,0,0,0,0,0,0,0,0,,,,0,,,,,,,,,,,,,,,,,
1478,Internal,1242,2163,53661,72,2.8,2.8,41,1096,816,563,436,47,0,0,0,0,206.65420157197534,0.0,0.0,0.0,0,0,0,0,0,0,0,0,7,625,0,563,982,0,562,0,,,,,,,,,,,,,,,,,
1479,Internal,868,1654,44500,72,11.1,8.0,63,1109,324,388,301,61,0,0,0,0,0.0,0.0,0.0,0.0,0,0,0,0,0,0,0,0,7,0,0,300,0,0,35,0,,,,,,,,,,,,,,,,,
1480,Internal,873,1833,44500,72,11.1,8.0,47,856,437,276,314,35,0,0,0,0,0.0,0.0,0.0,0.0,0,0,0,0,0,0,0,0,7,0,0,300,0,0,48,0,,,,,,,,,,,,,,,,,
1481,Internal,314,692,44500,72,11.1,8.0,7,278,84,94,44,42,0,0,0,0,7.7253907129710395,0.0,0.0,0.0,0,0,0,0,0,0,0,0,0,0,0,0,,,,0,,,,,,,,,,,,,,,,,
1482,Internal,9,22,22361,82,2.5,3.2,0,2,83,478,1,28,0,0,0,0,0.0,0.0,0.0,0.0,0,0,0,0,0,0,0,0,0,0,0,0,,,,0,,,,,,,,,,,,,,,,,
1483,Internal,102,203,22361,82,2.5,3.2,5,17,20,106,0,28,0,0,0,0,92.70468855565248,0.0,0.0,0.0,0,0,0,0,0,0,0,0,0,0,0,0,,,,0,,,,,,,,,,,,,,,,,
1484,Internal,29,81,22361,82,2.5,3.2,0,334,1099,80,10,61,0,0,0,0,0.0,0.0,0.0,0.0,0,0,0,0,559,0,0,0,0,0,0,0,,,,0,,,,,,,,,,,,,,,,,
1485,Internal,574,1299,90436,46,31.5,7.5,13,74,550,48,477,10,0,0,0,0,0.0,0.0,0.0,0.0,0,0,0,0,0,0,0,0,0,0,0,0,,,,0,,,,,,,,,,,,,,,,,
1486,Internal,5,9,22361,82,25.0,11.0,20,2214,61,19,27,28,0,0,0,0,0.0,0.0,0.0,0.0,733,0,0,0,0,0,0,0,5,518,0,200,663,0,83,0,,,,,,,,,,,,,,,,,
1487,Internal,64,129,22361,82,25.0,11.0,26,298,92,36,36,28,351,0,0,0,0.0,0.0,0.0,0.0,153,0,0,0,0,0,0,0,5,203,0,200,254,0,9,0,,,,,,,,,,,,,,,,,
1488,Internal,374,1075,101164,46,29.3,10.0,0,0,6,0,0,0,0,0,0,0,0.0,0.0,0.0,0.0,0,0,0,0,1060,0,0,0,0,0,0,0,,,,0,,,,,,,,,,,,,,,,,
1489,Internal,426,722,34563,40,23.0,7.0,0,57,215,32,129,17,284,0,0,0,7.7253907129710395,0.0,0.0,0.0,28,0,0,0,0,0,0,0,5,192,106,0,12,389,0,0,,,,,,,,,,,,,,,,,
1490,Internal,656,1582,101164,46,29.3,10.0,509,167,199,14,96,49,0,0,0,0,0.0,0.0,0.0,0.0,0,0,0,0,2178,0,0,0,0,0,0,0,,,,0,,,,,,,,,,,,,,,,,
1491,Internal,1443,3391,94474,52,26.1,8.2,3,1153,4056,493,738,13,0,0,0,0,0.0,0.0,0.0,0.0,0,0,0,0,0,0,0,0,0,0,0,0,,,,0,,,,,,,,,,,,,,,,,
1492,Internal,398,826,82727,66,3.9,11.3,0,76,58,4,2,34,0,0,0,0,15.450781425942079,0.0,0.0,0.0,0,0,0,0,0,0,0,0,0,0,0,0,,,,0,,,,,,,,,,,,,,,,,
1493,Internal,727,1096,82727,66,3.9,11.3,9,802,674,75,133,61,0,0,0,0,322.53506226654093,0.0,0.0,0.0,0,0,0,0,0,0,0,0,0,0,0,0,,,,0,,,,,,,,,,,,,,,,,
1494,Internal,753,1361,50694,66,21.1,5.1,151,74,295,107,1151,17,0,0,0,0,214.37959228494634,0.0,0.0,0.0,0,0,0,0,0,0,0,0,0,0,0,0,,,,0,,,,,,,,,,,,,,,,,
1495,Internal,485,807,50694,66,21.1,5.1,4,233,134,4,0,45,0,0,0,0,162.23320497239183,0.0,0.0,0.0,0,0,0,0,3499,0,0,0,0,0,0,0,,,,0,,,,,,,,,,,,,,,,,
1496,Internal,341,842,50694,66,21.1,5.1,10,158,103,4,34,50,0,0,0,0,23.17617213891312,0.0,0.0,0.0,0,0,0,0,1168,0,0,0,0,0,0,0,,,,0,,,,,,,,,,,,,,,,,
1497,Internal,539,1192,68750,66,7.6,14.1,3,102,116,69,25,59,0,0,0,0,15.450781425942079,0.0,0.0,0.0,0,0,0,0,0,0,0,0,0,0,0,0,,,,0,,,,,,,,,,,,,,,,,
1498,Internal,740,1473,68750,66,7.6,14.1,26,414,385,95,447,18,329,0,0,0,898.0766703828834,0.0,0.0,0.0,0,0,0,0,0,0,0,0,5,192,0,200,248,0,211,0,,,,,,,,,,,,,,,,,
1499,Internal,164,391,97235,53,13.0,10.6,0,3,6,0,2,36,0,0,0,0,0.0,0.0,0.0,0.0,0,0,0,0,0,0,0,0,0,0,0,0,,,,0,,,,,,,,,,,,,,,,,
1500,Internal,337,817,97235,53,13.0,10.6,2,12,11,0,1,36,0,0,0,0,0.0,0.0,0.0,0.0,0,0,0,0,42,0,0,0,0,0,0,0,,,,0,,,,,,,,,,,,,,,,,
1501,Internal,632,1583,44973,53,6.8,6.9,4,103,96,6,79,29,0,0,0,0,146.78242354644976,0.0,0.0,0.0,3,0,0,0,515,0,0,0,5,203,0,0,177,0,0,0,,,,,,,,,,,,,,,,,
1502,Internal,400,851,52750,53,2.5,14.4,10,18,95,16,173,20,0,0,0,0,368.88740654436714,0.0,0.0,0.0,0,0,0,0,0,0,0,0,0,0,0,0,,,,0,,,,,,,,,,,,,,,,,
1503,Internal,79,152,52750,53,2.5,14.4,0,11,74,0,89,16,272,0,0,0,2582.21184581057,0.0,0.0,0.0,0,0,0,0,0,0,0,0,5,140,101,0,225,1015,0,0,,,,,,,,,,,,,,,,,
1504,Internal,305,641,52750,53,2.5,14.4,125,88,166,37,214,28,600,0,0,0,815.0287202184447,0.0,0.0,0.0,0,0,0,0,0,0,0,0,0,0,0,0,,,,0,,,,,,,,,,,,,,,,,
1505,Internal,675,1480,82969,53,22.8,6.3,18,32,140,1,3,12,0,0,0,0,131.33164212050767,0.0,0.0,0.0,0,0,0,0,0,0,0,0,0,0,0,0,,,,0,,,,,,,,,,,,,,,,,
1506,Internal,483,1199,77097,53,28.9,9.2,10,87,192,4,23,70,0,0,0,0,30.901562851884158,0.0,0.0,0.0,0,0,0,0,0,0,0,0,0,0,0,0,,,,0,,,,,,,,,,,,,,,,,
1507,Internal,588,1039,77097,53,28.9,9.2,0,0,9,0,0,36,0,0,0,0,0.0,0.0,0.0,0.0,0,0,0,0,0,0,0,0,0,0,0,0,,,,0,,,,,,,,,,,,,,,,,
1508,Internal,123,314,77097,53,28.9,9.2,0,12,81,1019,0,53,0,0,0,0,0.0,0.0,0.0,0.0,0,0,0,0,0,0,0,0,0,0,0,0,,,,0,,,,,,,,,,,,,,,,,
1509,Internal,1075,2466,91771,51,14.5,25.6,15,342,1005,1,38,71,0,0,0,0,38.6269535648552,0.0,0.0,0.0,0,0,0,0,0,0,0,0,0,0,0,0,,,,0,,,,,,,,,,,,,,,,,
1510,Internal,9,37,91771,51,14.5,25.6,0,35,262,274,80,19,0,0,0,0,0.0,0.0,0.0,0.0,0,0,0,0,0,0,0,0,0,0,0,0,,,,0,,,,,,,,,,,,,,,,,
1511,Internal,697,2001,157371,51,28.4,22.4,7,52,104,4,52,41,0,0,0,0,0.0,0.0,0.0,0.0,0,0,0,0,0,0,0,0,0,0,0,0,,,,0,,,,,,,,,,,,,,,,,
1512,Internal,356,960,157371,51,28.4,22.4,10,33,31,35,10,56,0,0,0,0,0.0,0.0,0.0,0.0,0,0,0,0,0,0,0,0,0,0,0,0,,,,0,,,,,,,,,,,,,,,,,
1513,Internal,445,1210,106172,55,22.3,14.0,11,36,225,1,55,38,0,0,0,0,7.7253907129710395,0.0,0.0,0.0,0,0,0,0,1217,0,0,0,0,0,0,0,,,,0,,,,,,,,,,,,,,,,,
1514,Internal,487,1290,106172,55,22.3,14.0,0,68,85,8,444,18,0,0,0,0,7.7253907129710395,0.0,0.0,0.0,0,0,0,0,0,0,0,0,0,0,0,0,,,,0,,,,,,,,,,,,,,,,,
1515,Internal,360,693,72303,55,17.7,24.7,1,76,160,1,24,34,0,0,0,0,54.07773499079728,0.0,0.0,0.0,0,0,0,0,0,0,0,0,0,0,0,0,,,,0,,,,,,,,,,,,,,,,,
1516,Internal,319,582,72303,55,17.7,24.7,0,118,17,102,0,45,0,0,0,0,84.97929784268145,0.0,0.0,0.0,0,0,0,0,1863,0,0,0,0,0,0,0,,,,0,,,,,,,,,,,,,,,,,
1517,Internal,1037,2320,92656,54,13.3,17.4,17,156,202,3,180,31,0,0,0,0,23.17617213891312,0.0,0.0,0.0,0,0,0,0,2133,0,0,0,0,0,0,0,,,,0,,,,,,,,,,,,,,,,,
1518,Internal,547,1471,176111,54,27.4,26.2,175,251,337,53,54,47,0,0,0,0,0.0,0.0,0.0,0.0,0,0,0,0,0,0,0,0,0,0,0,0,,,,0,,,,,,,,,,,,,,,,,
1519,Internal,303,786,115833,54,21.5,16.7,2,59,126,0,6,56,0,0,0,0,0.0,0.0,0.0,0.0,0,0,0,0,0,0,0,0,0,0,0,0,,,,0,,,,,,,,,,,,,,,,,
1520,Internal,376,1001,115833,54,21.5,16.7,10,1525,203,26,92,52,0,0,0,0,0.0,0.0,0.0,0.0,0,0,0,0,0,0,0,0,0,0,0,0,,,,0,,,,,,,,,,,,,,,,,
1521,Internal,216,488,115833,54,21.5,16.7,10,0,19,0,1,47,0,0,0,0,0.0,0.0,0.0,0.0,0,0,0,0,0,0,0,0,0,0,0,0,,,,0,,,,,,,,,,,,,,,,,
1522,Internal,450,1239,208375,54,33.1,10.2,8,1,19,0,0,47,0,0,0,0,0.0,0.0,0.0,0.0,0,0,0,0,0,0,0,0,0,0,0,0,,,,0,,,,,,,,,,,,,,,,,
1523,Internal,698,1730,150515,54,19.2,14.8,6,55,203,33,191,35,0,0,0,0,0.0,0.0,0.0,0.0,0,0,0,0,0,0,0,0,0,0,0,0,,,,0,,,,,,,,,,,,,,,,,
1524,Internal,245,716,160795,48,29.7,21.5,2,109,15,0,3,43,0,0,0,0,0.0,0.0,0.0,0.0,0,0,0,0,835,0,0,0,0,0,0,0,,,,0,,,,,,,,,,,,,,,,,
1525,Internal,279,778,160795,48,29.7,21.5,7,122,56,0,0,53,0,0,0,0,0.0,0.0,0.0,0.0,0,0,0,0,1055,0,0,0,0,0,0,0,,,,0,,,,,,,,,,,,,,,,,
1526,Internal,443,1206,191944,48,24.0,14.6,6,54,154,9,3,41,0,0,0,0,0.0,0.0,0.0,0.0,0,0,0,0,0,0,0,0,0,0,0,0,,,,0,,,,,,,,,,,,,,,,,
1527,Internal,441,1184,191944,48,24.0,14.6,0,24,27,0,1,25,0,0,0,0,0.0,0.0,0.0,0.0,0,0,0,0,0,0,0,0,0,0,0,0,,,,0,,,,,,,,,,,,,,,,,
1528,Internal,1042,2225,183750,48,23.9,22.4,135,1330,1105,79,89,43,0,0,0,0,0.0,0.0,0.0,0.0,0,0,0,0,0,0,0,0,0,0,0,0,,,,0,,,,,,,,,,,,,,,,,
1529,Internal,630,1513,183750,48,23.9,22.4,21,295,797,3,10,43,0,0,0,0,38.6269535648552,0.0,0.0,0.0,0,0,0,0,826,0,0,0,0,0,0,0,,,,0,,,,,,,,,,,,,,,,,
1530,Internal,46,98,183750,48,23.9,22.4,0,63,12,65,21,23,0,0,0,0,0.0,0.0,0.0,0.0,0,0,0,0,0,0,0,0,0,0,0,0,,,,0,,,,,,,,,,,,,,,,,
1531,Internal,828,1968,95735,56,17.5,9.8,30,22,193,1,3,31,0,0,0,0,7.7253907129710395,0.0,0.0,0.0,0,0,0,0,0,0,0,0,0,0,0,0,,,,0,,,,,,,,,,,,,,,,,
1532,Internal,886,1690,95735,56,17.5,9.8,487,579,1653,52,266,49,0,0,0,0,0.0,0.0,0.0,0.0,0,0,0,0,0,0,0,0,0,0,0,0,,,,0,,,,,,,,,,,,,,,,,
1533,Internal,443,1012,95735,56,17.5,9.8,269,344,669,126,145,37,0,0,0,0,7.7253907129710395,0.0,0.0,0.0,0,0,0,0,0,0,0,0,0,0,0,0,,,,0,,,,,,,,,,,,,,,,,
1534,Internal,685,1708,136161,56,26.9,5.8,3,49,49,34,0,60,0,0,0,0,7.7253907129710395,0.0,0.0,0.0,0,0,0,0,0,0,0,0,0,0,0,0,,,,0,,,,,,,,,,,,,,,,,
1535,Internal,306,801,136161,56,26.9,5.8,0,85,142,7,81,49,0,0,0,0,15.450781425942079,0.0,0.0,0.0,0,0,0,0,782,0,0,0,0,0,0,0,,,,0,,,,,,,,,,,,,,,,,
1536,Internal,949,1909,62312,56,11.4,22.4,12,153,649,220,117,31,0,0,0,0,15.450781425942079,0.0,0.0,0.0,0,0,0,0,1159,0,0,0,0,0,0,0,,,,0,,,,,,,,,,,,,,,,,
1537,Internal,245,537,62312,56,11.4,22.4,56,154,348,78,54,17,0,0,0,0,15.450781425942079,0.0,0.0,0.0,0,0,0,0,0,0,0,0,0,0,0,0,,,,0,,,,,,,,,,,,,,,,,
1538,Internal,903,2073,37950,40,23.4,13.2,7,4,63,5,88,5,0,0,0,0,7.7253907129710395,0.0,0.0,0.0,0,0,0,0,0,0,0,0,0,0,0,0,,,,0,,,,,,,,,,,,,,,,,
1539,Internal,569,1423,37734,40,20.9,24.2,12,86,54,2,4,42,0,0,0,0,0.0,0.0,0.0,0.0,0,0,0,0,531,0,0,0,0,0,0,0,,,,0,,,,,,,,,,,,,,,,,
1540,Internal,113,213,61125,40,21.7,12.0,0,158,914,80,61,41,0,0,0,0,0.0,0.0,0.0,0.0,0,0,0,0,0,0,0,0,0,0,0,0,,,,0,,,,,,,,,,,,,,,,,
1541,Internal,99,217,61125,40,21.7,12.0,0,275,6,18,0,37,0,0,0,0,0.0,0.0,0.0,0.0,0,0,0,0,4240,0,0,0,0,0,0,0,,,,0,,,,,,,,,,,,,,,,,
1542,Internal,807,1998,61125,40,21.7,12.0,8,119,193,45,57,29,0,0,0,0,0.0,0.0,0.0,0.0,0,0,0,0,101,0,0,0,0,0,0,0,,,,0,,,,,,,,,,,,,,,,,
1543,Internal,454,1154,61125,40,21.7,12.0,12,151,122,27,13,32,0,0,0,0,0.0,0.0,0.0,0.0,0,0,0,0,0,0,0,0,0,0,0,0,,,,0,,,,,,,,,,,,,,,,,
1544,Internal,546,1417,37950,40,23.4,13.2,8,6,5,12,20,32,0,0,0,0,0.0,0.0,0.0,0.0,0,0,0,0,0,0,0,0,0,0,0,0,,,,0,,,,,,,,,,,,,,,,,
1545,Internal,130,374,37734,40,20.9,24.2,0,0,0,0,0,32,0,0,0,0,0.0,0.0,0.0,0.0,0,0,0,0,0,0,0,0,0,0,0,0,,,,0,,,,,,,,,,,,,,,,,
1546,Internal,862,2016,24007,42,35.3,7.8,25,798,1285,193,280,58,0,0,0,0,15.450781425942079,0.0,0.0,0.0,0,0,0,0,0,0,0,0,0,0,0,0,,,,0,,,,,,,,,,,,,,,,,
1547,Internal,135,296,24007,42,35.3,7.8,0,178,10452,143,166,58,0,0,0,0,0.0,0.0,0.0,0.0,0,0,0,0,558,0,2192,1,0,0,0,0,,,,0,,,,,,,,,,,,,,,,,
1548,Internal,1124,2657,33435,42,35.0,2.5,17,258,2057,227,282,34,0,0,0,0,23.17617213891312,0.0,0.0,0.0,0,0,0,0,0,0,0,0,0,0,0,0,,,,0,,,,,,,,,,,,,,,,,
1549,Internal,647,1671,24007,42,35.3,7.8,2,779,1877,71,69,26,0,0,0,0,0.0,0.0,0.0,0.0,0,0,0,0,0,0,0,0,0,0,0,0,,,,0,,,,,,,,,,,,,,,,,
1550,Internal,223,531,33435,42,35.0,2.5,0,17,273,0,10,57,0,0,0,0,0.0,0.0,0.0,0.0,0,0,0,0,0,0,0,0,0,0,0,0,,,,0,,,,,,,,,,,,,,,,,
1551,Internal,521,1402,25284,32,39.9,11.6,0,121,195,57,33,40,0,0,0,0,0.0,0.0,0.0,0.0,0,0,0,0,603,0,0,0,0,0,0,0,,,,0,,,,,,,,,,,,,,,,,
1552,Internal,674,2049,32000,32,29.8,12.0,0,11,34,94,11,38,0,0,0,0,0.0,0.0,0.0,0.0,0,0,0,0,0,0,0,0,0,0,0,0,,,,0,,,,,,,,,,,,,,,,,
1553,Internal,186,332,48646,43,15.5,18.4,0,5,116,0,49,39,0,0,0,0,0.0,0.0,0.0,0.0,0,0,0,0,0,0,0,0,0,0,0,0,,,,0,,,,,,,,,,,,,,,,,
1554,Internal,94,287,46442,37,32.2,6.0,506,99,70,16,1,48,0,0,0,0,0.0,0.0,0.0,0.0,0,0,0,0,363,0,0,0,0,0,0,0,,,,0,,,,,,,,,,,,,,,,,
1555,Internal,268,740,40903,32,32.1,15.2,5,101,5,9,3,44,0,0,0,0,0.0,0.0,0.0,0.0,0,0,0,0,625,0,0,0,0,0,0,0,,,,0,,,,,,,,,,,,,,,,,
1556,Internal,173,544,32000,32,29.8,12.0,0,61,52,1,0,38,0,0,0,0,0.0,0.0,0.0,0.0,0,0,0,0,0,0,0,0,0,0,0,0,,,,0,,,,,,,,,,,,,,,,,
1557,Internal,816,2166,44722,32,13.3,29.0,1,24,53,7,3,38,0,0,0,0,0.0,0.0,0.0,0.0,0,0,0,0,0,0,0,0,0,0,0,0,,,,0,,,,,,,,,,,,,,,,,
1558,Internal,328,885,40903,32,32.1,15.2,0,0,21,11,6,38,0,0,0,0,0.0,0.0,0.0,0.0,0,0,0,0,0,0,0,0,0,0,0,0,,,,0,,,,,,,,,,,,,,,,,
1559,Internal,453,1416,46442,37,32.2,6.0,2,3,33,8,0,45,0,0,0,0,0.0,0.0,0.0,0.0,0,0,0,0,19,0,0,0,0,0,0,0,,,,0,,,,,,,,,,,,,,,,,
1560,Internal,212,593,31864,43,19.5,19.6,2,94,23,296,14,46,0,0,0,0,0.0,0.0,0.0,0.0,0,0,0,0,917,0,0,0,0,0,0,0,,,,0,,,,,,,,,,,,,,,,,
1561,Internal,796,1955,31864,43,19.5,19.6,11,170,111,9,148,5,0,0,0,0,0.0,0.0,0.0,0.0,0,0,0,0,0,0,0,0,0,0,0,0,,,,0,,,,,,,,,,,,,,,,,
1562,Internal,762,2009,42969,43,2.5,27.3,1,38,140,39,0,10,0,0,0,0,0.0,0.0,0.0,0.0,0,0,0,0,0,0,0,0,0,0,0,0,,,,0,,,,,,,,,,,,,,,,,
1563,Internal,1495,4349,54025,43,29.0,10.0,3,79,508,33,7,25,0,0,0,0,0.0,0.0,0.0,0.0,0,0,0,0,0,0,0,0,0,0,0,0,,,,0,,,,,,,,,,,,,,,,,
1564,Internal,518,1499,32738,43,36.2,4.3,320,575,505,16,8,49,0,0,0,0,7.7253907129710395,0.0,0.0,0.0,0,0,0,0,0,0,0,0,0,0,0,0,,,,0,,,,,,,,,,,,,,,,,
1565,Internal,599,1561,32738,43,36.2,4.3,15,373,316,197,3,25,0,0,0,0,0.0,0.0,0.0,0.0,0,0,0,0,0,0,0,0,0,0,0,0,,,,0,,,,,,,,,,,,,,,,,
1566,Internal,603,1584,54025,43,29.0,10.0,3,378,132,128,6,18,0,0,0,0,7.7253907129710395,0.0,0.0,0.0,0,0,0,0,0,0,0,0,0,0,0,0,,,,0,,,,,,,,,,,,,,,,,
1567,Internal,620,1846,54025,43,29.0,10.0,5,141,49,8,4,25,0,0,0,0,0.0,0.0,0.0,0.0,0,0,0,0,637,0,0,0,0,0,0,0,,,,0,,,,,,,,,,,,,,,,,
1568,Internal,128,252,31864,43,19.5,19.6,0,0,8,11,4,25,0,0,0,0,0.0,0.0,0.0,0.0,0,0,0,0,1059,0,0,0,0,0,0,0,,,,0,,,,,,,,,,,,,,,,,
1569,Internal,962,2738,46442,37,32.2,6.0,6,137,277,28,26,6,0,0,0,0,0.0,0.0,0.0,0.0,0,0,0,0,0,0,0,0,0,0,0,0,,,,0,,,,,,,,,,,,,,,,,
1570,Internal,720,2105,46296,37,29.7,11.9,16,48,96,33,11,14,0,0,0,0,0.0,0.0,0.0,0.0,0,0,0,0,42,0,0,0,0,0,0,0,,,,0,,,,,,,,,,,,,,,,,
1571,Internal,490,1277,46442,37,32.2,6.0,6,7,108,12,21,45,0,0,0,0,38.6269535648552,0.0,0.0,0.0,0,0,0,0,0,0,0,0,0,0,0,0,,,,0,,,,,,,,,,,,,,,,,
1572,Internal,1170,2496,41875,55,26.1,5.8,42,890,1618,291,567,46,0,0,0,0,0.0,0.0,0.0,0.0,0,0,0,0,0,0,0,0,0,0,0,0,,,,0,,,,,,,,,,,,,,,,,
1573,Internal,654,1252,35150,40,27.2,7.3,121,236,1224,81,78,37,0,0,0,0,0.0,0.0,0.0,0.0,0,0,0,0,0,0,0,0,0,0,0,0,,,,0,,,,,,,,,,,,,,,,,
1574,Internal,6,24,41875,55,26.1,5.8,5,9,42,1,14,37,0,0,0,0,0.0,0.0,0.0,0.0,0,0,0,0,0,0,0,0,0,0,0,0,,,,0,,,,,,,,,,,,,,,,,
1575,Internal,1089,2330,41875,55,26.1,5.8,477,448,503,82,264,48,0,0,0,0,0.0,0.0,0.0,0.0,0,0,0,0,0,0,0,0,0,0,0,0,,,,0,,,,,,,,,,,,,,,,,
1576,Internal,426,830,41875,55,26.1,5.8,296,304,325,116,351,74,0,0,0,0,7.7253907129710395,0.0,0.0,0.0,0,0,0,0,0,0,0,0,0,0,0,0,,,,0,,,,,,,,,,,,,,,,,
1577,Internal,723,1509,36151,55,21.0,6.9,4,257,720,158,138,49,0,0,0,0,0.0,0.0,0.0,0.0,0,0,0,0,0,0,0,0,0,0,0,0,,,,0,,,,,,,,,,,,,,,,,
1578,Internal,513,995,36151,55,21.0,6.9,374,1262,2650,568,913,47,0,0,0,0,0.0,0.0,0.0,0.0,0,0,0,0,577,0,4314,0,0,0,0,0,,,,0,,,,,,,,,,,,,,,,,
1579,Internal,373,703,36151,55,21.0,6.9,451,844,2660,365,583,25,0,0,0,0,7.7253907129710395,0.0,0.0,0.0,0,0,0,0,0,0,0,0,0,0,0,0,,,,0,,,,,,,,,,,,,,,,,
1580,Internal,224,476,36151,55,21.0,6.9,55,308,1242,213,578,47,0,0,0,0,0.0,0.0,0.0,0.0,0,0,0,0,0,0,0,0,0,0,0,0,,,,0,,,,,,,,,,,,,,,,,
1581,Internal,152,347,32199,55,18.3,11.8,1,15,56,5,7,56,0,0,0,0,0.0,0.0,0.0,0.0,0,0,0,0,0,0,0,0,0,0,0,0,,,,0,,,,,,,,,,,,,,,,,
1582,Internal,246,563,36151,55,21.0,6.9,1,183,274,59,151,48,0,0,0,0,0.0,0.0,0.0,0.0,0,0,0,0,0,0,0,0,0,0,0,0,,,,0,,,,,,,,,,,,,,,,,
1583,Internal,295,679,36151,55,21.0,6.9,645,120,301,25,32,48,0,0,0,0,7.7253907129710395,0.0,0.0,0.0,0,0,0,0,0,0,0,0,0,0,0,0,,,,0,,,,,,,,,,,,,,,,,
1584,Internal,209,535,32199,55,18.3,11.8,18,22,40,0,0,48,0,0,0,0,0.0,0.0,0.0,0.0,0,0,0,0,0,0,0,0,0,0,0,0,,,,0,,,,,,,,,,,,,,,,,
1585,Internal,276,550,36151,55,21.0,6.9,358,108,71,15,38,48,0,0,0,0,0.0,0.0,0.0,0.0,0,0,0,0,0,0,0,0,0,0,0,0,,,,0,,,,,,,,,,,,,,,,,
1586,Internal,15,29,41875,55,26.1,5.8,0,9,113,30,0,48,0,0,0,0,7.7253907129710395,0.0,0.0,0.0,0,0,0,0,0,0,0,0,0,0,0,0,,,,0,,,,,,,,,,,,,,,,,
1587,Internal,16,41,31864,43,19.5,19.6,3,29,27,11,7,28,0,0,0,0,0.0,0.0,0.0,0.0,0,0,0,0,0,0,0,0,0,0,0,0,,,,0,,,,,,,,,,,,,,,,,
1588,Internal,1131,2627,32199,55,18.3,11.8,1,46,160,111,11,48,0,0,0,0,0.0,0.0,0.0,0.0,0,0,0,0,0,0,0,0,0,0,0,0,,,,0,,,,,,,,,,,,,,,,,
1589,Internal,585,1166,81641,55,23.7,3.1,0,41,226,3,45,8,9,0,0,0,237.55576442385947,0.0,0.0,0.0,0,0,0,0,0,0,0,0,0,0,0,0,,,,0,,,,,,,,,,,,,,,,,
1590,Internal,1303,2979,81641,55,23.7,3.1,14,232,1263,393,361,14,0,0,0,0,77.2539071297104,0.0,0.0,0.0,0,0,0,0,0,0,0,0,0,0,0,0,,,,0,,,,,,,,,,,,,,,,,
1591,Internal,503,970,66250,63,4.2,9.6,80,24,78,80,57,46,0,0,0,0,283.9081087016857,0.0,0.0,0.0,0,0,0,0,25,0,0,0,0,0,0,0,,,,0,,,,,,,,,,,,,,,,,
1592,Internal,397,699,66250,63,4.2,9.6,0,0,30,0,3,32,0,0,0,0,399.78896939625133,0.0,0.0,0.0,0,0,0,0,0,0,0,0,0,0,0,0,,,,0,,,,,,,,,,,,,,,,,
1593,Internal,146,288,66250,63,4.2,9.6,0,3,41,0,1,32,0,0,0,0,84.97929784268145,0.0,0.0,0.0,0,0,0,0,0,0,0,0,0,0,0,0,,,,0,,,,,,,,,,,,,,,,,
1594,Internal,493,1165,36495,63,9.6,2.5,0,8,76,0,14,32,0,0,0,0,461.59209510001966,0.0,0.0,0.0,0,0,0,0,0,0,0,0,0,0,0,0,,,,0,,,,,,,,,,,,,,,,,
1595,Internal,74,163,36495,63,9.6,2.5,3,14,44,0,27,54,0,0,0,0,7.7253907129710395,0.0,0.0,0.0,0,0,0,0,0,0,0,0,0,0,0,0,,,,0,,,,,,,,,,,,,,,,,
1596,Internal,754,1534,38692,63,2.5,2.5,8,151,177,9,198,11,135,0,0,0,1029.408312503391,0.0,0.0,0.0,0,0,0,0,0,0,0,0,0,0,0,0,,,,0,,,,,,,,,,,,,,,,,
1597,Internal,516,1079,36495,63,9.6,2.5,0,93,203,18,0,32,0,0,0,0,1044.859093929333,0.0,0.0,0.0,0,0,0,0,0,0,0,0,0,0,0,0,,,,0,,,,,,,,,,,,,,,,,
1598,Internal,355,656,36495,63,9.6,2.5,0,13,70,0,1,32,0,0,0,0,291.6334994146568,0.0,0.0,0.0,0,0,0,0,0,0,0,0,0,0,0,0,,,,0,,,,,,,,,,,,,,,,,
1599,Internal,400,858,36495,63,9.6,2.5,0,7,67,38,18,20,0,0,0,0,959.8797960866517,0.0,0.0,0.0,0,0,0,0,0,0,0,0,0,0,0,0,,,,0,,,,,,,,,,,,,,,,,
1600,Internal,289,527,38692,63,2.5,2.5,0,82,122,0,31,32,0,0,0,0,337.985843692483,0.0,0.0,0.0,0,0,0,0,0,0,0,0,0,0,0,0,,,,0,,,,,,,,,,,,,,,,,
1601,Internal,946,1777,65902,68,8.7,8.9,163,397,1127,194,123,40,0,0,0,0,0.0,0.0,0.0,0.0,0,0,0,0,0,0,0,0,0,0,0,0,,,,0,,,,,,,,,,,,,,,,,
1602,Internal,488,1009,36458,57,5.3,2.5,0,4371,470,52,37,58,0,0,0,0,0.0,0.0,0.0,0.0,0,0,0,0,0,0,0,0,0,0,0,0,,,,0,,,,,,,,,,,,,,,,,
1603,Internal,114,263,36458,57,5.3,2.5,0,507,811,107,62,58,0,0,0,0,0.0,0.0,0.0,0.0,252,0,0,0,0,0,0,0,5,140,0,0,259,0,0,0,,,,,,,,,,,,,,,,,
1604,Internal,1085,2817,53952,57,5.7,5.0,9,10,78,22,6,58,243,0,0,0,2020.1896714419272,0.0,0.0,0.0,0,0,0,0,0,0,0,0,0,0,0,0,,,,0,,,,,,,,,,,,,,,,,
1605,Internal,921,2400,47794,57,13.6,7.7,0,37,293,1,4,28,0,0,0,0,544.6400452644583,0.0,0.0,0.0,0,0,0,0,0,0,0,0,0,0,0,0,,,,0,,,,,,,,,,,,,,,,,
1606,Internal,92,153,36458,57,5.3,2.5,0,11,65,3,130,18,330,0,0,0,0.0,0.0,0.0,0.0,12,0,0,0,0,0,0,0,5,0,0,200,0,0,69,0,,,,,,,,,,,,,,,,,
1607,Internal,410,945,47794,57,13.6,7.7,10,16,57,4,1,22,0,0,0,0,807.3033295054737,0.0,0.0,0.0,0,0,0,0,0,0,0,0,0,0,0,0,,,,0,,,,,,,,,,,,,,,,,
1608,Internal,701,1755,53952,57,5.7,5.0,9,17,171,21,115,14,0,0,0,0,361.1620158313961,0.0,0.0,0.0,0,0,0,0,0,0,0,0,0,0,0,0,,,,0,,,,,,,,,,,,,,,,,
1609,Internal,317,739,65902,68,8.7,8.9,0,825,579,200,78,14,0,0,0,0,0.0,0.0,0.0,0.0,0,0,0,0,462,0,0,0,0,0,0,0,,,,0,,,,,,,,,,,,,,,,,
1610,Internal,855,1684,61518,47,13.0,18.0,112,679,1901,248,854,15,0,0,0,0,0.0,0.0,0.0,0.0,0,0,0,0,0,0,0,0,0,0,0,0,,,,0,,,,,,,,,,,,,,,,,
1611,Internal,447,1079,57891,51,16.0,18.1,11,178,730,116,266,17,0,0,0,0,0.0,0.0,0.0,0.0,0,0,0,0,0,0,0,0,0,0,0,0,,,,0,,,,,,,,,,,,,,,,,
1612,Internal,91,221,36458,57,5.3,2.5,173,2954,3487,729,477,22,0,0,0,0,0.0,0.0,0.0,0.0,5918,0,0,0,0,0,0,0,0,0,0,0,,,,0,,,,,,,,,,,,,,,,,
1613,Internal,580,1095,65902,68,8.7,8.9,76,1465,2605,720,1587,37,0,0,0,0,23.17617213891312,0.0,0.0,0.0,0,0,0,0,0,0,0,0,5,203,101,0,400,920,0,0,,,,,,,,,,,,,,,,,
1614,Internal,251,512,65902,68,8.7,8.9,0,393,171,65,124,50,0,0,0,0,0.0,0.0,0.0,0.0,0,0,0,0,0,0,0,0,0,0,0,0,,,,0,,,,,,,,,,,,,,,,,
1615,Internal,3,10,65902,68,8.7,8.9,231,2213,36,7,0,73,0,0,0,0,0.0,0.0,0.0,0.0,0,0,0,0,0,0,0,0,0,0,0,0,,,,0,,,,,,,,,,,,,,,,,
1616,Internal,181,501,65902,68,8.7,8.9,136,1728,46,143,0,16,0,0,0,0,0.0,0.0,0.0,0.0,9,0,0,0,0,0,0,0,0,0,0,0,,,,0,,,,,,,,,,,,,,,,,
1617,Internal,1815,3060,65902,68,8.7,8.9,24,676,488,10,52,66,0,0,0,0,507.9444393778459,0.0,0.0,0.0,0,0,0,0,2703,0,0,0,0,0,0,0,,,,0,,,,,,,,,,,,,,,,,
1618,Internal,167,328,65902,68,8.7,8.9,301,1045,673,404,215,41,0,0,0,0,183.4780294330622,0.0,0.0,0.0,0,0,0,0,0,0,0,0,0,0,0,0,,,,0,,,,,,,,,,,,,,,,,
1619,Internal,1008,1902,65902,68,8.7,8.9,3,1214,347,198,182,53,0,0,0,0,206.65420157197534,0.0,0.0,0.0,0,0,0,0,0,0,0,0,0,0,0,0,,,,0,,,,,,,,,,,,,,,,,
1620,Internal,576,1327,65902,68,8.7,8.9,67,346,588,184,215,39,0,0,0,0,0.0,0.0,0.0,0.0,0,0,0,0,231,0,0,0,0,0,0,0,,,,0,,,,,,,,,,,,,,,,,
1621,Internal,842,1598,65902,68,8.7,8.9,215,3203,1206,90,135,60,0,0,0,0,253.00654584980157,0.0,0.0,0.0,0,0,0,0,0,0,0,0,0,0,0,0,,,,0,,,,,,,,,,,,,,,,,
1622,Internal,428,847,65902,68,8.7,8.9,262,761,2094,485,754,55,0,0,0,0,0.0,0.0,0.0,0.0,0,0,0,0,0,0,0,0,0,0,0,0,,,,0,,,,,,,,,,,,,,,,,
1623,Internal,59,160,65902,68,9.0,9.0,53,33,67,575,96,38,0,0,0,0,38.6269535648552,0.0,0.0,0.0,0,0,0,0,0,729,799,0,0,0,0,0,,,,0,,,,,,,,,,,,,,,,,
1624,Internal,384,725,65902,68,9.0,9.0,48,1209,444,200,163,19,0,0,0,0,7.7253907129710395,0.0,0.0,0.0,1166,0,0,0,0,0,0,0,5,203,101,200,393,637,275,0,,,,,,,,,,,,,,,,,
1625,Internal,1093,2389,44816,60,17.3,6.8,17,555,1761,226,481,57,0,0,0,0,38.6269535648552,0.0,0.0,0.0,0,0,0,0,0,0,0,0,0,0,0,0,,,,0,,,,,,,,,,,,,,,,,
1626,Internal,1150,2439,48312,60,16.5,8.6,3,601,1166,348,295,42,0,0,0,0,222.1049829979174,0.0,0.0,0.0,0,0,0,0,0,0,0,0,0,0,0,0,,,,0,,,,,,,,,,,,,,,,,
1627,Internal,240,589,48312,60,16.5,8.6,5,92,49,19,12,49,0,0,0,0,23.17617213891312,0.0,0.0,0.0,0,0,0,0,0,0,0,0,0,0,0,0,,,,0,,,,,,,,,,,,,,,,,
1628,Internal,1489,3082,44816,60,17.3,6.8,751,1751,2842,911,1474,66,0,0,0,0,108.15546998159456,0.0,0.0,0.0,0,0,0,0,0,0,0,0,0,0,0,0,,,,0,,,,,,,,,,,,,,,,,
1629,Internal,613,1314,48312,60,16.5,8.6,26,370,1037,209,560,45,0,0,0,0,0.0,0.0,0.0,0.0,0,0,0,0,0,0,0,0,0,0,0,0,,,,0,,,,,,,,,,,,,,,,,
1630,Internal,1169,2088,44816,60,17.3,6.8,1241,1274,1932,397,886,45,0,0,0,0,23.17617213891312,0.0,0.0,0.0,144,0,0,0,0,0,0,0,0,0,0,0,,,,0,,,,,,,,,,,,,,,,,
1631,Internal,1441,3297,40546,55,17.1,5.1,2,576,1653,394,802,47,0,0,0,0,944.4290146607096,0.0,0.0,0.0,0,0,0,0,0,0,0,0,0,0,0,0,,,,0,,,,,,,,,,,,,,,,,
1632,Internal,1133,2748,39623,55,21.1,3.3,0,427,591,140,108,53,0,0,0,0,131.33164212050767,0.0,0.0,0.0,0,0,0,0,0,0,0,0,0,0,0,0,,,,0,,,,,,,,,,,,,,,,,
1633,Internal,583,1391,40546,55,17.1,5.1,4,712,1177,488,551,44,0,0,0,0,7.7253907129710395,0.0,0.0,0.0,0,0,0,0,0,0,0,0,0,0,0,0,,,,0,,,,,,,,,,,,,,,,,
1634,Internal,310,763,66364,58,16.0,7.6,0,192,98,6,6,55,0,0,0,0,30.901562851884158,0.0,0.0,0.0,0,0,0,0,1325,0,0,0,0,0,0,0,,,,0,,,,,,,,,,,,,,,,,
1635,Internal,160,408,48312,60,16.5,8.6,50,104,353,30,87,46,0,0,0,0,0.0,0.0,0.0,0.0,0,0,0,0,56,0,0,0,0,0,0,0,,,,0,,,,,,,,,,,,,,,,,
1636,Internal,80,163,40546,55,17.1,5.1,7,153,535,122,206,22,0,0,0,0,0.0,0.0,0.0,0.0,0,0,0,0,0,0,0,0,0,0,0,0,,,,0,,,,,,,,,,,,,,,,,
1637,Internal,1429,2916,52694,55,17.1,4.6,0,2269,1383,445,438,43,0,0,0,0,154.5078142594208,0.0,0.0,0.0,0,0,0,0,0,0,0,0,0,0,0,0,,,,0,,,,,,,,,,,,,,,,,
1638,Internal,827,1656,52694,55,17.1,4.6,6,162,300,64,109,43,0,0,0,0,330.26045297951197,0.0,0.0,0.0,0,0,0,0,0,0,0,0,0,0,0,0,,,,0,,,,,,,,,,,,,,,,,
1639,Internal,577,1122,52694,55,17.1,4.6,2,93,69,11,20,43,0,0,0,0,154.5078142594208,0.0,0.0,0.0,0,0,0,0,0,0,0,0,0,0,0,0,,,,0,,,,,,,,,,,,,,,,,
1640,Internal,233,615,76082,49,24.0,12.8,3,37,67,16,7,61,0,0,0,0,0.0,0.0,0.0,0.0,0,0,0,0,0,0,0,0,0,0,0,0,,,,0,,,,,,,,,,,,,,,,,
1641,Internal,405,1038,76082,49,24.0,12.8,0,189,41,134,2,66,0,0,0,0,23.17617213891312,0.0,0.0,0.0,0,0,0,0,3486,0,0,0,0,0,0,0,,,,0,,,,,,,,,,,,,,,,,
1642,Internal,268,735,76082,49,24.0,12.8,0,12,24,0,0,61,0,0,0,0,0.0,0.0,0.0,0.0,0,0,0,0,0,0,0,0,0,0,0,0,,,,0,,,,,,,,,,,,,,,,,
1643,Internal,242,654,76082,49,24.0,12.8,0,0,5,0,0,61,0,0,0,0,0.0,0.0,0.0,0.0,0,0,0,0,0,0,0,0,0,0,0,0,,,,0,,,,,,,,,,,,,,,,,
1644,Internal,728,1626,38295,49,2.5,4.5,3,103,131,10,17,61,0,0,0,0,1160.739954623899,0.0,0.0,0.0,0,0,0,0,0,0,0,0,0,0,0,0,,,,0,,,,,,,,,,,,,,,,,
1645,Internal,444,1161,96359,49,13.5,16.2,4,131,40,10,0,44,0,0,0,0,0.0,0.0,0.0,0.0,0,0,0,0,1510,0,0,0,0,0,0,0,,,,0,,,,,,,,,,,,,,,,,
1646,Internal,1139,2547,36250,43,28.5,6.1,3,407,2085,396,704,15,0,0,0,0,722.3240316627922,0.0,0.0,0.0,0,0,0,0,35,0,0,0,0,0,0,0,,,,0,,,,,,,,,,,,,,,,,
1647,Internal,800,2266,73921,42,31.1,8.6,0,194,410,8,166,8,0,0,0,0,0.0,0.0,0.0,0.0,0,0,0,0,0,0,0,0,0,0,0,0,,,,0,,,,,,,,,,,,,,,,,
1648,Internal,18,55,29087,48,10.2,2.5,48,921,53,1,18,32,0,0,0,0,7.7253907129710395,0.0,0.0,0.0,0,0,0,0,0,0,0,0,5,203,106,200,1327,15,27,0,,,,,,,,,,,,,,,,,
1649,Internal,1109,2528,31607,43,31.0,2.5,2,157,477,47,148,15,0,0,0,0,368.88740654436714,0.0,0.0,0.0,0,0,0,0,0,0,0,0,0,0,0,0,,,,0,,,,,,,,,,,,,,,,,
1650,Internal,962,2324,29087,48,10.2,2.5,0,69,133,3,4,32,36,0,0,0,2796.5914380955164,0.0,0.0,0.0,0,0,0,0,0,0,0,0,0,0,0,0,,,,0,,,,,,,,,,,,,,,,,
1651,Internal,475,1085,25571,48,18.5,2.5,0,14,68,0,18,10,0,0,0,0,1460.0988447515267,0.0,0.0,0.0,0,0,0,0,0,0,0,0,0,0,0,0,,,,0,,,,,,,,,,,,,,,,,
1652,Internal,508,1255,34563,40,22.7,7.3,442,83,158,76,60,27,0,0,0,0,92.70468855565248,0.0,0.0,0.0,0,0,0,0,559,0,0,0,5,0,101,0,0,136,0,0,,,,,,,,,,,,,,,,,
1653,Internal,792,1746,34563,40,22.7,7.3,8,387,1550,222,759,9,0,0,0,0,291.6334994146568,0.0,0.0,0.0,0,0,0,0,0,0,0,0,5,0,101,0,0,136,0,0,,,,,,,,,,,,,,,,,
1654,Internal,1156,2640,82673,58,17.7,9.8,14,24,122,3,16,51,0,0,0,0,61.803125703768316,0.0,0.0,0.0,0,0,0,0,0,0,0,0,0,0,0,0,,,,0,,,,,,,,,,,,,,,,,
1655,Internal,1135,2157,55893,58,26.9,11.8,3,90,137,8,129,13,0,0,0,0,146.78242354644976,0.0,0.0,0.0,0,0,0,0,0,0,0,0,0,0,0,0,,,,0,,,,,,,,,,,,,,,,,
1656,Internal,268,673,87446,50,16.1,35.9,4,128,153,5,98,12,0,0,0,0,0.0,0.0,0.0,0.0,0,0,0,0,0,0,0,0,0,0,0,0,,,,0,,,,,,,,,,,,,,,,,
1657,Internal,867,1678,55893,58,26.9,11.8,0,509,178,318,94,27,0,0,0,0,0.0,0.0,0.0,0.0,0,0,0,0,0,0,0,0,0,0,0,0,,,,0,,,,,,,,,,,,,,,,,
1658,Internal,438,1096,82673,58,17.7,9.8,15,9,117,21,6,9,0,0,0,0,15.450781425942079,0.0,0.0,0.0,0,0,0,0,0,0,0,0,0,0,0,0,,,,0,,,,,,,,,,,,,,,,,
1659,Internal,558,1200,87446,50,16.1,35.9,12,171,562,72,166,34,0,0,0,0,0.0,0.0,0.0,0.0,0,0,0,0,776,0,0,0,0,0,0,0,,,,0,,,,,,,,,,,,,,,,,
1660,Internal,234,638,58627,45,27.9,9.5,4,11,21,0,0,42,0,0,0,0,0.0,0.0,0.0,0.0,0,0,0,0,0,0,0,0,0,0,0,0,,,,0,,,,,,,,,,,,,,,,,
1661,Internal,775,1564,59022,45,22.7,15.5,113,938,583,33,82,45,0,0,0,0,46.35234427782624,0.0,0.0,0.0,0,0,0,0,0,0,0,0,0,0,0,0,,,,0,,,,,,,,,,,,,,,,,
1662,Internal,748,1375,56818,50,13.5,8.6,10,140,270,15,13,62,0,0,0,0,100.43007926862353,0.0,0.0,0.0,0,0,0,0,0,0,0,0,0,0,0,0,,,,0,,,,,,,,,,,,,,,,,
1663,Internal,433,974,58627,45,27.9,9.5,73,608,485,153,537,36,0,0,0,0,23.17617213891312,0.0,0.0,0.0,0,0,0,0,0,0,0,0,0,0,0,0,,,,0,,,,,,,,,,,,,,,,,
1664,Internal,540,1357,58627,45,27.9,9.5,138,128,297,21,72,34,0,0,0,0,0.0,0.0,0.0,0.0,0,0,0,0,0,0,0,0,0,0,0,0,,,,0,,,,,,,,,,,,,,,,,
1665,Internal,0,0,59022,45,22.7,15.5,123,64,237,47,22,42,0,0,0,0,0.0,0.0,0.0,0.0,0,0,0,0,0,0,0,0,0,0,0,0,,,,0,,,,,,,,,,,,,,,,,
1666,Internal,426,855,56818,50,13.5,8.6,18,310,347,34,311,22,0,0,0,0,0.0,0.0,0.0,0.0,0,0,0,0,0,0,0,0,0,0,0,0,,,,0,,,,,,,,,,,,,,,,,
1667,Internal,116,238,81250,60,15.7,16.6,87,1024,1655,91,55,52,0,0,0,0,0.0,0.0,0.0,0.0,0,0,0,0,0,0,0,0,0,0,0,0,,,,0,,,,,,,,,,,,,,,,,
1668,Internal,1006,2178,81250,60,15.7,16.6,8,721,412,11,2,49,0,0,0,0,146.78242354644976,0.0,0.0,0.0,0,0,0,0,0,0,0,0,0,0,0,0,,,,0,,,,,,,,,,,,,,,,,
1669,Internal,1128,2273,49978,60,14.7,9.3,280,6,69,3,0,26,0,0,0,0,154.5078142594208,0.0,0.0,0.0,0,0,0,0,0,0,0,0,0,0,0,0,,,,0,,,,,,,,,,,,,,,,,
1670,Internal,907,1950,93816,60,17.4,14.5,20,329,880,5,275,22,0,0,0,0,54.07773499079728,0.0,0.0,0.0,0,0,0,0,19,0,0,0,0,0,0,0,,,,0,,,,,,,,,,,,,,,,,
1671,Internal,372,838,93816,60,17.4,14.5,6,53,81,5,0,33,0,0,0,0,0.0,0.0,0.0,0.0,0,0,0,0,0,0,0,0,0,0,0,0,,,,0,,,,,,,,,,,,,,,,,
1672,Internal,1019,2029,93816,60,17.4,14.5,38,1090,396,63,66,74,0,0,0,0,100.43007926862353,0.0,0.0,0.0,0,0,0,0,0,0,0,0,0,0,0,0,,,,0,,,,,,,,,,,,,,,,,
1673,Internal,210,558,56731,53,24.7,8.8,58,319,1295,52,132,63,0,0,0,0,0.0,0.0,0.0,0.0,0,0,0,0,125,0,0,0,0,0,0,0,,,,0,,,,,,,,,,,,,,,,,
1674,Internal,108,255,56731,53,24.7,8.8,5,169,286,12,1,33,0,0,0,0,0.0,0.0,0.0,0.0,0,0,0,0,125,0,0,0,0,0,0,0,,,,0,,,,,,,,,,,,,,,,,
1675,Internal,65,123,55893,58,26.9,11.8,26,6,414,34,3141,14,0,0,0,0,0.0,0.0,0.0,0.0,0,0,0,0,0,0,0,0,0,0,0,0,,,,0,,,,,,,,,,,,,,,,,
1676,Internal,1206,2152,72950,53,10.9,21.8,3,177,369,67,46,27,0,0,0,0,54.07773499079728,0.0,0.0,0.0,0,0,0,0,0,0,0,0,0,0,0,0,,,,0,,,,,,,,,,,,,,,,,
1677,Internal,721,1509,90870,53,5.8,31.7,230,665,154,47,262,62,0,0,0,0,7.7253907129710395,0.0,0.0,0.0,0,0,0,0,0,0,0,0,0,0,0,0,,,,0,,,,,,,,,,,,,,,,,
1678,Internal,437,932,72950,53,10.9,21.8,13,162,471,34,127,47,0,0,0,0,23.17617213891312,0.0,0.0,0.0,0,0,0,0,128,0,0,0,0,0,0,0,,,,0,,,,,,,,,,,,,,,,,
1679,Internal,1361,2299,72950,53,10.9,21.8,155,1643,889,154,244,64,0,0,0,0,77.2539071297104,0.0,0.0,0.0,0,0,0,0,702,0,0,0,0,0,0,0,,,,0,,,,,,,,,,,,,,,,,
1680,Internal,397,1030,73921,42,31.1,8.6,199,284,94,0,9,47,0,0,0,0,0.0,0.0,0.0,0.0,0,0,0,0,0,0,0,0,0,0,0,0,,,,0,,,,,,,,,,,,,,,,,
1681,Internal,458,1223,142386,52,27.8,13.0,3,99,17,17,5,48,0,0,0,0,0.0,0.0,0.0,0.0,0,0,0,0,1152,0,0,0,0,0,0,0,,,,0,,,,,,,,,,,,,,,,,
1682,Internal,274,833,142386,52,27.8,13.0,1,101,48,60,18,32,0,0,0,0,0.0,0.0,0.0,0.0,0,0,0,0,0,0,0,0,0,0,0,0,,,,0,,,,,,,,,,,,,,,,,
1683,Internal,322,915,142386,52,27.8,13.0,0,4,50,0,5,18,0,0,0,0,0.0,0.0,0.0,0.0,0,0,0,0,0,0,0,0,0,0,0,0,,,,0,,,,,,,,,,,,,,,,,
1684,Internal,724,1710,56495,42,31.2,7.0,67,621,690,25,128,47,0,0,0,0,0.0,0.0,0.0,0.0,0,0,0,0,0,0,0,0,0,0,0,0,,,,0,,,,,,,,,,,,,,,,,
1685,Internal,1096,2669,93951,51,22.6,21.5,117,80,351,15,200,17,0,0,0,0,0.0,0.0,0.0,0.0,0,0,0,0,0,0,0,0,0,0,0,0,,,,0,,,,,,,,,,,,,,,,,
1686,Internal,712,1409,22388,51,16.2,29.9,12,180,559,1,98,41,0,0,0,0,7.7253907129710395,0.0,0.0,0.0,0,0,0,0,1789,0,0,0,0,0,0,0,,,,0,,,,,,,,,,,,,,,,,
1687,Internal,2936,4996,92969,51,12.1,27.3,29,3587,1494,345,558,55,0,0,0,0,69.52851641673936,0.0,0.0,0.0,0,0,0,0,0,0,0,0,0,0,0,0,,,,0,,,,,,,,,,,,,,,,,
1688,Internal,257,777,92969,51,12.1,27.3,3,113,27,0,0,55,0,0,0,0,0.0,0.0,0.0,0.0,0,0,0,0,1261,0,0,0,0,0,0,0,,,,0,,,,,,,,,,,,,,,,,
1689,Internal,1049,2296,96833,52,22.6,15.0,3,58,98,19,67,60,0,0,0,0,23.17617213891312,0.0,0.0,0.0,0,0,0,0,0,0,0,0,0,0,0,0,,,,0,,,,,,,,,,,,,,,,,
1690,Internal,271,731,96833,52,22.6,15.0,11,52,92,3,18,40,0,0,0,0,0.0,0.0,0.0,0.0,0,0,0,0,0,0,0,0,0,0,0,0,,,,0,,,,,,,,,,,,,,,,,
1691,Internal,374,773,80265,52,22.7,11.6,431,1175,2603,78,91,41,0,0,0,0,0.0,0.0,0.0,0.0,0,0,0,0,125,0,0,0,0,0,0,0,,,,0,,,,,,,,,,,,,,,,,
1692,Internal,256,742,80265,52,22.7,11.6,1,0,114,7,2,40,0,0,0,0,0.0,0.0,0.0,0.0,0,0,0,0,0,0,0,0,0,0,0,0,,,,0,,,,,,,,,,,,,,,,,
1693,Internal,508,1041,51569,48,21.2,8.8,55,641,659,72,287,66,0,0,0,0,23.17617213891312,0.0,0.0,0.0,0,0,0,0,877,0,0,0,0,0,0,0,,,,0,,,,,,,,,,,,,,,,,
1694,Internal,133,365,51569,48,21.2,8.8,66,29,174,0,5,62,0,0,0,0,0.0,0.0,0.0,0.0,0,0,0,0,0,0,0,0,0,0,0,0,,,,0,,,,,,,,,,,,,,,,,
1695,Internal,182,439,51569,48,21.2,8.8,43,511,1145,93,56,44,0,0,0,0,0.0,0.0,0.0,0.0,0,0,0,0,0,0,0,0,0,0,0,0,,,,0,,,,,,,,,,,,,,,,,
1696,Internal,301,713,51569,48,21.2,8.8,218,1281,1039,66,127,49,0,0,0,0,0.0,0.0,0.0,0.0,0,0,0,0,0,0,5853,0,0,0,0,0,,,,0,,,,,,,,,,,,,,,,,
1697,Internal,61,166,51569,48,21.2,8.8,43,198,410,72,919,18,0,0,0,0,0.0,0.0,0.0,0.0,0,0,0,0,0,0,0,0,0,0,0,0,,,,0,,,,,,,,,,,,,,,,,
1698,Internal,537,1322,51569,48,21.2,8.8,17,417,3669,84,210,66,0,0,0,0,0.0,0.0,0.0,0.0,0,0,0,0,0,0,0,1,0,0,0,0,,,,0,,,,,,,,,,,,,,,,,
1699,Internal,20,60,51569,48,21.2,8.8,5,260,268,8,418,27,0,0,0,0,0.0,0.0,0.0,0.0,0,0,0,0,0,0,0,0,0,0,0,0,,,,0,,,,,,,,,,,,,,,,,
1700,Internal,612,1691,69271,48,25.7,20.7,368,132,194,92,155,71,0,0,0,0,0.0,0.0,0.0,0.0,0,0,0,0,0,0,0,0,0,0,0,0,,,,0,,,,,,,,,,,,,,,,,
1701,Internal,107,238,42125,48,32.0,5.2,16,145,706,10,411,52,0,0,0,0,0.0,0.0,0.0,0.0,0,0,0,0,0,0,0,0,0,0,0,0,,,,0,,,,,,,,,,,,,,,,,
1702,Internal,638,1393,42125,48,32.0,5.2,25,515,1027,169,426,46,0,0,0,0,7.7253907129710395,0.0,0.0,0.0,0,0,0,0,0,0,0,0,0,0,0,0,,,,0,,,,,,,,,,,,,,,,,
1703,Internal,921,1737,42125,48,32.0,5.2,63,602,1722,88,375,39,0,0,0,0,15.450781425942079,0.0,0.0,0.0,0,0,0,0,0,0,0,0,0,0,0,0,,,,0,,,,,,,,,,,,,,,,,
1704,Internal,1787,3600,42125,48,32.0,5.2,23,1957,2099,557,965,48,0,0,0,0,15.450781425942079,0.0,0.0,0.0,0,0,0,0,0,0,0,0,0,0,0,0,,,,0,,,,,,,,,,,,,,,,,
1705,Internal,369,502,80265,52,22.7,11.6,7,46,141,22,8,22,0,0,0,0,46.35234427782624,0.0,0.0,0.0,0,0,0,0,0,0,0,0,0,0,0,0,,,,0,,,,,,,,,,,,,,,,,
1706,Internal,584,1397,42125,48,32.0,5.2,258,1050,1159,298,902,23,0,0,0,0,0.0,0.0,0.0,0.0,0,0,0,0,0,0,0,0,0,0,0,0,,,,0,,,,,,,,,,,,,,,,,
1707,Internal,608,1293,69271,48,25.7,20.7,5,11,122,6,150,58,0,0,0,0,15.450781425942079,0.0,0.0,0.0,0,0,0,0,0,0,0,0,0,0,0,0,,,,0,,,,,,,,,,,,,,,,,
1708,Internal,1097,2985,60000,45,27.7,10.8,62,17,29,10,5,13,0,0,0,0,0.0,0.0,0.0,0.0,0,0,0,0,0,0,0,0,0,0,0,0,,,,0,,,,,,,,,,,,,,,,,
1709,Internal,1154,2700,67894,45,26.4,12.0,37,199,590,16,206,15,0,0,0,0,0.0,0.0,0.0,0.0,0,0,0,0,0,0,0,0,0,0,0,0,,,,0,,,,,,,,,,,,,,,,,
1710,Internal,663,1656,40363,45,21.3,14.5,8,21,30,13,3,19,0,0,0,0,0.0,0.0,0.0,0.0,0,0,0,0,67,0,0,0,0,0,0,0,,,,0,,,,,,,,,,,,,,,,,
1711,Internal,2750,5931,60000,45,27.7,10.8,25,1224,5158,483,1920,31,0,0,0,0,0.0,0.0,0.0,0.0,0,0,0,0,378,0,0,0,0,0,0,0,,,,0,,,,,,,,,,,,,,,,,
1712,Internal,419,1095,40363,45,21.3,14.5,0,15,89,0,6,23,0,0,0,0,0.0,0.0,0.0,0.0,0,0,0,0,0,0,0,0,0,0,0,0,,,,0,,,,,,,,,,,,,,,,,
1713,Internal,123,349,40363,45,21.3,14.5,9,40,736,26,410,22,0,0,0,0,0.0,0.0,0.0,0.0,0,0,0,0,0,0,0,0,0,0,0,0,,,,0,,,,,,,,,,,,,,,,,
1714,Internal,71,168,40363,45,21.3,14.5,11,105,9,20,0,42,0,0,0,0,0.0,0.0,0.0,0.0,0,0,0,0,1108,0,0,0,0,0,0,0,,,,0,,,,,,,,,,,,,,,,,
1715,Internal,941,2597,47717,47,30.7,4.0,0,17,45,13,1,44,0,0,0,0,7.7253907129710395,0.0,0.0,0.0,0,0,0,0,0,0,0,0,0,0,0,0,,,,0,,,,,,,,,,,,,,,,,
1716,Internal,882,2258,61518,47,13.0,18.0,9,118,419,2,79,20,0,0,0,0,0.0,0.0,0.0,0.0,0,0,0,0,0,0,0,0,0,0,0,0,,,,0,,,,,,,,,,,,,,,,,
1717,Internal,210,398,47717,47,30.7,4.0,145,143,1824,44,47,68,0,0,0,0,0.0,0.0,0.0,0.0,0,0,0,0,0,0,0,0,0,0,0,0,,,,0,,,,,,,,,,,,,,,,,
1718,Internal,230,481,47717,47,30.7,4.0,67,225,702,120,174,30,0,0,0,0,0.0,0.0,0.0,0.0,0,0,0,0,0,0,0,0,0,0,0,0,,,,0,,,,,,,,,,,,,,,,,
1719,Internal,35,96,61518,47,13.0,18.0,29,23,385,94,1,12,0,0,0,0,0.0,0.0,0.0,0.0,0,0,0,0,0,0,0,0,0,0,0,0,,,,0,,,,,,,,,,,,,,,,,
1720,Internal,511,1172,55536,47,22.5,5.9,295,150,348,2,113,54,0,0,0,0,7.7253907129710395,0.0,0.0,0.0,0,0,0,0,0,0,0,0,0,0,0,0,,,,0,,,,,,,,,,,,,,,,,
1721,Internal,28,92,55536,47,22.5,5.9,476,128,106,1,24,58,0,0,0,0,0.0,0.0,0.0,0.0,0,0,0,0,0,0,0,0,0,0,0,0,,,,0,,,,,,,,,,,,,,,,,
1722,Internal,70,191,61518,47,13.0,18.0,92,451,833,140,77,30,0,0,0,0,0.0,0.0,0.0,0.0,0,0,0,0,0,0,0,0,0,0,0,0,,,,0,,,,,,,,,,,,,,,,,
1723,Internal,195,535,55536,47,22.5,5.9,28,3,20,8,0,44,0,0,0,0,0.0,0.0,0.0,0.0,0,0,0,0,0,0,0,0,0,0,0,0,,,,0,,,,,,,,,,,,,,,,,
1724,Internal,26,73,47717,47,30.7,4.0,206,100,226,1,69,51,0,0,0,0,0.0,0.0,0.0,0.0,0,0,0,0,0,0,0,0,0,0,0,0,,,,0,,,,,,,,,,,,,,,,,
1725,Internal,292,852,37153,46,34.3,2.5,14,4,29,2,1,22,0,0,0,0,0.0,0.0,0.0,0.0,0,0,0,0,0,0,0,0,0,0,0,0,,,,0,,,,,,,,,,,,,,,,,
1726,Internal,981,2293,37153,46,34.3,2.5,2,35,87,64,34,30,0,0,0,0,23.17617213891312,0.0,0.0,0.0,0,0,0,0,0,0,0,0,0,0,0,0,,,,0,,,,,,,,,,,,,,,,,
1727,Internal,363,787,26814,46,41.3,4.3,73,78,190,10,80,37,0,0,0,0,0.0,0.0,0.0,0.0,0,0,0,0,0,0,0,0,0,0,0,0,,,,0,,,,,,,,,,,,,,,,,
1728,Internal,566,1614,26814,46,41.3,4.3,0,5,27,24,7,19,0,0,0,0,7.7253907129710395,0.0,0.0,0.0,0,0,0,0,0,0,0,0,0,0,0,0,,,,0,,,,,,,,,,,,,,,,,
1729,Internal,238,612,26814,46,41.3,4.3,476,162,335,26,118,44,0,0,0,0,7.7253907129710395,0.0,0.0,0.0,0,0,0,0,0,0,0,0,0,0,0,0,,,,0,,,,,,,,,,,,,,,,,
1730,Internal,537,1480,58628,46,16.7,10.1,0,9,20,8,5,43,0,0,0,0,0.0,0.0,0.0,0.0,0,0,0,0,0,0,0,0,0,0,0,0,,,,0,,,,,,,,,,,,,,,,,
1731,Internal,594,1264,58628,46,16.7,10.1,23,100,681,44,237,40,0,0,0,0,0.0,0.0,0.0,0.0,0,0,0,0,0,0,0,0,0,0,0,0,,,,0,,,,,,,,,,,,,,,,,
1732,Internal,1319,2132,62722,51,18.8,11.2,170,302,1422,142,257,50,0,0,0,0,169.9585956853629,0.0,0.0,0.0,0,0,0,0,0,0,0,0,0,0,0,0,,,,0,,,,,,,,,,,,,,,,,
1733,Internal,765,2064,56495,42,31.2,7.0,6,197,572,6,2,47,0,0,0,0,0.0,0.0,0.0,0.0,0,0,0,0,0,0,0,0,0,0,0,0,,,,0,,,,,,,,,,,,,,,,,
1734,Internal,576,1266,57891,51,16.0,18.1,5,111,259,27,220,28,0,0,0,0,0.0,0.0,0.0,0.0,0,0,0,0,697,0,0,0,0,0,0,0,,,,0,,,,,,,,,,,,,,,,,
1735,Internal,322,820,57891,51,16.0,18.1,5,16,358,27,480,12,0,0,0,0,0.0,0.0,0.0,0.0,0,0,0,0,0,0,0,0,0,0,0,0,,,,0,,,,,,,,,,,,,,,,,
1736,Internal,442,1230,62722,51,18.8,11.2,1,4,8,0,0,52,0,0,0,0,0.0,0.0,0.0,0.0,0,0,0,0,0,0,0,0,0,0,0,0,,,,0,,,,,,,,,,,,,,,,,
1737,Internal,99,256,62722,51,18.8,11.2,5,141,593,76,37,59,0,0,0,0,0.0,0.0,0.0,0.0,0,0,0,0,1020,0,0,0,0,0,0,0,,,,0,,,,,,,,,,,,,,,,,
1738,Internal,468,1209,62722,51,18.8,11.2,0,21,22,17,2,73,0,0,0,0,0.0,0.0,0.0,0.0,0,0,0,0,0,0,0,0,0,0,0,0,,,,0,,,,,,,,,,,,,,,,,
1739,Internal,358,922,106833,48,16.8,20.1,13,25,5,4,0,31,0,0,0,0,0.0,0.0,0.0,0.0,0,0,0,0,0,0,0,0,0,0,0,0,,,,0,,,,,,,,,,,,,,,,,
1740,Internal,275,762,106833,48,16.8,20.1,0,14,33,0,0,2,0,0,0,0,0.0,0.0,0.0,0.0,0,0,0,0,0,0,0,0,0,0,0,0,,,,0,,,,,,,,,,,,,,,,,
1741,Internal,207,541,93137,48,20.8,15.4,4,8,11,0,15,10,0,0,0,0,0.0,0.0,0.0,0.0,0,0,0,0,0,0,0,0,0,0,0,0,,,,0,,,,,,,,,,,,,,,,,
1742,Internal,144,403,93137,48,20.8,15.4,0,0,11,0,0,31,0,0,0,0,0.0,0.0,0.0,0.0,0,0,0,0,0,0,0,0,0,0,0,0,,,,0,,,,,,,,,,,,,,,,,
1743,Internal,800,1837,64420,48,28.2,17.2,5,96,106,0,6,18,0,0,0,0,7.7253907129710395,0.0,0.0,0.0,0,0,0,0,0,0,0,0,0,0,0,0,,,,0,,,,,,,,,,,,,,,,,
1744,Internal,209,521,93137,48,20.8,15.4,1,12,2,0,0,31,0,0,0,0,0.0,0.0,0.0,0.0,0,0,0,0,0,0,0,0,0,0,0,0,,,,0,,,,,,,,,,,,,,,,,
1745,Internal,10,31,93137,48,20.8,15.4,0,24,116,22,0,43,0,0,0,0,0.0,0.0,0.0,0.0,0,0,0,0,727,0,0,0,0,0,0,0,,,,0,,,,,,,,,,,,,,,,,
1746,Internal,241,588,43580,48,9.8,31.6,2,5,4,0,0,31,0,0,0,0,0.0,0.0,0.0,0.0,0,0,0,0,0,0,0,0,0,0,0,0,,,,0,,,,,,,,,,,,,,,,,
1747,Internal,27,79,43580,48,9.8,31.6,0,0,75,0,0,48,0,0,0,0,0.0,0.0,0.0,0.0,0,0,0,0,1022,0,0,0,0,0,0,0,,,,0,,,,,,,,,,,,,,,,,
1748,Internal,411,843,20737,48,28.0,3.5,0,37,154,0,0,30,0,0,0,0,15.450781425942079,0.0,0.0,0.0,0,0,0,0,0,0,0,0,0,0,0,0,,,,0,,,,,,,,,,,,,,,,,
1749,Internal,5,15,20737,48,28.0,3.5,2,267,86,83,214,39,0,0,0,0,0.0,0.0,0.0,0.0,0,0,0,0,0,0,0,0,0,0,0,0,,,,0,,,,,,,,,,,,,,,,,
1750,Internal,351,891,51967,42,23.0,13.7,14,50,151,0,13,28,0,0,0,0,0.0,0.0,0.0,0.0,0,0,0,0,0,0,0,0,0,0,0,0,,,,0,,,,,,,,,,,,,,,,,
1751,Internal,252,584,51967,42,23.0,13.7,31,533,344,59,374,47,0,0,0,0,0.0,0.0,0.0,0.0,0,0,0,0,0,0,0,0,0,0,0,0,,,,0,,,,,,,,,,,,,,,,,
1752,Internal,517,1052,51967,42,23.0,13.7,27,44,106,0,61,27,0,0,0,0,15.450781425942079,0.0,0.0,0.0,0,0,0,0,0,0,0,0,0,0,0,0,,,,0,,,,,,,,,,,,,,,,,
1753,Internal,76,180,54091,42,30.6,9.5,0,16,25,0,0,28,0,0,0,0,0.0,0.0,0.0,0.0,0,0,0,0,0,0,0,0,0,0,0,0,,,,0,,,,,,,,,,,,,,,,,
1754,Internal,93,257,51967,42,23.0,13.7,0,101,26,0,0,46,0,0,0,0,0.0,0.0,0.0,0.0,0,0,0,0,808,0,0,0,0,0,0,0,,,,0,,,,,,,,,,,,,,,,,
1755,Internal,6,30,51967,42,23.0,13.7,3,43,144,35,723,20,0,0,0,0,0.0,0.0,0.0,0.0,0,0,0,0,0,0,0,0,0,0,0,0,,,,0,,,,,,,,,,,,,,,,,
1756,Internal,587,1399,43934,42,23.6,5.5,7,227,243,12,212,29,0,0,0,0,38.6269535648552,0.0,0.0,0.0,0,0,0,0,0,0,0,0,0,0,0,0,,,,0,,,,,,,,,,,,,,,,,
1757,Internal,39,87,43934,42,23.6,5.5,0,76,43,0,11,28,0,0,0,0,0.0,0.0,0.0,0.0,0,0,0,0,0,0,0,0,0,0,0,0,,,,0,,,,,,,,,,,,,,,,,
1758,Internal,352,957,54091,42,30.6,9.5,10,60,65,0,29,18,0,0,0,0,0.0,0.0,0.0,0.0,0,0,0,0,0,0,0,0,0,0,0,0,,,,0,,,,,,,,,,,,,,,,,
1759,Internal,279,708,54091,42,30.6,9.5,2,3,15,1,0,28,0,0,0,0,0.0,0.0,0.0,0.0,0,0,0,0,0,0,0,0,0,0,0,0,,,,0,,,,,,,,,,,,,,,,,
1760,Internal,48,119,54091,42,30.6,9.5,0,301,19,0,0,44,0,0,0,0,0.0,0.0,0.0,0.0,0,0,0,0,4076,0,0,0,0,0,0,0,,,,0,,,,,,,,,,,,,,,,,
1761,Internal,440,1140,56939,42,13.5,20.8,4,152,32,0,4,28,0,0,0,0,0.0,0.0,0.0,0.0,0,0,0,0,0,0,0,0,0,0,0,0,,,,0,,,,,,,,,,,,,,,,,
1762,Internal,283,668,56939,42,13.5,20.8,0,1,2,0,5,4,0,0,0,0,0.0,0.0,0.0,0.0,0,0,0,0,0,0,0,0,0,0,0,0,,,,0,,,,,,,,,,,,,,,,,
1763,Internal,1050,3176,59604,42,38.4,6.9,3,123,168,2,16,37,0,0,0,0,0.0,0.0,0.0,0.0,0,0,0,0,1007,0,0,0,0,0,0,0,,,,0,,,,,,,,,,,,,,,,,
1764,Internal,663,2039,59604,42,38.4,6.9,131,29,565,24,171,52,0,0,0,0,0.0,0.0,0.0,0.0,0,0,0,0,0,0,0,0,0,0,0,0,,,,0,,,,,,,,,,,,,,,,,
1765,Internal,657,1707,41648,42,29.2,9.0,1387,165,173,9,46,38,0,0,0,0,0.0,0.0,0.0,0.0,0,0,0,0,0,0,0,0,0,0,0,0,,,,0,,,,,,,,,,,,,,,,,
1766,Internal,1307,3337,39722,42,23.3,15.0,913,1075,1373,102,76,58,0,0,0,0,0.0,0.0,0.0,0.0,0,0,0,0,949,0,0,0,0,0,0,0,,,,0,,,,,,,,,,,,,,,,,
1767,Internal,473,1282,41648,42,29.2,9.0,0,0,37,0,0,39,0,0,0,0,0.0,0.0,0.0,0.0,0,0,0,0,0,0,0,0,0,0,0,0,,,,0,,,,,,,,,,,,,,,,,
1768,Internal,145,439,39722,42,23.3,15.0,2652,129,176,6,15,40,0,0,0,0,0.0,0.0,0.0,0.0,0,0,0,0,969,0,0,0,0,0,0,0,,,,0,,,,,,,,,,,,,,,,,
1769,Internal,19,50,39722,42,23.3,15.0,3,214,30,1,9,44,0,0,0,0,0.0,0.0,0.0,0.0,0,0,0,0,2292,0,0,0,0,0,0,0,,,,0,,,,,,,,,,,,,,,,,
1770,Internal,216,533,54025,43,29.0,10.0,16,43,50,1,0,25,0,0,0,0,0.0,0.0,0.0,0.0,0,0,0,0,0,0,0,0,0,0,0,0,,,,0,,,,,,,,,,,,,,,,,
1771,Internal,603,1667,59604,42,38.4,6.9,0,306,582,45,14,39,0,0,0,0,0.0,0.0,0.0,0.0,0,0,0,0,0,0,0,0,0,0,0,0,,,,0,,,,,,,,,,,,,,,,,
1772,Internal,826,2413,59604,42,38.4,6.9,8,281,181,36,47,5,0,0,0,0,0.0,0.0,0.0,0.0,0,0,0,0,321,0,0,0,0,0,0,0,,,,0,,,,,,,,,,,,,,,,,
1773,Internal,727,1954,39722,42,23.3,15.0,66,290,727,60,28,14,0,0,0,0,0.0,0.0,0.0,0.0,0,0,0,0,0,0,0,0,0,0,0,0,,,,0,,,,,,,,,,,,,,,,,
1774,Internal,35,121,59604,42,38.4,6.9,0,173,5,0,0,46,0,0,0,0,0.0,0.0,0.0,0.0,0,0,0,0,2627,0,0,0,0,0,0,0,,,,0,,,,,,,,,,,,,,,,,
1775,Internal,715,1780,41648,42,29.2,9.0,10,371,275,14,9,41,0,0,0,0,0.0,0.0,0.0,0.0,0,0,0,0,1517,0,0,0,0,0,0,0,,,,0,,,,,,,,,,,,,,,,,
1776,Internal,441,1073,39722,42,23.3,15.0,264,146,311,12,167,38,0,0,0,0,0.0,0.0,0.0,0.0,0,0,0,0,0,0,0,0,0,0,0,0,,,,0,,,,,,,,,,,,,,,,,
1777,Internal,250,688,73921,42,31.1,8.6,16,18,753,2,3,47,0,0,0,0,0.0,0.0,0.0,0.0,0,0,0,0,0,0,0,0,0,0,0,0,,,,0,,,,,,,,,,,,,,,,,
1778,Internal,492,1336,73921,42,31.1,8.6,1195,40,337,3,10,47,0,0,0,0,0.0,0.0,0.0,0.0,0,0,0,0,0,0,0,0,0,0,0,0,,,,0,,,,,,,,,,,,,,,,,
1779,Internal,702,1938,73921,42,31.1,8.6,2,167,444,4,41,47,0,0,0,0,0.0,0.0,0.0,0.0,0,0,0,0,0,0,0,0,0,0,0,0,,,,0,,,,,,,,,,,,,,,,,
1780,Internal,787,2519,61146,46,34.2,2.8,4,203,314,85,17,41,0,0,0,0,0.0,0.0,0.0,0.0,0,0,0,0,1194,0,0,0,0,0,0,0,,,,0,,,,,,,,,,,,,,,,,
1781,Internal,283,871,61146,46,34.2,2.8,5,6,67,30,0,31,0,0,0,0,0.0,0.0,0.0,0.0,0,0,0,0,0,0,0,0,0,0,0,0,,,,0,,,,,,,,,,,,,,,,,
1782,Internal,961,2925,61146,46,34.2,2.8,12,44,265,26,4,31,0,0,0,0,0.0,0.0,0.0,0.0,0,0,0,0,0,0,0,0,0,0,0,0,,,,0,,,,,,,,,,,,,,,,,
1783,Internal,222,604,61146,46,34.2,2.8,1,7,59,6,12,32,0,0,0,0,0.0,0.0,0.0,0.0,0,0,0,0,0,0,0,0,0,0,0,0,,,,0,,,,,,,,,,,,,,,,,
1784,Internal,1069,3344,61146,46,34.2,2.8,5,9,21,3,6,31,0,0,0,0,0.0,0.0,0.0,0.0,0,0,0,0,0,0,0,0,0,0,0,0,,,,0,,,,,,,,,,,,,,,,,
1785,Internal,1017,2752,73921,42,31.1,8.6,87,0,36,0,0,0,0,0,0,0,0.0,0.0,0.0,0.0,0,0,0,0,0,0,0,0,0,0,0,0,,,,0,,,,,,,,,,,,,,,,,
1786,Internal,364,950,56495,42,31.2,7.0,6998,358,1065,21,20,43,0,0,0,0,0.0,0.0,0.0,0.0,0,0,0,0,0,0,0,0,0,0,0,0,,,,0,,,,,,,,,,,,,,,,,
1787,Internal,21,60,56495,42,31.2,7.0,1795,327,84,0,54,55,0,0,0,0,0.0,0.0,0.0,0.0,0,0,0,0,0,0,0,0,0,0,0,0,,,,0,,,,,,,,,,,,,,,,,
1788,Internal,1587,4347,56495,42,31.2,7.0,53,127,81,2,0,47,0,0,0,0,0.0,0.0,0.0,0.0,0,0,0,0,0,0,0,0,0,0,0,0,,,,0,,,,,,,,,,,,,,,,,
1789,Internal,392,916,56495,42,31.2,7.0,385,279,643,17,55,69,0,0,0,0,0.0,0.0,0.0,0.0,0,0,0,0,0,0,0,0,0,0,0,0,,,,0,,,,,,,,,,,,,,,,,
1790,Internal,20,24,56495,42,31.2,7.0,1555,0,29,0,6,53,0,0,0,0,0.0,0.0,0.0,0.0,0,0,0,0,0,0,0,0,0,0,0,0,,,,0,,,,,,,,,,,,,,,,,
1791,Internal,2015,4874,56495,42,31.2,7.0,223,1148,1671,134,73,23,0,0,0,0,0.0,0.0,0.0,0.0,0,0,0,0,0,0,0,0,0,0,0,0,,,,0,,,,,,,,,,,,,,,,,
1792,Internal,259,707,56495,42,31.2,7.0,206,6,252,0,0,0,0,0,0,0,0.0,0.0,0.0,0.0,0,0,0,0,0,0,0,0,0,0,0,0,,,,0,,,,,,,,,,,,,,,,,
1793,Internal,1330,3810,56495,42,31.2,7.0,23,158,309,17,24,25,0,0,0,0,0.0,0.0,0.0,0.0,0,0,0,0,5,0,0,0,0,0,0,0,,,,0,,,,,,,,,,,,,,,,,
1794,Internal,572,1255,39000,46,34.5,17.2,100,41,55,75,19,36,0,0,0,0,0.0,0.0,0.0,0.0,0,0,0,0,1092,0,0,0,0,0,0,0,,,,0,,,,,,,,,,,,,,,,,
1795,Internal,1095,2747,39000,46,34.5,17.2,0,15,139,0,17,31,0,0,0,0,0.0,0.0,0.0,0.0,0,0,0,0,0,0,0,0,0,0,0,0,,,,0,,,,,,,,,,,,,,,,,
1796,Internal,364,1056,39000,46,34.5,17.2,6,20,78,3,1,31,0,0,0,0,0.0,0.0,0.0,0.0,0,0,0,0,0,0,0,0,0,0,0,0,,,,0,,,,,,,,,,,,,,,,,
1797,Internal,347,783,52124,46,30.5,2.9,27,19,175,15,249,8,0,0,0,0,0.0,0.0,0.0,0.0,0,0,0,0,0,0,0,0,0,0,0,0,,,,0,,,,,,,,,,,,,,,,,
1798,Internal,1744,5211,52124,46,30.5,2.9,89,162,460,11,0,56,0,0,0,0,15.450781425942079,0.0,0.0,0.0,0,0,0,0,0,0,0,0,0,0,0,0,,,,0,,,,,,,,,,,,,,,,,
1799,Internal,1035,2819,54940,46,21.0,9.1,13,14,49,3,0,31,0,0,0,0,0.0,0.0,0.0,0.0,0,0,0,0,0,0,0,0,0,0,0,0,,,,0,,,,,,,,,,,,,,,,,
1800,Internal,156,415,54940,46,21.0,9.1,12,2,98,6,0,31,0,0,0,0,0.0,0.0,0.0,0.0,0,0,0,0,3329,0,0,0,0,0,0,0,,,,0,,,,,,,,,,,,,,,,,
1801,Internal,572,1584,52124,46,30.5,2.9,31,1,36,0,2,31,0,0,0,0,15.450781425942079,0.0,0.0,0.0,0,0,0,0,0,0,0,0,0,0,0,0,,,,0,,,,,,,,,,,,,,,,,
1802,Internal,96,277,63379,48,20.3,8.1,0,0,0,0,0,22,0,0,0,0,0.0,0.0,0.0,0.0,0,0,0,0,0,0,0,0,0,0,0,0,,,,0,,,,,,,,,,,,,,,,,
1803,Internal,1289,3490,63379,48,20.3,8.1,0,1,2,0,0,22,0,0,0,0,0.0,0.0,0.0,0.0,0,0,0,0,0,0,0,0,0,0,0,0,,,,0,,,,,,,,,,,,,,,,,
1804,Internal,554,1571,63379,48,20.3,8.1,4,8,1,0,0,22,0,0,0,0,0.0,0.0,0.0,0.0,0,0,0,0,1300,0,0,0,0,0,0,0,,,,0,,,,,,,,,,,,,,,,,
1805,Internal,676,1913,73580,42,28.6,8.8,19,30,170,1,6,53,0,0,0,0,0.0,0.0,0.0,0.0,0,0,0,0,0,0,0,0,0,0,0,0,,,,0,,,,,,,,,,,,,,,,,
1806,Internal,356,974,52566,42,28.7,17.9,123,16,108,3,30,41,0,0,0,0,0.0,0.0,0.0,0.0,0,0,0,0,0,0,0,0,0,0,0,0,,,,0,,,,,,,,,,,,,,,,,
1807,Internal,1367,3071,63379,48,20.3,8.1,41,1,6,6,68,19,0,0,0,0,0.0,0.0,0.0,0.0,0,0,0,0,0,0,0,0,0,0,0,0,,,,0,,,,,,,,,,,,,,,,,
1808,Internal,507,953,63379,48,20.3,8.1,11,198,198,14,1568,14,0,0,0,0,0.0,0.0,0.0,0.0,0,0,0,0,0,0,0,0,0,0,0,0,,,,0,,,,,,,,,,,,,,,,,
1809,Internal,839,2439,63379,48,20.3,8.1,2,5,6,0,1,46,0,0,0,0,7.7253907129710395,0.0,0.0,0.0,0,0,0,0,5053,0,0,0,0,0,0,0,,,,0,,,,,,,,,,,,,,,,,
1810,Internal,228,555,88583,48,15.1,28.5,0,62,57,4,198,10,0,0,0,0,0.0,0.0,0.0,0.0,0,0,0,0,0,0,0,0,0,0,0,0,,,,0,,,,,,,,,,,,,,,,,
1811,Internal,341,938,88583,48,15.1,28.5,0,12,12,0,0,22,0,0,0,0,0.0,0.0,0.0,0.0,0,0,0,0,0,0,0,0,0,0,0,0,,,,0,,,,,,,,,,,,,,,,,
1812,Internal,133,404,88583,48,15.1,28.5,0,18,35,0,0,22,0,0,0,0,0.0,0.0,0.0,0.0,0,0,0,0,0,0,0,0,0,0,0,0,,,,0,,,,,,,,,,,,,,,,,
1813,Internal,248,596,52566,42,28.7,17.9,2510,213,338,12,269,46,0,0,0,0,0.0,0.0,0.0,0.0,0,0,0,0,95,0,0,0,0,0,0,0,,,,0,,,,,,,,,,,,,,,,,
1814,Internal,399,1122,52566,42,28.7,17.9,192,290,375,3,41,35,0,0,0,0,0.0,0.0,0.0,0.0,0,0,0,0,0,0,0,0,0,0,0,0,,,,0,,,,,,,,,,,,,,,,,
1815,Internal,171,441,39722,42,23.3,15.0,207,292,282,75,909,28,0,0,0,0,0.0,0.0,0.0,0.0,0,0,0,0,0,0,0,0,0,0,0,0,,,,0,,,,,,,,,,,,,,,,,
1816,Internal,859,2342,50053,48,26.2,10.1,10,589,1704,311,415,22,0,0,0,0,23.17617213891312,0.0,0.0,0.0,0,0,0,0,0,0,0,0,0,0,0,0,,,,0,,,,,,,,,,,,,,,,,
1817,Internal,588,1471,88583,48,15.1,28.5,3,33,58,10,193,10,0,0,0,0,0.0,0.0,0.0,0.0,0,0,0,0,0,0,0,0,0,0,0,0,,,,0,,,,,,,,,,,,,,,,,
1818,Internal,855,1647,60913,48,27.3,15.0,89,362,398,160,95,28,0,0,0,0,0.0,0.0,0.0,0.0,0,0,0,0,831,0,0,0,0,0,0,0,,,,0,,,,,,,,,,,,,,,,,
1819,Internal,339,906,50053,48,26.2,10.1,49,101,116,1,43,49,0,0,0,0,0.0,0.0,0.0,0.0,0,0,0,0,0,0,0,0,0,0,0,0,,,,0,,,,,,,,,,,,,,,,,
1820,Internal,401,946,50053,48,26.2,10.1,2,11,39,0,0,22,0,0,0,0,0.0,0.0,0.0,0.0,0,0,0,0,0,0,0,0,0,0,0,0,,,,0,,,,,,,,,,,,,,,,,
1821,Internal,448,1281,50053,48,26.2,10.1,0,7,0,0,0,22,0,0,0,0,0.0,0.0,0.0,0.0,0,0,0,0,0,0,0,0,0,0,0,0,,,,0,,,,,,,,,,,,,,,,,
1822,Internal,194,566,50053,48,26.2,10.1,278,216,350,11,101,43,0,0,0,0,0.0,0.0,0.0,0.0,0,0,0,0,0,0,0,0,0,0,0,0,,,,0,,,,,,,,,,,,,,,,,
1823,Internal,157,375,50053,48,26.2,10.1,9,20,20,13,0,69,0,0,0,0,0.0,0.0,0.0,0.0,0,0,0,0,0,0,0,0,0,0,0,0,,,,0,,,,,,,,,,,,,,,,,
1824,Internal,336,754,50053,48,26.2,10.1,3,34,128,70,3,22,0,0,0,0,0.0,0.0,0.0,0.0,0,0,0,0,0,0,0,0,0,0,0,0,,,,0,,,,,,,,,,,,,,,,,
1825,Internal,248,620,60913,48,27.3,15.0,32,181,153,10,46,26,0,0,0,0,0.0,0.0,0.0,0.0,0,0,0,0,0,0,0,0,0,0,0,0,,,,0,,,,,,,,,,,,,,,,,
1826,Internal,305,789,89309,53,21.6,18.4,27,36,15,0,14,43,0,0,0,0,0.0,0.0,0.0,0.0,0,0,0,0,0,0,0,0,0,0,0,0,,,,0,,,,,,,,,,,,,,,,,
1827,Internal,674,1826,89309,53,21.6,18.4,21,28,93,10,24,44,0,0,0,0,7.7253907129710395,0.0,0.0,0.0,0,0,0,0,0,0,0,0,0,0,0,0,,,,0,,,,,,,,,,,,,,,,,
1828,Internal,309,955,89309,53,21.6,18.4,3,83,40,0,3,44,0,0,0,0,0.0,0.0,0.0,0.0,0,0,0,0,949,0,0,0,0,0,0,0,,,,0,,,,,,,,,,,,,,,,,
1829,Internal,156,413,89309,53,21.6,18.4,7,16,0,30,0,43,0,0,0,0,0.0,0.0,0.0,0.0,0,0,0,0,0,0,0,0,0,0,0,0,,,,0,,,,,,,,,,,,,,,,,
1830,Internal,66,136,89309,53,21.6,18.4,11,12,2,0,1,43,0,0,0,0,0.0,0.0,0.0,0.0,0,0,0,0,0,0,0,0,0,0,0,0,,,,0,,,,,,,,,,,,,,,,,
1831,Internal,362,1025,74545,47,23.7,10.7,0,31,24,10,21,34,0,0,0,0,0.0,0.0,0.0,0.0,0,0,0,0,0,0,0,0,0,0,0,0,,,,0,,,,,,,,,,,,,,,,,
1832,Internal,298,939,86027,47,29.5,9.9,63,9,7,0,15,34,0,0,0,0,0.0,0.0,0.0,0.0,0,0,0,0,0,0,0,0,0,0,0,0,,,,0,,,,,,,,,,,,,,,,,
1833,Internal,150,402,67868,47,14.5,14.3,3,7,24,0,0,34,0,0,0,0,0.0,0.0,0.0,0.0,0,0,0,0,0,0,0,0,0,0,0,0,,,,0,,,,,,,,,,,,,,,,,
1834,Internal,447,1217,67868,47,14.5,14.3,4,5,28,11,5,34,0,0,0,0,0.0,0.0,0.0,0.0,0,0,0,0,0,0,0,0,0,0,0,0,,,,0,,,,,,,,,,,,,,,,,
1835,Internal,864,2259,74545,47,23.7,10.7,52,37,148,30,10,37,0,0,0,0,0.0,0.0,0.0,0.0,0,0,0,0,0,0,0,0,0,0,0,0,,,,0,,,,,,,,,,,,,,,,,
1836,Internal,438,1198,86027,47,29.5,9.9,16,29,22,5,15,34,0,0,0,0,0.0,0.0,0.0,0.0,0,0,0,0,0,0,0,0,0,0,0,0,,,,0,,,,,,,,,,,,,,,,,
1837,Internal,251,719,86027,47,29.5,9.9,13,14,8,20,28,44,0,0,0,0,0.0,0.0,0.0,0.0,0,0,0,0,0,0,0,0,0,0,0,0,,,,0,,,,,,,,,,,,,,,,,
1838,Internal,187,510,86027,47,29.5,9.9,2,6,0,2,0,34,0,0,0,0,0.0,0.0,0.0,0.0,0,0,0,0,0,0,0,0,0,0,0,0,,,,0,,,,,,,,,,,,,,,,,
1839,Internal,186,484,67868,47,14.5,14.3,5,12,19,0,12,34,0,0,0,0,0.0,0.0,0.0,0.0,0,0,0,0,0,0,0,0,0,0,0,0,,,,0,,,,,,,,,,,,,,,,,
1840,Internal,370,1034,105362,51,29.8,12.4,72,4,140,0,2,25,0,0,0,0,0.0,0.0,0.0,0.0,0,0,0,0,0,0,0,0,0,0,0,0,,,,0,,,,,,,,,,,,,,,,,
1841,Internal,509,1389,105362,51,29.8,12.4,13,66,8,0,4,53,0,0,0,0,0.0,0.0,0.0,0.0,0,0,0,0,0,0,0,0,0,0,0,0,,,,0,,,,,,,,,,,,,,,,,
1842,Internal,177,491,69191,51,22.2,12.6,10,4,14,0,0,25,0,0,0,0,0.0,0.0,0.0,0.0,0,0,0,0,0,0,0,0,0,0,0,0,,,,0,,,,,,,,,,,,,,,,,
1843,Internal,532,1448,69191,51,22.2,12.6,128,24,79,0,93,14,0,0,0,0,0.0,0.0,0.0,0.0,0,0,0,0,0,0,0,0,0,0,0,0,,,,0,,,,,,,,,,,,,,,,,
1844,Internal,370,948,69191,51,22.2,12.6,0,36,10,0,0,17,0,0,0,0,0.0,0.0,0.0,0.0,0,0,0,0,0,0,0,0,0,0,0,0,,,,0,,,,,,,,,,,,,,,,,
1845,Internal,141,391,69191,51,22.2,12.6,7,15,122,0,51,0,0,0,0,0,0.0,0.0,0.0,0.0,0,0,0,0,0,0,0,0,0,0,0,0,,,,0,,,,,,,,,,,,,,,,,
1846,Internal,359,985,105362,51,29.8,12.4,10,29,11,2,27,23,0,0,0,0,0.0,0.0,0.0,0.0,0,0,0,0,0,0,0,0,0,0,0,0,,,,0,,,,,,,,,,,,,,,,,
1847,Internal,351,927,69191,51,22.2,12.6,4,11,14,7,0,25,0,0,0,0,0.0,0.0,0.0,0.0,0,0,0,0,0,0,0,0,0,0,0,0,,,,0,,,,,,,,,,,,,,,,,
1848,Internal,208,555,78214,44,25.4,13.7,2,13,0,0,0,27,0,0,0,0,0.0,0.0,0.0,0.0,0,0,0,0,0,0,0,0,0,0,0,0,,,,0,,,,,,,,,,,,,,,,,
1849,Internal,143,426,78214,44,25.4,13.7,2,23,16,0,9,27,0,0,0,0,0.0,0.0,0.0,0.0,0,0,0,0,0,0,0,0,0,0,0,0,,,,0,,,,,,,,,,,,,,,,,
1850,Internal,232,684,78214,44,25.4,13.7,3,3,11,0,5,27,0,0,0,0,0.0,0.0,0.0,0.0,0,0,0,0,0,0,0,0,0,0,0,0,,,,0,,,,,,,,,,,,,,,,,
1851,Internal,219,675,78214,44,25.4,13.7,76,67,17,0,94,32,0,0,0,0,0.0,0.0,0.0,0.0,0,0,0,0,0,0,0,0,0,0,0,0,,,,0,,,,,,,,,,,,,,,,,
1852,Internal,169,464,78214,44,25.4,13.7,19,37,0,0,0,27,0,0,0,0,0.0,0.0,0.0,0.0,0,0,0,0,0,0,0,0,0,0,0,0,,,,0,,,,,,,,,,,,,,,,,
1853,Internal,261,742,78214,44,25.4,13.7,5,27,67,0,9,9,0,0,0,0,0.0,0.0,0.0,0.0,0,0,0,0,0,0,0,0,0,0,0,0,,,,0,,,,,,,,,,,,,,,,,
1854,Internal,181,508,112917,48,13.2,24.8,2,2,38,0,2,32,0,0,0,0,0.0,0.0,0.0,0.0,0,0,0,0,0,0,0,0,0,0,0,0,,,,0,,,,,,,,,,,,,,,,,
1855,Internal,155,384,105875,58,15.5,19.5,34,14,17,0,0,14,0,0,0,0,15.450781425942079,0.0,0.0,0.0,0,0,0,0,0,0,0,0,0,0,0,0,,,,0,,,,,,,,,,,,,,,,,
1856,Internal,230,605,112917,48,13.2,24.8,4,32,112,0,1,32,0,0,0,0,0.0,0.0,0.0,0.0,0,0,0,0,79,0,0,0,0,0,0,0,,,,0,,,,,,,,,,,,,,,,,
1857,Internal,540,1519,147798,48,30.1,13.4,80,46,235,4,209,24,0,0,0,0,0.0,0.0,0.0,0.0,0,0,0,0,0,0,0,0,0,0,0,0,,,,0,,,,,,,,,,,,,,,,,
1858,Internal,281,708,112917,48,13.2,24.8,14,21,24,2,6,44,0,0,0,0,0.0,0.0,0.0,0.0,0,0,0,0,0,0,0,0,0,0,0,0,,,,0,,,,,,,,,,,,,,,,,
1859,Internal,66,184,78782,58,23.7,8.8,11,0,0,1,0,55,0,0,0,0,0.0,0.0,0.0,0.0,0,0,0,0,0,0,0,0,0,0,0,0,,,,0,,,,,,,,,,,,,,,,,
1860,Internal,383,1061,132375,49,22.4,13.8,53,42,71,0,4,72,0,0,0,0,0.0,0.0,0.0,0.0,0,0,0,0,0,0,0,0,0,0,0,0,,,,0,,,,,,,,,,,,,,,,,
1861,Internal,366,968,132375,49,22.4,13.8,134,22,32,0,13,23,0,0,0,0,15.450781425942079,0.0,0.0,0.0,0,0,0,0,0,0,0,0,0,0,0,0,,,,0,,,,,,,,,,,,,,,,,
1862,Internal,375,1107,132375,49,22.4,13.8,19,42,17,0,0,56,0,0,0,0,7.7253907129710395,0.0,0.0,0.0,0,0,0,0,0,0,0,0,0,0,0,0,,,,0,,,,,,,,,,,,,,,,,
1863,Internal,215,539,147798,48,30.1,13.4,7,330,26,0,27,45,0,0,0,0,0.0,0.0,0.0,0.0,0,0,0,0,1844,0,0,0,0,0,0,0,,,,0,,,,,,,,,,,,,,,,,
1864,Internal,355,811,98875,50,14.1,52.4,10,307,40,41,38,28,0,0,0,0,0.0,0.0,0.0,0.0,0,0,0,0,0,0,0,0,0,0,0,0,,,,0,,,,,,,,,,,,,,,,,
1865,Internal,388,948,91389,49,17.4,23.8,4,78,87,23,26,71,0,0,0,0,0.0,0.0,0.0,0.0,0,0,0,0,0,0,0,0,0,0,0,0,,,,0,,,,,,,,,,,,,,,,,
1866,Internal,119,307,158095,50,19.8,14.3,13,9,17,53,0,46,0,0,0,0,0.0,0.0,0.0,0.0,0,0,0,0,0,0,0,0,0,0,0,0,,,,0,,,,,,,,,,,,,,,,,
1867,Internal,440,844,91389,49,17.4,23.8,14,219,760,58,295,39,0,0,0,0,0.0,0.0,0.0,0.0,0,0,0,0,0,0,0,0,0,0,0,0,,,,0,,,,,,,,,,,,,,,,,
1868,Internal,347,959,166875,50,26.0,10.5,1,2,38,0,3,79,0,0,0,0,0.0,0.0,0.0,0.0,0,0,0,0,0,0,0,0,0,0,0,0,,,,0,,,,,,,,,,,,,,,,,
1869,Internal,382,1128,166875,50,26.0,10.5,0,38,37,3,4,61,0,0,0,0,0.0,0.0,0.0,0.0,0,0,0,0,0,0,0,0,0,0,0,0,,,,0,,,,,,,,,,,,,,,,,
1870,Internal,180,461,158095,50,19.8,14.3,79,47,16,10,52,55,0,0,0,0,0.0,0.0,0.0,0.0,0,0,0,0,0,0,0,0,0,0,0,0,,,,0,,,,,,,,,,,,,,,,,
1871,Internal,477,1401,158095,50,19.8,14.3,35,6,68,3,44,40,0,0,0,0,0.0,0.0,0.0,0.0,0,0,0,0,0,0,0,0,0,0,0,0,,,,0,,,,,,,,,,,,,,,,,
1872,Internal,91,258,158095,50,19.8,14.3,0,82,8,0,0,51,0,0,0,0,0.0,0.0,0.0,0.0,0,0,0,0,1180,0,0,0,0,0,0,0,,,,0,,,,,,,,,,,,,,,,,
1873,Internal,153,301,91389,49,17.4,23.8,0,163,493,210,399,35,0,0,0,0,0.0,0.0,0.0,0.0,0,0,0,0,0,0,0,0,0,0,0,0,,,,0,,,,,,,,,,,,,,,,,
1874,Internal,517,936,55481,58,20.9,7.6,21,539,3447,291,2394,24,0,0,0,0,7.7253907129710395,0.0,0.0,0.0,0,0,0,0,0,0,0,0,0,0,0,0,,,,0,,,,,,,,,,,,,,,,,
1875,Internal,671,1682,55481,58,20.9,7.6,6,36,507,20,211,35,0,0,0,0,0.0,0.0,0.0,0.0,0,0,0,0,0,0,0,0,0,0,0,0,,,,0,,,,,,,,,,,,,,,,,
1876,Internal,1387,2570,55481,58,20.9,7.6,48,99,338,8,366,13,0,0,0,0,46.35234427782624,0.0,0.0,0.0,0,0,0,0,0,0,0,0,0,0,0,0,,,,0,,,,,,,,,,,,,,,,,
1877,Internal,556,1483,55481,58,20.9,7.6,24,157,144,6,27,19,0,0,0,0,0.0,0.0,0.0,0.0,0,0,0,0,0,0,0,0,0,0,0,0,,,,0,,,,,,,,,,,,,,,,,
1878,Internal,108,213,55481,58,20.9,7.6,35,103,716,98,374,12,0,0,0,0,0.0,0.0,0.0,0.0,0,0,0,0,0,0,0,0,0,0,0,0,,,,0,,,,,,,,,,,,,,,,,
1879,Internal,563,1528,66364,58,16.0,7.6,6,92,99,11,6,45,0,0,0,0,15.450781425942079,0.0,0.0,0.0,0,0,0,0,0,0,0,0,0,0,0,0,,,,0,,,,,,,,,,,,,,,,,
1880,Internal,224,594,55481,58,20.9,7.6,7,89,1792,178,1388,16,0,0,0,0,7.7253907129710395,0.0,0.0,0.0,0,0,0,0,0,0,0,0,0,0,0,0,,,,0,,,,,,,,,,,,,,,,,
1881,Internal,148,431,148542,58,18.5,15.3,7,7,71,0,3,31,0,0,0,0,0.0,0.0,0.0,0.0,0,0,0,0,0,0,0,0,0,0,0,0,,,,0,,,,,,,,,,,,,,,,,
1882,Internal,681,1552,126406,49,21.6,16.6,6,278,350,0,23,45,0,0,0,0,7.7253907129710395,0.0,0.0,0.0,0,0,0,0,0,0,0,0,0,0,0,0,,,,0,,,,,,,,,,,,,,,,,
1883,Internal,245,716,148542,58,18.5,15.3,5,110,17,25,1,80,0,0,0,0,23.17617213891312,0.0,0.0,0.0,0,0,0,0,0,0,0,0,0,0,0,0,,,,0,,,,,,,,,,,,,,,,,
1884,Internal,50,117,148542,58,18.5,15.3,0,0,0,0,0,31,0,0,0,0,0.0,0.0,0.0,0.0,0,0,0,0,0,0,0,0,0,0,0,0,,,,0,,,,,,,,,,,,,,,,,
1885,Internal,363,744,55481,58,20.9,7.6,2,11,52,0,1,58,0,0,0,0,30.901562851884158,0.0,0.0,0.0,0,0,0,0,0,0,0,0,0,0,0,0,,,,0,,,,,,,,,,,,,,,,,
1886,Internal,59,176,55481,58,20.9,7.6,457,750,937,36,26,56,0,0,0,0,0.0,0.0,0.0,0.0,0,0,0,0,850,0,0,0,0,0,0,0,,,,0,,,,,,,,,,,,,,,,,
1887,Internal,285,746,78782,58,23.7,8.8,14,16,66,0,161,55,0,0,0,0,0.0,0.0,0.0,0.0,0,0,0,0,2219,0,0,0,0,0,0,0,,,,0,,,,,,,,,,,,,,,,,
1888,Internal,486,1282,105875,58,15.5,19.5,30,29,73,16,6,24,0,0,0,0,0.0,0.0,0.0,0.0,0,0,0,0,0,0,0,0,0,0,0,0,,,,0,,,,,,,,,,,,,,,,,
1889,Internal,1623,4313,78782,58,23.7,8.8,8,1110,1425,76,87,24,0,0,0,0,0.0,0.0,0.0,0.0,0,0,0,0,0,0,0,0,0,0,0,0,,,,0,,,,,,,,,,,,,,,,,
1890,Internal,546,965,66364,58,16.0,7.6,3,212,37,9,5,54,0,0,0,0,368.88740654436714,0.0,0.0,0.0,0,0,0,0,3118,0,0,0,0,0,0,0,,,,0,,,,,,,,,,,,,,,,,
1891,Internal,144,380,66364,58,16.0,7.6,2,17,19,0,0,55,0,0,0,0,0.0,0.0,0.0,0.0,0,0,0,0,0,0,0,0,0,0,0,0,,,,0,,,,,,,,,,,,,,,,,
1892,Internal,512,1041,66364,58,16.0,7.6,0,125,439,8,13,54,0,0,0,0,162.23320497239183,0.0,0.0,0.0,0,0,0,0,0,0,0,0,0,0,0,0,,,,0,,,,,,,,,,,,,,,,,
1893,Internal,411,744,66364,58,16.0,7.6,91,1466,1033,43,41,57,0,0,0,0,268.45732727574364,0.0,0.0,0.0,0,0,0,0,0,0,0,0,0,0,0,0,,,,0,,,,,,,,,,,,,,,,,
1894,Internal,639,1773,35591,50,39.3,8.3,150,505,988,44,19,39,0,0,0,0,0.0,0.0,0.0,0.0,10,0,0,0,0,0,0,0,0,0,0,0,,,,0,,,,,,,,,,,,,,,,,
1895,Internal,2019,4070,35591,50,39.3,8.3,1753,1599,1945,282,1367,47,0,0,0,0,0.0,0.0,0.0,0.0,0,0,0,0,0,0,0,0,0,0,0,0,,,,0,,,,,,,,,,,,,,,,,
1896,Internal,433,1156,35591,50,39.3,8.3,26,193,42,0,10,80,0,0,0,0,0.0,0.0,0.0,0.0,0,0,0,0,1389,0,0,0,0,0,0,0,,,,0,,,,,,,,,,,,,,,,,
1897,Internal,368,933,35591,50,39.3,8.3,157,73,395,37,106,42,0,0,0,0,7.7253907129710395,0.0,0.0,0.0,0,0,0,0,0,0,0,0,0,0,0,0,,,,0,,,,,,,,,,,,,,,,,
1898,Internal,432,1196,68667,50,17.0,20.5,0,43,208,7,0,46,0,0,0,0,0.0,0.0,0.0,0.0,0,0,0,0,0,0,0,0,0,0,0,0,,,,0,,,,,,,,,,,,,,,,,
1899,Internal,769,1948,68667,50,17.0,20.5,227,518,1234,75,95,24,0,0,0,0,0.0,0.0,0.0,0.0,0,0,0,0,0,0,0,0,0,0,0,0,,,,0,,,,,,,,,,,,,,,,,
1900,Internal,534,1445,68667,50,17.0,20.5,26,22,164,2,0,65,0,0,0,0,0.0,0.0,0.0,0.0,0,0,0,0,0,0,0,0,0,0,0,0,,,,0,,,,,,,,,,,,,,,,,
1901,Internal,247,632,100313,50,26.0,9.9,10,11,48,0,0,27,0,0,0,0,0.0,0.0,0.0,0.0,0,0,0,0,0,0,0,0,0,0,0,0,,,,0,,,,,,,,,,,,,,,,,
1902,Internal,2605,5386,100313,50,26.0,9.9,15,112,615,39,250,15,0,0,0,0,0.0,0.0,0.0,0.0,0,0,0,0,0,0,0,0,0,0,0,0,,,,0,,,,,,,,,,,,,,,,,
1903,Internal,719,2051,100313,50,26.0,9.9,4,16,67,0,0,17,0,0,0,0,0.0,0.0,0.0,0.0,0,0,0,0,0,0,0,0,0,0,0,0,,,,0,,,,,,,,,,,,,,,,,
1904,Internal,360,1259,100313,50,26.0,9.9,8,0,14,0,2,46,0,0,0,0,0.0,0.0,0.0,0.0,0,0,0,0,0,0,0,0,0,0,0,0,,,,0,,,,,,,,,,,,,,,,,
1905,Internal,419,1161,104300,58,27.0,11.9,28,43,33,40,10,44,0,0,0,0,0.0,0.0,0.0,0.0,0,0,0,0,0,0,0,0,0,0,0,0,,,,0,,,,,,,,,,,,,,,,,
1906,Internal,704,1815,56818,50,4.4,24.3,40,28,122,2,20,30,0,0,0,0,0.0,0.0,0.0,0.0,0,0,0,0,0,0,0,0,0,0,0,0,,,,0,,,,,,,,,,,,,,,,,
1907,Internal,1361,3623,56818,50,4.4,24.3,25,478,1316,255,319,18,0,0,0,0,0.0,0.0,0.0,0.0,0,0,0,0,0,0,0,0,0,0,0,0,,,,0,,,,,,,,,,,,,,,,,
1908,Internal,1082,2697,65568,44,23.7,20.2,0,276,1068,107,233,43,0,0,0,0,0.0,0.0,0.0,0.0,0,0,0,0,0,0,0,0,0,0,0,0,,,,0,,,,,,,,,,,,,,,,,
1909,Internal,296,771,65568,44,23.7,20.2,0,39,333,3,24,5,0,0,0,0,0.0,0.0,0.0,0.0,0,0,0,0,0,0,0,0,0,0,0,0,,,,0,,,,,,,,,,,,,,,,,
1910,Internal,702,2004,65568,44,23.7,20.2,0,6,47,5,4,14,0,0,0,0,0.0,0.0,0.0,0.0,0,0,0,0,0,0,0,0,0,0,0,0,,,,0,,,,,,,,,,,,,,,,,
1911,Internal,1368,3203,65568,44,23.7,20.2,0,194,615,12,179,8,0,0,0,0,0.0,0.0,0.0,0.0,0,0,0,0,0,0,0,0,0,0,0,0,,,,0,,,,,,,,,,,,,,,,,
1912,Internal,363,935,65568,44,23.7,20.2,0,386,359,101,127,36,0,0,0,0,0.0,0.0,0.0,0.0,0,0,0,0,0,0,0,0,0,0,0,0,,,,0,,,,,,,,,,,,,,,,,
1913,Internal,937,2510,80094,45,31.6,16.5,600,532,902,193,240,37,0,0,0,0,0.0,0.0,0.0,0.0,0,0,0,0,0,0,0,0,0,0,0,0,,,,0,,,,,,,,,,,,,,,,,
1914,Internal,155,380,42589,45,28.4,13.9,1,179,182,29,56,42,0,0,0,0,0.0,0.0,0.0,0.0,0,0,0,0,0,0,0,0,0,0,0,0,,,,0,,,,,,,,,,,,,,,,,
1915,Internal,523,1213,42589,45,28.4,13.9,4,136,418,71,196,24,0,0,0,0,0.0,0.0,0.0,0.0,0,0,0,0,18,0,0,1,0,0,0,0,,,,0,,,,,,,,,,,,,,,,,
1916,Internal,2,2,42589,45,28.4,13.9,0,103,0,0,0,32,0,0,0,0,0.0,0.0,0.0,0.0,0,0,0,0,1798,0,0,0,0,0,0,0,,,,0,,,,,,,,,,,,,,,,,
1917,Internal,459,1255,42589,45,28.4,13.9,2,54,176,9,3,21,0,0,0,0,0.0,0.0,0.0,0.0,0,0,0,0,0,0,0,0,0,0,0,0,,,,0,,,,,,,,,,,,,,,,,
1918,Internal,427,961,42589,45,28.4,13.9,0,48,87,10,59,32,0,0,0,0,0.0,0.0,0.0,0.0,0,0,0,0,0,0,0,0,0,0,0,0,,,,0,,,,,,,,,,,,,,,,,
1919,Internal,106,265,42589,45,28.4,13.9,59,26,176,3,80,35,0,0,0,0,0.0,0.0,0.0,0.0,0,0,0,0,0,0,0,0,0,0,0,0,,,,0,,,,,,,,,,,,,,,,,
1920,Internal,368,1022,72075,45,24.2,15.0,94,133,253,3,0,27,0,0,0,0,0.0,0.0,0.0,0.0,0,0,0,0,685,0,0,0,0,0,0,0,,,,0,,,,,,,,,,,,,,,,,
1921,Internal,426,1172,72075,45,24.2,15.0,33,20,171,19,49,27,0,0,0,0,0.0,0.0,0.0,0.0,0,0,0,0,0,0,0,0,0,0,0,0,,,,0,,,,,,,,,,,,,,,,,
1922,Internal,587,1552,72075,45,24.2,15.0,73,10,52,0,0,27,0,0,0,0,0.0,0.0,0.0,0.0,0,0,0,0,0,0,0,0,0,0,0,0,,,,0,,,,,,,,,,,,,,,,,
1923,Internal,1069,3000,72075,45,24.2,15.0,0,0,29,0,3,27,0,0,0,0,0.0,0.0,0.0,0.0,0,0,0,0,0,0,0,0,0,0,0,0,,,,0,,,,,,,,,,,,,,,,,
1924,Internal,582,1469,72075,45,24.2,15.0,17,23,342,32,9,12,0,0,0,0,0.0,0.0,0.0,0.0,0,0,0,0,0,0,0,0,0,0,0,0,,,,0,,,,,,,,,,,,,,,,,
1925,Internal,60,144,72075,45,24.2,15.0,1,10,126,28,101,25,0,0,0,0,0.0,0.0,0.0,0.0,0,0,0,0,0,0,0,0,0,0,0,0,,,,0,,,,,,,,,,,,,,,,,
1926,Internal,524,1419,67997,45,26.3,11.2,326,3,17,0,0,32,0,0,0,0,0.0,0.0,0.0,0.0,0,0,0,0,0,0,0,0,0,0,0,0,,,,0,,,,,,,,,,,,,,,,,
1927,Internal,1099,3074,67997,45,26.3,11.2,1604,3,199,9,1,32,0,0,0,0,0.0,0.0,0.0,0.0,0,0,0,0,0,0,0,0,0,0,0,0,,,,0,,,,,,,,,,,,,,,,,
1928,Internal,725,1946,67997,45,26.3,11.2,75,62,103,0,0,13,0,0,0,0,0.0,0.0,0.0,0.0,0,0,0,0,0,0,0,0,0,0,0,0,,,,0,,,,,,,,,,,,,,,,,
1929,Internal,435,1215,67997,45,26.3,11.2,10,133,110,0,57,37,0,0,0,0,0.0,0.0,0.0,0.0,0,0,0,0,0,0,0,0,0,0,0,0,,,,0,,,,,,,,,,,,,,,,,
1930,Internal,495,1139,67997,45,26.3,11.2,0,98,239,1,3,32,0,0,0,0,0.0,0.0,0.0,0.0,0,0,0,0,0,0,0,0,0,0,0,0,,,,0,,,,,,,,,,,,,,,,,
1931,Internal,900,2711,67997,45,26.3,11.2,0,25,225,10,9,16,0,0,0,0,0.0,0.0,0.0,0.0,0,0,0,0,0,0,0,0,0,0,0,0,,,,0,,,,,,,,,,,,,,,,,
1932,Internal,442,1320,80094,45,31.6,16.5,6,117,106,44,2,32,0,0,0,0,0.0,0.0,0.0,0.0,0,0,0,0,0,0,0,0,0,0,0,0,,,,0,,,,,,,,,,,,,,,,,
1933,Internal,1766,4760,80094,45,31.6,16.5,40,166,359,36,16,20,0,0,0,0,0.0,0.0,0.0,0.0,0,0,0,0,3649,0,0,0,0,0,0,0,,,,0,,,,,,,,,,,,,,,,,
1934,Internal,380,990,80094,45,31.6,16.5,0,42,49,0,1,27,0,0,0,0,0.0,0.0,0.0,0.0,0,0,0,0,0,0,0,0,0,0,0,0,,,,0,,,,,,,,,,,,,,,,,
1935,Internal,304,817,125080,51,22.6,11.1,21,83,450,2226,72,46,0,0,0,0,0.0,0.0,0.0,0.0,0,0,0,0,0,0,8695,0,0,0,0,0,,,,0,,,,,,,,,,,,,,,,,
1936,Internal,801,2307,125080,51,22.6,11.1,44,118,552,0,61,29,0,0,0,0,0.0,0.0,0.0,0.0,0,0,0,0,0,0,0,0,0,0,0,0,,,,0,,,,,,,,,,,,,,,,,
1937,Internal,268,758,125080,51,22.6,11.1,0,164,220,34,0,0,0,0,0,0,0.0,0.0,0.0,0.0,0,0,0,0,753,0,0,0,0,0,0,0,,,,0,,,,,,,,,,,,,,,,,
1938,Internal,451,1123,125080,51,22.6,11.1,98,25,36,4,10,9,0,0,0,0,0.0,0.0,0.0,0.0,0,0,0,0,0,0,0,0,0,0,0,0,,,,0,,,,,,,,,,,,,,,,,
1939,Internal,332,985,91875,52,22.9,6.7,1,0,7,0,1,47,0,0,0,0,0.0,0.0,0.0,0.0,0,0,0,0,0,0,0,0,0,0,0,0,,,,0,,,,,,,,,,,,,,,,,
1940,Internal,1101,2644,91875,52,22.9,6.7,258,207,350,31,40,46,0,0,0,0,0.0,0.0,0.0,0.0,0,0,0,0,0,0,0,0,0,0,0,0,,,,0,,,,,,,,,,,,,,,,,
1941,Internal,201,510,91875,52,22.9,6.7,6,4,8,0,6,47,0,0,0,0,0.0,0.0,0.0,0.0,0,0,0,0,0,0,0,0,0,0,0,0,,,,0,,,,,,,,,,,,,,,,,
1942,Internal,605,1592,91875,52,22.9,6.7,6,2,30,0,0,47,0,0,0,0,0.0,0.0,0.0,0.0,0,0,0,0,0,0,0,0,0,0,0,0,,,,0,,,,,,,,,,,,,,,,,
1943,Internal,228,680,91875,52,22.9,6.7,0,0,2,0,0,47,0,0,0,0,0.0,0.0,0.0,0.0,0,0,0,0,0,0,0,0,0,0,0,0,,,,0,,,,,,,,,,,,,,,,,
1944,Internal,478,1368,125080,51,22.6,11.1,5,51,719,33,368,10,0,0,0,0,0.0,0.0,0.0,0.0,0,0,0,0,0,0,0,0,0,0,0,0,,,,0,,,,,,,,,,,,,,,,,
1945,Internal,258,668,105508,52,30.8,12.1,0,8,2,0,1,47,0,0,0,0,0.0,0.0,0.0,0.0,0,0,0,0,0,0,0,0,0,0,0,0,,,,0,,,,,,,,,,,,,,,,,
1946,Internal,991,2940,105508,52,30.8,12.1,4,6,52,0,0,41,0,0,0,0,0.0,0.0,0.0,0.0,0,0,0,0,0,0,0,0,0,0,0,0,,,,0,,,,,,,,,,,,,,,,,
1947,Internal,967,2573,82731,52,24.0,17.4,113,137,382,32,35,55,0,0,0,0,0.0,0.0,0.0,0.0,0,0,0,0,282,0,0,0,0,0,0,0,,,,0,,,,,,,,,,,,,,,,,
1948,Internal,183,532,82731,52,24.0,17.4,0,3,27,0,0,47,0,0,0,0,0.0,0.0,0.0,0.0,0,0,0,0,0,0,0,0,0,0,0,0,,,,0,,,,,,,,,,,,,,,,,
1949,Internal,132,362,91875,52,22.9,6.7,0,16,88,0,0,0,0,0,0,0,0.0,0.0,0.0,0.0,0,0,0,0,0,0,0,0,0,0,0,0,,,,0,,,,,,,,,,,,,,,,,
1950,Internal,161,429,83947,51,31.4,6.5,133,137,86,2,1,46,0,0,0,0,0.0,0.0,0.0,0.0,0,0,0,0,1387,0,0,0,0,0,0,0,,,,0,,,,,,,,,,,,,,,,,
1951,Internal,2040,5685,95819,51,32.9,7.6,44,32,154,21,17,37,0,0,0,0,0.0,0.0,0.0,0.0,0,0,0,0,0,0,0,0,0,0,0,0,,,,0,,,,,,,,,,,,,,,,,
1952,Internal,409,1054,83947,51,31.4,6.5,47,248,250,8,136,35,0,0,0,0,0.0,0.0,0.0,0.0,0,0,0,0,0,0,0,0,0,0,0,0,,,,0,,,,,,,,,,,,,,,,,
1953,Internal,1030,2710,95819,51,32.9,7.6,3,72,697,8,5,60,0,0,0,0,0.0,0.0,0.0,0.0,0,0,0,0,0,0,0,0,0,0,0,0,,,,0,,,,,,,,,,,,,,,,,
1954,Internal,389,1029,83947,51,31.4,6.5,41,45,13,0,1,37,0,0,0,0,0.0,0.0,0.0,0.0,0,0,0,0,0,0,0,0,0,0,0,0,,,,0,,,,,,,,,,,,,,,,,
1955,Internal,663,2075,96681,45,30.2,10.2,15,94,85,1,17,21,0,0,0,0,0.0,0.0,0.0,0.0,0,0,0,0,1207,0,0,0,0,0,0,0,,,,0,,,,,,,,,,,,,,,,,
1956,Internal,1001,2615,96681,45,30.2,10.2,31,347,1844,134,226,49,0,0,0,0,0.0,0.0,0.0,0.0,0,0,0,0,0,0,0,0,0,0,0,0,,,,0,,,,,,,,,,,,,,,,,
1957,Internal,285,713,96681,45,30.2,10.2,4,66,61,0,0,13,0,0,0,0,0.0,0.0,0.0,0.0,0,0,0,0,0,0,0,0,0,0,0,0,,,,0,,,,,,,,,,,,,,,,,
1958,Internal,330,920,78750,45,24.8,12.7,10,328,251,24,343,15,0,0,0,0,0.0,0.0,0.0,0.0,0,0,0,0,0,0,0,0,0,0,0,0,,,,0,,,,,,,,,,,,,,,,,
1959,Internal,2124,5598,96681,45,30.2,10.2,121,919,1093,74,109,34,0,0,0,0,0.0,0.0,0.0,0.0,0,0,0,0,1323,0,0,0,0,0,0,0,,,,0,,,,,,,,,,,,,,,,,
1960,Internal,1167,3077,78750,45,24.8,12.7,179,762,754,53,147,35,0,0,0,0,0.0,0.0,0.0,0.0,0,0,0,0,0,0,0,0,0,0,0,0,,,,0,,,,,,,,,,,,,,,,,
1961,Internal,1279,3694,78750,45,24.8,12.7,591,211,457,4,7,33,0,0,0,0,0.0,0.0,0.0,0.0,0,0,0,0,7419,0,0,0,0,0,0,0,,,,0,,,,,,,,,,,,,,,,,
1962,Internal,725,1892,96681,45,30.2,10.2,0,325,421,13,96,25,0,0,0,0,0.0,0.0,0.0,0.0,0,0,0,0,1275,0,0,0,0,0,0,0,,,,0,,,,,,,,,,,,,,,,,
1963,Internal,961,2704,96681,45,30.2,10.2,5,1244,1404,751,1324,27,0,0,0,0,0.0,0.0,0.0,0.0,0,0,0,0,0,0,0,0,0,0,0,0,,,,0,,,,,,,,,,,,,,,,,
1964,Internal,1334,3427,96681,45,30.2,10.2,80,921,1332,147,103,45,0,0,0,0,0.0,0.0,0.0,0.0,0,0,0,0,0,0,0,0,0,0,0,0,,,,0,,,,,,,,,,,,,,,,,
1965,Internal,505,1536,96681,45,30.2,10.2,0,19,53,0,0,27,0,0,0,0,0.0,0.0,0.0,0.0,0,0,0,0,0,0,0,0,0,0,0,0,,,,0,,,,,,,,,,,,,,,,,
1966,Internal,306,865,96681,45,30.2,10.2,0,11,62,0,0,27,0,0,0,0,0.0,0.0,0.0,0.0,0,0,0,0,0,0,0,0,0,0,0,0,,,,0,,,,,,,,,,,,,,,,,
1967,Internal,68,189,96681,45,30.2,10.2,5,149,223,15,194,20,0,0,0,0,0.0,0.0,0.0,0.0,0,0,0,0,0,0,0,0,0,0,0,0,,,,0,,,,,,,,,,,,,,,,,
1968,Internal,219,489,96681,45,30.2,10.2,0,0,20,39,1,4,0,0,0,0,0.0,0.0,0.0,0.0,0,0,0,0,0,0,0,0,0,0,0,0,,,,0,,,,,,,,,,,,,,,,,
1969,Internal,43,107,96681,45,30.2,10.2,0,119,77,0,0,28,0,0,0,0,0.0,0.0,0.0,0.0,0,0,0,0,1500,0,0,0,0,0,0,0,,,,0,,,,,,,,,,,,,,,,,
1970,Internal,33,111,66875,45,28.7,6.4,0,0,0,0,0,24,0,0,0,0,0.0,0.0,0.0,0.0,0,0,0,0,0,0,0,0,0,0,0,0,,,,0,,,,,,,,,,,,,,,,,
1971,Internal,561,1554,78750,45,24.8,12.7,0,33,242,0,19,24,0,0,0,0,0.0,0.0,0.0,0.0,0,0,0,0,0,0,0,0,0,0,0,0,,,,0,,,,,,,,,,,,,,,,,
1972,Internal,1327,3780,78750,45,24.8,12.7,12,26,449,1,17,39,0,0,0,0,0.0,0.0,0.0,0.0,0,0,0,0,0,0,0,0,0,0,0,0,,,,0,,,,,,,,,,,,,,,,,
1973,Internal,634,1746,78750,45,24.8,12.7,4,194,306,2,34,24,0,0,0,0,0.0,0.0,0.0,0.0,0,0,0,0,0,0,0,0,0,0,0,0,,,,0,,,,,,,,,,,,,,,,,
1974,Internal,158,461,58420,45,27.9,15.3,688,60,4,0,0,27,0,0,0,0,0.0,0.0,0.0,0.0,0,0,0,0,0,0,0,0,0,0,0,0,,,,0,,,,,,,,,,,,,,,,,
1975,Internal,451,1242,66875,45,28.7,6.4,18,20,8,0,0,24,0,0,0,0,0.0,0.0,0.0,0.0,0,0,0,0,0,0,0,0,0,0,0,0,,,,0,,,,,,,,,,,,,,,,,
1976,Internal,523,1526,58420,45,27.9,15.3,33,24,41,0,3,11,0,0,0,0,0.0,0.0,0.0,0.0,0,0,0,0,0,0,0,0,0,0,0,0,,,,0,,,,,,,,,,,,,,,,,
1977,Internal,274,705,58420,45,27.9,15.3,9,21,10,0,6,27,0,0,0,0,0.0,0.0,0.0,0.0,0,0,0,0,0,0,0,0,0,0,0,0,,,,0,,,,,,,,,,,,,,,,,
1978,Internal,252,771,66875,45,28.7,6.4,6,4,4,0,0,24,0,0,0,0,0.0,0.0,0.0,0.0,0,0,0,0,0,0,0,0,0,0,0,0,,,,0,,,,,,,,,,,,,,,,,
1979,Internal,97,313,66875,45,28.7,6.4,4,3,3,0,0,24,0,0,0,0,0.0,0.0,0.0,0.0,0,0,0,0,0,0,0,0,0,0,0,0,,,,0,,,,,,,,,,,,,,,,,
1980,Internal,562,1557,58420,45,27.9,15.3,9,15,1,0,2,27,0,0,0,0,0.0,0.0,0.0,0.0,0,0,0,0,0,0,0,0,0,0,0,0,,,,0,,,,,,,,,,,,,,,,,
1981,Internal,412,1164,66875,45,28.7,6.4,17,257,256,5,6,6,0,0,0,0,0.0,0.0,0.0,0.0,0,0,0,0,1436,0,0,0,0,0,0,0,,,,0,,,,,,,,,,,,,,,,,
1982,Internal,94,236,66875,45,28.7,6.4,21,0,0,0,0,24,0,0,0,0,0.0,0.0,0.0,0.0,0,0,0,0,0,0,0,0,0,0,0,0,,,,0,,,,,,,,,,,,,,,,,
1983,Internal,902,2478,78750,45,24.8,12.7,12,12,642,0,0,24,0,0,0,0,0.0,0.0,0.0,0.0,0,0,0,0,0,0,0,0,0,0,0,0,,,,0,,,,,,,,,,,,,,,,,
1984,Internal,359,970,66875,45,28.7,6.4,323,8,46,5,11,24,0,0,0,0,0.0,0.0,0.0,0.0,0,0,0,0,0,0,0,0,0,0,0,0,,,,0,,,,,,,,,,,,,,,,,
1985,Internal,28,93,58420,45,27.9,15.3,0,70,8,0,0,52,0,0,0,0,0.0,0.0,0.0,0.0,0,0,0,0,1517,0,0,0,0,0,0,0,,,,0,,,,,,,,,,,,,,,,,
1986,Internal,51,167,112458,46,27.8,11.2,1773,3,27,3,2,84,0,0,0,0,0.0,0.0,0.0,0.0,0,0,0,0,0,0,0,0,0,0,0,0,,,,0,,,,,,,,,,,,,,,,,
1987,Internal,0,0,112458,46,27.8,11.2,407,0,0,0,0,67,0,0,0,0,0.0,0.0,0.0,0.0,0,0,0,0,0,0,0,0,0,0,0,0,,,,0,,,,,,,,,,,,,,,,,
1988,Internal,1206,3548,112458,46,27.8,11.2,11,1,120,0,42,67,0,0,0,0,0.0,0.0,0.0,0.0,0,0,0,0,1275,0,0,0,0,0,0,0,,,,0,,,,,,,,,,,,,,,,,
1989,Internal,636,1759,112458,46,27.8,11.2,20,8,7,0,3,68,0,0,0,0,0.0,0.0,0.0,0.0,0,0,0,0,0,0,0,0,0,0,0,0,,,,0,,,,,,,,,,,,,,,,,
1990,Internal,117,330,112458,46,27.8,11.2,5,7,14,0,0,71,0,0,0,0,0.0,0.0,0.0,0.0,0,0,0,0,0,0,0,0,0,0,0,0,,,,0,,,,,,,,,,,,,,,,,
1991,Internal,1015,2897,112458,46,27.8,11.2,12,7,86,6,2,25,0,0,0,0,0.0,0.0,0.0,0.0,0,0,0,0,0,0,0,0,0,0,0,0,,,,0,,,,,,,,,,,,,,,,,
1992,Internal,1268,3539,112458,46,27.8,11.2,5,52,125,4,3,67,0,0,0,0,0.0,0.0,0.0,0.0,0,0,0,0,0,0,0,0,0,0,0,0,,,,0,,,,,,,,,,,,,,,,,
1993,Internal,533,1495,90436,46,31.5,7.5,0,4,31,0,0,23,0,0,0,0,0.0,0.0,0.0,0.0,0,0,0,0,1020,0,0,0,0,0,0,0,,,,0,,,,,,,,,,,,,,,,,
1994,Internal,506,1578,112458,46,27.8,11.2,6,3,5,0,3,67,0,0,0,0,0.0,0.0,0.0,0.0,0,0,0,0,0,0,0,0,0,0,0,0,,,,0,,,,,,,,,,,,,,,,,
1995,Internal,466,1361,90436,46,31.5,7.5,0,0,14,0,3,23,0,0,0,0,0.0,0.0,0.0,0.0,0,0,0,0,0,0,0,0,0,0,0,0,,,,0,,,,,,,,,,,,,,,,,
1996,Internal,354,1102,90436,46,31.5,7.5,1,11,62,0,0,23,0,0,0,0,0.0,0.0,0.0,0.0,0,0,0,0,0,0,0,0,0,0,0,0,,,,0,,,,,,,,,,,,,,,,,
1997,Internal,348,842,64560,44,24.9,13.5,9,312,243,124,60,52,0,0,0,0,0.0,0.0,0.0,0.0,0,0,0,0,0,0,0,0,0,0,0,0,,,,0,,,,,,,,,,,,,,,,,
1998,Internal,3188,9950,118772,46,35.4,5.0,1003,178,407,11,82,33,0,0,0,0,0.0,0.0,0.0,0.0,0,0,0,0,0,0,0,0,0,0,0,0,,,,0,,,,,,,,,,,,,,,,,
1999,Internal,875,2339,118772,46,35.4,5.0,1383,1174,1221,62,148,65,0,0,0,0,0.0,0.0,0.0,0.0,0,0,0,0,0,0,0,0,0,0,0,0,,,,0,,,,,,,,,,,,,,,,,
2000,Internal,221,638,118772,46,35.4,5.0,4344,0,157,0,0,67,0,0,0,0,0.0,0.0,0.0,0.0,0,0,0,0,0,0,0,0,0,0,0,0,,,,0,,,,,,,,,,,,,,,,,
2001,Internal,374,1001,64560,44,24.9,13.5,5,531,192,3,50,19,0,0,0,0,0.0,0.0,0.0,0.0,0,0,0,0,0,0,0,0,0,0,0,0,,,,0,,,,,,,,,,,,,,,,,
2002,Internal,2561,7380,118772,46,35.4,5.0,285,483,3298,73,62,49,0,0,0,0,0.0,0.0,0.0,0.0,0,0,0,0,4339,0,0,0,0,0,0,0,,,,0,,,,,,,,,,,,,,,,,
2003,Internal,330,859,78472,44,34.7,5.4,1,122,27,8,3,38,0,0,0,0,0.0,0.0,0.0,0.0,0,0,0,0,0,0,0,0,0,0,0,0,,,,0,,,,,,,,,,,,,,,,,
2004,Internal,23,125,64560,44,24.9,13.5,7,70,172,5,87,57,0,0,0,0,0.0,0.0,0.0,0.0,0,0,0,0,0,0,0,0,0,0,0,0,,,,0,,,,,,,,,,,,,,,,,
2005,Internal,415,1151,90436,46,31.5,7.5,0,4,29,0,0,23,0,0,0,0,0.0,0.0,0.0,0.0,0,0,0,0,0,0,0,0,0,0,0,0,,,,0,,,,,,,,,,,,,,,,,
2006,Internal,609,1672,90436,46,31.5,7.5,0,3,146,78,24,23,0,0,0,0,0.0,0.0,0.0,0.0,0,0,0,0,0,0,0,0,0,0,0,0,,,,0,,,,,,,,,,,,,,,,,
2007,Internal,1455,4023,90436,46,31.5,7.5,5,724,1056,187,727,23,0,0,0,0,0.0,0.0,0.0,0.0,0,0,0,0,0,0,0,0,0,0,0,0,,,,0,,,,,,,,,,,,,,,,,
2008,Internal,361,1188,101164,46,29.3,10.0,3,1,29,13,3,48,0,0,0,0,0.0,0.0,0.0,0.0,0,0,0,0,0,0,0,0,0,0,0,0,,,,0,,,,,,,,,,,,,,,,,
2009,Internal,193,556,101164,46,29.3,10.0,65,0,0,11,0,48,0,0,0,0,0.0,0.0,0.0,0.0,0,0,0,0,0,0,0,0,0,0,0,0,,,,0,,,,,,,,,,,,,,,,,
2010,Internal,188,528,101164,46,29.3,10.0,0,64,79,60,69,48,0,0,0,0,0.0,0.0,0.0,0.0,0,0,0,0,490,0,0,0,0,0,0,0,,,,0,,,,,,,,,,,,,,,,,
2011,Internal,530,1413,90436,46,31.5,7.5,0,13,108,46,36,10,0,0,0,0,0.0,0.0,0.0,0.0,0,0,0,0,0,0,0,0,0,0,0,0,,,,0,,,,,,,,,,,,,,,,,
2012,Internal,785,2023,90436,46,31.5,7.5,0,22,476,18,31,23,0,0,0,0,0.0,0.0,0.0,0.0,0,0,0,0,0,0,0,0,0,0,0,0,,,,0,,,,,,,,,,,,,,,,,
2013,Internal,419,1349,101164,46,29.3,10.0,0,0,0,0,0,48,0,0,0,0,0.0,0.0,0.0,0.0,0,0,0,0,0,0,0,0,0,0,0,0,,,,0,,,,,,,,,,,,,,,,,
2014,Internal,754,1864,90436,46,31.5,7.5,15,24,357,44,44,51,0,0,0,0,0.0,0.0,0.0,0.0,0,0,0,0,1283,0,0,0,0,0,0,0,,,,0,,,,,,,,,,,,,,,,,
2015,Internal,391,937,64560,44,24.9,13.5,6,61,74,1,9,35,0,0,0,0,0.0,0.0,0.0,0.0,0,0,0,0,0,0,0,0,0,0,0,0,,,,0,,,,,,,,,,,,,,,,,
2016,Internal,293,828,78472,44,34.7,5.4,5,33,154,31,1,38,0,0,0,0,0.0,0.0,0.0,0.0,0,0,0,0,0,0,0,0,0,0,0,0,,,,0,,,,,,,,,,,,,,,,,
2017,Internal,303,790,78472,44,34.7,5.4,2,0,6,0,0,38,0,0,0,0,0.0,0.0,0.0,0.0,0,0,0,0,0,0,0,0,0,0,0,0,,,,0,,,,,,,,,,,,,,,,,
2018,Internal,1665,4186,101164,46,29.3,10.0,9,36,633,32,79,47,0,0,0,0,0.0,0.0,0.0,0.0,0,0,0,0,0,0,0,0,0,0,0,0,,,,0,,,,,,,,,,,,,,,,,
2019,Internal,35,94,64560,44,24.9,13.5,0,64,35,0,63,38,0,0,0,0,0.0,0.0,0.0,0.0,0,0,0,0,0,0,0,0,0,0,0,0,,,,0,,,,,,,,,,,,,,,,,
2020,Internal,139,291,64560,44,24.9,13.5,0,27,183,9,233,9,0,0,0,0,0.0,0.0,0.0,0.0,0,0,0,0,0,0,0,0,0,0,0,0,,,,0,,,,,,,,,,,,,,,,,
2021,Internal,109,361,131071,44,32.8,11.4,4,6,71,15,0,35,0,0,0,0,0.0,0.0,0.0,0.0,0,0,0,0,0,0,0,0,0,0,0,0,,,,0,,,,,,,,,,,,,,,,,
2022,Internal,452,1382,131071,44,32.8,11.4,10,4,68,0,3,29,0,0,0,0,0.0,0.0,0.0,0.0,0,0,0,0,0,0,0,0,0,0,0,0,,,,0,,,,,,,,,,,,,,,,,
2023,Internal,492,1351,135536,44,23.3,15.3,25,21,28,2,7,39,0,0,0,0,0.0,0.0,0.0,0.0,0,0,0,0,0,0,0,0,0,0,0,0,,,,0,,,,,,,,,,,,,,,,,
2024,Internal,233,713,131071,44,32.8,11.4,6,221,15,0,23,26,0,0,0,0,0.0,0.0,0.0,0.0,0,0,0,0,0,0,0,0,0,0,0,0,,,,0,,,,,,,,,,,,,,,,,
2025,Internal,226,663,135536,44,23.3,15.3,2,16,26,2,4,26,0,0,0,0,0.0,0.0,0.0,0.0,0,0,0,0,0,0,0,0,0,0,0,0,,,,0,,,,,,,,,,,,,,,,,
2026,Internal,353,1156,85809,45,31.9,8.3,2,11,71,4,1,64,0,0,0,0,0.0,0.0,0.0,0.0,0,0,0,0,0,0,0,0,0,0,0,0,,,,0,,,,,,,,,,,,,,,,,
2027,Internal,988,3152,85809,45,31.9,8.3,20,112,432,50,14,14,0,0,0,0,0.0,0.0,0.0,0.0,0,0,0,0,0,0,0,0,0,0,0,0,,,,0,,,,,,,,,,,,,,,,,
2028,Internal,594,1622,85809,45,31.9,8.3,39,7,67,12,11,52,0,0,0,0,0.0,0.0,0.0,0.0,0,0,0,0,0,0,0,0,0,0,0,0,,,,0,,,,,,,,,,,,,,,,,
2029,Internal,735,2219,126629,45,38.7,6.3,29,208,206,124,48,59,0,0,0,0,0.0,0.0,0.0,0.0,0,0,0,0,0,0,0,0,0,0,0,0,,,,0,,,,,,,,,,,,,,,,,
2030,Internal,332,1047,126629,45,38.7,6.3,5,3,79,0,3,24,0,0,0,0,0.0,0.0,0.0,0.0,0,0,0,0,0,0,0,0,0,0,0,0,,,,0,,,,,,,,,,,,,,,,,
2031,Internal,433,1015,126629,45,38.7,6.3,0,172,254,2,70,57,0,0,0,0,0.0,0.0,0.0,0.0,0,0,0,0,0,0,0,0,0,0,0,0,,,,0,,,,,,,,,,,,,,,,,
2032,Internal,189,497,126629,45,38.7,6.3,0,145,11,0,4,46,0,0,0,0,0.0,0.0,0.0,0.0,0,0,0,0,1450,0,0,0,0,0,0,0,,,,0,,,,,,,,,,,,,,,,,
2033,Internal,491,1437,85809,45,31.9,8.3,3,110,97,21,45,28,0,0,0,0,0.0,0.0,0.0,0.0,0,0,0,0,0,0,0,0,0,0,0,0,,,,0,,,,,,,,,,,,,,,,,
2034,Internal,57,190,131071,44,32.8,11.4,0,111,13,1,0,43,0,0,0,0,0.0,0.0,0.0,0.0,0,0,0,0,3384,0,0,0,0,0,0,0,,,,0,,,,,,,,,,,,,,,,,
2035,Internal,89,267,109813,47,28.6,11.2,0,63,1574,0,78,21,0,0,0,0,0.0,0.0,0.0,0.0,0,0,0,0,0,0,0,0,0,0,0,0,,,,0,,,,,,,,,,,,,,,,,
2036,Internal,752,2212,135431,48,28.2,9.1,12,76,196,13,227,24,0,0,0,0,0.0,0.0,0.0,0.0,0,0,0,0,0,0,0,0,0,0,0,0,,,,0,,,,,,,,,,,,,,,,,
2037,Internal,114,278,135536,44,23.3,15.3,0,0,2,21,33,35,0,0,0,0,0.0,0.0,0.0,0.0,0,0,0,0,0,0,0,0,0,0,0,0,,,,0,,,,,,,,,,,,,,,,,
2038,Internal,509,1824,118780,48,31.0,7.0,0,5,16,23,0,70,0,0,0,0,0.0,0.0,0.0,0.0,0,0,0,0,0,0,0,0,0,0,0,0,,,,0,,,,,,,,,,,,,,,,,
2039,Internal,419,1380,118780,48,31.0,7.0,6,97,121,18,0,57,0,0,0,0,0.0,0.0,0.0,0.0,0,0,0,0,3550,0,0,0,0,0,0,0,,,,0,,,,,,,,,,,,,,,,,
2040,Internal,601,1765,118780,48,31.0,7.0,94,7,42,19,4,32,0,0,0,0,7.7253907129710395,0.0,0.0,0.0,0,0,0,0,0,0,0,0,0,0,0,0,,,,0,,,,,,,,,,,,,,,,,
2041,Internal,1244,3667,118780,48,31.0,7.0,8,7,37,2,22,43,0,0,0,0,0.0,0.0,0.0,0.0,0,0,0,0,0,0,0,0,0,0,0,0,,,,0,,,,,,,,,,,,,,,,,
2042,Internal,280,819,118780,48,31.0,7.0,1,10,6,0,0,40,0,0,0,0,0.0,0.0,0.0,0.0,0,0,0,0,0,0,0,0,0,0,0,0,,,,0,,,,,,,,,,,,,,,,,
2043,Internal,787,2369,135431,48,28.2,9.1,143,51,37,100,141,17,0,0,0,0,30.901562851884158,0.0,0.0,0.0,0,0,0,0,0,0,0,0,0,0,0,0,,,,0,,,,,,,,,,,,,,,,,
2044,Internal,510,1514,135431,48,28.2,9.1,3,4,3,4,7,40,0,0,0,0,0.0,0.0,0.0,0.0,0,0,0,0,0,0,0,0,0,0,0,0,,,,0,,,,,,,,,,,,,,,,,
2045,Internal,157,438,135431,48,28.2,9.1,13,6,31,0,16,40,0,0,0,0,0.0,0.0,0.0,0.0,0,0,0,0,0,0,0,0,0,0,0,0,,,,0,,,,,,,,,,,,,,,,,
2046,Internal,283,922,118780,48,31.0,7.0,4,2,57,0,6,19,0,0,0,0,0.0,0.0,0.0,0.0,0,0,0,0,221,0,0,0,0,0,0,0,,,,0,,,,,,,,,,,,,,,,,
2047,Internal,205,557,135431,48,28.2,9.1,1,10,0,0,12,40,0,0,0,0,0.0,0.0,0.0,0.0,0,0,0,0,0,0,0,0,0,0,0,0,,,,0,,,,,,,,,,,,,,,,,
2048,Internal,55,169,135431,48,28.2,9.1,0,0,306,36,0,55,0,0,0,0,0.0,0.0,0.0,0.0,0,0,0,0,7250,0,0,0,0,0,0,0,,,,0,,,,,,,,,,,,,,,,,
2049,Internal,641,1818,135431,48,28.2,9.1,17,21,49,13,4,65,0,0,0,0,0.0,0.0,0.0,0.0,0,0,0,0,0,0,0,0,0,0,0,0,,,,0,,,,,,,,,,,,,,,,,
2050,Internal,673,2227,140714,49,34.5,4.5,0,155,98,21,3,25,0,0,0,0,0.0,0.0,0.0,0.0,0,0,0,0,3971,0,0,0,0,0,0,0,,,,0,,,,,,,,,,,,,,,,,
2051,Internal,186,599,126011,52,29.0,5.0,0,55,141,20,8,25,0,0,0,0,0.0,0.0,0.0,0.0,0,0,0,0,0,0,0,0,0,0,0,0,,,,0,,,,,,,,,,,,,,,,,
2052,Internal,383,1314,126011,52,29.0,5.0,5,6,4,0,0,35,0,0,0,0,0.0,0.0,0.0,0.0,0,0,0,0,0,0,0,0,0,0,0,0,,,,0,,,,,,,,,,,,,,,,,
2053,Internal,278,804,126011,52,29.0,5.0,4,0,4,0,3,34,0,0,0,0,0.0,0.0,0.0,0.0,0,0,0,0,0,0,0,0,0,0,0,0,,,,0,,,,,,,,,,,,,,,,,
2054,Internal,81,212,126011,52,29.0,5.0,0,359,85,17,71,44,0,0,0,0,0.0,0.0,0.0,0.0,0,0,0,0,3043,0,0,0,0,0,0,0,,,,0,,,,,,,,,,,,,,,,,
2055,Internal,479,1530,149000,49,30.9,5.4,0,8,71,0,171,33,0,0,0,0,0.0,0.0,0.0,0.0,0,0,0,0,0,0,0,0,0,0,0,0,,,,0,,,,,,,,,,,,,,,,,
2056,Internal,245,690,140714,49,34.5,4.5,9,19,60,1,0,31,0,0,0,0,0.0,0.0,0.0,0.0,0,0,0,0,0,0,0,0,0,0,0,0,,,,0,,,,,,,,,,,,,,,,,
2057,Internal,554,1704,132386,52,29.6,7.3,10,98,29,0,6,28,0,0,0,0,0.0,0.0,0.0,0.0,0,0,0,0,0,0,0,0,0,0,0,0,,,,0,,,,,,,,,,,,,,,,,
2058,Internal,627,1760,145781,52,26.6,5.5,26,24,22,7,49,44,0,0,0,0,0.0,0.0,0.0,0.0,0,0,0,0,0,0,0,0,0,0,0,0,,,,0,,,,,,,,,,,,,,,,,
2059,Internal,267,818,145781,52,26.6,5.5,2,6,28,38,0,31,0,0,0,0,0.0,0.0,0.0,0.0,0,0,0,0,0,0,0,0,0,0,0,0,,,,0,,,,,,,,,,,,,,,,,
2060,Internal,177,506,132386,52,29.6,7.3,1,13,69,12,12,35,0,0,0,0,0.0,0.0,0.0,0.0,0,0,0,0,0,0,0,0,0,0,0,0,,,,0,,,,,,,,,,,,,,,,,
2061,Internal,56,175,73500,48,21.5,17.2,1371,12,2,0,0,48,0,0,0,0,0.0,0.0,0.0,0.0,0,0,0,0,0,0,0,0,0,0,0,0,,,,0,,,,,,,,,,,,,,,,,
2062,Internal,348,954,128636,48,35.8,6.0,0,3,14,7,2,48,0,0,0,0,0.0,0.0,0.0,0.0,0,0,0,0,0,0,0,0,0,0,0,0,,,,0,,,,,,,,,,,,,,,,,
2063,Internal,1335,4199,128636,48,35.8,6.0,66,29,29,0,0,74,0,0,0,0,0.0,0.0,0.0,0.0,0,0,0,0,0,0,0,0,0,0,0,0,,,,0,,,,,,,,,,,,,,,,,
2064,Internal,1435,4208,145795,47,33.6,6.9,2,21,57,17,7,32,0,0,0,0,0.0,0.0,0.0,0.0,0,0,0,0,0,0,0,0,0,0,0,0,,,,0,,,,,,,,,,,,,,,,,
2065,Internal,952,2793,128636,48,35.8,6.0,239,21,389,1,32,23,0,0,0,0,0.0,0.0,0.0,0.0,0,0,0,0,0,0,0,0,0,0,0,0,,,,0,,,,,,,,,,,,,,,,,
2066,Internal,490,1611,128636,48,35.8,6.0,27,12,260,1,0,48,0,0,0,0,0.0,0.0,0.0,0.0,0,0,0,0,0,0,0,0,0,0,0,0,,,,0,,,,,,,,,,,,,,,,,
2067,Internal,324,905,128636,48,35.8,6.0,4,2,40,24,0,65,0,0,0,0,0.0,0.0,0.0,0.0,0,0,0,0,0,0,0,0,0,0,0,0,,,,0,,,,,,,,,,,,,,,,,
2068,Internal,2371,5832,145795,47,33.6,6.9,245,282,646,3,1088,34,0,0,0,0,0.0,0.0,0.0,0.0,0,0,0,0,1175,0,0,0,0,0,0,0,,,,0,,,,,,,,,,,,,,,,,
2069,Internal,2354,5990,73500,48,21.5,17.2,52,174,265,7,0,46,0,0,0,0,0.0,0.0,0.0,0.0,0,0,0,0,7173,0,0,0,0,0,0,0,,,,0,,,,,,,,,,,,,,,,,
2070,Internal,85,220,73500,48,21.5,17.2,158,3,12,2,0,48,0,0,0,0,0.0,0.0,0.0,0.0,0,0,0,0,0,0,0,0,0,0,0,0,,,,0,,,,,,,,,,,,,,,,,
2071,Internal,72,172,73500,48,21.5,17.2,469,0,13,0,6,48,0,0,0,0,0.0,0.0,0.0,0.0,0,0,0,0,0,0,0,0,0,0,0,0,,,,0,,,,,,,,,,,,,,,,,
2072,Internal,166,442,73500,48,21.5,17.2,30,17,1,0,0,48,0,0,0,0,0.0,0.0,0.0,0.0,0,0,0,0,0,0,0,0,0,0,0,0,,,,0,,,,,,,,,,,,,,,,,
2073,Internal,369,1011,73500,48,21.5,17.2,3,0,71,6,0,43,0,0,0,0,0.0,0.0,0.0,0.0,0,0,0,0,0,0,0,0,0,0,0,0,,,,0,,,,,,,,,,,,,,,,,
2074,Internal,716,2137,73500,48,21.5,17.2,70,7,31,2,3,48,0,0,0,0,0.0,0.0,0.0,0.0,0,0,0,0,1184,0,0,0,0,0,0,0,,,,0,,,,,,,,,,,,,,,,,
2075,Internal,1137,3423,73500,48,21.5,17.2,65,39,44,9,10,48,0,0,0,0,0.0,0.0,0.0,0.0,0,0,0,0,0,0,0,0,0,0,0,0,,,,0,,,,,,,,,,,,,,,,,
2076,Internal,296,929,128636,48,35.8,6.0,0,0,1,0,0,48,0,0,0,0,0.0,0.0,0.0,0.0,0,0,0,0,0,0,0,0,0,0,0,0,,,,0,,,,,,,,,,,,,,,,,
2077,Internal,239,599,115061,49,36.1,2.7,3,5,353,0,0,60,0,0,0,0,0.0,0.0,0.0,0.0,0,0,0,0,0,0,0,0,0,0,0,0,,,,0,,,,,,,,,,,,,,,,,
2078,Internal,83,196,115061,49,36.1,2.7,0,0,10,0,2,60,0,0,0,0,0.0,0.0,0.0,0.0,0,0,0,0,0,0,0,0,0,0,0,0,,,,0,,,,,,,,,,,,,,,,,
2079,Internal,0,0,115061,49,36.1,2.7,0,130,15,0,0,45,0,0,0,0,0.0,0.0,0.0,0.0,0,0,0,0,1736,0,0,0,0,0,0,0,,,,0,,,,,,,,,,,,,,,,,
2080,Internal,130,389,127240,46,29.3,8.7,0,5,50,9,219,0,0,0,0,0,0.0,0.0,0.0,0.0,0,0,0,0,0,0,0,0,0,0,0,0,,,,0,,,,,,,,,,,,,,,,,
2081,Internal,277,927,151339,48,33.8,7.9,7,6,12,0,9,39,0,0,0,0,0.0,0.0,0.0,0.0,0,0,0,0,0,0,0,0,0,0,0,0,,,,0,,,,,,,,,,,,,,,,,
2082,Internal,932,2822,151339,48,33.8,7.9,30,3,28,0,0,61,0,0,0,0,0.0,0.0,0.0,0.0,0,0,0,0,0,0,0,0,0,0,0,0,,,,0,,,,,,,,,,,,,,,,,
2083,Internal,712,2317,164323,47,35.3,4.4,7,11,26,2,5,17,0,0,0,0,0.0,0.0,0.0,0.0,0,0,0,0,0,0,0,0,0,0,0,0,,,,0,,,,,,,,,,,,,,,,,
2084,Internal,421,1190,76750,47,36.3,9.6,5,5,2,15,0,32,0,0,0,0,0.0,0.0,0.0,0.0,0,0,0,0,0,0,0,0,0,0,0,0,,,,0,,,,,,,,,,,,,,,,,
2085,Internal,678,1894,76750,47,36.3,9.6,0,31,50,2,50,32,0,0,0,0,0.0,0.0,0.0,0.0,0,0,0,0,0,0,0,0,0,0,0,0,,,,0,,,,,,,,,,,,,,,,,
2086,Internal,560,1275,76750,47,36.3,9.6,129,208,293,0,39,32,0,0,0,0,0.0,0.0,0.0,0.0,0,0,0,0,0,0,0,0,0,0,0,0,,,,0,,,,,,,,,,,,,,,,,
2087,Internal,1636,4071,164323,47,35.3,4.4,4,66,128,6,180,27,0,0,0,0,0.0,0.0,0.0,0.0,0,0,0,0,4661,0,0,0,0,0,0,0,,,,0,,,,,,,,,,,,,,,,,
2088,Internal,506,1325,164323,47,35.3,4.4,1,4,0,0,0,37,0,0,0,0,0.0,0.0,0.0,0.0,0,0,0,0,1122,0,0,0,0,0,0,0,,,,0,,,,,,,,,,,,,,,,,
2089,Internal,356,703,76750,47,36.3,9.6,352,25,200,31,67,32,0,0,0,0,0.0,0.0,0.0,0.0,0,0,0,0,0,0,0,0,0,0,0,0,,,,0,,,,,,,,,,,,,,,,,
2090,Internal,248,789,76750,47,36.3,9.6,1,12,2,0,3,32,0,0,0,0,0.0,0.0,0.0,0.0,0,0,0,0,0,0,0,0,0,0,0,0,,,,0,,,,,,,,,,,,,,,,,
2091,Internal,622,2000,151339,48,33.8,7.9,4,3,18,0,0,50,0,0,0,0,0.0,0.0,0.0,0.0,0,0,0,0,0,0,0,0,0,0,0,0,,,,0,,,,,,,,,,,,,,,,,
2092,Internal,494,1625,151339,48,33.8,7.9,5,10,13,0,2,40,0,0,0,0,0.0,0.0,0.0,0.0,0,0,0,0,0,0,0,0,0,0,0,0,,,,0,,,,,,,,,,,,,,,,,
2093,Internal,172,601,164323,47,35.3,4.4,0,0,10,0,0,25,0,0,0,0,0.0,0.0,0.0,0.0,0,0,0,0,0,0,0,0,0,0,0,0,,,,0,,,,,,,,,,,,,,,,,
2094,Internal,474,1467,155789,47,36.2,6.0,0,280,1298,136,0,45,0,0,0,0,0.0,0.0,0.0,0.0,0,0,0,0,0,0,0,0,0,0,0,0,,,,0,,,,,,,,,,,,,,,,,
2095,Internal,1984,5716,164323,47,35.3,4.4,32,23,102,3,2,52,0,0,0,0,0.0,0.0,0.0,0.0,0,0,0,0,0,0,0,0,0,0,0,0,,,,0,,,,,,,,,,,,,,,,,
2096,Internal,2171,6243,155789,47,36.2,6.0,39,133,1196,51,21,57,0,0,0,0,0.0,0.0,0.0,0.0,0,0,0,0,1733,0,0,0,0,0,0,0,,,,0,,,,,,,,,,,,,,,,,
2097,Internal,2055,4654,137214,50,36.7,5.2,0,475,569,21,220,41,0,0,0,0,0.0,0.0,0.0,0.0,0,0,0,0,4908,0,0,0,0,0,0,0,,,,0,,,,,,,,,,,,,,,,,
2098,Internal,610,1349,82715,56,19.3,8.4,63,82,70,8,11,49,0,0,0,0,0.0,0.0,0.0,0.0,0,0,0,0,872,0,0,0,0,0,0,0,,,,0,,,,,,,,,,,,,,,,,
2099,Internal,763,1658,82715,56,19.3,8.4,47,706,473,94,100,51,0,0,0,0,0.0,0.0,0.0,0.0,0,0,0,0,16,0,0,0,0,0,0,0,,,,0,,,,,,,,,,,,,,,,,
2100,Internal,72,207,127344,47,31.5,9.8,0,5,1072,2,0,32,0,0,0,0,0.0,0.0,0.0,0.0,0,0,0,0,0,0,0,0,0,0,0,0,,,,0,,,,,,,,,,,,,,,,,
2101,Internal,249,715,127344,47,31.5,9.8,24,145,349,38,210,27,0,0,0,0,0.0,0.0,0.0,0.0,0,0,0,0,0,0,0,0,0,0,0,0,,,,0,,,,,,,,,,,,,,,,,
2102,Internal,1045,2438,82715,56,19.3,8.4,17,1431,1192,244,243,27,0,0,0,0,0.0,0.0,0.0,0.0,0,0,0,0,0,0,0,0,0,0,0,0,,,,0,,,,,,,,,,,,,,,,,
2103,Internal,520,1419,115898,56,31.5,9.2,29,456,791,24,387,40,0,0,0,0,0.0,0.0,0.0,0.0,0,0,0,0,1209,0,0,0,0,0,0,0,,,,0,,,,,,,,,,,,,,,,,
2104,Internal,430,1570,127344,47,31.5,9.8,23,100,17,4,0,47,0,0,0,0,0.0,0.0,0.0,0.0,0,0,0,0,1350,0,0,0,0,0,0,0,,,,0,,,,,,,,,,,,,,,,,
2105,Internal,529,1150,82715,56,19.3,8.4,3,36,60,0,101,23,0,0,0,0,0.0,0.0,0.0,0.0,0,0,0,0,0,0,0,0,0,0,0,0,,,,0,,,,,,,,,,,,,,,,,
2106,Internal,331,881,127240,46,29.3,8.7,32,22,1038,46,1894,11,0,0,0,0,0.0,0.0,0.0,0.0,0,0,0,0,0,0,0,1,0,0,0,0,,,,0,,,,,,,,,,,,,,,,,
2107,Internal,330,1081,127240,46,29.3,8.7,2,22,190,2,37,13,0,0,0,0,0.0,0.0,0.0,0.0,0,0,0,0,0,0,0,0,0,0,0,0,,,,0,,,,,,,,,,,,,,,,,
2108,Internal,474,1610,100345,49,33.8,9.0,0,29,17,19,14,44,0,0,0,0,0.0,0.0,0.0,0.0,0,0,0,0,0,0,0,0,0,0,0,0,,,,0,,,,,,,,,,,,,,,,,
2109,Internal,33,65,127240,46,29.3,8.7,0,11,51,3,0,13,0,0,0,0,0.0,0.0,0.0,0.0,0,0,0,0,0,0,0,0,0,0,0,0,,,,0,,,,,,,,,,,,,,,,,
2110,Internal,1310,3374,127240,46,29.3,8.7,36,20,97,116,280,19,0,0,0,0,0.0,0.0,0.0,0.0,0,0,0,0,0,0,0,0,0,0,0,0,,,,0,,,,,,,,,,,,,,,,,
2111,Internal,514,1503,100345,49,33.8,9.0,3,166,44,0,8,78,0,0,0,0,0.0,0.0,0.0,0.0,0,0,0,0,919,0,0,0,0,0,0,0,,,,0,,,,,,,,,,,,,,,,,
2112,Internal,136,320,127240,46,29.3,8.7,2,255,163,0,0,13,0,0,0,0,0.0,0.0,0.0,0.0,0,0,0,0,0,0,0,0,0,0,0,0,,,,0,,,,,,,,,,,,,,,,,
2113,Internal,662,1858,115061,49,36.1,2.7,4,6,19,0,0,44,0,0,0,0,0.0,0.0,0.0,0.0,0,0,0,0,0,0,0,0,0,0,0,0,,,,0,,,,,,,,,,,,,,,,,
2114,Internal,841,2442,115061,49,36.1,2.7,5,10,44,0,24,51,0,0,0,0,0.0,0.0,0.0,0.0,0,0,0,0,0,0,0,0,0,0,0,0,,,,0,,,,,,,,,,,,,,,,,
2115,Internal,894,2854,127344,47,31.5,9.8,5,132,14,0,0,32,0,0,0,0,0.0,0.0,0.0,0.0,0,0,0,0,0,0,0,0,0,0,0,0,,,,0,,,,,,,,,,,,,,,,,
2116,Internal,591,1548,127344,47,31.5,9.8,16,1,27,15,23,32,0,0,0,0,0.0,0.0,0.0,0.0,0,0,0,0,0,0,0,0,0,0,0,0,,,,0,,,,,,,,,,,,,,,,,
2117,Internal,232,606,115898,56,31.5,9.2,17,4,77,8,293,16,0,0,0,0,0.0,0.0,0.0,0.0,0,0,0,0,0,0,0,0,0,0,0,0,,,,0,,,,,,,,,,,,,,,,,
2118,Internal,290,869,115898,56,31.5,9.2,1,173,143,10,40,36,0,0,0,0,0.0,0.0,0.0,0.0,0,0,0,0,783,0,0,0,0,0,0,0,,,,0,,,,,,,,,,,,,,,,,
2119,Internal,678,1824,100345,49,33.8,9.0,23,96,316,7,9,56,0,0,0,0,0.0,0.0,0.0,0.0,0,0,0,0,0,0,0,0,0,0,0,0,,,,0,,,,,,,,,,,,,,,,,
2120,Internal,234,509,100345,49,33.8,9.0,0,4,64,55,45,16,0,0,0,0,0.0,0.0,0.0,0.0,0,0,0,0,0,0,0,0,0,0,0,0,,,,0,,,,,,,,,,,,,,,,,
2121,Internal,34,78,115898,56,31.5,9.2,0,100,9,5,0,50,0,0,0,0,0.0,0.0,0.0,0.0,0,0,0,0,1140,0,0,0,0,0,0,0,,,,0,,,,,,,,,,,,,,,,,
2122,Internal,409,1145,115898,56,31.5,9.2,0,124,226,1,79,29,0,0,0,0,0.0,0.0,0.0,0.0,0,0,0,0,0,0,0,0,0,0,0,0,,,,0,,,,,,,,,,,,,,,,,
2123,Internal,144,375,115898,56,31.5,9.2,47,119,176,59,31,53,0,0,0,0,0.0,0.0,0.0,0.0,0,0,0,0,0,0,0,0,0,0,0,0,,,,0,,,,,,,,,,,,,,,,,
2124,Internal,207,465,87446,56,38.1,13.1,139,61,202,31,34,45,0,0,0,0,0.0,0.0,0.0,0.0,0,0,0,0,0,0,0,0,0,0,0,0,,,,0,,,,,,,,,,,,,,,,,
2125,Internal,204,506,87446,56,38.1,13.1,49,177,278,15,263,28,0,0,0,0,0.0,0.0,0.0,0.0,0,0,0,0,0,0,0,0,0,0,0,0,,,,0,,,,,,,,,,,,,,,,,
2126,Internal,191,438,70268,52,21.7,7.6,2,15,33,5,19,12,0,0,0,0,0.0,0.0,0.0,0.0,0,0,0,0,0,0,0,0,0,0,0,0,,,,0,,,,,,,,,,,,,,,,,
2127,Internal,310,822,70268,52,21.7,7.6,0,26,211,73,142,47,0,0,0,0,0.0,0.0,0.0,0.0,0,0,0,0,0,0,0,0,0,0,0,0,,,,0,,,,,,,,,,,,,,,,,
2128,Internal,1249,2719,79453,49,23.4,14.3,192,281,1606,57,151,42,0,0,0,0,0.0,0.0,0.0,0.0,0,0,0,0,0,0,0,0,0,0,0,0,,,,0,,,,,,,,,,,,,,,,,
2129,Internal,698,1702,79453,49,23.4,14.3,237,39,177,8,93,35,0,0,0,0,0.0,0.0,0.0,0.0,0,0,0,0,0,0,0,0,0,0,0,0,,,,0,,,,,,,,,,,,,,,,,
2130,Internal,158,461,79453,49,23.4,14.3,0,149,25,0,0,52,0,0,0,0,0.0,0.0,0.0,0.0,0,0,0,0,1115,0,0,0,0,0,0,0,,,,0,,,,,,,,,,,,,,,,,
2131,Internal,407,1166,94474,52,26.1,8.2,13,107,149,28,221,12,0,0,0,0,0.0,0.0,0.0,0.0,0,0,0,0,0,0,0,0,0,0,0,0,,,,0,,,,,,,,,,,,,,,,,
2132,Internal,328,836,94474,52,26.1,8.2,0,47,88,32,8,36,0,0,0,0,0.0,0.0,0.0,0.0,0,0,0,0,0,0,0,0,0,0,0,0,,,,0,,,,,,,,,,,,,,,,,
2133,Internal,495,1008,79453,49,23.4,14.3,96,454,641,101,295,24,0,0,0,0,0.0,0.0,0.0,0.0,0,0,0,0,0,0,0,0,0,0,0,0,,,,0,,,,,,,,,,,,,,,,,
2134,Internal,1512,3001,115061,49,36.1,2.7,0,94,55,0,1661,60,0,0,0,0,0.0,0.0,0.0,0.0,0,0,0,0,2687,0,0,0,0,0,0,0,,,,0,,,,,,,,,,,,,,,,,
2135,Internal,1645,4663,79453,49,23.4,14.3,2,1032,3817,138,283,41,0,0,0,0,0.0,0.0,0.0,0.0,0,0,0,0,0,0,0,0,0,0,0,0,,,,0,,,,,,,,,,,,,,,,,
2136,Internal,1973,4356,94474,52,26.1,8.2,38,2454,5039,609,972,66,0,0,0,0,0.0,0.0,0.0,0.0,0,0,0,0,0,0,0,0,0,0,0,0,,,,0,,,,,,,,,,,,,,,,,
2137,Internal,899,2187,94474,52,26.1,8.2,40,229,516,11,834,10,0,0,0,0,0.0,0.0,0.0,0.0,0,0,0,0,0,0,0,0,0,0,0,0,,,,0,,,,,,,,,,,,,,,,,
2138,Internal,532,1217,94474,52,26.1,8.2,0,656,2098,424,691,36,0,0,0,0,0.0,0.0,0.0,0.0,0,0,0,0,0,0,0,0,0,0,0,0,,,,0,,,,,,,,,,,,,,,,,
2139,Internal,423,1201,94474,52,26.1,8.2,7,120,491,69,46,13,0,0,0,0,0.0,0.0,0.0,0.0,0,0,0,0,1066,0,0,0,0,0,0,0,,,,0,,,,,,,,,,,,,,,,,
2140,Internal,91,237,94474,52,26.1,8.2,13,200,156,2,45,36,0,0,0,0,0.0,0.0,0.0,0.0,0,0,0,0,199,0,0,0,0,0,0,0,,,,0,,,,,,,,,,,,,,,,,
2141,Internal,159,430,79453,49,23.4,14.3,48,12,239,0,0,35,0,0,0,0,0.0,0.0,0.0,0.0,0,0,0,0,0,0,0,0,0,0,0,0,,,,0,,,,,,,,,,,,,,,,,
2142,Internal,813,2155,94474,52,26.1,8.2,1523,55,1744,26,80,36,0,0,0,0,0.0,0.0,0.0,0.0,0,0,0,0,0,0,0,0,0,0,0,0,,,,0,,,,,,,,,,,,,,,,,
2143,Internal,3461,7317,94474,52,26.1,8.2,0,3798,7968,1469,3075,36,0,0,0,0,0.0,0.0,0.0,0.0,0,0,0,0,0,0,0,0,0,0,0,0,,,,0,,,,,,,,,,,,,,,,,
2144,Internal,189,497,70268,52,21.7,7.6,27,112,48,16,48,19,0,0,0,0,0.0,0.0,0.0,0.0,0,0,0,0,0,0,0,0,0,0,0,0,,,,0,,,,,,,,,,,,,,,,,
2145,Internal,7,16,70268,52,21.7,7.6,0,114,13,5,11,31,0,0,0,0,0.0,0.0,0.0,0.0,0,0,0,0,1808,0,0,0,0,0,0,0,,,,0,,,,,,,,,,,,,,,,,
2146,Internal,557,1834,109813,47,28.6,11.2,39,14,134,12,210,21,0,0,0,0,7.7253907129710395,0.0,0.0,0.0,0,0,0,0,0,0,0,0,0,0,0,0,,,,0,,,,,,,,,,,,,,,,,
2147,Internal,363,867,95613,52,32.0,7.3,12,181,193,72,34,70,0,0,0,0,0.0,0.0,0.0,0.0,0,0,0,0,0,0,0,0,0,0,0,0,,,,0,,,,,,,,,,,,,,,,,
2148,Internal,286,703,95613,52,32.0,7.3,6,150,128,22,80,23,0,0,0,0,0.0,0.0,0.0,0.0,0,0,0,0,0,0,0,0,0,0,0,0,,,,0,,,,,,,,,,,,,,,,,
2149,Internal,19,84,95613,52,32.0,7.3,0,190,0,0,0,44,0,0,0,0,0.0,0.0,0.0,0.0,0,0,0,0,3605,0,0,0,0,0,0,0,,,,0,,,,,,,,,,,,,,,,,
2150,Internal,403,955,120824,52,17.0,10.7,7,26,101,34,30,19,0,0,0,0,0.0,0.0,0.0,0.0,0,0,0,0,0,0,0,0,0,0,0,0,,,,0,,,,,,,,,,,,,,,,,
2151,Internal,182,483,95613,52,32.0,7.3,118,16,58,4,28,61,0,0,0,0,0.0,0.0,0.0,0.0,0,0,0,0,0,0,0,0,0,0,0,0,,,,0,,,,,,,,,,,,,,,,,
2152,Internal,122,272,70268,52,21.7,7.6,357,83,520,88,87,54,0,0,0,0,0.0,0.0,0.0,0.0,0,0,0,0,0,0,0,0,0,0,0,0,,,,0,,,,,,,,,,,,,,,,,
2153,Internal,223,512,87679,52,30.0,5.1,2028,433,327,59,68,57,0,0,0,0,0.0,0.0,0.0,0.0,0,0,0,0,0,0,0,0,0,0,0,0,,,,0,,,,,,,,,,,,,,,,,
2154,Internal,356,1060,120824,52,17.0,10.7,44,4,27,65,4,29,0,0,0,0,0.0,0.0,0.0,0.0,0,0,0,0,0,0,0,0,0,0,0,0,,,,0,,,,,,,,,,,,,,,,,
2155,Internal,261,745,87679,52,30.0,5.1,432,90,546,738,26,28,0,0,0,0,0.0,0.0,0.0,0.0,0,0,0,0,0,0,0,0,0,0,0,0,,,,0,,,,,,,,,,,,,,,,,
2156,Internal,443,1187,85809,45,31.9,8.3,3,8,248,12,2,45,0,0,0,0,0.0,0.0,0.0,0.0,0,0,0,0,0,0,0,0,0,0,0,0,,,,0,,,,,,,,,,,,,,,,,
2157,Internal,865,2362,109813,47,28.6,11.2,12,279,466,68,3,75,0,0,0,0,0.0,0.0,0.0,0.0,0,0,0,0,0,0,0,0,0,0,0,0,,,,0,,,,,,,,,,,,,,,,,
2158,Internal,311,872,87679,52,30.0,5.1,1,17,86,0,0,36,0,0,0,0,0.0,0.0,0.0,0.0,0,0,0,0,0,0,0,0,0,0,0,0,,,,0,,,,,,,,,,,,,,,,,
2159,Internal,1002,2635,87679,52,30.0,5.1,40,76,221,4,31,64,0,0,0,0,0.0,0.0,0.0,0.0,0,0,0,0,0,0,0,0,0,0,0,0,,,,0,,,,,,,,,,,,,,,,,
2160,Internal,515,1479,109813,47,28.6,11.2,15,18,383,30,71,46,0,0,0,0,7.7253907129710395,0.0,0.0,0.0,0,0,0,0,0,0,0,0,0,0,0,0,,,,0,,,,,,,,,,,,,,,,,
2161,Internal,2225,6203,87679,52,30.0,5.1,5,395,1292,54,23,37,0,0,0,0,0.0,0.0,0.0,0.0,0,0,0,0,3606,0,0,0,0,0,0,0,,,,0,,,,,,,,,,,,,,,,,
2162,Internal,442,1156,87679,52,30.0,5.1,62,489,1034,5,39,18,0,0,0,0,0.0,0.0,0.0,0.0,0,0,0,0,0,0,0,0,0,0,0,0,,,,0,,,,,,,,,,,,,,,,,
2163,Internal,717,1769,109813,47,28.6,11.2,22,10,25,0,10,42,0,0,0,0,0.0,0.0,0.0,0.0,0,0,0,0,0,0,0,0,0,0,0,0,,,,0,,,,,,,,,,,,,,,,,
2164,Internal,428,1121,147857,54,28.4,10.2,481,2731,1174,109,62,62,0,0,0,0,0.0,0.0,0.0,0.0,0,0,0,0,1588,0,0,0,0,0,0,0,,,,0,,,,,,,,,,,,,,,,,
2165,Internal,360,1099,95613,52,32.0,7.3,4,113,282,21,7,75,0,0,0,0,0.0,0.0,0.0,0.0,0,0,0,0,0,0,0,0,0,0,0,0,,,,0,,,,,,,,,,,,,,,,,
2166,Internal,5,22,95613,52,32.0,7.3,0,4,232,1,79,34,0,0,0,0,0.0,0.0,0.0,0.0,0,0,0,0,0,0,0,0,0,0,0,0,,,,0,,,,,,,,,,,,,,,,,
2167,Internal,72,222,147857,54,28.4,10.2,236,191,1135,65,209,47,0,0,0,0,0.0,0.0,0.0,0.0,0,0,0,0,0,0,0,0,0,0,0,0,,,,0,,,,,,,,,,,,,,,,,
2168,Internal,721,1390,95613,52,32.0,7.3,0,3,96,1,384,43,0,0,0,0,0.0,0.0,0.0,0.0,0,0,0,0,0,0,0,0,0,0,0,0,,,,0,,,,,,,,,,,,,,,,,
2169,Internal,298,605,95613,52,32.0,7.3,1,3,177,8,295,12,0,0,0,0,0.0,0.0,0.0,0.0,0,0,0,0,0,0,0,0,0,0,0,0,,,,0,,,,,,,,,,,,,,,,,
2170,Internal,587,1710,120833,54,27.3,7.8,4,75,88,3,1,64,0,0,0,0,0.0,0.0,0.0,0.0,0,0,0,0,0,0,0,0,0,0,0,0,,,,0,,,,,,,,,,,,,,,,,
2171,Internal,283,865,147857,54,28.4,10.2,2,21,38,23,2,55,0,0,0,0,0.0,0.0,0.0,0.0,0,0,0,0,0,0,0,0,0,0,0,0,,,,0,,,,,,,,,,,,,,,,,
2172,Internal,222,580,120833,54,27.3,7.8,5,3,14,0,1,59,0,0,0,0,0.0,0.0,0.0,0.0,0,0,0,0,0,0,0,0,0,0,0,0,,,,0,,,,,,,,,,,,,,,,,
2173,Internal,61,146,87679,52,30.0,5.1,586,187,186,18,68,43,0,0,0,0,0.0,0.0,0.0,0.0,0,0,0,0,1688,0,0,0,0,0,0,0,,,,0,,,,,,,,,,,,,,,,,
2174,Internal,31,84,147857,54,28.4,10.2,0,5,105,5,48,21,0,0,0,0,0.0,0.0,0.0,0.0,0,0,0,0,0,0,0,0,0,0,0,0,,,,0,,,,,,,,,,,,,,,,,
2175,Internal,704,1928,132917,49,24.8,10.0,938,2119,2353,166,25,79,0,0,0,0,0.0,0.0,0.0,0.0,0,0,0,0,0,0,0,0,0,0,0,0,,,,0,,,,,,,,,,,,,,,,,
2176,Internal,363,778,78304,49,10.5,33.3,3,123,173,45,107,18,0,0,0,0,7.7253907129710395,0.0,0.0,0.0,0,0,0,0,984,0,0,0,0,0,0,0,,,,0,,,,,,,,,,,,,,,,,
2177,Internal,398,1175,132917,49,24.8,10.0,14,3,32,0,46,82,0,0,0,0,0.0,0.0,0.0,0.0,0,0,0,0,0,0,0,0,0,0,0,0,,,,0,,,,,,,,,,,,,,,,,
2178,Internal,569,1014,132917,49,24.8,10.0,0,3,72,12,51,28,0,0,0,0,0.0,0.0,0.0,0.0,0,0,0,0,0,0,0,0,0,0,0,0,,,,0,,,,,,,,,,,,,,,,,
2179,Internal,460,1357,155938,49,26.1,11.4,34,52,67,37,408,46,0,0,0,0,0.0,0.0,0.0,0.0,0,0,0,0,0,0,1986,0,0,0,0,0,,,,0,,,,,,,,,,,,,,,,,
2180,Internal,594,1232,78304,49,10.5,33.3,198,4403,1058,334,813,44,0,0,0,0,23.17617213891312,0.0,0.0,0.0,0,0,0,0,261,0,0,0,0,0,0,0,,,,0,,,,,,,,,,,,,,,,,
2181,Internal,342,1024,127054,54,24.5,8.4,14,5,12,232,2,10,0,0,0,0,7.7253907129710395,0.0,0.0,0.0,0,0,0,0,0,0,0,0,0,0,0,0,,,,0,,,,,,,,,,,,,,,,,
2182,Internal,291,789,127054,54,24.5,8.4,5,1,5,0,8,14,0,0,0,0,0.0,0.0,0.0,0.0,0,0,0,0,0,0,0,0,0,0,0,0,,,,0,,,,,,,,,,,,,,,,,
2183,Internal,208,494,72000,55,22.3,8.9,1,18,10,0,0,83,0,0,0,0,0.0,0.0,0.0,0.0,0,0,0,0,0,0,0,0,0,0,0,0,,,,0,,,,,,,,,,,,,,,,,
2184,Internal,121,345,136964,54,29.3,5.5,0,0,0,2,0,14,0,0,0,0,0.0,0.0,0.0,0.0,0,0,0,0,0,0,0,0,0,0,0,0,,,,0,,,,,,,,,,,,,,,,,
2185,Internal,510,1210,84922,55,18.6,10.3,30,84,285,26,195,13,0,0,0,0,0.0,0.0,0.0,0.0,0,0,0,0,0,0,0,0,0,0,0,0,,,,0,,,,,,,,,,,,,,,,,
2186,Internal,105,291,136964,54,29.3,5.5,6,3,8,0,0,14,0,0,0,0,0.0,0.0,0.0,0.0,0,0,0,0,0,0,0,0,0,0,0,0,,,,0,,,,,,,,,,,,,,,,,
2187,Internal,120,285,72000,55,22.3,8.9,3,4,14,0,25,8,0,0,0,0,0.0,0.0,0.0,0.0,0,0,0,0,0,0,0,0,0,0,0,0,,,,0,,,,,,,,,,,,,,,,,
2188,Internal,331,667,84922,55,18.6,10.3,6,0,12,0,0,19,0,0,0,0,15.450781425942079,0.0,0.0,0.0,0,0,0,0,0,0,0,0,0,0,0,0,,,,0,,,,,,,,,,,,,,,,,
2189,Internal,684,1836,141910,51,26.1,10.5,8,31,114,25,1,27,0,0,0,0,0.0,0.0,0.0,0.0,0,0,0,0,0,0,0,0,0,0,0,0,,,,0,,,,,,,,,,,,,,,,,
2190,Internal,479,1441,100363,47,29.5,7.9,11,31,357,66,233,28,0,0,0,0,0.0,0.0,0.0,0.0,0,0,0,0,14,0,0,0,0,0,0,0,,,,0,,,,,,,,,,,,,,,,,
2191,Internal,228,681,139943,47,25.5,13.9,0,35,345,74,157,44,0,0,0,0,0.0,0.0,0.0,0.0,0,0,0,0,524,0,0,0,0,0,0,0,,,,0,,,,,,,,,,,,,,,,,
2192,Internal,675,1333,139943,47,25.5,13.9,4,175,274,5,148,16,0,0,0,0,0.0,0.0,0.0,0.0,0,0,0,0,0,0,0,0,0,0,0,0,,,,0,,,,,,,,,,,,,,,,,
2193,Internal,235,720,139943,47,25.5,13.9,4,10,86,0,24,81,0,0,0,0,7.7253907129710395,0.0,0.0,0.0,0,0,0,0,0,0,0,0,0,0,0,0,,,,0,,,,,,,,,,,,,,,,,
2194,Internal,265,757,122938,51,23.0,15.5,3,57,39,0,0,31,0,0,0,0,0.0,0.0,0.0,0.0,0,0,0,0,0,0,0,0,0,0,0,0,,,,0,,,,,,,,,,,,,,,,,
2195,Internal,415,1173,122938,51,23.0,15.5,1,313,262,29,24,31,0,0,0,0,0.0,0.0,0.0,0.0,0,0,0,0,0,0,0,0,0,0,0,0,,,,0,,,,,,,,,,,,,,,,,
2196,Internal,715,1750,122938,51,23.0,15.5,20,87,105,81,56,33,0,0,0,0,0.0,0.0,0.0,0.0,0,0,0,0,12,0,0,0,0,0,0,0,,,,0,,,,,,,,,,,,,,,,,
2197,Internal,702,1454,65833,47,19.0,2.5,0,272,634,256,435,16,0,0,0,0,7.7253907129710395,0.0,0.0,0.0,0,0,0,0,0,0,0,0,0,0,0,0,,,,0,,,,,,,,,,,,,,,,,
2198,Internal,302,595,65833,47,19.0,2.5,31,391,801,153,371,42,0,0,0,0,0.0,0.0,0.0,0.0,0,0,0,0,0,0,0,0,0,0,0,0,,,,0,,,,,,,,,,,,,,,,,
2199,Internal,668,1274,65833,47,19.0,2.5,209,181,554,134,254,40,0,0,0,0,0.0,0.0,0.0,0.0,0,0,0,0,0,0,0,0,0,0,0,0,,,,0,,,,,,,,,,,,,,,,,
2200,Internal,353,734,65833,47,19.0,2.5,15,131,168,66,76,64,0,0,0,0,0.0,0.0,0.0,0.0,0,0,0,0,0,0,0,0,0,0,0,0,,,,0,,,,,,,,,,,,,,,,,
2201,Internal,490,1104,84722,47,26.2,10.9,2,84,83,41,113,48,0,0,0,0,7.7253907129710395,0.0,0.0,0.0,0,0,0,0,0,0,0,0,0,0,0,0,,,,0,,,,,,,,,,,,,,,,,
2202,Internal,174,365,84722,47,26.2,10.9,35,369,121,17,416,17,0,0,0,0,0.0,0.0,0.0,0.0,0,0,0,0,1415,0,0,0,0,0,0,0,,,,0,,,,,,,,,,,,,,,,,
2203,Internal,763,1757,44489,47,26.2,19.1,80,781,1556,208,709,24,0,0,0,0,0.0,0.0,0.0,0.0,0,0,0,0,30,0,0,0,0,0,0,0,,,,0,,,,,,,,,,,,,,,,,
2204,Internal,1093,2522,37728,47,37.8,3.7,44,8783,3417,481,1669,27,0,0,0,0,0.0,0.0,0.0,0.0,0,0,0,0,0,0,0,0,0,0,0,0,,,,0,,,,,,,,,,,,,,,,,
2205,Internal,1231,2461,37728,47,37.8,3.7,0,1391,1141,673,1219,53,0,0,0,0,0.0,0.0,0.0,0.0,0,0,0,0,0,0,0,0,0,0,0,0,,,,0,,,,,,,,,,,,,,,,,
2206,Internal,694,1395,51643,50,24.0,4.7,15,458,288,124,162,13,0,0,0,0,169.9585956853629,0.0,0.0,0.0,0,0,0,0,689,0,0,0,0,0,0,0,,,,0,,,,,,,,,,,,,,,,,
2207,Internal,385,1034,51643,50,24.0,4.7,33,85,648,111,243,21,0,0,0,0,54.07773499079728,0.0,0.0,0.0,0,0,0,0,113,0,0,0,0,0,0,0,,,,0,,,,,,,,,,,,,,,,,
2208,Internal,1034,1922,86563,50,13.6,31.5,56,810,2967,732,2794,15,0,0,0,0,0.0,0.0,0.0,0.0,0,0,0,0,0,0,0,0,0,0,0,0,,,,0,,,,,,,,,,,,,,,,,
2209,Internal,428,1196,86563,50,13.6,31.5,8,48,162,27,95,17,0,0,0,0,7.7253907129710395,0.0,0.0,0.0,0,0,0,0,0,0,0,0,0,0,0,0,,,,0,,,,,,,,,,,,,,,,,
2210,Internal,266,670,104306,53,18.4,17.1,0,14,11,0,0,16,0,0,0,0,0.0,0.0,0.0,0.0,0,0,0,0,0,0,0,0,0,0,0,0,,,,0,,,,,,,,,,,,,,,,,
2211,Internal,131,363,91111,53,21.7,25.3,3,9,1,0,0,16,0,0,0,0,0.0,0.0,0.0,0.0,0,0,0,0,0,0,0,0,0,0,0,0,,,,0,,,,,,,,,,,,,,,,,
2212,Internal,374,907,91111,53,21.7,25.3,28,130,198,11,241,13,0,0,0,0,0.0,0.0,0.0,0.0,0,0,0,0,0,0,0,0,0,0,0,0,,,,0,,,,,,,,,,,,,,,,,
2213,Internal,298,782,104306,53,18.4,17.1,0,166,137,307,55,12,0,0,0,0,0.0,0.0,0.0,0.0,0,0,0,0,0,0,0,0,0,0,0,0,,,,0,,,,,,,,,,,,,,,,,
2214,Internal,323,739,104167,53,21.9,17.5,2,6,124,0,245,9,0,0,0,0,15.450781425942079,0.0,0.0,0.0,0,0,0,0,0,0,0,0,0,0,0,0,,,,0,,,,,,,,,,,,,,,,,
2215,Internal,891,2267,104167,53,21.9,17.5,7,69,802,23,243,37,0,0,0,0,0.0,0.0,0.0,0.0,0,0,0,0,3292,0,0,0,0,0,0,0,,,,0,,,,,,,,,,,,,,,,,
2216,Internal,504,1127,62628,50,3.9,26.4,0,305,213,48,100,47,0,0,0,0,0.0,0.0,0.0,0.0,0,0,0,0,0,0,0,0,0,0,0,0,,,,0,,,,,,,,,,,,,,,,,
2217,Internal,143,352,62628,50,3.9,26.4,0,21,10,22,19,34,0,0,0,0,0.0,0.0,0.0,0.0,0,0,0,0,0,0,0,0,0,0,0,0,,,,0,,,,,,,,,,,,,,,,,
2218,Internal,276,662,115027,50,22.8,17.9,3,134,178,23,44,41,0,0,0,0,0.0,0.0,0.0,0.0,0,0,0,0,0,0,0,0,0,0,0,0,,,,0,,,,,,,,,,,,,,,,,
2219,Internal,158,459,115027,50,22.8,17.9,0,1,32,0,0,17,0,0,0,0,0.0,0.0,0.0,0.0,0,0,0,0,0,0,0,0,0,0,0,0,,,,0,,,,,,,,,,,,,,,,,
2220,Internal,49,127,115027,50,22.8,17.9,0,219,35,21,44,46,0,0,0,0,0.0,0.0,0.0,0.0,0,0,0,0,3885,0,0,0,0,0,0,0,,,,0,,,,,,,,,,,,,,,,,
2221,Internal,276,609,100588,50,22.2,29.2,7,586,499,142,88,44,0,0,0,0,0.0,0.0,0.0,0.0,0,0,0,0,5,0,0,0,0,0,0,0,,,,0,,,,,,,,,,,,,,,,,
2222,Internal,298,780,100588,50,22.2,29.2,0,10,0,87,2,64,0,0,0,0,0.0,0.0,0.0,0.0,0,0,0,0,1256,0,0,0,0,0,0,0,,,,0,,,,,,,,,,,,,,,,,
2223,Internal,184,344,100588,50,22.2,29.2,0,45,139,2,3,34,0,0,0,0,0.0,0.0,0.0,0.0,0,0,0,0,0,0,0,0,0,0,0,0,,,,0,,,,,,,,,,,,,,,,,
2224,Internal,141,394,91111,53,21.7,25.3,1,3,0,0,0,16,0,0,0,0,0.0,0.0,0.0,0.0,0,0,0,0,0,0,0,0,0,0,0,0,,,,0,,,,,,,,,,,,,,,,,
2225,Internal,485,1441,100219,50,10.9,24.6,0,211,553,68,24,44,0,0,0,0,0.0,0.0,0.0,0.0,0,0,0,0,0,0,0,0,0,0,0,0,,,,0,,,,,,,,,,,,,,,,,
2226,Internal,357,731,100219,50,10.9,24.6,3,34,209,7,15,22,0,0,0,0,0.0,0.0,0.0,0.0,0,0,0,0,0,0,0,0,0,0,0,0,,,,0,,,,,,,,,,,,,,,,,
2227,Internal,231,457,100219,50,10.9,24.6,0,3,7,0,0,34,0,0,0,0,7.7253907129710395,0.0,0.0,0.0,0,0,0,0,0,0,0,0,0,0,0,0,,,,0,,,,,,,,,,,,,,,,,
2228,Internal,380,757,100219,50,10.9,24.6,28,444,710,111,185,50,0,0,0,0,0.0,0.0,0.0,0.0,0,0,0,0,0,0,0,0,0,0,0,0,,,,0,,,,,,,,,,,,,,,,,
2229,Internal,383,719,100219,50,10.9,24.6,8,108,319,74,26,39,0,0,0,0,0.0,0.0,0.0,0.0,0,0,0,0,0,0,0,0,0,0,0,0,,,,0,,,,,,,,,,,,,,,,,
2230,Internal,134,343,100219,50,10.9,24.6,0,32,69,0,1,68,0,0,0,0,0.0,0.0,0.0,0.0,0,0,0,0,0,0,0,0,0,0,0,0,,,,0,,,,,,,,,,,,,,,,,
2231,Internal,193,496,86042,53,13.3,25.5,1,121,149,26,70,29,0,0,0,0,0.0,0.0,0.0,0.0,0,0,0,0,925,0,0,0,0,0,0,0,,,,0,,,,,,,,,,,,,,,,,
2232,Internal,426,973,86042,53,13.3,25.5,17,216,367,153,295,25,0,0,0,0,0.0,0.0,0.0,0.0,0,0,0,0,0,0,0,0,0,0,0,0,,,,0,,,,,,,,,,,,,,,,,
2233,Internal,323,698,86042,53,13.3,25.5,0,188,381,109,300,38,0,0,0,0,0.0,0.0,0.0,0.0,0,0,0,0,0,0,0,0,0,0,0,0,,,,0,,,,,,,,,,,,,,,,,
2234,Internal,342,790,76607,53,18.7,30.8,0,94,72,10,156,26,0,0,0,0,0.0,0.0,0.0,0.0,0,0,0,0,0,0,0,0,0,0,0,0,,,,0,,,,,,,,,,,,,,,,,
2235,Internal,433,686,76607,53,18.7,30.8,4,14,463,4,2,19,0,0,0,0,0.0,0.0,0.0,0.0,0,0,0,0,0,0,0,0,0,0,0,0,,,,0,,,,,,,,,,,,,,,,,
2236,Internal,214,560,76607,53,18.7,30.8,0,8,8,0,0,27,0,0,0,0,0.0,0.0,0.0,0.0,0,0,0,0,0,0,0,0,0,0,0,0,,,,0,,,,,,,,,,,,,,,,,
2237,Internal,376,722,41429,53,17.8,14.3,25,296,173,15,43,16,0,0,0,0,7.7253907129710395,0.0,0.0,0.0,0,0,0,0,0,0,0,0,0,0,0,0,,,,0,,,,,,,,,,,,,,,,,
2238,Internal,256,594,41429,53,17.8,14.3,12,18,99,57,7,3,0,0,0,0,0.0,0.0,0.0,0.0,0,0,0,0,0,0,0,0,0,0,0,0,,,,0,,,,,,,,,,,,,,,,,
2239,Internal,421,756,41429,53,17.8,14.3,33,19,150,17,28,51,0,0,0,0,0.0,0.0,0.0,0.0,0,0,0,0,0,0,0,0,0,0,0,0,,,,0,,,,,,,,,,,,,,,,,
2240,Internal,212,564,94438,54,20.3,23.6,16,37,67,9,4,23,0,0,0,0,0.0,0.0,0.0,0.0,0,0,0,0,0,0,0,0,0,0,0,0,,,,0,,,,,,,,,,,,,,,,,
2241,Internal,207,405,74156,51,16.9,17.9,0,2,11,0,2,32,0,0,0,0,0.0,0.0,0.0,0.0,0,0,0,0,0,0,0,0,0,0,0,0,,,,0,,,,,,,,,,,,,,,,,
2242,Internal,191,329,94438,54,20.3,23.6,0,5,0,0,0,34,0,0,0,0,0.0,0.0,0.0,0.0,0,0,0,0,0,0,0,0,0,0,0,0,,,,0,,,,,,,,,,,,,,,,,
2243,Internal,481,1050,54844,51,23.2,14.9,0,4,5,0,0,32,0,0,0,0,0.0,0.0,0.0,0.0,0,0,0,0,0,0,0,0,0,0,0,0,,,,0,,,,,,,,,,,,,,,,,
2244,Internal,536,1315,31143,51,28.3,2.5,43,509,840,175,467,34,0,0,0,0,15.450781425942079,0.0,0.0,0.0,0,0,0,0,900,0,0,0,0,0,0,0,,,,0,,,,,,,,,,,,,,,,,
2245,Internal,335,685,54844,51,23.2,14.9,5,3,60,0,25,0,0,0,0,0,7.7253907129710395,0.0,0.0,0.0,0,0,0,0,0,0,0,0,0,0,0,0,,,,0,,,,,,,,,,,,,,,,,
2246,Internal,507,1016,74156,51,16.9,17.9,2,145,160,27,110,28,0,0,0,0,0.0,0.0,0.0,0.0,0,0,0,0,0,0,0,0,0,0,0,0,,,,0,,,,,,,,,,,,,,,,,
2247,Internal,113,262,100588,50,22.2,29.2,101,245,193,75,896,10,0,0,0,0,0.0,0.0,0.0,0.0,0,0,0,0,0,0,0,0,0,0,0,0,,,,0,,,,,,,,,,,,,,,,,
2248,Internal,129,313,81974,54,11.8,16.4,0,3,3,0,0,34,0,0,0,0,0.0,0.0,0.0,0.0,0,0,0,0,0,0,0,0,0,0,0,0,,,,0,,,,,,,,,,,,,,,,,
2249,Internal,310,578,81974,54,11.8,16.4,0,4,3,21,0,34,0,0,0,0,0.0,0.0,0.0,0.0,0,0,0,0,0,0,0,0,0,0,0,0,,,,0,,,,,,,,,,,,,,,,,
2250,Internal,142,303,82794,54,20.7,12.7,77,162,216,0,10,33,0,0,0,0,0.0,0.0,0.0,0.0,0,0,0,0,0,0,0,0,0,0,0,0,,,,0,,,,,,,,,,,,,,,,,
2251,Internal,147,387,81974,54,11.8,16.4,0,10,0,0,0,34,0,0,0,0,0.0,0.0,0.0,0.0,0,0,0,0,0,0,0,0,0,0,0,0,,,,0,,,,,,,,,,,,,,,,,
2252,Internal,440,1149,82794,54,20.7,12.7,11,27,24,0,6,47,0,0,0,0,7.7253907129710395,0.0,0.0,0.0,0,0,0,0,0,0,0,0,0,0,0,0,,,,0,,,,,,,,,,,,,,,,,
2253,Internal,302,773,127500,50,14.1,35.5,13,74,241,31,31,32,0,0,0,0,0.0,0.0,0.0,0.0,0,0,0,0,0,0,0,0,0,0,0,0,,,,0,,,,,,,,,,,,,,,,,
2254,Internal,118,299,127500,50,14.1,35.5,36,547,2011,244,370,38,0,0,0,0,0.0,0.0,0.0,0.0,0,0,0,0,0,0,0,1,0,0,0,0,,,,0,,,,,,,,,,,,,,,,,
2255,Internal,143,382,127500,50,14.1,35.5,0,8,18,0,0,47,0,0,0,0,7.7253907129710395,0.0,0.0,0.0,0,0,0,0,0,0,0,0,0,0,0,0,,,,0,,,,,,,,,,,,,,,,,
2256,Internal,166,455,127500,50,14.1,35.5,4,101,145,38,12,42,0,0,0,0,7.7253907129710395,0.0,0.0,0.0,0,0,0,0,0,0,0,0,0,0,0,0,,,,0,,,,,,,,,,,,,,,,,
2257,Internal,203,598,207574,50,22.8,15.6,0,4,49,0,3,47,0,0,0,0,0.0,0.0,0.0,0.0,0,0,0,0,0,0,0,0,0,0,0,0,,,,0,,,,,,,,,,,,,,,,,
2258,Internal,498,1419,207574,50,22.8,15.6,2,31,81,0,3,62,0,0,0,0,23.17617213891312,0.0,0.0,0.0,0,0,0,0,0,0,0,0,0,0,0,0,,,,0,,,,,,,,,,,,,,,,,
2259,Internal,161,470,108929,50,28.2,7.8,3,5,251,1,1,36,0,0,0,0,0.0,0.0,0.0,0.0,0,0,0,0,0,0,0,0,0,0,0,0,,,,0,,,,,,,,,,,,,,,,,
2260,Internal,496,1326,108929,50,28.2,7.8,9,144,80,1,2,46,0,0,0,0,23.17617213891312,0.0,0.0,0.0,0,0,0,0,1586,0,0,0,0,0,0,0,,,,0,,,,,,,,,,,,,,,,,
2261,Internal,474,1221,55190,56,27.5,5.3,0,43,23,6,189,6,0,0,0,0,7.7253907129710395,0.0,0.0,0.0,0,0,0,0,0,0,0,0,0,0,0,0,,,,0,,,,,,,,,,,,,,,,,
2262,Internal,199,528,70435,56,18.4,9.8,0,108,36,5,6,46,0,0,0,0,0.0,0.0,0.0,0.0,0,0,0,0,0,0,0,0,0,0,0,0,,,,0,,,,,,,,,,,,,,,,,
2263,Internal,385,793,70435,56,18.4,9.8,138,277,765,191,211,48,0,0,0,0,0.0,0.0,0.0,0.0,0,0,0,0,0,0,0,0,0,0,0,0,,,,0,,,,,,,,,,,,,,,,,
2264,Internal,345,797,70435,56,18.4,9.8,33,169,204,80,69,41,0,0,0,0,0.0,0.0,0.0,0.0,0,0,0,0,0,0,0,0,0,0,0,0,,,,0,,,,,,,,,,,,,,,,,
2265,Internal,226,514,70435,56,18.4,9.8,40,112,139,31,95,41,0,0,0,0,0.0,0.0,0.0,0.0,0,0,0,0,0,0,0,0,0,0,0,0,,,,0,,,,,,,,,,,,,,,,,
2266,Internal,176,534,55190,56,27.5,5.3,0,7,9,0,3,43,0,0,0,0,0.0,0.0,0.0,0.0,0,0,0,0,0,0,0,0,0,0,0,0,,,,0,,,,,,,,,,,,,,,,,
2267,Internal,195,494,70435,56,18.4,9.8,0,76,69,19,42,43,0,0,0,0,0.0,0.0,0.0,0.0,0,0,0,0,1565,0,0,0,0,0,0,0,,,,0,,,,,,,,,,,,,,,,,
2268,Internal,476,1001,70435,56,18.4,9.8,30,316,419,157,221,30,0,0,0,0,0.0,0.0,0.0,0.0,0,0,0,0,690,0,0,0,0,0,0,0,,,,0,,,,,,,,,,,,,,,,,
2269,Internal,1072,2067,70435,56,18.4,9.8,18,818,1396,252,449,54,0,0,0,0,0.0,0.0,0.0,0.0,0,0,0,0,0,0,0,0,0,0,0,0,,,,0,,,,,,,,,,,,,,,,,
2270,Internal,273,705,48951,56,21.8,7.0,0,164,97,19,1,43,0,0,0,0,7.7253907129710395,0.0,0.0,0.0,0,0,0,0,0,0,0,0,0,0,0,0,,,,0,,,,,,,,,,,,,,,,,
2271,Internal,876,1645,48951,56,21.8,7.0,0,154,131,16,1,43,0,0,0,0,77.2539071297104,0.0,0.0,0.0,0,0,0,0,0,0,0,0,0,0,0,0,,,,0,,,,,,,,,,,,,,,,,
2272,Internal,272,425,48951,56,21.8,7.0,0,74,108,24,431,12,0,0,0,0,46.35234427782624,0.0,0.0,0.0,0,0,0,0,0,0,0,0,0,0,0,0,,,,0,,,,,,,,,,,,,,,,,
2273,Internal,974,2336,90208,49,18.3,17.8,0,847,595,180,112,46,0,0,0,0,0.0,0.0,0.0,0.0,0,0,0,0,2807,0,0,0,0,0,0,0,,,,0,,,,,,,,,,,,,,,,,
2274,Internal,224,591,90208,49,18.3,17.8,0,60,36,0,0,66,0,0,0,0,0.0,0.0,0.0,0.0,0,0,0,0,0,0,0,0,0,0,0,0,,,,0,,,,,,,,,,,,,,,,,
2275,Internal,300,745,90208,49,18.3,17.8,14,25,176,43,36,42,0,0,0,0,0.0,0.0,0.0,0.0,0,0,0,0,0,0,0,0,0,0,0,0,,,,0,,,,,,,,,,,,,,,,,
2276,Internal,178,469,55190,56,27.5,5.3,30,105,160,46,18,16,0,0,0,0,0.0,0.0,0.0,0.0,0,0,0,0,0,0,0,0,0,0,0,0,,,,0,,,,,,,,,,,,,,,,,
2277,Internal,112,271,90208,49,18.3,17.8,0,11,19,1,0,66,0,0,0,0,0.0,0.0,0.0,0.0,0,0,0,0,0,0,0,0,0,0,0,0,,,,0,,,,,,,,,,,,,,,,,
2278,Internal,274,713,90208,49,18.3,17.8,0,71,115,17,21,66,0,0,0,0,7.7253907129710395,0.0,0.0,0.0,0,0,0,0,0,0,0,0,0,0,0,0,,,,0,,,,,,,,,,,,,,,,,
2279,Internal,660,1480,90208,49,18.3,17.8,0,1022,689,171,208,91,0,0,0,0,0.0,0.0,0.0,0.0,0,0,0,0,0,0,0,0,0,0,0,0,,,,0,,,,,,,,,,,,,,,,,
2280,Internal,41,103,90208,49,18.3,17.8,0,5647,44,515,11,32,0,0,0,0,0.0,0.0,0.0,0.0,0,0,0,0,0,0,0,0,0,0,0,0,,,,0,,,,,,,,,,,,,,,,,
2281,Internal,250,592,90208,49,18.3,17.8,0,350,200,36,94,64,0,0,0,0,0.0,0.0,0.0,0.0,0,0,0,0,1385,0,0,0,0,0,0,0,,,,0,,,,,,,,,,,,,,,,,
2282,Internal,5,14,76956,25,25.0,11.0,2,10,8,1,0,40,0,0,0,0,0.0,0.0,0.0,0.0,0,0,0,0,0,0,0,0,0,0,0,0,,,,0,,,,,,,,,,,,,,,,,
2283,Internal,4,10,84549,55,18.3,9.4,70,11,6,1,0,76,0,0,0,0,0.0,0.0,0.0,0.0,0,0,0,0,0,0,0,0,0,0,0,0,,,,0,,,,,,,,,,,,,,,,,
2284,Internal,329,910,122596,49,24.3,11.5,0,100,876,61,29,52,0,0,0,0,0.0,0.0,0.0,0.0,0,0,0,0,0,0,0,0,0,0,0,0,,,,0,,,,,,,,,,,,,,,,,
2285,Internal,461,1240,122596,49,24.3,11.5,35,309,623,53,32,20,0,0,0,0,0.0,0.0,0.0,0.0,0,0,0,0,0,0,0,0,0,0,0,0,,,,0,,,,,,,,,,,,,,,,,
2286,Internal,83,236,122596,49,24.3,11.5,12,15,60,1,1,17,0,0,0,0,0.0,0.0,0.0,0.0,0,0,0,0,0,0,0,0,0,0,0,0,,,,0,,,,,,,,,,,,,,,,,
2287,Internal,238,738,122596,49,24.3,11.5,4,228,85,15,19,66,0,0,0,0,0.0,0.0,0.0,0.0,0,0,0,0,0,0,0,0,0,0,0,0,,,,0,,,,,,,,,,,,,,,,,
2288,Internal,692,1470,122596,49,24.3,11.5,461,1026,1521,513,676,45,0,0,0,0,0.0,0.0,0.0,0.0,0,0,0,0,0,0,0,0,0,0,0,0,,,,0,,,,,,,,,,,,,,,,,
2289,Internal,231,537,122596,49,24.3,11.5,2,31,47,0,0,66,0,0,0,0,0.0,0.0,0.0,0.0,0,0,0,0,0,0,0,0,0,0,0,0,,,,0,,,,,,,,,,,,,,,,,
2290,Internal,13,30,122596,49,24.3,11.5,0,0,6,2,0,66,0,0,0,0,0.0,0.0,0.0,0.0,0,0,0,0,0,0,0,0,0,0,0,0,,,,0,,,,,,,,,,,,,,,,,
2291,Internal,86,181,84549,55,18.3,9.4,4,2916,2072,41,16,92,0,0,0,0,0.0,0.0,0.0,0.0,0,0,0,0,0,0,0,0,0,0,0,0,,,,0,,,,,,,,,,,,,,,,,
2292,Internal,225,567,95809,55,29.7,10.4,0,39,28,1,1,76,0,0,0,0,15.450781425942079,0.0,0.0,0.0,0,0,0,0,0,0,0,0,0,0,0,0,,,,0,,,,,,,,,,,,,,,,,
2293,Internal,223,477,95809,55,29.7,10.4,0,90,154,6,18,18,0,0,0,0,0.0,0.0,0.0,0.0,0,0,0,0,0,0,0,0,0,0,0,0,,,,0,,,,,,,,,,,,,,,,,
2294,Internal,1215,2681,95809,55,29.7,10.4,15,1652,420,26,63,84,0,0,0,0,0.0,0.0,0.0,0.0,0,0,0,0,34,0,0,0,0,0,0,0,,,,0,,,,,,,,,,,,,,,,,
2295,Internal,40,167,95809,55,29.7,10.4,384,421,98,0,20,78,0,0,0,0,0.0,0.0,0.0,0.0,0,0,0,0,0,0,0,0,0,0,0,0,,,,0,,,,,,,,,,,,,,,,,
2296,Internal,108,240,95809,55,29.7,10.4,0,0,0,0,0,76,0,0,0,0,0.0,0.0,0.0,0.0,0,0,0,0,0,0,0,0,0,0,0,0,,,,0,,,,,,,,,,,,,,,,,
2297,Internal,164,358,84549,55,18.3,9.4,64,506,644,353,553,29,0,0,0,0,0.0,0.0,0.0,0.0,0,0,0,0,0,0,0,0,0,0,0,0,,,,0,,,,,,,,,,,,,,,,,
2298,Internal,1021,2170,84549,55,18.3,9.4,4,312,695,82,483,24,0,0,0,0,54.07773499079728,0.0,0.0,0.0,0,0,0,0,0,0,0,0,0,0,0,0,,,,0,,,,,,,,,,,,,,,,,
2299,Internal,536,857,84549,55,18.3,9.4,160,613,31,1,10,84,0,0,0,0,15.450781425942079,0.0,0.0,0.0,0,0,0,0,0,0,0,0,0,0,0,0,,,,0,,,,,,,,,,,,,,,,,
2300,Internal,246,511,79306,55,12.6,16.3,1,135,44,14,1,76,0,0,0,0,0.0,0.0,0.0,0.0,0,0,0,0,0,0,0,0,0,0,0,0,,,,0,,,,,,,,,,,,,,,,,
2301,Internal,385,773,79306,55,12.6,16.3,2,82,53,7,6,78,0,0,0,0,0.0,0.0,0.0,0.0,0,0,0,0,0,0,0,0,0,0,0,0,,,,0,,,,,,,,,,,,,,,,,
2302,Internal,361,874,78638,54,17.6,8.4,0,197,97,30,49,42,0,0,0,0,15.450781425942079,0.0,0.0,0.0,0,0,0,0,2209,0,0,0,0,0,0,0,,,,0,,,,,,,,,,,,,,,,,
2303,Internal,210,367,79306,55,12.6,16.3,0,4,0,0,0,76,0,0,0,0,23.17617213891312,0.0,0.0,0.0,0,0,0,0,0,0,0,0,0,0,0,0,,,,0,,,,,,,,,,,,,,,,,
2304,Internal,474,1006,78638,54,17.6,8.4,0,6,17,0,1,26,0,0,0,0,38.6269535648552,0.0,0.0,0.0,0,0,0,0,0,0,0,0,0,0,0,0,,,,0,,,,,,,,,,,,,,,,,
2305,Internal,333,726,78638,54,17.6,8.4,0,29,9,10,218,23,0,0,0,0,7.7253907129710395,0.0,0.0,0.0,0,0,0,0,0,0,0,0,0,0,0,0,,,,0,,,,,,,,,,,,,,,,,
2306,Internal,905,2009,55743,54,26.0,12.9,6,570,684,360,619,47,0,0,0,0,0.0,0.0,0.0,0.0,0,0,0,0,0,0,0,0,0,0,0,0,,,,0,,,,,,,,,,,,,,,,,
2307,Internal,84,226,55743,54,26.0,12.9,0,65,53,14,173,13,0,0,0,0,0.0,0.0,0.0,0.0,0,0,0,0,0,0,0,0,0,0,0,0,,,,0,,,,,,,,,,,,,,,,,
2308,Internal,182,505,55743,54,26.0,12.9,4,102,98,6,136,15,0,0,0,0,0.0,0.0,0.0,0.0,0,0,0,0,0,0,0,0,0,0,0,0,,,,0,,,,,,,,,,,,,,,,,
2309,Internal,100,244,55743,54,26.0,12.9,0,0,86,1,1,45,0,0,0,0,0.0,0.0,0.0,0.0,0,0,0,0,1048,0,0,0,0,0,0,0,,,,0,,,,,,,,,,,,,,,,,
2310,Internal,415,1020,55743,54,26.0,12.9,0,265,179,119,202,26,0,0,0,0,0.0,0.0,0.0,0.0,0,0,0,0,0,0,0,0,0,0,0,0,,,,0,,,,,,,,,,,,,,,,,
2311,Internal,82,275,89279,53,24.6,3.8,589,189,55,15,4,53,0,0,0,0,0.0,0.0,0.0,0.0,0,0,0,0,0,0,0,0,0,0,0,0,,,,0,,,,,,,,,,,,,,,,,
2312,Internal,367,700,89279,53,24.6,3.8,123,91,240,10,95,15,0,0,0,0,0.0,0.0,0.0,0.0,0,0,0,0,0,0,0,0,0,0,0,0,,,,0,,,,,,,,,,,,,,,,,
2313,Internal,332,829,89279,53,24.6,3.8,45,389,313,111,50,86,0,0,0,0,0.0,0.0,0.0,0.0,0,0,0,0,0,0,0,0,0,0,0,0,,,,0,,,,,,,,,,,,,,,,,
2314,Internal,398,1222,133203,53,23.6,14.9,23,159,219,99,118,60,0,0,0,0,0.0,0.0,0.0,0.0,0,0,0,0,0,0,0,0,0,0,0,0,,,,0,,,,,,,,,,,,,,,,,
2315,Internal,962,2214,89279,53,24.6,3.8,14,117,213,30,100,70,0,0,0,0,0.0,0.0,0.0,0.0,0,0,0,0,0,0,0,0,0,0,0,0,,,,0,,,,,,,,,,,,,,,,,
2316,Internal,577,1196,89279,53,24.6,3.8,519,188,221,22,787,70,0,0,0,0,38.6269535648552,0.0,0.0,0.0,0,0,0,0,31,0,0,0,0,0,0,0,,,,0,,,,,,,,,,,,,,,,,
2317,Internal,322,715,133203,53,23.6,14.9,2,175,103,50,107,40,0,0,0,0,0.0,0.0,0.0,0.0,0,0,0,0,0,0,0,0,0,0,0,0,,,,0,,,,,,,,,,,,,,,,,
2318,Internal,637,1715,133203,53,23.6,14.9,59,28,214,53,26,36,0,0,0,0,0.0,0.0,0.0,0.0,0,0,0,0,0,0,0,0,0,0,0,0,,,,0,,,,,,,,,,,,,,,,,
2319,Internal,148,392,133203,53,23.6,14.9,0,74,125,18,34,15,0,0,0,0,0.0,0.0,0.0,0.0,0,0,0,0,0,0,0,0,0,0,0,0,,,,0,,,,,,,,,,,,,,,,,
2320,Internal,679,1087,89279,53,24.6,3.8,13,155,424,18,1229,9,0,0,0,0,38.6269535648552,0.0,0.0,0.0,0,0,0,0,0,0,0,0,0,0,0,0,,,,0,,,,,,,,,,,,,,,,,
2321,Internal,352,884,89279,53,24.6,3.8,0,73,60,31,97,43,0,0,0,0,0.0,0.0,0.0,0.0,0,0,0,0,0,0,0,0,0,0,0,0,,,,0,,,,,,,,,,,,,,,,,
2322,Internal,460,985,133203,53,23.6,14.9,0,506,333,120,435,8,0,0,0,0,0.0,0.0,0.0,0.0,0,0,0,0,0,0,0,0,0,0,0,0,,,,0,,,,,,,,,,,,,,,,,
2323,Internal,539,1406,133203,53,23.6,14.9,3,199,301,93,190,40,0,0,0,0,0.0,0.0,0.0,0.0,0,0,0,0,0,0,0,0,0,0,0,0,,,,0,,,,,,,,,,,,,,,,,
2324,Internal,427,935,120372,52,26.6,11.0,0,13,18,0,0,48,0,0,0,0,0.0,0.0,0.0,0.0,0,0,0,0,0,0,0,0,0,0,0,0,,,,0,,,,,,,,,,,,,,,,,
2325,Internal,1409,2951,85625,52,20.1,6.8,667,1679,1244,382,1002,41,0,0,0,0,0.0,0.0,0.0,0.0,0,0,0,0,0,0,0,0,0,0,0,0,,,,0,,,,,,,,,,,,,,,,,
2326,Internal,534,1068,65040,52,19.8,18.0,2,1,109,12,56,26,0,0,0,0,0.0,0.0,0.0,0.0,0,0,0,0,0,0,0,0,0,0,0,0,,,,0,,,,,,,,,,,,,,,,,
2327,Internal,39,127,85625,52,20.1,6.8,0,128,13,0,0,44,0,0,0,0,7.7253907129710395,0.0,0.0,0.0,0,0,0,0,1540,0,0,0,0,0,0,0,,,,0,,,,,,,,,,,,,,,,,
2328,Internal,288,762,120372,52,26.6,11.0,108,114,397,55,200,41,0,0,0,0,7.7253907129710395,0.0,0.0,0.0,0,0,0,0,0,0,0,0,0,0,0,0,,,,0,,,,,,,,,,,,,,,,,
2329,Internal,222,594,120372,52,26.6,11.0,0,37,6,1,1,32,0,0,0,0,0.0,0.0,0.0,0.0,0,0,0,0,0,0,0,0,0,0,0,0,,,,0,,,,,,,,,,,,,,,,,
2330,Internal,442,999,85625,52,20.1,6.8,14,126,176,38,189,26,0,0,0,0,7.7253907129710395,0.0,0.0,0.0,0,0,0,0,919,0,0,0,0,0,0,0,,,,0,,,,,,,,,,,,,,,,,
2331,Internal,153,437,120372,52,26.6,11.0,0,17,5,1,7,51,0,0,0,0,0.0,0.0,0.0,0.0,0,0,0,0,0,0,0,0,0,0,0,0,,,,0,,,,,,,,,,,,,,,,,
2332,Internal,511,1191,85625,52,20.1,6.8,14,8,39,1,10,40,0,0,0,0,0.0,0.0,0.0,0.0,0,0,0,0,0,0,0,0,0,0,0,0,,,,0,,,,,,,,,,,,,,,,,
2333,Internal,219,737,85625,52,20.1,6.8,1,8,39,0,0,54,0,0,0,0,0.0,0.0,0.0,0.0,0,0,0,0,0,0,0,0,0,0,0,0,,,,0,,,,,,,,,,,,,,,,,
2334,Internal,6,38,85625,52,20.1,6.8,0,10,113,50,432,78,0,0,0,0,0.0,0.0,0.0,0.0,0,0,0,0,0,0,0,0,0,0,0,0,,,,0,,,,,,,,,,,,,,,,,
2335,Internal,706,1555,89750,52,19.3,8.4,124,396,521,226,433,24,0,0,0,0,0.0,0.0,0.0,0.0,0,0,0,0,0,0,0,0,0,0,0,0,,,,0,,,,,,,,,,,,,,,,,
2336,Internal,661,1591,89750,52,19.3,8.4,21,111,308,24,184,27,0,0,0,0,0.0,0.0,0.0,0.0,0,0,0,0,0,0,0,0,0,0,0,0,,,,0,,,,,,,,,,,,,,,,,
2337,Internal,234,532,89750,52,19.3,8.4,0,59,37,12,24,24,0,0,0,0,0.0,0.0,0.0,0.0,0,0,0,0,0,0,0,0,0,0,0,0,,,,0,,,,,,,,,,,,,,,,,
2338,Internal,266,708,95726,58,19.8,5.8,0,35,27,0,2,28,0,0,0,0,0.0,0.0,0.0,0.0,0,0,0,0,0,0,0,0,0,0,0,0,,,,0,,,,,,,,,,,,,,,,,
2339,Internal,322,694,65040,52,19.8,18.0,24,77,198,0,0,17,0,0,0,0,0.0,0.0,0.0,0.0,0,0,0,0,0,0,0,0,0,0,0,0,,,,0,,,,,,,,,,,,,,,,,
2340,Internal,84,212,90912,58,32.8,5.9,0,1,58,60,24,39,0,0,0,0,0.0,0.0,0.0,0.0,0,0,0,0,0,0,0,0,0,0,0,0,,,,0,,,,,,,,,,,,,,,,,
2341,Internal,602,1443,95726,58,19.8,5.8,7,162,198,7,3,38,0,0,0,0,46.35234427782624,0.0,0.0,0.0,0,0,0,0,1376,0,0,0,0,0,0,0,,,,0,,,,,,,,,,,,,,,,,
2342,Internal,206,607,90912,58,32.8,5.9,272,3,2,0,4,38,0,0,0,0,0.0,0.0,0.0,0.0,0,0,0,0,0,0,0,0,0,0,0,0,,,,0,,,,,,,,,,,,,,,,,
2343,Internal,325,897,122083,52,22.0,14.0,8,30,21,40,4,72,0,0,0,0,0.0,0.0,0.0,0.0,0,0,0,0,0,0,0,0,0,0,0,0,,,,0,,,,,,,,,,,,,,,,,
2344,Internal,998,2024,71514,56,14.2,7.2,0,21,24,12,0,45,0,0,0,0,46.35234427782624,0.0,0.0,0.0,0,0,0,0,0,0,0,0,0,0,0,0,,,,0,,,,,,,,,,,,,,,,,
2345,Internal,608,1347,110729,51,28.7,7.9,0,80,38,25,65,21,0,0,0,0,0.0,0.0,0.0,0.0,0,0,0,0,0,0,0,0,0,0,0,0,,,,0,,,,,,,,,,,,,,,,,
2346,Internal,141,423,123750,56,22.5,23.8,1,6,400,25,0,22,0,0,0,0,0.0,0.0,0.0,0.0,0,0,0,0,0,0,0,0,0,0,0,0,,,,0,,,,,,,,,,,,,,,,,
2347,Internal,513,1703,110729,51,28.7,7.9,0,10,13,0,0,61,0,0,0,0,0.0,0.0,0.0,0.0,0,0,0,0,0,0,0,0,0,0,0,0,,,,0,,,,,,,,,,,,,,,,,
2348,Internal,628,1951,110729,51,28.7,7.9,0,36,45,0,12,50,0,0,0,0,0.0,0.0,0.0,0.0,0,0,0,0,0,0,0,0,0,0,0,0,,,,0,,,,,,,,,,,,,,,,,
2349,Internal,1648,3954,110729,51,28.7,7.9,275,1217,806,515,426,53,0,0,0,0,0.0,0.0,0.0,0.0,0,0,0,0,0,0,0,0,0,0,0,0,,,,0,,,,,,,,,,,,,,,,,
2350,Internal,378,1049,110729,51,28.7,7.9,0,88,28,31,27,46,0,0,0,0,0.0,0.0,0.0,0.0,0,0,0,0,2895,0,0,0,0,0,0,0,,,,0,,,,,,,,,,,,,,,,,
2351,Internal,810,1757,122083,52,22.0,14.0,4,29,44,5,312,57,0,0,0,0,15.450781425942079,0.0,0.0,0.0,0,0,0,0,0,0,0,0,0,0,0,0,,,,0,,,,,,,,,,,,,,,,,
2352,Internal,1344,2842,63750,56,14.3,7.5,1738,5448,1019,321,261,54,0,0,0,0,0.0,0.0,0.0,0.0,0,0,0,0,0,0,0,0,0,0,0,0,,,,0,,,,,,,,,,,,,,,,,
2353,Internal,4,20,122083,52,22.0,14.0,0,110,0,0,0,48,0,0,0,0,0.0,0.0,0.0,0.0,0,0,0,0,1263,0,0,0,0,0,0,0,,,,0,,,,,,,,,,,,,,,,,
2354,Internal,672,1959,110729,51,28.7,7.9,4,77,155,56,40,35,0,0,0,0,0.0,0.0,0.0,0.0,0,0,0,0,0,0,0,0,0,0,0,0,,,,0,,,,,,,,,,,,,,,,,
2355,Internal,745,1649,110729,51,28.7,7.9,3,227,98,83,273,19,0,0,0,0,0.0,0.0,0.0,0.0,0,0,0,0,11,0,0,0,0,0,0,0,,,,0,,,,,,,,,,,,,,,,,
2356,Internal,229,479,110729,51,28.7,7.9,0,44,81,27,223,15,0,0,0,0,0.0,0.0,0.0,0.0,0,0,0,0,30,0,0,0,0,0,0,0,,,,0,,,,,,,,,,,,,,,,,
2357,Internal,24,49,110729,51,28.7,7.9,0,15,40,19,237,8,0,0,0,0,0.0,0.0,0.0,0.0,0,0,0,0,0,0,0,0,0,0,0,0,,,,0,,,,,,,,,,,,,,,,,
2358,Internal,85,205,63750,56,14.3,7.5,536,279,247,27,23,69,0,0,0,0,0.0,0.0,0.0,0.0,0,0,0,0,0,0,0,0,0,0,0,0,,,,0,,,,,,,,,,,,,,,,,
2359,Internal,137,435,123750,56,22.5,23.8,0,16,47,0,0,28,0,0,0,0,0.0,0.0,0.0,0.0,0,0,0,0,0,0,0,0,0,0,0,0,,,,0,,,,,,,,,,,,,,,,,
2360,Internal,886,2107,63750,56,14.3,7.5,759,1396,563,90,139,42,0,0,0,0,0.0,0.0,0.0,0.0,0,0,0,0,0,0,0,0,0,0,0,0,,,,0,,,,,,,,,,,,,,,,,
2361,Internal,605,1720,110729,51,28.7,7.9,0,17,92,0,0,56,0,0,0,0,7.7253907129710395,0.0,0.0,0.0,0,0,0,0,0,0,0,0,0,0,0,0,,,,0,,,,,,,,,,,,,,,,,
2362,Internal,78,203,110729,51,28.7,7.9,0,211,426,0,3,57,0,0,0,0,0.0,0.0,0.0,0.0,0,0,0,0,0,0,0,0,0,0,0,0,,,,0,,,,,,,,,,,,,,,,,
2363,Internal,171,363,63750,56,14.3,7.5,102,803,147,197,250,59,0,0,0,0,0.0,0.0,0.0,0.0,0,0,0,0,0,0,0,0,0,0,0,0,,,,0,,,,,,,,,,,,,,,,,
2364,Internal,1243,2750,81955,50,24.7,2.5,565,62,178,2,0,44,0,0,0,0,0.0,66.72026648073411,0.0,14.416658727852766,0,0,0,0,2252,0,0,0,0,0,0,0,,,,0,,,,,,,,,,,,,,,,,
2365,Internal,280,981,135500,50,36.1,6.6,2,71,18,0,0,32,0,0,0,0,0.0,0.0,0.0,0.0,0,0,0,0,0,0,0,0,0,0,0,0,,,,0,,,,,,,,,,,,,,,,,
2366,Internal,1321,3437,81955,50,24.7,2.5,12,14,259,4,30,42,0,0,0,0,0.0,40.893066552708,0.0,23.59089610012271,0,0,0,0,0,0,0,0,0,0,0,0,,,,0,,,,,,,,,,,,,,,,,
2367,Internal,1105,3694,135500,50,36.1,6.6,0,9,34,0,0,34,0,0,0,0,0.0,0.0,0.0,5.242421355582824,0,0,0,0,1752,0,0,0,0,0,0,0,,,,0,,,,,,,,,,,,,,,,,
2368,Internal,514,1334,135500,50,36.1,6.6,13,2,15,5,0,42,0,0,0,0,0.0,0.0,0.0,0.0,0,0,0,0,0,0,0,0,0,0,0,0,,,,0,,,,,,,,,,,,,,,,,
2369,Internal,209,543,76956,50,25.0,11.0,757,3324,1255,3475,342,46,0,0,0,0,0.0,0.0,0.0,0.0,0,0,0,0,0,0,0,0,0,0,0,0,,,,0,45000,,,,,,,,,,,,,,,,
2370,Internal,226,527,63750,56,14.3,7.5,392,973,408,75,123,58,0,0,0,0,0.0,0.0,0.0,5.242421355582824,0,0,0,0,0,0,0,0,0,0,0,0,,,,0,,,,,,,,,,,,,,,,,
2371,Internal,487,1108,63750,56,14.3,7.5,488,1666,519,200,239,69,0,0,0,0,0.0,0.0,0.0,0.0,0,0,0,0,0,0,0,0,0,0,0,0,,,,0,,,,,,,,,,,,,,,,,
2372,Internal,454,946,117697,50,30.8,3.7,0,6681,624,28,953,95,0,0,0,0,0.0,0.0,0.0,5.242421355582824,0,0,0,0,0,0,0,0,0,0,0,0,,,,0,,,,,,,,,,,,,,,,,
2373,Internal,986,2439,118281,50,31.3,5.7,2,2042,256,87,125,70,0,0,0,0,0.0,0.0,0.0,9.174237372269943,0,0,0,0,2352,0,0,0,0,0,0,0,,,,0,,,,,,,,,,,,,,,,,
2374,Internal,34,92,63750,56,14.3,7.5,808,859,246,291,306,49,0,0,0,0,0.0,0.0,0.0,0.0,0,0,0,0,0,0,0,0,0,0,0,0,,,,0,,,,,,,,,,,,,,,,,
2375,Internal,58,161,63750,56,14.3,7.5,320,4319,279,8,44,45,0,0,0,0,0.0,0.0,0.0,0.0,0,0,0,0,0,0,0,0,0,0,0,0,,,,0,,,,,,,,,,,,,,,,,
2376,Internal,284,604,63750,56,14.3,7.5,5,2755,143,90,83,94,0,0,0,0,0.0,0.0,0.0,0.0,0,0,0,0,0,0,2263,0,0,0,0,0,,,,0,,,,,,,,,,,,,,,,,
2377,Internal,3842,10772,117697,50,30.8,3.7,21,1823,1556,139,381,41,0,0,0,0,0.0,0.0,0.0,18.348474744539885,0,0,0,0,3609,0,0,0,0,0,0,0,,,,0,,,,,,,,,,,,,,,,,
2378,Internal,302,605,63750,56,14.3,7.5,0,60,500,263,244,0,0,0,0,0,0.0,0.0,0.0,0.0,0,0,0,0,0,0,0,0,0,0,0,0,,,,0,,,,,,,,,,,,,,,,,
2379,Internal,1696,4319,118281,50,31.3,5.7,78,908,655,334,570,64,0,0,0,0,0.0,0.0,0.0,14.416658727852766,0,0,0,0,76,0,0,0,0,0,0,0,,,,0,,,,,,,,,,,,,,,,,
2380,Internal,531,1036,63750,56,14.3,7.5,0,8766,164,33,174,70,0,0,0,0,0.0,0.0,0.0,0.0,0,0,0,0,0,0,0,0,0,0,0,0,,,,0,,,,,,,,,,,,,,,,,
2381,Internal,1001,2580,110347,46,28.3,15.2,3,67,94,62,19,42,0,0,0,0,0.0,0.0,0.0,0.0,0,0,0,0,0,0,0,0,0,0,0,0,,,,0,,,,,,,,,,,,,,,,,
2382,Internal,884,2605,156806,53,28.4,12.4,14,153,42,0,0,71,0,0,0,0,0.0,0.0,0.0,0.0,0,0,0,0,1300,0,0,0,0,0,0,0,,,,0,,,,,,,,,,,,,,,,,
2383,Internal,337,1060,110347,46,28.3,15.2,6,116,110,0,3,48,0,0,0,0,0.0,0.0,0.0,0.0,0,0,0,0,1496,0,0,0,0,0,0,0,,,,0,,,,,,,,,,,,,,,,,
2384,Internal,1661,4429,137214,50,36.7,5.2,4,3,55,50,49,34,0,0,0,0,0.0,0.0,0.0,0.0,0,0,0,0,0,0,0,0,0,0,0,0,,,,0,,,,,,,,,,,,,,,,,
2385,Internal,343,705,110347,46,28.3,15.2,92,71,179,60,0,42,0,0,0,0,0.0,0.0,0.0,0.0,0,0,0,0,4926,0,0,0,0,0,0,0,,,,0,,,,,,,,,,,,,,,,,
2386,Internal,658,2032,187917,53,26.7,9.3,6,162,298,5,484,23,0,0,0,0,0.0,0.0,0.0,0.0,0,0,0,0,0,0,0,0,0,0,0,0,,,,0,,,,,,,,,,,,,,,,,
2387,Internal,465,1333,110347,46,28.3,15.2,84,78,299,27,82,26,0,0,0,0,0.0,0.0,0.0,0.0,0,0,0,0,0,0,0,0,0,0,0,0,,,,0,,,,,,,,,,,,,,,,,
2388,Internal,548,1368,110347,46,28.3,15.2,11,250,402,3,16,39,0,0,0,0,0.0,0.0,0.0,0.0,0,0,0,0,0,0,0,0,0,0,0,0,,,,0,,,,,,,,,,,,,,,,,
2389,Internal,1433,3636,117697,50,30.8,3.7,1,1090,656,252,236,31,0,0,0,0,0.0,0.0,0.0,0.0,0,0,0,0,0,0,0,0,0,0,0,0,,,,0,,,,,,,,,,,,,,,,,
2390,Internal,111,437,117697,50,30.8,3.7,2,14,13,7,44,87,0,0,0,0,0.0,0.0,0.0,0.0,0,0,0,0,0,0,0,0,0,0,0,0,,,,0,,,,,,,,,,,,,,,,,
2391,Internal,89,245,117697,50,30.8,3.7,92,6103,703,12,63,60,0,0,0,0,0.0,0.0,0.0,0.0,0,0,0,0,0,0,0,0,0,0,0,0,,,,0,,,,,,,,,,,,,,,,,
2392,Internal,554,1423,118281,50,31.3,5.7,15,1644,670,38,6,67,0,0,0,0,0.0,0.0,0.0,0.0,0,0,0,0,0,0,0,0,0,0,0,0,,,,0,,,,,,,,,,,,,,,,,
2393,Internal,1065,3459,118281,50,31.3,5.7,6,243,115,11,10,64,0,0,0,0,0.0,0.0,0.0,23.59089610012271,0,0,0,0,0,0,0,0,0,0,0,0,,,,0,,,,,,,,,,,,,,,,,
2394,Internal,24,67,76956,50,25.0,11.0,245,29,78,18,0,26,0,0,0,0,0.0,0.0,0.0,0.0,0,0,0,0,0,0,0,0,0,0,0,0,,,,0,,,,,,,,,,,,,,,,,
2395,Internal,227,556,63750,56,14.3,7.5,382,603,251,190,108,50,0,0,0,0,0.0,0.0,0.0,0.0,0,0,0,0,0,0,0,0,0,0,0,0,,,,0,,,,,,,,,,,,,,,,,
2396,Internal,215,526,63750,56,14.3,7.5,37,1774,649,112,211,48,0,0,0,0,0.0,0.0,0.0,0.0,0,0,0,0,0,0,0,0,0,0,0,0,,,,0,,,,,,,,,,,,,,,,,
2397,Internal,230,502,63750,56,14.3,7.5,0,2378,159,76,81,84,0,0,0,0,0.0,0.0,0.0,0.0,0,0,0,0,1878,0,0,0,0,0,0,0,,,,0,,,,,,,,,,,,,,,,,
2398,Internal,6,19,63750,56,14.3,7.5,166,1123,97,4,106,87,0,0,0,0,0.0,0.0,0.0,0.0,0,0,0,0,0,0,0,0,0,0,0,0,,,,0,,,,,,,,,,,,,,,,,
2399,Internal,0,0,63750,56,14.3,7.5,0,0,0,0,0,64,0,0,0,0,0.0,0.0,0.0,0.0,0,0,0,0,0,0,0,0,0,0,0,0,,,,0,,,,,,,,,,,,,,,,,
2400,Internal,900,2191,82924,66,20.0,10.2,9,22,51,5,17,57,0,0,0,0,0.0,0.0,0.0,9.174237372269943,0,0,0,0,0,0,0,0,0,0,0,0,,,,0,,,,,,,,,,,,,,,,,
2401,Internal,1086,1868,82924,66,20.0,10.2,6,130,255,8,188,14,0,0,0,0,0.0,0.0,0.0,14.416658727852766,0,0,0,0,18,0,0,0,0,0,0,0,,,,0,,,,,,,,,,,,,,,,,
2402,Internal,1025,2820,82924,66,20.0,10.2,70,83,853,1,31,67,0,0,0,0,0.0,0.0,0.0,0.0,0,0,0,0,0,0,0,0,0,0,0,0,,,,0,,,,,,,,,,,,,,,,,
2403,Internal,76,193,76956,50,25.0,11.0,300,251,171,12,56,55,0,0,0,0,0.0,0.0,0.0,0.0,0,0,0,0,0,0,0,0,0,0,0,0,,,,0,,,,,,,,,,,,,,,,,
2404,Internal,422,836,84878,66,8.5,2.5,10,1456,1293,210,1651,52,0,0,0,0,0.0,0.0,0.0,0.0,0,0,0,0,0,0,0,0,0,0,0,0,,,,0,,,,,,,,,,,,,,,,,
2405,Internal,2721,5116,84878,66,8.5,2.5,829,132,1020,104,265,39,0,0,0,0,0.0,0.0,0.0,70.77268830036812,0,0,0,0,2315,0,0,0,0,0,0,0,,,,0,,,,,,,,,,,,,,,,,
2406,Internal,821,1641,82924,66,20.0,10.2,24,32,263,2,58,47,0,0,0,0,0.0,0.0,0.0,18.348474744539885,0,0,0,0,0,0,0,0,0,0,0,0,,,,0,,,,,,,,,,,,,,,,,
2407,Internal,1,4,84878,66,8.5,2.5,2163,363,446,0,196,59,0,0,0,0,0.0,0.0,0.0,0.0,0,0,0,0,0,0,0,0,0,0,0,0,,,,0,,,,,,,,,,,,,,,,,
2408,Internal,1083,2696,82924,66,20.0,10.2,0,50,1100,57,69,5,0,0,0,0,0.0,0.0,0.0,5.242421355582824,0,0,0,0,0,0,0,0,0,0,0,0,,,,0,,,,,,,,,,,,,,,,,
2409,Internal,1454,4201,115588,51,30.0,8.4,716,259,501,33,85,57,0,0,0,0,0.0,0.0,0.0,14.416658727852766,0,0,0,0,3102,0,0,0,0,0,0,0,,,,0,,,,,,,,,,,,,,,,,
2410,Internal,3495,7525,73422,63,18.7,6.5,517,1134,2992,517,1683,30,0,0,0,0,0.0,0.0,0.0,70.77268830036812,0,0,0,0,0,0,0,0,0,0,0,0,,,,0,,,,,,,,,,,,,,,,,
2411,Internal,38,74,147917,49,26.9,16.5,32,0,11,0,11,64,0,0,0,0,0.0,0.0,0.0,0.0,0,0,0,0,0,0,0,0,0,0,0,0,,,,0,,,,,,,,,,,,,,,,,
2412,Internal,298,870,147917,49,26.9,16.5,13,16,94,24,309,17,0,0,0,0,0.0,0.0,0.0,0.0,0,0,0,0,0,0,0,0,0,0,0,0,,,,0,,,,,,,,,,,,,,,,,
2413,Internal,154,445,147917,49,26.9,16.5,167,67,5,2,0,32,0,0,0,0,0.0,0.0,0.0,0.0,0,0,0,0,697,0,0,0,0,0,0,0,,,,0,,,,,,,,,,,,,,,,,
2414,Internal,295,768,147917,49,26.9,16.5,22,27,132,0,10,38,0,0,0,0,0.0,0.0,0.0,0.0,0,0,0,0,850,0,0,0,0,0,0,0,,,,0,,,,,,,,,,,,,,,,,
2415,Internal,790,1822,37728,47,37.8,3.7,36,675,570,160,364,49,0,0,0,0,15.450781425942079,0.0,0.0,0.0,0,0,0,0,1108,0,0,0,0,0,0,0,,,,0,,,,,,,,,,,,,,,,,
2416,Internal,398,1142,157969,49,21.3,20.6,21,170,32,0,18,53,0,0,0,0,0.0,0.0,0.0,0.0,0,0,0,0,0,0,0,0,0,0,0,0,,,,0,,,,,,,,,,,,,,,,,
2417,Internal,360,973,126923,49,23.4,9.4,31,110,41,52,11,51,0,0,0,0,0.0,0.0,0.0,0.0,0,0,0,0,0,0,0,0,0,0,0,0,,,,0,,,,,,,,,,,,,,,,,
2418,Internal,87,245,147917,49,26.9,16.5,48,7,4,0,0,24,0,0,0,0,0.0,0.0,0.0,0.0,0,0,0,0,2219,0,0,0,0,0,0,0,,,,0,,,,,,,,,,,,,,,,,
2419,Internal,480,1417,146458,49,19.9,18.7,6,38,85,26,15,47,0,0,0,0,0.0,0.0,0.0,0.0,0,0,0,0,0,0,0,0,0,0,0,0,,,,0,,,,,,,,,,,,,,,,,
2420,Internal,724,2218,156111,49,32.2,9.4,80,50,83,3,20,48,0,0,0,0,0.0,0.0,0.0,5.242421355582824,0,0,0,0,0,0,0,0,0,0,0,0,,,,0,,,,,,,,,,,,,,,,,
2421,Internal,391,1279,111726,54,27.5,8.3,1,1,56,5,1,35,0,0,0,0,0.0,0.0,0.0,0.0,0,0,0,0,0,0,0,0,0,0,0,0,,,,0,,,,,,,,,,,,,,,,,
2422,Internal,452,1208,111726,54,27.5,8.3,5,4,19,0,0,21,0,0,0,0,0.0,0.0,0.0,0.0,0,0,0,0,0,0,0,0,0,0,0,0,,,,0,,,,,,,,,,,,,,,,,
2423,Internal,479,1360,128077,54,27.4,3.9,10,4,21,1,3,42,0,0,0,0,0.0,0.0,0.0,9.174237372269943,0,0,0,0,0,0,0,0,0,0,0,0,,,,0,,,,,,,,,,,,,,,,,
2424,Internal,191,519,128077,54,27.4,3.9,0,6,10,0,0,42,0,0,0,0,0.0,0.0,0.0,0.0,0,0,0,0,0,0,0,0,0,0,0,0,,,,0,,,,,,,,,,,,,,,,,
2425,Internal,173,530,146458,49,19.9,18.7,1,9,65,12,4,8,0,0,0,0,0.0,0.0,0.0,0.0,0,0,0,0,0,0,0,0,0,0,0,0,,,,0,,,,,,,,,,,,,,,,,
2426,Internal,829,1695,61490,48,12.3,26.7,586,1094,1075,98,150,83,0,0,0,0,7.7253907129710395,0.0,0.0,0.0,0,0,0,0,0,0,0,0,0,0,0,0,,,,0,,,,,,,,,,,,,,,,,
2427,Internal,1000,1864,69509,49,19.5,31.7,88,92,984,77,576,26,0,0,0,0,30.901562851884158,0.0,0.0,0.0,0,0,0,0,0,0,0,0,0,0,0,0,,,,0,,,,,,,,,,,,,,,,,
2428,Internal,535,1282,95417,49,8.7,50.5,33,206,320,46,119,45,0,0,0,0,0.0,0.0,0.0,0.0,0,0,0,0,0,0,0,0,0,0,0,0,,,,0,,,,,,,,,,,,,,,,,
2429,Internal,771,1635,56125,49,10.2,33.1,5,30,184,33,21,26,0,0,0,0,7.7253907129710395,0.0,0.0,0.0,0,0,0,0,0,0,0,0,0,0,0,0,,,,0,,,,,,,,,,,,,,,,,
2430,Internal,511,1137,74125,48,18.0,30.9,37,124,315,65,64,45,0,0,0,0,7.7253907129710395,0.0,0.0,0.0,0,0,0,0,879,0,0,0,0,0,0,0,,,,0,,,,,,,,,,,,,,,,,
2431,Internal,402,806,86071,49,11.6,4.7,0,2,52,7,160,14,0,0,0,0,7.7253907129710395,0.0,0.0,0.0,0,0,0,0,0,0,0,0,0,0,0,0,,,,0,,,,,,,,,,,,,,,,,
2432,Internal,37,107,74125,48,18.0,30.9,7,49,195,0,687,18,0,0,0,0,0.0,0.0,0.0,0.0,0,0,0,0,362,0,0,0,0,0,0,0,,,,0,,,,,,,,,,,,,,,,,
2433,Internal,434,703,74125,48,18.0,30.9,12,13,66,0,27,14,0,0,0,0,0.0,0.0,0.0,0.0,0,0,0,0,0,0,0,0,0,0,0,0,,,,0,,,,,,,,,,,,,,,,,
2434,Internal,1053,1860,56473,53,15.4,5.0,1,13,279,1,8,91,0,0,0,0,23.17617213891312,0.0,0.0,0.0,0,0,0,0,0,0,0,0,0,0,0,0,,,,0,,,,,,,,,,,,,,,,,
2435,Internal,290,646,56473,53,15.4,5.0,13,27,164,84,238,15,0,0,0,0,15.450781425942079,0.0,0.0,0.0,0,0,0,0,0,0,0,0,0,0,0,0,,,,0,,,,,,,,,,,,,,,,,
2436,Internal,417,912,79704,53,23.4,16.7,0,13,6,0,4,64,0,0,0,0,0.0,0.0,0.0,0.0,0,0,0,0,0,0,0,0,0,0,0,0,,,,0,,,,,,,,,,,,,,,,,
2437,Internal,162,382,79704,53,23.4,16.7,1,8,4,0,0,51,0,0,0,0,0.0,0.0,0.0,0.0,0,0,0,0,0,0,0,0,0,0,0,0,,,,0,,,,,,,,,,,,,,,,,
2438,Internal,528,1162,79704,53,23.4,16.7,3,22,27,1,5,52,0,0,0,0,0.0,0.0,0.0,0.0,0,0,0,0,0,0,0,0,0,0,0,0,,,,0,,,,,,,,,,,,,,,,,
2439,Internal,564,1337,110528,53,17.9,37.3,4,11,51,6,3,43,0,0,0,0,0.0,0.0,0.0,0.0,0,0,0,0,0,0,0,0,0,0,0,0,,,,0,,,,,,,,,,,,,,,,,
2440,Internal,300,569,110528,53,17.9,37.3,0,77,26,0,1,40,0,0,0,0,0.0,0.0,0.0,0.0,0,0,0,0,420,0,0,0,0,0,0,0,,,,0,,,,,,,,,,,,,,,,,
2441,Internal,374,807,110528,53,17.9,37.3,14,56,116,21,11,20,0,0,0,0,0.0,0.0,0.0,0.0,0,0,0,0,0,0,0,0,0,0,0,0,,,,0,,,,,,,,,,,,,,,,,
2442,Internal,14,41,76956,25,25.0,11.0,0,0,0,0,0,40,0,0,0,0,0.0,0.0,0.0,0.0,0,0,0,0,0,0,0,0,0,0,0,0,,,,0,,,,,,,,,,,,,,,,,
2443,Internal,236,566,64052,70,15.2,2.5,18,24,26,2,0,58,0,0,0,0,0.0,0.0,0.0,0.0,0,0,0,0,0,0,0,0,0,0,0,0,,,,0,,,,,,,,,,,,,,,,,
2444,Internal,840,1930,76961,70,15.6,12.0,74,65,406,6,45,52,0,0,0,0,54.07773499079728,0.0,0.0,0.0,0,0,0,0,0,0,0,0,0,0,0,0,,,,0,,,,,,,,,,,,,,,,,
2445,Internal,344,779,76961,70,15.6,12.0,623,466,394,5,36,56,0,0,0,0,23.17617213891312,0.0,0.0,0.0,0,0,0,0,0,0,0,0,0,0,0,0,,,,0,,,,,,,,,,,,,,,,,
2446,Internal,9,26,76956,25,25.0,11.0,0,1,19,8,0,40,0,0,0,0,0.0,0.0,0.0,0.0,0,0,0,0,0,0,0,0,0,0,0,0,,,,0,,,,,,,,,,,,,,,,,
2447,Internal,1,4,76956,50,25.0,11.0,0,1,10,1,0,47,0,0,0,0,0.0,0.0,0.0,0.0,0,0,0,0,0,0,0,0,0,0,0,0,,,,0,,,,,,,,,,,,,,,,,
2448,Internal,640,1495,76961,70,15.6,12.0,117,55,174,2,49,49,0,0,0,0,0.0,0.0,0.0,0.0,0,0,0,0,0,0,0,0,0,0,0,0,,,,0,,,,,,,,,,,,,,,,,
2449,Internal,1085,2108,60926,70,7.7,2.5,17,249,332,48,69,33,0,0,0,0,46.35234427782624,0.0,0.0,0.0,0,0,0,0,0,0,0,0,0,0,0,0,,,,0,,,,,,,,,,,,,,,,,
2450,Internal,733,1139,60926,70,7.7,2.5,0,59,39,6,0,49,0,0,0,0,154.5078142594208,0.0,0.0,0.0,0,0,0,0,0,0,0,0,0,0,0,0,,,,0,,,,,,,,,,,,,,,,,
2451,Internal,756,1484,64052,70,15.2,2.5,13,57,348,4,45,34,0,0,0,0,30.901562851884158,0.0,0.0,0.0,0,0,0,0,0,0,0,0,0,0,0,0,,,,0,,,,,,,,,,,,,,,,,
2452,Internal,1442,3245,78580,56,25.6,5.5,3,107,65,14,11,46,0,0,0,0,15.450781425942079,0.0,0.0,0.0,0,0,0,0,1304,0,0,0,0,0,0,0,,,,0,,,,,,,,,,,,,,,,,
2453,Internal,759,2117,90075,49,29.2,7.5,56,5,28,3,0,42,0,0,0,0,0.0,0.0,0.0,0.0,0,0,0,0,0,0,0,0,0,0,0,0,,,,0,,,,,,,,,,,,,,,,,
2454,Internal,1108,2364,77121,56,19.8,11.4,37,163,307,73,35,49,0,0,0,0,100.43007926862353,0.0,0.0,0.0,0,0,0,0,0,0,0,0,0,0,0,0,,,,0,,,,,,,,,,,,,,,,,
2455,Internal,1134,2721,105107,52,27.6,6.4,47,1,63,9,3,36,0,0,0,0,15.450781425942079,0.0,0.0,0.0,0,0,0,0,0,0,0,0,0,0,0,0,,,,0,,,,,,,,,,,,,,,,,
2456,Internal,672,1771,105107,52,27.6,6.4,4,1,41,1,2,30,0,0,0,0,0.0,0.0,0.0,0.0,0,0,0,0,0,0,0,0,0,0,0,0,,,,0,,,,,,,,,,,,,,,,,
2457,Internal,264,771,77121,56,19.8,11.4,1,12,107,34,148,19,0,0,0,0,0.0,0.0,0.0,0.0,0,0,0,0,0,0,0,0,0,0,0,0,,,,0,,,,,,,,,,,,,,,,,
2458,Internal,859,2058,105107,52,27.6,6.4,0,7,331,11,99,40,0,0,0,0,0.0,0.0,0.0,0.0,0,0,0,0,0,0,0,0,0,0,0,0,,,,0,,,,,,,,,,,,,,,,,
2459,Internal,36,124,77121,56,19.8,11.4,0,408,1,0,0,49,0,0,0,0,0.0,0.0,0.0,0.0,0,0,0,0,7142,0,0,0,0,0,0,0,,,,0,,,,,,,,,,,,,,,,,
2460,Internal,729,1415,46364,57,20.0,6.4,13,460,430,54,611,19,0,0,0,0,77.2539071297104,0.0,0.0,0.0,0,0,0,0,0,0,0,0,0,0,0,0,,,,0,,,,,,,,,,,,,,,,,
2461,Internal,746,1704,75469,57,29.4,9.7,8,386,312,46,128,31,0,0,0,0,0.0,0.0,0.0,0.0,0,0,0,0,0,0,0,0,0,0,0,0,,,,0,,,,,,,,,,,,,,,,,
2462,Internal,82,188,75469,57,29.4,9.7,3,181,205,5,535,22,0,0,0,0,0.0,0.0,0.0,0.0,0,0,0,0,0,0,0,0,0,0,0,0,,,,0,,,,,,,,,,,,,,,,,
2463,Internal,624,1509,46364,57,20.0,6.4,10,22,9,1,0,23,0,0,0,0,7.7253907129710395,0.0,0.0,0.0,0,0,0,0,0,0,0,0,0,0,0,0,,,,0,,,,,,,,,,,,,,,,,
2464,Internal,1079,2196,69255,57,18.8,10.4,4,11,59,0,4,64,0,0,0,0,38.6269535648552,0.0,0.0,0.0,0,0,0,0,0,0,0,0,0,0,0,0,,,,0,,,,,,,,,,,,,,,,,
2465,Internal,444,1302,139338,57,16.5,18.5,9,11,8,123,5,60,0,0,0,0,0.0,0.0,0.0,0.0,0,0,0,0,0,0,0,0,0,0,0,0,,,,0,,,,,,,,,,,,,,,,,
2466,Internal,182,504,139338,57,16.5,18.5,0,2,6,5,0,60,0,0,0,0,0.0,0.0,0.0,0.0,0,0,0,0,0,0,0,0,0,0,0,0,,,,0,,,,,,,,,,,,,,,,,
2467,Internal,433,1261,123625,57,27.5,12.5,6,23,13,0,29,57,0,0,0,0,0.0,0.0,0.0,0.0,0,0,0,0,0,0,0,0,0,0,0,0,,,,0,,,,,,,,,,,,,,,,,
2468,Internal,450,1125,123625,57,27.5,12.5,13,13,19,2,43,58,0,0,0,0,0.0,0.0,0.0,0.0,0,0,0,0,0,0,0,0,0,0,0,0,,,,0,,,,,,,,,,,,,,,,,
2469,Internal,284,802,111806,50,23.1,21.4,0,4,85,85,45,31,0,0,0,0,15.450781425942079,0.0,0.0,0.0,0,0,0,0,0,0,0,0,0,0,0,0,,,,0,,,,,,,,,,,,,,,,,
2470,Internal,982,2486,111806,50,23.1,21.4,11,40,82,3,55,32,0,0,0,0,0.0,0.0,0.0,0.0,0,0,0,0,0,0,0,0,0,0,0,0,,,,0,,,,,,,,,,,,,,,,,
2471,Internal,215,488,111806,50,23.1,21.4,15,158,346,37,606,11,0,0,0,0,15.450781425942079,0.0,0.0,0.0,0,0,0,0,0,0,0,0,0,0,0,0,,,,0,,,,,,,,,,,,,,,,,
2472,Internal,951,1648,45583,64,19.7,6.2,0,16,82,0,6,38,0,0,0,0,123.60625140753663,0.0,0.0,0.0,0,0,0,0,0,0,0,0,0,0,0,0,,,,0,,,,,,,,,,,,,,,,,
2473,Internal,474,954,48005,64,18.2,3.2,1,15,47,0,1,38,0,0,0,0,69.52851641673936,0.0,0.0,0.0,0,0,0,0,0,0,0,0,0,0,0,0,,,,0,,,,,,,,,,,,,,,,,
2474,Internal,379,683,48005,64,18.2,3.2,14,5,57,5,2,38,0,0,0,0,84.97929784268145,0.0,0.0,0.0,0,0,0,0,0,0,0,0,0,0,0,0,,,,0,,,,,,,,,,,,,,,,,
2475,Internal,379,740,45583,64,19.7,6.2,0,12,25,0,0,38,0,0,0,0,23.17617213891312,0.0,0.0,0.0,0,0,0,0,0,0,0,0,0,0,0,0,,,,0,,,,,,,,,,,,,,,,,
2476,Internal,143,283,45583,64,19.7,6.2,0,0,1,0,0,38,0,0,0,0,0.0,0.0,0.0,0.0,0,0,0,0,0,0,0,0,0,0,0,0,,,,0,,,,,,,,,,,,,,,,,
2477,Internal,731,1575,77054,56,6.6,17.9,48,34,316,5,61,39,0,0,0,0,15.450781425942079,0.0,0.0,0.0,0,0,0,0,0,0,0,0,0,0,0,0,,,,0,,,,,,,,,,,,,,,,,
2478,Internal,808,2039,115564,56,23.7,19.3,13,11,80,14,5,27,0,0,0,0,0.0,0.0,0.0,0.0,0,0,0,0,0,0,0,0,0,0,0,0,,,,0,,,,,,,,,,,,,,,,,
2479,Internal,790,1905,77391,56,17.2,19.8,3,21,140,5,36,36,0,0,0,0,61.803125703768316,0.0,0.0,0.0,0,0,0,0,5,0,0,0,0,0,0,0,,,,0,,,,,,,,,,,,,,,,,
2480,Internal,480,1041,77391,56,17.2,19.8,0,11,19,1,20,27,0,0,0,0,0.0,0.0,0.0,0.0,0,0,0,0,0,0,0,0,0,0,0,0,,,,0,,,,,,,,,,,,,,,,,
2481,Internal,4,11,77391,56,17.2,19.8,31,79,16,17,0,41,0,0,0,0,0.0,0.0,0.0,0.0,0,0,0,0,962,0,0,0,0,0,0,0,,,,0,,,,,,,,,,,,,,,,,
2482,Internal,874,1997,69464,53,24.1,16.7,14,32,257,5,37,65,0,0,0,0,7.7253907129710395,0.0,0.0,0.0,0,0,0,0,0,0,0,0,0,0,0,0,,,,0,,,,,,,,,,,,,,,,,
2483,Internal,526,1409,130875,53,23.0,18.0,139,145,205,9,16,35,0,0,0,0,0.0,0.0,0.0,0.0,0,0,0,0,0,0,0,0,0,0,0,0,,,,0,,,,,,,,,,,,,,,,,
2484,Internal,439,1046,130875,53,23.0,18.0,40,104,83,9,173,26,0,0,0,0,0.0,0.0,0.0,0.0,0,0,0,0,889,0,0,0,0,0,0,0,,,,0,,,,,,,,,,,,,,,,,
2485,Internal,924,1775,54188,56,8.7,12.0,6,18,65,7,33,28,0,0,0,0,15.450781425942079,0.0,0.0,0.0,0,0,0,0,0,0,0,0,0,0,0,0,,,,0,,,,,,,,,,,,,,,,,
2486,Internal,488,1118,51064,56,30.8,12.8,82,2771,925,91,28,47,0,0,0,0,15.450781425942079,0.0,0.0,0.0,0,0,0,0,3188,0,0,0,0,0,0,0,,,,0,,,,,,,,,,,,,,,,,
2487,Internal,321,913,51064,56,30.8,12.8,12,91,244,11,36,47,0,0,0,0,0.0,0.0,0.0,0.0,0,0,0,0,976,0,0,0,0,0,0,0,,,,0,,,,,,,,,,,,,,,,,
2488,Internal,230,492,57839,56,10.8,21.3,0,5,6,0,0,45,0,0,0,0,0.0,0.0,0.0,0.0,0,0,0,0,0,0,0,0,0,0,0,0,,,,0,,,,,,,,,,,,,,,,,
2489,Internal,478,840,57839,56,10.8,21.3,7,3,19,0,0,45,0,0,0,0,15.450781425942079,0.0,0.0,0.0,0,0,0,0,0,0,0,0,0,0,0,0,,,,0,,,,,,,,,,,,,,,,,
2490,Internal,160,497,179688,41,27.8,10.9,57,40,42,3,6,51,0,0,0,0,0.0,0.0,0.0,0.0,0,0,0,0,0,0,0,0,0,0,0,0,,,,0,,,,,,,,,,,,,,,,,
2491,Internal,506,1437,115208,44,20.1,23.2,46,125,61,9,37,49,0,0,0,0,0.0,0.0,0.0,0.0,0,0,0,0,1332,0,0,0,0,0,0,0,,,,0,,,,,,,,,,,,,,,,,
2492,Internal,239,593,115208,44,20.1,23.2,31,9,37,0,17,32,0,0,0,0,0.0,0.0,0.0,0.0,0,0,0,0,0,0,0,0,0,0,0,0,,,,0,,,,,,,,,,,,,,,,,
2493,Internal,286,774,179688,41,27.8,10.9,5,45,30,0,6,24,0,0,0,0,0.0,0.0,0.0,0.0,0,0,0,0,0,0,0,0,0,0,0,0,,,,0,,,,,,,,,,,,,,,,,
2494,Internal,266,736,140938,41,14.7,29.4,7,24,33,0,22,77,0,0,0,0,0.0,0.0,0.0,0.0,0,0,0,0,0,0,0,0,0,0,0,0,,,,0,,,,,,,,,,,,,,,,,
2495,Internal,547,1644,137500,48,29.6,11.1,25,45,49,30,28,78,0,0,0,0,0.0,0.0,0.0,0.0,0,0,0,0,0,0,0,0,0,0,0,0,,,,0,,,,,,,,,,,,,,,,,
2496,Internal,272,776,137500,48,29.6,11.1,8,47,55,9,0,49,0,0,0,0,0.0,0.0,0.0,0.0,0,0,0,0,0,0,0,0,0,0,0,0,,,,0,,,,,,,,,,,,,,,,,
2497,Internal,154,496,137500,48,29.6,11.1,12,55,31,0,2,53,0,0,0,0,0.0,0.0,0.0,0.0,0,0,0,0,0,0,0,0,0,0,0,0,,,,0,,,,,,,,,,,,,,,,,
2498,Internal,225,608,146842,45,27.7,11.5,36,24,16,0,2,46,0,0,0,0,0.0,0.0,0.0,0.0,0,0,0,0,0,0,0,0,0,0,0,0,,,,0,,,,,,,,,,,,,,,,,
2499,Internal,449,1380,146842,45,27.7,11.5,33,34,65,5,26,43,0,0,0,0,0.0,0.0,0.0,0.0,0,0,0,0,0,0,0,0,0,0,0,0,,,,0,,,,,,,,,,,,,,,,,
2500,Internal,145,411,171979,45,28.9,14.8,0,2,65,0,47,20,0,0,0,0,0.0,0.0,0.0,0.0,0,0,0,0,0,0,0,0,0,0,0,0,,,,0,,,,,,,,,,,,,,,,,
2501,Internal,276,818,171979,45,28.9,14.8,87,12,18,0,14,77,0,0,0,0,0.0,0.0,0.0,0.0,0,0,0,0,0,0,0,0,0,0,0,0,,,,0,,,,,,,,,,,,,,,,,
2502,Internal,17,67,137500,48,29.6,11.1,0,167,2,16,0,47,0,0,0,0,0.0,0.0,0.0,0.0,0,0,0,0,1168,0,0,0,0,0,0,0,,,,0,,,,,,,,,,,,,,,,,
2503,Internal,162,445,146842,45,27.7,11.5,7,9,20,0,8,58,0,0,0,0,0.0,0.0,0.0,0.0,0,0,0,0,0,0,0,0,0,0,0,0,,,,0,,,,,,,,,,,,,,,,,
2504,Internal,73,219,171979,45,28.9,14.8,5,3,2,0,4,52,0,0,0,0,0.0,0.0,0.0,0.0,0,0,0,0,0,0,0,0,0,0,0,0,,,,0,,,,,,,,,,,,,,,,,
2505,Internal,128,415,115208,44,20.1,23.2,8,0,10,0,0,65,0,0,0,0,0.0,0.0,0.0,0.0,0,0,0,0,0,0,0,0,0,0,0,0,,,,0,,,,,,,,,,,,,,,,,
2506,Internal,137,363,137500,48,29.6,11.1,2,25,44,3,114,14,0,0,0,0,0.0,0.0,0.0,0.0,0,0,0,0,0,0,0,0,0,0,0,0,,,,0,,,,,,,,,,,,,,,,,
2507,Internal,149,462,130104,47,25.0,18.3,0,18,28,6,2,25,0,0,0,0,0.0,0.0,0.0,0.0,0,0,0,0,0,0,0,0,0,0,0,0,,,,0,,,,,,,,,,,,,,,,,
2508,Internal,120,364,130104,47,25.0,18.3,3,9,19,0,3,25,0,0,0,0,0.0,0.0,0.0,0.0,0,0,0,0,0,0,0,0,0,0,0,0,,,,0,,,,,,,,,,,,,,,,,
2509,Internal,276,788,130104,47,25.0,18.3,7,82,13,0,64,21,0,0,0,0,0.0,0.0,0.0,0.0,0,0,0,0,0,0,0,0,0,0,0,0,,,,0,,,,,,,,,,,,,,,,,
2510,Internal,242,621,130104,47,25.0,18.3,20,120,126,29,18,25,0,0,0,0,0.0,0.0,0.0,0.0,0,0,0,0,0,0,0,0,0,0,0,0,,,,0,,,,,,,,,,,,,,,,,
2511,Internal,480,1321,163688,48,26.2,16.8,21,93,188,4,32,42,0,0,0,0,0.0,0.0,0.0,0.0,0,0,0,0,0,0,0,0,0,0,0,0,,,,0,,,,,,,,,,,,,,,,,
2512,Internal,354,1005,163688,48,26.2,16.8,62,34,18,10,8,25,0,0,0,0,0.0,0.0,0.0,0.0,0,0,0,0,0,0,0,0,0,0,0,0,,,,0,,,,,,,,,,,,,,,,,
2513,Internal,51,139,99861,48,19.4,16.9,6,3,2,0,3,25,0,0,0,0,0.0,0.0,0.0,0.0,0,0,0,0,0,0,0,0,0,0,0,0,,,,0,,,,,,,,,,,,,,,,,
2514,Internal,228,683,99861,48,19.4,16.9,0,90,35,2,2,44,0,0,0,0,0.0,0.0,0.0,0.0,0,0,0,0,1101,0,0,0,0,0,0,0,,,,0,,,,,,,,,,,,,,,,,
2515,Internal,119,341,99861,48,19.4,16.9,0,6,35,12,11,25,0,0,0,0,0.0,0.0,0.0,0.0,0,0,0,0,0,0,0,0,0,0,0,0,,,,0,,,,,,,,,,,,,,,,,
2516,Internal,403,784,99861,48,19.4,16.9,233,13,363,7,429,26,0,0,0,0,38.6269535648552,0.0,0.0,0.0,0,0,0,0,0,0,0,0,0,0,0,0,,,,0,,,,,,,,,,,,,,,,,
2517,Internal,203,579,99861,48,19.4,16.9,2,49,232,20,29,6,0,0,0,0,0.0,0.0,0.0,0.0,0,0,0,0,706,0,0,0,0,0,0,0,,,,0,,,,,,,,,,,,,,,,,
2518,Internal,476,1305,172813,47,23.0,19.8,5,24,166,166,231,14,0,0,0,0,0.0,0.0,0.0,0.0,0,0,0,0,0,0,0,0,0,0,0,0,,,,0,,,,,,,,,,,,,,,,,
2519,Internal,223,646,172813,47,23.0,19.8,0,41,155,29,0,31,0,0,0,0,0.0,0.0,0.0,0.0,0,0,0,0,0,0,0,0,0,0,0,0,,,,0,,,,,,,,,,,,,,,,,
2520,Internal,243,617,160000,47,18.5,19.3,25,35,34,3,3,54,0,0,0,0,0.0,0.0,0.0,0.0,0,0,0,0,0,0,0,0,0,0,0,0,,,,0,,,,,,,,,,,,,,,,,
2521,Internal,124,413,160000,47,18.5,19.3,62,23,16,0,2,59,0,0,0,0,0.0,0.0,0.0,0.0,0,0,0,0,0,0,0,0,0,0,0,0,,,,0,,,,,,,,,,,,,,,,,
2522,Internal,81,232,147614,47,25.7,20.9,65,77,13,14,3,25,0,0,0,0,0.0,0.0,0.0,0.0,0,0,0,0,0,0,0,0,0,0,0,0,,,,0,,,,,,,,,,,,,,,,,
2523,Internal,42,123,147614,47,25.7,20.9,17,7,268,18,114,24,0,0,0,0,0.0,0.0,0.0,0.0,0,0,0,0,0,0,0,0,0,0,0,0,,,,0,,,,,,,,,,,,,,,,,
2524,Internal,246,643,147614,47,25.7,20.9,33,28,36,5,49,29,0,0,0,0,0.0,0.0,0.0,0.0,0,0,0,0,0,0,0,0,0,0,0,0,,,,0,,,,,,,,,,,,,,,,,
2525,Internal,105,234,137500,48,29.6,11.1,3,4,6,0,7,49,0,0,0,0,0.0,0.0,0.0,0.0,0,0,0,0,0,0,0,0,0,0,0,0,,,,0,,,,,,,,,,,,,,,,,
2526,Internal,141,360,137500,48,29.6,11.1,7,2,43,0,7,49,0,0,0,0,0.0,0.0,0.0,0.0,0,0,0,0,0,0,0,0,0,0,0,0,,,,0,,,,,,,,,,,,,,,,,
2527,Internal,399,1137,130375,44,23.0,9.7,53,85,45,3,5,48,0,0,0,0,0.0,0.0,0.0,0.0,0,0,0,0,0,0,0,0,0,0,0,0,,,,0,,,,,,,,,,,,,,,,,
2528,Internal,205,536,64911,47,4.6,26.4,46,7,4,0,0,15,0,0,0,0,0.0,0.0,0.0,0.0,0,0,0,0,0,0,0,0,0,0,0,0,,,,0,,,,,,,,,,,,,,,,,
2529,Internal,78,233,64911,47,4.6,26.4,20,3,8,3,0,29,0,0,0,0,0.0,0.0,0.0,0.0,0,0,0,0,0,0,0,0,0,0,0,0,,,,0,,,,,,,,,,,,,,,,,
2530,Internal,136,301,64911,47,4.6,26.4,38,40,4,0,0,29,0,0,0,0,0.0,0.0,0.0,0.0,0,0,0,0,0,0,0,0,0,0,0,0,,,,0,,,,,,,,,,,,,,,,,
2531,Internal,44,135,64911,47,4.6,26.4,0,5,7,0,4,29,0,0,0,0,0.0,0.0,0.0,0.0,0,0,0,0,0,0,0,0,0,0,0,0,,,,0,,,,,,,,,,,,,,,,,
2532,Internal,374,1110,158047,47,28.1,10.3,29,163,39,0,24,42,0,0,0,0,0.0,0.0,0.0,0.0,0,0,0,0,0,0,0,0,0,0,0,0,,,,0,,,,,,,,,,,,,,,,,
2533,Internal,526,1607,158047,47,28.1,10.3,108,53,152,4,19,29,0,0,0,0,0.0,0.0,0.0,0.0,0,0,0,0,0,0,0,0,0,0,0,0,,,,0,,,,,,,,,,,,,,,,,
2534,Internal,273,836,112375,47,24.2,7.5,16,22,13,3,0,29,0,0,0,0,0.0,0.0,0.0,0.0,0,0,0,0,0,0,0,0,0,0,0,0,,,,0,,,,,,,,,,,,,,,,,
2535,Internal,224,648,167206,47,29.4,13.8,8,12,34,0,63,38,0,0,0,0,0.0,0.0,0.0,0.0,0,0,0,0,0,0,0,0,0,0,0,0,,,,0,,,,,,,,,,,,,,,,,
2536,Internal,399,1143,167206,47,29.4,13.8,37,18,25,87,9,28,0,0,0,0,0.0,0.0,0.0,0.0,0,0,0,0,0,0,0,0,0,0,0,0,,,,0,,,,,,,,,,,,,,,,,
2537,Internal,583,1711,167206,47,29.4,13.8,20,15,155,56,2,24,0,0,0,0,0.0,0.0,0.0,0.0,0,0,0,0,0,0,0,0,0,0,0,0,,,,0,,,,,,,,,,,,,,,,,
2538,Internal,357,1040,112375,47,24.2,7.5,41,6,12,0,6,29,0,0,0,0,0.0,0.0,0.0,0.0,0,0,0,0,0,0,0,0,0,0,0,0,,,,0,,,,,,,,,,,,,,,,,
2539,Internal,257,815,167206,47,29.4,13.8,24,45,32,0,4,32,0,0,0,0,0.0,0.0,0.0,0.0,0,0,0,0,0,0,0,0,0,0,0,0,,,,0,,,,,,,,,,,,,,,,,
2540,Internal,91,280,167206,47,29.4,13.8,6,5,3,0,4,29,0,0,0,0,0.0,0.0,0.0,0.0,0,0,0,0,0,0,0,0,0,0,0,0,,,,0,,,,,,,,,,,,,,,,,
2541,Internal,118,328,112375,47,24.2,7.5,31,13,5,0,0,29,0,0,0,0,0.0,0.0,0.0,0.0,0,0,0,0,0,0,0,0,0,0,0,0,,,,0,,,,,,,,,,,,,,,,,
2542,Internal,171,385,31294,53,15.1,7.4,173,417,1055,8,129,57,0,0,0,0,0.0,0.0,0.0,0.0,0,0,0,0,0,0,0,0,0,0,0,0,,,,0,,,,,,,,,,,,,,,,,
2543,Internal,1679,3192,31294,53,15.1,7.4,12,40,688,12,553,13,0,0,0,0,54.07773499079728,0.0,0.0,0.0,0,0,0,0,0,0,0,0,0,0,0,0,,,,0,,,,,,,,,,,,,,,,,
2544,Internal,1025,2182,63924,53,18.0,23.1,9,245,693,46,28,30,0,0,0,0,30.901562851884158,0.0,0.0,0.0,0,0,0,0,243,0,0,0,0,0,0,0,,,,0,,,,,,,,,,,,,,,,,
2545,Internal,944,2158,54000,53,11.5,20.7,29,81,199,43,17,11,0,0,0,0,0.0,0.0,0.0,0.0,0,0,0,0,760,0,0,0,0,0,0,0,,,,0,,,,,,,,,,,,,,,,,
2546,Internal,530,1281,97991,46,17.5,24.4,6,235,91,63,40,40,0,0,0,0,0.0,0.0,0.0,0.0,0,0,0,0,4019,0,0,0,0,0,0,0,,,,0,,,,,,,,,,,,,,,,,
2547,Internal,367,1013,99625,46,20.8,23.4,0,0,58,0,0,30,0,0,0,0,0.0,0.0,0.0,0.0,0,0,0,0,0,0,0,0,0,0,0,0,,,,0,,,,,,,,,,,,,,,,,
2548,Internal,235,624,102344,46,29.3,15.8,3,2,30,0,3,43,0,0,0,0,0.0,0.0,0.0,0.0,0,0,0,0,0,0,0,0,0,0,0,0,,,,0,,,,,,,,,,,,,,,,,
2549,Internal,221,665,99625,46,20.8,23.4,0,27,31,0,0,30,0,0,0,0,0.0,0.0,0.0,0.0,0,0,0,0,0,0,0,0,0,0,0,0,,,,0,,,,,,,,,,,,,,,,,
2550,Internal,317,700,99625,46,20.8,23.4,4,114,59,7,0,43,0,0,0,0,0.0,0.0,0.0,0.0,0,0,0,0,1097,0,0,0,0,0,0,0,,,,0,,,,,,,,,,,,,,,,,
2551,Internal,698,1780,113194,46,28.0,18.0,41,90,610,6,39,21,0,0,0,0,0.0,0.0,0.0,0.0,0,0,0,0,0,0,0,0,0,0,0,0,,,,0,,,,,,,,,,,,,,,,,
2552,Internal,357,922,102344,46,29.3,15.8,1,3,14,0,3,20,0,0,0,0,0.0,0.0,0.0,0.0,0,0,0,0,0,0,0,0,0,0,0,0,,,,0,,,,,,,,,,,,,,,,,
2553,Internal,668,1762,84375,46,18.9,22.5,112,505,563,74,38,43,0,0,0,0,0.0,0.0,0.0,0.0,0,0,0,0,542,0,0,0,0,0,0,0,,,,0,,,,,,,,,,,,,,,,,
2554,Internal,162,463,102344,46,29.3,15.8,14,30,495,11,34,54,0,0,0,0,0.0,0.0,0.0,0.0,0,0,0,0,0,0,0,0,0,0,0,0,,,,0,,,,,,,,,,,,,,,,,
2555,Internal,41,123,102344,46,29.3,15.8,0,19,7,20,10,0,0,0,0,0,0.0,0.0,0.0,0.0,0,0,0,0,0,0,0,0,0,0,0,0,,,,0,,,,,,,,,,,,,,,,,
2556,Internal,467,1084,37686,51,26.9,3.2,3,33,316,17,0,45,0,0,0,0,15.450781425942079,0.0,0.0,0.0,0,0,0,0,0,0,0,0,0,0,0,0,,,,0,,,,,,,,,,,,,,,,,
2557,Internal,738,1289,38371,51,7.1,53.1,9,75,175,73,393,23,0,0,0,0,0.0,0.0,0.0,0.0,0,0,0,0,0,0,0,0,0,0,0,0,,,,0,,,,,,,,,,,,,,,,,
2558,Internal,477,1069,44968,51,19.1,16.8,23,91,60,14,8,26,0,0,0,0,15.450781425942079,0.0,0.0,0.0,0,0,0,0,480,0,0,0,0,0,0,0,,,,0,,,,,,,,,,,,,,,,,
2559,Internal,169,357,38371,51,7.1,53.1,0,6,3,0,0,33,0,0,0,0,0.0,0.0,0.0,0.0,0,0,0,0,0,0,0,0,0,0,0,0,,,,0,,,,,,,,,,,,,,,,,
2560,Internal,182,411,44968,51,19.1,16.8,0,12,5,0,0,24,0,0,0,0,7.7253907129710395,0.0,0.0,0.0,0,0,0,0,0,0,0,0,0,0,0,0,,,,0,,,,,,,,,,,,,,,,,
2561,Internal,500,1129,56412,51,23.7,5.5,125,87,214,1,27,18,0,0,0,0,0.0,0.0,0.0,0.0,0,0,0,0,0,0,0,0,0,0,0,0,,,,0,,,,,,,,,,,,,,,,,
2562,Internal,316,745,56412,51,23.7,5.5,0,6,127,29,70,12,0,0,0,0,0.0,0.0,0.0,0.0,0,0,0,0,0,0,0,0,0,0,0,0,,,,0,,,,,,,,,,,,,,,,,
2563,Internal,188,356,51406,58,26.4,5.9,89,59,241,0,55,30,0,0,0,0,15.450781425942079,0.0,0.0,0.0,0,0,0,0,0,0,0,0,0,0,0,0,,,,0,,,,,,,,,,,,,,,,,
2564,Internal,336,672,51875,52,27.3,3.8,57,309,1326,72,167,42,0,0,0,0,23.17617213891312,0.0,0.0,0.0,0,0,0,0,0,0,0,0,0,0,0,0,,,,0,,,,,,,,,,,,,,,,,
2565,Internal,652,1898,51875,52,27.3,3.8,30,25,588,46,287,20,0,0,0,0,15.450781425942079,0.0,0.0,0.0,0,0,0,0,0,0,0,0,0,0,0,0,,,,0,,,,,,,,,,,,,,,,,
2566,Internal,500,1274,114483,52,17.3,21.6,105,73,569,33,61,32,0,0,0,0,0.0,0.0,0.0,0.0,0,0,0,0,0,0,0,0,0,0,0,0,,,,0,,,,,,,,,,,,,,,,,
2567,Internal,1177,2532,70625,55,18.9,5.7,81,706,1694,103,337,43,0,0,0,0,7.7253907129710395,0.0,0.0,0.0,0,0,0,0,0,0,0,0,0,0,0,0,,,,0,,,,,,,,,,,,,,,,,
2568,Internal,948,1975,60921,55,23.3,19.2,7,25,165,3,99,41,0,0,0,0,7.7253907129710395,0.0,0.0,0.0,0,0,0,0,0,0,0,0,0,0,0,0,,,,0,,,,,,,,,,,,,,,,,
2569,Internal,5,24,60921,55,23.3,19.2,0,176,146,33,27,45,0,0,0,0,0.0,0.0,0.0,0.0,0,0,0,0,2047,0,0,0,0,0,0,0,,,,0,,,,,,,,,,,,,,,,,
2570,Internal,95,216,60921,55,23.3,19.2,17,101,180,542,10,52,0,0,0,0,0.0,0.0,0.0,0.0,0,0,0,0,1508,0,0,0,0,0,0,0,,,,0,,,,,,,,,,,,,,,,,
2571,Internal,1010,2235,31129,50,21.4,2.5,18,624,1108,276,549,12,0,0,0,0,30.901562851884158,0.0,0.0,0.0,0,0,0,0,0,0,0,0,0,0,0,0,,,,0,,,,,,,,,,,,,,,,,
2572,Internal,733,1798,40983,50,18.6,2.5,0,76,85,15,10,19,0,0,0,0,7.7253907129710395,0.0,0.0,0.0,0,0,0,0,0,0,0,0,0,0,0,0,,,,0,,,,,,,,,,,,,,,,,
2573,Internal,816,2247,64932,50,20.0,4.3,10,6,95,1,132,12,0,0,0,0,0.0,0.0,0.0,0.0,0,0,0,0,0,0,0,0,0,0,0,0,,,,0,,,,,,,,,,,,,,,,,
2574,Internal,437,897,34771,50,24.0,5.6,23,79,902,46,186,37,0,0,0,0,0.0,0.0,0.0,0.0,0,0,0,0,0,0,0,0,0,0,0,0,,,,0,,,,,,,,,,,,,,,,,
2575,Internal,549,1335,34771,50,24.0,5.6,3,42,81,0,12,19,0,0,0,0,7.7253907129710395,0.0,0.0,0.0,0,0,0,0,0,0,0,0,0,0,0,0,,,,0,,,,,,,,,,,,,,,,,
2576,Internal,644,1798,90075,49,29.2,7.5,80,109,96,73,49,43,0,0,0,0,0.0,0.0,0.0,0.0,0,0,0,0,1163,0,0,0,0,0,0,0,,,,0,,,,,,,,,,,,,,,,,
2577,Internal,1327,2759,56875,53,26.0,8.8,165,860,799,190,535,45,0,0,0,0,7.7253907129710395,0.0,0.0,0.0,0,0,0,0,1397,0,0,0,0,0,0,0,,,,0,,,,,,,,,,,,,,,,,
2578,Internal,1319,3551,76680,49,34.0,7.9,114,73,298,20,7,17,0,0,0,0,0.0,0.0,0.0,0.0,0,0,0,0,0,0,0,0,0,0,0,0,,,,0,,,,,,,,,,,,,,,,,
2579,Internal,542,1595,44798,49,32.1,10.2,631,19,77,0,51,46,0,0,0,0,0.0,0.0,0.0,0.0,0,0,0,0,0,0,0,0,0,0,0,0,,,,0,,,,,,,,,,,,,,,,,
2580,Internal,213,448,76680,49,34.0,7.9,3,129,8,0,0,46,0,0,0,0,0.0,0.0,0.0,0.0,0,0,0,0,794,0,0,0,0,0,0,0,,,,0,,,,,,,,,,,,,,,,,
2581,Internal,1557,3928,109375,53,29.6,9.1,3172,18,415,90,45,33,0,0,0,0,15.450781425942079,0.0,0.0,0.0,0,0,0,0,1457,0,0,0,0,0,0,0,,,,0,,,,,,,,,,,,,,,,,
2582,Internal,873,2463,110556,53,23.6,15.1,4,66,143,78,3,51,0,0,0,0,0.0,0.0,0.0,0.0,0,0,0,0,0,0,0,0,0,0,0,0,,,,0,,,,,,,,,,,,,,,,,
2583,Internal,541,912,110556,53,23.6,15.1,26,21,881,45,402,23,0,0,0,0,15.450781425942079,0.0,0.0,0.0,0,0,0,0,0,0,0,1,0,0,0,0,,,,0,,,,,,,,,,,,,,,,,
2584,Internal,628,1642,90075,49,29.2,7.5,161,12,47,0,15,9,0,0,0,0,7.7253907129710395,0.0,0.0,0.0,0,0,0,0,0,0,0,0,0,0,0,0,,,,0,,,,,,,,,,,,,,,,,
2585,Internal,908,2537,90075,49,29.2,7.5,16,4,219,6,34,36,0,0,0,0,7.7253907129710395,0.0,0.0,0.0,0,0,0,0,0,0,0,0,0,0,0,0,,,,0,,,,,,,,,,,,,,,,,
2586,Internal,751,1926,90075,49,29.2,7.5,905,7,105,6,30,69,0,0,0,0,0.0,0.0,0.0,0.0,0,0,0,0,0,0,0,0,0,0,0,0,,,,0,,,,,,,,,,,,,,,,,
2587,Internal,1119,2276,45262,58,22.4,3.3,203,281,573,60,131,28,0,0,0,0,30.901562851884158,0.0,0.0,0.0,0,0,0,0,0,0,0,0,0,0,0,0,,,,0,,,,,,,,,,,,,,,,,
2588,Internal,367,1007,90075,49,29.2,7.5,50,12,38,0,2,42,0,0,0,0,0.0,0.0,0.0,0.0,0,0,0,0,0,0,0,0,0,0,0,0,,,,0,,,,,,,,,,,,,,,,,
2589,Internal,1,4,109375,53,29.6,9.1,1266,0,9,0,14,87,0,0,0,0,0.0,0.0,0.0,0.0,0,0,0,0,0,0,0,0,0,0,0,0,,,,0,,,,,,,,,,,,,,,,,
2590,Internal,192,577,140647,53,29.5,7.7,8,14,0,0,8,47,0,0,0,0,0.0,0.0,0.0,0.0,0,0,0,0,0,0,0,0,0,0,0,0,,,,0,,,,,,,,,,,,,,,,,
2591,Internal,437,1418,110556,53,23.6,15.1,15,9,9,1,0,62,0,0,0,0,0.0,0.0,0.0,0.0,0,0,0,0,0,0,0,0,0,0,0,0,,,,0,,,,,,,,,,,,,,,,,
2592,Internal,541,1317,110556,53,23.6,15.1,7,0,32,35,1,48,0,0,0,0,0.0,0.0,0.0,0.0,0,0,0,0,0,0,0,0,0,0,0,0,,,,0,,,,,,,,,,,,,,,,,
2593,Internal,1016,2907,140647,53,29.5,7.7,13,7,50,8,30,43,0,0,0,0,0.0,0.0,0.0,0.0,0,0,0,0,0,0,0,0,0,0,0,0,,,,0,,,,,,,,,,,,,,,,,
2594,Internal,641,1487,67414,53,26.4,8.3,26,6,50,0,3,47,0,0,0,0,0.0,0.0,0.0,0.0,0,0,0,0,0,0,0,0,0,0,0,0,,,,0,,,,,,,,,,,,,,,,,
2595,Internal,835,1787,81094,58,17.6,22.7,843,93,337,15,64,49,0,0,0,0,7.7253907129710395,0.0,0.0,0.0,0,0,0,0,49,0,0,0,0,0,0,0,,,,0,,,,,,,,,,,,,,,,,
2596,Internal,345,894,84844,58,10.3,7.9,12,123,33,0,3,53,0,0,0,0,0.0,0.0,0.0,0.0,0,0,0,0,1422,0,0,0,0,0,0,0,,,,0,,,,,,,,,,,,,,,,,
2597,Internal,435,1113,84844,58,10.3,7.9,18,0,3,0,3,43,0,0,0,0,0.0,0.0,0.0,0.0,0,0,0,0,0,0,0,0,0,0,0,0,,,,0,,,,,,,,,,,,,,,,,
2598,Internal,52,113,45262,58,22.4,3.3,82,108,386,128,320,42,0,0,0,0,0.0,0.0,0.0,0.0,0,0,0,0,891,0,0,0,0,0,0,0,,,,0,,,,,,,,,,,,,,,,,
2599,Internal,681,1827,65789,55,22.7,5.7,641,68,631,38,12,52,0,0,0,0,0.0,0.0,0.0,0.0,0,0,0,0,0,0,0,0,0,0,0,0,,,,0,,,,,,,,,,,,,,,,,
2600,Internal,612,1316,65789,55,22.7,5.7,554,276,273,3,16,54,0,0,0,0,0.0,0.0,0.0,0.0,0,0,0,0,0,0,0,0,0,0,0,0,,,,0,,,,,,,,,,,,,,,,,
2601,Internal,599,1234,65789,55,22.7,5.7,37,133,112,15,0,46,0,0,0,0,23.17617213891312,0.0,0.0,0.0,0,0,0,0,0,0,0,0,0,0,0,0,,,,0,,,,,,,,,,,,,,,,,
2602,Internal,587,1650,81094,58,17.6,22.7,6,7,15,0,2,72,0,0,0,0,0.0,0.0,0.0,0.0,0,0,0,0,0,0,0,0,0,0,0,0,,,,0,,,,,,,,,,,,,,,,,
2603,Internal,296,789,84436,58,26.0,9.8,3,126,2,0,0,49,0,0,0,0,0.0,0.0,0.0,0.0,0,0,0,0,1726,0,0,0,0,0,0,0,,,,0,,,,,,,,,,,,,,,,,
2604,Internal,524,1048,84436,58,26.0,9.8,22,21,158,4,580,16,0,0,0,0,15.450781425942079,0.0,0.0,0.0,0,0,0,0,0,0,0,0,0,0,0,0,,,,0,,,,,,,,,,,,,,,,,
2605,Internal,471,1147,65789,55,22.7,5.7,5,146,236,0,105,18,0,0,0,0,15.450781425942079,0.0,0.0,0.0,0,0,0,0,0,0,0,0,0,0,0,0,,,,0,,,,,,,,,,,,,,,,,
2606,Internal,398,781,81094,58,17.6,22.7,676,30,554,20,113,49,0,0,0,0,0.0,0.0,0.0,0.0,0,0,0,0,0,0,0,0,0,0,0,0,,,,0,,,,,,,,,,,,,,,,,
2607,Internal,432,779,51406,58,26.4,5.9,405,221,412,37,140,27,0,0,0,0,0.0,0.0,0.0,0.0,0,0,0,0,0,0,0,0,0,0,0,0,,,,0,,,,,,,,,,,,,,,,,
2608,Internal,62,170,51406,58,26.4,5.9,608,173,908,47,123,42,0,0,0,0,0.0,0.0,0.0,0.0,0,0,0,0,0,0,0,0,0,0,0,0,,,,0,,,,,,,,,,,,,,,,,
2609,Internal,137,315,51406,58,26.4,5.9,0,79,426,53,1006,16,0,0,0,0,7.7253907129710395,0.0,0.0,0.0,0,0,0,0,0,0,0,0,0,0,0,0,,,,0,,,,,,,,,,,,,,,,,
2610,Internal,329,767,51406,58,26.4,5.9,27,121,1128,122,334,53,0,0,0,0,0.0,0.0,0.0,0.0,0,0,0,0,0,0,0,0,0,0,0,0,,,,0,,,,,,,,,,,,,,,,,
2611,Internal,327,685,51406,58,26.4,5.9,50,40,155,15,59,13,0,0,0,0,0.0,0.0,0.0,0.0,0,0,0,0,0,0,0,0,0,0,0,0,,,,0,,,,,,,,,,,,,,,,,
2612,Internal,75,187,51406,58,26.4,5.9,281,418,371,24,96,52,0,0,0,0,0.0,0.0,0.0,0.0,0,0,0,0,0,0,0,0,0,0,0,0,,,,0,,,,,,,,,,,,,,,,,
2613,Internal,179,502,51406,58,26.4,5.9,342,160,551,29,261,66,0,0,0,0,0.0,0.0,0.0,0.0,0,0,0,0,351,0,0,0,0,0,0,0,,,,0,,,,,,,,,,,,,,,,,
2614,Internal,209,469,51406,58,26.4,5.9,53,137,952,184,569,16,0,0,0,0,0.0,0.0,0.0,0.0,0,0,0,0,0,0,0,0,0,0,0,0,,,,0,,,,,,,,,,,,,,,,,
2615,Internal,551,1270,80341,53,30.1,8.5,0,59,6,3,0,45,0,0,0,0,0.0,0.0,0.0,0.0,0,0,0,0,0,0,0,0,0,0,0,0,,,,0,,,,,,,,,,,,,,,,,
2616,Internal,773,2090,80341,53,30.1,8.5,41,32,5,1,11,39,0,0,0,0,0.0,0.0,0.0,0.0,0,0,0,0,0,0,0,0,0,0,0,0,,,,0,,,,,,,,,,,,,,,,,
2617,Internal,802,2346,83750,53,27.2,2.5,4,16,12,2,2,30,0,0,0,0,0.0,0.0,0.0,0.0,0,0,0,0,0,0,0,0,0,0,0,0,,,,0,,,,,,,,,,,,,,,,,
2618,Internal,903,2461,41786,53,22.6,16.8,0,0,31,0,3,16,0,0,0,0,0.0,0.0,0.0,0.0,0,0,0,0,0,0,0,0,0,0,0,0,,,,0,,,,,,,,,,,,,,,,,
2619,Internal,620,1661,80341,53,30.1,8.5,4,114,35,15,26,52,0,0,0,0,0.0,0.0,0.0,0.0,0,0,0,0,1674,0,0,0,0,0,0,0,,,,0,,,,,,,,,,,,,,,,,
2620,Internal,140,386,41786,53,22.6,16.8,4,6,2,1,0,16,0,0,0,0,0.0,0.0,0.0,0.0,0,0,0,0,0,0,0,0,0,0,0,0,,,,0,,,,,,,,,,,,,,,,,
2621,Internal,788,1772,110848,53,28.3,6.6,0,13,35,0,4,17,0,0,0,0,0.0,0.0,0.0,0.0,0,0,0,0,0,0,0,0,0,0,0,0,,,,0,,,,,,,,,,,,,,,,,
2622,Internal,54,148,110848,53,28.3,6.6,2,1,6,0,9,45,0,0,0,0,0.0,0.0,0.0,0.0,0,0,0,0,0,0,0,0,0,0,0,0,,,,0,,,,,,,,,,,,,,,,,
2623,Internal,390,1020,41786,53,22.6,16.8,7,113,44,3,11,16,0,0,0,0,0.0,0.0,0.0,0.0,0,0,0,0,0,0,0,0,0,0,0,0,,,,0,,,,,,,,,,,,,,,,,
2624,Internal,419,1167,41786,53,22.6,16.8,1,53,24,16,0,16,0,0,0,0,0.0,0.0,0.0,0.0,0,0,0,0,2194,0,0,0,0,0,0,0,,,,0,,,,,,,,,,,,,,,,,
2625,Internal,366,792,66987,53,17.3,8.2,2,0,112,0,0,16,0,0,0,0,15.450781425942079,0.0,0.0,0.0,0,0,0,0,0,0,0,0,0,0,0,0,,,,0,,,,,,,,,,,,,,,,,
2626,Internal,984,2381,41786,53,22.6,16.8,5,3,142,0,0,0,0,0,0,0,0.0,0.0,0.0,0.0,0,0,0,0,0,0,0,0,0,0,0,0,,,,0,,,,,,,,,,,,,,,,,
2627,Internal,1911,5820,110848,53,28.3,6.6,9,23,39,0,5,53,0,0,0,0,0.0,0.0,0.0,0.0,0,0,0,0,0,0,0,0,0,0,0,0,,,,0,,,,,,,,,,,,,,,,,
2628,Internal,670,1861,66042,51,23.4,10.2,12,13,11,0,9,21,0,0,0,0,0.0,0.0,0.0,0.0,0,0,0,0,0,0,0,0,0,0,0,0,,,,0,,,,,,,,,,,,,,,,,
2629,Internal,303,781,66042,51,23.4,10.2,27,7,20,0,7,28,0,0,0,0,0.0,0.0,0.0,0.0,0,0,0,0,0,0,0,0,0,0,0,0,,,,0,,,,,,,,,,,,,,,,,
2630,Internal,1618,4486,66042,51,23.4,10.2,116,152,50,0,3,18,0,0,0,0,0.0,0.0,0.0,0.0,0,0,0,0,0,0,0,0,0,0,0,0,,,,0,,,,,,,,,,,,,,,,,
2631,Internal,579,1550,80341,53,30.1,8.5,28,23,12,3,0,24,0,0,0,0,0.0,0.0,0.0,0.0,0,0,0,0,0,0,0,0,0,0,0,0,,,,0,,,,,,,,,,,,,,,,,
2632,Internal,558,1490,66042,51,23.4,10.2,12,17,9,0,0,21,0,0,0,0,0.0,0.0,0.0,0.0,0,0,0,0,0,0,0,0,0,0,0,0,,,,0,,,,,,,,,,,,,,,,,
2633,Internal,529,1344,66987,53,17.3,8.2,27,773,1007,367,503,28,0,0,0,0,0.0,0.0,0.0,0.0,0,0,0,0,0,0,0,0,0,0,0,0,,,,0,,,,,,,,,,,,,,,,,
2634,Internal,1296,3598,66987,53,17.3,8.2,7,103,36,2,0,37,0,0,0,0,0.0,0.0,0.0,0.0,0,0,0,0,1184,0,0,0,0,0,0,0,,,,0,,,,,,,,,,,,,,,,,
2635,Internal,2072,5267,66987,53,17.3,8.2,1032,1583,2161,443,766,32,0,0,0,0,23.17617213891312,0.0,0.0,0.0,0,0,0,0,0,0,0,0,0,0,0,0,,,,0,,,,,,,,,,,,,,,,,
2636,Internal,1063,3030,63857,44,28.6,8.1,23,18,133,21,0,23,0,0,0,0,0.0,0.0,0.0,0.0,0,0,0,0,0,0,0,0,0,0,0,0,,,,0,,,,,,,,,,,,,,,,,
2637,Internal,410,1104,63857,44,28.6,8.1,10,277,8,3,3,47,0,0,0,0,0.0,0.0,0.0,0.0,0,0,0,0,3781,0,0,0,0,0,0,0,,,,0,,,,,,,,,,,,,,,,,
2638,Internal,691,1938,63857,44,28.6,8.1,14,0,13,0,0,48,0,0,0,0,0.0,0.0,0.0,0.0,0,0,0,0,0,0,0,0,0,0,0,0,,,,0,,,,,,,,,,,,,,,,,
2639,Internal,708,1658,63857,44,28.6,8.1,134,578,549,75,107,35,0,0,0,0,0.0,0.0,0.0,0.0,0,0,0,0,993,0,0,0,0,0,0,0,,,,0,,,,,,,,,,,,,,,,,
2640,Internal,851,2464,63857,44,28.6,8.1,683,225,366,14,57,68,0,0,0,0,0.0,0.0,0.0,0.0,0,0,0,0,0,0,0,0,0,0,0,0,,,,0,,,,,,,,,,,,,,,,,
2641,Internal,532,1382,72132,48,21.8,13.4,2,10,13,0,3,14,0,0,0,0,7.7253907129710395,0.0,0.0,0.0,0,0,0,0,0,0,0,0,0,0,0,0,,,,0,,,,,,,,,,,,,,,,,
2642,Internal,734,2622,59750,48,26.9,6.9,9,16,21,0,10,18,0,0,0,0,7.7253907129710395,0.0,0.0,0.0,0,0,0,0,0,0,0,0,0,0,0,0,,,,0,,,,,,,,,,,,,,,,,
2643,Internal,343,876,59750,48,26.9,6.9,4,10,16,1,0,13,0,0,0,0,0.0,0.0,0.0,0.0,0,0,0,0,0,0,0,0,0,0,0,0,,,,0,,,,,,,,,,,,,,,,,
2644,Internal,465,1297,71071,48,31.5,3.1,2,0,11,5,0,18,0,0,0,0,15.450781425942079,0.0,0.0,0.0,0,0,0,0,0,0,0,0,0,0,0,0,,,,0,,,,,,,,,,,,,,,,,
2645,Internal,104,308,71071,48,31.5,3.1,0,0,17,0,0,18,0,0,0,0,0.0,0.0,0.0,0.0,0,0,0,0,0,0,0,0,0,0,0,0,,,,0,,,,,,,,,,,,,,,,,
2646,Internal,835,2482,72132,48,21.8,13.4,3,11,910,0,0,48,0,0,0,0,0.0,0.0,0.0,0.0,0,0,0,0,0,0,0,0,0,0,0,0,,,,0,,,,,,,,,,,,,,,,,
2647,Internal,1206,3763,71071,48,31.5,3.1,7,14,55,3,13,8,0,0,0,0,0.0,0.0,0.0,0.0,0,0,0,0,0,0,0,0,0,0,0,0,,,,0,,,,,,,,,,,,,,,,,
2648,Internal,943,2527,65278,48,23.5,2.5,6,71,86,7,5,24,0,0,0,0,0.0,0.0,0.0,0.0,0,0,0,0,0,0,0,0,0,0,0,0,,,,0,,,,,,,,,,,,,,,,,
2649,Internal,176,503,59750,48,26.9,6.9,0,0,13,0,0,18,0,0,0,0,0.0,0.0,0.0,0.0,0,0,0,0,0,0,0,0,0,0,0,0,,,,0,,,,,,,,,,,,,,,,,
2650,Internal,257,706,41786,53,22.6,16.8,0,1,3,0,0,16,0,0,0,0,0.0,0.0,0.0,0.0,0,0,0,0,0,0,0,0,0,0,0,0,,,,0,,,,,,,,,,,,,,,,,
2651,Internal,113,247,72132,48,21.8,13.4,3,135,46,8,114,18,0,0,0,0,0.0,0.0,0.0,0.0,0,0,0,0,1299,0,8813,0,0,0,0,0,,,,0,,,,,,,,,,,,,,,,,
2652,Internal,643,1469,72132,48,21.8,13.4,0,17,244,7,146,18,0,0,0,0,23.17617213891312,0.0,0.0,0.0,0,0,0,0,2108,0,0,0,0,0,0,0,,,,0,,,,,,,,,,,,,,,,,
2653,Internal,451,1190,100096,53,10.3,18.2,12,17,24,1,0,44,0,0,0,0,0.0,0.0,0.0,0.0,0,0,0,0,0,0,0,0,0,0,0,0,,,,0,,,,,,,,,,,,,,,,,
2654,Internal,1298,3345,86314,53,21.8,8.9,65,207,503,68,249,30,0,0,0,0,0.0,0.0,0.0,0.0,0,0,0,0,0,0,0,0,0,0,0,0,,,,0,,,,,,,,,,,,,,,,,
2655,Internal,1318,3200,74387,53,29.5,10.2,5,19,230,9,0,42,0,0,0,0,0.0,0.0,0.0,0.0,0,0,0,0,0,0,0,0,0,0,0,0,,,,0,,,,,,,,,,,,,,,,,
2656,Internal,1429,3625,63776,53,12.2,19.5,6,112,293,54,52,17,0,0,0,0,0.0,0.0,0.0,0.0,0,0,0,0,0,0,0,0,0,0,0,0,,,,0,,,,,,,,,,,,,,,,,
2657,Internal,1535,3324,64223,53,21.5,9.2,1,18,14,1,2,32,0,0,0,0,0.0,0.0,0.0,0.0,0,0,0,0,0,0,0,0,0,0,0,0,,,,0,,,,,,,,,,,,,,,,,
2658,Internal,133,376,64223,53,21.5,9.2,0,19,14,0,0,20,0,0,0,0,7.7253907129710395,0.0,0.0,0.0,0,0,0,0,0,0,0,0,0,0,0,0,,,,0,,,,,,,,,,,,,,,,,
2659,Internal,410,1161,74387,53,29.5,10.2,1,20,23,5,5,59,0,0,0,0,0.0,0.0,0.0,0.0,0,0,0,0,0,0,0,0,0,0,0,0,,,,0,,,,,,,,,,,,,,,,,
2660,Internal,399,1189,86314,53,21.8,8.9,2,2,22,0,8,20,0,0,0,0,30.901562851884158,0.0,0.0,0.0,0,0,0,0,0,0,0,0,0,0,0,0,,,,0,,,,,,,,,,,,,,,,,
2661,Internal,398,764,86314,53,21.8,8.9,8,270,1131,23,869,12,0,0,0,0,0.0,0.0,0.0,0.0,0,0,0,0,0,0,0,0,0,0,0,0,,,,0,,,,,,,,,,,,,,,,,
2662,Internal,209,433,31909,52,21.9,8.5,4,46,404,58,12,8,0,0,0,0,0.0,0.0,0.0,0.0,0,0,0,0,0,0,0,0,0,0,0,0,,,,0,,,,,,,,,,,,,,,,,
2663,Internal,1482,3821,31909,52,21.9,8.5,513,543,1131,76,407,35,0,0,0,0,0.0,0.0,0.0,0.0,0,0,0,0,143,0,0,0,0,0,0,0,,,,0,,,,,,,,,,,,,,,,,
2664,Internal,1923,3974,31909,52,21.9,8.5,131,1369,1863,199,681,14,0,0,0,0,0.0,0.0,0.0,0.0,0,0,0,0,0,0,0,0,0,0,0,0,,,,0,,,,,,,,,,,,,,,,,
2665,Internal,388,965,55417,52,23.3,21.7,1144,476,824,111,82,63,0,0,0,0,0.0,0.0,0.0,0.0,0,0,0,0,0,0,0,0,0,0,0,0,,,,0,,,,,,,,,,,,,,,,,
2666,Internal,1292,3396,68875,52,23.0,5.8,0,120,192,10,7,14,0,0,0,0,30.901562851884158,0.0,0.0,0.0,0,0,0,0,0,0,0,0,0,0,0,0,,,,0,,,,,,,,,,,,,,,,,
2667,Internal,592,1645,68875,52,23.0,5.8,2,65,157,21,216,16,0,0,0,0,30.901562851884158,0.0,0.0,0.0,0,0,0,0,1510,0,0,0,0,0,0,0,,,,0,,,,,,,,,,,,,,,,,
2668,Internal,465,1083,55417,52,23.3,21.7,0,48,199,0,5,47,0,0,0,0,0.0,0.0,0.0,0.0,0,0,0,0,0,0,0,0,0,0,0,0,,,,0,,,,,,,,,,,,,,,,,
2669,Internal,552,1273,63776,53,12.2,19.5,1,798,473,74,54,26,0,0,0,0,0.0,0.0,0.0,0.0,0,0,0,0,0,0,0,0,0,0,0,0,,,,0,,,,,,,,,,,,,,,,,
2670,Internal,957,2526,55417,52,23.3,21.7,1599,351,768,100,61,58,0,0,0,0,0.0,0.0,0.0,0.0,0,0,0,0,0,0,0,0,0,0,0,0,,,,0,,,,,,,,,,,,,,,,,
2671,Internal,745,1810,62614,51,35.7,5.9,8,109,40,1,9,42,0,0,0,0,0.0,0.0,0.0,0.0,0,0,0,0,857,0,0,0,0,0,0,0,,,,0,,,,,,,,,,,,,,,,,
2672,Internal,1251,3231,88355,51,20.0,17.5,8,130,247,62,58,25,0,0,0,0,0.0,0.0,0.0,0.0,0,0,0,0,0,0,0,0,0,0,0,0,,,,0,,,,,,,,,,,,,,,,,
2673,Internal,674,1783,88355,51,20.0,17.5,10,472,780,82,174,27,0,0,0,0,0.0,0.0,0.0,0.0,0,0,0,0,0,0,0,0,0,0,0,0,,,,0,,,,,,,,,,,,,,,,,
2674,Internal,598,1538,95500,51,14.2,17.6,2,151,461,205,169,26,0,0,0,0,0.0,0.0,0.0,0.0,0,0,0,0,0,0,0,1,0,0,0,0,,,,0,,,,,,,,,,,,,,,,,
2675,Internal,1620,4354,62614,51,35.7,5.9,53,1,223,8,3,9,0,0,0,0,0.0,0.0,0.0,0.0,0,0,0,0,0,0,0,0,0,0,0,0,,,,0,,,,,,,,,,,,,,,,,
2676,Internal,1908,4448,53724,51,34.1,5.0,18,686,952,194,1093,18,0,0,0,0,0.0,0.0,0.0,0.0,0,0,0,0,0,0,0,0,0,0,0,0,,,,0,,,,,,,,,,,,,,,,,
2677,Internal,523,1647,79093,51,27.9,6.8,28,79,42,3,35,14,0,0,0,0,0.0,0.0,0.0,0.0,0,0,0,0,0,0,0,0,0,0,0,0,,,,0,,,,,,,,,,,,,,,,,
2678,Internal,575,1830,79093,51,27.9,6.8,2,1,11,13,0,19,0,0,0,0,0.0,0.0,0.0,0.0,0,0,0,0,2,0,0,0,0,0,0,0,,,,0,,,,,,,,,,,,,,,,,
2679,Internal,302,934,62614,51,35.7,5.9,1076,4,16,0,18,14,0,0,0,0,0.0,0.0,0.0,0.0,0,0,0,0,0,0,0,0,0,0,0,0,,,,0,,,,,,,,,,,,,,,,,
2680,Internal,519,1401,49423,51,28.1,11.3,36,7,25,0,0,42,0,0,0,0,0.0,0.0,0.0,0.0,0,0,0,0,0,0,0,0,0,0,0,0,,,,0,,,,,,,,,,,,,,,,,
2681,Internal,343,976,49423,51,28.1,11.3,18,2,2,12,0,19,0,0,0,0,0.0,0.0,0.0,0.0,0,0,0,0,0,0,0,0,0,0,0,0,,,,0,,,,,,,,,,,,,,,,,
2682,Internal,316,946,62614,51,35.7,5.9,22,0,0,0,0,37,0,0,0,0,0.0,0.0,0.0,0.0,0,0,0,0,0,0,0,0,0,0,0,0,,,,0,,,,,,,,,,,,,,,,,
2683,Internal,491,1348,49423,51,28.1,11.3,14,7,218,18,0,11,0,0,0,0,0.0,0.0,0.0,0.0,0,0,0,0,0,0,0,0,0,0,0,0,,,,0,,,,,,,,,,,,,,,,,
2684,Internal,182,467,49423,51,28.1,11.3,0,0,21,0,6,19,0,0,0,0,0.0,0.0,0.0,0.0,0,0,0,0,0,0,0,0,0,0,0,0,,,,0,,,,,,,,,,,,,,,,,
2685,Internal,301,831,79093,51,27.9,6.8,1,2,2,0,0,19,0,0,0,0,0.0,0.0,0.0,0.0,0,0,0,0,0,0,0,0,0,0,0,0,,,,0,,,,,,,,,,,,,,,,,
2686,Internal,1732,4435,46723,47,30.3,16.7,394,189,670,47,157,16,0,0,0,0,0.0,0.0,0.0,0.0,0,0,0,0,688,0,0,0,0,0,0,0,,,,0,,,,,,,,,,,,,,,,,
2687,Internal,1066,2487,46723,47,30.3,16.7,1,1002,861,199,357,21,0,0,0,0,0.0,0.0,0.0,0.0,0,0,0,0,0,0,0,0,0,0,0,0,,,,0,,,,,,,,,,,,,,,,,
2688,Internal,1013,2857,54344,47,24.2,5.1,18,22,54,5,15,17,0,0,0,0,0.0,0.0,0.0,0.0,0,0,0,0,0,0,0,0,0,0,0,0,,,,0,,,,,,,,,,,,,,,,,
2689,Internal,1550,4010,54344,47,24.2,5.1,50,79,272,9,0,26,0,0,0,0,0.0,0.0,0.0,0.0,0,0,0,0,0,0,0,0,0,0,0,0,,,,0,,,,,,,,,,,,,,,,,
2690,Internal,11,59,46723,47,30.3,16.7,0,125,1,0,0,46,0,0,0,0,0.0,0.0,0.0,0.0,0,0,0,0,1104,0,0,0,0,0,0,0,,,,0,,,,,,,,,,,,,,,,,
2691,Internal,867,2331,50452,47,25.0,6.3,21,38,33,0,0,39,0,0,0,0,0.0,0.0,0.0,0.0,0,0,0,0,0,0,0,0,0,0,0,0,,,,0,,,,,,,,,,,,,,,,,
2692,Internal,772,2029,54344,47,24.2,5.1,2,5,17,0,2,39,0,0,0,0,0.0,0.0,0.0,0.0,0,0,0,0,0,0,0,0,0,0,0,0,,,,0,,,,,,,,,,,,,,,,,
2693,Internal,321,848,46723,47,30.3,16.7,29,6,77,2,22,84,0,0,0,0,0.0,0.0,0.0,0.0,0,0,0,0,0,0,0,0,0,0,0,0,,,,0,,,,,,,,,,,,,,,,,
2694,Internal,1605,4363,111771,47,24.3,10.6,46,38,64,2,9,24,0,0,0,0,0.0,0.0,0.0,0.0,0,0,0,0,0,0,0,0,0,0,0,0,,,,0,,,,,,,,,,,,,,,,,
2695,Internal,613,1895,111771,47,24.3,10.6,16,27,13,0,0,24,0,0,0,0,0.0,0.0,0.0,0.0,0,0,0,0,0,0,0,0,0,0,0,0,,,,0,,,,,,,,,,,,,,,,,
2696,Internal,266,709,111771,47,24.3,10.6,12,20,26,0,12,24,0,0,0,0,0.0,0.0,0.0,0.0,0,0,0,0,0,0,0,0,0,0,0,0,,,,0,,,,,,,,,,,,,,,,,
2697,Internal,407,1117,49286,47,16.4,12.5,9,11,23,0,0,24,0,0,0,0,0.0,0.0,0.0,0.0,0,0,0,0,0,0,0,0,0,0,0,0,,,,0,,,,,,,,,,,,,,,,,
2698,Internal,569,1475,49286,47,16.4,12.5,135,17,140,0,2,24,0,0,0,0,0.0,0.0,0.0,0.0,0,0,0,0,0,0,0,0,0,0,0,0,,,,0,,,,,,,,,,,,,,,,,
2699,Internal,189,556,49286,47,16.4,12.5,2,18,2,10,5,24,0,0,0,0,0.0,0.0,0.0,0.0,0,0,0,0,0,0,0,0,0,0,0,0,,,,0,,,,,,,,,,,,,,,,,
2700,Internal,773,2178,49286,47,16.4,12.5,4,48,2,60,2,24,0,0,0,0,0.0,0.0,0.0,0.0,0,0,0,0,0,0,0,0,0,0,0,0,,,,0,,,,,,,,,,,,,,,,,
2701,Internal,394,1164,69744,50,27.0,13.4,0,183,242,33,18,35,0,0,0,0,0.0,0.0,0.0,0.0,0,0,0,0,1013,0,0,0,0,0,0,0,,,,0,,,,,,,,,,,,,,,,,
2702,Internal,0,0,69744,50,27.0,13.4,0,12,44,0,222,22,0,0,0,0,0.0,0.0,0.0,0.0,0,0,0,0,0,0,0,0,0,0,0,0,,,,0,,,,,,,,,,,,,,,,,
2703,Internal,1582,3652,69744,50,27.0,13.4,0,405,876,85,1238,24,0,0,0,0,0.0,0.0,0.0,0.0,0,0,0,0,2137,0,0,0,0,0,0,0,,,,0,,,,,,,,,,,,,,,,,
2704,Internal,815,1624,69744,50,27.0,13.4,0,247,139,106,541,48,0,0,0,0,0.0,0.0,0.0,0.0,0,0,0,0,0,0,0,0,0,0,0,0,,,,0,,,,,,,,,,,,,,,,,
2705,Internal,399,1010,69744,50,27.0,13.4,0,205,157,0,36,65,0,0,0,0,0.0,0.0,0.0,0.0,0,0,0,0,0,0,0,0,0,0,0,0,,,,0,,,,,,,,,,,,,,,,,
2706,Internal,484,1270,54893,47,26.3,10.8,14,15,22,1,0,43,0,0,0,0,0.0,0.0,0.0,0.0,0,0,0,0,0,0,0,0,0,0,0,0,,,,0,,,,,,,,,,,,,,,,,
2707,Internal,448,1316,82386,47,32.8,9.7,0,1,202,3,138,18,0,0,0,0,0.0,0.0,0.0,0.0,0,0,0,0,780,0,0,0,0,0,0,0,,,,0,,,,,,,,,,,,,,,,,
2708,Internal,382,922,41875,50,27.2,6.4,0,23,462,10,774,13,0,0,0,0,0.0,0.0,0.0,0.0,0,0,0,0,0,0,0,0,0,0,0,0,,,,0,,,,,,,,,,,,,,,,,
2709,Internal,307,866,128365,48,24.6,17.5,3,253,214,37,360,21,0,0,0,0,0.0,0.0,0.0,0.0,0,0,0,0,0,0,0,0,0,0,0,0,,,,0,,,,,,,,,,,,,,,,,
2710,Internal,225,614,128365,48,24.6,17.5,12,20,3,0,1,29,0,0,0,0,0.0,0.0,0.0,0.0,0,0,0,0,0,0,0,0,0,0,0,0,,,,0,,,,,,,,,,,,,,,,,
2711,Internal,478,1448,128365,48,24.6,17.5,48,14,5,7,1,53,0,0,0,0,0.0,0.0,0.0,0.0,0,0,0,0,0,0,0,0,0,0,0,0,,,,0,,,,,,,,,,,,,,,,,
2712,Internal,230,663,128365,48,24.6,17.5,4,47,38,20,0,58,0,0,0,0,0.0,0.0,0.0,0.0,0,0,0,0,0,0,0,0,0,0,0,0,,,,0,,,,,,,,,,,,,,,,,
2713,Internal,91,237,128365,48,24.6,17.5,0,3,15,0,8,29,0,0,0,0,0.0,0.0,0.0,0.0,0,0,0,0,0,0,0,0,0,0,0,0,,,,0,,,,,,,,,,,,,,,,,
2714,Internal,256,637,54893,47,26.3,10.8,0,11,20,0,2,43,0,0,0,0,0.0,0.0,0.0,0.0,0,0,0,0,0,0,0,0,0,0,0,0,,,,0,,,,,,,,,,,,,,,,,
2715,Internal,524,1428,128365,48,24.6,17.5,0,5,53,21,3,29,0,0,0,0,0.0,0.0,0.0,0.0,0,0,0,0,0,0,0,0,0,0,0,0,,,,0,,,,,,,,,,,,,,,,,
2716,Internal,713,1565,58289,44,29.7,8.5,0,0,74,1,0,41,0,0,0,0,0.0,0.0,0.0,0.0,0,0,0,0,1249,0,0,0,0,0,0,0,,,,0,,,,,,,,,,,,,,,,,
2717,Internal,676,1703,58289,44,29.7,8.5,91,78,105,0,27,51,0,0,0,0,0.0,0.0,0.0,0.0,0,0,0,0,0,0,0,0,0,0,0,0,,,,0,,,,,,,,,,,,,,,,,
2718,Internal,585,1770,82386,47,32.8,9.7,0,0,21,0,0,43,0,0,0,0,0.0,0.0,0.0,0.0,0,0,0,0,0,0,0,0,0,0,0,0,,,,0,,,,,,,,,,,,,,,,,
2719,Internal,207,598,82386,47,32.8,9.7,0,0,8,0,0,71,0,0,0,0,0.0,0.0,0.0,0.0,0,0,0,0,0,0,0,0,0,0,0,0,,,,0,,,,,,,,,,,,,,,,,
2720,Internal,193,428,82386,47,32.8,9.7,0,4,44,3,6,43,0,0,0,0,0.0,0.0,0.0,0.0,0,0,0,0,0,0,0,0,0,0,0,0,,,,0,,,,,,,,,,,,,,,,,
2721,Internal,1,1,54893,47,26.3,10.8,0,0,225,0,0,43,0,0,0,0,0.0,0.0,0.0,0.0,0,0,0,0,4010,0,0,0,0,0,0,0,,,,0,,,,,,,,,,,,,,,,,
2722,Internal,443,1144,54893,47,26.3,10.8,0,14,24,0,11,45,0,0,0,0,0.0,0.0,0.0,0.0,0,0,0,0,0,0,0,0,0,0,0,0,,,,0,,,,,,,,,,,,,,,,,
2723,Internal,33,90,41875,50,27.2,6.4,0,0,10,451,8,48,0,0,0,0,0.0,0.0,0.0,0.0,0,0,0,0,0,1756,3459,0,0,0,0,0,,,,0,,,,,,,,,,,,,,,,,
2724,Internal,92,298,54893,47,26.3,10.8,0,1,6,0,31,43,0,0,0,0,0.0,0.0,0.0,0.0,0,0,0,0,0,0,0,0,0,0,0,0,,,,0,,,,,,,,,,,,,,,,,
2725,Internal,470,1340,58289,44,29.7,8.5,0,0,18,6,0,41,0,0,0,0,0.0,0.0,0.0,0.0,0,0,0,0,0,0,0,0,0,0,0,0,,,,0,,,,,,,,,,,,,,,,,
2726,Internal,341,925,44400,44,27.4,17.7,0,32,326,1,17,23,0,0,0,0,0.0,0.0,0.0,0.0,0,0,0,0,0,0,0,0,0,0,0,0,,,,0,,,,,,,,,,,,,,,,,
2727,Internal,379,1077,58289,44,29.7,8.5,0,68,45,16,0,41,0,0,0,0,0.0,0.0,0.0,0.0,0,0,0,0,0,0,0,0,0,0,0,0,,,,0,,,,,,,,,,,,,,,,,
2728,Internal,171,355,57724,45,24.6,14.4,1743,8,95,0,13,33,0,0,0,0,0.0,0.0,0.0,0.0,0,0,0,0,0,0,0,0,0,0,0,0,,,,0,,,,,,,,,,,,,,,,,
2729,Internal,492,1368,57724,45,24.6,14.4,0,2,94,1,83,16,0,0,0,0,0.0,0.0,0.0,0.0,0,0,0,0,0,0,0,0,0,0,0,0,,,,0,,,,,,,,,,,,,,,,,
2730,Internal,15,32,57724,45,24.6,14.4,118,4,196,1,5,49,0,0,0,0,0.0,0.0,0.0,0.0,0,0,0,0,0,0,0,0,0,0,0,0,,,,0,,,,,,,,,,,,,,,,,
2731,Internal,2152,5406,57724,45,24.6,14.4,95,103,225,41,40,13,0,0,0,0,0.0,0.0,0.0,0.0,0,0,0,0,0,0,0,0,0,0,0,0,,,,0,,,,,,,,,,,,,,,,,
2732,Internal,849,2192,57724,45,24.6,14.4,76,479,2088,239,194,42,0,0,0,0,0.0,0.0,0.0,0.0,0,0,0,0,4460,0,0,0,0,0,0,0,,,,0,,,,,,,,,,,,,,,,,
2733,Internal,578,1227,44400,44,27.4,17.7,42,993,533,67,419,45,0,0,0,0,0.0,0.0,0.0,0.0,0,0,0,0,0,0,0,0,0,0,0,0,,,,0,,,,,,,,,,,,,,,,,
2734,Internal,913,2212,99076,51,26.2,12.9,10,445,144,70,25,31,0,0,0,0,0.0,0.0,0.0,0.0,0,0,0,0,6050,0,0,0,0,0,0,0,,,,0,,,,,,,,,,,,,,,,,
2735,Internal,1381,3675,99076,51,26.2,12.9,10,273,94,2,132,49,0,0,0,0,0.0,0.0,0.0,0.0,0,0,0,0,0,0,0,0,0,0,0,0,,,,0,,,,,,,,,,,,,,,,,
2736,Internal,735,1897,99076,51,26.2,12.9,24,56,84,0,7,39,0,0,0,0,0.0,0.0,0.0,0.0,0,0,0,0,0,0,0,0,0,0,0,0,,,,0,,,,,,,,,,,,,,,,,
2737,Internal,83,262,57724,45,24.6,14.4,2091,245,234,18,17,47,0,0,0,0,0.0,0.0,0.0,0.0,0,0,0,0,891,0,0,0,0,0,0,0,,,,0,,,,,,,,,,,,,,,,,
2738,Internal,773,1976,57724,45,24.6,14.4,132,269,1567,33,211,35,0,0,0,0,0.0,0.0,0.0,0.0,0,0,0,0,0,0,0,0,0,0,0,0,,,,0,,,,,,,,,,,,,,,,,
2739,Internal,1429,3197,99076,51,26.2,12.9,6,233,689,58,140,45,0,0,0,0,0.0,0.0,0.0,0.0,0,0,0,0,2260,0,0,0,0,0,0,0,,,,0,,,,,,,,,,,,,,,,,
2740,Internal,626,1639,99076,51,26.2,12.9,0,63,335,17,926,14,0,0,0,0,0.0,0.0,0.0,0.0,0,0,0,0,386,0,64,0,0,0,0,0,,,,0,,,,,,,,,,,,,,,,,
2741,Internal,388,779,57724,45,24.6,14.4,0,480,606,317,372,26,0,0,0,0,0.0,0.0,0.0,0.0,0,0,0,0,7,0,0,1,0,0,0,0,,,,0,,,,,,,,,,,,,,,,,
2742,Internal,484,839,57724,45,24.6,14.4,13,5,281,46,475,17,0,0,0,0,0.0,0.0,0.0,0.0,0,0,0,0,23,0,0,0,0,0,0,0,,,,0,,,,,,,,,,,,,,,,,
2743,Internal,509,1323,57724,45,24.6,14.4,15,172,179,105,287,28,0,0,0,0,0.0,0.0,0.0,0.0,0,0,0,0,0,0,0,0,0,0,0,0,,,,0,,,,,,,,,,,,,,,,,
2744,Internal,367,1099,57724,45,24.6,14.4,1,4,143,4,0,10,0,0,0,0,0.0,0.0,0.0,0.0,0,0,0,0,0,0,0,0,0,0,0,0,,,,0,,,,,,,,,,,,,,,,,
2745,Internal,597,1505,44400,44,27.4,17.7,0,55,286,8,11,18,0,0,0,0,0.0,0.0,0.0,0.0,0,0,0,0,0,0,0,0,0,0,0,0,,,,0,,,,,,,,,,,,,,,,,
2746,Internal,556,1513,57724,45,24.6,14.4,0,54,344,11,301,10,0,0,0,0,0.0,0.0,0.0,0.0,0,0,0,0,1323,0,0,0,0,0,0,0,,,,0,,,,,,,,,,,,,,,,,
2747,Internal,677,1858,99006,45,29.4,11.0,9,270,332,0,11,31,0,0,0,0,0.0,0.0,0.0,0.0,0,0,0,0,0,0,0,0,0,0,0,0,,,,0,,,,,,,,,,,,,,,,,
2748,Internal,326,1007,128824,49,33.9,10.3,0,26,1,0,2,36,0,0,0,0,0.0,0.0,0.0,0.0,0,0,0,0,0,0,0,0,0,0,0,0,,,,0,,,,,,,,,,,,,,,,,
2749,Internal,195,611,128824,49,33.9,10.3,0,3,0,0,0,23,0,0,0,0,0.0,0.0,0.0,0.0,0,0,0,0,0,0,0,0,0,0,0,0,,,,0,,,,,,,,,,,,,,,,,
2750,Internal,411,1268,92222,49,27.9,5.9,0,11,23,0,0,28,0,0,0,0,0.0,0.0,0.0,0.0,0,0,0,0,0,0,0,0,0,0,0,0,,,,0,,,,,,,,,,,,,,,,,
2751,Internal,574,1971,92222,49,27.9,5.9,4,7,7,0,0,39,0,0,0,0,0.0,0.0,0.0,0.0,0,0,0,0,0,0,0,0,0,0,0,0,,,,0,,,,,,,,,,,,,,,,,
2752,Internal,1502,4225,92222,49,27.9,5.9,51,20,36,0,8,40,0,0,0,0,0.0,0.0,0.0,0.0,0,0,0,0,0,0,0,0,0,0,0,0,,,,0,,,,,,,,,,,,,,,,,
2753,Internal,227,579,92222,49,27.9,5.9,8,5,2,0,20,28,0,0,0,0,0.0,0.0,0.0,0.0,0,0,0,0,0,0,0,0,0,0,0,0,,,,0,,,,,,,,,,,,,,,,,
2754,Internal,373,805,90075,49,29.2,7.5,0,135,59,0,11,44,0,0,0,0,0.0,0.0,0.0,0.0,0,0,0,0,2438,0,0,0,0,0,0,0,,,,0,,,,,,,,,,,,,,,,,
2755,Internal,280,739,128824,49,33.9,10.3,16,7,14,0,5,28,0,0,0,0,0.0,0.0,0.0,0.0,0,0,0,0,0,0,0,0,0,0,0,0,,,,0,,,,,,,,,,,,,,,,,
2756,Internal,597,2078,128824,49,33.9,10.3,58,16,80,0,5,43,0,0,0,0,0.0,0.0,0.0,0.0,0,0,0,0,0,0,0,0,0,0,0,0,,,,0,,,,,,,,,,,,,,,,,
2757,Internal,0,0,128824,49,33.9,10.3,0,159,33,8,292,28,0,0,0,0,0.0,0.0,0.0,0.0,0,0,0,0,3241,0,0,0,0,0,0,0,,,,0,,,,,,,,,,,,,,,,,
2758,Internal,88,218,128824,49,33.9,10.3,0,0,279,0,0,28,0,0,0,0,0.0,0.0,0.0,0.0,0,0,0,0,0,0,0,0,0,0,0,0,,,,0,,,,,,,,,,,,,,,,,
2759,Internal,166,488,128824,49,33.9,10.3,32,55,36,0,2,28,0,0,0,0,0.0,0.0,0.0,0.0,0,0,0,0,0,0,0,0,0,0,0,0,,,,0,,,,,,,,,,,,,,,,,
2760,Internal,711,1958,99006,45,29.4,11.0,0,3,74,0,0,31,0,0,0,0,0.0,0.0,0.0,0.0,0,0,0,0,997,0,0,0,0,0,0,0,,,,0,,,,,,,,,,,,,,,,,
2761,Internal,333,1013,99006,45,29.4,11.0,0,0,0,0,2,31,0,0,0,0,0.0,0.0,0.0,0.0,0,0,0,0,0,0,0,0,0,0,0,0,,,,0,,,,,,,,,,,,,,,,,
2762,Internal,308,637,99006,45,29.4,11.0,81,45,227,25,194,17,0,0,0,0,0.0,0.0,0.0,0.0,0,0,0,0,0,0,0,0,0,0,0,0,,,,0,,,,,,,,,,,,,,,,,
2763,Internal,1487,4313,93859,47,25.0,11.5,24,36,98,0,1,33,0,0,0,0,0.0,0.0,0.0,0.0,0,0,0,0,0,0,0,0,0,0,0,0,,,,0,,,,,,,,,,,,,,,,,
2764,Internal,959,2693,93859,47,25.0,11.5,28,95,616,0,38,35,0,0,0,0,0.0,0.0,0.0,0.0,0,0,0,0,0,0,0,0,0,0,0,0,,,,0,,,,,,,,,,,,,,,,,
2765,Internal,65,196,93859,47,25.0,11.5,0,15,2,0,0,37,0,0,0,0,0.0,0.0,0.0,0.0,0,0,0,0,0,0,0,0,0,0,0,0,,,,0,,,,,,,,,,,,,,,,,
2766,Internal,774,2029,93859,47,25.0,11.5,61,71,4,0,9,34,0,0,0,0,0.0,0.0,0.0,0.0,0,0,0,0,39,0,0,0,0,0,0,0,,,,0,,,,,,,,,,,,,,,,,
2767,Internal,2980,8697,106661,47,36.8,6.7,25,692,594,15,28,59,0,0,0,0,0.0,0.0,0.0,0.0,0,0,0,0,0,0,0,0,0,0,0,0,,,,0,,,,,,,,,,,,,,,,,
2768,Internal,1440,3809,106661,47,36.8,6.7,10,121,87,17,342,29,0,0,0,0,0.0,0.0,0.0,0.0,0,0,0,0,0,0,0,0,0,0,0,0,,,,0,,,,,,,,,,,,,,,,,
2769,Internal,1418,4157,106661,47,36.8,6.7,3,842,665,122,21,41,0,0,0,0,0.0,0.0,0.0,0.0,0,0,0,0,3991,0,0,0,0,0,0,0,,,,0,,,,,,,,,,,,,,,,,
2770,Internal,1437,4358,106661,47,36.8,6.7,0,290,605,20,53,61,0,0,0,0,0.0,0.0,0.0,0.0,0,0,0,0,0,0,0,0,0,0,0,0,,,,0,,,,,,,,,,,,,,,,,
2771,Internal,994,2753,99006,45,29.4,11.0,0,0,82,8,277,38,0,0,0,0,0.0,0.0,0.0,0.0,0,0,0,0,0,0,0,0,0,0,0,0,,,,0,,,,,,,,,,,,,,,,,
2772,Internal,327,761,106661,47,36.8,6.7,5,141,188,110,119,35,0,0,0,0,0.0,0.0,0.0,0.0,0,0,0,0,1186,0,0,0,0,0,0,0,,,,0,,,,,,,,,,,,,,,,,
2773,Internal,15,42,93859,47,25.0,11.5,0,10,6,0,7,37,0,0,0,0,0.0,0.0,0.0,0.0,0,0,0,0,0,0,0,0,0,0,0,0,,,,0,,,,,,,,,,,,,,,,,
2774,Internal,192,481,71339,45,22.5,13.7,6,6,12,0,4,31,0,0,0,0,0.0,0.0,0.0,0.0,0,0,0,0,0,0,0,0,0,0,0,0,,,,0,,,,,,,,,,,,,,,,,
2775,Internal,1057,2827,71339,45,22.5,13.7,13,505,1119,89,39,34,0,0,0,0,0.0,0.0,0.0,0.0,0,0,0,0,0,0,0,0,0,0,0,0,,,,0,,,,,,,,,,,,,,,,,
2776,Internal,280,779,71339,45,22.5,13.7,80,4,220,0,10,49,0,0,0,0,0.0,0.0,0.0,0.0,0,0,0,0,5021,0,0,0,0,0,0,0,,,,0,,,,,,,,,,,,,,,,,
2777,Internal,105,288,71339,45,22.5,13.7,5,8,2,0,0,31,0,0,0,0,0.0,0.0,0.0,0.0,0,0,0,0,0,0,0,0,0,0,0,0,,,,0,,,,,,,,,,,,,,,,,
2778,Internal,107,293,71339,45,22.5,13.7,21,5,0,0,0,31,0,0,0,0,0.0,0.0,0.0,0.0,0,0,0,0,0,0,0,0,0,0,0,0,,,,0,,,,,,,,,,,,,,,,,
2779,Internal,1669,4935,82781,45,35.0,10.5,25,460,499,9,254,24,0,0,0,0,0.0,0.0,0.0,0.0,0,0,0,0,1009,0,0,0,0,0,0,0,,,,0,,,,,,,,,,,,,,,,,
2780,Internal,812,2232,82781,45,35.0,10.5,6,19,68,0,0,31,0,0,0,0,0.0,0.0,0.0,0.0,0,0,0,0,0,0,0,0,0,0,0,0,,,,0,,,,,,,,,,,,,,,,,
2781,Internal,869,2193,92222,49,27.9,5.9,6,11,46,27,238,15,0,0,0,0,0.0,0.0,0.0,0.0,0,0,0,0,0,0,0,0,0,0,0,0,,,,0,,,,,,,,,,,,,,,,,
2782,Internal,145,392,82781,45,35.0,10.5,32,0,1,0,4,31,0,0,0,0,0.0,0.0,0.0,0.0,0,0,0,0,0,0,0,0,0,0,0,0,,,,0,,,,,,,,,,,,,,,,,
2783,Internal,225,603,82781,45,35.0,10.5,78,109,787,0,5,31,0,0,0,0,0.0,0.0,0.0,0.0,0,0,0,0,0,0,0,0,0,0,0,0,,,,0,,,,,,,,,,,,,,,,,
2784,Internal,816,2235,82781,45,35.0,10.5,6,2,446,3,21,30,0,0,0,0,0.0,0.0,0.0,0.0,0,0,0,0,0,0,0,0,0,0,0,0,,,,0,,,,,,,,,,,,,,,,,
2785,Internal,232,592,74766,46,13.5,20.5,27,6,8,1,0,58,0,0,0,0,0.0,0.0,0.0,0.0,0,0,0,0,0,0,0,0,0,0,0,0,,,,0,,,,,,,,,,,,,,,,,
2786,Internal,416,1133,74766,46,13.5,20.5,4,6,7,0,0,58,0,0,0,0,0.0,0.0,0.0,0.0,0,0,0,0,0,0,0,0,0,0,0,0,,,,0,,,,,,,,,,,,,,,,,
2787,Internal,107,290,74766,46,13.5,20.5,0,21,15,0,3,58,0,0,0,0,0.0,0.0,0.0,0.0,0,0,0,0,0,0,0,0,0,0,0,0,,,,0,,,,,,,,,,,,,,,,,
2788,Internal,102,308,74766,46,13.5,20.5,1,59,12,0,0,40,0,0,0,0,0.0,0.0,0.0,0.0,0,0,0,0,0,0,0,0,0,0,0,0,,,,0,,,,,,,,,,,,,,,,,
2789,Internal,266,696,48839,46,27.6,5.4,48,37,2,0,6,58,0,0,0,0,0.0,0.0,0.0,0.0,0,0,0,0,0,0,0,0,0,0,0,0,,,,0,,,,,,,,,,,,,,,,,
2790,Internal,70,163,48839,46,27.6,5.4,4,14,0,0,0,30,0,0,0,0,0.0,0.0,0.0,0.0,0,0,0,0,0,0,0,0,0,0,0,0,,,,0,,,,,,,,,,,,,,,,,
2791,Internal,75,203,48839,46,27.6,5.4,99,19,2,3,0,58,0,0,0,0,0.0,0.0,0.0,0.0,0,0,0,0,0,0,0,0,0,0,0,0,,,,0,,,,,,,,,,,,,,,,,
2792,Internal,153,431,48839,46,27.6,5.4,2,8,5,0,0,58,0,0,0,0,0.0,0.0,0.0,0.0,0,0,0,0,0,0,0,0,0,0,0,0,,,,0,,,,,,,,,,,,,,,,,
2793,Internal,523,1465,81953,46,30.5,14.7,6,170,26,0,0,16,0,0,0,0,0.0,0.0,0.0,0.0,0,0,0,0,0,0,0,0,0,0,0,0,,,,0,,,,,,,,,,,,,,,,,
2794,Internal,251,681,81953,46,30.5,14.7,62,45,190,3,48,80,0,0,0,0,0.0,0.0,0.0,0.0,0,0,0,0,0,0,0,0,0,0,0,0,,,,0,,,,,,,,,,,,,,,,,
2795,Internal,523,1436,81953,46,30.5,14.7,2,36,302,3,32,12,0,0,0,0,0.0,0.0,0.0,0.0,0,0,0,0,0,0,0,0,0,0,0,0,,,,0,,,,,,,,,,,,,,,,,
2796,Internal,1185,3366,81953,46,30.5,14.7,4,96,11,0,3,25,0,0,0,0,0.0,0.0,0.0,0.0,0,0,0,0,887,0,0,0,0,0,0,0,,,,0,,,,,,,,,,,,,,,,,
2797,Internal,295,888,87059,46,26.1,18.2,0,10,672,0,3,58,0,0,0,0,0.0,0.0,0.0,0.0,0,0,0,0,0,0,0,0,0,0,0,0,,,,0,,,,,,,,,,,,,,,,,
2798,Internal,1197,3325,87059,46,26.1,18.2,50,89,808,0,1,58,0,0,0,0,0.0,0.0,0.0,0.0,0,0,0,0,0,0,0,0,0,0,0,0,,,,0,,,,,,,,,,,,,,,,,
2799,Internal,311,838,87059,46,26.1,18.2,28,1,32,0,0,53,0,0,0,0,0.0,0.0,0.0,0.0,0,0,0,0,0,0,0,0,0,0,0,0,,,,0,,,,,,,,,,,,,,,,,
2800,Internal,314,819,87059,46,26.1,18.2,8,19,11,0,0,58,0,0,0,0,0.0,0.0,0.0,0.0,0,0,0,0,0,0,0,0,0,0,0,0,,,,0,,,,,,,,,,,,,,,,,
2801,Internal,106,299,87059,46,26.1,18.2,11,102,444,104,69,31,0,0,0,0,0.0,0.0,0.0,0.0,0,0,0,0,933,0,0,0,0,0,0,0,,,,0,,,,,,,,,,,,,,,,,
2802,Internal,195,518,87059,46,26.1,18.2,0,6,6,0,0,58,0,0,0,0,0.0,0.0,0.0,0.0,0,0,0,0,0,0,0,0,0,0,0,0,,,,0,,,,,,,,,,,,,,,,,
2803,Internal,177,517,69435,41,31.8,18.3,1,9,54,1,87,38,0,0,0,0,0.0,0.0,0.0,0.0,0,0,0,0,0,0,0,0,0,0,0,0,,,,0,,,,,,,,,,,,,,,,,
2804,Internal,566,1446,69435,41,31.8,18.3,0,3,22,0,0,41,0,0,0,0,0.0,0.0,0.0,0.0,0,0,0,0,0,0,0,0,0,0,0,0,,,,0,,,,,,,,,,,,,,,,,
2805,Internal,378,993,40964,41,34.0,10.0,30,9,41,0,2,24,0,0,0,0,0.0,0.0,0.0,0.0,0,0,0,0,0,0,0,0,0,0,0,0,,,,0,,,,,,,,,,,,,,,,,
2806,Internal,692,1708,40964,41,34.0,10.0,22,6,266,5,64,20,0,0,0,0,0.0,0.0,0.0,0.0,0,0,0,0,0,0,0,0,0,0,0,0,,,,0,,,,,,,,,,,,,,,,,
2807,Internal,233,610,69435,41,31.8,18.3,0,645,272,0,166,37,0,0,0,0,0.0,0.0,0.0,0.0,0,0,0,0,0,0,0,0,0,0,0,0,,,,0,,,,,,,,,,,,,,,,,
2808,Internal,101,270,74918,41,22.8,23.2,8,19,50,6,0,44,0,0,0,0,0.0,0.0,0.0,0.0,0,0,0,0,0,0,0,0,0,0,0,0,,,,0,,,,,,,,,,,,,,,,,
2809,Internal,9,28,74918,41,22.8,23.2,0,2,85,0,434,8,0,0,0,0,0.0,0.0,0.0,0.0,0,0,0,0,0,0,0,0,0,0,0,0,,,,0,,,,,,,,,,,,,,,,,
2810,Internal,1247,3448,74918,41,22.8,23.2,29,19,276,0,0,13,0,0,0,0,0.0,0.0,0.0,0.0,0,0,0,0,0,0,0,0,0,0,0,0,,,,0,,,,,,,,,,,,,,,,,
2811,Internal,13,35,74918,41,22.8,23.2,564,123,22,4,453,35,0,0,0,0,0.0,0.0,0.0,0.0,0,0,0,0,2112,0,530,0,0,0,0,0,,,,0,,,,,,,,,,,,,,,,,
2812,Internal,239,667,52888,41,35.3,4.0,81,0,2,0,0,41,0,0,0,0,0.0,0.0,0.0,0.0,0,0,0,0,0,0,0,0,0,0,0,0,,,,0,,,,,,,,,,,,,,,,,
2813,Internal,1193,3254,52888,41,35.3,4.0,943,44,383,30,23,77,0,0,0,0,0.0,0.0,0.0,0.0,0,0,0,0,0,0,0,0,0,0,0,0,,,,0,,,,,,,,,,,,,,,,,
2814,Internal,106,260,52888,41,35.3,4.0,196,21,85,27,18,21,0,0,0,0,0.0,0.0,0.0,0.0,0,0,0,0,0,0,0,0,0,0,0,0,,,,0,,,,,,,,,,,,,,,,,
2815,Internal,463,1274,25543,41,22.7,12.6,45,10,15,4,2,41,0,0,0,0,0.0,0.0,0.0,0.0,0,0,0,0,0,0,0,0,0,0,0,0,,,,0,,,,,,,,,,,,,,,,,
2816,Internal,350,963,25543,41,22.7,12.6,0,6,8,0,0,41,0,0,0,0,0.0,0.0,0.0,0.0,0,0,0,0,0,0,0,0,0,0,0,0,,,,0,,,,,,,,,,,,,,,,,
2817,Internal,96,281,25543,41,22.7,12.6,3,19,81,13,98,32,0,0,0,0,0.0,0.0,0.0,0.0,0,0,0,0,0,0,0,0,0,0,0,0,,,,0,,,,,,,,,,,,,,,,,
2818,Internal,227,659,25543,41,22.7,12.6,37,4,31,0,3,41,0,0,0,0,0.0,0.0,0.0,0.0,0,0,0,0,0,0,0,0,0,0,0,0,,,,0,,,,,,,,,,,,,,,,,
2819,Internal,71,175,25543,41,22.7,12.6,341,51,20,8,16,19,0,0,0,0,0.0,0.0,0.0,0.0,0,0,0,0,164,0,0,0,0,0,0,0,,,,0,,,,,,,,,,,,,,,,,
2820,Internal,408,1152,66111,48,19.4,10.5,8,40,33,0,2,38,0,0,0,0,0.0,0.0,0.0,0.0,0,0,0,0,0,0,0,0,0,0,0,0,,,,0,,,,,,,,,,,,,,,,,
2821,Internal,66,191,47521,42,12.6,13.5,1290,5,115,0,0,81,0,0,0,0,0.0,0.0,0.0,0.0,0,0,0,0,0,0,0,0,0,0,0,0,,,,0,,,,,,,,,,,,,,,,,
2822,Internal,619,1637,85288,48,19.2,17.2,74,205,526,93,1,24,0,0,0,0,0.0,0.0,0.0,0.0,0,0,0,0,0,0,0,0,0,0,0,0,,,,0,,,,,,,,,,,,,,,,,
2823,Internal,476,1342,85288,48,19.2,17.2,38,45,12,0,2,42,0,0,0,0,0.0,0.0,0.0,0.0,0,0,0,0,0,0,0,0,0,0,0,0,,,,0,,,,,,,,,,,,,,,,,
2824,Internal,70,169,66111,48,19.4,10.5,2,6,3,0,2,38,0,0,0,0,0.0,0.0,0.0,0.0,0,0,0,0,0,0,0,0,0,0,0,0,,,,0,,,,,,,,,,,,,,,,,
2825,Internal,61,210,47521,42,12.6,13.5,16,88,727,0,0,72,0,0,0,0,0.0,0.0,0.0,0.0,0,0,0,0,0,0,0,0,0,0,0,0,,,,0,,,,,,,,,,,,,,,,,
2826,Internal,595,1680,47521,42,12.6,13.5,177,16,254,189,28,38,0,0,0,0,0.0,0.0,0.0,0.0,0,0,0,0,5,0,0,0,0,0,0,0,,,,0,,,,,,,,,,,,,,,,,
2827,Internal,185,504,66111,48,19.4,10.5,22,6,13,0,6,22,0,0,0,0,0.0,0.0,0.0,0.0,0,0,0,0,0,0,0,0,0,0,0,0,,,,0,,,,,,,,,,,,,,,,,
2828,Internal,154,346,66111,48,19.4,10.5,326,100,230,11,5,47,0,0,0,0,0.0,0.0,0.0,0.0,0,0,0,0,2184,0,0,0,0,0,0,0,,,,0,,,,,,,,,,,,,,,,,
2829,Internal,307,1005,50625,48,27.1,12.2,2,15,1,0,9,38,0,0,0,0,0.0,0.0,0.0,0.0,0,0,0,0,0,0,0,0,0,0,0,0,,,,0,,,,,,,,,,,,,,,,,
2830,Internal,214,550,58281,42,37.6,9.9,12,5,22,29,0,51,0,0,0,0,0.0,0.0,0.0,0.0,0,0,0,0,0,0,0,0,0,0,0,0,,,,0,,,,,,,,,,,,,,,,,
2831,Internal,174,598,58281,42,37.6,9.9,518,33,61,4,35,78,0,0,0,0,0.0,0.0,0.0,0.0,0,0,0,0,0,0,0,0,0,0,0,0,,,,0,,,,,,,,,,,,,,,,,
2832,Internal,108,316,58281,42,37.6,9.9,0,0,2,0,0,51,0,0,0,0,0.0,0.0,0.0,0.0,0,0,0,0,0,0,0,0,0,0,0,0,,,,0,,,,,,,,,,,,,,,,,
2833,Internal,75,203,50625,48,27.1,12.2,0,20,0,0,0,38,0,0,0,0,0.0,0.0,0.0,0.0,0,0,0,0,0,0,0,0,0,0,0,0,,,,0,,,,,,,,,,,,,,,,,
2834,Internal,998,2375,47521,42,12.6,13.5,897,224,153,5,35,32,0,0,0,0,0.0,0.0,0.0,0.0,0,0,0,0,3795,0,0,0,0,0,0,0,,,,0,,,,,,,,,,,,,,,,,
2835,Internal,764,2095,47521,42,12.6,13.5,256,297,71,221,70,35,0,0,0,0,0.0,0.0,0.0,0.0,0,0,0,0,769,0,0,0,0,0,0,0,,,,0,,,,,,,,,,,,,,,,,
2836,Internal,221,581,47521,42,12.6,13.5,34,14,91,0,3,19,0,0,0,0,0.0,0.0,0.0,0.0,0,0,0,0,0,0,0,0,0,0,0,0,,,,0,,,,,,,,,,,,,,,,,
2837,Internal,234,316,47521,42,12.6,13.5,3,6,100,46,173,27,0,0,0,0,0.0,0.0,0.0,0.0,0,0,0,0,0,0,0,0,0,0,0,0,,,,0,,,,,,,,,,,,,,,,,
2838,Internal,41,117,54234,42,34.2,12.5,13,44,129,23,22,56,0,0,0,0,0.0,0.0,0.0,0.0,0,0,0,0,0,0,0,0,0,0,0,0,,,,0,,,,,,,,,,,,,,,,,
2839,Internal,80,181,54234,42,34.2,12.5,52,28,23,0,2,47,0,0,0,0,0.0,0.0,0.0,0.0,0,0,0,0,0,0,0,0,0,0,0,0,,,,0,,,,,,,,,,,,,,,,,
2840,Internal,382,1078,54234,42,34.2,12.5,67,22,65,29,20,27,0,0,0,0,0.0,0.0,0.0,0.0,0,0,0,0,0,0,0,0,0,0,0,0,,,,0,,,,,,,,,,,,,,,,,
2841,Internal,697,1947,54234,42,34.2,12.5,1,7,28,2,3,18,0,0,0,0,0.0,0.0,0.0,0.0,0,0,0,0,0,0,0,0,0,0,0,0,,,,0,,,,,,,,,,,,,,,,,
2842,Internal,685,1881,54234,42,34.2,12.5,0,2,21,0,3,51,0,0,0,0,0.0,0.0,0.0,0.0,0,0,0,0,0,0,0,0,0,0,0,0,,,,0,,,,,,,,,,,,,,,,,
2843,Internal,255,708,54234,42,34.2,12.5,225,11,21,0,9,31,0,0,0,0,0.0,0.0,0.0,0.0,0,0,0,0,0,0,0,0,0,0,0,0,,,,0,,,,,,,,,,,,,,,,,
2844,Internal,417,1209,54234,42,34.2,12.5,2,126,31,12,2,51,0,0,0,0,0.0,0.0,0.0,0.0,0,0,0,0,928,0,0,0,0,0,0,0,,,,0,,,,,,,,,,,,,,,,,
2845,Internal,166,388,74918,41,22.8,23.2,29,120,10,3,23,41,0,0,0,0,0.0,0.0,0.0,0.0,0,0,0,0,1136,0,0,0,0,0,0,0,,,,0,,,,,,,,,,,,,,,,,
2846,Internal,1109,2988,60875,50,36.8,15.3,2,23,0,0,3,28,0,0,0,0,0.0,0.0,0.0,0.0,0,0,0,0,0,0,0,0,0,0,0,0,,,,0,,,,,,,,,,,,,,,,,
2847,Internal,565,1576,60875,50,36.8,15.3,70,28,112,17,27,26,0,0,0,0,0.0,0.0,0.0,0.0,0,0,0,0,0,0,0,0,0,0,0,0,,,,0,,,,,,,,,,,,,,,,,
2848,Internal,153,437,60875,50,36.8,15.3,4,5,2,0,0,28,0,0,0,0,0.0,0.0,0.0,0.0,0,0,0,0,0,0,0,0,0,0,0,0,,,,0,,,,,,,,,,,,,,,,,
2849,Internal,208,577,54321,50,28.1,14.0,0,11,0,0,0,28,0,0,0,0,0.0,0.0,0.0,0.0,0,0,0,0,0,0,0,0,0,0,0,0,,,,0,,,,,,,,,,,,,,,,,
2850,Internal,1055,2913,54321,50,28.1,14.0,0,7,122,0,11,28,0,0,0,0,0.0,0.0,0.0,0.0,0,0,0,0,0,0,0,0,0,0,0,0,,,,0,,,,,,,,,,,,,,,,,
2851,Internal,144,299,54321,50,28.1,14.0,0,21,18,0,16,64,0,0,0,0,0.0,0.0,0.0,0.0,0,0,0,0,0,0,0,0,0,0,0,0,,,,0,,,,,,,,,,,,,,,,,
2852,Internal,497,1392,54321,50,28.1,14.0,59,2,104,0,0,28,0,0,0,0,0.0,0.0,0.0,0.0,0,0,0,0,0,0,0,0,0,0,0,0,,,,0,,,,,,,,,,,,,,,,,
2853,Internal,370,950,54321,50,28.1,14.0,0,7,3,3,0,28,0,0,0,0,0.0,0.0,0.0,0.0,0,0,0,0,0,0,0,0,0,0,0,0,,,,0,,,,,,,,,,,,,,,,,
2854,Internal,137,334,54321,50,28.1,14.0,25,38,136,12,89,20,0,0,0,0,0.0,0.0,0.0,0.0,0,0,0,0,0,0,0,0,0,0,0,0,,,,0,,,,,,,,,,,,,,,,,
2855,Internal,860,2030,94281,50,23.4,8.1,8,66,61,0,73,43,0,0,0,0,0.0,0.0,0.0,0.0,0,0,0,0,1108,0,0,0,0,0,0,0,,,,0,,,,,,,,,,,,,,,,,
2856,Internal,666,1780,94281,50,23.4,8.1,2,51,7,0,37,28,0,0,0,0,0.0,0.0,0.0,0.0,0,0,0,0,0,0,0,0,0,0,0,0,,,,0,,,,,,,,,,,,,,,,,
2857,Internal,414,1127,94281,50,23.4,8.1,12,23,15,0,4,28,0,0,0,0,0.0,0.0,0.0,0.0,0,0,0,0,0,0,0,0,0,0,0,0,,,,0,,,,,,,,,,,,,,,,,
2858,Internal,228,649,41092,37,28.2,10.7,6,5,1,0,0,25,0,0,0,0,0.0,0.0,0.0,0.0,0,0,0,0,0,0,0,0,0,0,0,0,,,,0,,,,,,,,,,,,,,,,,
2859,Internal,336,941,41092,37,28.2,10.7,0,13,4,0,0,25,0,0,0,0,0.0,0.0,0.0,0.0,0,0,0,0,0,0,0,0,0,0,0,0,,,,0,,,,,,,,,,,,,,,,,
2860,Internal,839,2326,41092,37,28.2,10.7,32,3,8,1,4,25,0,0,0,0,0.0,0.0,0.0,0.0,0,0,0,0,0,0,0,0,0,0,0,0,,,,0,,,,,,,,,,,,,,,,,
2861,Internal,245,743,41092,37,28.2,10.7,0,13,14,0,8,23,0,0,0,0,0.0,0.0,0.0,0.0,0,0,0,0,0,0,0,0,0,0,0,0,,,,0,,,,,,,,,,,,,,,,,
2862,Internal,169,432,41092,37,28.2,10.7,0,2,0,0,107,25,0,0,0,0,0.0,0.0,0.0,0.0,0,0,0,0,0,0,0,0,0,0,0,0,,,,0,,,,,,,,,,,,,,,,,
2863,Internal,351,969,46649,39,25.7,9.8,0,106,5,1,0,23,0,0,0,0,0.0,0.0,0.0,0.0,0,0,0,0,0,0,0,0,0,0,0,0,,,,0,,,,,,,,,,,,,,,,,
2864,Internal,452,1166,46649,39,25.7,9.8,10,30,29,6,43,9,0,0,0,0,0.0,0.0,0.0,0.0,0,0,0,0,0,0,0,0,0,0,0,0,,,,0,,,,,,,,,,,,,,,,,
2865,Internal,54,155,37778,43,8.2,11.2,4,0,1,0,0,32,0,0,0,0,0.0,0.0,0.0,0.0,0,0,0,0,0,0,0,0,0,0,0,0,,,,0,,,,,,,,,,,,,,,,,
2866,Internal,407,936,46649,39,25.7,9.8,20,123,51,48,366,25,0,0,0,0,0.0,0.0,0.0,0.0,0,0,0,0,1132,0,0,0,0,0,0,0,,,,0,,,,,,,,,,,,,,,,,
2867,Internal,650,1793,36705,39,22.4,21.6,8,29,11,57,3,26,0,0,0,0,0.0,0.0,0.0,0.0,0,0,0,0,593,0,0,0,0,0,0,0,,,,0,,,,,,,,,,,,,,,,,
2868,Internal,586,1597,36705,39,22.4,21.6,4,5,7,0,0,23,0,0,0,0,0.0,0.0,0.0,0.0,0,0,0,0,0,0,0,0,0,0,0,0,,,,0,,,,,,,,,,,,,,,,,
2869,Internal,319,841,36705,39,22.4,21.6,0,1,12,0,1,23,0,0,0,0,0.0,0.0,0.0,0.0,0,0,0,0,0,0,0,0,0,0,0,0,,,,0,,,,,,,,,,,,,,,,,
2870,Internal,286,734,37917,37,30.8,11.9,38,119,10,33,8,25,0,0,0,0,0.0,0.0,0.0,0.0,0,0,0,0,1036,0,0,0,0,0,0,0,,,,0,,,,,,,,,,,,,,,,,
2871,Internal,110,262,37917,37,30.8,11.9,2,15,0,0,0,25,0,0,0,0,0.0,0.0,0.0,0.0,0,0,0,0,0,0,0,0,0,0,0,0,,,,0,,,,,,,,,,,,,,,,,
2872,Internal,144,384,57784,37,15.3,15.1,10,18,2,0,0,25,0,0,0,0,0.0,0.0,0.0,0.0,0,0,0,0,0,0,0,0,0,0,0,0,,,,0,,,,,,,,,,,,,,,,,
2873,Internal,293,748,37917,37,30.8,11.9,45,5,39,3,3,25,0,0,0,0,0.0,0.0,0.0,0.0,0,0,0,0,0,0,0,0,0,0,0,0,,,,0,,,,,,,,,,,,,,,,,
2874,Internal,225,589,37917,37,30.8,11.9,0,0,1,2,1,25,0,0,0,0,0.0,0.0,0.0,0.0,0,0,0,0,0,0,0,0,0,0,0,0,,,,0,,,,,,,,,,,,,,,,,
2875,Internal,160,438,37917,37,30.8,11.9,0,41,48,29,33,13,0,0,0,0,0.0,0.0,0.0,0.0,0,0,0,0,0,0,0,0,0,0,0,0,,,,0,,,,,,,,,,,,,,,,,
2876,Internal,363,1026,57784,37,15.3,15.1,13,63,31,0,0,35,0,0,0,0,0.0,0.0,0.0,0.0,0,0,0,0,0,0,0,0,0,0,0,0,,,,0,,,,,,,,,,,,,,,,,
2877,Internal,62,150,57784,37,15.3,15.1,0,0,1,0,0,25,0,0,0,0,0.0,0.0,0.0,0.0,0,0,0,0,0,0,0,0,0,0,0,0,,,,0,,,,,,,,,,,,,,,,,
2878,Internal,1516,4034,49537,43,22.4,18.4,34,39,266,64,151,34,0,0,0,0,0.0,0.0,0.0,0.0,0,0,0,0,0,0,0,0,0,0,0,0,,,,0,,,,,,,,,,,,,,,,,
2879,Internal,1067,2870,49200,39,25.9,13.8,32,7,22,0,1,28,0,0,0,0,0.0,0.0,0.0,0.0,0,0,0,0,0,0,0,0,0,0,0,0,,,,0,,,,,,,,,,,,,,,,,
2880,Internal,2240,6218,49200,39,25.9,13.8,84,0,547,0,31,30,0,0,0,0,0.0,0.0,0.0,0.0,0,0,0,0,0,0,0,0,0,0,0,0,,,,0,,,,,,,,,,,,,,,,,
2881,Internal,192,420,37778,43,8.2,11.2,0,0,1,17,0,32,0,0,0,0,0.0,0.0,0.0,0.0,0,0,0,0,0,0,0,0,0,0,0,0,,,,0,,,,,,,,,,,,,,,,,
2882,Internal,376,858,37778,43,8.2,11.2,0,5,51,0,27,0,0,0,0,0,0.0,0.0,0.0,0.0,0,0,0,0,0,0,0,0,0,0,0,0,,,,0,,,,,,,,,,,,,,,,,
2883,Internal,147,352,49200,39,25.9,13.8,24,4,10,0,0,30,0,0,0,0,0.0,0.0,0.0,0.0,0,0,0,0,0,0,0,0,0,0,0,0,,,,0,,,,,,,,,,,,,,,,,
2884,Internal,144,342,49200,39,25.9,13.8,2,5,0,1,0,30,0,0,0,0,0.0,0.0,0.0,0.0,0,0,0,0,0,0,0,0,0,0,0,0,,,,0,,,,,,,,,,,,,,,,,
2885,Internal,418,962,37778,43,8.2,11.2,0,41,34,41,6,24,0,0,0,0,0.0,0.0,0.0,0.0,0,0,0,0,430,0,0,0,0,0,0,0,,,,0,,,,,,,,,,,,,,,,,
2886,Internal,381,754,37778,43,8.2,11.2,2,41,34,1202,125,18,0,0,0,0,0.0,0.0,0.0,0.0,0,0,0,0,0,4570,0,0,0,0,0,0,,,,0,,,,,,,,,,,,,,,,,
2887,Internal,3021,8001,35625,37,23.5,26.6,22,540,1560,298,862,11,0,0,0,0,0.0,0.0,0.0,0.0,0,0,0,0,0,0,0,0,0,0,0,0,,,,0,,,,,,,,,,,,,,,,,
2888,Internal,1229,3425,67656,37,26.0,9.8,13,5,28,40,18,25,0,0,0,0,0.0,0.0,0.0,0.0,0,0,0,0,0,0,0,0,0,0,0,0,,,,0,,,,,,,,,,,,,,,,,
2889,Internal,405,1085,47109,38,26.7,13.3,13,42,44,5,13,36,0,0,0,0,0.0,0.0,0.0,0.0,0,0,0,0,0,0,0,0,0,0,0,0,,,,0,,,,,,,,,,,,,,,,,
2890,Internal,599,1508,35625,37,23.5,26.6,18,146,192,48,248,23,0,0,0,0,0.0,0.0,0.0,0.0,0,0,0,0,0,0,0,0,0,0,0,0,,,,0,,,,,,,,,,,,,,,,,
2891,Internal,154,441,47109,38,26.7,13.3,0,245,1,0,0,45,0,0,0,0,0.0,0.0,0.0,0.0,0,0,0,0,4145,0,0,0,0,0,0,0,,,,0,,,,,,,,,,,,,,,,,
2892,Internal,119,340,67656,37,26.0,9.8,108,7,113,32,83,31,0,0,0,0,0.0,0.0,0.0,0.0,0,0,0,0,0,0,0,0,0,0,0,0,,,,0,,,,,,,,,,,,,,,,,
2893,Internal,1033,2647,47109,38,26.7,13.3,7,277,136,172,104,6,0,0,0,0,0.0,0.0,0.0,0.0,0,0,0,0,0,0,0,0,0,0,0,0,,,,0,,,,,,,,,,,,,,,,,
2894,Internal,1287,3232,47093,46,26.3,11.5,71,402,319,51,70,42,0,0,0,0,0.0,0.0,0.0,0.0,0,0,0,0,0,0,0,0,0,0,0,0,,,,0,,,,,,,,,,,,,,,,,
2895,Internal,683,1877,47093,46,26.3,11.5,2,1,59,0,2,21,0,0,0,0,0.0,0.0,0.0,0.0,0,0,0,0,0,0,0,0,0,0,0,0,,,,0,,,,,,,,,,,,,,,,,
2896,Internal,357,962,47109,38,26.7,13.3,65,14,9,0,4,40,0,0,0,0,0.0,0.0,0.0,0.0,0,0,0,0,0,0,0,0,0,0,0,0,,,,0,,,,,,,,,,,,,,,,,
2897,Internal,674,1601,45682,36,26.9,13.3,8,15,4,0,6,20,0,0,0,0,0.0,0.0,0.0,0.0,0,0,0,0,0,0,0,0,0,0,0,0,,,,0,,,,,,,,,,,,,,,,,
2898,Internal,151,431,45682,36,26.9,13.3,64,5,9,2,35,28,0,0,0,0,0.0,0.0,0.0,0.0,0,0,0,0,0,0,0,0,0,0,0,0,,,,0,,,,,,,,,,,,,,,,,
2899,Internal,376,1023,45682,36,26.9,13.3,10,71,71,69,51,28,0,0,0,0,0.0,0.0,0.0,0.0,0,0,0,0,667,0,0,0,0,0,0,0,,,,0,,,,,,,,,,,,,,,,,
2900,Internal,501,1313,47093,46,26.3,11.5,52,155,171,23,77,16,0,0,0,0,0.0,0.0,0.0,0.0,0,0,0,0,0,0,0,0,0,0,0,0,,,,0,,,,,,,,,,,,,,,,,
2901,Internal,136,323,45682,36,26.9,13.3,65,0,26,0,2,9,0,0,0,0,0.0,0.0,0.0,0.0,0,0,0,0,0,0,0,0,0,0,0,0,,,,0,,,,,,,,,,,,,,,,,
2902,Internal,146,440,45682,36,26.9,13.3,1,2,3,0,4,23,0,0,0,0,0.0,0.0,0.0,0.0,0,0,0,0,0,0,0,0,0,0,0,0,,,,0,,,,,,,,,,,,,,,,,
2903,Internal,137,396,66776,47,20.0,14.3,4,18,8,0,0,26,0,0,0,0,0.0,0.0,0.0,0.0,0,0,0,0,0,0,0,0,0,0,0,0,,,,0,,,,,,,,,,,,,,,,,
2904,Internal,706,1723,66776,47,20.0,14.3,47,89,17,0,24,31,0,0,0,0,0.0,0.0,0.0,0.0,0,0,0,0,0,0,0,0,0,0,0,0,,,,0,,,,,,,,,,,,,,,,,
2905,Internal,219,619,66776,47,20.0,14.3,1,13,4,2,0,26,0,0,0,0,0.0,0.0,0.0,0.0,0,0,0,0,0,0,0,0,0,0,0,0,,,,0,,,,,,,,,,,,,,,,,
2906,Internal,1478,4142,74172,48,20.7,13.3,84,16,60,0,24,42,0,0,0,0,0.0,0.0,0.0,0.0,0,0,0,0,0,0,0,0,0,0,0,0,,,,0,,,,,,,,,,,,,,,,,
2907,Internal,283,734,74172,48,20.7,13.3,49,24,95,33,0,34,0,0,0,0,0.0,0.0,0.0,0.0,0,0,0,0,308,0,0,0,0,0,0,0,,,,0,,,,,,,,,,,,,,,,,
2908,Internal,2044,5615,74172,48,20.7,13.3,24,46,186,13,10,38,0,0,0,0,0.0,0.0,0.0,0.0,0,0,0,0,1429,0,0,0,0,0,0,0,,,,0,,,,,,,,,,,,,,,,,
2909,Internal,736,1980,74172,48,20.7,13.3,5,16,22,0,0,33,0,0,0,0,0.0,0.0,0.0,0.0,0,0,0,0,0,0,0,0,0,0,0,0,,,,0,,,,,,,,,,,,,,,,,
2910,Internal,195,524,66354,47,34.5,17.1,125,13,12,0,10,26,0,0,0,0,0.0,0.0,0.0,0.0,0,0,0,0,0,0,0,0,0,0,0,0,,,,0,,,,,,,,,,,,,,,,,
2911,Internal,158,406,66354,47,34.5,17.1,27,9,5,0,0,26,0,0,0,0,0.0,0.0,0.0,0.0,0,0,0,0,0,0,0,0,0,0,0,0,,,,0,,,,,,,,,,,,,,,,,
2912,Internal,416,1060,66406,48,30.6,8.0,2,20,22,5,3,33,0,0,0,0,0.0,0.0,0.0,0.0,0,0,0,0,0,0,0,0,0,0,0,0,,,,0,,,,,,,,,,,,,,,,,
2913,Internal,440,1226,66406,48,30.6,8.0,0,24,4,0,2,10,0,0,0,0,0.0,0.0,0.0,0.0,0,0,0,0,0,0,0,0,0,0,0,0,,,,0,,,,,,,,,,,,,,,,,
2914,Internal,1422,3940,66406,48,30.6,8.0,5,90,42,8,0,9,0,0,0,0,0.0,0.0,0.0,0.0,0,0,0,0,0,0,0,0,0,0,0,0,,,,0,,,,,,,,,,,,,,,,,
2915,Internal,41,102,57784,37,15.3,15.1,112,1,0,0,0,25,0,0,0,0,0.0,0.0,0.0,0.0,0,0,0,0,0,0,0,0,0,0,0,0,,,,0,,,,,,,,,,,,,,,,,
2916,Internal,229,586,49013,42,14.1,27.9,202,45,12,0,0,26,0,0,0,0,0.0,0.0,0.0,0.0,0,0,0,0,207,0,0,0,0,0,0,0,,,,0,,,,,,,,,,,,,,,,,
2917,Internal,210,508,49013,42,14.1,27.9,4,3,11,0,3,23,0,0,0,0,0.0,0.0,0.0,0.0,0,0,0,0,0,0,0,0,0,0,0,0,,,,0,,,,,,,,,,,,,,,,,
2918,Internal,404,1086,49031,42,27.2,13.3,2,11,18,0,0,23,0,0,0,0,0.0,0.0,0.0,0.0,0,0,0,0,0,0,0,0,0,0,0,0,,,,0,,,,,,,,,,,,,,,,,
2919,Internal,215,492,49031,42,27.2,13.3,9,107,15,0,2,30,0,0,0,0,0.0,0.0,0.0,0.0,0,0,0,0,0,0,0,0,0,0,0,0,,,,0,,,,,,,,,,,,,,,,,
2920,Internal,392,1003,55694,42,25.8,18.4,28,15,6,0,5,15,0,0,0,0,0.0,0.0,0.0,0.0,0,0,0,0,0,0,0,0,0,0,0,0,,,,0,,,,,,,,,,,,,,,,,
2921,Internal,244,563,43080,46,9.4,17.6,89,1,7,0,11,38,0,0,0,0,0.0,0.0,0.0,0.0,0,0,0,0,0,0,0,0,0,0,0,0,,,,0,,,,,,,,,,,,,,,,,
2922,Internal,186,456,43080,46,9.4,17.6,251,3,7,0,0,66,0,0,0,0,0.0,0.0,0.0,0.0,0,0,0,0,0,0,0,0,0,0,0,0,,,,0,,,,,,,,,,,,,,,,,
2923,Internal,589,1321,81736,46,20.4,21.6,8,22,137,9,2,27,0,0,0,0,0.0,0.0,0.0,0.0,0,0,0,0,458,0,0,0,0,0,0,0,,,,0,,,,,,,,,,,,,,,,,
2924,Internal,218,453,26929,37,11.9,13.6,72,97,384,201,418,22,0,0,0,0,0.0,0.0,0.0,0.0,0,0,0,0,0,0,0,0,0,0,0,0,,,,0,,,,,,,,,,,,,,,,,
2925,Internal,443,978,26929,37,11.9,13.6,4,17,104,19,225,27,0,0,0,0,0.0,0.0,0.0,0.0,0,0,0,0,0,0,0,0,0,0,0,0,,,,0,,,,,,,,,,,,,,,,,
2926,Internal,669,1593,26471,37,44.5,7.5,24,29,66,0,30,60,0,0,0,0,0.0,0.0,0.0,0.0,0,0,0,0,216,0,0,0,0,0,0,0,,,,0,,,,,,,,,,,,,,,,,
2927,Internal,257,566,17647,37,12.5,42.8,0,14,8,0,0,30,0,0,0,0,0.0,0.0,0.0,0.0,0,0,0,0,0,0,0,0,0,0,0,0,,,,0,,,,,,,,,,,,,,,,,
2928,Internal,552,1181,28611,37,5.9,20.4,16,98,245,7,130,30,0,0,0,0,0.0,0.0,0.0,0.0,0,0,0,0,1185,0,0,0,0,0,0,0,,,,0,,,,,,,,,,,,,,,,,
2929,Internal,307,756,27500,37,12.1,22.6,3,6,575,14,0,42,0,0,0,0,0.0,0.0,0.0,0.0,0,0,0,0,654,0,0,0,0,0,0,0,,,,0,,,,,,,,,,,,,,,,,
2930,Internal,226,540,27500,37,12.1,22.6,117,0,0,7,0,29,0,0,0,0,0.0,0.0,0.0,0.0,0,0,0,0,0,0,0,0,0,0,0,0,,,,0,,,,,,,,,,,,,,,,,
2931,Internal,316,823,27500,37,12.1,22.6,339,501,617,305,196,84,0,0,0,0,0.0,0.0,0.0,0.0,0,0,0,0,0,0,0,0,0,0,0,0,,,,0,,,,,,,,,,,,,,,,,
2932,Internal,453,954,32231,40,29.2,12.5,11,45,28,0,20,25,0,0,0,0,0.0,0.0,0.0,0.0,0,0,0,0,725,0,0,0,0,0,0,0,,,,0,,,,,,,,,,,,,,,,,
2933,Internal,173,395,33705,40,28.2,23.3,3,26,359,95,56,28,0,0,0,0,0.0,0.0,0.0,0.0,0,0,0,0,0,0,0,0,0,0,0,0,,,,0,,,,,,,,,,,,,,,,,
2934,Internal,226,568,33705,40,28.2,23.3,0,5,27,7,4,61,0,0,0,0,0.0,0.0,0.0,0.0,0,0,0,0,0,0,0,0,0,0,0,0,,,,0,,,,,,,,,,,,,,,,,
2935,Internal,343,775,45163,40,19.1,26.1,42,30,171,80,0,32,0,0,0,0,0.0,0.0,0.0,0.0,0,0,0,0,49,0,0,0,0,0,0,0,,,,0,,,,,,,,,,,,,,,,,
2936,Internal,318,710,45163,40,19.1,26.1,50,45,97,13,80,18,0,0,0,0,0.0,0.0,0.0,0.0,0,0,0,0,45,0,0,0,0,0,0,0,,,,0,,,,,,,,,,,,,,,,,
2937,Internal,197,409,54583,47,9.8,13.8,25,0,2,0,13,47,0,0,0,0,0.0,0.0,0.0,0.0,0,0,0,0,0,0,0,0,0,0,0,0,,,,0,,,,,,,,,,,,,,,,,
2938,Internal,45,129,54583,47,9.8,13.8,0,8,2,0,0,47,0,0,0,0,0.0,0.0,0.0,0.0,0,0,0,0,0,0,0,0,0,0,0,0,,,,0,,,,,,,,,,,,,,,,,
2939,Internal,166,379,54583,47,9.8,13.8,14,29,2,0,0,47,0,0,0,0,0.0,0.0,0.0,0.0,0,0,0,0,0,0,0,0,0,0,0,0,,,,0,,,,,,,,,,,,,,,,,
2940,Internal,342,826,54583,47,9.8,13.8,57,2,7,0,0,47,0,0,0,0,0.0,0.0,0.0,0.0,0,0,0,0,0,0,0,0,0,0,0,0,,,,0,,,,,,,,,,,,,,,,,
2941,Internal,725,1744,55703,47,10.8,22.5,27,66,113,26,17,32,0,0,0,0,0.0,0.0,0.0,0.0,0,0,0,0,0,0,0,0,0,0,0,0,,,,0,,,,,,,,,,,,,,,,,
2942,Internal,457,1127,59302,47,30.7,12.1,0,27,4,0,3,47,0,0,0,0,0.0,0.0,0.0,0.0,0,0,0,0,0,0,0,0,0,0,0,0,,,,0,,,,,,,,,,,,,,,,,
2943,Internal,529,1380,59302,47,30.7,12.1,232,104,47,7,31,55,0,0,0,0,0.0,0.0,0.0,0.0,0,0,0,0,597,0,0,0,0,0,0,0,,,,0,,,,,,,,,,,,,,,,,
2944,Internal,836,2072,51701,47,27.3,20.2,28,14,70,5,28,27,0,0,0,0,0.0,0.0,0.0,0.0,0,0,0,0,0,0,0,0,0,0,0,0,,,,0,,,,,,,,,,,,,,,,,
2945,Internal,360,850,51701,47,27.3,20.2,76,73,106,9,155,35,0,0,0,0,0.0,0.0,0.0,0.0,0,0,0,0,0,0,0,0,0,0,0,0,,,,0,,,,,,,,,,,,,,,,,
2946,Internal,520,1188,36377,43,28.7,12.7,0,91,27,0,4,8,0,0,0,0,0.0,0.0,0.0,0.0,0,0,0,0,471,0,0,0,0,0,0,0,,,,0,,,,,,,,,,,,,,,,,
2947,Internal,310,739,36377,43,28.7,12.7,20,3,10,0,1,63,0,0,0,0,0.0,0.0,0.0,0.0,0,0,0,0,0,0,0,0,0,0,0,0,,,,0,,,,,,,,,,,,,,,,,
2948,Internal,291,627,36377,43,28.7,12.7,353,24,82,11,118,33,0,0,0,0,0.0,0.0,0.0,0.0,0,0,0,0,0,0,0,0,0,0,0,0,,,,0,,,,,,,,,,,,,,,,,
2949,Internal,128,301,33705,40,28.2,23.3,3,6,14,50,5,17,0,0,0,0,0.0,0.0,0.0,0.0,0,0,0,0,0,0,0,0,0,0,0,0,,,,0,,,,,,,,,,,,,,,,,
2950,Internal,33,115,36377,43,28.7,12.7,0,71,88,0,635,18,0,0,0,0,0.0,0.0,0.0,0.0,0,0,0,0,303,0,0,0,0,0,0,0,,,,0,,,,,,,,,,,,,,,,,
2951,Internal,1007,2591,64387,48,18.7,12.9,11,18,78,5,31,25,0,0,0,0,0.0,0.0,0.0,0.0,0,0,0,0,0,0,0,0,0,0,0,0,,,,0,,,,,,,,,,,,,,,,,
2952,Internal,372,879,67500,43,23.0,18.0,5,17,264,13,130,21,0,0,0,0,0.0,0.0,0.0,0.0,0,0,0,0,0,0,0,0,0,0,0,0,,,,0,,,,,,,,,,,,,,,,,
2953,Internal,377,903,64387,48,18.7,12.9,1,434,96,14,23,6,0,0,0,0,0.0,0.0,0.0,0.0,0,0,0,0,0,0,0,0,0,0,0,0,,,,0,,,,,,,,,,,,,,,,,
2954,Internal,93,280,67500,43,23.0,18.0,0,2,0,0,11,22,0,0,0,0,0.0,0.0,0.0,0.0,0,0,0,0,0,0,0,0,0,0,0,0,,,,0,,,,,,,,,,,,,,,,,
2955,Internal,312,743,49922,48,19.2,21.1,21,13,6,7,16,19,0,0,0,0,0.0,0.0,0.0,0.0,0,0,0,0,0,0,0,0,0,0,0,0,,,,0,,,,,,,,,,,,,,,,,
2956,Internal,298,729,49922,48,19.2,21.1,18,31,5,6,0,28,0,0,0,0,0.0,0.0,0.0,0.0,0,0,0,0,240,0,0,0,0,0,0,0,,,,0,,,,,,,,,,,,,,,,,
2957,Internal,653,1594,45508,43,28.5,19.6,8,39,53,10,16,17,0,0,0,0,0.0,0.0,0.0,0.0,0,0,0,0,0,0,0,0,0,0,0,0,,,,0,,,,,,,,,,,,,,,,,
2958,Internal,337,817,81705,43,7.2,34.4,47,15,9,0,20,12,0,0,0,0,0.0,0.0,0.0,0.0,0,0,0,0,0,0,0,0,0,0,0,0,,,,0,,,,,,,,,,,,,,,,,
2959,Internal,325,792,57012,43,22.4,11.0,21,72,54,8,160,43,0,0,0,0,0.0,0.0,0.0,0.0,0,0,0,0,624,0,0,0,0,0,0,0,,,,0,,,,,,,,,,,,,,,,,
2960,Internal,874,2100,41399,45,29.5,11.2,21,343,171,73,562,6,0,0,0,0,0.0,0.0,0.0,0.0,0,0,0,0,2177,0,0,0,0,0,0,0,,,,0,,,,,,,,,,,,,,,,,
2961,Internal,457,1097,53906,54,28.8,10.3,4,0,46,0,2,17,0,0,0,0,0.0,0.0,0.0,0.0,0,0,0,0,0,0,0,0,0,0,0,0,,,,0,,,,,,,,,,,,,,,,,
2962,Internal,40,97,58266,44,25.5,11.5,51,16,32,0,29,41,0,0,0,0,0.0,0.0,0.0,0.0,0,0,0,0,0,0,0,0,0,0,0,0,,,,0,,,,,,,,,,,,,,,,,
2963,Internal,270,648,41399,45,29.5,11.2,20,49,4,12,338,16,0,0,0,0,0.0,0.0,0.0,0.0,0,0,0,0,0,0,0,0,0,0,0,0,,,,0,,,,,,,,,,,,,,,,,
2964,Internal,453,1158,41008,46,18.6,24.0,117,49,84,5,106,27,0,0,0,0,0.0,0.0,0.0,0.0,0,0,0,0,0,0,0,0,0,0,0,0,,,,0,,,,,,,,,,,,,,,,,
2965,Internal,312,754,61042,49,27.5,8.9,14,41,13,0,17,37,0,0,0,0,0.0,0.0,0.0,0.0,0,0,0,0,0,0,0,0,0,0,0,0,,,,0,,,,,,,,,,,,,,,,,
2966,Internal,169,400,61042,49,27.5,8.9,3,9,2,1,4,13,0,0,0,0,0.0,0.0,0.0,0.0,0,0,0,0,0,0,0,0,0,0,0,0,,,,0,,,,,,,,,,,,,,,,,
2967,Internal,285,677,54375,46,18.0,19.1,8,28,22,0,8,48,0,0,0,0,0.0,0.0,0.0,0.0,0,0,0,0,524,0,0,0,0,0,0,0,,,,0,,,,,,,,,,,,,,,,,
2968,Internal,269,582,41008,46,18.6,24.0,8,4,5,1,7,55,0,0,0,0,0.0,0.0,0.0,0.0,0,0,0,0,0,0,0,0,0,0,0,0,,,,0,,,,,,,,,,,,,,,,,
2969,Internal,298,718,48281,46,27.0,12.4,28,2,2,0,34,71,0,0,0,0,0.0,0.0,0.0,0.0,0,0,0,0,0,0,0,0,0,0,0,0,,,,0,,,,,,,,,,,,,,,,,
2970,Internal,334,800,54375,46,18.0,19.1,181,10,10,1,130,23,0,0,0,0,0.0,0.0,0.0,0.0,0,0,0,0,0,0,0,0,0,0,0,0,,,,0,,,,,,,,,,,,,,,,,
2971,Internal,445,1073,48281,46,27.0,12.4,35,3,32,21,10,73,0,0,0,0,0.0,0.0,0.0,0.0,0,0,0,0,0,0,0,0,0,0,0,0,,,,0,,,,,,,,,,,,,,,,,
2972,Internal,171,396,45357,54,21.0,11.3,192,166,168,77,87,7,0,0,0,0,0.0,0.0,0.0,0.0,0,0,0,0,0,0,0,0,0,0,0,0,,,,0,,,,,,,,,,,,,,,,,
2973,Internal,342,819,78125,54,8.5,24.8,12,0,17,2,9,49,0,0,0,0,0.0,0.0,0.0,0.0,0,0,0,0,0,0,0,0,0,0,0,0,,,,0,,,,,,,,,,,,,,,,,
2974,Internal,72,165,48281,46,27.0,12.4,1,2,0,1,1,55,0,0,0,0,0.0,0.0,0.0,0.0,0,0,0,0,0,0,0,0,0,0,0,0,,,,0,,,,,,,,,,,,,,,,,
2975,Internal,260,623,78125,54,8.5,24.8,37,11,7,0,58,41,0,0,0,0,0.0,0.0,0.0,0.0,0,0,0,0,0,0,0,0,0,0,0,0,,,,0,,,,,,,,,,,,,,,,,
2976,Internal,317,763,41399,45,29.5,11.2,15,22,97,5,470,12,0,0,0,0,0.0,0.0,0.0,0.0,0,0,0,0,0,0,0,0,0,0,0,0,,,,0,,,,,,,,,,,,,,,,,
2977,Internal,96,259,50825,45,21.9,15.4,1,30,18,7,10,28,0,0,0,0,0.0,0.0,0.0,0.0,0,0,0,0,0,0,0,0,0,0,0,0,,,,0,,,,,,,,,,,,,,,,,
2978,Internal,35,87,45357,54,21.0,11.3,914,0,6,0,23,64,0,0,0,0,0.0,0.0,0.0,0.0,0,0,0,0,0,0,0,0,0,0,0,0,,,,0,,,,,,,,,,,,,,,,,
2979,Internal,503,1180,64286,49,17.1,22.6,39,21,24,0,42,38,0,0,0,0,0.0,0.0,0.0,0.0,0,0,0,0,0,0,0,0,0,0,0,0,,,,0,,,,,,,,,,,,,,,,,
2980,Internal,245,590,58266,44,25.5,11.5,9,2,9,0,11,6,0,0,0,0,0.0,0.0,0.0,0.0,0,0,0,0,0,0,0,0,0,0,0,0,,,,0,,,,,,,,,,,,,,,,,
2981,Internal,330,783,58266,44,25.5,11.5,3,1,3,0,0,36,0,0,0,0,0.0,0.0,0.0,0.0,0,0,0,0,0,0,0,0,0,0,0,0,,,,0,,,,,,,,,,,,,,,,,
2982,Internal,0,0,50825,45,21.9,15.4,93,11,107,8,435,10,0,0,0,0,0.0,0.0,0.0,0.0,0,0,0,0,0,0,0,0,0,0,0,0,,,,0,,,,,,,,,,,,,,,,,
2983,Internal,308,703,41399,45,29.5,11.2,32,0,84,39,104,5,0,0,0,0,0.0,0.0,0.0,0.0,0,0,0,0,0,0,0,0,0,0,0,0,,,,0,,,,,,,,,,,,,,,,,
2984,Internal,211,508,49583,43,25.7,20.3,4,2,11,0,4,27,0,0,0,0,0.0,0.0,0.0,0.0,0,0,0,0,0,0,0,0,0,0,0,0,,,,0,,,,,,,,,,,,,,,,,
2985,Internal,363,849,49583,43,25.7,20.3,13,7,31,6,64,10,0,0,0,0,0.0,0.0,0.0,0.0,0,0,0,0,0,0,0,0,0,0,0,0,,,,0,,,,,,,,,,,,,,,,,
2986,Internal,73,172,49583,43,25.7,20.3,27,55,67,8,113,16,0,0,0,0,0.0,0.0,0.0,0.0,0,0,0,0,0,0,0,0,0,0,0,0,,,,0,,,,,,,,,,,,,,,,,
2987,Internal,470,1097,50825,45,21.9,15.4,7,120,3,0,4,28,0,0,0,0,0.0,0.0,0.0,0.0,0,0,0,0,0,0,0,0,0,0,0,0,,,,0,,,,,,,,,,,,,,,,,
2988,Internal,761,1872,50825,45,21.9,15.4,203,3,17,1,63,16,0,0,0,0,0.0,0.0,0.0,0.0,0,0,0,0,0,0,0,0,0,0,0,0,,,,0,,,,,,,,,,,,,,,,,
2989,Internal,58,107,45357,54,21.0,11.3,737,126,446,0,187,42,0,0,0,0,0.0,0.0,0.0,0.0,0,0,0,0,0,0,0,0,0,0,0,0,,,,0,,,,,,,,,,,,,,,,,
2990,Internal,145,403,45357,54,21.0,11.3,10,1,8,0,2,49,0,0,0,0,0.0,0.0,0.0,0.0,0,0,0,0,0,0,0,0,0,0,0,0,,,,0,,,,,,,,,,,,,,,,,
2991,Internal,730,1750,53906,54,28.8,10.3,12,36,13,56,20,19,0,0,0,0,0.0,0.0,0.0,0.0,0,0,0,0,1381,0,0,0,0,0,0,0,,,,0,,,,,,,,,,,,,,,,,
2992,Internal,144,346,64286,49,17.1,22.6,5,1,12,2,2,15,0,0,0,0,0.0,0.0,0.0,0.0,0,0,0,0,0,0,0,0,0,0,0,0,,,,0,,,,,,,,,,,,,,,,,
2993,Internal,418,1004,61042,49,27.5,8.9,47,8,30,5,15,42,0,0,0,0,0.0,0.0,0.0,0.0,0,0,0,0,0,0,0,0,0,0,0,0,,,,0,,,,,,,,,,,,,,,,,
2994,Internal,236,557,57012,43,22.4,11.0,0,0,14,11,0,27,0,0,0,0,0.0,0.0,0.0,0.0,0,0,0,0,0,0,0,0,0,0,0,0,,,,0,,,,,,,,,,,,,,,,,
2995,Internal,614,1482,41399,45,29.5,11.2,22,83,134,13,440,13,0,0,0,0,0.0,0.0,0.0,0.0,0,0,0,0,0,0,0,0,0,0,0,0,,,,0,,,,,,,,,,,,,,,,,
2996,Internal,477,1147,88875,45,6.7,15.6,8,45,37,10,69,30,0,0,0,0,0.0,0.0,0.0,0.0,0,0,0,0,296,0,0,0,0,0,0,0,,,,0,,,,,,,,,,,,,,,,,
2997,Internal,287,672,41399,45,29.5,11.2,536,18,181,5,112,67,0,0,0,0,0.0,0.0,0.0,0.0,0,0,0,0,0,0,0,0,0,0,0,0,,,,0,,,,,,,,,,,,,,,,,
2998,Internal,20,59,36639,44,34.7,15.6,7,63,54,0,167,53,0,0,0,0,0.0,0.0,0.0,0.0,0,0,0,0,0,0,0,0,0,0,0,0,,,,0,,,,,,,,,,,,,,,,,
2999,Internal,90,209,36639,44,34.7,15.6,0,0,0,0,1,36,0,0,0,0,0.0,0.0,0.0,0.0,0,0,0,0,0,0,0,0,0,0,0,0,,,,0,,,,,,,,,,,,,,,,,
3000,Internal,4,4,50825,45,21.9,15.4,56,4,35,2,137,16,0,0,0,0,0.0,0.0,0.0,0.0,0,0,0,0,0,0,0,0,0,0,0,0,,,,0,,,,,,,,,,,,,,,,,
3001,Internal,581,1439,62036,44,30.2,5.0,337,66,124,0,89,50,0,0,0,0,0.0,0.0,0.0,0.0,0,0,0,0,0,0,0,0,0,0,0,0,,,,0,,,,,,,,,,,,,,,,,
3002,Internal,261,631,62036,44,30.2,5.0,15,3,6,0,4,49,0,0,0,0,0.0,0.0,0.0,0.0,0,0,0,0,0,0,0,0,0,0,0,0,,,,0,,,,,,,,,,,,,,,,,
3003,Internal,219,551,36639,44,34.7,15.6,84,17,20,12,23,41,0,0,0,0,0.0,0.0,0.0,0.0,0,0,0,0,1084,0,0,0,0,0,0,0,,,,0,,,,,,,,,,,,,,,,,
3004,Internal,547,1279,62036,44,30.2,5.0,386,76,73,73,104,29,0,0,0,0,0.0,0.0,0.0,0.0,0,0,0,0,0,0,0,0,0,0,0,0,,,,0,,,,,,,,,,,,,,,,,
3005,Internal,427,1005,62036,44,30.2,5.0,16,3,4,2,4,36,0,0,0,0,0.0,0.0,0.0,0.0,0,0,0,0,0,0,0,0,0,0,0,0,,,,0,,,,,,,,,,,,,,,,,
3006,Internal,514,1237,64286,49,17.1,22.6,8,7,3,0,0,37,0,0,0,0,0.0,0.0,0.0,0.0,0,0,0,0,0,0,0,0,0,0,0,0,,,,0,,,,,,,,,,,,,,,,,
3007,Internal,318,723,57012,43,22.4,11.0,6,165,16,0,3,47,0,0,0,0,0.0,0.0,0.0,0.0,0,0,0,0,3002,0,0,0,0,0,0,0,,,,0,,,,,,,,,,,,,,,,,
3008,Internal,190,469,102500,47,26.5,17.3,10,12,34,0,8,8,0,0,0,0,0.0,0.0,0.0,0.0,0,0,0,0,0,0,0,0,0,0,0,0,,,,0,,,,,,,,,,,,,,,,,
3009,Internal,493,1181,102500,47,26.5,17.3,29,20,113,5,7,17,0,0,0,0,0.0,0.0,0.0,0.0,0,0,0,0,0,0,0,0,0,0,0,0,,,,0,,,,,,,,,,,,,,,,,
3010,Internal,309,731,57012,43,22.4,11.0,33,5,33,1,76,23,0,0,0,0,0.0,0.0,0.0,0.0,0,0,0,0,0,0,0,0,0,0,0,0,,,,0,,,,,,,,,,,,,,,,,
3011,Internal,290,708,108533,48,27.9,13.8,12,34,2,2,7,43,0,0,0,0,0.0,64.56799982006527,0.0,0.0,0,0,0,0,0,0,0,0,0,0,0,0,,,,0,,,,,,,,,,,,,,,,,
3012,Internal,3,8,11250,40,22.0,2.5,4,237,3232,12,12,0,0,724,0,0,0.0,25.827199928026108,0.0,0.0,0,1088,0,0,0,0,0,0,2,553,147,300,662,54,486,0,,,,,,,,,,,,,,,,,
3013,Internal,1,1,11250,40,22.0,2.5,3,3414,7153,0,43,18,0,13,0,0,0.0,0.0,0.0,0.0,0,885,0,0,0,0,0,1,2,553,147,300,235,18,106,0,,,,,,,,,,,,,,,,,
3014,Internal,1,3,11250,40,22.0,2.5,50,271,149,0,16,23,0,239,0,0,0.0,0.0,0.0,0.0,0,374,0,0,0,0,0,0,2,553,147,300,782,13,56,0,,,,,,,,,,,,,,,,,
3015,Internal,1541,4119,105691,50,26.3,13.9,13,116,9,0,0,43,0,0,0,0,0.0,365.8853323137032,0.0,0.0,0,0,0,0,0,0,0,0,0,0,0,0,,,,0,,,,,,,,,,,,,,,,,
3016,Internal,1139,1964,56905,31,10.0,62.9,0,194,44,220,81,25,0,0,0,0,0.0,47.349866534714536,0.0,0.0,0,0,0,0,0,0,0,0,0,0,0,0,,,,0,,,,,,,,,,,,,,,,,
3017,Internal,0,0,58190,47,22.0,12.0,0,645,233,31,17,38,0,0,0,0,0.0,0.0,0.0,0.0,0,0,983,0,0,0,0,1,4,544,0,200,167,0,63,0,,,,,,,,,,,,,,,,,
3018,Internal,4,8,58190,47,22.0,12.0,0,129,130,32,47,74,0,0,0,0,0.0,0.0,0.0,0.0,0,0,1013,0,0,0,0,0,4,544,0,200,1112,0,89,0,,,,,,,,,,,,,,,,,
3019,Internal,812,1995,100714,40,21.7,26.9,43,40,66,17,16,22,0,0,0,0,0.0,73.17706646274064,0.0,0.0,0,0,0,0,0,0,0,0,0,0,0,0,,,,0,,,,,,,,,,,,,,,,,
3020,Internal,0,0,58190,47,22.0,12.0,0,3536,205,46,20,0,0,0,0,0,0.0,0.0,4.983985765124555,0.0,0,0,371,0,0,0,0,0,4,544,0,200,233,0,15,0,,,,,,,,,,,,,,,,,
3021,Internal,750,1461,82833,33,13.9,42.3,0,3,3,0,3,40,0,0,0,0,0.0,21.522666606688425,0.0,0.0,0,0,0,0,0,0,0,0,0,0,0,0,,,,0,,,,,,,,,,,,,,,,,
3022,Internal,50,102,70583,51,33.1,10.2,30,234,825,65,306,10,0,0,0,0,0.0,21.522666606688425,0.0,0.0,0,0,0,0,0,0,0,0,0,0,0,0,,,,0,,,,,,,,,,,,,,,,,
3023,Internal,1,9,58190,47,22.0,12.0,0,493,132,793,1,74,0,0,0,0,0.0,0.0,0.0,0.0,0,0,493,0,0,0,0,0,4,544,81,200,444,352,813,0,,,,,,,,,,,,,,,,,
3024,Internal,0,0,58190,47,22.0,12.0,0,145,3,5,221,0,0,0,0,0,0.0,0.0,0.0,0.0,0,0,379,0,0,0,0,0,4,544,0,200,544,0,61,0,,,,,,,,,,,,,,,,,
3025,Internal,0,0,58190,47,22.0,12.0,0,2943,0,265,5,74,0,0,0,0,0.0,0.0,0.0,0.0,0,0,402,0,0,0,0,0,4,544,0,200,217,0,14,0,,,,,,,,,,,,,,,,,
3026,Internal,233,421,58190,47,22.0,12.0,0,364,99,25,42,0,0,0,3651,0,0.0,0.0,9.96797153024911,0.0,0,0,952,0,0,0,0,0,4,544,81,200,29,22,81,0,,,,,,,,,,,,,,,,,
3027,Internal,64,117,56793,54,12.6,10.5,0,885,973,425,611,13,0,0,0,0,0.0,0.0,0.0,0.0,0,0,0,0,0,0,0,0,0,0,0,0,,,,0,,,,,,,,,,,,,,,,,
3028,Internal,90,164,41088,48,23.8,4.4,44,252,1121,23,205,49,0,0,0,0,0.0,19.37039994601958,0.0,1.310605338895706,0,0,0,0,0,0,0,0,0,0,0,0,,,,0,,,,,,,,,,,,,,,,,
3029,Internal,1,2,58190,47,22.0,12.0,49,2597,7337,137,127,0,0,0,0,0,0.0,0.0,1.6613285883748519,0.0,0,0,437,0,0,0,0,1,4,544,0,200,4845,0,184,0,,,,,,,,,,,,,,,,,
3030,Internal,0,0,58190,47,22.0,12.0,1,1222,5553,0,5,74,0,0,0,0,0.0,0.0,4.983985765124555,0.0,0,0,262,0,0,0,0,1,4,544,0,200,1146,0,122,0,,,,,,,,,,,,,,,,,
3031,Internal,53,111,36458,57,5.3,2.5,530,2174,106,34,9,88,0,0,0,0,115.8808606945656,0.0,0.0,0.0,212,0,0,0,0,0,0,0,5,203,106,200,176,406,13,0,,,,,,,,,,,,,,,,,
3032,Internal,397,919,36458,57,5.3,2.5,0,36,208,11,4,9,0,0,0,0,361.1620158313961,0.0,0.0,0.0,390,0,0,0,0,0,0,0,5,73,0,200,152,0,332,0,,,,,,,,,,,,,,,,,
3033,Internal,212,485,96171,48,33.3,8.9,0,4,11,0,5,54,0,0,0,0,0.0,170.02906619283854,0.0,0.0,0,0,0,0,0,0,0,0,0,0,0,0,,,,0,,,,,,,,,,,,,,,,,
3034,Internal,566,1365,79076,43,26.7,12.5,195,4,322,72,0,9,0,0,0,0,0.0,96.8519997300979,0.0,0.0,0,0,0,0,0,0,537,0,0,0,0,0,,,,0,,,,,,,,,,,,,,,,,
3035,Internal,428,992,55729,41,29.9,12.2,6,46,145,17,50,43,0,0,0,0,0.0,0.0,0.0,11.795448050061355,0,0,0,0,0,0,0,0,0,0,0,0,,,,0,,,,,,,,,,,,,,,,,
3036,Internal,1230,2173,36458,57,5.3,2.5,1,868,564,87,142,87,1300,0,0,0,169.9585956853629,0.0,0.0,0.0,892,0,0,0,0,0,0,0,5,192,106,200,415,627,630,0,,,,,,,,,,,,,,,,,
3037,Internal,421,891,32297,41,34.4,6.9,13,159,865,229,30,38,0,0,0,0,0.0,0.0,1.6613285883748519,32.76513347239265,0,0,0,0,2852,0,0,0,0,0,0,0,,,,0,,,,,,,,,,,,,,,,,
3038,Internal,169,396,36458,57,5.3,2.5,0,495,483,48,22,50,0,0,0,0,0.0,0.0,0.0,0.0,411,0,0,0,835,0,0,0,5,140,0,0,39,0,0,0,,,,,,,,,,,,,,,,,
3039,Internal,83,140,36458,57,5.3,2.5,0,13,20,3,2,0,238,0,0,0,606.4431709682266,0.0,0.0,0.0,162,0,0,0,0,0,0,0,5,0,134,0,0,69,0,0,,,,,,,,,,,,,,,,,
3040,Internal,352,646,36458,57,5.3,2.5,663,1696,457,116,48,86,538,0,0,0,0.0,0.0,0.0,0.0,1433,0,0,0,0,0,0,0,5,203,127,200,409,415,757,0,,,,,,,,,,,,,,,,,
3041,Internal,694,1330,36458,57,5.3,2.5,1,640,511,50,35,58,246,0,0,0,15.450781425942079,0.0,0.0,0.0,167,0,0,0,0,0,0,0,5,140,106,200,443,49,60,0,,,,,,,,,,,,,,,,,
3042,Internal,8,18,32297,41,34.4,6.9,0,80,1240,79,305,34,0,0,0,0,0.0,0.0,0.0,0.0,0,0,0,0,0,0,0,0,0,0,0,0,,,,0,,,,,,,,,,,,,,,,,
3043,Internal,459,1046,32297,41,34.4,6.9,0,287,1122,151,176,17,0,0,0,0,0.0,0.0,14.951957295373665,23.59089610012271,0,0,0,0,0,0,0,0,0,0,0,0,,,,0,,,,,,,,,,,,,,,,,
3044,Internal,173,331,25746,48,2.5,2.5,1,358,55,10,26,32,563,0,0,0,7.7253907129710395,0.0,0.0,0.0,0,0,0,0,0,0,0,0,5,140,101,0,743,256,0,0,,,,,,,,,,,,,,,,,
3045,Internal,297,491,25746,48,2.5,2.5,0,120,259,42,43,53,283,0,0,0,84.97929784268145,0.0,0.0,0.0,0,0,0,0,0,0,0,0,5,0,106,0,0,305,0,0,,,,,,,,,,,,,,,,,
3046,Internal,483,800,25746,48,2.5,2.5,0,382,207,34,30,32,299,0,0,0,560.0908266904004,0.0,0.0,0.0,0,0,0,0,0,0,0,0,5,140,106,0,181,357,0,0,,,,,,,,,,,,,,,,,
3047,Internal,624,1592,47935,50,32.2,8.3,5,11,176,0,0,24,0,0,0,0,0.0,0.0,23.258600237247922,30.143922794601234,0,0,0,0,0,0,0,0,0,0,0,0,,,,0,,,,,,,,,,,,,,,,,
3048,Internal,487,1327,53203,43,38.1,7.8,348,21,238,1,0,55,0,0,0,0,0.0,0.0,0.0,30.143922794601234,0,0,0,0,0,0,0,0,0,0,0,0,,,,0,,,,,,,,,,,,,,,,,
3049,Internal,169,287,36458,57,5.3,2.5,0,661,642,131,239,35,0,0,0,0,61.803125703768316,0.0,0.0,0.0,0,0,0,0,0,0,0,0,0,0,0,0,,,,0,,,,,,,,,,,,,,,,,
3050,Internal,92,181,36458,57,5.3,2.5,0,1014,419,54,165,58,0,0,0,0,108.15546998159456,0.0,0.0,0.0,0,0,0,0,0,0,0,0,0,0,0,0,,,,0,,,,,,,,,,,,,,,,,
3051,Internal,2,4,36458,57,5.3,2.5,0,1141,1283,283,143,58,0,0,0,0,0.0,0.0,0.0,0.0,3770,0,0,0,446,0,0,0,5,0,106,0,0,38,0,0,,,,,,,,,,,,,,,,,
3052,Internal,1,10,22361,82,25.0,11.0,41,784,38,9,3,28,1229,0,0,0,0.0,0.0,0.0,0.0,296,0,0,0,0,0,0,0,5,203,0,200,56,0,17,0,,,,,,,,,,,,,,,,,
3053,Internal,693,2005,27099,42,31.8,7.9,18,33,248,2,0,35,0,0,0,0,0.0,0.0,4.983985765124555,52.42421355582824,0,0,0,0,0,0,0,0,0,0,0,0,,,,0,,,,,,,,,,,,,,,,,
3054,Internal,2,19,22361,82,25.0,11.0,14,252,2,0,0,28,989,0,0,0,7.7253907129710395,0.0,0.0,0.0,177,0,0,0,0,0,0,0,5,203,134,200,589,2020,100,0,,,,,,,,,,,,,,,,,
3055,Internal,5,13,22361,82,25.0,11.0,48,3877,103,23,53,28,0,0,0,0,0.0,0.0,0.0,0.0,1683,0,0,0,0,0,0,0,5,192,134,200,89,83,338,0,,,,,,,,,,,,,,,,,
3056,Internal,5,15,22361,82,25.0,11.0,63,3786,5,3,7,1,343,0,0,0,0.0,0.0,0.0,0.0,1555,0,0,0,0,0,0,0,5,203,343,200,520,96,92,0,,,,,,,,,,,,,,,,,
3057,Internal,6,19,34563,40,23.0,7.0,146,71,5,6,4,0,0,0,0,0,0.0,0.0,0.0,0.0,24,0,0,0,0,0,0,0,5,140,101,200,56,200,192,0,,,,,,,,,,,,,,,,,
3058,Internal,2399,4548,34563,40,23.0,7.0,48,47,26,7,4,17,2993,0,0,0,0.0,0.0,0.0,0.0,982,0,0,0,0,0,0,0,5,203,106,200,254,101,471,0,,,,,,,,,,,,,,,,,
3059,Internal,4,19,34563,40,23.0,7.0,883,2951,21,3,7,17,1071,0,0,0,38.6269535648552,0.0,0.0,0.0,146,0,0,0,0,0,0,0,5,203,106,200,888,275,116,0,,,,,,,,,,,,,,,,,
3060,Internal,30,57,34563,40,23.0,7.0,177,856,6,0,6,17,0,0,0,0,0.0,0.0,0.0,0.0,80,0,0,0,0,0,0,0,5,203,106,200,384,260,1043,0,,,,,,,,,,,,,,,,,
3061,Internal,264,485,56731,53,24.7,8.8,0,32,12622,86,1,58,0,0,0,0,15.450781425942079,0.0,0.0,0.0,0,0,0,0,0,0,0,1,0,0,0,0,,,,0,,,,,,,,,,,,,,,,,
3062,Internal,956,2196,56731,53,24.7,8.8,6,89,277,11,2,57,0,0,0,0,183.4780294330622,0.0,0.0,0.0,0,0,0,0,0,0,0,0,0,0,0,0,,,,0,,,,,,,,,,,,,,,,,
3063,Internal,454,1187,76500,52,16.0,25.0,73,445,615,15,254,75,0,0,0,0,0.0,0.0,0.0,0.0,0,0,0,0,889,0,0,0,0,0,0,0,,,,0,,,,,,,,,,,,,,,,,
3064,Internal,963,1680,76500,52,16.0,25.4,5,1618,1861,498,2671,19,0,0,0,0,7.7253907129710395,0.0,0.0,0.0,0,0,0,0,0,0,0,0,0,0,0,0,,,,0,,,,,,,,,,,,,,,,,
3065,Internal,579,1583,74874,46,34.6,4.5,0,26,214,0,3,23,0,0,0,0,0.0,0.0,1.6613285883748519,47.18179220024542,0,0,0,0,0,0,0,0,0,0,0,0,,,,0,,,,,,,,,,,,,,,,,
3066,Internal,289,784,74874,46,34.6,4.5,4,299,289,1,0,23,0,0,0,0,0.0,0.0,0.0,20.969685422331295,0,0,0,0,1796,0,0,0,0,0,0,0,,,,0,,,,,,,,,,,,,,,,,
3067,Internal,620,1523,71573,53,22.4,6.3,0,344,346,31,26,12,0,0,0,0,0.0,0.0,3.3226571767497037,47.18179220024542,0,0,0,0,0,0,0,0,0,0,0,0,,,,0,,,,,,,,,,,,,,,,,
3068,Internal,125,237,56875,53,26.0,9.0,5,52,261,35,668,7,0,0,0,0,0.0,0.0,0.0,0.0,0,0,0,0,0,0,0,0,0,0,0,0,,,,0,,,,,,,,,,,,,,,,,
3069,Internal,687,1247,56875,53,26.0,8.8,0,11,292,16,418,8,0,0,0,0,0.0,0.0,0.0,0.0,0,0,0,0,0,0,0,0,0,0,0,0,,,,0,,,,,,,,,,,,,,,,,
3070,Internal,1351,3283,56875,53,26.0,8.8,16,66,117,16,5,43,0,0,0,0,0.0,0.0,0.0,0.0,0,0,0,0,0,0,0,0,0,0,0,0,,,,0,,,,,,,,,,,,,,,,,
3071,Internal,357,684,56875,53,26.0,8.8,7,21,169,92,127,20,0,0,0,0,0.0,0.0,0.0,0.0,0,0,0,0,0,0,0,0,0,0,0,0,,,,0,,,,,,,,,,,,,,,,,
3072,Internal,221,417,56875,53,26.0,8.8,18,150,776,155,2485,11,0,0,0,0,0.0,0.0,0.0,0.0,0,0,0,0,0,0,0,0,0,0,0,0,,,,0,,,,,,,,,,,,,,,,,
3073,Internal,273,546,62722,51,18.8,11.2,141,2301,1055,88,284,65,0,0,0,0,0.0,0.0,0.0,0.0,0,0,0,0,0,0,0,0,0,0,0,0,,,,0,,,,,,,,,,,,,,,,,
3074,Internal,200,478,47888,54,21.9,3.9,33,130,278,1,5,67,0,0,0,0,0.0,0.0,0.0,1.310605338895706,0,0,0,0,0,0,0,0,0,0,0,0,,,,0,,,,,,,,,,,,,,,,,
3075,Internal,230,556,62722,51,18.8,11.2,35,2148,524,55,190,56,0,0,0,0,0.0,0.0,0.0,0.0,0,0,0,0,0,0,0,0,0,0,0,0,,,,0,,,,,,,,,,,,,,,,,
3076,Internal,320,639,62722,51,18.8,11.2,0,39,116,0,80,44,0,0,0,0,0.0,0.0,0.0,0.0,0,0,0,0,0,0,0,0,0,0,0,0,,,,0,,,,,,,,,,,,,,,,,
3077,Internal,178,472,79076,43,26.7,12.5,0,0,196,0,0,28,0,0,0,0,0.0,0.0,0.0,0.0,0,0,0,0,0,0,0,0,0,0,0,0,,,,0,,,,,,,,,,,,,,,,,
3078,Internal,88,216,71058,54,31.5,11.6,10,6,37,0,0,38,0,0,0,0,0.0,0.0,1.6613285883748519,2.621210677791412,0,0,0,0,0,0,0,0,0,0,0,0,,,,0,,,,,,,,,,,,,,,,,
3079,Internal,72,174,71058,54,31.5,11.6,0,86,24,0,9,67,0,0,0,0,0.0,0.0,0.0,1.310605338895706,0,0,0,0,1015,0,0,0,0,0,0,0,,,,0,,,,,,,,,,,,,,,,,
3080,Internal,467,1144,71058,54,31.5,11.6,220,215,284,0,140,63,0,0,0,0,0.0,0.0,3.3226571767497037,11.795448050061355,0,0,0,0,0,0,0,0,0,0,0,0,,,,0,,,,,,,,,,,,,,,,,
3081,Internal,1772,4152,102321,55,27.9,5.8,74,48,84,6,44,41,0,0,0,0,0.0,0.0,21.597271648873072,64.21966160588958,0,0,0,0,0,0,0,0,0,0,0,0,,,,0,,,,,,,,,,,,,,,,,
3082,Internal,477,1184,102321,55,27.9,5.8,30,0,0,0,0,31,0,0,0,0,0.0,0.0,0.0,1.310605338895706,0,0,0,0,0,0,0,0,0,0,0,0,,,,0,,,,,,,,,,,,,,,,,
3083,Internal,32,80,79076,43,26.7,12.5,173,112,167,64,40,39,0,0,0,0,0.0,0.0,0.0,0.0,0,0,0,0,72,0,0,0,0,0,0,0,,,,0,,,,,,,,,,,,,,,,,
3084,Internal,805,1982,102321,55,27.9,5.8,0,104,133,10,30,62,0,0,0,0,0.0,0.0,13.290628706998815,39.31816016687118,0,0,0,0,898,0,0,0,0,0,0,0,,,,0,,,,,,,,,,,,,,,,,
3085,Internal,288,720,71058,54,31.5,11.6,21,2,48,0,48,23,0,0,0,0,0.0,0.0,0.0,2.621210677791412,0,0,0,0,0,0,0,0,0,0,0,0,,,,0,,,,,,,,,,,,,,,,,
3086,Internal,389,1122,102321,55,27.9,5.8,0,7,59,1,0,20,0,0,0,0,0.0,0.0,0.0,23.59089610012271,0,0,0,0,7,0,0,0,0,0,0,0,,,,0,,,,,,,,,,,,,,,,,
3087,Internal,733,1746,79076,43,26.7,12.5,0,15,13,0,3,28,0,0,0,0,0.0,144.20186626481242,0.0,0.0,0,0,0,0,0,0,0,0,0,0,0,0,,,,0,,,,,,,,,,,,,,,,,
3088,Internal,45,122,79076,43,26.7,12.5,0,6,84,13,677,13,0,0,0,0,0.0,0.0,0.0,0.0,0,0,0,0,0,0,0,0,0,0,0,0,,,,0,,,,,,,,,,,,,,,,,
3089,Internal,316,841,79076,43,26.7,12.5,32,284,18,13,0,41,0,0,0,0,0.0,25.827199928026108,0.0,0.0,0,0,0,0,1725,0,0,0,0,0,0,0,,,,0,,,,,,,,,,,,,,,,,
3090,Internal,1040,2449,88250,47,22.4,17.7,7,135,529,26,277,16,0,0,0,0,0.0,0.0,0.0,0.0,0,0,0,0,0,0,0,0,0,0,0,0,,,,0,,,,,,,,,,,,,,,,,
3091,Internal,67,168,88250,47,22.4,17.7,929,33,148,8,36,46,0,0,0,0,0.0,0.0,0.0,0.0,0,0,0,0,0,0,0,0,0,0,0,0,,,,0,,,,,,,,,,,,,,,,,
3092,Internal,122,279,73422,63,18.7,6.5,1990,383,526,25,138,42,0,0,0,0,0.0,0.0,0.0,0.0,0,0,0,0,0,0,0,0,0,0,0,0,,,,0,,,,,,,,,,,,,,,,,
3093,Internal,796,1969,73422,63,18.7,6.5,140,23,117,77,19,42,0,0,0,0,23.17617213891312,0.0,0.0,0.0,0,0,0,0,0,0,0,0,0,0,0,0,,,,0,,,,,,,,,,,,,,,,,
3094,Internal,58,140,105107,52,27.6,6.4,349,186,418,10,325,46,0,0,0,0,0.0,0.0,0.0,0.0,0,0,0,0,0,0,0,0,0,0,0,0,,,,0,,,,,,,,,,,,,,,,,
3095,Internal,277,643,105107,52,27.6,6.4,1380,211,844,32,218,46,0,0,0,0,0.0,0.0,0.0,0.0,0,0,0,0,0,0,0,0,0,0,0,0,,,,0,,,,,,,,,,,,,,,,,
3096,Internal,370,937,102321,55,27.9,5.8,22,9,4,0,1,37,0,0,0,0,0.0,0.0,0.0,6.55302669447853,0,0,0,0,0,0,0,0,0,0,0,0,,,,0,,,,,,,,,,,,,,,,,
3097,Internal,132,346,92813,55,12.1,18.2,8,155,449,0,0,37,0,0,0,0,0.0,0.0,0.0,6.55302669447853,0,0,0,0,828,0,0,0,0,0,0,0,,,,0,,,,,,,,,,,,,,,,,
3098,Internal,865,2125,77917,50,3.5,49.2,135,4,192,0,34,64,0,0,0,0,0.0,0.0,0.0,0.0,0,0,0,0,0,0,0,0,0,0,0,0,,,,0,,,,,,,,,,,,,,,,,
3099,Internal,546,1333,77917,50,3.5,49.2,0,0,0,0,0,45,0,0,0,0,0.0,0.0,0.0,0.0,0,0,0,0,0,0,0,0,0,0,0,0,,,,0,,,,,,,,,,,,,,,,,
3100,Internal,885,2205,77917,50,3.5,49.2,0,1,8,0,0,45,0,0,0,0,0.0,0.0,0.0,0.0,0,0,0,0,0,0,0,0,0,0,0,0,,,,0,,,,,,,,,,,,,,,,,
3101,Internal,565,1413,36860,34,25.4,15.2,0,57,57,23,5,11,0,0,0,0,0.0,19.37039994601958,0.0,23.59089610012271,0,0,0,0,64,0,0,0,0,0,0,0,,,,0,,,,,,,,,,,,,,,,,
3102,Internal,574,1297,45809,51,25.4,7.4,24,60,259,1,0,41,0,0,0,0,0.0,32.283999910032634,21.597271648873072,28.833317455705533,0,0,0,0,0,0,0,0,0,0,0,0,,,,0,,,,,,,,,,,,,,,,,
3103,Internal,586,1416,63667,50,31.3,10.3,164,237,274,5,5,41,0,0,0,0,0.0,66.72026648073411,8.306642941874259,51.11360821693253,0,0,0,0,1193,0,0,0,0,0,0,0,,,,0,,,,,,,,,,,,,,,,,
3104,Internal,379,775,87569,63,11.7,11.9,53,91,759,96,143,62,0,0,0,0,0.0,0.0,0.0,0.0,0,0,0,0,0,0,0,0,0,0,0,0,,,,0,,,,,,,,,,,,,,,,,
3105,Internal,639,1301,67300,63,20.9,7.5,4,3,40,30,3,84,0,0,0,0,0.0,0.0,0.0,0.0,0,0,0,0,0,0,0,0,0,0,0,0,,,,0,,,,,,,,,,,,,,,,,
3106,Internal,656,1253,78333,60,10.1,21.0,52,1,25,0,3,27,0,0,0,0,0.0,0.0,0.0,0.0,0,0,0,0,0,0,0,0,0,0,0,0,,,,0,,,,,,,,,,,,,,,,,
3107,Internal,495,947,50238,60,8.3,27.1,0,0,13,3,5,45,0,0,0,0,0.0,0.0,0.0,0.0,0,0,0,0,0,0,0,0,0,0,0,0,,,,0,,,,,,,,,,,,,,,,,
3108,Internal,421,975,88788,60,21.5,9.2,1,0,43,51,8,17,0,0,0,0,0.0,79.63386644474717,16.613285883748517,18.348474744539885,0,0,0,0,0,0,0,0,0,0,0,0,,,,0,,,,,,,,,,,,,,,,,
3109,Internal,1139,2037,54110,56,25.0,11.2,13,72,85,1,54,27,0,0,0,0,0.0,198.0085327815335,18.27461447212337,85.18934702822088,0,0,0,0,0,0,0,0,0,0,0,0,,,,0,,,,,,,,,,,,,,,,,
3110,Internal,467,1321,149261,58,22.1,9.2,0,12,115,10,0,49,0,0,0,0,0.0,101.15653305143559,6.6453143534994075,26.21210677791412,0,0,0,0,0,0,0,0,0,0,0,0,,,,0,,,,,,,,,,,,,,,,,
3111,Internal,462,1313,149261,58,22.1,9.2,0,10,5,0,10,38,0,0,0,0,0.0,101.15653305143559,6.6453143534994075,26.21210677791412,0,0,0,0,0,0,0,0,0,0,0,0,,,,0,,,,,,,,,,,,,,,,,
3112,Internal,733,2007,123160,58,28.5,8.6,5,34,108,2,2,46,0,0,0,0,0.0,243.20613265557918,6.6453143534994075,19.65908008343559,0,0,0,0,0,0,0,0,0,0,0,0,,,,0,,,,,,,,,,,,,,,,,
3113,Internal,233,479,62574,57,15.3,6.7,5,264,493,100,821,13,0,0,0,0,0.0,15.065866624681895,11.629300118623961,2.621210677791412,0,0,0,0,0,0,0,0,0,0,0,0,,,,0,,,,,,,,,,,,,,,,,
3114,Internal,334,763,82303,54,15.8,17.1,2,37,26,36,6,37,0,0,0,0,0.0,68.87253314140295,4.983985765124555,11.795448050061355,0,0,0,0,123,0,0,0,0,0,0,0,,,,0,,,,,,,,,,,,,,,,,
3115,Internal,977,1690,42163,56,8.9,9.8,0,4,11,8,0,67,0,0,0,0,0.0,249.66293263758573,9.96797153024911,60.28784558920247,0,0,0,0,0,0,0,0,0,0,0,0,,,,0,,,,,,,,,,,,,,,,,
3116,Internal,901,1959,55727,56,28.3,7.9,6,7,170,0,0,85,0,0,0,0,0.0,217.37893272755306,46.517200474495844,40.628765505766886,0,0,0,0,0,0,0,0,0,0,0,0,,,,0,,,,,,,,,,,,,,,,,
3117,Internal,17,42,77485,72,9.3,3.6,355,1620,30,2,5,42,0,0,0,0,0.0,0.0,0.0,0.0,0,0,0,0,0,0,0,0,0,0,0,0,,,,0,,,,,,,,,,,,,,,,,
3118,Internal,194,482,58190,50,22.0,12.0,622,869,1681,15,2,91,0,0,0,0,0.0,0.0,0.0,0.0,0,0,0,0,0,0,0,0,0,0,0,0,,,,0,,,,,,,,,,,,,,,,,
3119,Internal,1013,1953,103304,72,18.4,8.9,8,53,108,6,86,13,0,0,0,0,0.0,0.0,0.0,27.522712116809828,0,0,0,0,0,0,0,0,0,0,0,0,,,,0,,,,,,,,,,,,,,,,,
3120,Internal,183,484,103304,72,18.4,8.9,1264,573,113,45,112,51,0,0,0,0,0.0,0.0,1.6613285883748519,18.348474744539885,0,0,0,0,135,0,0,0,0,0,0,0,,,,0,,,,,,,,,,,,,,,,,
3121,Internal,2,5,103304,72,18.4,8.9,707,450,2,0,0,58,0,0,0,0,0.0,0.0,0.0,0.0,0,0,0,0,0,0,0,0,0,0,0,0,,,,0,,,,,,,,,,,,,,,,,
3122,Internal,617,1118,38854,54,16.0,2.5,0,24,33,13,5,20,0,0,0,0,0.0,53.80666651672106,204.34341637010678,40.628765505766886,0,0,0,0,0,0,0,0,0,0,0,0,,,,0,,,,,,,,,,,,,,,,,
3123,Internal,861,1541,61788,50,15.8,17.7,1,46,131,1,233,8,0,0,0,0,0.0,79.63386644474717,270.7965599051008,32.76513347239265,0,0,0,0,0,0,0,0,0,0,0,0,,,,0,,,,,,,,,,,,,,,,,
3124,Internal,239,641,45491,41,22.4,11.8,0,2,11,0,13,17,0,0,0,0,0.0,0.0,0.0,0.0,0,0,0,0,0,0,0,0,0,0,0,0,,,,0,,,,,,,,,,,,,,,,,
3125,Internal,1193,2834,52083,45,19.3,16.9,4,87,142,18,50,40,0,0,0,0,0.0,0.0,0.0,0.0,0,0,0,0,457,0,0,0,0,0,0,0,,,,0,,,,,,,,,,,,,,,,,
3126,Internal,337,791,103671,45,21.7,25.6,35,263,100,5,0,30,0,0,0,0,0.0,0.0,0.0,0.0,0,0,0,0,0,0,0,0,0,0,0,0,,,,0,,,,,,,,,,,,,,,,,
3127,Internal,153,327,26759,33,20.3,24.0,0,3,4,0,2,43,0,0,0,0,0.0,0.0,0.0,0.0,0,0,0,0,0,0,0,0,0,0,0,0,,,,0,,,,,,,,,,,,,,,,,
3128,Internal,252,632,66987,53,17.3,8.2,813,1194,1274,342,2671,8,0,0,0,0,0.0,0.0,0.0,0.0,0,0,0,0,0,0,0,0,0,0,0,0,,,,0,,,,,,,,,,,,,,,,,
3129,Internal,499,1171,72132,48,21.8,13.4,8,5,168,770,127,9,0,0,0,0,0.0,0.0,0.0,0.0,0,0,0,0,0,0,0,0,0,0,0,0,,,,0,,,,,,,,,,,,,,,,,
3130,Internal,1813,3576,31909,52,21.9,8.5,813,727,2349,283,771,35,0,0,0,0,0.0,0.0,0.0,0.0,0,0,0,0,0,0,0,0,0,0,0,0,,,,0,,,,,,,,,,,,,,,,,
3131,Internal,91,237,69744,50,27.0,13.4,0,36,263,23,79,20,0,0,0,0,0.0,0.0,0.0,0.0,0,0,0,0,0,0,0,0,0,0,0,0,,,,0,,,,,,,,,,,,,,,,,
3132,Internal,599,1737,99006,45,29.4,11.0,19,242,698,76,209,29,0,0,0,0,0.0,0.0,0.0,0.0,0,0,0,0,3042,0,0,0,0,0,0,0,,,,0,,,,,,,,,,,,,,,,,
3133,Internal,1662,4552,82781,45,35.0,10.5,0,6,260,0,25,31,0,0,0,0,0.0,0.0,0.0,0.0,0,0,0,0,0,0,0,0,0,0,0,0,,,,0,,,,,,,,,,,,,,,,,
3134,Internal,356,968,82781,45,35.0,10.5,0,15,41,0,2,31,0,0,0,0,0.0,0.0,0.0,0.0,0,0,0,0,0,0,0,0,0,0,0,0,,,,0,,,,,,,,,,,,,,,,,
3135,Internal,131,397,45491,41,22.4,11.8,0,14,10,0,0,22,0,0,0,0,0.0,0.0,0.0,0.0,0,0,0,0,0,0,0,0,0,0,0,0,,,,0,,,,,,,,,,,,,,,,,
3136,Internal,288,804,49200,39,25.9,13.8,188,162,891,303,348,30,0,0,0,0,0.0,0.0,0.0,0.0,0,0,0,0,0,0,0,0,0,0,0,0,,,,0,,,,,,,,,,,,,,,,,
3137,Internal,38,107,37778,43,8.2,11.2,70,39,75,4,17,28,0,0,0,0,0.0,0.0,0.0,0.0,0,0,0,0,0,0,0,0,0,0,0,0,,,,0,,,,,,,,,,,,,,,,,
3138,Internal,1203,3352,67656,37,26.0,9.8,0,80,2,6,8,25,0,0,0,0,0.0,0.0,0.0,0.0,0,0,0,0,651,0,0,0,0,0,0,0,,,,0,,,,,,,,,,,,,,,,,
3139,Internal,474,1314,67656,37,26.0,9.8,55,2,28,5,15,39,0,0,0,0,0.0,0.0,0.0,0.0,0,0,0,0,0,0,0,0,0,0,0,0,,,,0,,,,,,,,,,,,,,,,,
3140,Internal,457,1202,47109,38,26.7,13.3,6,20,31,0,0,55,0,0,0,0,0.0,0.0,0.0,0.0,0,0,0,0,0,0,0,0,0,0,0,0,,,,0,,,,,,,,,,,,,,,,,
3141,Internal,125,254,47778,39,20.1,12.8,3,2,33,0,0,32,0,0,0,0,0.0,0.0,0.0,0.0,0,0,0,0,0,0,0,0,0,0,0,0,,,,0,,,,,,,,,,,,,,,,,
3142,Internal,84,182,36500,39,23.8,22.2,50,1,176,5,6,35,0,0,0,0,0.0,0.0,0.0,0.0,0,0,0,0,0,0,0,0,0,0,0,0,,,,0,,,,,,,,,,,,,,,,,
3143,Internal,191,560,36500,39,23.8,22.2,6,5,1,0,0,32,0,0,0,0,0.0,0.0,0.0,0.0,0,0,0,0,0,0,0,0,0,0,0,0,,,,0,,,,,,,,,,,,,,,,,
3144,Internal,312,654,36500,39,23.8,22.2,0,31,2,9,2,28,0,0,0,0,0.0,0.0,0.0,0.0,0,0,0,0,207,0,0,0,0,0,0,0,,,,0,,,,,,,,,,,,,,,,,
3145,Internal,91,235,36500,39,23.8,22.2,8,49,111,20,75,9,0,0,0,0,0.0,0.0,0.0,0.0,0,0,0,0,0,0,0,0,0,0,0,0,,,,0,,,,,,,,,,,,,,,,,
3146,Internal,425,1069,47727,42,21.7,11.3,13,79,37,0,10,12,0,0,0,0,0.0,0.0,0.0,0.0,0,0,0,0,952,0,0,0,0,0,0,0,,,,0,,,,,,,,,,,,,,,,,
3147,Internal,461,1150,45491,41,22.4,11.8,3,15,17,0,0,26,0,0,0,0,0.0,0.0,0.0,0.0,0,0,0,0,0,0,0,0,0,0,0,0,,,,0,,,,,,,,,,,,,,,,,
3501,External,,,,,,,,,,,,,,,,,,,,,,,,,,,,,,,,,,,,,,700,Short,30.114181,29.033555,17.347476,3.45184,16.724974,3.327973,,,,,,,,
3502,External,,,,,,,,,,,,,,,,,,,,,,,,,,,,,,,,,,,,,,8450,Short,23.850638,55.350046,1.782195,15.972727,1.669645,1.37475,,,,,,,,
3503,External,,,,,,,,,,,,,,,,,,,,,,,,,,,,,,,,,,,,,,2300,Short,21.107867,66.140195,0.929627,7.234837,4.010627,0.576847,,,,,,,,
3504,External,,,,,,,,,,,,,,,,,,,,,,,,,,,,,,,,,,,,,,6000,Short,20.480578,70.933982,0.483893,4.863568,2.260894,0.977085,,,,,,,,
3505,External,,,,,,,,,,,,,,,,,,,,,,,,,,,,,,,,,,,,,,1200,Short,38.415178,43.170256,5.194611,3.47604,5.837606,3.906308,,,,,,,,
3506,External,,,,,,,,,,,,,,,,,,,,,,,,,,,,,,,,,,,,,,900,Short,38.415178,43.170256,5.194611,3.47604,5.837606,3.906308,,,,,,,,
3507,External,,,,,,,,,,,,,,,,,,,,,,,,,,,,,,,,,,,,,,1800,Short,38.415178,43.170256,5.194611,3.47604,5.837606,3.906308,,,,,,,,
3508,External,,,,,,,,,,,,,,,,,,,,,,,,,,,,,,,,,,,,,,500,Short,38.415178,43.170256,5.194611,3.47604,5.837606,3.906308,,,,,,,,
3509,External,,,,,,,,,,,,,,,,,,,,,,,,,,,,,,,,,,,,,,4300,Short,20.902172,66.053013,0.476592,7.011016,3.505636,2.05157,,,,,,,,
3510,External,,,,,,,,,,,,,,,,,,,,,,,,,,,,,,,,,,,,,,2800,Very Short,35.084332,56.245017,1.09171,3.528244,2.38433,1.666367,,,,,,,,
3511,External,,,,,,,,,,,,,,,,,,,,,,,,,,,,,,,,,,,,,,1400,Very Short,38.415178,43.170256,5.194611,3.47604,5.837606,3.906308,,,,,,,,
3512,External,,,,,,,,,,,,,,,,,,,,,,,,,,,,,,,,,,,,,,1900,Very Short,15.030485,82.9447,0.558103,0.039112,1.22789,0.19971,,,,,,,,
3513,External,,,,,,,,,,,,,,,,,,,,,,,,,,,,,,,,,,,,,,210,Very Short,15.030485,82.9447,0.558103,0.039112,1.22789,0.19971,,,,,,,,
3514,External,,,,,,,,,,,,,,,,,,,,,,,,,,,,,,,,,,,,,,500,Very Short,15.030485,82.9447,0.558103,0.039112,1.22789,0.19971,,,,,,,,
3515,External,,,,,,,,,,,,,,,,,,,,,,,,,,,,,,,,,,,,,,3300,Short,19.437666,53.007717,0.815092,6.949453,2.993792,16.79628,,,,,,,,
3516,External,,,,,,,,,,,,,,,,,,,,,,,,,,,,,,,,,,,,,,1100,Very Short,26.830786,22.50375,23.745733,3.808884,19.916227,3.19462,,,,,,,,
3517,External,,,,,,,,,,,,,,,,,,,,,,,,,,,,,,,,,,,,,,2300,Very Short,26.830786,22.50375,23.745733,3.808884,19.916227,3.19462,,,,,,,,
3518,External,,,,,,,,,,,,,,,,,,,,,,,,,,,,,,,,,,,,,,1900,Very Short,26.830786,22.50375,23.745733,3.808884,19.916227,3.19462,,,,,,,,
3519,External,,,,,,,,,,,,,,,,,,,,,,,,,,,,,,,,,,,,,,41400,Long,46.151071,40.06058,2.376696,9.510893,0.600982,1.299777,,,,,,,,
3520,External,,,,,,,,,,,,,,,,,,,,,,,,,,,,,,,,,,,,,,6200,Very Short,7.52147,76.402664,0.485999,10.293142,4.371149,0.925576,,,,,,,,
3521,External,,,,,,,,,,,,,,,,,,,,,,,,,,,,,,,,,,,,,,5500,Very Short,7.141389,83.455998,0.522182,4.911957,2.001004,1.967469,,,,,,,,
3522,External,,,,,,,,,,,,,,,,,,,,,,,,,,,,,,,,,,,,,,1200,Very Short,7.141389,83.455998,0.522182,4.911957,2.001004,1.967469,,,,,,,,
3523,External,,,,,,,,,,,,,,,,,,,,,,,,,,,,,,,,,,,,,,1100,Very Short,7.141389,83.455998,0.522182,4.911957,2.001004,1.967469,,,,,,,,
3524,External,,,,,,,,,,,,,,,,,,,,,,,,,,,,,,,,,,,,,,20300,Medium,7.421853,77.660276,0.245955,9.432864,1.570691,3.668361,,,,,,,,
3525,External,,,,,,,,,,,,,,,,,,,,,,,,,,,,,,,,,,,,,,1100,Medium,7.141389,83.455998,0.522182,4.911957,2.001004,1.967469,,,,,,,,
3526,External,,,,,,,,,,,,,,,,,,,,,,,,,,,,,,,,,,,,,,1100,Medium,7.141389,83.455998,0.522182,4.911957,2.001004,1.967469,,,,,,,,
3527,External,,,,,,,,,,,,,,,,,,,,,,,,,,,,,,,,,,,,,,7900,Medium,41.152015,50.704608,1.229669,2.936514,2.177282,1.799912,,,,,,,,
3528,External,,,,,,,,,,,,,,,,,,,,,,,,,,,,,,,,,,,,,,4200,Medium,46.591422,43.483878,2.302073,4.9316,1.407881,1.283146,,,,,,,,
3529,External,,,,,,,,,,,,,,,,,,,,,,,,,,,,,,,,,,,,,,900,Medium,51.72497,32.176485,6.214746,3.709954,3.865999,2.307846,,,,,,,,
3530,External,,,,,,,,,,,,,,,,,,,,,,,,,,,,,,,,,,,,,,7000,Medium,8.065283,81.552519,0.239971,4.530663,3.699501,1.912063,,,,,,,,
3531,External,,,,,,,,,,,,,,,,,,,,,,,,,,,,,,,,,,,,,,1000,Medium,56.491652,26.649019,9.538477,1.916944,4.499621,0.904287,,,,,,,,
3532,External,,,,,,,,,,,,,,,,,,,,,,,,,,,,,,,,,,,,,,3400,Medium,50.020296,38.524284,0.312876,7.000959,1.604068,2.537518,,,,,,,,
3533,External,,,,,,,,,,,,,,,,,,,,,,,,,,,,,,,,,,,,,,700,Medium,16.155821,71.390492,0.516558,5.196224,4.969653,1.771252,,,,,,,,
3534,External,,,,,,,,,,,,,,,,,,,,,,,,,,,,,,,,,,,,,,1800,Medium,16.155821,71.390492,0.516558,5.196224,4.969653,1.771252,,,,,,,,
3535,External,,,,,,,,,,,,,,,,,,,,,,,,,,,,,,,,,,,,,,200,Very Short,16.155821,71.390492,0.516558,5.196224,4.969653,1.771252,,,,,,,,
3536,External,,,,,,,,,,,,,,,,,,,,,,,,,,,,,,,,,,,,,,200,Very Short,14.03,50.33,4.61,3.17,16.52,11.35,,,,,,,,
3537,External,,,,,,,,,,,,,,,,,,,,,,,,,,,,,,,,,,,,,,100,Very Short,14.03,50.33,4.61,3.17,16.52,11.35,,,,,,,,
3538,External,,,,,,,,,,,,,,,,,,,,,,,,,,,,,,,,,,,,,,1100,Very Short,14.03,50.33,4.61,3.17,16.52,11.35,,,,,,,,
3539,External,,,,,,,,,,,,,,,,,,,,,,,,,,,,,,,,,,,,,,4470,Very Short,3.671242,84.795575,0.114299,1.794868,6.70645,2.917566,,,,,,,,
3540,External,,,,,,,,,,,,,,,,,,,,,,,,,,,,,,,,,,,,,,39100,Long,26.410177,58.738719,1.42776,11.149353,0.959432,1.314559,,,,,,,,
3541,External,,,,,,,,,,,,,,,,,,,,,,,,,,,,,,,,,,,,,,3600,Very Short,2.363251,89.717781,0.104147,0.477083,4.480367,2.85737,,,,,,,,
3542,External,,,,,,,,,,,,,,,,,,,,,,,,,,,,,,,,,,,,,,1600,Very Short,66.315061,28.711493,1.407442,0.885594,1.446753,1.233658,,,,,,,,
3543,External,,,,,,,,,,,,,,,,,,,,,,,,,,,,,,,,,,,,,,1000,Very Short,73.982918,22.998244,1.901363,0.031264,1.086211,0.0,,,,,,,,
3544,External,,,,,,,,,,,,,,,,,,,,,,,,,,,,,,,,,,,,,,55900,Long,32.299463,52.691949,1.334396,11.548374,0.766744,1.359073,,,,,,,,
3545,External,,,,,,,,,,,,,,,,,,,,,,,,,,,,,,,,,,,,,,2660,Very Short,0.0,83.159493,0.0,0.0,10.777031,6.063476,,,,,,,,
3546,External,,,,,,,,,,,,,,,,,,,,,,,,,,,,,,,,,,,,,,700,Very Short,14.03,50.33,4.61,3.17,16.52,11.35,,,,,,,,
3547,External,,,,,,,,,,,,,,,,,,,,,,,,,,,,,,,,,,,,,,4900,Short,0.0,95.505096,0.007905,0.006465,2.327557,2.152977,,,,,,,,
3548,External,,,,,,,,,,,,,,,,,,,,,,,,,,,,,,,,,,,,,,36900,Long,69.488945,14.197825,3.464845,12.011358,0.428387,0.408641,,,,,,,,
3549,External,,,,,,,,,,,,,,,,,,,,,,,,,,,,,,,,,,,,,,9600,Very Short,30.893249,59.425065,1.600382,3.626302,1.44445,3.010552,,,,,,,,
3550,External,,,,,,,,,,,,,,,,,,,,,,,,,,,,,,,,,,,,,,2500,Very Short,34.617882,58.09608,1.80779,1.131365,2.136964,2.209919,,,,,,,,
3551,External,,,,,,,,,,,,,,,,,,,,,,,,,,,,,,,,,,,,,,2700,Very Short,3.0,27.0,4.0,2.0,40.0,24.0,,,,,,,,
3552,External,,,,,,,,,,,,,,,,,,,,,,,,,,,,,,,,,,,,,,43200,Medium,18.0,70.0,2.0,5.0,3.0,2.0,,,,,,,,
3553,External,,,,,,,,,,,,,,,,,,,,,,,,,,,,,,,,,,,,,,1400,Short,14.03,50.33,4.61,3.17,16.52,11.35,,,,,,,,
3554,External,,,,,,,,,,,,,,,,,,,,,,,,,,,,,,,,,,,,,,1100,Very Short,3.0,27.0,4.0,2.0,40.0,24.0,,,,,,,,
3555,External,,,,,,,,,,,,,,,,,,,,,,,,,,,,,,,,,,,,,,5100,Very Short,12.941564,79.287329,0.593997,0.636571,2.571691,3.968848,,,,,,,,
3556,External,,,,,,,,,,,,,,,,,,,,,,,,,,,,,,,,,,,,,,42000,Medium,35.516554,55.356373,1.370765,4.886108,0.713754,2.156446,,,,,,,,
3557,External,,,,,,,,,,,,,,,,,,,,,,,,,,,,,,,,,,,,,,1640,Very Short,42.916036,48.759469,2.366364,3.736373,1.417212,0.804545,,,,,,,,
3558,External,,,,,,,,,,,,,,,,,,,,,,,,,,,,,,,,,,,,,,1100,Very Short,13.0,79.0,1.0,1.0,2.0,4.0,,,,,,,,
3559,External,,,,,,,,,,,,,,,,,,,,,,,,,,,,,,,,,,,,,,3300,Very Short,9.353698,83.230032,0.873519,2.913822,1.094483,2.534446,,,,,,,,
3560,External,,,,,,,,,,,,,,,,,,,,,,,,,,,,,,,,,,,,,,1200,Very Short,12.941564,79.287329,0.593997,0.636571,2.571691,3.968848,,,,,,,,
3561,External,,,,,,,,,,,,,,,,,,,,,,,,,,,,,,,,,,,,,,82200,Long,55.393226,28.164876,2.773132,12.273348,0.578473,0.816944,,,,,,,,
3562,External,,,,,,,,,,,,,,,,,,,,,,,,,,,,,,,,,,,,,,8400,Short,15.049995,78.634902,0.66051,0.172632,5.030526,0.451434,,,,,,,,
3563,External,,,,,,,,,,,,,,,,,,,,,,,,,,,,,,,,,,,,,,1400,Very Short,0.031458,0.898384,1.173673,2.178006,33.51818,62.2003,,,,,,,,
3564,External,,,,,,,,,,,,,,,,,,,,,,,,,,,,,,,,,,,,,,5800,Very Short,0.0,98.544555,0.008537,0.022735,1.126365,0.297808,,,,,,,,
3565,External,,,,,,,,,,,,,,,,,,,,,,,,,,,,,,,,,,,,,,6100,Short,0.030403,96.617918,0.002415,0.001122,2.175591,1.172551,,,,,,,,
3566,External,,,,,,,,,,,,,,,,,,,,,,,,,,,,,,,,,,,,,,13200,Short,33.915234,58.715077,0.693612,2.423154,3.073276,1.179647,,,,,,,,
3567,External,,,,,,,,,,,,,,,,,,,,,,,,,,,,,,,,,,,,,,900,Very Short,0.030403,96.617918,0.002415,0.001122,2.175591,1.172551,,,,,,,,
3568,External,,,,,,,,,,,,,,,,,,,,,,,,,,,,,,,,,,,,,,1500,Very Short,3.0,27.0,4.0,2.0,40.0,24.0,,,,,,,,
3569,External,,,,,,,,,,,,,,,,,,,,,,,,,,,,,,,,,,,,,,1000,Very Short,3.0,27.0,4.0,2.0,40.0,24.0,,,,,,,,
3570,External,,,,,,,,,,,,,,,,,,,,,,,,,,,,,,,,,,,,,,6100,Short,18.195981,75.137702,0.356896,1.696156,2.277377,2.335888,,,,,,,,
3571,External,,,,,,,,,,,,,,,,,,,,,,,,,,,,,,,,,,,,,,12600,Short,15.0,78.0,1.0,2.0,2.0,2.0,,,,,,,,
3572,External,,,,,,,,,,,,,,,,,,,,,,,,,,,,,,,,,,,,,,7100,Short,15.0,78.0,1.0,2.0,2.0,2.0,,,,,,,,
3573,External,,,,,,,,,,,,,,,,,,,,,,,,,,,,,,,,,,,,,,2000,Very Short,8.0,86.0,1.0,2.0,1.0,2.0,,,,,,,,
3574,External,,,,,,,,,,,,,,,,,,,,,,,,,,,,,,,,,,,,,,11800,Short,18.195981,75.137702,0.356896,1.696156,2.277377,2.335888,,,,,,,,
3575,External,,,,,,,,,,,,,,,,,,,,,,,,,,,,,,,,,,,,,,3500,Very Short,3.0,27.0,4.0,2.0,40.0,24.0,,,,,,,,
3576,External,,,,,,,,,,,,,,,,,,,,,,,,,,,,,,,,,,,,,,3900,Short,1.280436,88.993593,0.093641,2.329144,4.04021,3.262977,,,,,,,,
3577,External,,,,,,,,,,,,,,,,,,,,,,,,,,,,,,,,,,,,,,2600,Very Short,1.418388,11.309017,5.592121,4.133851,44.586814,32.95981,,,,,,,,
3578,External,,,,,,,,,,,,,,,,,,,,,,,,,,,,,,,,,,,,,,70910,Long,10.714766,78.263214,0.801551,6.145335,1.152165,2.922969,,,,,,,,
3579,External,,,,,,,,,,,,,,,,,,,,,,,,,,,,,,,,,,,,,,9300,Medium,22.213185,67.745208,0.532472,5.330979,1.888354,2.289802,,,,,,,,
3580,External,,,,,,,,,,,,,,,,,,,,,,,,,,,,,,,,,,,,,,1400,Short,2.598573,26.347008,3.972654,2.406216,40.278857,24.396693,,,,,,,,
3581,External,,,,,,,,,,,,,,,,,,,,,,,,,,,,,,,,,,,,,,2000,Short,2.432813,91.188317,0.26164,2.16429,2.144576,1.808364,,,,,,,,
3582,External,,,,,,,,,,,,,,,,,,,,,,,,,,,,,,,,,,,,,,400,Short,65.260343,10.815836,15.877723,4.644822,2.631473,0.769803,,,,,,,,
3583,External,,,,,,,,,,,,,,,,,,,,,,,,,,,,,,,,,,,,,,35800,Long,13.113495,74.007437,0.547293,6.257607,1.209541,4.864627,,,,,,,,
3584,External,,,,,,,,,,,,,,,,,,,,,,,,,,,,,,,,,,,,,,2400,Short,65.260343,10.815836,15.877723,4.644822,2.631473,0.769803,,,,,,,,
3585,External,,,,,,,,,,,,,,,,,,,,,,,,,,,,,,,,,,,,,,700,Very Short,65.260343,10.815836,15.877723,4.644822,2.631473,0.769803,,,,,,,,
3586,External,,,,,,,,,,,,,,,,,,,,,,,,,,,,,,,,,,,,,,230,Very Short,65.260343,10.815836,15.877723,4.644822,2.631473,0.769803,,,,,,,,
3587,External,,,,,,,,,,,,,,,,,,,,,,,,,,,,,,,,,,,,,,4200,Very Short,51.867259,27.610196,1.394327,14.233252,3.250495,1.64447,,,,,,,,
3588,External,,,,,,,,,,,,,,,,,,,,,,,,,,,,,,,,,,,,,,3500,Short,1.466684,92.617326,0.034446,0.546877,4.274363,1.060303,,,,,,,,
3589,External,,,,,,,,,,,,,,,,,,,,,,,,,,,,,,,,,,,,,,5500,Short,1.816866,79.79659,0.107203,1.699325,9.03095,7.549066,,,,,,,,
3590,External,,,,,,,,,,,,,,,,,,,,,,,,,,,,,,,,,,,,,,5300,Short,26.77,70.83,0.49,0.17,0.94,0.8,,,,,,,,
3591,External,,,,,,,,,,,,,,,,,,,,,,,,,,,,,,,,,,,,,,21700,Medium,26.768929,70.831571,0.494398,0.171807,0.937721,0.795574,,,,,,,,
3592,External,,,,,,,,,,,,,,,,,,,,,,,,,,,,,,,,,,,,,,2900,Very Short,41.551965,55.995679,0.764668,0.271851,1.410807,0.005029,,,,,,,,
3593,External,,,,,,,,,,,,,,,,,,,,,,,,,,,,,,,,,,,,,,198000,Long,33.084946,54.512534,1.542284,8.217794,0.905796,1.736646,,,,,,,,
3594,External,,,,,,,,,,,,,,,,,,,,,,,,,,,,,,,,,,,,,,3800,Very Short,3.704933,89.414632,0.102592,0.0,3.882793,2.895051,,,,,,,,
3595,External,,,,,,,,,,,,,,,,,,,,,,,,,,,,,,,,,,,,,,4100,Very Short,3.704933,89.414632,0.102592,0.0,3.882793,2.895051,,,,,,,,
3596,External,,,,,,,,,,,,,,,,,,,,,,,,,,,,,,,,,,,,,,11200,Very Short,3.704933,89.414632,0.102592,0.0,3.882793,2.895051,,,,,,,,
3597,External,,,,,,,,,,,,,,,,,,,,,,,,,,,,,,,,,,,,,,5400,Very Short,3.704933,89.414632,0.102592,0.0,3.882793,2.895051,,,,,,,,
3598,External,,,,,,,,,,,,,,,,,,,,,,,,,,,,,,,,,,,,,,4400,Very Short,37.984963,50.66984,0.920441,7.201404,2.477747,0.745606,,,,,,,,
3599,External,,,,,,,,,,,,,,,,,,,,,,,,,,,,,,,,,,,,,,2700,Very Short,32.820855,54.631286,0.916349,7.143726,1.439687,3.048097,,,,,,,,
3600,External,,,,,,,,,,,,,,,,,,,,,,,,,,,,,,,,,,,,,,900,Short,30.114181,29.033555,17.347476,3.45184,16.724974,3.327973,,,,,,,,
