TAZ,Type,HH,HH_POP,Median_Inc,Pct_Worker,Pct_Child,Pct_Senior,Industry,Office,Service_RateLow,Service_RateHigh,Retail,PctHighPay,StudGQ_NCSU,StudGQ_UNC,StudGQ_DUKE,StudGQ_NCCU,StudOff_NCSU,StudOff_UNC,StudOff_DUKE,StudOff_NCCU,BuildingS_NCSU,BuildingS_UNC,BuildingS_DUKE,BuildingS_NCCU,K12,CollegeOn,CollegeOff,Hospital,ParkDistrict,ParkCostW,ParkCostU,ParkCostO,EmpSpaces,StudSpaces,OtherSpaces,SParking,Enplanements,AWDT,IEEI_Distance,PCT_AUTO_EE,PCT_AUTO_IEEI,PCT_CVSUT_EE,PCT_CVMUT_EE,PCT_CVSUT_IEEI,PCT_CVMUT_IEEI
1,Internal,327,869,76534,48,18.3,11.3,54,39,48,3,19,13,0,0,0,0,0,34,0,0,0,0,0,0,0,0,0,0,0,0,0,0,,,,0,,,,,,,,,
2,Internal,385,986,76534,48,18.3,11.3,6,44,10,85,1,45,0,0,0,0,0,34,0,0,0,0,0,0,1104,0,0,0,0,0,0,0,,,,0,,,,,,,,,
3,Internal,301,737,108533,48,27.9,13.8,1,19,86,7,9,41,0,0,0,0,0,58,0,0,0,0,0,0,0,0,0,0,0,0,0,0,,,,0,,,,,,,,,
4,Internal,614,1350,61929,50,19.9,18.0,13,49,42,14,43,39,0,0,0,0,0,91,0,0,0,0,0,0,0,0,0,0,0,0,0,0,,,,0,,,,,,,,,
5,Internal,203,433,105691,50,26.3,13.9,1,6,129,0,22,39,0,0,0,0,0,56,0,0,0,0,0,0,0,0,0,0,0,0,0,0,,,,0,,,,,,,,,
6,Internal,657,1757,105691,50,26.3,13.9,0,68,0,55,0,39,0,0,0,0,0,132,0,0,0,0,0,0,1932,0,0,0,0,0,0,0,,,,0,,,,,,,,,
7,Internal,275,634,105691,50,26.3,13.9,6,37,49,31,65,39,0,0,0,0,0,22,0,0,0,0,0,0,23,0,0,0,0,0,0,0,,,,0,,,,,,,,,
8,Internal,128,305,73598,48,21.7,13.3,0,1,4,0,0,41,0,0,0,0,0,22,0,0,0,0,0,0,0,0,0,0,0,0,0,0,,,,0,,,,,,,,,
9,Internal,250,590,73598,48,21.7,13.3,32,37,29,0,26,58,0,0,0,0,0,22,0,0,0,0,0,0,0,0,0,0,0,0,0,0,,,,0,,,,,,,,,
10,Internal,144,394,73598,48,21.7,13.3,0,6,15,5,0,41,0,0,0,0,0,11,0,0,0,0,0,0,922,0,0,0,0,0,0,0,,,,0,,,,,,,,,
11,Internal,180,522,104082,31,17.0,39.6,0,0,49,0,2,25,0,0,0,0,0,0,0,0,0,0,0,0,0,0,0,0,0,0,0,0,,,,0,,,,,,,,,
12,Internal,462,1376,100221,43,16.6,16.4,5,44,1,0,4,37,0,0,0,0,0,56,0,0,0,0,0,0,0,0,0,0,0,0,0,0,,,,0,,,,,,,,,
13,Internal,469,1284,104082,31,17.0,39.6,8,28,101,1,0,50,0,0,0,0,0,101,0,0,0,0,0,0,0,0,0,0,0,0,0,0,,,,0,,,,,,,,,
14,Internal,479,822,104082,31,17.0,39.6,0,0,201,0,7,20,0,0,0,0,0,16,0,0,0,0,0,0,0,0,0,0,0,0,0,0,,,,0,,,,,,,,,
15,Internal,205,407,56905,31,10.0,62.9,13,89,114,185,350,25,0,0,0,0,0,0,0,0,0,0,0,0,0,0,0,0,0,0,0,0,,,,0,,,,,,,,,
16,Internal,161,445,79000,40,11.0,39.7,3,123,0,0,0,35,0,0,0,0,0,45,0,0,0,0,0,0,778,0,0,0,0,0,0,0,,,,0,,,,,,,,,
17,Internal,210,536,79000,40,11.0,39.7,1,15,95,3,94,11,0,0,0,0,0,22,0,0,0,0,0,0,0,0,0,0,0,0,0,0,,,,0,,,,,,,,,
18,Internal,534,1312,100714,40,21.7,26.9,3,75,136,0,5,34,0,0,0,0,0,40,0,0,0,0,0,0,0,0,0,0,0,0,0,0,,,,0,,,,,,,,,
19,Internal,467,1289,100714,40,21.7,26.9,271,86,184,2,432,20,0,0,0,0,0,192,0,0,0,0,0,0,70,0,0,0,2,120,120,0,485,480,0,0,,,,,,,,,
20,Internal,153,370,100183,49,22.7,14.3,0,25,13,3,3,36,0,0,0,0,0,0,0,0,0,0,0,0,0,0,0,0,0,0,0,0,,,,0,,,,,,,,,
21,Internal,510,1247,100183,49,22.7,14.3,9,70,24,0,4,37,0,0,0,0,0,0,0,0,0,0,0,0,117,0,0,0,0,0,0,0,,,,0,,,,,,,,,
22,Internal,192,479,100183,49,22.7,14.3,60,10,16,0,0,36,0,0,0,0,0,0,0,0,0,0,0,0,0,0,0,0,0,0,0,0,,,,0,,,,,,,,,
23,Internal,57,150,100183,49,22.7,14.3,2,8,10,0,0,36,0,0,0,0,0,0,0,0,0,0,0,0,0,0,0,0,0,0,0,0,,,,0,,,,,,,,,
24,Internal,445,1148,100183,49,22.7,14.3,9,7,79,3,48,28,0,0,0,0,0,0,0,0,0,0,0,0,0,0,0,0,0,0,0,0,,,,0,,,,,,,,,
25,Internal,88,213,69427,49,20.9,17.8,0,70,11,12,0,40,0,0,0,0,0,0,0,0,0,0,0,0,462,0,0,0,0,0,0,0,,,,0,,,,,,,,,
26,Internal,413,968,69427,49,20.9,17.8,12,51,10,33,32,36,0,0,0,0,0,0,0,0,0,0,0,0,0,0,0,0,0,0,0,0,,,,0,,,,,,,,,
27,Internal,71,168,69427,49,20.9,17.8,31,6,0,0,0,36,0,0,0,0,0,0,0,0,0,0,0,0,0,0,0,0,0,0,0,0,,,,0,,,,,,,,,
28,Internal,360,860,69427,49,20.9,17.8,5,11,33,3,5,36,0,0,0,0,0,0,0,0,0,0,0,0,0,0,0,0,0,0,0,0,,,,0,,,,,,,,,
29,Internal,82,232,69427,49,20.9,17.8,2,2,20,0,5,36,0,0,0,0,0,0,0,0,0,0,0,0,0,0,0,0,0,0,0,0,,,,0,,,,,,,,,
30,Internal,136,345,51616,49,24.7,18.3,109,5,14,5,22,84,0,0,0,0,0,0,0,0,0,0,0,0,0,0,0,0,0,0,0,0,,,,0,,,,,,,,,
31,Internal,245,572,51616,49,24.7,18.3,1,16,1,2,4,74,0,0,0,0,0,0,0,0,0,0,0,0,0,0,0,0,0,0,0,0,,,,0,,,,,,,,,
32,Internal,78,250,100221,43,16.6,16.4,85,4,66,0,100,43,0,0,0,0,0,0,0,0,0,0,0,0,0,0,0,0,0,0,0,0,,,,0,,,,,,,,,
33,Internal,1118,2172,82833,33,13.9,42.3,6,30,74,2,0,14,0,0,0,0,0,27,0,0,0,0,0,0,0,0,0,0,0,0,0,0,,,,0,,,,,,,,,
34,Internal,155,429,82833,33,13.9,42.3,10,29,5,0,20,41,0,0,0,0,0,11,0,0,0,0,0,0,0,0,0,0,0,0,0,0,,,,0,,,,,,,,,
35,Internal,179,452,82833,33,13.9,42.3,1,45,2,0,0,39,0,0,0,0,0,0,0,0,0,0,0,0,0,0,0,0,0,0,0,0,,,,0,,,,,,,,,
36,Internal,784,1787,82833,33,13.9,42.3,11,12,27,6,0,33,0,0,0,0,0,0,0,0,0,0,0,0,0,0,0,0,0,0,0,0,,,,0,,,,,,,,,
37,Internal,106,262,100221,43,16.6,16.4,892,17,25,0,0,50,0,0,0,0,0,0,0,0,0,0,0,0,0,0,0,0,0,0,0,0,,,,0,,,,,,,,,
38,Internal,155,372,100221,43,16.6,16.4,12,20,42,2,23,35,0,0,0,0,0,0,0,0,0,0,0,0,34,0,0,0,0,0,0,0,,,,0,,,,,,,,,
39,Internal,135,267,100221,43,16.6,16.4,14,11,34,4,56,51,0,0,0,0,0,0,0,0,0,0,0,0,0,0,0,0,0,0,0,0,,,,0,,,,,,,,,
40,Internal,175,430,82833,33,13.9,42.3,3,39,15,0,13,39,0,0,0,0,0,11,0,0,0,0,0,0,0,0,0,0,0,0,0,0,,,,0,,,,,,,,,
41,Internal,1080,1908,82833,33,13.9,42.3,16,96,574,6,76,27,0,0,0,0,0,215,0,0,0,0,0,0,0,0,0,0,0,0,0,0,,,,0,,,,,,,,,
42,Internal,66,141,82833,33,13.9,42.3,33,8,26,0,6,58,0,0,0,0,0,0,0,0,0,0,0,0,0,0,0,0,0,0,0,0,,,,0,,,,,,,,,
43,Internal,5,13,82833,33,13.9,42.3,0,0,0,0,0,39,0,0,0,0,0,0,0,0,0,0,0,0,0,0,0,0,0,0,0,0,,,,0,,,,,,,,,
44,Internal,36,80,100221,43,16.6,16.4,1,3,5,0,0,50,0,0,0,0,0,0,0,0,0,0,0,0,0,0,0,0,0,0,0,0,,,,0,,,,,,,,,
45,Internal,88,231,66667,43,28.0,25.3,2,1,0,0,2,17,0,0,0,0,0,0,0,0,0,0,0,0,0,0,0,0,0,0,0,0,,,,0,,,,,,,,,
46,Internal,72,145,66667,43,28.0,25.3,292,2,0,0,0,47,0,0,0,0,0,0,0,0,0,0,0,0,0,0,0,0,0,0,0,0,,,,0,,,,,,,,,
47,Internal,1,1,66667,43,28.0,25.3,138,0,0,0,0,38,0,0,0,0,0,0,0,0,0,0,0,0,0,0,0,0,0,0,0,0,,,,0,,,,,,,,,
48,Internal,62,185,66667,43,28.0,25.3,350,2,0,0,3,50,0,0,0,0,0,0,0,0,0,0,0,0,0,0,0,0,0,0,0,0,,,,0,,,,,,,,,
49,Internal,76,165,66667,43,28.0,25.3,2213,2,0,0,0,77,0,0,0,0,0,0,0,0,0,0,0,0,0,0,0,0,0,0,0,0,,,,0,,,,,,,,,
50,Internal,166,412,66667,43,28.0,25.3,16,37,33,0,3,25,0,0,0,0,0,0,0,0,0,0,0,0,0,0,0,0,0,0,0,0,,,,0,,,,,,,,,
51,Internal,39,107,66667,43,28.0,25.3,0,4,0,0,0,50,0,0,0,0,0,0,0,0,0,0,0,0,0,0,0,0,0,0,0,0,,,,0,,,,,,,,,
52,Internal,50,135,66667,43,28.0,25.3,2,0,0,0,0,50,0,0,0,0,0,0,0,0,0,0,0,0,0,0,0,0,0,0,0,0,,,,0,,,,,,,,,
53,Internal,159,341,50238,43,17.7,16.5,31,56,0,6,2,37,0,0,0,0,0,0,0,0,0,0,0,0,0,0,0,0,0,0,0,0,,,,0,,,,,,,,,
54,Internal,69,190,50238,43,17.7,16.5,0,10,0,0,0,50,0,0,0,0,0,0,0,0,0,0,0,0,0,0,0,0,0,0,0,0,,,,0,,,,,,,,,
55,Internal,128,372,50238,43,17.7,16.5,6,51,0,0,0,50,0,0,0,0,0,0,0,0,0,0,0,0,375,0,0,0,0,0,0,0,,,,0,,,,,,,,,
56,Internal,618,1321,47692,45,16.2,24.2,18,235,94,44,147,11,0,0,0,0,0,0,0,0,0,0,0,0,1859,0,0,0,0,0,0,0,,,,0,,,,,,,,,
57,Internal,1220,2752,47692,45,16.2,24.2,7,90,379,77,89,20,0,0,0,0,0,0,0,0,0,0,0,0,0,0,0,0,0,0,0,0,,,,0,,,,,,,,,
58,Internal,146,281,47692,45,16.2,24.2,3,0,203,0,0,29,0,0,0,0,0,0,0,0,0,0,0,0,0,0,0,0,0,0,0,0,,,,0,,,,,,,,,
59,Internal,295,682,47692,45,16.2,24.2,9,2,28,0,0,29,0,0,0,0,0,0,0,0,0,0,0,0,0,0,0,0,0,0,0,0,,,,0,,,,,,,,,
60,Internal,385,898,47692,45,16.2,24.2,1,3,10,0,0,29,0,0,0,0,0,0,0,0,0,0,0,0,0,0,0,0,0,0,0,0,,,,0,,,,,,,,,
61,Internal,50,127,47692,45,16.2,24.2,0,0,0,0,0,29,0,0,0,0,0,0,0,0,0,0,0,0,0,0,0,0,0,0,0,0,,,,0,,,,,,,,,
62,Internal,131,314,52083,45,19.3,16.9,0,0,0,0,0,0,0,0,0,0,0,0,0,0,0,0,0,0,0,0,0,0,0,0,0,0,,,,0,,,,,,,,,
63,Internal,739,1664,52083,45,19.3,16.9,0,225,184,81,361,29,0,0,0,0,0,0,0,0,0,0,0,0,0,0,0,0,0,0,0,0,,,,0,,,,,,,,,
64,Internal,112,213,52083,45,19.3,16.9,0,2,0,0,24,60,0,0,0,0,0,0,0,0,0,0,0,0,0,0,0,0,0,0,0,0,,,,0,,,,,,,,,
65,Internal,1021,2486,52083,45,19.3,16.9,20,59,248,26,422,19,0,0,0,0,0,0,0,0,0,0,0,0,0,0,0,0,0,0,0,0,,,,0,,,,,,,,,
66,Internal,1692,4060,52083,45,19.3,16.9,0,7,73,4,5,6,0,0,0,0,0,0,0,0,0,0,0,0,0,0,0,0,0,0,0,0,,,,0,,,,,,,,,
67,Internal,403,843,52083,45,19.3,16.9,9,32,7,0,3,24,0,0,0,0,0,0,0,0,0,0,0,0,0,0,0,0,0,0,0,0,,,,0,,,,,,,,,
68,Internal,97,266,52083,45,19.3,16.9,0,1,0,0,3,29,0,0,0,0,0,0,0,0,0,0,0,0,0,0,0,0,0,0,0,0,,,,0,,,,,,,,,
69,Internal,115,311,103671,45,21.7,25.6,5,0,0,0,2,29,0,0,0,0,0,0,0,0,0,0,0,0,0,0,0,0,0,0,0,0,,,,0,,,,,,,,,
70,Internal,548,1386,103671,45,21.7,25.6,60,140,755,21,218,32,0,0,0,0,0,0,0,0,0,0,0,0,630,0,0,0,0,0,0,0,,,,0,,,,,,,,,
71,Internal,300,680,71410,45,11.8,24.6,21,307,49,90,86,40,0,0,0,0,0,0,0,0,0,0,0,0,683,0,0,0,0,0,0,0,,,,0,,,,,,,,,
72,Internal,412,898,71410,45,11.8,24.6,0,12,0,3,0,29,0,0,0,0,0,0,0,0,0,0,0,0,0,0,0,0,0,0,0,0,,,,0,,,,,,,,,
73,Internal,431,997,71410,45,11.8,24.6,31,6,28,0,0,29,0,0,0,0,0,0,0,0,0,0,0,0,0,0,0,0,0,0,0,0,,,,0,,,,,,,,,
74,Internal,469,1135,103671,45,21.7,25.6,13,0,1,5,1,29,0,0,0,0,0,0,0,0,0,0,0,0,0,0,0,0,0,0,0,0,,,,0,,,,,,,,,
75,Internal,1737,4183,103671,45,21.7,25.6,6,7,4,0,2,30,0,0,0,0,0,0,0,0,0,0,0,0,0,0,0,0,0,0,0,0,,,,0,,,,,,,,,
76,Internal,85,167,103671,45,21.7,25.6,0,3,3,0,0,28,0,0,0,0,0,0,0,0,0,0,0,0,0,0,0,0,0,0,0,0,,,,0,,,,,,,,,
77,Internal,253,639,103671,45,21.7,25.6,3,51,13,0,3,31,0,0,0,0,0,0,0,0,0,0,0,0,1384,0,0,0,0,0,0,0,,,,0,,,,,,,,,
78,Internal,223,387,103971,54,12.4,40.1,5,19,7,82,0,34,0,0,0,0,0,11,0,0,0,0,0,0,0,0,0,0,0,0,0,0,,,,0,,,,,,,,,
79,Internal,499,877,49632,54,7.4,22.6,0,45,311,0,0,58,0,0,0,0,0,1276,0,5,0,0,0,0,0,0,0,0,0,0,0,0,,,,0,,,,,,,,,
80,Internal,183,397,97464,54,21.0,18.6,1,3,33,0,3,58,0,0,0,0,0,22,0,8,0,0,0,0,0,0,0,0,0,0,0,0,,,,0,,,,,,,,,
81,Internal,13,34,77485,72,9.3,3.6,195,16,362,42,13,49,0,0,0,0,0,0,0,0,0,0,0,0,0,0,0,0,0,0,0,0,,,,0,,,,,,,,,
82,Internal,318,807,77485,72,9.3,3.6,55,20,48,0,0,69,0,0,0,0,0,0,0,8,0,0,0,0,0,0,0,0,0,0,0,0,,,,0,,,,,,,,,
83,Internal,53,142,77485,72,9.3,3.6,0,659,806,222,80,88,0,0,0,0,0,0,0,0,0,0,0,0,0,0,0,0,0,0,0,0,,,,0,,,,,,,,,
84,Internal,232,419,77485,72,9.3,3.6,250,106,122,43,70,74,0,0,0,0,0,0,0,5,0,0,0,0,0,0,0,0,0,0,0,0,,,,0,,,,,,,,,
85,Internal,77,145,58190,50,22.0,12.0,0,477,92,21,13,85,0,0,0,0,0,0,0,0,0,0,0,0,0,0,0,0,0,0,0,0,,,,0,,,,,,,,,
86,Internal,792,1157,32196,43,2.5,2.5,0,45,483,6,354,15,0,0,0,0,0,34,1262,0,0,0,0,0,0,0,0,0,0,0,0,0,,,,0,,,,,,,,,
87,Internal,280,677,38250,47,23.0,10.8,24,8,107,14,19,6,0,0,0,0,0,0,13,0,0,0,0,0,0,0,0,0,0,0,0,0,,,,0,,,,,,,,,
88,Internal,55,133,38250,47,23.0,10.8,82,15,152,28,206,13,0,0,0,0,0,0,0,0,0,0,0,0,0,0,0,0,0,0,0,0,,,,0,,,,,,,,,
89,Internal,57,119,38250,47,23.0,10.8,0,0,21,8,22,6,0,0,0,0,0,0,1,0,0,0,0,0,0,0,0,0,0,0,0,0,,,,0,,,,,,,,,
90,Internal,219,540,38250,47,23.0,10.8,3,9,92,6,14,17,0,0,0,0,0,0,8,16,0,0,0,0,0,0,0,0,0,0,0,0,,,,0,,,,,,,,,
91,Internal,342,914,47411,47,28.4,10.3,93,237,236,10,26,33,0,0,0,0,0,0,1,28,0,0,0,0,0,0,0,0,0,0,0,0,,,,0,,,,,,,,,
92,Internal,319,907,47411,47,28.4,10.3,50,2,27,2,0,38,0,0,0,0,0,0,10,16,0,0,0,0,0,0,0,0,0,0,0,0,,,,0,,,,,,,,,
93,Internal,54,139,49205,55,19.2,11.1,78,522,5769,20,40,62,0,0,0,0,0,0,0,0,0,0,0,0,402,0,0,1,0,0,0,0,,,,0,,,,,,,,,
94,Internal,205,408,49205,55,19.2,11.1,35,77,269,72,48,28,0,0,0,0,0,0,1,0,0,0,0,0,0,0,0,0,0,0,0,0,,,,0,,,,,,,,,
95,Internal,337,673,49205,55,19.2,11.1,51,4,80,0,3,55,0,0,0,0,0,0,8,8,0,0,0,0,0,0,0,0,0,0,0,0,,,,0,,,,,,,,,
96,Internal,34,68,31173,55,18.3,5.7,0,0,9,0,0,55,0,0,0,0,0,0,4,0,0,0,0,0,0,0,0,0,0,0,0,0,,,,0,,,,,,,,,
97,Internal,85,203,31173,55,18.3,5.7,0,76,4,33,0,55,0,0,0,0,0,0,4,0,0,0,0,0,0,0,0,0,0,0,0,0,,,,0,,,,,,,,,
98,Internal,193,452,31173,55,18.3,5.7,0,85,13,0,0,55,0,0,0,0,0,0,5,0,0,0,0,0,545,0,0,0,0,0,0,0,,,,0,,,,,,,,,
99,Internal,55,151,49205,55,19.2,11.1,9,30,262,12,11,28,0,0,0,0,0,0,0,5,0,0,0,0,7,0,0,0,0,0,0,0,,,,0,,,,,,,,,
100,Internal,260,540,31173,55,18.3,5.7,3,126,10,29,0,55,0,0,0,0,0,0,5,12,0,0,0,0,621,0,0,0,0,0,0,0,,,,0,,,,,,,,,
101,Internal,490,1281,31173,55,18.3,5.7,0,29,10,4,2,3,0,0,0,0,0,0,4,0,0,0,0,0,0,0,0,0,0,0,0,0,,,,0,,,,,,,,,
102,Internal,108,249,49205,55,19.2,11.1,0,6,95,0,1,36,0,0,0,0,0,0,4,0,0,0,0,0,0,0,0,0,0,0,0,0,,,,0,,,,,,,,,
103,Internal,160,335,31004,54,24.6,5.5,5,8,8,0,6,40,0,0,0,0,0,0,9,0,0,0,0,0,0,0,0,0,0,0,0,0,,,,0,,,,,,,,,
104,Internal,270,496,31004,54,24.6,5.5,20,122,20,0,0,79,0,0,0,0,0,0,4,8,0,0,0,0,0,0,0,0,0,0,0,0,,,,0,,,,,,,,,
105,Internal,5,11,31004,54,24.6,5.5,543,180,56,97,15,41,0,0,0,0,0,0,0,0,0,0,0,0,0,0,0,0,0,0,0,0,,,,0,,,,,,,,,
106,Internal,3,24,31004,54,24.6,5.5,40,29,68,4,31,28,0,0,0,0,0,0,0,0,0,0,0,0,0,0,0,0,0,0,0,0,,,,0,,,,,,,,,
107,Internal,79,210,46174,54,14.5,6.3,1,7,5,0,0,40,0,0,0,0,0,0,0,0,0,0,0,0,0,0,0,0,0,0,0,0,,,,0,,,,,,,,,
108,Internal,188,394,46174,54,14.5,6.3,21,15,19,8,27,14,0,0,0,0,0,0,14,8,0,0,0,0,0,0,0,0,0,0,0,0,,,,0,,,,,,,,,
109,Internal,147,287,46174,54,14.5,6.3,0,49,13,11,30,27,0,0,0,0,0,0,4,0,0,0,0,0,740,0,0,0,3,386,0,150,27,0,5,0,,,,,,,,,
110,Internal,70,128,46174,54,14.5,6.3,2,95,24,4,23,22,0,0,0,0,0,0,0,0,0,0,0,0,0,0,0,0,3,386,0,150,47,0,9,0,,,,,,,,,
111,Internal,152,367,72031,54,18.2,8.6,22,4,18,0,0,73,0,0,0,0,0,0,10,0,0,0,0,0,0,0,0,0,0,0,0,0,,,,0,,,,,,,,,
112,Internal,49,134,72031,54,18.2,8.6,0,11,4,3,0,41,0,0,0,0,0,0,0,0,0,0,0,0,63,0,0,0,0,0,0,0,,,,0,,,,,,,,,
113,Internal,110,266,72031,54,18.2,8.6,0,15,10,7,0,40,0,0,0,0,0,0,14,5,0,0,0,0,0,0,0,0,0,0,0,0,,,,0,,,,,,,,,
114,Internal,164,338,72031,54,18.2,8.6,1,12,44,0,0,40,0,0,0,0,0,0,28,0,0,0,0,0,0,0,0,0,0,0,0,0,,,,0,,,,,,,,,
115,Internal,340,636,35135,52,24.2,8.2,0,4,3,0,0,15,0,0,0,0,0,0,8,0,0,0,0,0,0,0,0,0,0,0,0,0,,,,0,,,,,,,,,
116,Internal,0,0,35135,52,24.2,8.2,63,58,165,76,860,11,0,0,0,0,0,0,0,0,0,0,0,0,0,0,0,0,0,0,0,0,,,,0,,,,,,,,,
117,Internal,201,419,35135,52,24.2,8.2,23,70,108,39,32,35,0,0,0,0,0,0,45,20,0,0,0,0,0,0,0,0,0,0,0,0,,,,0,,,,,,,,,
118,Internal,283,467,35135,52,24.2,8.2,0,4,60,3,127,4,0,0,0,0,0,0,73,5,0,0,0,0,0,0,0,0,0,0,0,0,,,,0,,,,,,,,,
119,Internal,291,636,43869,52,14.9,10.0,6,9,65,24,74,28,0,0,0,0,0,0,55,12,0,0,0,0,0,0,0,0,0,0,0,0,,,,0,,,,,,,,,
120,Internal,344,738,65000,52,19.4,10.4,0,31,121,19,16,28,0,0,0,0,0,0,212,5,0,0,0,0,0,0,0,0,4,0,0,200,0,0,67,0,,,,,,,,,
121,Internal,183,374,91806,57,25.3,3.9,5,5,3,0,0,31,0,0,0,0,0,0,19,5,0,0,0,0,0,0,0,0,0,0,0,0,,,,0,,,,,,,,,
122,Internal,191,490,91806,57,25.3,3.9,6,8,58,2,16,34,0,0,0,0,0,0,54,5,0,0,0,0,0,0,0,0,0,0,0,0,,,,0,,,,,,,,,
123,Internal,154,354,93529,57,24.6,8.2,0,2,5,0,0,34,0,0,0,0,0,0,8,5,0,0,0,0,0,0,0,0,0,0,0,0,,,,0,,,,,,,,,
124,Internal,257,455,93529,57,24.6,8.2,3,1,12,0,14,42,0,0,0,0,0,0,81,0,0,0,0,0,0,0,0,0,0,0,0,0,,,,0,,,,,,,,,
125,Internal,184,481,93529,57,24.6,8.2,0,11,3,40,3,34,0,0,0,0,0,0,62,5,0,0,0,0,0,0,0,0,0,0,0,0,,,,0,,,,,,,,,
126,Internal,213,428,59107,57,18.6,8.7,45,5,9,0,8,34,0,0,0,0,0,0,76,0,0,0,0,0,0,0,0,0,0,0,0,0,,,,0,,,,,,,,,
127,Internal,604,1335,59107,57,18.6,8.7,13,116,57,11,8,34,0,0,0,0,0,0,153,12,0,0,0,0,401,0,0,0,0,0,0,0,,,,0,,,,,,,,,
128,Internal,186,449,87031,52,12.6,13.7,0,36,140,0,0,18,0,0,0,0,0,0,19,5,0,0,0,0,0,0,0,0,0,0,0,0,,,,0,,,,,,,,,
129,Internal,72,109,87031,52,12.6,13.7,0,4,7,25,54,14,0,0,0,0,0,0,5,8,0,0,0,0,0,0,0,0,0,0,0,0,,,,0,,,,,,,,,
130,Internal,98,218,87031,52,12.6,13.7,0,0,25,0,40,40,0,0,0,0,0,0,4,0,0,0,0,0,0,0,0,0,0,0,0,0,,,,0,,,,,,,,,
131,Internal,107,243,87031,52,12.6,13.7,0,32,83,12,23,36,0,0,0,0,0,0,5,0,0,0,0,0,0,0,0,0,0,0,0,0,,,,0,,,,,,,,,
132,Internal,49,113,87031,52,12.6,13.7,28,16,36,20,42,38,0,0,0,0,0,0,0,12,0,0,0,0,0,0,0,0,0,0,0,0,,,,0,,,,,,,,,
133,Internal,126,341,83750,52,23.7,14.2,0,0,5,0,3,40,0,0,0,0,0,0,14,0,0,0,0,0,0,0,0,0,0,0,0,0,,,,0,,,,,,,,,
134,Internal,110,260,83750,52,23.7,14.2,0,21,242,0,1,66,0,0,0,0,0,0,9,0,0,0,0,0,0,0,0,0,0,0,0,0,,,,0,,,,,,,,,
135,Internal,137,358,83750,52,23.7,14.2,0,5,27,0,0,40,0,0,0,0,0,0,10,0,0,0,0,0,0,0,0,0,0,0,0,0,,,,0,,,,,,,,,
136,Internal,69,150,101797,52,23.4,9.2,4,4,52,15,0,40,0,0,0,0,0,0,27,0,0,0,0,0,0,0,0,0,0,0,0,0,,,,0,,,,,,,,,
137,Internal,39,112,101797,52,23.4,9.2,166,58,207,6,114,34,0,0,0,0,0,0,8,0,0,0,0,0,0,0,0,0,4,0,0,200,0,0,443,0,,,,,,,,,
138,Internal,0,0,101797,52,23.4,9.2,72,0,21,0,19,63,0,0,0,0,0,0,0,0,0,0,0,0,0,0,0,0,0,0,0,0,,,,0,,,,,,,,,
139,Internal,140,262,101797,52,23.4,9.2,0,0,33,1,1,30,0,0,0,0,0,0,27,0,0,0,0,0,0,0,0,0,0,0,0,0,,,,0,,,,,,,,,
140,Internal,82,165,101797,52,23.4,9.2,0,8,25,0,1,42,0,0,0,0,0,0,14,0,0,0,0,0,0,0,0,0,0,0,0,0,,,,0,,,,,,,,,
141,Internal,560,942,48250,56,7.4,6.1,0,267,547,0,72,22,0,0,0,0,0,0,4,0,0,0,0,0,0,0,0,0,4,544,0,0,58,0,0,0,,,,,,,,,
142,Internal,331,519,48250,56,7.4,6.1,7,225,80,18,309,22,0,0,0,0,0,0,1303,0,0,0,0,0,0,0,0,0,4,544,0,0,180,0,0,0,,,,,,,,,
143,Internal,0,0,48250,56,7.4,6.1,0,4,55,0,268,20,0,0,0,0,0,0,0,0,0,0,0,0,0,0,0,0,0,0,0,0,,,,0,,,,,,,,,
144,Internal,4,9,30625,43,10.1,2.5,42,22,243,21,356,21,0,0,0,0,0,0,0,0,0,0,0,0,0,0,0,0,0,0,0,0,,,,0,,,,,,,,,
145,Internal,268,467,48250,56,7.4,6.1,3,77,240,32,14,22,0,0,0,0,0,0,332,0,0,0,0,0,0,0,0,0,4,544,0,0,359,0,0,0,,,,,,,,,
146,Internal,29,78,48250,56,7.4,6.1,47,65,207,0,0,40,0,0,0,0,0,0,4,5,0,0,0,0,0,0,0,0,0,0,0,0,,,,0,,,,,,,,,
147,Internal,162,324,48250,56,7.4,6.1,0,3,1,0,0,22,0,0,0,0,0,0,59,0,0,0,0,0,0,0,0,0,0,0,0,0,,,,0,,,,,,,,,
148,Internal,146,296,48250,56,7.4,6.1,60,113,11,0,0,22,0,0,0,0,0,0,87,0,0,0,0,0,582,0,0,0,0,0,0,0,,,,0,,,,,,,,,
149,Internal,61,118,48250,56,7.4,6.1,33,3,83,109,85,24,0,0,0,0,0,0,18,5,0,0,0,0,0,0,0,0,0,0,0,0,,,,0,,,,,,,,,
150,Internal,73,158,48250,56,7.4,6.1,0,12,180,0,4,12,0,0,0,0,0,0,68,0,0,0,0,0,0,0,0,0,0,0,0,0,,,,0,,,,,,,,,
151,Internal,122,247,48250,56,7.4,6.1,13,17,107,0,64,40,0,0,0,0,0,0,316,0,0,0,0,0,0,0,0,0,4,544,0,0,248,0,0,0,,,,,,,,,
152,Internal,219,332,48250,56,7.4,6.1,9,365,532,44,419,17,0,0,0,0,0,0,13,5,0,0,0,0,0,0,0,0,4,544,0,0,172,0,0,0,,,,,,,,,
153,Internal,104,171,48250,56,7.4,6.1,0,5,9,1,0,22,0,0,0,0,0,0,27,5,0,0,0,0,0,0,0,0,0,0,0,0,,,,0,,,,,,,,,
154,Internal,1,3,16250,47,2.5,2.5,0,7,169,0,9,27,0,0,0,0,0,0,99,0,0,0,0,0,0,0,0,0,0,0,0,0,,,,0,,,,,,,,,
155,Internal,0,0,16250,47,2.5,2.5,0,5,14,7,12,22,0,0,0,0,0,0,0,0,0,0,0,0,0,0,0,0,0,0,0,0,,,,0,,,,,,,,,
156,Internal,0,0,16250,47,2.5,2.5,0,15,315,3,4,26,0,0,0,0,0,0,0,0,0,0,0,0,0,0,0,0,4,0,0,200,0,0,81,0,,,,,,,,,
157,Internal,188,420,16250,47,2.5,2.5,2,34,6,23,15,8,0,0,398,0,0,0,8,0,0,0,12,0,0,0,0,0,4,153,0,200,73,0,64,0,,,,,,,,,
158,Internal,19,71,16250,47,2.5,2.5,4,469,40,58,15,17,0,0,0,0,0,0,17,0,0,0,9,0,0,0,0,0,4,544,0,200,668,0,48,0,,,,,,,,,
159,Internal,41,48,16250,47,2.5,2.5,0,21,9,4,0,26,0,0,36,0,0,0,40,0,0,0,18,0,0,0,0,0,4,544,81,200,47,15,2,0,,,,,,,,,
160,Internal,2,14,16250,47,2.5,2.5,0,52,245,1,6,30,0,0,0,0,0,0,0,0,0,0,20,0,0,0,0,0,4,0,0,200,0,0,8,0,,,,,,,,,
161,Internal,375,706,60469,47,18.4,5.1,20,61,160,21,4,50,0,0,0,0,0,0,118,8,0,0,13,0,0,0,0,0,4,0,0,200,0,0,7,0,,,,,,,,,
162,Internal,1,3,60469,47,18.4,5.1,0,738,11,0,35,26,0,0,0,0,0,0,5,0,0,0,0,0,0,0,0,0,4,544,81,200,497,19,101,0,,,,,,,,,
163,Internal,327,761,28837,47,12.2,2.5,81,16,121,9,14,22,0,0,0,0,0,0,31,33,0,0,0,0,0,0,0,0,0,0,0,0,,,,0,,,,,,,,,
164,Internal,463,1243,35711,47,34.6,4.9,1,52,121,27,6,38,0,0,0,0,0,0,27,20,0,0,0,0,0,0,0,0,0,0,0,0,,,,0,,,,,,,,,
165,Internal,363,850,42831,54,20.2,11.7,312,11,33,0,6,42,0,0,0,0,0,58,44,11,0,0,0,0,4,0,0,0,0,0,0,0,,,,0,,,,,,,,,
166,Internal,313,695,42831,54,20.2,11.7,4,172,33,91,18,38,0,0,0,0,0,56,8,0,0,0,0,0,346,0,0,0,0,0,0,0,,,,0,,,,,,,,,
167,Internal,106,235,44250,54,20.9,3.5,6,16,31,0,10,48,0,0,0,0,0,11,1,0,0,0,0,0,0,0,0,0,0,0,0,0,,,,0,,,,,,,,,
168,Internal,163,436,95580,54,11.6,21.1,0,0,42,0,0,48,0,0,0,0,0,22,9,0,0,0,0,0,0,0,0,0,0,0,0,0,,,,0,,,,,,,,,
169,Internal,205,531,44250,54,20.9,3.5,0,108,23,2,3,48,0,0,0,0,0,67,86,0,0,0,0,0,486,0,0,0,0,0,0,0,,,,0,,,,,,,,,
170,Internal,0,0,95580,54,11.6,21.1,0,1,385,72,80,24,0,0,0,0,0,0,9,0,0,0,0,0,0,0,0,0,4,0,81,200,0,22,891,0,,,,,,,,,
171,Internal,85,156,58190,47,22.0,12.0,0,222,0,0,0,74,0,0,0,0,0,0,0,0,0,0,0,0,0,0,0,0,4,544,81,200,56,33,82,0,,,,,,,,,
172,Internal,22,49,95580,54,11.6,21.1,0,0,2,0,0,48,0,0,0,0,0,0,1,0,0,0,0,0,0,0,0,0,4,0,81,0,0,316,0,0,,,,,,,,,
173,Internal,0,0,58190,47,22.0,12.0,25,0,0,0,0,15,0,0,0,0,0,0,0,0,0,0,0,0,0,0,0,0,4,0,0,200,0,0,574,0,,,,,,,,,
174,Internal,359,494,95580,54,11.6,21.1,5,4,29,0,0,48,0,0,0,0,0,11,430,8,0,0,0,0,0,0,0,0,0,0,0,0,,,,0,,,,,,,,,
175,Internal,616,1479,44250,54,20.9,3.5,26,75,146,34,133,75,0,0,0,0,0,45,67,5,0,0,0,0,0,0,0,0,0,0,0,0,,,,0,,,,,,,,,
176,Internal,17,38,95580,54,11.6,21.1,0,0,100,0,0,72,0,0,0,0,0,0,5,0,0,0,0,0,0,0,0,0,4,0,0,200,0,0,183,0,,,,,,,,,
177,Internal,223,339,29267,52,13.6,17.7,63,602,209,85,196,14,0,0,0,0,0,0,234,5,0,0,0,0,0,0,0,0,3,386,0,150,333,0,619,0,,,,,,,,,
178,Internal,85,156,29267,52,13.6,17.7,5,136,78,86,57,72,0,0,0,0,0,0,0,0,0,0,0,0,0,0,0,0,3,386,0,150,49,0,10,0,,,,,,,,,
179,Internal,347,646,29267,52,13.6,17.7,3,341,306,166,87,48,0,0,0,0,0,0,0,0,0,0,0,0,0,0,0,0,3,386,0,150,256,0,52,0,,,,,,,,,
180,Internal,375,585,29267,52,13.6,17.7,0,33,127,25,30,53,0,0,0,0,0,0,8,5,0,0,0,0,157,0,0,0,0,0,0,0,,,,0,,,,,,,,,
181,Internal,430,729,29267,52,13.6,17.7,0,1523,735,759,105,53,0,0,0,0,0,0,140,5,0,0,0,0,0,0,0,0,3,386,0,150,79,0,16,0,,,,,,,,,
182,Internal,174,390,29267,52,13.6,17.7,7,7,30,60,13,66,0,0,0,0,0,0,44,0,0,0,0,0,468,0,0,0,0,0,0,0,,,,0,,,,,,,,,
183,Internal,322,379,29267,52,13.6,17.7,2,25,25,22,26,53,0,0,0,0,0,0,171,0,0,0,0,0,0,0,0,0,0,0,0,0,,,,0,,,,,,,,,
184,Internal,388,681,29267,52,13.6,17.7,19,810,283,294,201,58,0,0,0,0,0,0,0,0,0,0,0,0,0,0,0,0,3,386,0,0,109,0,0,0,,,,,,,,,
185,Internal,5,8,29267,52,13.6,17.7,0,83,46,0,0,12,0,0,0,0,0,0,0,0,0,0,0,0,571,0,0,0,0,0,0,0,,,,0,,,,,,,,,
186,Internal,200,480,90833,52,19.4,18.2,0,4,23,22,0,53,0,0,0,0,0,0,10,0,0,0,0,0,0,0,0,0,0,0,0,0,,,,0,,,,,,,,,
187,Internal,13,34,90833,52,19.4,18.2,0,16,12,8,65,4,0,0,0,0,0,0,1,5,0,0,0,0,0,0,0,0,0,0,0,0,,,,0,,,,,,,,,
188,Internal,96,209,90833,52,19.4,18.2,0,56,1,0,0,53,0,0,0,0,0,11,4,0,0,0,0,0,266,0,0,0,0,0,0,0,,,,0,,,,,,,,,
189,Internal,66,149,90833,52,19.4,18.2,0,22,9,0,2,53,0,0,0,0,0,0,1,0,0,0,0,0,0,0,0,0,0,0,0,0,,,,0,,,,,,,,,
190,Internal,78,183,90833,52,19.4,18.2,0,4,20,17,5,53,0,0,0,0,0,11,17,0,0,0,0,0,0,0,0,0,0,0,0,0,,,,0,,,,,,,,,
191,Internal,98,281,90833,52,19.4,18.2,0,0,33,0,0,53,0,0,0,0,0,11,10,0,0,0,0,0,0,0,0,0,0,0,0,0,,,,0,,,,,,,,,
192,Internal,450,1063,72344,52,21.0,12.0,23,16,134,17,38,19,0,0,0,0,0,22,10,20,0,0,0,0,0,0,0,0,0,0,0,0,,,,0,,,,,,,,,
193,Internal,114,310,72344,52,21.0,12.0,0,8,36,0,0,53,0,0,0,0,0,11,9,0,0,0,0,0,0,0,0,0,0,0,0,0,,,,0,,,,,,,,,
194,Internal,185,339,64837,65,8.8,10.5,59,50,198,115,82,50,0,0,0,0,0,0,0,0,0,0,0,0,0,0,0,0,3,386,0,150,56,0,11,0,,,,,,,,,
195,Internal,43,75,64837,65,8.8,10.5,220,507,202,94,217,51,0,0,0,0,0,0,5,0,0,0,0,0,0,0,0,0,3,515,0,150,580,0,117,0,,,,,,,,,
196,Internal,149,208,64837,65,8.8,10.5,10,191,232,122,66,30,0,0,0,0,0,0,1,0,0,0,0,0,0,0,0,0,3,600,0,150,67,0,14,0,,,,,,,,,
197,Internal,1,5,64837,65,8.8,10.5,4,249,230,17,26,28,0,0,0,0,0,0,0,0,0,0,0,0,0,0,0,0,0,0,0,0,,,,0,,,,,,,,,
198,Internal,290,535,64837,65,8.8,10.5,60,384,196,85,83,34,0,0,0,0,0,0,1,0,0,0,0,0,0,0,0,0,3,386,0,150,401,0,81,0,,,,,,,,,
199,Internal,38,66,64837,65,8.8,10.5,0,559,404,196,80,69,0,0,0,0,0,0,0,0,0,0,0,0,0,0,0,0,3,386,0,150,337,0,68,0,,,,,,,,,
200,Internal,238,438,64837,65,8.8,10.5,19,200,159,214,124,41,0,0,0,0,0,0,0,0,0,0,0,0,0,0,0,0,3,386,0,150,19,0,4,0,,,,,,,,,
201,Internal,42,80,64837,65,8.8,10.5,3,1308,175,89,62,72,0,0,0,0,0,0,0,0,0,0,0,0,0,0,0,0,3,386,0,150,142,0,29,0,,,,,,,,,
202,Internal,156,299,64837,65,8.8,10.5,0,500,180,215,44,67,0,0,0,0,0,0,0,0,0,0,0,0,0,0,0,0,3,386,0,150,475,0,96,0,,,,,,,,,
203,Internal,9,25,64837,65,8.8,10.5,15,238,214,91,39,42,0,0,0,0,0,0,0,0,0,0,0,0,0,0,0,0,3,386,0,150,15,0,3,0,,,,,,,,,
204,Internal,42,92,64837,65,8.8,10.5,0,98,222,673,31,48,0,0,0,0,0,0,0,0,0,0,0,0,0,0,0,0,3,386,0,150,188,0,38,0,,,,,,,,,
205,Internal,61,111,64837,65,8.8,10.5,0,164,132,133,60,91,0,0,0,0,0,0,0,0,0,0,0,0,0,0,0,0,0,0,0,0,,,,0,,,,,,,,,
206,Internal,190,234,64837,65,8.8,10.5,0,114,106,60,15,49,0,0,0,0,0,0,17,0,0,0,0,0,0,0,0,0,3,386,0,0,405,0,0,0,,,,,,,,,
207,Internal,291,456,64837,65,8.8,10.5,15,192,92,95,84,62,0,0,0,0,0,0,284,0,0,0,0,0,0,0,0,0,3,386,0,150,226,0,45,0,,,,,,,,,
208,Internal,7,12,64837,65,8.8,10.5,0,480,222,68,22,49,0,0,0,0,0,0,1,0,0,0,0,0,2088,0,0,0,3,386,0,0,112,0,0,0,,,,,,,,,
209,Internal,56,163,64837,65,8.8,10.5,46,207,245,88,212,11,0,0,0,0,0,0,17,0,0,0,0,0,0,0,0,0,3,386,0,150,261,0,53,0,,,,,,,,,
210,Internal,344,557,64837,65,8.8,10.5,0,385,58,79,42,52,0,0,0,0,0,0,212,0,0,0,0,0,0,0,0,0,0,0,0,0,,,,0,,,,,,,,,
211,Internal,614,1120,64837,65,8.8,10.5,8,1918,420,234,396,38,0,0,0,0,0,0,10,0,0,0,0,0,0,0,0,0,3,386,0,150,321,0,594,0,,,,,,,,,
212,Internal,10,19,64837,65,8.8,10.5,86,81,209,40,73,28,0,0,0,0,0,0,0,0,0,0,0,0,0,0,0,0,3,386,0,0,151,0,0,0,,,,,,,,,
213,Internal,31,81,64837,65,8.8,10.5,11,253,118,48,15,44,0,0,0,0,0,0,0,0,0,0,0,0,0,0,0,0,3,386,0,150,95,0,19,0,,,,,,,,,
214,Internal,109,152,64837,65,8.8,10.5,0,112,68,62,76,60,0,0,0,0,0,0,36,0,0,0,0,0,0,0,0,0,3,386,0,150,155,0,31,0,,,,,,,,,
215,Internal,254,493,64837,65,8.8,10.5,19,100,84,46,65,45,0,0,0,0,0,0,17,0,0,0,0,0,0,0,0,0,3,386,0,150,225,0,45,0,,,,,,,,,
216,Internal,516,924,64837,65,8.8,10.5,6,236,168,151,160,19,0,0,0,0,0,0,4,0,0,0,0,0,0,0,0,0,3,386,0,150,507,0,102,0,,,,,,,,,
217,Internal,656,1116,64837,65,8.8,10.5,89,201,181,43,81,29,0,0,0,0,0,0,32,0,0,0,0,0,6,0,0,0,0,0,0,0,,,,0,,,,,,,,,
218,Internal,224,448,64837,65,8.8,10.5,24,62,110,5,34,15,0,0,0,0,0,0,23,12,0,0,0,0,0,0,0,0,3,386,0,150,36,0,7,0,,,,,,,,,
219,Internal,69,127,64837,65,8.8,10.5,39,189,109,89,41,48,0,0,0,0,0,0,0,0,0,0,0,0,0,0,0,0,3,386,0,150,177,0,36,0,,,,,,,,,
220,Internal,121,221,64837,65,8.8,10.5,73,23,37,15,51,13,0,0,0,0,0,0,0,0,0,0,0,0,0,0,0,0,3,386,0,150,84,0,17,0,,,,,,,,,
221,Internal,215,393,64837,65,8.8,10.5,22,62,57,44,38,32,0,0,0,0,0,0,0,0,0,0,0,0,0,0,0,0,3,386,0,150,34,0,7,0,,,,,,,,,
222,Internal,69,177,25189,39,28.9,9.3,7,0,14,4,0,37,0,0,0,0,0,0,1,0,0,0,0,0,0,0,0,0,0,0,0,0,,,,0,,,,,,,,,
223,Internal,57,189,25189,39,28.9,9.3,0,0,0,0,0,29,0,0,0,0,0,0,0,0,0,0,0,0,0,0,0,0,0,0,0,0,,,,0,,,,,,,,,
224,Internal,94,257,25189,39,28.9,9.3,0,0,0,0,0,29,0,0,0,0,0,0,0,0,0,0,0,0,0,0,0,0,0,0,0,0,,,,0,,,,,,,,,
225,Internal,97,243,25189,39,28.9,9.3,24,66,56,12,2,29,0,0,0,0,0,0,1,0,0,0,0,0,0,0,0,0,0,0,0,0,,,,0,,,,,,,,,
226,Internal,76,170,37107,39,21.3,18.1,0,48,3,1,0,29,0,0,0,0,0,0,1,5,0,0,0,0,244,0,0,0,0,0,0,0,,,,0,,,,,,,,,
227,Internal,118,264,37107,39,21.3,18.1,0,7,3,2,5,29,0,0,0,0,0,0,5,5,0,0,0,0,0,0,0,0,0,0,0,0,,,,0,,,,,,,,,
228,Internal,122,320,37107,39,21.3,18.1,0,3,0,0,0,29,0,0,0,0,0,0,9,0,0,0,0,0,0,0,0,0,0,0,0,0,,,,0,,,,,,,,,
229,Internal,65,184,37107,39,21.3,18.1,0,0,4,0,0,29,0,0,0,0,0,0,8,5,0,0,0,0,0,0,0,0,0,0,0,0,,,,0,,,,,,,,,
230,Internal,4,4,37107,39,21.3,18.1,0,15,2,0,0,29,0,0,0,0,0,0,0,0,0,0,0,0,0,0,0,0,0,0,0,0,,,,0,,,,,,,,,
231,Internal,27,41,37107,39,21.3,18.1,4,3,16,0,4,29,0,0,0,0,0,0,1,0,0,0,0,0,0,0,0,0,0,0,0,0,,,,0,,,,,,,,,
232,Internal,95,275,40217,38,15.7,8.1,3,9,10,0,3,35,0,0,0,0,0,0,1,5,0,0,0,0,396,0,0,0,0,0,0,0,,,,0,,,,,,,,,
233,Internal,68,209,40217,38,15.7,8.1,0,4,24,10,13,35,0,0,0,0,0,0,1,0,0,0,0,0,0,0,0,0,0,0,0,0,,,,0,,,,,,,,,
234,Internal,75,173,40217,38,15.7,8.1,0,0,4,0,0,35,0,0,0,0,0,0,0,5,0,0,0,0,0,0,0,0,0,0,0,0,,,,0,,,,,,,,,
235,Internal,13,31,40217,38,15.7,8.1,0,88,0,0,5,35,0,0,0,0,0,0,0,0,0,0,0,0,627,0,0,0,0,0,0,0,,,,0,,,,,,,,,
236,Internal,108,221,40217,38,15.7,8.1,5,60,35,16,0,35,0,0,0,0,0,0,0,5,0,0,0,0,168,0,0,0,0,0,0,0,,,,0,,,,,,,,,
237,Internal,141,360,24847,38,26.1,9.0,0,62,13,1,0,35,0,0,0,0,0,0,0,5,0,0,0,0,370,0,0,0,0,0,0,0,,,,0,,,,,,,,,
238,Internal,133,357,24847,38,26.1,9.0,7,4,8,4,2,35,0,0,0,0,0,0,1,8,0,0,0,0,751,0,0,0,0,0,0,0,,,,0,,,,,,,,,
239,Internal,176,497,24847,38,26.1,9.0,2,9,3,0,2,35,0,0,0,0,0,0,0,0,0,0,0,0,0,0,0,0,0,0,0,0,,,,0,,,,,,,,,
240,Internal,215,554,24847,38,26.1,9.0,0,4,0,0,0,35,0,0,0,0,0,0,1,12,0,0,0,0,0,0,0,0,0,0,0,0,,,,0,,,,,,,,,
241,Internal,209,673,39423,38,26.5,7.2,50,11,28,13,3,35,0,0,0,0,0,0,1,0,0,0,0,0,0,0,0,0,0,0,0,0,,,,0,,,,,,,,,
242,Internal,68,253,39423,38,26.5,7.2,46,84,225,28,84,51,0,0,0,0,0,0,0,0,0,0,0,0,0,0,0,0,0,0,0,0,,,,0,,,,,,,,,
243,Internal,117,274,39423,38,26.5,7.2,0,7,1,3,0,35,0,0,0,0,0,0,0,0,0,0,0,0,0,0,0,0,0,0,0,0,,,,0,,,,,,,,,
244,Internal,3,7,39423,38,26.5,7.2,26,51,32,0,4,35,0,0,0,0,0,0,0,0,0,0,0,0,0,0,0,0,0,0,0,0,,,,0,,,,,,,,,
245,Internal,94,228,39423,38,26.5,7.2,0,111,4,0,0,35,0,0,0,0,0,0,0,0,0,0,0,0,0,0,0,0,0,0,0,0,,,,0,,,,,,,,,
246,Internal,2,39,39423,38,26.5,7.2,0,3,0,0,0,35,0,0,0,0,0,0,0,0,0,0,0,0,0,0,0,0,0,0,0,0,,,,0,,,,,,,,,
247,Internal,157,464,20590,43,36.8,5.8,65,12,84,8,30,42,0,0,0,0,0,0,0,8,0,0,0,0,0,0,0,0,0,0,0,0,,,,0,,,,,,,,,
248,Internal,214,711,20590,43,36.8,5.8,0,1,124,74,20,12,0,0,0,0,0,0,0,16,0,0,0,0,0,0,0,0,0,0,0,0,,,,0,,,,,,,,,
249,Internal,138,488,20590,43,36.8,5.8,2,96,134,5,220,5,0,0,0,0,0,0,5,0,0,0,0,0,0,0,0,0,0,0,0,0,,,,0,,,,,,,,,
250,Internal,313,792,20590,43,36.8,5.8,0,3,15,5,0,15,0,0,0,0,0,0,0,12,0,0,0,0,0,0,0,0,0,0,0,0,,,,0,,,,,,,,,
251,Internal,354,879,20590,43,36.8,5.8,20,168,205,52,6,15,0,0,0,0,0,0,0,12,0,0,0,0,0,0,0,0,0,0,0,0,,,,0,,,,,,,,,
252,Internal,32,151,16750,43,30.5,10.8,26,54,95,37,53,20,0,0,0,0,0,0,0,0,0,0,0,0,0,0,0,0,0,0,0,0,,,,0,,,,,,,,,
253,Internal,107,334,16750,43,30.5,10.8,4,8,4,0,5,53,0,0,0,0,0,0,0,16,0,0,0,0,0,0,0,0,0,0,0,0,,,,0,,,,,,,,,
254,Internal,177,373,16750,43,30.5,10.8,2,77,226,59,121,8,0,0,0,0,0,0,0,5,0,0,0,0,0,0,0,0,0,0,0,0,,,,0,,,,,,,,,
255,Internal,141,390,30580,43,23.5,6.9,0,57,1,0,0,15,0,0,0,0,0,0,4,5,0,0,0,0,0,0,0,0,0,0,0,0,,,,0,,,,,,,,,
256,Internal,121,315,30580,43,23.5,6.9,0,38,36,23,3,15,0,0,0,0,0,0,0,0,0,0,0,0,0,0,0,0,0,0,0,0,,,,0,,,,,,,,,
257,Internal,72,155,30580,43,23.5,6.9,0,0,42,0,0,15,0,0,0,0,0,0,0,0,0,0,0,0,0,0,0,0,0,0,0,0,,,,0,,,,,,,,,
258,Internal,121,320,27143,43,28.6,4.1,2,7,33,5,10,14,0,0,0,0,0,0,0,0,0,0,0,0,0,0,0,0,0,0,0,0,,,,0,,,,,,,,,
259,Internal,154,490,27143,43,28.6,4.1,12,4,7,0,18,15,0,0,0,0,0,0,0,0,0,0,0,0,0,0,0,0,0,0,0,0,,,,0,,,,,,,,,
260,Internal,236,647,27143,43,28.6,4.1,0,4,46,7,0,15,0,0,0,0,0,0,1,12,0,0,0,0,0,0,0,0,0,0,0,0,,,,0,,,,,,,,,
261,Internal,68,223,23426,39,31.9,11.5,0,8,91,155,2,24,0,0,0,0,0,0,1,0,0,0,0,0,10,0,0,0,0,0,0,0,,,,0,,,,,,,,,
262,Internal,89,257,23426,39,31.9,11.5,0,13,30,2,0,24,0,0,0,0,0,0,13,5,0,0,0,0,0,0,0,0,0,0,0,0,,,,0,,,,,,,,,
263,Internal,236,552,23426,39,31.9,11.5,0,32,44,2,26,19,0,0,0,0,0,0,0,0,0,0,0,0,0,0,0,0,0,0,0,0,,,,0,,,,,,,,,
264,Internal,5,26,23426,39,31.9,11.5,142,24,5,10,0,19,0,0,0,0,0,0,0,0,0,0,0,0,0,0,0,0,0,0,0,0,,,,0,,,,,,,,,
265,Internal,875,1932,47413,56,15.8,10.5,3,6,63,0,0,26,0,0,0,0,0,129,166,29,0,0,0,0,0,0,0,0,0,0,0,0,,,,0,,,,,,,,,
266,Internal,168,513,23426,39,31.9,11.5,0,4,11,3,8,24,0,0,0,0,0,0,1,5,0,0,0,0,0,0,0,0,0,0,0,0,,,,0,,,,,,,,,
267,Internal,63,140,23426,39,31.9,11.5,0,0,14,0,5,24,0,0,0,0,0,0,0,5,0,0,0,0,0,0,0,0,3,386,0,150,196,0,40,0,,,,,,,,,
268,Internal,55,117,23426,39,31.9,11.5,22,132,100,19,51,19,0,0,0,0,0,0,1,5,0,0,0,0,0,0,0,0,3,386,0,150,186,0,37,0,,,,,,,,,
269,Internal,564,1036,23426,39,31.9,11.5,3,57,42,8,59,24,0,0,0,0,0,0,0,0,0,0,0,0,0,0,0,0,3,386,0,150,119,0,24,0,,,,,,,,,
270,Internal,250,509,21810,39,21.6,15.3,23,13,284,41,0,43,0,0,0,0,0,0,0,5,0,0,0,0,0,0,0,0,0,0,0,0,,,,0,,,,,,,,,
271,Internal,97,309,21810,39,21.6,15.3,12,35,71,17,41,0,0,0,0,0,0,0,4,8,0,0,0,0,0,0,0,0,0,0,0,0,,,,0,,,,,,,,,
272,Internal,3,10,21810,39,21.6,15.3,26,74,40,7,6,51,0,0,0,0,0,0,0,0,0,0,0,0,0,0,0,0,0,0,0,0,,,,0,,,,,,,,,
273,Internal,206,409,21810,39,21.6,15.3,2,637,62,34,49,32,0,0,0,0,0,0,0,0,0,0,0,0,0,0,0,0,3,386,0,150,59,0,100,0,,,,,,,,,
274,Internal,4,15,21810,39,21.6,15.3,0,15,20,3,22,24,0,0,0,0,0,0,0,0,0,0,0,0,0,0,0,0,0,0,0,0,,,,0,,,,,,,,,
275,Internal,218,333,21810,39,21.6,15.3,12,145,49,2,10,13,0,0,0,0,0,0,0,0,0,0,0,0,0,0,0,0,0,0,0,0,,,,0,,,,,,,,,
276,Internal,44,140,21810,39,21.6,15.3,0,61,59,7,90,24,0,0,0,0,0,0,0,8,0,0,0,0,0,0,0,0,0,0,0,0,,,,0,,,,,,,,,
277,Internal,104,281,21810,39,21.6,15.3,0,3,38,11,3,24,0,0,0,0,0,0,0,0,0,0,0,0,0,0,0,0,0,0,0,0,,,,0,,,,,,,,,
278,Internal,51,93,21810,39,21.6,15.3,40,100,48,41,31,42,0,0,0,0,0,0,0,0,0,0,0,0,0,0,0,0,0,0,0,0,,,,0,,,,,,,,,
279,Internal,57,139,21810,39,21.6,15.3,96,32,14,25,0,24,0,0,0,0,0,0,0,0,0,0,0,0,0,0,0,0,0,0,0,0,,,,0,,,,,,,,,
280,Internal,192,414,30240,41,22.3,9.5,136,3,56,4,12,34,0,0,0,0,0,0,1,5,0,0,0,0,0,0,0,0,0,0,0,0,,,,0,,,,,,,,,
281,Internal,231,506,24821,35,23.5,15.1,0,24,8,2,14,52,0,0,0,0,0,0,10,8,0,0,0,0,0,0,0,0,0,0,0,0,,,,0,,,,,,,,,
282,Internal,267,471,24821,35,23.5,15.1,0,59,37,74,12,52,0,0,0,0,0,0,87,0,0,0,0,0,0,0,0,0,3,386,0,150,43,0,9,0,,,,,,,,,
283,Internal,109,307,24821,35,23.5,15.1,0,11,5,0,0,52,0,0,0,0,0,0,0,8,0,0,0,0,0,0,0,0,0,0,0,0,,,,0,,,,,,,,,
284,Internal,115,163,29267,52,13.6,17.7,218,1478,623,295,210,68,0,0,0,0,0,0,0,5,0,0,0,0,244,0,50,0,0,0,0,0,,,,0,,,,,,,,,
285,Internal,8,18,24821,35,23.5,15.1,117,633,265,404,162,57,0,0,0,0,0,0,0,0,0,0,0,0,0,0,0,0,3,386,0,150,81,0,16,0,,,,,,,,,
286,Internal,127,244,24821,35,23.5,15.1,0,873,67,416,55,28,0,0,0,0,0,0,0,0,0,0,0,0,0,0,0,0,3,386,0,200,711,0,143,0,,,,,,,,,
287,Internal,200,365,24821,35,23.5,15.1,29,248,191,97,51,92,0,0,0,0,0,0,0,0,0,0,0,0,0,0,0,0,3,386,0,150,378,0,76,0,,,,,,,,,
288,Internal,285,417,24821,35,23.5,15.1,0,293,86,159,105,52,0,0,0,0,0,0,0,0,0,0,0,0,0,0,0,0,0,0,0,0,,,,0,,,,,,,,,
289,Internal,54,141,50055,35,50.0,4.1,0,16,19,4,2,52,0,0,0,0,0,0,0,0,0,0,0,0,0,0,0,0,0,0,0,0,,,,0,,,,,,,,,
290,Internal,489,912,50055,35,50.0,4.1,5,66,263,144,17,52,0,0,0,0,0,0,1,0,0,0,0,0,0,0,0,0,0,0,0,0,,,,0,,,,,,,,,
291,Internal,308,565,50055,35,50.0,4.1,0,141,108,62,80,8,0,0,0,0,0,0,0,0,0,0,0,0,0,0,0,0,0,0,0,0,,,,0,,,,,,,,,
292,Internal,625,1042,50055,35,50.0,4.1,0,124,180,69,65,55,0,0,0,0,0,0,82,0,0,0,0,0,0,0,0,0,3,0,0,150,0,0,13,0,,,,,,,,,
293,Internal,146,318,50055,35,50.0,4.1,88,42,100,124,39,21,0,0,0,0,0,0,0,0,0,0,0,0,0,0,0,0,0,0,0,0,,,,0,,,,,,,,,
294,Internal,401,698,50055,35,50.0,4.1,4,88,141,11,89,9,0,0,0,0,0,0,0,25,0,0,0,0,0,0,0,0,3,386,0,150,260,0,52,0,,,,,,,,,
295,Internal,172,396,30240,41,22.3,9.5,7,81,322,28,5,35,0,0,0,0,0,0,0,8,0,0,0,0,0,0,0,0,0,0,0,0,,,,0,,,,,,,,,
296,Internal,117,257,30240,41,22.3,9.5,0,0,1,0,0,34,0,0,0,0,0,0,13,8,0,0,0,0,0,0,0,0,0,0,0,0,,,,0,,,,,,,,,
297,Internal,106,206,30240,41,22.3,9.5,0,105,121,26,13,34,0,0,0,0,0,0,0,5,0,0,0,161,0,0,0,0,0,0,0,0,,,,0,,,,,,,,,
298,Internal,198,408,30240,41,22.3,9.5,0,112,30,37,9,34,0,0,0,0,0,0,1,8,0,0,0,0,0,0,0,0,0,0,0,0,,,,0,,,,,,,,,
299,Internal,279,522,20152,41,24.1,18.0,2,459,66,14,9,6,0,0,0,34,0,0,0,28,0,0,0,89,0,0,0,0,0,0,0,0,,,,0,,,,,,,,,
300,Internal,152,422,20152,41,24.1,18.0,80,550,107,26,14,48,0,0,0,679,0,0,1,12,0,0,0,602,308,0,0,0,0,0,0,0,,,,0,,,,,,,,,
301,Internal,356,690,20152,41,24.1,18.0,0,2249,326,134,43,51,0,0,0,1796,0,0,1,45,0,0,0,706,461,0,0,0,6,172,56,250,220,102,4,0,,,,,,,,,
302,Internal,250,596,42292,41,15.5,12.4,3,5,51,7,22,48,0,0,0,0,0,0,13,20,0,0,0,0,0,0,0,0,6,172,56,250,1496,525,39,0,,,,,,,,,
303,Internal,119,339,28942,33,33.4,11.5,6,128,15,29,21,6,0,0,0,0,0,0,1,8,0,0,0,0,848,0,0,0,0,0,0,0,,,,0,,,,,,,,,
304,Internal,972,2244,28942,33,33.4,11.5,3,14,57,33,55,7,0,0,0,0,0,11,1,28,0,0,0,0,42,0,0,0,0,0,0,0,,,,0,,,,,,,,,
305,Internal,311,876,34643,26,16.4,17.6,0,11,68,0,42,35,0,0,0,0,0,0,4,12,0,0,0,0,0,0,0,0,0,0,0,0,,,,0,,,,,,,,,
306,Internal,75,192,12599,26,46.8,5.4,0,5,18,0,12,35,0,0,0,0,0,0,0,5,0,0,0,0,0,0,0,0,0,0,0,0,,,,0,,,,,,,,,
307,Internal,3,15,12599,26,46.8,5.4,288,80,12,0,9,62,0,0,0,0,0,0,0,0,0,0,0,0,0,0,0,0,0,0,0,0,,,,0,,,,,,,,,
308,Internal,97,282,12599,26,46.8,5.4,12,12,577,912,4,30,0,0,0,0,0,0,0,5,0,0,0,0,218,0,0,0,0,0,0,0,,,,0,,,,,,,,,
309,Internal,538,1499,12599,26,46.8,5.4,0,161,178,38,12,35,0,0,0,0,0,0,0,5,0,0,0,0,429,0,0,0,0,0,0,0,,,,0,,,,,,,,,
310,Internal,146,273,12599,26,46.8,5.4,23,16,76,127,2,17,0,0,0,0,0,0,0,0,0,0,0,0,0,0,0,0,0,0,0,0,,,,0,,,,,,,,,
311,Internal,937,1716,58190,47,22.0,12.0,0,1631,4,4,0,74,0,0,359,0,0,0,40,0,0,0,922,0,0,0,0,0,4,544,0,200,422,0,26,0,,,,,,,,,
312,Internal,639,1162,32196,43,2.5,2.5,5,77,305,0,8,45,0,0,0,0,0,22,312,14,0,0,0,0,0,0,0,0,0,0,0,0,,,,0,,,,,,,,,
313,Internal,334,830,75288,51,17.2,19.8,0,19,71,0,0,1,0,0,0,0,0,0,3,9,0,0,0,0,0,0,0,0,0,0,0,0,,,,0,,,,,,,,,
314,Internal,311,772,61840,48,21.5,17.7,11,14,47,0,0,26,0,0,0,0,0,0,1,2,0,0,0,0,0,0,0,0,0,0,0,0,,,,0,,,,,,,,,
315,Internal,68,167,47090,44,30.6,8.3,62,22,78,35,549,8,0,0,0,0,0,0,1,2,0,0,0,0,0,0,0,0,0,0,0,0,,,,0,,,,,,,,,
316,Internal,1,2,58190,47,22.0,12.0,0,168,2,2,4,74,0,0,0,0,0,11,4,0,0,0,3,0,0,0,0,0,4,75,81,200,1489,230,395,0,,,,,,,,,
317,Internal,639,1163,27697,43,26.8,6.4,1,7,20,0,0,25,0,0,0,0,0,24,312,15,0,0,0,0,0,0,0,0,0,0,0,0,,,,0,,,,,,,,,
318,Internal,1,2,27697,43,26.8,6.4,0,0,47,0,0,23,0,0,0,0,0,0,0,0,0,0,0,0,0,0,0,0,0,0,0,0,,,,0,,,,,,,,,
319,Internal,0,0,27697,43,26.8,6.4,0,872,334,78,42,23,0,0,0,0,0,0,8,0,0,0,49,0,0,0,0,0,4,267,0,200,1923,0,23,0,,,,,,,,,
320,Internal,121,323,27697,43,26.8,6.4,2,13,33,37,1,23,0,0,0,0,0,0,28,5,0,0,0,0,0,0,0,0,4,267,0,0,170,0,0,0,,,,,,,,,
321,Internal,0,0,27697,43,26.8,6.4,3,408,4342,5,54,38,0,0,0,0,0,0,0,0,0,0,0,0,0,0,0,0,4,544,0,0,1014,0,0,0,,,,,,,,,
322,Internal,197,313,29942,43,13.3,16.6,0,189,852,229,0,23,0,0,0,0,0,0,1,0,0,0,0,0,0,0,0,0,4,273,0,200,145,0,498,0,,,,,,,,,
323,Internal,391,728,30625,43,10.1,2.5,3,25,304,18,26,31,0,0,0,0,0,45,465,25,0,0,0,0,0,0,0,0,0,0,0,0,,,,0,,,,,,,,,
324,Internal,566,1115,30625,43,10.1,2.5,3,118,379,257,61,20,0,0,0,0,0,34,633,5,0,0,0,0,0,0,0,0,4,0,81,0,0,75,0,0,,,,,,,,,
325,Internal,464,887,30625,43,10.1,2.5,20,131,573,50,209,17,0,0,0,0,0,34,294,0,0,0,33,0,0,0,0,0,4,267,0,0,173,0,0,0,,,,,,,,,
326,Internal,272,508,58190,50,22.0,12.0,0,1020,39,24,61,0,0,0,1965,0,0,0,0,0,0,0,631,0,0,0,0,0,4,544,81,200,159,639,17,0,,,,,,,,,
327,Internal,135,314,93365,51,14.7,19.5,0,88,11,0,0,16,0,0,0,0,0,0,0,0,0,0,0,0,1098,0,0,0,0,0,0,0,,,,0,,,,,,,,,
328,Internal,129,360,93365,51,14.7,19.5,13,88,138,12,0,27,0,0,0,0,0,0,0,5,0,0,0,0,588,0,38,0,0,0,0,0,,,,0,,,,,,,,,
329,Internal,372,953,93365,51,14.7,19.5,23,12,5,0,0,16,0,0,0,0,0,0,0,5,0,0,0,0,0,0,0,0,0,0,0,0,,,,0,,,,,,,,,
330,Internal,6,24,93365,51,14.7,19.5,0,0,0,0,0,16,0,0,0,0,0,0,1,0,0,0,0,0,0,0,0,0,0,0,0,0,,,,0,,,,,,,,,
331,Internal,577,1488,79500,51,25.8,15.8,2,252,109,5,8,16,0,0,0,0,0,0,1,8,0,0,0,0,0,0,0,0,0,0,0,0,,,,0,,,,,,,,,
332,Internal,457,1102,79500,51,25.8,15.8,4,11,53,0,3,16,0,0,0,0,0,0,10,16,0,0,0,0,0,0,0,0,0,0,0,0,,,,0,,,,,,,,,
333,Internal,140,388,79500,51,25.8,15.8,2,4,114,2,41,11,0,0,0,0,0,0,1,5,0,0,0,0,0,0,0,0,0,0,0,0,,,,0,,,,,,,,,
334,Internal,143,356,75288,51,17.2,19.8,0,5,1,0,0,16,0,0,0,0,0,0,1,3,0,0,0,0,0,0,0,0,0,0,0,0,,,,0,,,,,,,,,
335,Internal,176,488,75288,51,17.2,19.8,2,10,35,0,0,6,0,0,0,0,0,0,0,8,0,0,0,0,0,0,0,0,0,0,0,0,,,,0,,,,,,,,,
336,Internal,320,851,77333,48,20.2,20.8,2,161,27,1,172,15,0,0,0,0,0,0,4,0,0,0,0,0,605,0,0,0,0,0,0,0,,,,0,,,,,,,,,
337,Internal,314,927,63915,48,26.1,13.5,10,353,266,88,16,36,0,0,0,0,0,0,1,33,0,0,0,0,3388,0,0,0,0,0,0,0,,,,0,,,,,,,,,
338,Internal,420,1024,63915,48,26.1,13.5,3,5,90,0,9,10,0,0,0,0,0,0,1,8,0,0,0,0,0,0,0,0,0,0,0,0,,,,0,,,,,,,,,
339,Internal,525,1438,63915,48,26.1,13.5,2,8,11,0,11,26,0,0,0,0,0,0,4,16,0,0,0,0,0,0,0,0,0,0,0,0,,,,0,,,,,,,,,
340,Internal,207,514,61840,48,21.5,17.7,0,38,14,27,3,24,0,0,0,0,0,0,0,2,0,0,0,0,0,0,0,0,0,0,0,0,,,,0,,,,,,,,,
341,Internal,302,777,144549,48,10.2,23.7,4,19,2,33,0,52,0,0,0,0,0,0,1,0,0,0,0,0,0,0,0,0,0,0,0,0,,,,0,,,,,,,,,
342,Internal,389,984,144549,48,10.2,23.7,11,36,21,0,3,26,0,0,0,0,0,0,0,0,0,0,0,0,0,0,0,0,0,0,0,0,,,,0,,,,,,,,,
343,Internal,368,758,90993,46,15.6,27.2,20,29,5,2,3,18,0,0,0,0,0,0,10,5,0,0,0,0,0,0,0,0,0,0,0,0,,,,0,,,,,,,,,
344,Internal,65,173,90993,46,15.6,27.2,0,5,17,0,0,26,0,0,0,0,0,0,0,0,0,0,0,0,0,0,0,0,0,0,0,0,,,,0,,,,,,,,,
345,Internal,295,753,90993,46,15.6,27.2,2,17,22,0,0,26,0,0,0,0,0,0,1,8,0,0,0,0,0,0,0,0,0,0,0,0,,,,0,,,,,,,,,
346,Internal,198,479,90993,46,15.6,27.2,10,0,2,7,0,26,0,0,0,0,0,0,5,0,0,0,0,0,0,0,0,0,0,0,0,0,,,,0,,,,,,,,,
347,Internal,502,1401,121382,46,18.6,25.9,0,29,13,0,2,50,0,0,0,0,0,0,4,16,0,0,0,0,0,0,0,0,0,0,0,0,,,,0,,,,,,,,,
348,Internal,435,1105,121382,46,18.6,25.9,0,20,48,0,2,26,0,0,0,0,0,0,1,0,0,0,0,0,0,0,0,0,0,0,0,0,,,,0,,,,,,,,,
349,Internal,186,430,121382,46,18.6,25.9,0,9,45,0,8,9,0,0,0,0,0,0,1,5,0,0,0,0,0,0,0,0,0,0,0,0,,,,0,,,,,,,,,
350,Internal,230,577,100893,46,22.1,15.7,53,17,3,0,0,26,0,0,0,0,0,0,0,5,0,0,0,0,0,0,0,0,0,0,0,0,,,,0,,,,,,,,,
351,Internal,525,1357,100893,46,22.1,15.7,11,28,32,7,18,15,0,0,0,0,0,0,1,12,0,0,0,0,0,0,0,0,0,0,0,0,,,,0,,,,,,,,,
352,Internal,44,148,72013,44,10.4,41.5,0,169,1090,24,40,33,0,0,0,0,0,0,0,0,0,0,0,0,0,0,0,0,0,0,0,0,,,,0,,,,,,,,,
353,Internal,327,782,35664,57,25.8,6.9,2,7,70,0,10,50,0,0,0,0,0,0,1,12,0,0,0,0,0,0,0,0,0,0,0,0,,,,0,,,,,,,,,
354,Internal,96,197,72013,44,10.4,41.5,0,4,72,0,0,29,0,0,0,0,0,0,0,5,0,0,0,0,0,0,0,0,0,0,0,0,,,,0,,,,,,,,,
355,Internal,76,157,72013,44,10.4,41.5,0,10,4,0,0,29,0,0,0,0,0,0,4,0,0,0,0,0,0,0,0,0,0,0,0,0,,,,0,,,,,,,,,
356,Internal,88,278,72013,44,10.4,41.5,0,0,2,0,0,29,0,0,0,0,0,0,0,5,0,0,0,0,0,0,0,0,0,0,0,0,,,,0,,,,,,,,,
357,Internal,185,506,72013,44,10.4,41.5,11,60,129,7,53,19,0,0,0,0,0,0,17,16,0,0,0,0,0,0,0,0,0,0,0,0,,,,0,,,,,,,,,
358,Internal,118,339,60750,44,14.3,31.7,0,15,40,2,3,28,0,0,0,0,0,0,9,8,0,0,0,0,0,0,0,0,0,0,0,0,,,,0,,,,,,,,,
359,Internal,284,557,60750,44,14.3,31.7,7,110,672,73,35,51,0,0,0,0,0,0,10,0,0,0,0,0,0,0,0,0,0,0,0,0,,,,0,,,,,,,,,
360,Internal,300,806,60750,44,14.3,31.7,0,7,54,14,12,28,0,0,0,0,0,0,5,0,0,0,0,0,0,0,0,0,0,0,0,0,,,,0,,,,,,,,,
361,Internal,420,904,60750,44,14.3,31.7,114,103,355,33,85,22,0,0,0,0,0,0,100,12,0,0,0,0,0,0,0,0,0,0,0,0,,,,0,,,,,,,,,
362,Internal,84,156,60750,44,14.3,31.7,6,147,407,25,81,31,0,0,0,0,0,0,14,12,0,0,0,0,0,0,0,0,0,0,0,0,,,,0,,,,,,,,,
363,Internal,296,564,47090,44,30.6,8.3,0,1,121,11,352,28,0,0,0,0,0,0,55,8,0,0,0,0,0,0,0,0,0,0,0,0,,,,0,,,,,,,,,
364,Internal,204,502,47090,44,30.6,8.3,3,33,364,0,41,11,0,0,0,0,0,0,3,6,0,0,0,0,0,0,0,0,0,0,0,0,,,,0,,,,,,,,,
365,Internal,94,233,47090,44,30.6,8.3,3,6,2,12,0,7,0,0,0,0,0,0,1,8,0,0,0,0,0,0,0,0,0,0,0,0,,,,0,,,,,,,,,
366,Internal,583,1288,54224,56,17.1,9.0,127,17,8,1,6,60,0,0,0,0,0,87,110,19,0,0,0,0,0,0,0,0,0,0,0,0,,,,0,,,,,,,,,
367,Internal,743,1442,47413,56,15.8,10.5,0,2,55,1,11,44,0,0,0,0,0,22,104,20,0,0,0,0,0,0,0,0,0,0,0,0,,,,0,,,,,,,,,
368,Internal,195,354,54224,56,17.1,9.0,8,2,74,6,2,25,0,0,0,0,0,0,31,5,0,0,0,0,0,0,0,0,0,0,0,0,,,,0,,,,,,,,,
369,Internal,431,1110,68000,45,21.7,18.8,7,188,65,4,10,49,0,0,0,0,0,0,9,20,0,0,0,0,2026,0,0,0,0,0,0,0,,,,0,,,,,,,,,
370,Internal,415,913,68000,45,21.7,18.8,0,7,20,0,11,71,0,0,0,0,0,0,28,0,0,0,0,0,0,0,0,0,0,0,0,0,,,,0,,,,,,,,,
371,Internal,618,1282,101818,45,11.8,46.1,5,2,63,0,8,24,0,0,0,0,0,0,123,5,0,0,0,0,0,0,0,0,0,0,0,0,,,,0,,,,,,,,,
372,Internal,526,851,101818,45,11.8,46.1,0,0,745,0,1,20,0,0,0,0,0,0,0,0,0,0,0,0,0,0,0,0,0,0,0,0,,,,0,,,,,,,,,
373,Internal,480,1176,80909,45,8.2,25.3,24,27,7,0,26,34,0,0,0,0,0,0,5,12,0,0,0,0,0,0,0,0,0,0,0,0,,,,0,,,,,,,,,
374,Internal,860,2058,74313,45,20.3,39.3,19,23,79,0,7,12,0,0,0,0,0,0,18,8,0,0,0,0,0,0,0,0,0,0,0,0,,,,0,,,,,,,,,
375,Internal,103,275,67054,45,11.2,29.2,16,32,20,8,13,25,0,0,0,0,0,0,10,0,0,0,0,0,0,0,0,0,0,0,0,0,,,,0,,,,,,,,,
376,Internal,9,25,67054,45,11.2,29.2,56,146,142,81,164,10,0,0,0,0,0,0,1,0,0,0,0,0,0,0,0,0,0,0,0,0,,,,0,,,,,,,,,
377,Internal,166,233,67054,45,11.2,29.2,131,210,205,0,205,24,0,0,0,0,0,11,27,0,0,0,0,0,0,0,0,0,4,0,0,200,0,0,81,0,,,,,,,,,
378,Internal,82,158,67054,45,11.2,29.2,177,72,78,22,135,35,0,0,0,0,0,0,0,0,0,0,0,0,243,0,0,0,0,0,0,0,,,,0,,,,,,,,,
379,Internal,1,4,67054,45,11.2,29.2,455,85,170,32,28,57,0,0,0,0,0,0,0,0,0,0,0,0,0,0,0,0,0,0,0,0,,,,0,,,,,,,,,
380,Internal,86,163,67054,45,11.2,29.2,187,48,26,7,3,30,0,0,0,0,0,0,8,5,0,0,0,0,0,0,0,0,0,0,0,0,,,,0,,,,,,,,,
381,Internal,79,231,55729,41,29.9,12.2,11,26,4,0,0,23,0,0,0,0,0,0,0,12,0,0,0,0,0,0,0,0,0,0,0,0,,,,0,,,,,,,,,
382,Internal,537,1231,55729,41,29.9,12.2,0,40,98,56,160,15,0,0,0,0,0,0,0,15,0,0,0,0,0,0,0,0,0,0,0,0,,,,0,,,,,,,,,
383,Internal,566,1499,55729,41,29.9,12.2,1,23,21,8,0,23,0,0,0,0,0,0,14,28,0,0,0,0,0,0,0,0,0,0,0,0,,,,0,,,,,,,,,
384,Internal,500,1613,55729,41,29.9,12.2,0,9,23,0,5,23,0,0,0,0,0,0,0,61,0,0,0,0,0,0,0,0,0,0,0,0,,,,0,,,,,,,,,
385,Internal,143,445,32648,41,41.6,4.4,0,1,9,0,5,35,0,0,0,0,0,0,0,0,0,0,0,0,0,0,0,0,0,0,0,0,,,,0,,,,,,,,,
386,Internal,187,618,32648,41,41.6,4.4,0,13,5,8,2,35,0,0,0,0,0,0,0,5,0,0,0,0,0,0,0,0,0,0,0,0,,,,0,,,,,,,,,
387,Internal,513,1432,39375,41,24.5,16.3,3,62,117,12,0,35,0,0,0,0,0,0,1,12,0,0,0,0,132,0,0,0,0,0,0,0,,,,0,,,,,,,,,
388,Internal,439,1067,32297,41,34.4,6.9,24,29,371,0,68,54,0,0,0,0,0,0,0,28,0,0,0,0,0,0,0,0,0,0,0,0,,,,0,,,,,,,,,
389,Internal,613,1486,32297,41,34.4,6.9,0,0,29,2,0,35,0,0,0,0,0,0,8,25,0,0,0,0,0,0,0,0,0,0,0,0,,,,0,,,,,,,,,
390,Internal,10,26,32297,41,34.4,6.9,65,132,790,19,0,73,0,0,0,0,0,0,0,0,0,0,0,0,0,0,0,0,0,0,0,0,,,,0,,,,,,,,,
391,Internal,401,911,32297,41,34.4,6.9,0,8,14,1,0,35,0,0,0,0,0,0,10,20,0,0,0,0,0,0,0,0,0,0,0,0,,,,0,,,,,,,,,
392,Internal,556,1441,32297,41,34.4,6.9,0,26,131,12,5,35,0,0,0,0,0,0,0,8,0,0,0,0,0,0,0,0,0,0,0,0,,,,0,,,,,,,,,
393,Internal,465,931,32297,41,34.4,6.9,117,203,24,0,0,64,0,0,0,0,0,0,0,0,0,0,0,0,655,0,0,0,0,0,0,0,,,,0,,,,,,,,,
394,Internal,136,307,47935,50,32.2,8.3,22,2,102,5,79,30,0,0,0,0,0,0,0,8,0,0,0,0,0,0,0,0,0,0,0,0,,,,0,,,,,,,,,
395,Internal,0,0,47935,50,32.2,8.3,2,35,259,46,483,8,0,0,0,0,0,0,0,0,0,0,0,0,0,0,0,0,0,0,0,0,,,,0,,,,,,,,,
396,Internal,354,904,47935,50,32.2,8.3,0,149,50,17,3,10,0,0,0,0,0,0,10,15,0,0,0,0,787,0,0,0,0,0,0,0,,,,0,,,,,,,,,
397,Internal,686,1875,49219,50,24.2,8.0,6,0,38,1,8,10,0,0,0,0,0,0,4,37,0,0,0,0,0,0,0,0,0,0,0,0,,,,0,,,,,,,,,
398,Internal,191,504,56989,57,17.5,16.3,90,47,52,53,107,28,0,0,0,0,0,0,9,16,0,0,0,0,324,0,0,0,0,0,0,0,,,,0,,,,,,,,,
399,Internal,329,583,56989,57,17.5,16.3,0,5,4,10,0,20,0,0,0,0,0,0,72,5,0,0,0,0,0,0,0,0,0,0,0,0,,,,0,,,,,,,,,
400,Internal,648,1431,35664,57,25.8,6.9,0,6,79,0,18,33,0,0,0,0,0,0,0,20,0,0,0,0,0,0,0,0,0,0,0,0,,,,0,,,,,,,,,
401,Internal,686,1422,38554,57,24.8,7.6,11,100,105,7,289,7,0,0,0,0,0,0,14,25,0,0,0,0,742,0,0,0,0,0,0,0,,,,0,,,,,,,,,
402,Internal,307,626,38554,57,24.8,7.6,0,0,4,14,0,20,0,0,0,0,0,0,10,28,0,0,0,0,0,0,0,0,0,0,0,0,,,,0,,,,,,,,,
403,Internal,255,721,78836,43,16.9,7.0,5,164,200,0,10,58,0,0,0,0,0,0,9,28,0,0,0,0,0,0,0,0,0,0,0,0,,,,0,,,,,,,,,
404,Internal,523,1296,78836,43,16.9,7.0,39,36,58,0,5,58,0,0,0,0,0,0,0,8,0,0,0,0,0,0,0,0,0,0,0,0,,,,0,,,,,,,,,
405,Internal,537,1364,78836,43,16.9,7.0,125,117,18,7,4,37,0,0,0,0,0,0,8,33,0,0,0,0,747,0,0,0,0,0,0,0,,,,0,,,,,,,,,
406,Internal,108,289,36786,43,19.3,19.4,3,13,45,0,3,58,0,0,0,0,0,0,0,8,0,0,0,0,0,0,0,0,0,0,0,0,,,,0,,,,,,,,,
407,Internal,161,458,36786,43,19.3,19.4,0,11,56,2,1,58,0,0,0,0,0,0,1,5,0,0,0,0,0,0,0,0,0,0,0,0,,,,0,,,,,,,,,
408,Internal,432,1144,53203,43,38.1,7.8,19,11,32,28,0,21,0,0,0,0,0,0,5,49,0,0,0,0,0,0,0,0,0,0,0,0,,,,0,,,,,,,,,
409,Internal,356,1010,53203,43,38.1,7.8,29,13,12,0,9,79,0,0,0,0,0,0,0,27,0,0,0,0,6,0,0,0,0,0,0,0,,,,0,,,,,,,,,
410,Internal,64,125,53203,43,38.1,7.8,231,148,63,0,12,31,0,0,0,0,0,0,0,0,0,0,0,0,0,0,0,0,0,0,0,0,,,,0,,,,,,,,,
411,Internal,382,969,48673,43,22.6,12.6,31,10,110,0,0,58,0,0,0,0,0,0,0,0,0,0,0,0,0,0,0,0,0,0,0,0,,,,0,,,,,,,,,
412,Internal,217,687,48673,43,22.6,12.6,161,110,206,1,541,39,0,0,0,0,0,0,0,5,0,0,0,0,772,0,0,0,0,0,0,0,,,,0,,,,,,,,,
413,Internal,261,806,48673,43,22.6,12.6,32,17,237,7,10,40,0,0,0,0,0,0,5,28,0,0,0,0,0,0,0,0,0,0,0,0,,,,0,,,,,,,,,
414,Internal,0,0,48673,43,22.6,12.6,273,6,109,8,4,40,0,0,0,0,0,0,0,0,0,0,0,0,0,0,0,0,0,0,0,0,,,,0,,,,,,,,,
415,Internal,2,44,48673,43,22.6,12.6,102,5,23,0,2,60,0,0,0,0,0,0,0,0,0,0,0,0,0,0,0,0,0,0,0,0,,,,0,,,,,,,,,
416,Internal,42,141,51776,43,19.1,26.4,1223,147,67,0,0,73,0,0,0,0,0,0,0,0,0,0,0,0,709,0,0,0,0,0,0,0,,,,0,,,,,,,,,
417,Internal,28,71,51776,43,19.1,26.4,0,7,2,0,0,58,0,0,0,0,0,0,0,0,0,0,0,0,0,0,0,0,0,0,0,0,,,,0,,,,,,,,,
418,Internal,44,128,51776,43,19.1,26.4,8,3,0,0,0,58,0,0,0,0,0,0,0,0,0,0,0,0,0,0,0,0,0,0,0,0,,,,0,,,,,,,,,
419,Internal,275,729,51776,43,19.1,26.4,5,43,21,0,8,58,0,0,0,0,0,0,1,8,0,0,0,0,89,0,0,0,0,0,0,0,,,,0,,,,,,,,,
420,Internal,63,144,51776,43,19.1,26.4,4,6,10,0,1,58,0,0,0,0,0,0,0,0,0,0,0,0,0,0,0,0,0,0,0,0,,,,0,,,,,,,,,
421,Internal,207,609,37120,42,25.9,11.8,36,36,64,3,4,35,0,0,0,0,0,0,1,16,0,0,0,0,0,0,0,0,0,0,0,0,,,,0,,,,,,,,,
422,Internal,709,1871,27099,42,31.8,7.9,24,95,50,0,19,27,0,0,0,0,0,0,5,25,0,0,0,0,359,0,0,0,0,0,0,0,,,,0,,,,,,,,,
423,Internal,126,464,37120,42,25.9,11.8,601,52,221,30,53,32,0,0,0,0,0,0,4,5,0,0,0,0,212,0,0,0,0,0,0,0,,,,0,,,,,,,,,
424,Internal,758,2183,43944,42,23.4,12.4,92,47,96,17,5,13,0,0,0,0,0,0,0,61,0,0,0,0,0,0,0,0,0,0,0,0,,,,0,,,,,,,,,
425,Internal,2,10,43944,42,23.4,12.4,48,12,121,0,89,43,0,0,0,0,0,0,0,0,0,0,0,0,0,0,0,0,0,0,0,0,,,,0,,,,,,,,,
426,Internal,188,558,43944,42,23.4,12.4,0,13,2,0,0,35,0,0,0,0,0,0,0,0,0,0,0,0,0,0,0,0,0,0,0,0,,,,0,,,,,,,,,
427,Internal,150,436,50543,42,36.8,6.9,155,33,76,3,59,30,0,0,0,0,0,0,1,5,0,0,0,0,0,0,0,0,0,0,0,0,,,,0,,,,,,,,,
428,Internal,322,766,50543,42,36.8,6.9,90,18,21,28,17,35,0,0,0,0,0,0,4,12,0,0,0,0,0,0,0,0,0,0,0,0,,,,0,,,,,,,,,
429,Internal,253,640,40530,46,24.4,16.2,0,9,1,0,0,23,0,0,0,0,0,0,0,16,0,0,0,0,0,0,0,0,0,0,0,0,,,,0,,,,,,,,,
430,Internal,99,231,40530,46,24.4,16.2,45,20,2,0,0,8,0,0,0,0,0,0,0,0,0,0,0,0,0,0,0,0,0,0,0,0,,,,0,,,,,,,,,
431,Internal,117,301,40530,46,24.4,16.2,0,10,1,0,0,23,0,0,0,0,0,0,0,0,0,0,0,0,0,0,0,0,0,0,0,0,,,,0,,,,,,,,,
432,Internal,170,409,40530,46,24.4,16.2,0,29,26,0,10,23,0,0,0,0,0,0,0,0,0,0,0,0,0,0,0,0,0,0,0,0,,,,0,,,,,,,,,
433,Internal,68,156,40530,46,24.4,16.2,0,206,166,0,15,54,0,0,0,0,0,0,0,0,0,0,0,0,0,0,0,0,0,0,0,0,,,,0,,,,,,,,,
434,Internal,241,532,40530,46,24.4,16.2,0,4,26,0,3,23,0,0,0,0,0,0,1,5,0,0,0,0,0,0,0,0,0,0,0,0,,,,0,,,,,,,,,
435,Internal,0,0,40530,46,24.4,16.2,0,0,0,0,0,23,0,0,0,0,0,0,0,0,0,0,0,0,0,0,0,0,0,0,0,0,,,,0,,,,,,,,,
436,Internal,429,1193,85227,53,26.0,6.2,0,24,137,32,56,17,0,0,0,0,0,0,1,70,0,0,0,0,0,0,0,0,0,0,0,0,,,,0,,,,,,,,,
437,Internal,832,2243,85227,53,26.0,6.2,0,30,102,11,2,12,0,0,0,0,0,0,4,74,0,0,0,0,0,0,0,0,0,0,0,0,,,,0,,,,,,,,,
438,Internal,584,1538,74874,46,34.6,4.5,871,35,105,0,0,20,0,0,0,0,0,0,0,20,0,0,0,0,0,0,0,0,0,0,0,0,,,,0,,,,,,,,,
439,Internal,931,2682,74874,46,34.6,4.5,8,40,313,0,0,23,0,0,0,0,0,0,4,105,0,0,0,0,0,0,0,0,0,0,0,0,,,,0,,,,,,,,,
440,Internal,746,2062,71573,53,22.4,6.3,0,61,123,22,123,15,0,0,0,0,0,0,5,95,0,0,0,0,0,0,0,0,0,0,0,0,,,,0,,,,,,,,,
441,Internal,256,713,46250,53,32.4,5.5,0,53,188,0,9,6,0,0,0,0,0,0,5,41,0,0,0,0,7,0,0,0,0,0,0,0,,,,0,,,,,,,,,
442,Internal,463,1291,46250,53,32.4,5.5,0,89,98,0,10,12,0,0,0,0,0,0,1,37,0,0,0,0,0,0,0,0,0,0,0,0,,,,0,,,,,,,,,
443,Internal,577,1569,46250,53,32.4,5.5,5,30,24,0,0,12,0,0,0,0,0,0,4,49,0,0,0,0,0,0,0,0,0,0,0,0,,,,0,,,,,,,,,
444,Internal,132,348,47888,54,21.9,3.9,46,37,155,0,134,83,0,0,0,0,0,0,0,16,0,0,0,0,0,0,0,0,0,0,0,0,,,,0,,,,,,,,,
445,Internal,673,1189,47888,54,21.9,3.9,142,51,363,0,15,39,0,0,0,0,0,0,19,45,0,0,0,0,0,0,0,0,0,0,0,0,,,,0,,,,,,,,,
446,Internal,1,15,47888,54,21.9,3.9,445,456,51,0,24,51,0,0,0,0,0,0,0,0,0,0,0,0,0,0,0,0,0,0,0,0,,,,0,,,,,,,,,
447,Internal,880,1764,47888,54,21.9,3.9,394,32,54,1,3,58,0,0,0,0,0,0,1,27,0,0,0,0,0,0,0,0,0,0,0,0,,,,0,,,,,,,,,
448,Internal,110,282,47888,54,21.9,3.9,35,36,39,35,68,6,0,0,0,0,0,0,0,0,0,0,0,0,196,0,0,0,0,0,0,0,,,,0,,,,,,,,,
449,Internal,145,412,47888,54,21.9,3.9,26,18,122,19,3,14,0,0,0,0,0,0,0,0,0,0,0,0,0,0,0,0,0,0,0,0,,,,0,,,,,,,,,
450,Internal,672,1202,47888,54,21.9,3.9,0,93,28,0,4,56,0,0,0,0,0,0,32,53,0,0,0,0,0,0,0,0,0,0,0,0,,,,0,,,,,,,,,
451,Internal,570,1394,71058,54,31.5,11.6,170,83,228,34,24,57,0,0,0,0,0,0,4,17,0,0,0,0,0,0,0,0,0,0,0,0,,,,0,,,,,,,,,
452,Internal,295,690,71058,54,31.5,11.6,2,12,0,1,0,67,0,0,0,0,0,0,3,10,0,0,0,0,0,0,0,0,0,0,0,0,,,,0,,,,,,,,,
453,Internal,148,369,102321,55,27.9,5.8,20,0,6,0,0,0,0,0,0,0,0,0,0,1,0,0,0,0,0,0,0,0,0,0,0,0,,,,0,,,,,,,,,
454,Internal,364,1060,102321,55,27.9,5.8,0,60,43,5,86,16,0,0,0,0,0,0,1,20,0,0,0,0,0,0,0,0,0,0,0,0,,,,0,,,,,,,,,
455,Internal,565,1410,102321,55,27.9,5.8,235,4,134,0,25,46,0,0,0,0,0,0,4,20,0,0,0,0,0,0,0,0,0,0,0,0,,,,0,,,,,,,,,
456,Internal,994,2622,102321,55,27.9,5.8,12,2,52,0,0,43,0,0,0,0,0,0,0,52,0,0,0,0,0,0,0,0,0,0,0,0,,,,0,,,,,,,,,
457,Internal,626,1709,92813,55,12.1,18.2,15,67,80,40,6,27,0,0,0,0,0,0,4,52,0,0,0,0,0,0,0,0,0,0,0,0,,,,0,,,,,,,,,
458,Internal,131,318,92813,55,12.1,18.2,13,14,55,0,23,56,0,0,0,0,0,0,0,5,0,0,0,0,0,0,0,0,0,0,0,0,,,,0,,,,,,,,,
459,Internal,1280,2340,77917,50,3.5,49.2,86,22,55,0,0,60,0,0,0,0,0,0,0,0,0,0,0,0,74,0,0,0,0,0,0,0,,,,0,,,,,,,,,
460,Internal,819,1861,77917,50,3.5,49.2,0,27,9,0,0,45,0,0,0,0,0,0,0,0,0,0,0,0,0,0,0,0,0,0,0,0,,,,0,,,,,,,,,
461,Internal,398,907,77917,50,3.5,49.2,0,0,0,0,0,45,0,0,0,0,0,0,0,0,0,0,0,0,0,0,0,0,0,0,0,0,,,,0,,,,,,,,,
462,Internal,843,2068,77917,50,3.5,49.2,0,0,4,0,0,45,0,0,0,0,0,0,0,8,0,0,0,0,0,0,0,0,0,0,0,0,,,,0,,,,,,,,,
463,Internal,357,863,77917,50,3.5,49.2,0,13,4,0,0,45,0,0,0,0,0,0,0,0,0,0,0,0,0,0,0,0,0,0,0,0,,,,0,,,,,,,,,
464,Internal,53,120,85430,50,19.2,11.1,5,3,2,0,0,45,0,0,0,0,0,0,0,0,0,0,0,0,0,0,0,0,0,0,0,0,,,,0,,,,,,,,,
465,Internal,647,1368,85430,50,19.2,11.1,54,16,35,4,4,29,0,0,0,0,0,0,0,5,0,0,0,0,0,0,0,0,0,0,0,0,,,,0,,,,,,,,,
466,Internal,127,266,85430,50,19.2,11.1,2,18,0,0,0,45,0,0,0,0,0,0,0,0,0,0,0,0,0,0,0,0,0,0,0,0,,,,0,,,,,,,,,
467,Internal,395,1007,85430,50,19.2,11.1,0,117,32,0,0,33,0,0,0,0,0,0,0,5,0,0,0,0,965,0,0,0,0,0,0,0,,,,0,,,,,,,,,
468,Internal,17,41,85430,50,19.2,11.1,0,0,0,4,0,45,0,0,0,0,0,0,0,0,0,0,0,0,0,0,0,0,0,0,0,0,,,,0,,,,,,,,,
469,Internal,12,45,85430,50,19.2,11.1,0,0,0,0,0,45,0,0,0,0,0,0,0,0,0,0,0,0,0,0,0,0,0,0,0,0,,,,0,,,,,,,,,
470,Internal,131,332,85430,50,19.2,11.1,0,34,32,0,0,61,0,0,0,0,0,0,0,0,0,0,0,0,0,0,0,0,0,0,0,0,,,,0,,,,,,,,,
471,Internal,3,10,85430,50,19.2,11.1,0,0,0,0,0,45,0,0,0,0,0,0,0,0,0,0,0,0,0,0,0,0,0,0,0,0,,,,0,,,,,,,,,
472,Internal,517,1135,93654,57,5.0,34.5,3,8,41,0,1,11,0,0,0,0,0,11,22,8,0,0,0,0,0,0,0,0,0,0,0,0,,,,0,,,,,,,,,
473,Internal,286,738,93654,57,5.0,34.5,45,115,25,35,22,44,0,0,0,0,0,56,19,0,0,0,0,0,789,0,0,0,0,0,0,0,,,,0,,,,,,,,,
474,Internal,139,360,84760,57,22.6,13.4,0,12,4,0,0,17,0,0,0,0,0,34,1,5,0,0,0,0,0,0,0,0,0,0,0,0,,,,0,,,,,,,,,
475,Internal,336,547,84760,57,22.6,13.4,0,8,42,0,0,36,0,0,0,0,0,45,1,25,0,0,0,0,18,0,0,0,0,0,0,0,,,,0,,,,,,,,,
476,Internal,4,16,84760,57,22.6,13.4,39,27,134,47,321,11,0,0,0,0,0,11,0,0,0,0,0,0,0,0,0,0,0,0,0,0,,,,0,,,,,,,,,
477,Internal,333,756,84760,57,22.6,13.4,6,4,19,0,2,23,0,0,0,0,0,45,19,16,0,0,0,0,0,0,0,0,0,0,0,0,,,,0,,,,,,,,,
478,Internal,175,406,84760,57,22.6,13.4,13,8,15,1,3,17,0,0,0,0,0,11,0,8,0,0,0,0,0,0,0,0,0,0,0,0,,,,0,,,,,,,,,
479,Internal,91,192,84760,57,22.6,13.4,288,0,3,0,0,17,0,0,0,0,0,11,10,0,0,0,0,0,0,0,0,0,0,0,0,0,,,,0,,,,,,,,,
480,Internal,360,910,56384,57,23.0,29.8,0,14,20,17,6,17,0,0,0,0,0,34,8,25,0,0,0,0,0,0,0,0,0,0,0,0,,,,0,,,,,,,,,
481,Internal,125,382,169583,51,21.6,24.8,0,39,65,0,0,22,0,0,0,0,0,0,5,0,0,0,0,0,12,0,0,0,0,0,0,0,,,,0,,,,,,,,,
482,Internal,64,153,169583,51,21.6,24.8,1,35,27,0,0,33,0,0,0,0,0,0,0,5,0,0,0,0,0,0,0,0,0,0,0,0,,,,0,,,,,,,,,
483,Internal,262,727,134402,51,24.1,15.9,28,18,74,12,1,61,0,0,0,0,0,34,1,0,0,0,0,0,0,0,0,0,0,0,0,0,,,,0,,,,,,,,,
484,Internal,413,1141,169583,51,21.6,24.8,39,5,129,0,71,62,0,0,0,0,0,56,13,0,0,0,0,0,0,0,0,0,0,0,0,0,,,,0,,,,,,,,,
485,Internal,350,807,134402,51,24.1,15.9,0,25,64,0,44,15,0,0,0,0,0,45,13,5,0,0,0,0,0,0,0,0,0,0,0,0,,,,0,,,,,,,,,
486,Internal,133,340,39080,34,24.1,15.1,12,29,130,40,1,40,0,0,0,0,0,0,0,8,0,0,0,0,0,0,0,0,0,0,0,0,,,,0,,,,,,,,,
487,Internal,694,1774,39080,34,24.1,15.1,187,53,76,14,2,33,0,0,0,0,0,0,0,49,0,0,0,0,0,0,0,0,0,0,0,0,,,,0,,,,,,,,,
488,Internal,23,41,39080,34,24.1,15.1,602,54,162,170,0,53,0,0,0,0,0,0,0,0,0,0,0,0,0,0,0,0,0,0,0,0,,,,0,,,,,,,,,
489,Internal,19,38,39080,34,24.1,15.1,194,73,615,4,4,41,0,0,0,0,0,0,0,0,0,0,0,0,389,0,0,0,0,0,0,0,,,,0,,,,,,,,,
490,Internal,447,1053,32419,34,20.7,31.4,20,396,68,59,8,9,0,0,0,0,0,0,5,37,0,0,0,0,2697,0,0,0,0,0,0,0,,,,0,,,,,,,,,
491,Internal,526,1317,41602,51,33.8,8.0,0,202,242,7,601,6,0,0,0,0,0,18,1,20,0,0,0,0,33,0,0,0,0,0,0,0,,,,0,,,,,,,,,
492,Internal,144,404,36860,34,25.4,15.2,7,6,31,16,3,40,0,0,0,0,0,0,0,5,0,0,0,0,0,0,0,0,0,0,0,0,,,,0,,,,,,,,,
493,Internal,282,574,45809,51,25.4,7.4,586,66,169,3,46,24,0,0,0,0,0,0,1,8,0,0,0,0,0,0,0,0,0,0,0,0,,,,0,,,,,,,,,
494,Internal,569,1275,45809,51,25.4,7.4,7,36,16,13,17,29,0,0,0,0,0,29,19,28,0,0,0,0,0,0,0,0,0,0,0,0,,,,0,,,,,,,,,
495,Internal,560,1351,63667,50,31.3,10.3,115,8,63,7,1,37,0,0,0,0,0,69,8,54,0,0,0,0,0,0,0,0,0,0,0,0,,,,0,,,,,,,,,
496,Internal,899,1964,85966,50,24.5,4.0,40,50,88,1,41,31,0,0,0,0,0,56,1,49,0,0,0,0,0,0,0,0,0,0,0,0,,,,0,,,,,,,,,
497,Internal,743,1516,45809,51,25.4,7.4,177,34,157,30,6,47,0,0,0,0,0,0,5,86,0,0,0,0,0,0,0,0,0,0,0,0,,,,0,,,,,,,,,
498,Internal,627,1561,41602,51,33.8,8.0,14,8,96,28,286,12,0,0,0,0,0,67,37,82,0,0,0,0,0,0,0,0,0,0,0,0,,,,0,,,,,,,,,
499,Internal,783,2113,109194,50,23.3,13.6,7,17,104,2,0,22,0,0,0,0,0,181,32,61,0,0,0,0,0,0,0,0,0,0,0,0,,,,0,,,,,,,,,
500,Internal,206,537,109194,50,23.3,13.6,5,16,73,0,0,37,0,0,0,0,0,11,1,28,0,0,0,0,0,0,0,0,0,0,0,0,,,,0,,,,,,,,,
501,Internal,384,773,87569,63,11.7,11.9,0,134,491,16,391,33,0,0,0,0,0,237,31,37,0,0,0,0,0,0,0,0,0,0,0,0,,,,0,,,,,,,,,
502,Internal,492,940,88788,60,21.5,9.2,0,3,7,0,4,27,0,0,0,0,0,373,35,33,0,0,0,0,0,0,0,0,0,0,0,0,,,,0,,,,,,,,,
503,Internal,583,1639,88788,60,21.5,9.2,5,123,72,23,8,31,0,0,0,0,0,147,10,16,0,0,0,0,727,0,0,0,0,0,0,0,,,,0,,,,,,,,,
504,Internal,566,1313,88788,60,21.5,9.2,2,30,19,0,0,3,0,0,0,0,0,91,18,22,0,0,0,0,0,0,0,0,0,0,0,0,,,,0,,,,,,,,,
505,Internal,22,43,49632,54,7.4,22.6,6,0,0,0,0,58,0,0,0,0,0,0,0,0,0,0,0,0,0,0,0,0,0,0,0,0,,,,0,,,,,,,,,
506,Internal,466,931,97464,54,21.0,18.6,4,151,148,97,105,26,0,0,0,0,0,91,0,0,0,0,0,0,0,0,0,0,0,0,0,0,,,,0,,,,,,,,,
507,Internal,75,160,97464,54,21.0,18.6,0,19,38,0,0,58,0,0,0,0,0,45,0,0,0,0,0,0,0,0,0,0,0,0,0,0,,,,0,,,,,,,,,
508,Internal,55,133,49632,54,7.4,22.6,10,5,1,0,0,58,0,0,0,0,0,22,0,5,0,0,0,0,0,0,0,0,0,0,0,0,,,,0,,,,,,,,,
509,Internal,261,551,49632,54,7.4,22.6,0,55,122,11,0,58,0,0,0,0,0,157,0,0,0,0,0,0,0,0,0,0,0,0,0,0,,,,0,,,,,,,,,
510,Internal,280,535,49632,54,7.4,22.6,5,158,2651,57,193,29,0,0,0,0,0,541,0,8,0,0,0,0,0,0,0,0,0,0,0,0,,,,0,,,,,,,,,
511,Internal,202,555,123160,58,28.5,8.6,0,115,81,41,80,11,0,0,0,0,0,67,0,0,0,0,0,0,0,0,0,0,0,0,0,0,,,,0,,,,,,,,,
512,Internal,523,1131,62909,54,2.7,20.1,17,107,242,61,66,36,0,0,0,0,0,45,0,12,0,0,0,0,0,0,0,0,0,0,0,0,,,,0,,,,,,,,,
513,Internal,338,505,62909,54,2.7,20.1,19,46,380,7,42,73,0,0,0,0,0,125,8,20,0,0,0,0,0,0,0,0,0,0,0,0,,,,0,,,,,,,,,
514,Internal,291,509,62574,57,15.3,6.7,3,434,816,82,299,13,0,0,0,0,0,22,1,8,0,0,0,0,0,0,0,0,0,0,0,0,,,,0,,,,,,,,,
515,Internal,0,0,62574,57,15.3,6.7,5,44,444,106,155,16,0,0,0,0,0,0,0,0,0,0,0,0,0,0,0,0,0,0,0,0,,,,0,,,,,,,,,
516,Internal,0,0,62909,54,2.7,20.1,0,524,413,50,10,58,0,0,0,0,0,0,0,0,0,0,0,0,0,0,0,0,0,0,0,0,,,,0,,,,,,,,,
517,Internal,710,1301,62574,57,15.3,6.7,46,0,116,9,79,33,0,0,0,0,0,338,19,37,0,0,0,0,0,0,0,0,0,0,0,0,,,,0,,,,,,,,,
518,Internal,387,695,62574,57,15.3,6.7,0,198,708,51,281,35,0,0,0,0,0,136,9,5,0,0,0,0,0,0,0,0,0,0,0,0,,,,0,,,,,,,,,
519,Internal,37,92,62574,57,15.3,6.7,5,211,906,114,3472,12,0,0,0,0,0,0,0,0,0,0,0,0,0,0,0,0,0,0,0,0,,,,0,,,,,,,,,
520,Internal,94,187,62574,57,15.3,6.7,0,21,515,8,16,34,0,0,0,0,0,11,0,0,0,0,0,0,0,0,0,0,0,0,0,0,,,,0,,,,,,,,,
521,Internal,252,451,54110,56,25.0,11.2,0,9,472,7,2,27,0,0,0,0,0,36,3,17,0,0,0,0,0,0,0,0,0,0,0,0,,,,0,,,,,,,,,
522,Internal,918,2026,73065,56,17.2,17.4,78,13,102,1,0,27,0,0,0,0,0,157,23,66,0,0,0,0,0,0,0,0,0,0,0,0,,,,0,,,,,,,,,
523,Internal,177,504,90284,57,37.7,11.7,0,16,15,0,1,16,0,0,0,0,0,0,0,8,0,0,0,0,0,0,0,0,0,0,0,0,,,,0,,,,,,,,,
524,Internal,1,1,90284,57,37.7,11.7,0,0,4,0,43,6,0,0,0,0,0,22,0,0,0,0,0,0,0,0,0,0,0,0,0,0,,,,0,,,,,,,,,
525,Internal,369,1001,90284,57,37.7,11.7,0,40,56,0,9,22,0,0,0,0,0,67,1,28,0,0,0,0,0,0,0,0,0,0,0,0,,,,0,,,,,,,,,
526,Internal,65,151,42831,54,20.2,11.7,2,6,121,12,131,23,0,0,0,0,0,9,8,2,0,0,0,0,0,0,0,0,0,0,0,0,,,,0,,,,,,,,,
527,Internal,227,626,149261,58,22.1,9.2,14,0,1,0,0,41,0,0,0,0,0,80,1,8,0,0,0,0,575,0,0,0,0,0,0,0,,,,0,,,,,,,,,
528,Internal,470,1336,149261,58,22.1,9.2,35,6,19,0,0,66,0,0,0,0,0,89,6,25,0,0,0,0,0,0,0,0,0,0,0,0,,,,0,,,,,,,,,
529,Internal,291,803,149261,58,22.1,9.2,12,27,76,30,0,11,0,0,0,0,0,89,3,8,0,0,0,0,45,0,0,0,0,0,0,0,,,,0,,,,,,,,,
530,Internal,99,207,123160,58,28.5,8.6,0,2,8,0,0,41,0,0,0,0,0,11,0,0,0,0,0,0,0,0,0,0,0,0,0,0,,,,0,,,,,,,,,
531,Internal,104,213,62574,57,15.3,6.7,0,0,4,2,0,16,0,0,0,0,0,9,5,2,0,0,0,0,0,0,0,0,0,0,0,0,,,,0,,,,,,,,,
532,Internal,263,727,149261,58,22.1,9.2,7,61,158,0,1,41,0,0,0,0,0,91,0,5,0,0,0,0,0,0,0,0,0,0,0,0,,,,0,,,,,,,,,
533,Internal,775,1770,68750,54,19.5,14.9,23,12,70,33,4,37,0,0,0,0,0,134,9,23,0,0,0,0,0,0,0,0,0,0,0,0,,,,0,,,,,,,,,
534,Internal,383,1020,82303,54,15.8,17.1,4,110,293,17,49,34,0,0,0,0,0,45,0,5,0,0,0,0,667,0,0,0,0,0,0,0,,,,0,,,,,,,,,
535,Internal,0,0,55727,56,28.3,7.9,2,20,74,30,8,35,0,0,0,0,0,0,0,0,0,0,0,0,0,0,0,0,0,0,0,0,,,,0,,,,,,,,,
536,Internal,496,1256,83583,54,22.8,11.5,0,31,5,0,6,37,0,0,0,0,0,80,1,28,0,0,0,0,0,0,0,0,0,0,0,0,,,,0,,,,,,,,,
537,Internal,650,1122,42163,56,8.9,9.8,0,7,112,0,78,44,0,0,0,0,0,139,5,34,0,0,0,0,0,0,0,0,0,0,0,0,,,,0,,,,,,,,,
538,Internal,13,49,55727,56,28.3,7.9,48,285,386,19,328,41,0,0,0,0,0,80,0,0,0,0,0,0,769,0,0,0,0,0,0,0,,,,0,,,,,,,,,
539,Internal,600,1303,55727,56,28.3,7.9,5,5,17,0,0,16,0,0,0,0,0,121,23,23,0,0,0,0,0,0,0,0,0,0,0,0,,,,0,,,,,,,,,
540,Internal,321,503,55727,56,28.3,7.9,688,2222,1296,187,194,76,0,0,0,0,0,22,22,16,0,0,0,0,5871,0,0,0,0,0,0,0,,,,0,,,,,,,,,
541,Internal,32,101,76667,56,6.9,17.9,427,95,459,64,105,55,0,0,0,0,0,0,4,0,0,0,0,0,0,0,0,0,0,0,0,0,,,,0,,,,,,,,,
542,Internal,32,55,76667,56,6.9,17.9,1818,254,134,0,68,69,0,0,0,0,0,0,0,0,0,0,0,0,0,0,0,0,0,0,0,0,,,,0,,,,,,,,,
543,Internal,17,39,76667,56,6.9,17.9,136,226,77,35,7,94,0,0,0,0,0,0,0,0,0,0,0,0,0,0,0,0,0,0,0,0,,,,0,,,,,,,,,
544,Internal,116,313,76667,56,6.9,17.9,7,18,41,9,6,38,0,0,0,0,0,0,0,8,0,0,0,0,0,0,0,0,0,0,0,0,,,,0,,,,,,,,,
545,Internal,49,104,47888,54,21.9,3.9,81,312,142,3,1,15,0,0,0,0,0,0,0,0,0,0,0,0,0,0,0,0,0,0,0,0,,,,0,,,,,,,,,
546,Internal,767,1897,76667,56,6.9,17.9,464,8,70,1,0,34,0,0,0,0,0,0,5,25,0,0,0,0,0,0,0,0,0,0,0,0,,,,0,,,,,,,,,
547,Internal,20,25,76667,56,6.9,17.9,192,308,73,0,0,31,0,0,0,0,0,0,0,0,0,0,0,0,0,0,0,0,0,0,0,0,,,,0,,,,,,,,,
548,Internal,344,934,76667,56,6.9,17.9,68,31,99,0,1,67,0,0,0,0,0,0,1,20,0,0,0,0,0,0,0,0,0,0,0,0,,,,0,,,,,,,,,
549,Internal,4,30,76667,56,6.9,17.9,117,64,39,0,0,43,0,0,0,0,0,0,0,0,0,0,0,0,0,0,0,0,0,0,0,0,,,,0,,,,,,,,,
550,Internal,6,19,76667,56,6.9,17.9,384,51,27,0,2,26,0,0,0,0,0,0,0,0,0,0,0,0,0,0,0,0,0,0,0,0,,,,0,,,,,,,,,
551,Internal,0,0,55727,56,28.3,7.9,0,5,172,73,30,12,0,0,0,0,0,0,0,0,0,0,0,0,0,0,0,0,0,0,0,0,,,,0,,,,,,,,,
552,Internal,10,22,55727,56,28.3,7.9,1038,24,2,0,0,67,0,0,0,0,0,0,0,0,0,0,0,0,0,0,0,0,0,0,0,0,,,,0,,,,,,,,,
553,Internal,818,1721,55727,56,28.3,7.9,27,126,92,0,0,94,0,0,0,0,0,0,0,37,0,0,0,0,0,0,0,0,0,0,0,0,,,,0,,,,,,,,,
554,Internal,7,14,58190,50,22.0,12.0,351,301,27,3,0,94,0,0,0,0,0,0,0,0,0,0,0,0,1,0,0,0,0,0,0,0,,,,0,,,,,,,,,
555,Internal,96,117,55727,56,28.3,7.9,11,10,17,0,19,34,0,0,0,0,0,0,1,0,0,0,0,0,0,0,0,0,0,0,0,0,,,,0,,,,,,,,,
556,Internal,10,28,55727,56,28.3,7.9,16,7,267,40,310,18,0,0,0,0,0,0,0,0,0,0,0,0,0,0,0,0,0,0,0,0,,,,0,,,,,,,,,
557,Internal,3,13,55727,56,28.3,7.9,437,144,537,22,3,67,0,0,0,0,0,0,0,0,0,0,0,0,0,0,0,0,0,0,0,0,,,,0,,,,,,,,,
558,Internal,105,144,55727,56,28.3,7.9,35,199,508,87,352,33,0,0,0,0,0,0,0,0,0,0,0,0,0,0,0,0,0,0,0,0,,,,0,,,,,,,,,
559,Internal,27,59,58190,50,22.0,12.0,7,72,433,61,0,59,0,0,0,0,0,11,0,0,0,0,0,0,0,0,0,0,0,0,0,0,,,,0,,,,,,,,,
560,Internal,0,0,55727,56,28.3,7.9,1091,342,460,6,47,61,0,0,0,0,0,0,0,0,0,0,0,0,637,0,0,0,0,0,0,0,,,,0,,,,,,,,,
561,Internal,903,1660,58190,50,22.0,12.0,0,2809,428,442,211,89,0,0,0,0,0,0,0,0,0,0,0,0,0,0,0,0,0,0,0,0,,,,0,,,,,,,,,
562,Internal,282,548,58190,50,22.0,12.0,186,394,189,17,46,73,0,0,0,0,0,0,4,12,0,0,0,0,0,0,0,0,0,0,0,0,,,,0,,,,,,,,,
563,Internal,1,5,58190,50,22.0,12.0,75,1711,136,68,38,83,0,0,0,0,0,0,0,5,0,0,0,0,0,0,0,0,0,0,0,0,,,,0,,,,,,,,,
564,Internal,85,156,58190,50,22.0,12.0,0,2723,591,24,12,86,0,0,0,0,0,0,0,0,0,0,0,0,0,0,0,0,0,0,0,0,,,,0,,,,,,,,,
565,Internal,16,41,58190,50,22.0,12.0,0,479,333,3,0,95,0,0,0,0,0,0,0,0,0,0,0,0,0,0,0,0,0,0,0,0,,,,0,,,,,,,,,
566,Internal,0,0,76667,56,6.9,17.9,271,772,356,0,23,87,0,0,0,0,0,0,0,0,0,0,0,0,0,0,0,0,0,0,0,0,,,,0,,,,,,,,,
567,Internal,9,30,58190,50,22.0,12.0,0,1006,155,55,1,90,0,0,0,0,0,0,0,0,0,0,0,0,857,0,0,0,0,0,0,0,,,,0,,,,,,,,,
568,Internal,0,0,58190,50,22.0,12.0,122,8883,379,39,76,81,0,0,0,0,0,0,0,0,0,0,0,0,0,0,0,0,0,0,0,0,,,,0,,,,,,,,,
569,Internal,4,10,58190,50,22.0,12.0,30,212,164,0,0,93,0,0,0,0,0,0,0,0,0,0,0,0,0,0,0,0,0,0,0,0,,,,0,,,,,,,,,
570,Internal,80,202,58190,50,22.0,12.0,0,3194,352,104,1,91,0,0,0,0,0,0,0,0,0,0,0,0,0,0,0,0,0,0,0,0,,,,0,,,,,,,,,
571,Internal,1,3,58190,50,22.0,12.0,0,21,26,2,0,0,0,0,0,0,0,0,0,0,0,0,0,0,0,0,0,0,0,0,0,0,,,,0,,,,,,,,,
572,Internal,606,1040,58190,50,22.0,12.0,0,379,237,64,0,69,0,0,0,0,0,0,8,28,0,0,0,0,0,0,0,0,0,0,0,0,,,,0,,,,,,,,,
573,Internal,73,183,58190,50,22.0,12.0,0,1470,326,38,51,83,0,0,0,0,0,0,0,0,0,0,0,0,0,0,0,0,0,0,0,0,,,,0,,,,,,,,,
574,Internal,69,175,77485,72,9.3,3.6,121,353,304,0,0,91,0,0,0,0,0,0,0,0,0,0,0,0,0,0,0,0,0,0,0,0,,,,0,,,,,,,,,
575,Internal,125,284,58190,50,22.0,12.0,0,3066,574,179,96,83,0,0,0,0,0,0,0,0,0,0,0,0,0,0,0,0,0,0,0,0,,,,0,,,,,,,,,
576,Internal,167,338,58190,50,22.0,12.0,0,2046,275,117,88,87,0,0,0,0,0,0,0,0,0,0,0,0,652,0,0,0,0,0,0,0,,,,0,,,,,,,,,
577,Internal,912,1611,77485,72,9.3,3.6,0,236,450,47,89,24,0,0,0,0,0,0,0,5,0,0,0,0,0,0,0,0,0,0,0,0,,,,0,,,,,,,,,
578,Internal,4,9,58190,50,22.0,12.0,10,6774,209,0,2,61,0,0,0,0,0,0,0,0,0,0,0,0,0,0,0,0,0,0,0,0,,,,0,,,,,,,,,
579,Internal,3,8,55727,56,28.3,7.9,0,912,11,0,0,97,0,0,0,0,0,0,0,0,0,0,0,0,0,0,0,0,0,0,0,0,,,,0,,,,,,,,,
580,Internal,585,1115,52404,72,17.7,5.1,157,0,100,0,71,69,0,0,0,0,0,0,0,14,0,0,0,0,0,0,0,0,0,0,0,0,,,,0,,,,,,,,,
581,Internal,1019,2155,103304,72,18.4,8.9,50,8,1,1,0,69,0,0,0,0,0,0,0,0,0,0,0,0,0,0,0,0,0,0,0,0,,,,0,,,,,,,,,
582,Internal,428,1130,103304,72,18.4,8.9,65,112,46,3,12,41,0,0,0,0,0,0,4,37,0,0,0,0,0,0,0,0,0,0,0,0,,,,0,,,,,,,,,
583,Internal,363,850,42831,54,20.2,11.7,19,25,289,14,185,23,0,0,0,0,0,58,44,11,0,0,0,0,0,0,0,0,0,0,0,0,,,,0,,,,,,,,,
584,Internal,149,294,103304,72,18.4,8.9,471,330,56,0,90,66,0,0,0,0,0,0,0,0,0,0,0,0,61,0,0,0,0,0,0,0,,,,0,,,,,,,,,
585,Internal,0,0,103304,72,18.4,8.9,967,1457,99,1,0,85,0,0,0,0,0,0,0,0,0,0,0,0,0,0,0,0,0,0,0,0,,,,0,,,,,,,,,
586,Internal,532,942,103304,72,18.4,8.9,1766,980,2,0,0,70,0,0,0,0,0,0,0,0,0,0,0,0,0,0,0,0,0,0,0,0,,,,0,,,,,,,,,
587,Internal,312,624,77485,72,9.3,3.6,293,166,51,139,50,49,0,0,0,0,0,0,4,8,0,0,0,0,372,0,0,0,0,0,0,0,,,,0,,,,,,,,,
588,Internal,45,118,77485,72,9.3,3.6,1,1110,885,182,63,70,0,0,0,0,0,0,0,0,0,0,0,0,0,0,0,0,0,0,0,0,,,,0,,,,,,,,,
589,Internal,6,16,77485,72,9.3,3.6,183,108,381,7,31,69,0,0,0,0,0,0,0,0,0,0,0,0,0,0,0,0,0,0,0,0,,,,0,,,,,,,,,
590,Internal,0,0,77485,72,9.3,3.6,0,8,54,395,79,61,0,0,0,0,0,0,0,0,0,0,0,0,0,0,0,0,0,0,0,0,,,,0,,,,,,,,,
591,Internal,114,192,77485,72,9.3,3.6,0,512,0,0,0,69,0,0,0,0,0,0,0,0,0,0,0,0,0,0,0,0,0,0,0,0,,,,0,,,,,,,,,
592,Internal,38,94,77485,72,9.3,3.6,0,129,164,35,249,9,0,0,0,0,0,0,0,0,0,0,0,0,0,0,0,0,0,0,0,0,,,,0,,,,,,,,,
593,Internal,4,10,77485,72,9.3,3.6,0,84,113,3,48,39,0,0,0,0,0,0,0,0,0,0,0,0,0,0,0,0,0,0,0,0,,,,0,,,,,,,,,
594,Internal,721,1318,77485,72,9.3,3.6,65,0,142,0,2,69,0,0,0,0,0,0,0,16,0,0,0,0,0,0,0,0,0,0,0,0,,,,0,,,,,,,,,
595,Internal,1304,2612,77485,72,9.3,3.6,0,6,248,0,0,36,0,0,0,0,0,0,0,37,0,0,0,0,0,0,0,0,0,0,0,0,,,,0,,,,,,,,,
596,Internal,7,14,77485,72,9.3,3.6,546,951,688,77,21,76,0,0,0,0,0,0,0,0,0,0,0,0,0,0,0,0,0,0,0,0,,,,0,,,,,,,,,
597,Internal,0,0,77485,72,9.3,3.6,24,192,937,113,46,78,0,0,0,0,0,0,0,0,0,0,0,0,0,0,0,0,0,0,0,0,,,,0,,,,,,,,,
598,Internal,14,34,73304,44,2.5,47.9,0,30,80,33,72,32,0,0,0,0,0,0,0,0,0,0,0,0,0,0,0,0,0,0,0,0,,,,0,,,,,,,,,
599,Internal,25,63,73304,44,2.5,47.9,41,120,642,79,93,34,0,0,0,0,0,0,0,0,0,0,0,0,0,0,0,0,0,0,0,0,,,,0,,,,,,,,,
600,Internal,549,1374,37656,44,34.1,2.5,8,34,197,10,8,42,0,0,0,0,0,0,13,41,0,0,0,0,83,0,0,0,0,0,0,0,,,,0,,,,,,,,,
601,Internal,86,201,37656,44,34.1,2.5,0,93,33,20,3,34,0,0,0,0,0,11,0,0,0,0,0,0,754,0,0,0,0,0,0,0,,,,0,,,,,,,,,
602,Internal,313,778,37656,44,34.1,2.5,38,41,177,24,70,26,0,0,0,0,0,91,14,12,0,0,0,0,0,0,0,0,0,0,0,0,,,,0,,,,,,,,,
603,Internal,276,505,73304,44,2.5,47.9,10,466,160,42,4,66,0,0,0,0,0,0,0,0,0,0,0,0,0,0,0,0,0,0,0,0,,,,0,,,,,,,,,
604,Internal,445,663,73304,44,2.5,47.9,0,140,471,54,1,30,0,0,0,0,0,22,198,5,0,0,0,0,0,0,0,0,0,0,0,0,,,,0,,,,,,,,,
605,Internal,208,536,38250,44,22.9,6.4,8,213,557,10,53,47,0,0,0,0,0,0,0,8,0,0,0,0,0,0,0,0,0,0,0,0,,,,0,,,,,,,,,
606,Internal,26,69,38250,44,22.9,6.4,110,398,527,134,145,49,0,0,0,0,0,0,91,0,0,0,0,0,0,0,0,0,0,0,0,0,,,,0,,,,,,,,,
607,Internal,808,1534,38250,44,22.9,6.4,44,632,641,70,19,49,0,0,0,0,0,80,262,53,0,0,0,0,0,0,0,0,0,0,0,0,,,,0,,,,,,,,,
608,Internal,121,291,73304,44,2.5,47.9,0,272,412,113,871,11,0,0,0,0,0,0,0,0,0,0,0,0,0,0,0,0,0,0,0,0,,,,0,,,,,,,,,
609,Internal,58,121,38250,44,22.9,6.4,0,91,143,46,4,58,0,0,0,0,0,0,0,0,0,0,0,0,0,0,0,0,0,0,0,0,,,,0,,,,,,,,,
610,Internal,16,40,38854,54,16.0,2.5,18,9,269,9,17,40,0,0,0,0,0,0,0,0,0,0,0,0,0,0,0,0,0,0,0,0,,,,0,,,,,,,,,
611,Internal,610,1102,38854,54,16.0,2.5,2,25,113,6,0,17,0,0,0,0,0,45,158,35,0,0,0,0,0,0,0,0,0,0,0,0,,,,0,,,,,,,,,
612,Internal,561,1290,39625,54,26.0,4.8,14,3833,788,159,285,65,0,0,0,0,0,45,8,16,0,0,0,0,0,0,0,0,0,0,0,0,,,,0,,,,,,,,,
613,Internal,347,617,38854,54,16.0,2.5,0,17,126,8,28,17,0,0,0,0,0,11,23,25,0,0,0,0,0,0,0,0,0,0,0,0,,,,0,,,,,,,,,
614,Internal,19,48,39625,54,26.0,4.8,73,242,542,87,92,30,0,0,0,0,0,0,0,0,0,0,0,0,0,0,0,0,0,0,0,0,,,,0,,,,,,,,,
615,Internal,429,1260,38854,54,16.0,2.5,22,101,123,20,19,27,0,0,0,0,0,11,0,16,0,0,0,0,0,0,0,0,0,0,0,0,,,,0,,,,,,,,,
616,Internal,120,303,39625,54,26.0,4.8,0,150,642,50,272,15,0,0,0,0,0,11,8,25,0,0,0,0,0,0,0,0,0,0,0,0,,,,0,,,,,,,,,
617,Internal,422,1341,61788,50,15.8,17.7,14,96,6,1,0,28,0,0,0,0,0,56,9,5,0,0,0,0,617,0,0,0,0,0,0,0,,,,0,,,,,,,,,
618,Internal,286,506,61788,50,15.8,17.7,24,154,719,44,113,36,0,0,0,0,0,24,71,9,0,0,0,0,217,0,0,0,0,0,0,0,,,,0,,,,,,,,,
619,Internal,27,91,138125,50,28.6,11.2,16,62,45,0,0,52,0,0,0,0,0,11,1,0,0,0,10,0,498,0,0,0,4,0,0,200,0,0,40,0,,,,,,,,,
620,Internal,58,139,138125,50,28.6,11.2,0,2,0,0,0,28,0,0,0,0,0,0,0,0,0,0,0,0,0,0,0,0,0,0,0,0,,,,0,,,,,,,,,
621,Internal,183,470,138125,50,28.6,11.2,4,54,59,1,0,38,0,0,0,0,0,45,1,5,0,0,0,0,201,0,0,0,0,0,0,0,,,,0,,,,,,,,,
622,Internal,500,1447,138125,50,28.6,11.2,6,6,33,0,0,52,0,0,0,0,0,45,8,20,0,0,0,0,65,0,0,0,0,0,0,0,,,,0,,,,,,,,,
623,Internal,153,340,138125,50,28.6,11.2,0,116,152,0,1,27,0,0,0,0,0,0,4,5,0,0,0,0,898,0,0,0,0,0,0,0,,,,0,,,,,,,,,
624,Internal,54,148,138125,50,28.6,11.2,5,0,0,12,0,28,0,0,0,0,0,11,0,0,0,0,0,0,0,0,0,0,0,0,0,0,,,,0,,,,,,,,,
625,Internal,1,3,61788,50,15.8,17.7,0,1,13,0,0,28,0,0,0,0,0,0,0,0,0,0,0,0,0,0,0,0,0,0,0,0,,,,0,,,,,,,,,
626,Internal,1,4,61788,50,15.8,17.7,1,310,525,59,924,12,0,0,0,0,0,0,0,0,0,0,0,0,0,0,0,0,0,0,0,0,,,,0,,,,,,,,,
627,Internal,354,595,61788,50,15.8,17.7,10,337,565,250,302,24,0,0,0,0,0,112,26,0,0,0,0,0,0,0,0,0,0,0,0,0,,,,0,,,,,,,,,
628,Internal,592,1278,80540,50,16.9,28.0,22,196,214,1,2,52,0,0,0,0,0,56,62,8,0,0,0,0,1476,0,0,0,0,0,0,0,,,,0,,,,,,,,,
629,Internal,27,101,73304,44,2.5,47.9,0,5,15,0,0,19,0,0,0,0,0,0,4,0,0,0,0,0,0,0,0,0,0,0,0,0,,,,0,,,,,,,,,
630,Internal,248,611,80540,50,16.9,28.0,222,88,30,25,2,34,0,0,0,0,0,34,32,5,0,0,0,0,441,0,0,0,0,0,0,0,,,,0,,,,,,,,,
631,Internal,0,0,103971,54,12.4,40.1,0,0,0,0,0,34,0,0,0,0,0,0,0,0,0,0,0,0,0,0,0,0,0,0,0,0,,,,0,,,,,,,,,
632,Internal,323,500,103971,54,12.4,40.1,0,70,790,62,4,29,0,0,0,0,0,541,0,0,0,0,0,0,0,0,0,0,0,0,0,0,,,,0,,,,,,,,,
633,Internal,11,26,103971,54,12.4,40.1,6,385,1943,24,27,51,0,0,0,0,0,0,0,0,0,0,0,0,0,0,0,0,0,0,0,0,,,,0,,,,,,,,,
634,Internal,1,18,103971,54,12.4,40.1,0,76,237,200,428,14,0,0,0,0,0,0,0,0,0,0,0,0,0,0,0,0,0,0,0,0,,,,0,,,,,,,,,
635,Internal,78,218,103971,54,12.4,40.1,0,0,0,0,0,34,0,0,0,0,0,0,0,5,0,0,0,0,0,0,0,0,0,0,0,0,,,,0,,,,,,,,,
636,Internal,171,452,103971,54,12.4,40.1,1,3,25,0,0,24,0,0,0,0,0,0,0,0,0,0,0,0,0,0,0,0,0,0,0,0,,,,0,,,,,,,,,
637,Internal,178,425,103971,54,12.4,40.1,9,53,34,5,0,36,0,0,0,0,0,45,0,5,0,0,0,0,194,0,0,0,0,0,0,0,,,,0,,,,,,,,,
638,Internal,267,474,103971,54,12.4,40.1,1,91,145,2,5,62,0,0,0,0,0,34,1,8,0,0,0,0,0,0,0,0,0,0,0,0,,,,0,,,,,,,,,
639,Internal,648,1209,120486,54,14.0,15.4,7,649,446,220,466,35,0,0,0,0,0,101,0,0,0,0,0,0,0,0,0,0,0,0,0,0,,,,0,,,,,,,,,
640,Internal,510,906,120486,54,14.0,15.4,7,661,104,52,22,80,0,0,0,0,0,67,13,8,0,0,0,0,0,0,0,0,0,0,0,0,,,,0,,,,,,,,,
641,Internal,231,334,56793,54,12.6,10.5,0,0,18,0,42,34,0,0,0,0,0,22,37,20,0,0,0,0,0,0,0,0,0,0,0,0,,,,0,,,,,,,,,
642,Internal,723,1187,56793,54,12.6,10.5,0,482,122,32,166,7,0,0,0,0,0,136,122,5,0,0,0,0,0,0,0,0,0,0,0,0,,,,0,,,,,,,,,
643,Internal,250,698,120486,54,14.0,15.4,0,15,8,2,0,46,0,0,0,0,0,45,5,8,0,0,0,0,0,0,0,0,0,0,0,0,,,,0,,,,,,,,,
644,Internal,403,749,56793,54,12.6,10.5,23,33,38,3,0,51,0,0,0,0,0,45,17,0,0,0,0,0,18,0,0,0,0,0,0,0,,,,0,,,,,,,,,
645,Internal,407,1086,120486,54,14.0,15.4,4,287,68,25,13,57,0,0,0,0,0,45,8,5,0,0,0,0,2235,0,0,0,0,0,0,0,,,,0,,,,,,,,,
646,Internal,120,373,120486,54,14.0,15.4,0,3,0,0,0,34,0,0,0,0,0,34,1,0,0,0,0,0,0,0,0,0,0,0,0,0,,,,0,,,,,,,,,
647,Internal,135,246,56793,54,12.6,10.5,0,4,38,2,0,10,0,0,0,0,0,45,4,0,0,0,0,0,0,0,0,0,0,0,0,0,,,,0,,,,,,,,,
648,Internal,180,515,56793,54,12.6,10.5,2,10,1,0,0,34,0,0,0,0,0,45,4,8,0,0,0,0,0,0,0,0,0,0,0,0,,,,0,,,,,,,,,
649,Internal,715,1386,120486,54,14.0,15.4,0,181,262,1,121,34,0,0,0,0,0,34,0,0,0,0,0,0,1476,0,0,0,0,0,0,0,,,,0,,,,,,,,,
650,Internal,48,150,56793,54,12.6,10.5,45,14,630,44,595,34,0,0,0,0,0,0,13,0,0,0,0,0,0,0,0,0,0,0,0,0,,,,0,,,,,,,,,
651,Internal,488,978,56793,54,12.6,10.5,31,214,350,46,12,24,0,0,0,0,0,112,80,41,0,0,0,0,0,0,0,0,0,0,0,0,,,,0,,,,,,,,,
652,Internal,1,1,56793,54,12.6,10.5,0,127,13,0,0,34,0,0,0,0,0,11,0,5,0,0,0,0,1194,0,0,0,0,0,0,0,,,,0,,,,,,,,,
653,Internal,241,588,82463,49,14.1,29.1,3,27,36,13,6,80,0,0,0,0,0,0,0,0,0,0,0,0,0,0,0,0,0,0,0,0,,,,0,,,,,,,,,
654,Internal,28,63,82463,49,14.1,29.1,0,2,0,0,0,80,0,0,0,0,0,0,0,0,0,0,0,0,0,0,0,0,0,0,0,0,,,,0,,,,,,,,,
655,Internal,132,363,82463,49,14.1,29.1,21,13,0,0,0,13,0,0,0,0,0,0,0,0,0,0,0,0,0,0,0,0,0,0,0,0,,,,0,,,,,,,,,
656,Internal,264,667,82463,49,14.1,29.1,2,51,201,0,8,13,0,0,0,0,0,0,5,5,0,0,0,0,0,0,0,0,0,0,0,0,,,,0,,,,,,,,,
657,Internal,294,731,82463,49,14.1,29.1,419,42,9,0,0,87,0,0,0,0,0,0,5,0,0,0,0,0,0,0,0,0,0,0,0,0,,,,0,,,,,,,,,
658,Internal,0,0,82463,49,14.1,29.1,941,0,19,0,0,86,0,0,0,0,0,0,0,0,0,0,0,0,0,0,0,0,0,0,0,0,,,,0,,,,,,,,,
659,Internal,3,3,82463,49,14.1,29.1,600,10,3,1,0,93,0,0,0,0,0,0,0,0,0,0,0,0,0,0,0,0,0,0,0,0,,,,0,,,,,,,,,
660,Internal,113,281,87681,49,21.1,12.5,1,5,0,0,29,19,0,0,0,0,0,0,0,0,0,0,0,0,0,0,0,0,0,0,0,0,,,,0,,,,,,,,,
661,Internal,129,270,87681,49,21.1,12.5,0,8,0,0,0,80,0,0,0,0,0,0,0,0,0,0,0,0,0,0,0,0,0,0,0,0,,,,0,,,,,,,,,
662,Internal,174,431,87681,49,21.1,12.5,0,14,0,0,4,80,0,0,0,0,0,0,0,0,0,0,0,0,0,0,0,0,0,0,0,0,,,,0,,,,,,,,,
663,Internal,116,259,87681,49,21.1,12.5,3,25,932,3,7,80,0,0,0,0,0,0,0,0,0,0,0,0,0,0,0,0,0,0,0,0,,,,0,,,,,,,,,
664,Internal,7,14,87681,49,21.1,12.5,0,4,0,0,0,80,0,0,0,0,0,0,0,0,0,0,0,0,0,0,0,0,0,0,0,0,,,,0,,,,,,,,,
665,Internal,350,853,87681,49,21.1,12.5,2,29,71,2,2,28,0,0,0,0,0,0,0,0,0,0,0,0,384,0,0,0,0,0,0,0,,,,0,,,,,,,,,
666,Internal,327,855,74900,49,18.2,20.1,2,38,28,0,1,29,0,0,0,0,0,0,0,0,0,0,0,0,0,0,0,0,0,0,0,0,,,,0,,,,,,,,,
667,Internal,145,351,74900,49,18.2,20.1,4,6,82,7,5,29,0,0,0,0,0,0,0,0,0,0,0,0,0,0,0,0,0,0,0,0,,,,0,,,,,,,,,
668,Internal,114,254,74900,49,18.2,20.1,2,1,2,0,15,50,0,0,0,0,0,0,0,0,0,0,0,0,0,0,0,0,0,0,0,0,,,,0,,,,,,,,,
669,Internal,134,350,74900,49,18.2,20.1,0,8,6,0,1,80,0,0,0,0,0,0,0,0,0,0,0,0,0,0,0,0,0,0,0,0,,,,0,,,,,,,,,
670,Internal,102,256,74900,49,18.2,20.1,2,0,10,0,10,80,0,0,0,0,0,0,0,0,0,0,0,0,0,0,0,0,0,0,0,0,,,,0,,,,,,,,,
671,Internal,157,380,47841,43,22.8,12.8,29,80,7,0,3,17,0,0,0,0,0,0,0,0,0,0,0,0,828,0,0,0,0,0,0,0,,,,0,,,,,,,,,
672,Internal,142,344,54563,42,24.1,16.3,0,0,2,0,0,26,0,0,0,0,0,0,0,0,0,0,0,0,0,0,0,0,0,0,0,0,,,,0,,,,,,,,,
673,Internal,125,267,54563,42,24.1,16.3,0,2,89,0,0,29,0,0,0,0,0,0,0,0,0,0,0,0,0,0,0,0,0,0,0,0,,,,0,,,,,,,,,
674,Internal,121,293,54563,42,24.1,16.3,9,0,1,0,5,26,0,0,0,0,0,0,0,0,0,0,0,0,0,0,0,0,0,0,0,0,,,,0,,,,,,,,,
675,Internal,16,35,54563,42,24.1,16.3,0,85,2,0,0,37,0,0,0,0,0,0,0,0,0,0,0,0,822,0,0,0,0,0,0,0,,,,0,,,,,,,,,
676,Internal,142,406,54563,42,24.1,16.3,22,63,220,29,10,32,0,0,0,0,0,0,0,0,0,0,0,0,0,0,0,0,0,0,0,0,,,,0,,,,,,,,,
677,Internal,187,424,49515,42,17.1,27.8,6,2,22,0,20,26,0,0,0,0,0,0,0,0,0,0,0,0,0,0,0,0,0,0,0,0,,,,0,,,,,,,,,
678,Internal,108,265,49515,42,17.1,27.8,11,6,8,18,8,26,0,0,0,0,0,0,0,0,0,0,0,0,0,0,0,0,0,0,0,0,,,,0,,,,,,,,,
679,Internal,149,345,49515,42,17.1,27.8,3,5,4,0,2,26,0,0,0,0,0,0,0,0,0,0,0,0,0,0,0,0,0,0,0,0,,,,0,,,,,,,,,
680,Internal,88,235,49515,42,17.1,27.8,19,51,305,20,26,39,0,0,0,0,0,0,0,0,0,0,0,0,724,0,0,0,0,0,0,0,,,,0,,,,,,,,,
681,Internal,96,227,49515,42,17.1,27.8,0,0,8,0,0,13,0,0,0,0,0,0,0,0,0,0,0,0,0,0,0,0,0,0,0,0,,,,0,,,,,,,,,
682,Internal,169,388,49515,42,17.1,27.8,2,7,21,0,0,23,0,0,0,0,0,0,0,0,0,0,0,0,0,0,0,0,0,0,0,0,,,,0,,,,,,,,,
683,Internal,77,187,47946,42,25.7,18.8,0,5,6,0,100,26,0,0,0,0,0,0,0,0,0,0,0,0,412,0,0,0,0,0,0,0,,,,0,,,,,,,,,
684,Internal,239,559,47946,42,25.7,18.8,319,299,813,117,167,24,0,0,0,0,0,0,0,0,0,0,0,0,0,0,0,0,0,0,0,0,,,,0,,,,,,,,,
685,Internal,195,542,47946,42,25.7,18.8,0,13,28,0,5,26,0,0,0,0,0,0,0,0,0,0,0,0,0,0,0,0,0,0,0,0,,,,0,,,,,,,,,
686,Internal,46,80,47946,42,25.7,18.8,0,97,68,76,79,15,0,0,0,0,0,0,0,0,0,0,0,0,0,0,0,0,0,0,0,0,,,,0,,,,,,,,,
687,Internal,239,525,54563,42,24.1,16.3,116,82,269,71,167,24,0,0,0,0,0,0,0,0,0,0,0,0,0,0,0,0,0,0,0,0,,,,0,,,,,,,,,
688,Internal,117,277,20918,33,31.4,25.1,101,19,85,3,204,17,0,0,0,0,0,0,0,0,0,0,0,0,0,0,0,0,0,0,0,0,,,,0,,,,,,,,,
689,Internal,80,189,20918,33,31.4,25.1,151,17,156,1,18,16,0,0,0,0,0,0,0,0,0,0,0,0,289,0,0,0,0,0,0,0,,,,0,,,,,,,,,
690,Internal,189,503,20918,33,31.4,25.1,121,75,55,3,6,69,0,0,0,0,0,0,0,0,0,0,0,0,0,0,0,0,0,0,0,0,,,,0,,,,,,,,,
691,Internal,273,638,20918,33,31.4,25.1,50,451,12,10,35,44,0,0,0,0,0,0,0,0,0,0,0,0,0,0,0,0,0,0,0,0,,,,0,,,,,,,,,
692,Internal,19,81,20918,33,31.4,25.1,0,1,10,0,0,23,0,0,0,0,0,0,0,0,0,0,0,0,0,594,0,0,0,0,0,0,,,,0,,,,,,,,,
693,Internal,314,730,26759,33,20.3,24.0,23,13,220,0,2,32,0,0,0,0,0,0,0,0,0,0,0,0,0,0,0,0,0,0,0,0,,,,0,,,,,,,,,
694,Internal,35,71,26759,33,20.3,24.0,16,1,0,0,5,23,0,0,0,0,0,0,0,0,0,0,0,0,0,0,0,0,0,0,0,0,,,,0,,,,,,,,,
695,Internal,123,448,26759,33,20.3,24.0,24,22,60,0,31,15,0,0,0,0,0,0,0,0,0,0,0,0,0,0,0,0,0,0,0,0,,,,0,,,,,,,,,
696,Internal,149,279,26759,33,20.3,24.0,4,9,46,6,240,9,0,0,0,0,0,0,0,0,0,0,0,0,0,0,0,0,0,0,0,0,,,,0,,,,,,,,,
697,Internal,3,8,26759,33,20.3,24.0,0,92,1,0,0,23,0,0,0,0,0,0,0,0,0,0,0,0,714,0,0,0,0,0,0,0,,,,0,,,,,,,,,
698,Internal,318,885,43625,41,22.4,15.9,133,9,8,0,0,6,0,0,0,0,0,0,0,0,0,0,0,0,0,0,0,0,0,0,0,0,,,,0,,,,,,,,,
699,Internal,466,1141,43625,41,22.4,15.9,10,23,3,0,0,18,0,0,0,0,0,0,0,0,0,0,0,0,0,0,0,0,0,0,0,0,,,,0,,,,,,,,,
700,Internal,253,582,43625,41,22.4,15.9,0,3,1,0,0,10,0,0,0,0,0,0,0,0,0,0,0,0,0,0,0,0,0,0,0,0,,,,0,,,,,,,,,
701,Internal,492,1299,43625,41,22.4,15.9,8,34,152,30,2,12,0,0,0,0,0,0,0,0,0,0,0,0,0,0,0,0,0,0,0,0,,,,0,,,,,,,,,
702,Internal,219,489,41535,42,23.6,12.0,60,103,65,25,50,24,0,0,0,0,0,0,0,0,0,0,0,0,365,0,0,0,0,0,0,0,,,,0,,,,,,,,,
703,Internal,151,367,41535,42,23.6,12.0,0,1,12,6,2,62,0,0,0,0,0,0,0,0,0,0,0,0,0,0,0,0,0,0,0,0,,,,0,,,,,,,,,
704,Internal,109,285,34179,42,24.7,22.3,0,88,21,11,0,23,0,0,0,0,0,0,0,0,0,0,0,0,0,0,0,0,0,0,0,0,,,,0,,,,,,,,,
705,Internal,174,340,34179,42,24.7,22.3,12,10,4,2,0,18,0,0,0,0,0,0,0,0,0,0,0,0,0,0,0,0,0,0,0,0,,,,0,,,,,,,,,
706,Internal,192,473,41535,42,23.6,12.0,0,0,0,0,0,62,0,0,0,0,0,0,0,0,0,0,0,0,0,0,0,0,0,0,0,0,,,,0,,,,,,,,,
707,Internal,114,288,40495,42,12.9,31.7,12,0,3,0,0,62,0,0,0,0,0,0,0,0,0,0,0,0,0,0,0,0,0,0,0,0,,,,0,,,,,,,,,
708,Internal,743,1895,41535,42,23.6,12.0,13,24,11,0,7,44,0,0,0,0,0,0,0,0,0,0,0,0,0,0,0,0,0,0,0,0,,,,0,,,,,,,,,
709,Internal,68,135,41535,42,23.6,12.0,574,82,0,0,0,96,0,0,0,0,0,0,0,0,0,0,0,0,0,0,0,0,0,0,0,0,,,,0,,,,,,,,,
710,Internal,160,411,40495,42,12.9,31.7,23,10,1,0,1,41,0,0,0,0,0,0,0,0,0,0,0,0,0,0,0,0,0,0,0,0,,,,0,,,,,,,,,
711,Internal,57,158,40495,42,12.9,31.7,186,1,6,1,0,62,0,0,0,0,0,0,0,0,0,0,0,0,0,0,0,0,0,0,0,0,,,,0,,,,,,,,,
712,Internal,980,2584,34179,42,24.7,22.3,0,70,147,15,8,50,0,0,0,0,0,0,0,0,0,0,0,0,1737,0,0,0,0,0,0,0,,,,0,,,,,,,,,
713,Internal,1606,4188,34179,42,24.7,22.3,6,16,34,22,7,39,0,0,0,0,0,0,0,0,0,0,0,0,0,0,0,0,0,0,0,0,,,,0,,,,,,,,,
714,Internal,695,1784,34179,42,24.7,22.3,4,61,431,36,75,44,0,0,0,0,0,0,0,0,0,0,0,0,688,0,0,0,0,0,0,0,,,,0,,,,,,,,,
715,Internal,128,349,34179,42,24.7,22.3,14,4,0,0,0,62,0,0,0,0,0,0,0,0,0,0,0,0,0,0,0,0,0,0,0,0,,,,0,,,,,,,,,
716,Internal,964,2571,91168,50,20.3,14.5,12,18,11,0,3,40,0,0,0,0,0,0,0,0,0,0,0,0,0,0,0,0,0,0,0,0,,,,0,,,,,,,,,
717,Internal,446,1205,68068,50,26.1,11.0,17,21,5,0,0,45,0,0,0,0,0,0,0,0,0,0,0,0,0,0,0,0,0,0,0,0,,,,0,,,,,,,,,
718,Internal,127,306,68068,50,26.1,11.0,240,82,175,0,19,26,0,0,0,0,0,0,0,0,0,0,0,0,0,0,0,0,0,0,0,0,,,,0,,,,,,,,,
719,Internal,165,446,68068,50,26.1,11.0,41,4,79,0,138,58,0,0,0,0,0,0,0,0,0,0,0,0,659,0,0,0,0,0,0,0,,,,0,,,,,,,,,
720,Internal,1200,3293,68068,50,26.1,11.0,48,38,43,2,2,39,0,0,0,0,0,0,0,0,0,0,0,0,0,0,0,0,0,0,0,0,,,,0,,,,,,,,,
721,Internal,229,587,91168,50,20.3,14.5,58,494,21,7,18,75,0,0,0,0,0,0,0,0,0,0,0,0,0,0,0,0,0,0,0,0,,,,0,,,,,,,,,
722,Internal,1070,3027,91168,50,20.3,14.5,31,56,54,4,36,20,0,0,0,0,0,0,0,0,0,0,0,0,0,0,0,0,0,0,0,0,,,,0,,,,,,,,,
723,Internal,842,2191,74861,49,24.3,11.4,461,92,178,21,14,56,0,0,0,0,0,0,0,0,0,0,0,0,682,0,0,0,0,0,0,0,,,,0,,,,,,,,,
724,Internal,881,2377,91168,50,20.3,14.5,0,33,27,4,9,45,0,0,0,0,0,0,0,0,0,0,0,0,248,0,0,0,0,0,0,0,,,,0,,,,,,,,,
725,Internal,492,973,75078,49,26.7,9.9,420,118,200,19,42,50,0,0,0,0,0,0,0,0,0,0,0,0,0,0,0,0,0,0,0,0,,,,0,,,,,,,,,
726,Internal,961,2504,91168,50,20.3,14.5,324,947,457,104,26,31,0,0,0,0,0,0,0,0,0,0,0,0,0,0,0,0,0,0,0,0,,,,0,,,,,,,,,
727,Internal,188,479,91168,50,20.3,14.5,382,202,154,35,429,23,0,0,0,0,0,0,0,0,0,0,0,0,29,0,0,0,0,0,0,0,,,,0,,,,,,,,,
728,Internal,9,43,75078,49,26.7,9.9,68,0,30,0,0,54,0,0,0,0,0,0,0,0,0,0,0,0,0,0,0,0,0,0,0,0,,,,0,,,,,,,,,
729,Internal,899,2495,78918,49,32.2,11.0,16,46,28,0,9,37,0,0,0,0,0,0,0,0,0,0,0,0,0,0,0,0,0,0,0,0,,,,0,,,,,,,,,
730,Internal,1145,3046,78918,49,32.2,11.0,6,63,44,5,10,22,0,0,0,0,0,0,0,0,0,0,0,0,0,0,0,0,0,0,0,0,,,,0,,,,,,,,,
731,Internal,1989,5006,75078,49,26.7,9.9,141,6,293,61,129,45,0,0,0,0,0,0,0,0,0,0,0,0,0,0,0,0,0,0,0,0,,,,0,,,,,,,,,
732,Internal,493,1370,75078,49,26.7,9.9,405,66,82,0,6,45,0,0,0,0,0,0,0,0,0,0,0,0,0,0,0,0,0,0,0,0,,,,0,,,,,,,,,
733,Internal,353,979,75078,49,26.7,9.9,6,142,5,0,2,51,0,0,0,0,0,0,0,0,0,0,0,0,1516,0,0,0,0,0,0,0,,,,0,,,,,,,,,
734,Internal,302,801,74861,49,24.3,11.4,53,7,3,0,5,45,0,0,0,0,0,0,0,0,0,0,0,0,0,0,0,0,0,0,0,0,,,,0,,,,,,,,,
735,Internal,714,1867,74861,49,24.3,11.4,0,55,11,3,38,34,0,0,0,0,0,0,0,0,0,0,0,0,0,0,0,0,0,0,0,0,,,,0,,,,,,,,,
736,Internal,542,1368,74861,49,24.3,11.4,4,16,6,7,4,45,0,0,0,0,0,0,0,0,0,0,0,0,0,0,0,0,0,0,0,0,,,,0,,,,,,,,,
737,Internal,219,555,75078,49,26.7,9.9,81,0,78,10,47,14,0,0,0,0,0,0,0,0,0,0,0,0,0,0,0,0,0,0,0,0,,,,0,,,,,,,,,
738,Internal,256,621,74861,49,24.3,11.4,19,143,15,33,24,45,0,0,0,0,0,0,0,0,0,0,0,0,0,0,0,0,0,0,0,0,,,,0,,,,,,,,,
739,Internal,381,1077,75078,49,26.7,9.9,0,0,4,0,0,45,0,0,0,0,0,0,0,0,0,0,0,0,0,0,0,0,0,0,0,0,,,,0,,,,,,,,,
740,Internal,44,142,75078,49,26.7,9.9,16,8,6,0,0,46,0,0,0,0,0,0,0,0,0,0,0,0,0,0,0,0,0,0,0,0,,,,0,,,,,,,,,
741,Internal,644,1756,45305,45,30.6,13.3,16,101,8,16,0,37,0,0,0,0,0,0,0,0,0,0,0,0,682,0,0,0,0,0,0,0,,,,0,,,,,,,,,
742,Internal,295,740,45305,45,30.6,13.3,16,18,24,12,3,27,0,0,0,0,0,0,0,0,0,0,0,0,0,0,0,0,0,0,0,0,,,,0,,,,,,,,,
743,Internal,125,337,45305,45,30.6,13.3,22,3,9,0,8,27,0,0,0,0,0,0,0,0,0,0,0,0,0,0,0,0,0,0,0,0,,,,0,,,,,,,,,
744,Internal,200,506,45305,45,30.6,13.3,1,11,8,0,4,27,0,0,0,0,0,0,0,0,0,0,0,0,0,0,0,0,0,0,0,0,,,,0,,,,,,,,,
745,Internal,356,902,63750,45,26.0,11.9,1,4,3,0,1,27,0,0,0,0,0,0,0,0,0,0,0,0,0,0,0,0,0,0,0,0,,,,0,,,,,,,,,
746,Internal,510,1307,59566,45,20.0,18.6,4,1,5,0,0,27,0,0,0,0,0,0,0,0,0,0,0,0,0,0,0,0,0,0,0,0,,,,0,,,,,,,,,
747,Internal,600,1586,63750,45,26.0,11.9,0,6,11,0,0,28,0,0,0,0,0,0,0,0,0,0,0,0,0,0,0,0,0,0,0,0,,,,0,,,,,,,,,
748,Internal,333,873,59566,45,20.0,18.6,2,29,5,0,0,27,0,0,0,0,0,0,0,0,0,0,0,0,0,0,0,0,0,0,0,0,,,,0,,,,,,,,,
749,Internal,205,579,63750,45,26.0,11.9,4,15,14,0,11,27,0,0,0,0,0,0,0,0,0,0,0,0,0,0,0,0,0,0,0,0,,,,0,,,,,,,,,
750,Internal,216,616,59566,45,20.0,18.6,4,3,5,0,1,27,0,0,0,0,0,0,0,0,0,0,0,0,0,0,0,0,0,0,0,0,,,,0,,,,,,,,,
751,Internal,110,302,59566,45,20.0,18.6,3,5,0,0,0,27,0,0,0,0,0,0,0,0,0,0,0,0,0,0,0,0,0,0,0,0,,,,0,,,,,,,,,
752,Internal,163,498,63750,45,26.0,11.9,0,2,0,0,0,8,0,0,0,0,0,0,0,0,0,0,0,0,0,0,0,0,0,0,0,0,,,,0,,,,,,,,,
753,Internal,217,547,63750,45,26.0,11.9,11,13,1,0,1,27,0,0,0,0,0,0,0,0,0,0,0,0,0,0,0,0,0,0,0,0,,,,0,,,,,,,,,
754,Internal,460,1045,55040,39,23.0,21.8,12,6,3,0,0,40,0,0,0,0,0,0,0,0,0,0,0,0,0,0,0,0,0,0,0,0,,,,0,,,,,,,,,
755,Internal,186,524,55442,39,21.4,9.7,3,3,0,0,0,38,0,0,0,0,0,0,0,0,0,0,0,0,0,0,0,0,0,0,0,0,,,,0,,,,,,,,,
756,Internal,230,735,55442,39,21.4,9.7,0,2,6,0,3,38,0,0,0,0,0,0,0,0,0,0,0,0,0,0,0,0,0,0,0,0,,,,0,,,,,,,,,
757,Internal,90,235,55442,39,21.4,9.7,0,1,1,0,8,38,0,0,0,0,0,0,0,0,0,0,0,0,0,0,0,0,0,0,0,0,,,,0,,,,,,,,,
758,Internal,647,1360,54922,39,10.5,24.7,0,30,1,0,3,45,0,0,0,0,0,0,0,0,0,0,0,0,0,0,0,0,0,0,0,0,,,,0,,,,,,,,,
759,Internal,483,1105,54922,39,10.5,24.7,32,2,12,9,0,32,0,0,0,0,0,0,0,0,0,0,0,0,0,0,0,0,0,0,0,0,,,,0,,,,,,,,,
760,Internal,30,78,55040,39,23.0,21.8,0,6,0,0,0,38,0,0,0,0,0,0,0,0,0,0,0,0,0,0,0,0,0,0,0,0,,,,0,,,,,,,,,
761,Internal,288,750,60250,47,23.9,11.9,2,0,0,0,0,30,0,0,0,0,0,0,0,0,0,0,0,0,0,0,0,0,0,0,0,0,,,,0,,,,,,,,,
762,Internal,112,289,60250,47,23.9,11.9,1,0,21,1,91,13,0,0,0,0,0,0,0,0,0,0,0,0,0,0,0,0,0,0,0,0,,,,0,,,,,,,,,
763,Internal,308,873,60250,47,23.9,11.9,1,13,0,0,0,30,0,0,0,0,0,0,0,0,0,0,0,0,34,0,0,0,0,0,0,0,,,,0,,,,,,,,,
764,Internal,209,452,45625,47,20.4,14.4,18,4,5,0,14,18,0,0,0,0,0,0,0,0,0,0,0,0,0,0,0,0,0,0,0,0,,,,0,,,,,,,,,
765,Internal,178,406,45625,47,20.4,14.4,20,176,8,9,3,44,0,0,0,0,0,0,0,0,0,0,0,0,1309,0,0,0,0,0,0,0,,,,0,,,,,,,,,
766,Internal,229,702,45625,47,20.4,14.4,91,74,5,0,3,46,0,0,0,0,0,0,0,0,0,0,0,0,1053,0,0,0,0,0,0,0,,,,0,,,,,,,,,
767,Internal,209,520,45625,47,20.4,14.4,0,4,1,0,0,30,0,0,0,0,0,0,0,0,0,0,0,0,0,0,0,0,0,0,0,0,,,,0,,,,,,,,,
768,Internal,162,449,45625,47,20.4,14.4,3,93,1,5,5,51,0,0,0,0,0,0,0,0,0,0,0,0,913,0,0,0,0,0,0,0,,,,0,,,,,,,,,
769,Internal,90,211,45625,47,20.4,14.4,0,3,2,0,2,30,0,0,0,0,0,0,0,0,0,0,0,0,0,0,0,0,0,0,0,0,,,,0,,,,,,,,,
770,Internal,339,860,55926,47,17.0,16.2,0,12,4,0,0,15,0,0,0,0,0,0,0,0,0,0,0,0,0,0,0,0,0,0,0,0,,,,0,,,,,,,,,
771,Internal,583,1542,55926,47,17.0,16.2,45,29,5,0,7,22,0,0,0,0,0,0,0,0,0,0,0,0,0,0,0,0,0,0,0,0,,,,0,,,,,,,,,
772,Internal,81,219,41332,47,21.9,14.8,0,4,0,0,0,15,0,0,0,0,0,0,0,0,0,0,0,0,0,0,0,0,0,0,0,0,,,,0,,,,,,,,,
773,Internal,299,745,55926,47,17.0,16.2,4,2,4,0,2,15,0,0,0,0,0,0,0,0,0,0,0,0,0,0,0,0,0,0,0,0,,,,0,,,,,,,,,
774,Internal,180,554,41332,47,21.9,14.8,0,0,3,0,0,15,0,0,0,0,0,0,0,0,0,0,0,0,0,0,0,0,0,0,0,0,,,,0,,,,,,,,,
775,Internal,378,960,41332,47,21.9,14.8,2,4,8,0,0,15,0,0,0,0,0,0,0,0,0,0,0,0,0,0,0,0,0,0,0,0,,,,0,,,,,,,,,
776,Internal,259,596,41332,47,21.9,14.8,0,7,2,0,0,15,0,0,0,0,0,0,0,0,0,0,0,0,0,0,0,0,0,0,0,0,,,,0,,,,,,,,,
777,Internal,133,368,41332,47,21.9,14.8,0,8,18,0,0,15,0,0,0,0,0,0,0,0,0,0,0,0,0,0,0,0,0,0,0,0,,,,0,,,,,,,,,
778,Internal,192,453,43094,35,13.9,31.5,21,17,9,1,9,15,0,0,0,0,0,0,0,0,0,0,0,0,0,0,0,0,0,0,0,0,,,,0,,,,,,,,,
779,Internal,654,1746,70441,50,26.6,11.9,2,6,4,0,0,48,0,0,0,0,0,0,0,0,0,0,0,0,0,0,0,0,0,0,0,0,,,,0,,,,,,,,,
780,Internal,380,1057,67768,49,21.7,10.7,48,83,0,0,3,36,0,0,0,0,0,0,0,0,0,0,0,0,530,0,0,0,0,0,0,0,,,,0,,,,,,,,,
781,Internal,112,252,67768,49,21.7,10.7,0,0,0,0,0,34,0,0,0,0,0,0,0,0,0,0,0,0,0,0,0,0,0,0,0,0,,,,0,,,,,,,,,
782,Internal,294,753,67768,49,21.7,10.7,14,24,0,0,0,34,0,0,0,0,0,0,0,0,0,0,0,0,0,0,0,0,0,0,0,0,,,,0,,,,,,,,,
783,Internal,278,673,70441,50,26.6,11.9,16,90,5,4,0,50,0,0,0,0,0,0,0,0,0,0,0,0,449,0,0,0,0,0,0,0,,,,0,,,,,,,,,
784,Internal,776,2019,67768,49,21.7,10.7,56,20,4,0,10,48,0,0,0,0,0,0,0,0,0,0,0,0,0,0,0,0,0,0,0,0,,,,0,,,,,,,,,
785,Internal,4,8,67768,49,21.7,10.7,0,0,40,0,3,56,0,0,0,0,0,0,0,0,0,0,0,0,370,0,0,0,0,0,0,0,,,,0,,,,,,,,,
786,Internal,43,93,67768,49,21.7,10.7,3,3,2,0,0,34,0,0,0,0,0,0,0,0,0,0,0,0,0,0,0,0,0,0,0,0,,,,0,,,,,,,,,
787,Internal,220,610,72969,49,17.3,13.4,58,20,2,0,7,21,0,0,0,0,0,0,0,0,0,0,0,0,0,0,0,0,0,0,0,0,,,,0,,,,,,,,,
788,Internal,187,558,72969,49,17.3,13.4,0,1,5,0,0,34,0,0,0,0,0,0,0,0,0,0,0,0,0,0,0,0,0,0,0,0,,,,0,,,,,,,,,
789,Internal,221,551,72969,49,17.3,13.4,1,22,0,0,0,34,0,0,0,0,0,0,0,0,0,0,0,0,0,0,0,0,0,0,0,0,,,,0,,,,,,,,,
790,Internal,94,201,72969,49,17.3,13.4,0,27,0,0,0,34,0,0,0,0,0,0,0,0,0,0,0,0,0,0,0,0,0,0,0,0,,,,0,,,,,,,,,
791,Internal,54,195,72969,49,17.3,13.4,7,12,0,0,0,34,0,0,0,0,0,0,0,0,0,0,0,0,0,0,0,0,0,0,0,0,,,,0,,,,,,,,,
792,Internal,245,579,76009,54,22.3,17.0,52,159,818,46,114,17,0,0,0,0,0,0,0,0,0,0,0,0,0,0,0,0,0,0,0,0,,,,0,,,,,,,,,
793,Internal,267,760,76009,54,22.3,17.0,48,56,114,85,129,16,0,0,0,0,0,0,0,0,0,0,0,0,1348,0,0,0,0,0,0,0,,,,0,,,,,,,,,
794,Internal,44,104,72969,49,17.3,13.4,0,0,0,0,0,34,0,0,0,0,0,0,0,0,0,0,0,0,0,0,0,0,0,0,0,0,,,,0,,,,,,,,,
795,Internal,31,108,72969,49,17.3,13.4,0,1,4,0,0,34,0,0,0,0,0,0,0,0,0,0,0,0,0,0,0,0,0,0,0,0,,,,0,,,,,,,,,
796,Internal,112,253,76009,54,22.3,17.0,0,0,1,1,0,51,0,0,0,0,0,0,0,0,0,0,0,0,0,0,0,0,0,0,0,0,,,,0,,,,,,,,,
797,Internal,119,257,76009,54,22.3,17.0,0,2,29,0,5,51,0,0,0,0,0,0,0,0,0,0,0,0,0,0,0,0,0,0,0,0,,,,0,,,,,,,,,
798,Internal,161,381,65865,54,28.4,8.5,19,2,22,0,0,9,0,0,0,0,0,0,0,0,0,0,0,0,0,0,0,0,0,0,0,0,,,,0,,,,,,,,,
799,Internal,1558,3944,65865,54,28.4,8.5,1029,160,405,106,301,70,0,0,0,0,0,0,0,0,0,0,0,0,1576,0,0,0,0,0,0,0,,,,0,,,,,,,,,
800,Internal,383,1072,65865,54,28.4,8.5,74,110,169,35,39,33,0,0,0,0,0,0,0,0,0,0,0,0,0,0,0,0,0,0,0,0,,,,0,,,,,,,,,
801,Internal,1293,3265,65865,54,28.4,8.5,85,12,0,6,1,51,0,0,0,0,0,0,0,0,0,0,0,0,0,0,0,0,0,0,0,0,,,,0,,,,,,,,,
802,Internal,334,852,65472,54,8.1,21.4,61,121,141,26,42,12,0,0,0,0,0,0,0,0,0,0,0,0,763,0,0,0,0,0,0,0,,,,0,,,,,,,,,
803,Internal,228,558,65472,54,8.1,21.4,0,19,17,0,1,55,0,0,0,0,0,0,0,0,0,0,0,0,0,0,0,0,0,0,0,0,,,,0,,,,,,,,,
804,Internal,334,871,70441,50,26.6,11.9,2,40,0,2,0,62,0,0,0,0,0,0,0,0,0,0,0,0,0,0,0,0,0,0,0,0,,,,0,,,,,,,,,
805,Internal,461,1270,90230,50,20.3,13.1,6,17,7,0,0,50,0,0,0,0,0,0,0,0,0,0,0,0,0,0,0,0,0,0,0,0,,,,0,,,,,,,,,
806,Internal,382,975,70441,50,26.6,11.9,8,10,0,0,6,50,0,0,0,0,0,0,0,0,0,0,0,0,0,0,0,0,0,0,0,0,,,,0,,,,,,,,,
807,Internal,408,1099,90230,50,20.3,13.1,7,10,1,0,0,50,0,0,0,0,0,0,0,0,0,0,0,0,0,0,0,0,0,0,0,0,,,,0,,,,,,,,,
808,Internal,695,1792,90230,50,20.3,13.1,23,46,7,0,5,59,0,0,0,0,0,0,0,0,0,0,0,0,0,0,0,0,0,0,0,0,,,,0,,,,,,,,,
809,Internal,413,1177,90230,50,20.3,13.1,16,13,4,0,2,50,0,0,0,0,0,0,0,0,0,0,0,0,0,0,0,0,0,0,0,0,,,,0,,,,,,,,,
810,Internal,183,474,65865,54,28.4,8.5,2,1,2,0,0,51,0,0,0,0,0,0,0,0,0,0,0,0,0,0,0,0,0,0,0,0,,,,0,,,,,,,,,
811,Internal,163,467,72031,46,14.5,25.2,21,3,5,0,0,24,0,0,0,0,0,0,0,0,0,0,0,0,0,0,0,0,0,0,0,0,,,,0,,,,,,,,,
812,Internal,151,325,72031,46,14.5,25.2,0,5,8,0,0,24,0,0,0,0,0,0,0,0,0,0,0,0,0,0,0,0,0,0,0,0,,,,0,,,,,,,,,
813,Internal,123,273,72031,46,14.5,25.2,2,11,0,0,2,24,0,0,0,0,0,0,0,0,0,0,0,0,0,0,0,0,0,0,0,0,,,,0,,,,,,,,,
814,Internal,0,0,55628,45,23.0,14.0,0,45,300,0,0,0,0,0,0,0,0,0,0,0,0,0,0,0,0,0,0,0,0,0,0,0,,,,0,,,,,,,,,
815,Internal,535,1360,58100,46,23.7,12.4,23,34,4,4,3,24,0,0,0,0,0,0,0,0,0,0,0,0,0,0,0,0,0,0,0,0,,,,0,,,,,,,,,
816,Internal,97,256,103194,46,21.2,7.4,0,9,13,5,1,37,0,0,0,0,0,0,0,0,0,0,0,0,0,0,0,0,0,0,0,0,,,,0,,,,,,,,,
817,Internal,85,225,103194,46,21.2,7.4,21,9,0,0,0,24,0,0,0,0,0,0,0,0,0,0,0,0,0,0,0,0,0,0,0,0,,,,0,,,,,,,,,
818,Internal,409,1037,58100,46,23.7,12.4,3,24,51,0,2,24,0,0,0,0,0,0,0,0,0,0,0,0,0,0,0,0,0,0,0,0,,,,0,,,,,,,,,
819,Internal,426,1196,58100,46,23.7,12.4,0,81,1,0,0,38,0,0,0,0,0,0,0,0,0,0,0,0,818,0,0,0,0,0,0,0,,,,0,,,,,,,,,
820,Internal,278,721,103194,46,21.2,7.4,453,70,48,38,29,11,0,0,0,0,0,0,0,0,0,0,0,0,0,0,0,0,0,0,0,0,,,,0,,,,,,,,,
821,Internal,331,786,54821,37,19.6,24.0,5,5,1741,1,0,15,0,0,0,0,0,0,0,0,0,0,0,0,0,0,0,0,0,0,0,0,,,,0,,,,,,,,,
822,Internal,969,2541,33309,37,30.8,6.6,419,29,485,21,265,40,0,0,0,0,0,0,0,0,0,0,0,0,0,0,0,0,0,0,0,0,,,,0,,,,,,,,,
823,Internal,32,79,54821,37,19.6,24.0,0,85,60,0,12,53,0,0,0,0,0,0,0,0,0,0,0,0,1155,0,0,0,0,0,0,0,,,,0,,,,,,,,,
824,Internal,728,1993,43281,35,30.4,16.8,197,24,220,70,72,73,0,0,0,0,0,0,0,0,0,0,0,0,0,0,0,0,0,0,0,0,,,,0,,,,,,,,,
825,Internal,36,131,75938,35,29.1,38.4,76,211,3017,0,66,57,0,0,0,0,0,0,0,0,0,0,0,0,0,0,0,0,0,0,0,0,,,,0,,,,,,,,,
826,Internal,574,1297,43281,35,30.4,16.8,210,144,127,54,82,38,0,0,0,0,0,0,0,0,0,0,0,0,0,0,0,0,0,0,0,0,,,,0,,,,,,,,,
827,Internal,296,727,43281,35,30.4,16.8,2,16,2,0,0,31,0,0,0,0,0,0,0,0,0,0,0,0,0,0,0,0,0,0,0,0,,,,0,,,,,,,,,
828,Internal,206,597,45491,41,22.4,11.8,0,7,6,0,0,42,0,0,0,0,0,0,0,0,0,0,0,0,0,0,0,0,0,0,0,0,,,,0,,,,,,,,,
829,Internal,231,602,40712,37,15.4,17.1,19,6,13,0,0,34,0,0,0,0,0,0,0,0,0,0,0,0,0,0,0,0,0,0,0,0,,,,0,,,,,,,,,
830,Internal,167,411,26875,37,29.4,26.9,37,1,30,29,11,9,0,0,0,0,0,0,0,0,0,0,0,0,0,0,0,0,0,0,0,0,,,,0,,,,,,,,,
831,Internal,755,1895,56289,47,28.9,13.8,11,0,17,0,17,17,0,0,0,0,0,0,0,0,0,0,0,0,28,0,0,0,0,0,0,0,,,,0,,,,,,,,,
832,Internal,850,2389,52134,46,25.0,8.6,361,106,178,4,2,46,0,0,0,0,0,0,0,0,0,0,0,0,0,0,0,0,0,0,0,0,,,,0,,,,,,,,,
833,Internal,1171,2799,52134,46,25.0,8.6,55,440,337,124,135,16,0,0,0,0,0,0,0,0,0,0,0,0,0,0,0,0,0,0,0,0,,,,0,,,,,,,,,
834,Internal,468,1318,52134,46,25.0,8.6,674,2453,431,19,81,78,0,0,0,0,0,0,0,0,0,0,0,0,0,0,0,0,0,0,0,0,,,,0,,,,,,,,,
835,Internal,931,2610,81590,44,27.2,9.7,46,11,405,45,0,25,0,0,0,0,0,0,0,0,0,0,0,0,0,0,0,0,0,0,0,0,,,,0,,,,,,,,,
836,Internal,602,1623,69315,49,13.8,13.7,4,38,177,18,6,71,0,0,0,0,0,0,0,0,0,0,0,0,0,0,0,0,0,0,0,0,,,,0,,,,,,,,,
837,Internal,617,1511,83571,49,27.5,10.5,4,83,37,22,12,13,0,0,0,0,0,0,0,0,0,0,0,0,0,0,0,0,0,0,0,0,,,,0,,,,,,,,,
838,Internal,208,554,85027,44,31.8,10.1,78,86,265,66,355,14,0,0,0,0,0,0,0,0,0,0,0,0,0,0,0,0,0,0,0,0,,,,0,,,,,,,,,
839,Internal,91,257,53665,40,21.5,11.2,4,0,0,5,6,20,0,0,0,0,0,0,0,0,0,0,0,0,0,0,0,0,0,0,0,0,,,,0,,,,,,,,,
840,Internal,98,280,53665,40,21.5,11.2,21,3,0,0,0,20,0,0,0,0,0,0,0,0,0,0,0,0,0,0,0,0,0,0,0,0,,,,0,,,,,,,,,
841,Internal,289,808,38674,40,23.4,27.0,51,66,1,0,0,42,0,0,0,0,0,0,0,0,0,0,0,0,0,0,0,0,0,0,0,0,,,,0,,,,,,,,,
842,Internal,150,388,31042,40,23.9,15.6,11,1,13,0,0,11,0,0,0,0,0,0,0,0,0,0,0,0,0,0,0,0,0,0,0,0,,,,0,,,,,,,,,
843,Internal,316,881,49957,37,24.0,12.8,7,2,0,0,5,32,0,0,0,0,0,0,0,0,0,0,0,0,0,0,0,0,0,0,0,0,,,,0,,,,,,,,,
844,Internal,399,982,49957,37,24.0,12.8,6,8,5,0,0,42,0,0,0,0,0,0,0,0,0,0,0,0,0,0,0,0,0,0,0,0,,,,0,,,,,,,,,
845,Internal,322,888,46336,37,25.4,12.9,42,1,11,0,42,11,0,0,0,0,0,0,0,0,0,0,0,0,0,0,0,0,0,0,0,0,,,,0,,,,,,,,,
846,Internal,620,1592,28977,37,25.3,23.9,282,363,155,59,238,23,0,0,0,0,0,0,0,0,0,0,0,0,2615,0,0,0,0,0,0,0,,,,0,,,,,,,,,
847,Internal,530,1487,46336,37,25.4,12.9,32,40,9,0,1,21,0,0,0,0,0,0,0,0,0,0,0,0,0,0,0,0,0,0,0,0,,,,0,,,,,,,,,
848,Internal,335,882,46113,36,31.4,20.0,3,6,5,0,0,25,0,0,0,0,0,0,0,0,0,0,0,0,0,0,0,0,0,0,0,0,,,,0,,,,,,,,,
849,Internal,294,784,34403,37,8.3,38.0,3,2,5,2,2,12,0,0,0,0,0,0,0,0,0,0,0,0,0,0,0,0,0,0,0,0,,,,0,,,,,,,,,
850,Internal,232,639,49957,37,24.0,12.8,0,2,24,0,0,21,0,0,0,0,0,0,0,0,0,0,0,0,0,0,0,0,0,0,0,0,,,,0,,,,,,,,,
851,Internal,311,800,38674,40,23.4,27.0,5,5,10,0,4,20,0,0,0,0,0,0,0,0,0,0,0,0,0,0,0,0,0,0,0,0,,,,0,,,,,,,,,
852,Internal,318,814,53665,40,21.5,11.2,46,4,7,0,4,30,0,0,0,0,0,0,0,0,0,0,0,0,0,0,0,0,0,0,0,0,,,,0,,,,,,,,,
853,Internal,475,1253,50775,40,29.5,10.7,35,0,19,0,0,21,0,0,0,0,0,0,0,0,0,0,0,0,0,0,0,0,0,0,0,0,,,,0,,,,,,,,,
854,Internal,152,326,50775,40,29.5,10.7,12,0,3,0,0,18,0,0,0,0,0,0,0,0,0,0,0,0,0,0,0,0,0,0,0,0,,,,0,,,,,,,,,
855,Internal,317,797,41570,40,19.4,6.4,6,94,16,0,11,11,0,0,0,0,0,0,0,0,0,0,0,0,916,0,0,0,0,0,0,0,,,,0,,,,,,,,,
856,Internal,749,1954,31042,40,23.9,15.6,49,6,27,0,12,5,0,0,0,0,0,0,0,0,0,0,0,0,0,0,0,0,0,0,0,0,,,,0,,,,,,,,,
857,Internal,241,592,26875,37,29.4,26.9,148,19,5,0,10,17,0,0,0,0,0,0,0,0,0,0,0,0,0,0,0,0,0,0,0,0,,,,0,,,,,,,,,
858,Internal,126,341,31290,39,15.9,16.1,5,0,21,0,17,32,0,0,0,0,0,0,0,0,0,0,0,0,0,0,0,0,0,0,0,0,,,,0,,,,,,,,,
859,Internal,324,815,36500,39,23.8,22.2,3,165,13,30,1,33,0,0,0,0,0,0,0,0,0,0,0,0,833,0,0,0,0,0,0,0,,,,0,,,,,,,,,
860,Internal,29,58,47778,39,20.1,12.8,363,2,450,0,0,68,0,0,0,0,0,0,0,0,0,0,0,0,0,0,0,0,0,0,0,0,,,,0,,,,,,,,,
861,Internal,99,268,31290,39,15.9,16.1,5,92,111,0,11,40,0,0,0,0,0,0,0,0,0,0,0,0,0,0,0,0,0,0,0,0,,,,0,,,,,,,,,
862,Internal,111,282,47778,39,20.1,12.8,0,1,0,0,0,32,0,0,0,0,0,0,0,0,0,0,0,0,0,0,0,0,0,0,0,0,,,,0,,,,,,,,,
863,Internal,53,127,47778,39,20.1,12.8,0,2,2,0,2,32,0,0,0,0,0,0,0,0,0,0,0,0,0,0,0,0,0,0,0,0,,,,0,,,,,,,,,
864,Internal,32,101,31290,39,15.9,16.1,0,200,4,0,0,19,0,0,0,0,0,0,0,0,0,0,0,0,0,0,0,0,0,0,0,0,,,,0,,,,,,,,,
865,Internal,159,411,31290,39,15.9,16.1,8,10,8,0,0,32,0,0,0,0,0,0,0,0,0,0,0,0,0,0,0,0,0,0,0,0,,,,0,,,,,,,,,
866,Internal,523,1380,45401,42,20.1,15.2,7,1,23,0,13,33,0,0,0,0,0,0,0,0,0,0,0,0,0,0,0,0,0,0,0,0,,,,0,,,,,,,,,
867,Internal,307,826,54911,42,20.4,22.4,10,52,7,0,0,28,0,0,0,0,0,0,0,0,0,0,0,0,0,0,0,0,0,0,0,0,,,,0,,,,,,,,,
868,Internal,183,518,47727,42,21.7,11.3,7,4,0,7,2,46,0,0,0,0,0,0,0,0,0,0,0,0,0,0,0,0,0,0,0,0,,,,0,,,,,,,,,
869,Internal,643,1700,54911,42,20.4,22.4,68,151,441,32,165,12,0,0,0,0,0,0,0,0,0,0,0,0,0,0,0,0,0,0,0,0,,,,0,,,,,,,,,
870,Internal,248,623,45491,41,22.4,11.8,3,2,82,0,0,7,0,0,0,0,0,0,0,0,0,0,0,0,0,0,0,0,0,0,0,0,,,,0,,,,,,,,,
871,Internal,428,1052,36500,39,23.8,22.2,2,3,26,3,128,12,0,0,0,0,0,0,0,0,0,0,0,0,0,0,0,0,0,0,0,0,,,,0,,,,,,,,,
872,Internal,58,134,31290,39,15.9,16.1,0,0,0,0,0,32,0,0,0,0,0,0,0,0,0,0,0,0,0,0,0,0,0,0,0,0,,,,0,,,,,,,,,
873,Internal,55,131,47778,39,20.1,12.8,136,157,160,0,0,18,0,0,0,0,0,0,0,0,0,0,0,0,0,0,0,0,0,0,0,0,,,,0,,,,,,,,,
874,Internal,472,1133,44148,36,29.2,14.3,65,13,65,30,156,26,0,0,0,0,0,0,0,0,0,0,0,0,0,0,0,0,0,0,0,0,,,,0,,,,,,,,,
875,Internal,160,382,44148,36,29.2,14.3,5,0,31,3,269,33,0,0,0,0,0,0,0,0,0,0,0,0,0,0,0,0,0,0,0,0,,,,0,,,,,,,,,
876,Internal,624,1693,41780,40,27.3,14.3,89,2,27,2,26,12,0,0,0,0,0,0,0,0,0,0,0,0,0,0,0,0,0,0,0,0,,,,0,,,,,,,,,
877,Internal,260,701,50775,40,29.5,10.7,69,53,38,26,78,18,0,0,0,0,0,0,0,0,0,0,0,0,0,0,0,0,0,0,0,0,,,,0,,,,,,,,,
878,Internal,148,354,40712,37,15.4,17.1,242,11,48,1,29,25,0,0,0,0,0,0,0,0,0,0,0,0,0,0,0,0,0,0,0,0,,,,0,,,,,,,,,
879,Internal,480,1297,46113,36,31.4,20.0,42,1,12,0,4,4,0,0,0,0,0,0,0,0,0,0,0,0,0,0,0,0,0,0,0,0,,,,0,,,,,,,,,
880,Internal,595,1571,45446,47,28.9,15.2,16,6,9,0,0,20,0,0,0,0,0,0,0,0,0,0,0,0,0,0,0,0,0,0,0,0,,,,0,,,,,,,,,
881,Internal,673,1813,56289,47,28.9,13.8,90,10,236,17,23,25,0,0,0,0,0,0,0,0,0,0,0,0,560,0,0,0,0,0,0,0,,,,0,,,,,,,,,
882,Internal,1286,3410,63906,32,16.4,14.6,86,100,582,27,414,23,0,0,0,0,0,0,0,0,0,0,0,0,0,0,0,0,0,0,0,0,,,,0,,,,,,,,,
883,Internal,415,1072,33500,32,20.5,3.2,106,1,8,2,4,19,0,0,0,0,0,0,0,0,0,0,0,0,0,0,0,0,0,0,0,0,,,,0,,,,,,,,,
884,Internal,387,1069,49375,47,16.8,14.9,8,35,7,2,2,16,0,0,0,0,0,0,0,0,0,0,0,0,0,0,0,0,0,0,0,0,,,,0,,,,,,,,,
885,Internal,323,804,44148,36,29.2,14.3,0,3,20,0,9,36,0,0,0,0,0,0,0,0,0,0,0,0,0,0,0,0,0,0,0,0,,,,0,,,,,,,,,
886,Internal,285,751,16492,36,34.5,13.2,37,4,94,12,7,45,0,0,0,0,0,0,0,0,0,0,0,0,790,0,0,0,0,0,0,0,,,,0,,,,,,,,,
887,Internal,5,17,44148,36,29.2,14.3,8,0,56,0,130,17,0,0,0,0,0,0,0,0,0,0,0,0,0,0,0,0,0,0,0,0,,,,0,,,,,,,,,
888,Internal,253,692,40144,36,27.1,15.9,451,11,84,0,3,33,0,0,0,0,0,0,0,0,0,0,0,0,1125,0,0,0,0,0,0,0,,,,0,,,,,,,,,
889,Internal,126,385,40144,36,27.1,15.9,0,0,0,0,18,25,0,0,0,0,0,0,0,0,0,0,0,0,0,0,0,0,0,0,0,0,,,,0,,,,,,,,,
890,Internal,223,545,40144,36,27.1,15.9,18,77,71,0,6,5,0,0,0,0,0,0,0,0,0,0,0,0,1461,0,0,0,0,0,0,0,,,,0,,,,,,,,,
891,Internal,310,832,59265,36,16.2,23.1,7,8,9,0,4,25,0,0,0,0,0,0,0,0,0,0,0,0,0,0,0,0,0,0,0,0,,,,0,,,,,,,,,
892,Internal,84,194,59265,36,16.2,23.1,0,3,3,0,0,25,0,0,0,0,0,0,0,0,0,0,0,0,0,0,0,0,0,0,0,0,,,,0,,,,,,,,,
893,Internal,187,478,59265,36,16.2,23.1,5,6,3,0,0,25,0,0,0,0,0,0,0,0,0,0,0,0,0,0,0,0,0,0,0,0,,,,0,,,,,,,,,
894,Internal,337,895,51429,43,34.1,12.3,2,7,8,0,9,28,0,0,0,0,0,0,0,0,0,0,0,0,0,0,0,0,0,0,0,0,,,,0,,,,,,,,,
895,Internal,498,1308,53134,43,30.6,10.0,175,2,22,0,6,26,0,0,0,0,0,0,0,0,0,0,0,0,0,0,0,0,0,0,0,0,,,,0,,,,,,,,,
896,Internal,84,262,53134,43,30.6,10.0,0,3,1,0,0,26,0,0,0,0,0,0,0,0,0,0,0,0,0,0,0,0,0,0,0,0,,,,0,,,,,,,,,
897,Internal,16,57,53134,43,30.6,10.0,71,1,0,0,0,28,0,0,0,0,0,0,0,0,0,0,0,0,0,0,0,0,0,0,0,0,,,,0,,,,,,,,,
898,Internal,353,895,36875,39,32.6,15.3,35,28,5,0,2,27,0,0,0,0,0,0,0,0,0,0,0,0,0,0,0,0,0,0,0,0,,,,0,,,,,,,,,
899,Internal,251,659,36875,39,32.6,15.3,32,5,2,0,4,33,0,0,0,0,0,0,0,0,0,0,0,0,0,0,0,0,0,0,0,0,,,,0,,,,,,,,,
900,Internal,54,151,53134,43,30.6,10.0,18,1,0,0,0,28,0,0,0,0,0,0,0,0,0,0,0,0,0,0,0,0,0,0,0,0,,,,0,,,,,,,,,
901,Internal,2164,6480,92375,48,24.8,13.5,20,45,103,0,166,40,0,0,0,0,0,0,0,0,0,0,0,0,0,0,0,0,0,0,0,0,,,,0,,,,,,,,,
902,Internal,1423,4150,92375,48,24.8,13.5,56,15,270,0,11,41,0,0,0,0,0,0,0,0,0,0,0,0,0,0,0,0,0,0,0,0,,,,0,,,,,,,,,
903,Internal,2573,7159,92375,48,24.8,13.5,29,73,40,21,7,39,0,0,0,0,0,0,0,0,0,0,0,0,641,0,0,0,0,0,0,0,,,,0,,,,,,,,,
904,Internal,896,2446,92375,48,24.8,13.5,2,7,88,0,2,26,0,0,0,0,0,0,0,0,0,0,0,0,920,0,0,0,0,0,0,0,,,,0,,,,,,,,,
905,Internal,730,2166,92375,48,24.8,13.5,43,67,110,42,90,25,0,0,0,0,0,0,0,0,0,0,0,0,0,0,0,0,0,0,0,0,,,,0,,,,,,,,,
906,Internal,115,338,36875,39,32.6,15.3,17,0,1,0,0,30,0,0,0,0,0,0,0,0,0,0,0,0,0,0,0,0,0,0,0,0,,,,0,,,,,,,,,
907,Internal,404,1203,70134,48,33.7,9.1,22,38,23,0,0,10,0,0,0,0,0,0,0,0,0,0,0,0,0,0,0,0,0,0,0,0,,,,0,,,,,,,,,
908,Internal,239,731,70134,48,33.7,9.1,11,18,0,0,5,21,0,0,0,0,0,0,0,0,0,0,0,0,0,0,0,0,0,0,0,0,,,,0,,,,,,,,,
909,Internal,449,1239,70134,48,33.7,9.1,42,14,1,0,0,69,0,0,0,0,0,0,0,0,0,0,0,0,0,0,0,0,0,0,0,0,,,,0,,,,,,,,,
910,Internal,2093,6237,70134,48,33.7,9.1,308,3,228,50,6,20,0,0,0,0,0,0,0,0,0,0,0,0,3269,0,0,0,0,0,0,0,,,,0,,,,,,,,,
911,Internal,342,802,70134,48,33.7,9.1,35,10,34,2,69,30,0,0,0,0,0,0,0,0,0,0,0,0,0,0,0,0,0,0,0,0,,,,0,,,,,,,,,
912,Internal,605,1594,65222,39,32.5,8.3,25,7,7,0,0,36,0,0,0,0,0,0,0,0,0,0,0,0,1167,0,0,0,0,0,0,0,,,,0,,,,,,,,,
913,Internal,195,504,65222,39,32.5,8.3,5,86,2,0,0,36,0,0,0,0,0,0,0,0,0,0,0,0,883,0,0,0,0,0,0,0,,,,0,,,,,,,,,
914,Internal,242,631,65222,39,32.5,8.3,50,30,4,0,0,37,0,0,0,0,0,0,0,0,0,0,0,0,0,0,0,0,0,0,0,0,,,,0,,,,,,,,,
915,Internal,197,607,65222,39,32.5,8.3,0,3,23,0,0,36,0,0,0,0,0,0,0,0,0,0,0,0,0,0,0,0,0,0,0,0,,,,0,,,,,,,,,
916,Internal,226,706,65222,39,32.5,8.3,33,110,95,5,1,41,0,0,0,0,0,0,0,0,0,0,0,0,2932,0,0,0,0,0,0,0,,,,0,,,,,,,,,
917,Internal,2303,6228,64800,48,36.4,2.5,7,47,157,0,2,35,0,0,0,0,0,0,0,0,0,0,0,0,1593,0,0,0,0,0,0,0,,,,0,,,,,,,,,
918,Internal,295,884,64800,48,36.4,2.5,21,68,93,0,0,46,0,0,0,0,0,0,0,0,0,0,0,0,1766,0,0,0,0,0,0,0,,,,0,,,,,,,,,
919,Internal,242,686,65222,39,32.5,8.3,35,54,1,0,0,40,0,0,0,0,0,0,0,0,0,0,0,0,0,0,0,0,0,0,0,0,,,,0,,,,,,,,,
920,Internal,314,815,60156,43,14.6,17.2,0,34,5,0,0,28,0,0,0,0,0,0,0,0,0,0,0,0,0,0,0,0,0,0,0,0,,,,0,,,,,,,,,
921,Internal,72,214,60156,43,14.6,17.2,8,17,0,0,0,28,0,0,0,0,0,0,0,0,0,0,0,0,0,0,0,0,0,0,0,0,,,,0,,,,,,,,,
922,Internal,89,286,60156,43,14.6,17.2,0,3,0,0,0,28,0,0,0,0,0,0,0,0,0,0,0,0,0,0,0,0,0,0,0,0,,,,0,,,,,,,,,
923,Internal,640,1752,50446,39,24.5,21.2,15,19,3,0,0,40,0,0,0,0,0,0,0,0,0,0,0,0,0,0,0,0,0,0,0,0,,,,0,,,,,,,,,
924,Internal,247,663,50446,39,24.5,21.2,0,15,0,0,0,42,0,0,0,0,0,0,0,0,0,0,0,0,0,0,0,0,0,0,0,0,,,,0,,,,,,,,,
925,Internal,259,658,60156,43,14.6,17.2,16,9,1,0,5,28,0,0,0,0,0,0,0,0,0,0,0,0,0,0,0,0,0,0,0,0,,,,0,,,,,,,,,
926,Internal,369,976,50558,43,26.5,13.6,36,5,2,2,0,45,0,0,0,0,0,0,0,0,0,0,0,0,0,0,0,0,0,0,0,0,,,,0,,,,,,,,,
927,Internal,219,657,50558,43,26.5,13.6,0,3,3,0,4,28,0,0,0,0,0,0,0,0,0,0,0,0,0,0,0,0,0,0,0,0,,,,0,,,,,,,,,
928,Internal,159,397,39722,38,19.6,19.9,4,8,4,0,0,24,0,0,0,0,0,0,0,0,0,0,0,0,0,0,0,0,0,0,0,0,,,,0,,,,,,,,,
929,Internal,350,972,52105,33,27.6,10.5,89,5,0,0,7,8,0,0,0,0,0,0,0,0,0,0,0,0,0,0,0,0,0,0,0,0,,,,0,,,,,,,,,
930,Internal,263,686,52105,33,27.6,10.5,39,21,18,17,17,54,0,0,0,0,0,0,0,0,0,0,0,0,0,0,0,0,0,0,0,0,,,,0,,,,,,,,,
931,Internal,0,0,52105,33,27.6,10.5,261,33,0,4,6,76,0,0,0,0,0,0,0,0,0,0,0,0,0,0,0,0,0,0,0,0,,,,0,,,,,,,,,
932,Internal,228,638,52105,33,27.6,10.5,18,3,7,0,0,56,0,0,0,0,0,0,0,0,0,0,0,0,0,0,0,0,0,0,0,0,,,,0,,,,,,,,,
933,Internal,247,675,39722,38,19.6,19.9,19,2,66,0,18,39,0,0,0,0,0,0,0,0,0,0,0,0,0,0,0,0,0,0,0,0,,,,0,,,,,,,,,
934,Internal,136,335,39722,38,19.6,19.9,8,3,18,0,0,24,0,0,0,0,0,0,0,0,0,0,0,0,0,0,0,0,0,0,0,0,,,,0,,,,,,,,,
935,Internal,482,1147,39722,38,19.6,19.9,31,47,58,9,17,24,0,0,0,0,0,0,0,0,0,0,0,0,0,0,0,0,0,0,0,0,,,,0,,,,,,,,,
936,Internal,223,621,34524,33,21.6,17.5,23,2,125,0,101,54,0,0,0,0,0,0,0,0,0,0,0,0,813,0,0,0,0,0,0,0,,,,0,,,,,,,,,
937,Internal,49,153,39722,38,19.6,19.9,1,0,1,0,0,24,0,0,0,0,0,0,0,0,0,0,0,0,0,0,0,0,0,0,0,0,,,,0,,,,,,,,,
938,Internal,405,1150,34524,33,21.6,17.5,0,26,10,0,0,54,0,0,0,0,0,0,0,0,0,0,0,0,0,0,0,0,0,0,0,0,,,,0,,,,,,,,,
939,Internal,44,137,34524,33,21.6,17.5,31,0,155,20,20,54,0,0,0,0,0,0,0,0,0,0,0,0,1037,0,0,0,0,0,0,0,,,,0,,,,,,,,,
940,Internal,271,907,34524,33,21.6,17.5,171,49,59,6,0,45,0,0,0,0,0,0,0,0,0,0,0,0,0,0,0,0,0,0,0,0,,,,0,,,,,,,,,
941,Internal,388,1036,41780,40,27.3,14.3,209,3,6,0,4,18,0,0,0,0,0,0,0,0,0,0,0,0,0,0,0,0,0,0,0,0,,,,0,,,,,,,,,
942,Internal,334,921,28327,38,35.7,15.4,85,110,2,23,1,24,0,0,0,0,0,0,0,0,0,0,0,0,0,0,0,0,0,0,0,0,,,,0,,,,,,,,,
943,Internal,304,808,28327,38,35.7,15.4,149,18,134,38,114,25,0,0,0,0,0,0,0,0,0,0,0,0,50,0,0,0,0,0,0,0,,,,0,,,,,,,,,
944,Internal,140,394,34524,33,21.6,17.5,21,51,8,3,5,48,0,0,0,0,0,0,0,0,0,0,0,0,0,0,0,0,0,0,0,0,,,,0,,,,,,,,,
945,Internal,73,221,14665,33,36.6,14.1,678,95,141,1,238,55,0,0,0,0,0,0,0,0,0,0,0,0,0,0,0,0,0,0,0,0,,,,0,,,,,,,,,
946,Internal,368,973,14665,33,36.6,14.1,12,107,10,18,4,14,0,0,0,0,0,0,0,0,0,0,0,0,0,0,0,0,0,0,0,0,,,,0,,,,,,,,,
947,Internal,243,591,17986,38,41.9,9.8,0,98,114,26,275,13,0,0,0,0,0,0,0,0,0,0,0,0,0,0,0,0,0,0,0,0,,,,0,,,,,,,,,
948,Internal,206,518,17986,38,41.9,9.8,43,56,43,19,18,22,0,0,0,0,0,0,0,0,0,0,0,0,0,0,0,0,0,0,0,0,,,,0,,,,,,,,,
949,Internal,440,1140,20548,32,42.6,8.9,13,50,221,257,246,19,0,0,0,0,0,0,0,0,0,0,0,0,920,0,5037,0,0,0,0,0,,,,0,,,,,,,,,
950,Internal,123,342,33500,32,20.5,3.2,784,0,168,3,20,20,0,0,0,0,0,0,0,0,0,0,0,0,0,0,0,0,0,0,0,0,,,,0,,,,,,,,,
951,Internal,384,1059,48712,38,23.8,17.1,7,178,324,22,141,36,0,0,0,0,0,0,0,0,0,0,0,0,1354,0,0,0,0,0,0,0,,,,0,,,,,,,,,
952,Internal,130,353,48712,38,23.8,17.1,350,0,209,46,2,41,0,0,0,0,0,0,0,0,0,0,0,0,1400,0,0,0,0,0,0,0,,,,0,,,,,,,,,
953,Internal,352,724,48712,38,23.8,17.1,34,81,645,56,92,25,0,0,0,0,0,0,0,0,0,0,0,0,0,0,0,0,0,0,0,0,,,,0,,,,,,,,,
954,Internal,454,1162,48712,38,23.8,17.1,14,204,429,91,692,24,0,0,0,0,0,0,0,0,0,0,0,0,1871,0,0,0,0,0,0,0,,,,0,,,,,,,,,
955,Internal,99,262,48712,38,23.8,17.1,24,3,3,0,0,23,0,0,0,0,0,0,0,0,0,0,0,0,0,0,0,0,0,0,0,0,,,,0,,,,,,,,,
956,Internal,14,86,48333,38,6.6,26.0,7,115,145,27,246,25,0,0,0,0,0,0,0,0,0,0,0,0,0,0,0,0,0,0,0,0,,,,0,,,,,,,,,
957,Internal,83,197,48333,38,6.6,26.0,513,311,520,161,1804,10,0,0,0,0,0,0,0,0,0,0,0,0,0,0,0,0,0,0,0,0,,,,0,,,,,,,,,
958,Internal,57,143,48333,38,6.6,26.0,12,32,185,76,65,34,0,0,0,0,0,0,0,0,0,0,0,0,0,0,0,0,0,0,0,0,,,,0,,,,,,,,,
959,Internal,72,195,48333,38,6.6,26.0,1,1,43,0,6,23,0,0,0,0,0,0,0,0,0,0,0,0,0,0,0,0,0,0,0,0,,,,0,,,,,,,,,
960,Internal,310,762,40000,38,12.6,29.8,174,159,1392,316,118,35,0,0,0,0,0,0,0,0,0,0,0,0,0,0,0,1,0,0,0,0,,,,0,,,,,,,,,
961,Internal,494,1110,27270,43,28.3,12.5,192,374,693,235,136,24,0,0,0,0,0,0,0,0,0,0,0,0,200,0,0,0,0,0,0,0,,,,0,,,,,,,,,
962,Internal,285,731,33029,43,20.5,16.0,10,51,98,0,0,31,0,0,0,0,0,0,0,0,0,0,0,0,0,0,0,0,0,0,0,0,,,,0,,,,,,,,,
963,Internal,312,800,33029,43,20.5,16.0,0,124,19,0,12,16,0,0,0,0,0,0,0,0,0,0,0,0,0,0,0,0,0,0,0,0,,,,0,,,,,,,,,
964,Internal,61,138,33029,43,20.5,16.0,31,1,0,0,2,24,0,0,0,0,0,0,0,0,0,0,0,0,0,0,0,0,0,0,0,0,,,,0,,,,,,,,,
965,Internal,296,684,80265,43,11.7,40.3,19,16,91,0,131,31,0,0,0,0,0,0,0,0,0,0,0,0,776,0,0,0,0,0,0,0,,,,0,,,,,,,,,
966,Internal,882,2528,74980,44,28.1,11.5,140,3,10,5,1,35,0,0,0,0,0,0,0,0,0,0,0,0,0,0,0,0,0,0,0,0,,,,0,,,,,,,,,
967,Internal,1553,4212,118359,44,29.2,8.8,56,192,85,34,29,47,0,0,0,0,0,0,0,0,0,0,0,0,0,0,0,0,0,0,0,0,,,,0,,,,,,,,,
968,Internal,213,691,74980,44,28.1,11.5,105,0,155,0,50,10,0,0,0,0,0,0,0,0,0,0,0,0,762,0,0,0,0,0,0,0,,,,0,,,,,,,,,
969,Internal,318,893,74980,44,28.1,11.5,16,4,89,0,3,30,0,0,0,0,0,0,0,0,0,0,0,0,1031,0,0,0,0,0,0,0,,,,0,,,,,,,,,
970,Internal,1297,3527,70729,46,26.4,9.5,37,341,7,0,4,32,0,0,0,0,0,0,0,0,0,0,0,0,0,0,0,0,0,0,0,0,,,,0,,,,,,,,,
971,Internal,857,2339,70729,46,26.4,9.5,448,262,194,43,84,42,0,0,0,0,0,0,0,0,0,0,0,0,0,0,0,0,0,0,0,0,,,,0,,,,,,,,,
972,Internal,642,1541,74980,44,28.1,11.5,302,247,453,46,67,54,0,0,0,0,0,0,0,0,0,0,0,0,0,0,100,0,0,0,0,0,,,,0,,,,,,,,,
973,Internal,776,2145,51875,44,27.4,11.0,372,22,302,98,0,28,0,0,0,0,0,0,0,0,0,0,0,0,0,0,0,0,0,0,0,0,,,,0,,,,,,,,,
974,Internal,892,2526,51875,44,27.4,11.0,286,35,158,27,16,35,0,0,0,0,0,0,0,0,0,0,0,0,102,0,0,0,0,0,0,0,,,,0,,,,,,,,,
975,Internal,824,2301,51875,44,27.4,11.0,235,5,198,112,0,36,0,0,0,0,0,0,0,0,0,0,0,0,0,0,0,0,0,0,0,0,,,,0,,,,,,,,,
976,Internal,493,1198,36778,44,4.5,25.0,162,49,49,2,65,27,0,0,0,0,0,0,0,0,0,0,0,0,0,0,0,0,0,0,0,0,,,,0,,,,,,,,,
977,Internal,952,2544,65082,46,23.4,30.4,142,80,142,3,110,26,0,0,0,0,0,0,0,0,0,0,0,0,0,0,0,0,0,0,0,0,,,,0,,,,,,,,,
978,Internal,461,1167,36778,44,4.5,25.0,1048,22,253,21,28,22,0,0,0,0,0,0,0,0,0,0,0,0,0,0,0,0,0,0,0,0,,,,0,,,,,,,,,
979,Internal,164,345,65082,46,23.4,30.4,3,85,10,0,0,47,0,0,0,0,0,0,0,0,0,0,0,0,0,0,0,0,0,0,0,0,,,,0,,,,,,,,,
980,Internal,430,1200,51875,44,27.4,11.0,72,3,18,300,16,54,0,0,0,0,0,0,0,0,0,0,0,0,2581,0,0,0,0,0,0,0,,,,0,,,,,,,,,
981,Internal,850,2463,63895,46,27.5,8.2,32,9,2,0,0,38,0,0,0,0,0,0,0,0,0,0,0,0,0,0,0,0,0,0,0,0,,,,0,,,,,,,,,
982,Internal,976,2828,63895,46,27.5,8.2,118,185,16,1,3,53,0,0,0,0,0,0,0,0,0,0,0,0,204,0,0,0,0,0,0,0,,,,0,,,,,,,,,
983,Internal,207,588,63895,46,27.5,8.2,26,8,37,0,0,36,0,0,0,0,0,0,0,0,0,0,0,0,1242,0,0,0,0,0,0,0,,,,0,,,,,,,,,
984,Internal,236,547,36000,45,15.3,21.5,228,95,553,125,75,31,0,0,0,0,0,0,0,0,0,0,0,0,12,0,0,0,0,0,0,0,,,,0,,,,,,,,,
985,Internal,244,531,52134,46,25.0,8.6,19,178,136,34,139,16,0,0,0,0,0,0,0,0,0,0,0,0,0,0,0,0,0,0,0,0,,,,0,,,,,,,,,
986,Internal,701,1812,60854,45,25.6,11.4,4,134,300,37,0,41,0,0,0,0,0,0,0,0,0,0,0,0,0,0,0,0,0,0,0,0,,,,0,,,,,,,,,
987,Internal,24,52,36000,45,15.3,21.5,0,0,160,0,25,38,0,0,0,0,0,0,0,0,0,0,0,0,2769,0,0,0,0,0,0,0,,,,0,,,,,,,,,
988,Internal,402,899,36000,45,15.3,21.5,122,6,58,8,80,21,0,0,0,0,0,0,0,0,0,0,0,0,0,0,0,0,0,0,0,0,,,,0,,,,,,,,,
989,Internal,471,887,60854,45,25.6,11.4,24,16,36,0,2,31,0,0,0,0,0,0,0,0,0,0,0,0,0,0,0,0,0,0,0,0,,,,0,,,,,,,,,
990,Internal,40,120,36000,45,15.3,21.5,43,10,28,1,28,41,0,0,0,0,0,0,0,0,0,0,0,0,0,0,0,0,0,0,0,0,,,,0,,,,,,,,,
991,Internal,8,22,36000,45,15.3,21.5,17,52,156,46,474,90,0,0,0,0,0,0,0,0,0,0,0,0,0,0,0,0,0,0,0,0,,,,0,,,,,,,,,
992,Internal,808,2044,60854,45,25.6,11.4,15,238,269,22,3,38,0,0,0,0,0,0,0,0,0,0,0,0,1196,0,0,0,0,0,0,0,,,,0,,,,,,,,,
993,Internal,222,536,60854,45,25.6,11.4,0,54,86,0,0,41,0,0,0,0,0,0,0,0,0,0,0,0,842,0,0,0,0,0,0,0,,,,0,,,,,,,,,
994,Internal,606,1541,36000,45,15.3,21.5,20,378,408,84,583,11,0,0,0,0,0,0,0,0,0,0,0,0,904,0,0,0,0,0,0,0,,,,0,,,,,,,,,
995,Internal,1044,2187,36000,45,15.3,21.5,224,244,360,64,172,28,0,0,0,0,0,0,0,0,0,0,0,0,56,0,0,0,0,0,0,0,,,,0,,,,,,,,,
996,Internal,785,1871,36000,45,15.3,21.5,0,59,178,203,133,16,0,0,0,0,0,0,0,0,0,0,0,0,0,0,0,0,0,0,0,0,,,,0,,,,,,,,,
997,Internal,1699,4684,77946,45,28.4,12.8,7,51,14,0,0,26,0,0,0,0,0,0,0,0,0,0,0,0,0,0,0,0,0,0,0,0,,,,0,,,,,,,,,
998,Internal,1480,4182,77946,45,28.4,12.8,1,51,16,0,0,12,0,0,0,0,0,0,0,0,0,0,0,0,0,0,0,0,0,0,0,0,,,,0,,,,,,,,,
999,Internal,861,2219,77946,45,28.4,12.8,18,63,65,3,5,63,0,0,0,0,0,0,0,0,0,0,0,0,0,0,0,0,0,0,0,0,,,,0,,,,,,,,,
1000,Internal,508,1324,77946,45,28.4,12.8,198,35,16,2,7,37,0,0,0,0,0,0,0,0,0,0,0,0,0,0,0,0,0,0,0,0,,,,0,,,,,,,,,
1001,Internal,914,2389,52134,46,25.0,8.6,0,0,4,0,0,46,0,0,0,0,0,0,0,0,0,0,0,0,0,0,0,0,0,0,0,0,,,,0,,,,,,,,,
1002,Internal,419,1005,52134,46,25.0,8.6,0,0,78,0,0,46,0,0,0,0,0,0,0,0,0,0,0,0,895,0,0,0,0,0,0,0,,,,0,,,,,,,,,
1003,Internal,325,735,52134,46,25.0,8.6,0,63,16,30,9,46,0,0,0,0,0,0,0,0,0,0,0,0,0,0,0,0,0,0,0,0,,,,0,,,,,,,,,
1004,Internal,2656,6993,52134,46,25.0,8.6,804,1474,2370,597,558,52,0,0,0,0,0,0,0,0,0,0,0,0,0,0,0,0,0,0,0,0,,,,0,,,,,,,,,
1005,Internal,201,505,52134,46,25.0,8.6,14,1,4,0,0,46,0,0,0,0,0,0,0,0,0,0,0,0,0,0,0,0,0,0,0,0,,,,0,,,,,,,,,
1006,Internal,1942,4830,52134,46,25.0,8.6,192,746,1060,155,153,28,0,0,0,0,0,0,0,0,0,0,0,0,0,0,0,0,0,0,0,0,,,,0,,,,,,,,,
1007,Internal,1458,3941,43900,46,24.4,16.5,11,97,171,39,197,16,0,0,0,0,0,0,0,0,0,0,0,0,0,0,0,0,0,0,0,0,,,,0,,,,,,,,,
1008,Internal,445,1204,43900,46,24.4,16.5,0,132,180,47,20,46,0,0,0,0,0,0,0,0,0,0,0,0,0,0,0,0,0,0,0,0,,,,0,,,,,,,,,
1009,Internal,199,567,63162,46,32.6,4.7,62,15,29,40,7,55,0,0,0,0,0,0,0,0,0,0,0,0,0,0,0,0,0,0,0,0,,,,0,,,,,,,,,
1010,Internal,887,2314,63162,46,32.6,4.7,16,194,227,36,4,24,0,0,0,0,0,0,0,0,0,0,0,0,0,0,0,0,0,0,0,0,,,,0,,,,,,,,,
1011,Internal,1060,3077,81590,44,27.2,9.7,4,48,54,71,4,53,0,0,0,0,0,0,0,0,0,0,0,0,0,0,0,0,0,0,0,0,,,,0,,,,,,,,,
1012,Internal,289,806,81590,44,27.2,9.7,0,56,1049,20,81,45,0,0,0,0,0,0,0,0,0,0,0,0,0,0,0,1,0,0,0,0,,,,0,,,,,,,,,
1013,Internal,1093,2959,69315,49,13.8,13.7,32,65,198,6,322,55,0,0,0,0,0,0,0,0,0,0,0,0,0,0,0,0,0,0,0,0,,,,0,,,,,,,,,
1014,Internal,179,497,110461,49,33.3,16.4,4,26,0,0,2,46,0,0,0,0,0,0,0,0,0,0,0,0,0,0,0,0,0,0,0,0,,,,0,,,,,,,,,
1015,Internal,99,288,81590,44,27.2,9.7,19,172,326,126,312,29,0,0,0,0,0,0,0,0,0,0,0,0,0,0,0,0,0,0,0,0,,,,0,,,,,,,,,
1016,Internal,399,1118,110461,49,33.3,16.4,24,78,14,21,10,73,0,0,0,0,0,0,0,0,0,0,0,0,0,0,0,0,0,0,0,0,,,,0,,,,,,,,,
1017,Internal,766,2083,45688,49,22.8,7.8,1,14,0,2,11,55,0,0,0,0,0,0,0,0,0,0,0,0,0,0,0,0,0,0,0,0,,,,0,,,,,,,,,
1018,Internal,406,1011,81590,44,27.2,9.7,4,71,175,48,22,40,0,0,0,0,0,0,0,0,0,0,0,0,0,0,0,0,0,0,0,0,,,,0,,,,,,,,,
1019,Internal,419,1133,69315,49,13.8,13.7,0,1,10,0,38,12,0,0,0,0,0,0,0,0,0,0,0,0,0,0,0,0,0,0,0,0,,,,0,,,,,,,,,
1020,Internal,553,1508,45688,49,22.8,7.8,4,13,7,1,2,55,0,0,0,0,0,0,0,0,0,0,0,0,0,0,0,0,0,0,0,0,,,,0,,,,,,,,,
1021,Internal,139,392,81590,44,27.2,9.7,0,16,0,3,0,29,0,0,0,0,0,0,0,0,0,0,0,0,0,0,0,0,0,0,0,0,,,,0,,,,,,,,,
1022,Internal,737,1962,70345,49,28.0,6.5,0,54,6,0,0,55,0,0,0,0,0,0,0,0,0,0,0,0,1002,0,0,0,0,0,0,0,,,,0,,,,,,,,,
1023,Internal,879,2583,70345,49,28.0,6.5,4,60,32,0,0,47,0,0,0,0,0,0,0,0,0,0,0,0,0,0,0,0,0,0,0,0,,,,0,,,,,,,,,
1024,Internal,788,2490,64451,49,25.1,7.3,20,15,2,0,12,46,0,0,0,0,0,0,0,0,0,0,0,0,0,0,0,0,0,0,0,0,,,,0,,,,,,,,,
1025,Internal,0,0,70345,49,28.0,6.5,0,0,0,0,0,55,0,0,0,0,0,0,0,0,0,0,0,0,0,0,0,0,0,0,0,0,,,,0,,,,,,,,,
1026,Internal,347,942,65731,44,22.1,12.4,38,71,0,29,0,29,0,0,0,0,0,0,0,0,0,0,0,0,484,0,0,0,0,0,0,0,,,,0,,,,,,,,,
1027,Internal,346,893,65731,44,22.1,12.4,39,45,28,0,0,42,0,0,0,0,0,0,0,0,0,0,0,0,0,0,0,0,0,0,0,0,,,,0,,,,,,,,,
1028,Internal,1286,4049,83571,49,27.5,10.5,21,180,314,15,23,38,0,0,0,0,0,0,0,0,0,0,0,0,1658,0,106,0,0,0,0,0,,,,0,,,,,,,,,
1029,Internal,881,2387,64451,49,25.1,7.3,67,20,4,0,10,35,0,0,0,0,0,0,0,0,0,0,0,0,0,0,0,0,0,0,0,0,,,,0,,,,,,,,,
1030,Internal,78,196,64451,49,25.1,7.3,3,3,8,0,4,25,0,0,0,0,0,0,0,0,0,0,0,0,0,0,0,0,0,0,0,0,,,,0,,,,,,,,,
1031,Internal,441,1262,85027,44,31.8,10.1,25,6,7,0,0,40,0,0,0,0,0,0,0,0,0,0,0,0,0,0,0,0,0,0,0,0,,,,0,,,,,,,,,
1032,Internal,154,376,83571,49,27.5,10.5,25,10,106,42,1767,0,0,0,0,0,0,0,0,0,0,0,0,0,0,0,0,0,0,0,0,0,,,,0,,,,,,,,,
1033,Internal,890,2628,85027,44,31.8,10.1,186,165,184,86,62,34,0,0,0,0,0,0,0,0,0,0,0,0,0,0,0,0,0,0,0,0,,,,0,,,,,,,,,
1034,Internal,661,1871,81090,49,25.7,14.4,21,165,267,10,0,31,0,0,0,0,0,0,0,0,0,0,0,0,1522,0,0,0,0,0,0,0,,,,0,,,,,,,,,
1035,Internal,437,1178,85027,44,31.8,10.1,435,33,31,0,6,33,0,0,0,0,0,0,0,0,0,0,0,0,0,0,0,0,0,0,0,0,,,,0,,,,,,,,,
1036,Internal,761,2008,85027,44,31.8,10.1,1,56,63,30,118,25,0,0,0,0,0,0,0,0,0,0,0,0,0,0,0,0,0,0,0,0,,,,0,,,,,,,,,
1037,Internal,338,880,85027,44,31.8,10.1,39,74,9,13,198,12,0,0,0,0,0,0,0,0,0,0,0,0,0,0,0,0,0,0,0,0,,,,0,,,,,,,,,
1038,Internal,452,1370,83571,49,27.5,10.5,1,44,24,3,0,21,0,0,0,0,0,0,0,0,0,0,0,0,0,0,0,0,0,0,0,0,,,,0,,,,,,,,,
1039,Internal,39,128,85027,44,31.8,10.1,1,14,15,0,0,29,0,0,0,0,0,0,0,0,0,0,0,0,0,0,0,0,0,0,0,0,,,,0,,,,,,,,,
1040,Internal,1017,2978,81090,49,25.7,14.4,15,47,16,0,7,48,0,0,0,0,0,0,0,0,0,0,0,0,0,0,0,0,0,0,0,0,,,,0,,,,,,,,,
1041,Internal,232,615,81090,49,25.7,14.4,0,30,102,72,5,7,0,0,0,0,0,0,0,0,0,0,0,0,1458,0,0,0,0,0,0,0,,,,0,,,,,,,,,
1042,Internal,57,196,64451,49,25.1,7.3,48,0,0,0,78,15,0,0,0,0,0,0,0,0,0,0,0,0,0,0,0,0,0,0,0,0,,,,0,,,,,,,,,
1043,Internal,125,425,81090,49,25.7,14.4,0,0,103,39,0,41,0,0,0,0,0,0,0,0,0,0,0,0,1288,0,0,0,0,0,0,0,,,,0,,,,,,,,,
1044,Internal,459,1170,65731,44,22.1,12.4,3,27,157,32,333,17,0,0,0,0,0,0,0,0,0,0,0,0,0,0,0,0,0,0,0,0,,,,0,,,,,,,,,
1045,Internal,7,18,110461,49,33.3,16.4,0,0,0,0,0,55,0,0,0,0,0,0,0,0,0,0,0,0,0,0,0,0,0,0,0,0,,,,0,,,,,,,,,
1046,Internal,27,70,65731,44,22.1,12.4,0,0,0,0,0,0,0,0,0,0,0,0,0,0,0,0,0,0,0,0,0,0,0,0,0,0,,,,0,,,,,,,,,
1047,Internal,380,1110,65731,44,22.1,12.4,3,7,0,4,0,29,0,0,0,0,0,0,0,0,0,0,0,0,0,0,0,0,0,0,0,0,,,,0,,,,,,,,,
1048,Internal,4,13,85027,44,31.8,10.1,133,51,75,16,180,22,0,0,0,0,0,0,0,0,0,0,0,0,0,0,0,0,0,0,0,0,,,,0,,,,,,,,,
1049,Internal,11,38,110461,49,33.3,16.4,0,0,0,0,8,55,0,0,0,0,0,0,0,0,0,0,0,0,0,0,0,0,0,0,0,0,,,,0,,,,,,,,,
1050,Internal,44,141,65731,44,22.1,12.4,0,0,2,0,0,29,0,0,0,0,0,0,0,0,0,0,0,0,0,0,0,0,0,0,0,0,,,,0,,,,,,,,,
1051,Internal,121,337,64451,49,25.1,7.3,0,207,0,0,0,25,0,0,0,0,0,0,0,0,0,0,0,0,2547,0,0,0,0,0,0,0,,,,0,,,,,,,,,
1052,Internal,332,1053,65731,44,22.1,12.4,0,14,0,0,17,39,0,0,0,0,0,0,0,0,0,0,0,0,0,0,0,0,0,0,0,0,,,,0,,,,,,,,,
1053,Internal,441,1176,51360,35,37.2,14.1,41,5,116,0,20,47,0,0,0,0,0,0,0,0,0,0,0,0,687,0,0,0,0,0,0,0,,,,0,,,,,,,,,
1054,Internal,392,1043,51360,35,37.2,14.1,33,42,24,21,0,9,0,0,0,0,0,0,0,0,0,0,0,0,0,0,0,0,0,0,0,0,,,,0,,,,,,,,,
1055,Internal,395,987,54421,35,21.4,16.4,98,36,11,5,70,27,0,0,0,0,0,0,0,0,0,0,0,0,0,0,0,0,0,0,0,0,,,,0,,,,,,,,,
1056,Internal,81,284,41780,40,27.3,14.3,112,0,1,0,3,18,0,0,0,0,0,0,0,0,0,0,0,0,0,0,0,0,0,0,0,0,,,,0,,,,,,,,,
1057,Internal,610,1704,54421,35,21.4,16.4,19,9,7,23,0,24,0,0,0,0,0,0,0,0,0,0,0,0,0,0,0,0,0,0,0,0,,,,0,,,,,,,,,
1058,Internal,160,454,54421,35,21.4,16.4,17,68,146,0,0,50,0,0,0,0,0,0,0,0,0,0,0,0,1498,0,0,0,0,0,0,0,,,,0,,,,,,,,,
1059,Internal,739,2069,54421,35,21.4,16.4,7,6,101,1,0,46,0,0,0,0,0,0,0,0,0,0,0,0,0,0,0,0,0,0,0,0,,,,0,,,,,,,,,
1060,Internal,401,1116,50775,40,29.5,10.7,17,2,3,0,0,17,0,0,0,0,0,0,0,0,0,0,0,0,0,0,0,0,0,0,0,0,,,,0,,,,,,,,,
1061,Internal,116,291,54421,35,21.4,16.4,19,3,6,15,16,38,0,0,0,0,0,0,0,0,0,0,0,0,0,0,0,0,0,0,0,0,,,,0,,,,,,,,,
1062,Internal,129,335,50775,40,29.5,10.7,28,15,3,0,13,17,0,0,0,0,0,0,0,0,0,0,0,0,0,0,0,0,0,0,0,0,,,,0,,,,,,,,,
1063,Internal,1,2,16677,40,28.7,11.3,73,72,2,0,0,17,0,0,0,0,0,0,0,0,0,0,0,0,0,0,0,0,0,0,0,0,,,,0,,,,,,,,,
1064,Internal,246,578,54421,35,21.4,16.4,1,17,2,2,0,38,0,0,0,0,0,0,0,0,0,0,0,0,0,0,0,0,0,0,0,0,,,,0,,,,,,,,,
1065,Internal,275,703,16677,40,28.7,11.3,25,71,112,26,79,23,0,0,0,0,0,0,0,0,0,0,0,0,763,0,0,0,0,0,0,0,,,,0,,,,,,,,,
1066,Internal,101,279,54421,35,21.4,16.4,26,217,55,21,11,33,0,0,0,0,0,0,0,0,0,0,0,0,0,0,0,0,0,0,0,0,,,,0,,,,,,,,,
1067,Internal,134,320,16677,40,28.7,11.3,7,0,13,4,13,10,0,0,0,0,0,0,0,0,0,0,0,0,0,0,0,0,0,0,0,0,,,,0,,,,,,,,,
1068,Internal,465,1211,85667,37,15.6,24.5,20,418,101,17,53,19,0,0,0,0,0,0,0,0,0,0,0,0,867,0,0,0,0,0,0,0,,,,0,,,,,,,,,
1069,Internal,490,1317,85667,37,15.6,24.5,0,69,2,7,0,23,0,0,0,0,0,0,0,0,0,0,0,0,0,0,0,0,0,0,0,0,,,,0,,,,,,,,,
1070,Internal,409,1206,85667,37,15.6,24.5,27,4,158,16,18,28,0,0,0,0,0,0,0,0,0,0,0,0,0,0,0,0,0,0,0,0,,,,0,,,,,,,,,
1071,Internal,316,770,42423,37,22.9,11.1,40,89,26,9,9,23,0,0,0,0,0,0,0,0,0,0,0,0,759,0,0,0,0,0,0,0,,,,0,,,,,,,,,
1072,Internal,311,806,42423,37,22.9,11.1,5,31,301,0,0,32,0,0,0,0,0,0,0,0,0,0,0,0,0,0,0,0,0,0,0,0,,,,0,,,,,,,,,
1073,Internal,490,1387,42423,37,22.9,11.1,87,5,139,0,0,47,0,0,0,0,0,0,0,0,0,0,0,0,1805,0,0,0,0,0,0,0,,,,0,,,,,,,,,
1074,Internal,299,732,26875,37,29.4,26.9,644,3,189,26,94,57,0,0,0,0,0,0,0,0,0,0,0,0,0,0,0,0,0,0,0,0,,,,0,,,,,,,,,
1075,Internal,365,871,40712,37,24.6,14.7,22,44,170,111,108,25,0,0,0,0,0,0,0,0,0,0,0,0,0,0,0,0,0,0,0,0,,,,0,,,,,,,,,
1076,Internal,438,1227,38313,37,19.8,10.6,28,9,27,43,0,12,0,0,0,0,0,0,0,0,0,0,0,0,0,0,0,0,0,0,0,0,,,,0,,,,,,,,,
1077,Internal,308,868,38313,37,19.8,10.6,39,0,16,11,3,34,0,0,0,0,0,0,0,0,0,0,0,0,0,0,0,0,0,0,0,0,,,,0,,,,,,,,,
1078,Internal,255,614,38313,37,19.8,10.6,60,55,172,14,118,16,0,0,0,0,0,0,0,0,0,0,0,0,0,0,0,0,0,0,0,0,,,,0,,,,,,,,,
1079,Internal,206,543,58603,50,19.9,15.3,18,0,4,0,0,23,0,0,0,0,0,0,0,0,0,0,0,0,0,0,0,0,0,0,0,0,,,,0,,,,,,,,,
1080,Internal,560,1491,58603,50,19.9,15.3,2,18,13,0,3,42,0,0,0,0,0,0,0,0,0,0,0,0,0,0,0,0,0,0,0,0,,,,0,,,,,,,,,
1081,Internal,485,1358,83810,44,23.5,11.8,0,21,1,0,0,28,0,0,0,0,0,0,0,0,0,0,0,0,0,0,0,0,0,0,0,0,,,,0,,,,,,,,,
1082,Internal,195,525,58603,50,19.9,15.3,11,22,1,0,0,23,0,0,0,0,0,0,0,0,0,0,0,0,0,0,0,0,0,0,0,0,,,,0,,,,,,,,,
1083,Internal,15,76,58603,50,19.9,15.3,14,0,0,0,0,23,0,0,0,0,0,0,0,0,0,0,0,0,0,0,0,0,0,0,0,0,,,,0,,,,,,,,,
1084,Internal,563,1632,74141,50,21.7,11.1,26,13,5,14,25,23,0,0,0,0,0,0,0,0,0,0,0,0,0,0,0,0,0,0,0,0,,,,0,,,,,,,,,
1085,Internal,933,2560,74141,50,21.7,11.1,14,114,14,0,5,47,0,0,0,0,0,0,0,0,0,0,0,0,0,0,0,0,0,0,0,0,,,,0,,,,,,,,,
1086,Internal,1024,2790,61852,46,21.5,6.6,273,26,57,11,110,22,0,0,0,0,0,0,0,0,0,0,0,0,0,0,0,0,0,0,0,0,,,,0,,,,,,,,,
1087,Internal,425,1217,66786,50,30.6,10.0,2,23,62,11,174,14,0,0,0,0,0,0,0,0,0,0,0,0,0,0,0,0,0,0,0,0,,,,0,,,,,,,,,
1088,Internal,607,1751,83810,44,23.5,11.8,34,85,14,3,45,35,0,0,0,0,0,0,0,0,0,0,0,0,0,0,0,0,0,0,0,0,,,,0,,,,,,,,,
1089,Internal,410,1119,66786,50,30.6,10.0,6,82,3,0,4,29,0,0,0,0,0,0,0,0,0,0,0,0,861,0,0,0,0,0,0,0,,,,0,,,,,,,,,
1090,Internal,197,575,83810,44,23.5,11.8,6,37,9,0,0,9,0,0,0,0,0,0,0,0,0,0,0,0,0,0,0,0,0,0,0,0,,,,0,,,,,,,,,
1091,Internal,413,1222,62711,46,33.3,11.4,11,9,11,0,1,38,0,0,0,0,0,0,0,0,0,0,0,0,0,0,0,0,0,0,0,0,,,,0,,,,,,,,,
1092,Internal,653,1781,62711,46,33.3,11.4,30,29,13,3,0,24,0,0,0,0,0,0,0,0,0,0,0,0,0,0,0,0,0,0,0,0,,,,0,,,,,,,,,
1093,Internal,539,1481,62711,46,33.3,11.4,2,32,28,0,22,15,0,0,0,0,0,0,0,0,0,0,0,0,0,0,0,0,0,0,0,0,,,,0,,,,,,,,,
1094,Internal,56,124,62711,46,33.3,11.4,0,134,22,0,3,42,0,0,0,0,0,0,0,0,0,0,0,0,2022,0,0,0,0,0,0,0,,,,0,,,,,,,,,
1095,Internal,204,510,83810,44,23.5,11.8,20,0,251,0,56,22,0,0,0,0,0,0,0,0,0,0,0,0,2331,0,0,0,0,0,0,0,,,,0,,,,,,,,,
1096,Internal,380,955,50795,46,19.7,16.1,16,100,6,0,0,42,0,0,0,0,0,0,0,0,0,0,0,0,0,0,0,0,0,0,0,0,,,,0,,,,,,,,,
1097,Internal,376,1020,50176,44,31.3,6.7,106,65,11,0,0,29,0,0,0,0,0,0,0,0,0,0,0,0,0,0,0,0,0,0,0,0,,,,0,,,,,,,,,
1098,Internal,608,1617,50795,46,19.7,16.1,2,5,9,0,16,69,0,0,0,0,0,0,0,0,0,0,0,0,0,0,0,0,0,0,0,0,,,,0,,,,,,,,,
1099,Internal,349,927,59390,44,24.4,7.9,28,15,22,5,1,28,0,0,0,0,0,0,0,0,0,0,0,0,0,0,0,0,0,0,0,0,,,,0,,,,,,,,,
1100,Internal,441,1223,59390,44,24.4,7.9,6,27,24,15,15,26,0,0,0,0,0,0,0,0,0,0,0,0,0,0,0,0,0,0,0,0,,,,0,,,,,,,,,
1101,Internal,358,972,50176,44,31.3,6.7,22,53,15,0,0,15,0,0,0,0,0,0,0,0,0,0,0,0,0,0,0,0,0,0,0,0,,,,0,,,,,,,,,
1102,Internal,175,470,59390,44,24.4,7.9,57,16,2,0,0,28,0,0,0,0,0,0,0,0,0,0,0,0,0,0,0,0,0,0,0,0,,,,0,,,,,,,,,
1103,Internal,460,1299,50558,43,26.5,13.6,34,14,2,1,0,28,0,0,0,0,0,0,0,0,0,0,0,0,0,0,0,0,0,0,0,0,,,,0,,,,,,,,,
1104,Internal,291,741,38821,35,16.7,15.3,15,8,50,1,7,26,0,0,0,0,0,0,0,0,0,0,0,0,0,0,0,0,0,0,0,0,,,,0,,,,,,,,,
1105,Internal,233,577,38821,35,16.7,15.3,2,6,10,0,4,33,0,0,0,0,0,0,0,0,0,0,0,0,0,0,0,0,0,0,0,0,,,,0,,,,,,,,,
1106,Internal,461,1313,41500,35,31.5,13.6,121,10,8,0,0,42,0,0,0,0,0,0,0,0,0,0,0,0,0,0,0,0,0,0,0,0,,,,0,,,,,,,,,
1107,Internal,424,1035,41500,35,31.5,13.6,34,64,27,4,25,41,0,0,0,0,0,0,0,0,0,0,0,0,359,0,0,0,0,0,0,0,,,,0,,,,,,,,,
1108,Internal,199,430,39857,35,36.9,12.1,397,54,20,6,5,32,0,0,0,0,0,0,0,0,0,0,0,0,0,0,0,0,0,0,0,0,,,,0,,,,,,,,,
1109,Internal,244,642,39857,35,36.9,12.1,0,0,9,0,8,33,0,0,0,0,0,0,0,0,0,0,0,0,0,0,0,0,0,0,0,0,,,,0,,,,,,,,,
1110,Internal,283,830,108851,42,24.0,18.1,12,47,23,0,0,60,0,0,0,0,0,67,0,0,0,0,0,0,0,0,0,0,0,0,0,0,,,,0,,,,,,,,,
1111,Internal,156,397,108851,42,24.0,18.1,0,37,5,0,3,65,0,0,0,0,0,101,0,0,0,0,0,0,0,0,0,0,0,0,0,0,,,,0,,,,,,,,,
1112,Internal,253,710,108851,42,24.0,18.1,3,24,10,0,6,41,0,0,0,0,0,67,0,0,0,0,0,0,0,0,0,0,0,0,0,0,,,,0,,,,,,,,,
1113,Internal,26,123,108851,42,24.0,18.1,0,6,0,0,0,41,0,0,0,0,0,45,0,0,0,0,0,0,0,0,0,0,0,0,0,0,,,,0,,,,,,,,,
1114,Internal,230,544,108851,42,24.0,18.1,6,29,11,0,15,20,0,0,0,0,0,34,0,0,0,0,0,0,0,0,0,0,0,0,0,0,,,,0,,,,,,,,,
1115,Internal,577,1753,142440,53,31.1,6.0,11,19,7,0,2,58,0,0,0,0,0,203,0,0,0,0,0,0,0,0,0,0,0,0,0,0,,,,0,,,,,,,,,
1116,Internal,114,213,36840,57,19.0,8.8,8,77,110,28,432,24,0,0,0,0,0,45,0,0,0,0,0,0,0,0,0,0,1,536,0,150,130,0,301,0,,,,,,,,,
1117,Internal,506,942,36840,57,19.0,8.8,0,35,9,0,0,32,0,0,0,0,0,125,0,0,0,0,0,0,0,0,0,0,0,0,0,0,,,,0,,,,,,,,,
1118,Internal,208,530,36840,57,19.0,8.8,0,16,1,2,2,32,0,0,0,0,0,147,0,0,0,0,0,0,0,0,0,0,0,0,0,0,,,,0,,,,,,,,,
1119,Internal,400,978,120139,53,26.0,12.7,0,20,28,0,0,39,0,0,0,0,0,136,0,0,0,0,0,0,0,0,0,0,0,0,0,0,,,,0,,,,,,,,,
1120,Internal,180,455,120139,53,26.0,12.7,0,0,4,0,0,46,0,0,0,0,0,67,0,0,0,0,0,0,0,0,0,0,0,0,0,0,,,,0,,,,,,,,,
1121,Internal,172,575,120139,53,26.0,12.7,10,35,399,5,2,46,0,0,0,0,0,45,0,0,0,0,0,0,3271,0,0,0,0,0,0,0,,,,0,,,,,,,,,
1122,Internal,207,461,81339,57,9.9,8.3,11,134,19,38,44,32,0,0,0,0,0,157,0,0,0,0,0,0,0,0,0,0,1,536,0,150,62,0,196,0,,,,,,,,,
1123,Internal,2,5,81339,57,9.9,8.3,32,79,28,28,199,11,0,0,0,0,0,0,0,0,0,0,0,0,0,0,0,0,1,536,0,150,155,0,451,0,,,,,,,,,
1124,Internal,108,257,81339,57,9.9,8.3,3,46,295,11,43,41,0,0,0,0,0,125,0,0,0,0,0,0,0,0,0,0,1,536,0,150,67,0,409,0,,,,,,,,,
1125,Internal,37,83,81339,57,9.9,8.3,28,55,95,52,201,17,0,0,0,0,0,22,0,0,0,0,0,0,0,0,0,0,1,536,0,150,106,0,713,0,,,,,,,,,
1126,Internal,197,470,81339,57,9.9,8.3,0,334,4,13,0,46,0,0,0,0,0,282,0,0,0,0,0,0,79,0,0,0,0,0,0,0,,,,0,,,,,,,,,
1127,Internal,171,489,80464,57,16.8,22.7,9,291,1,112,0,39,0,0,0,0,0,22,0,0,0,0,0,0,1399,0,0,0,0,0,0,0,,,,0,,,,,,,,,
1128,Internal,329,777,80464,57,16.8,22.7,8,14,23,0,1,37,0,0,0,0,0,192,0,0,0,0,0,0,0,0,0,0,0,0,0,0,,,,0,,,,,,,,,
1129,Internal,10,23,65764,57,2.5,16.6,25,34,111,6,76,26,0,0,0,0,0,11,0,0,0,0,0,0,0,0,0,0,1,536,0,150,41,0,314,0,,,,,,,,,
1130,Internal,101,217,65764,57,2.5,16.6,14,16,91,4,29,33,0,0,0,0,0,170,0,0,0,0,0,0,0,0,0,0,1,536,0,150,35,0,218,0,,,,,,,,,
1131,Internal,207,430,80464,57,16.8,22.7,3,130,8,0,3,51,0,0,0,0,0,293,0,0,0,0,0,0,558,0,0,0,0,0,0,0,,,,0,,,,,,,,,
1132,Internal,122,324,80464,57,16.8,22.7,0,0,6,0,0,32,0,0,0,0,0,147,0,0,0,0,0,0,0,0,0,0,0,0,0,0,,,,0,,,,,,,,,
1133,Internal,317,488,37133,53,11.7,7.7,22,247,70,24,135,29,0,0,0,0,0,22,0,0,0,0,0,0,0,0,0,0,0,0,0,0,,,,0,,,,,,,,,
1134,Internal,398,816,37133,53,11.7,7.7,3,44,116,20,124,40,0,0,0,0,0,45,0,0,0,0,0,0,0,0,0,0,0,0,0,0,,,,0,,,,,,,,,
1135,Internal,324,510,37133,53,11.7,7.7,3,2,17,0,14,18,0,0,0,0,0,125,0,0,0,0,0,0,0,0,0,0,0,0,0,0,,,,0,,,,,,,,,
1136,Internal,278,639,37133,53,11.7,7.7,7,15,11,0,10,36,0,0,0,0,0,304,0,0,0,0,0,0,0,0,0,0,0,0,0,0,,,,0,,,,,,,,,
1137,Internal,614,1306,32317,53,25.2,4.0,42,72,12,0,0,22,0,0,0,0,0,362,0,0,0,0,0,0,0,0,0,0,1,536,0,150,15,0,60,0,,,,,,,,,
1138,Internal,537,811,28304,53,17.6,5.7,166,125,128,60,25,44,0,0,0,0,0,328,0,0,0,0,0,0,0,0,0,0,1,536,0,150,316,0,331,0,,,,,,,,,
1139,Internal,552,1011,55995,59,17.9,7.4,38,37,7,0,4,70,0,0,0,0,0,425,0,0,0,0,0,0,0,0,0,0,0,0,0,0,,,,0,,,,,,,,,
1140,Internal,68,167,56806,59,12.9,7.1,5,134,0,0,0,51,0,0,0,0,0,0,0,0,0,0,0,0,995,0,0,0,0,0,0,0,,,,0,,,,,,,,,
1141,Internal,462,894,56806,59,12.9,7.1,0,58,45,12,3,44,0,0,0,0,0,51,0,0,0,0,0,0,0,0,0,0,0,0,0,0,,,,0,,,,,,,,,
1142,Internal,116,292,123162,59,23.6,15.7,19,2,11,13,1,46,0,0,0,0,0,45,0,0,0,0,0,0,0,0,0,0,0,0,0,0,,,,0,,,,,,,,,
1143,Internal,75,217,123162,59,23.6,15.7,0,0,2,0,0,46,0,0,0,0,0,0,0,0,0,0,0,0,0,0,0,0,0,0,0,0,,,,0,,,,,,,,,
1144,Internal,62,214,123162,59,23.6,15.7,0,1,5,25,2,46,0,0,0,0,0,11,0,0,0,0,0,0,0,0,0,0,0,0,0,0,,,,0,,,,,,,,,
1145,Internal,161,400,123162,59,23.6,15.7,5,3,16,0,1,46,0,0,0,0,0,34,0,0,0,0,0,0,0,0,0,0,0,0,0,0,,,,0,,,,,,,,,
1146,Internal,164,429,123162,59,23.6,15.7,30,30,12,0,3,22,0,0,0,0,0,0,0,0,0,0,0,0,0,0,0,0,0,0,0,0,,,,0,,,,,,,,,
1147,Internal,90,208,123162,59,23.6,15.7,2,0,5,0,0,46,0,0,0,0,0,0,0,0,0,0,0,0,0,0,0,0,0,0,0,0,,,,0,,,,,,,,,
1148,Internal,1205,3188,94281,50,23.4,8.1,35,16,33,17,6,28,0,0,0,0,0,0,0,0,0,0,0,0,778,0,0,0,0,0,0,0,,,,0,,,,,,,,,
1149,Internal,87,209,69667,49,17.3,16.0,0,15,15,0,0,25,0,0,0,0,0,0,0,0,0,0,0,0,0,0,0,0,0,0,0,0,,,,0,,,,,,,,,
1150,Internal,148,373,69667,49,17.3,16.0,0,32,3,0,0,25,0,0,0,0,0,0,0,0,0,0,0,0,0,0,0,0,0,0,0,0,,,,0,,,,,,,,,
1151,Internal,124,271,69667,49,17.3,16.0,2,20,15,23,0,25,0,0,0,0,0,0,0,0,0,0,0,0,0,0,0,0,0,0,0,0,,,,0,,,,,,,,,
1152,Internal,190,475,67500,49,19.6,16.3,2,3,2,0,0,25,0,0,0,0,0,0,0,0,0,0,0,0,0,0,0,0,0,0,0,0,,,,0,,,,,,,,,
1153,Internal,55,132,67500,49,19.6,16.3,0,9,2,0,0,25,0,0,0,0,0,0,0,0,0,0,0,0,0,0,0,0,0,0,0,0,,,,0,,,,,,,,,
1154,Internal,260,614,67500,49,19.6,16.3,16,11,8,2,0,27,0,0,0,0,0,0,0,0,0,0,0,0,0,0,0,0,0,0,0,0,,,,0,,,,,,,,,
1155,Internal,248,575,60938,49,14.1,35.8,15,33,6,0,3,25,0,0,0,0,0,0,0,0,0,0,0,0,0,0,0,0,0,0,0,0,,,,0,,,,,,,,,
1156,Internal,93,235,60938,49,14.1,35.8,2,2,0,0,0,25,0,0,0,0,0,0,0,0,0,0,0,0,0,0,0,0,0,0,0,0,,,,0,,,,,,,,,
1157,Internal,286,720,64712,49,17.9,21.4,6,84,8,0,4,8,0,0,0,0,0,0,0,0,0,0,0,0,0,0,0,0,0,0,0,0,,,,0,,,,,,,,,
1158,Internal,129,289,64712,49,17.9,21.4,4,13,15,0,0,20,0,0,0,0,0,0,0,0,0,0,0,0,0,0,0,0,0,0,0,0,,,,0,,,,,,,,,
1159,Internal,143,394,64712,49,17.9,21.4,0,9,14,0,1,20,0,0,0,0,0,0,0,0,0,0,0,0,0,0,0,0,0,0,0,0,,,,0,,,,,,,,,
1160,Internal,265,630,64712,49,17.9,21.4,3,7,10,0,0,20,0,0,0,0,0,0,0,0,0,0,0,0,0,0,0,0,0,0,0,0,,,,0,,,,,,,,,
1161,Internal,234,576,79286,49,20.1,16.4,0,20,8,0,2,20,0,0,0,0,0,0,0,0,0,0,0,0,0,0,0,0,0,0,0,0,,,,0,,,,,,,,,
1162,Internal,171,471,79286,49,20.1,16.4,27,18,4,8,3,20,0,0,0,0,0,0,0,0,0,0,0,0,0,0,0,0,0,0,0,0,,,,0,,,,,,,,,
1163,Internal,373,834,79286,49,20.1,16.4,45,45,8,0,9,6,0,0,0,0,0,0,0,0,0,0,0,0,0,0,0,0,0,0,0,0,,,,0,,,,,,,,,
1164,Internal,212,536,79286,49,20.1,16.4,9,2,6,3,0,20,0,0,0,0,0,0,0,0,0,0,0,0,0,0,0,0,0,0,0,0,,,,0,,,,,,,,,
1165,Internal,156,370,79286,49,20.1,16.4,4,19,4,0,0,20,0,0,0,0,0,0,0,0,0,0,0,0,0,0,0,0,0,0,0,0,,,,0,,,,,,,,,
1166,Internal,281,701,73365,43,22.7,20.9,2,19,6,1,2,35,0,0,0,0,0,0,0,0,0,0,0,0,0,0,0,0,0,0,0,0,,,,0,,,,,,,,,
1167,Internal,112,271,48882,43,27.9,16.0,0,57,20,0,0,28,0,0,0,0,0,0,1,0,0,0,0,0,0,0,0,0,0,0,0,0,,,,0,,,,,,,,,
1168,Internal,219,592,48882,43,27.9,16.0,51,80,22,6,30,36,0,0,0,0,0,0,0,5,0,0,0,0,0,0,0,0,0,0,0,0,,,,0,,,,,,,,,
1169,Internal,34,71,48882,43,27.9,16.0,23,27,49,16,5,20,0,0,0,0,0,0,0,0,0,0,0,0,0,0,0,0,0,0,0,0,,,,0,,,,,,,,,
1170,Internal,34,99,48882,43,27.9,16.0,0,0,3,0,0,28,0,0,0,0,0,0,0,5,0,0,0,0,0,0,0,0,0,0,0,0,,,,0,,,,,,,,,
1171,Internal,263,778,73365,43,22.7,20.9,7,18,0,4,0,35,0,0,0,0,0,0,1,0,0,0,0,0,0,0,0,0,0,0,0,0,,,,0,,,,,,,,,
1172,Internal,178,490,74647,43,26.5,19.5,9,8,11,0,0,35,0,0,0,0,0,0,0,0,0,0,0,0,0,0,0,0,0,0,0,0,,,,0,,,,,,,,,
1173,Internal,93,227,73365,43,22.7,20.9,1,0,9,5,0,35,0,0,0,0,0,0,0,0,0,0,0,0,0,0,0,0,0,0,0,0,,,,0,,,,,,,,,
1174,Internal,150,328,74647,43,26.5,19.5,0,42,74,0,3,32,0,0,0,0,0,0,0,0,0,0,0,0,443,0,0,0,0,0,0,0,,,,0,,,,,,,,,
1175,Internal,162,402,74647,43,26.5,19.5,0,7,5,0,1,35,0,0,0,0,0,0,0,0,0,0,0,0,0,0,0,0,0,0,0,0,,,,0,,,,,,,,,
1176,Internal,261,711,74647,43,26.5,19.5,12,24,2,3,3,39,0,0,0,0,0,0,0,0,0,0,0,0,0,0,0,0,0,0,0,0,,,,0,,,,,,,,,
1177,Internal,51,157,74647,43,26.5,19.5,12,101,10,0,0,50,0,0,0,0,0,0,0,0,0,0,0,0,745,0,0,0,0,0,0,0,,,,0,,,,,,,,,
1178,Internal,203,505,74647,43,26.5,19.5,17,31,8,2,30,20,0,0,0,0,0,0,0,0,0,0,0,0,0,0,0,0,0,0,0,0,,,,0,,,,,,,,,
1179,Internal,259,719,39086,43,20.1,11.8,0,29,6,0,0,30,0,0,0,0,0,0,8,0,0,0,0,0,0,0,0,0,0,0,0,0,,,,0,,,,,,,,,
1180,Internal,316,899,39086,43,20.1,11.8,11,36,3,0,0,47,0,0,0,0,0,0,0,0,0,0,0,0,0,0,0,0,0,0,0,0,,,,0,,,,,,,,,
1181,Internal,136,349,39086,43,20.1,11.8,2,13,0,1,2,35,0,0,0,0,0,0,0,0,0,0,0,0,0,0,0,0,0,0,0,0,,,,0,,,,,,,,,
1182,Internal,622,1323,36059,53,14.1,5.6,59,104,63,20,330,20,0,0,0,0,0,134,0,0,0,0,0,0,0,0,0,0,1,536,0,150,132,0,21,0,,,,,,,,,
1183,Internal,297,544,55995,59,17.9,7.4,5,85,26,0,0,46,0,0,0,0,0,230,0,0,0,0,0,0,0,0,0,0,0,0,0,0,,,,0,,,,,,,,,
1184,Internal,18,93,79076,43,26.7,12.5,0,2,4,0,2,28,0,0,0,0,0,0,0,0,0,0,0,0,0,0,0,0,0,0,0,0,,,,0,,,,,,,,,
1185,Internal,362,1055,79076,43,26.7,12.5,16,12,11,3,83,53,0,0,0,0,0,0,0,0,0,0,0,0,0,0,0,0,0,0,0,0,,,,0,,,,,,,,,
1186,Internal,80,211,79076,43,26.7,12.5,16,2,7,0,0,28,0,0,0,0,0,22,0,0,0,0,0,0,0,0,0,0,0,0,0,0,,,,0,,,,,,,,,
1187,Internal,362,931,95462,47,32.2,15.6,21,197,22,5,30,44,0,0,0,0,0,0,0,0,0,0,0,0,810,0,0,0,0,0,0,0,,,,0,,,,,,,,,
1188,Internal,272,673,95462,47,32.2,15.6,19,24,128,4,97,31,0,0,0,0,0,0,0,0,0,0,0,0,0,0,0,0,8,267,0,150,91,0,363,0,,,,,,,,,
1189,Internal,269,782,95462,47,32.2,15.6,1,0,7,0,2,22,0,0,0,0,0,0,0,0,0,0,0,0,0,0,0,0,0,0,0,0,,,,0,,,,,,,,,
1190,Internal,274,755,88250,47,22.4,17.7,20,3,18,0,2,21,0,0,0,0,0,0,0,0,0,0,0,0,0,0,0,0,0,0,0,0,,,,0,,,,,,,,,
1191,Internal,206,451,88250,47,22.4,17.7,9,46,8,18,27,23,0,0,0,0,0,0,0,0,0,0,0,0,0,0,0,0,0,0,0,0,,,,0,,,,,,,,,
1192,Internal,163,331,88250,47,22.4,17.7,498,170,365,24,42,42,0,0,0,0,0,0,0,0,0,0,0,0,0,0,0,0,0,0,0,0,,,,0,,,,,,,,,
1193,Internal,462,894,56806,59,12.9,7.1,0,3,89,2,0,46,0,0,0,0,0,51,0,0,0,0,0,0,0,0,0,0,0,0,0,0,,,,0,,,,,,,,,
1194,Internal,197,430,88250,47,22.4,17.7,120,427,91,60,4,44,0,0,0,0,0,0,0,0,0,0,0,0,686,0,0,0,8,267,0,150,375,0,544,0,,,,,,,,,
1195,Internal,329,578,69653,47,22.3,15.0,55,107,196,43,153,21,0,0,0,0,0,0,0,0,0,0,0,0,0,0,0,0,8,267,0,150,277,0,675,0,,,,,,,,,
1196,Internal,372,846,53250,47,8.6,17.5,5,131,273,0,48,23,0,0,0,0,0,0,0,0,0,0,0,0,1121,0,0,0,8,267,0,150,231,0,419,0,,,,,,,,,
1197,Internal,180,409,57955,47,6.2,17.6,0,5,6,0,4,35,0,0,0,0,0,0,0,0,0,0,0,0,0,0,0,0,0,0,0,0,,,,0,,,,,,,,,
1198,Internal,30,75,53250,47,8.6,17.5,143,21,76,9,57,30,0,0,0,0,0,0,0,0,0,0,0,0,362,0,0,0,0,0,0,0,,,,0,,,,,,,,,
1199,Internal,217,612,42232,45,17.0,12.4,5,21,12,0,0,31,0,0,0,0,0,0,0,0,0,0,0,0,0,0,0,0,0,0,0,0,,,,0,,,,,,,,,
1200,Internal,332,943,42232,45,17.0,12.4,40,34,8,21,14,56,0,0,0,0,0,0,0,0,0,0,0,0,0,0,0,0,0,0,0,0,,,,0,,,,,,,,,
1201,Internal,69,171,42232,45,17.0,12.4,37,24,13,0,2,7,0,0,0,0,0,0,0,0,0,0,0,0,0,0,0,0,0,0,0,0,,,,0,,,,,,,,,
1202,Internal,94,214,42232,45,17.0,12.4,60,50,0,0,0,34,0,0,0,0,0,0,0,0,0,0,0,0,0,0,0,0,0,0,0,0,,,,0,,,,,,,,,
1203,Internal,365,939,63677,45,22.8,9.8,0,24,4,4,0,55,0,0,0,0,0,0,0,0,0,0,0,0,0,0,0,0,0,0,0,0,,,,0,,,,,,,,,
1204,Internal,393,953,88393,45,17.5,17.9,2,81,21,7,0,40,0,0,0,0,0,0,0,0,0,0,0,0,526,0,0,0,0,0,0,0,,,,0,,,,,,,,,
1205,Internal,143,380,55982,45,25.6,9.6,259,11,4,0,7,38,0,0,0,0,0,0,0,0,0,0,0,0,0,0,0,0,0,0,0,0,,,,0,,,,,,,,,
1206,Internal,364,859,56250,45,27.2,12.9,25,4,6,0,3,55,0,0,0,0,0,0,0,0,0,0,0,0,0,0,0,0,0,0,0,0,,,,0,,,,,,,,,
1207,Internal,171,502,51442,44,24.8,11.1,12,182,4,0,0,50,0,0,0,0,0,0,0,0,0,0,0,0,1662,0,0,0,0,0,0,0,,,,0,,,,,,,,,
1208,Internal,163,421,72827,44,26.1,17.9,607,87,0,5,6,30,0,0,0,0,0,0,0,0,0,0,0,0,553,0,0,0,0,0,0,0,,,,0,,,,,,,,,
1209,Internal,181,501,72827,44,26.1,17.9,0,1,3,0,0,30,0,0,0,0,0,11,0,0,0,0,0,0,0,0,0,0,0,0,0,0,,,,0,,,,,,,,,
1210,Internal,118,246,72827,44,26.1,17.9,31,18,34,14,9,30,0,0,0,0,0,0,0,0,0,0,0,0,0,0,0,0,0,0,0,0,,,,0,,,,,,,,,
1211,Internal,180,406,72827,44,26.1,17.9,0,5,9,0,32,30,0,0,0,0,0,0,0,0,0,0,0,0,0,0,0,0,0,0,0,0,,,,0,,,,,,,,,
1212,Internal,347,861,51442,44,24.8,11.1,2,7,4,0,0,30,0,0,0,0,0,0,0,0,0,0,0,0,0,0,0,0,0,0,0,0,,,,0,,,,,,,,,
1213,Internal,257,596,51442,44,24.8,11.1,4,12,7,0,1,30,0,0,0,0,0,34,0,0,0,0,0,0,0,0,0,0,0,0,0,0,,,,0,,,,,,,,,
1214,Internal,386,938,54864,44,28.5,7.2,3,58,199,38,99,13,0,0,0,0,0,18,0,0,0,0,0,0,0,0,0,0,0,0,0,0,,,,0,,,,,,,,,
1215,Internal,97,216,95750,52,22.0,17.8,4,113,0,0,0,50,0,0,0,0,0,11,1,0,0,0,0,0,530,0,0,0,0,0,0,0,,,,0,,,,,,,,,
1216,Internal,147,325,95750,52,22.0,17.8,0,2,5,0,5,36,0,0,0,0,0,11,0,0,0,0,0,0,0,0,0,0,0,0,0,0,,,,0,,,,,,,,,
1217,Internal,73,233,95750,52,22.0,17.8,5,9,10,7,60,0,0,0,0,0,0,11,0,0,0,0,0,0,0,0,0,0,0,0,0,0,,,,0,,,,,,,,,
1218,Internal,80,197,95750,52,22.0,17.8,2,4,7,0,4,36,0,0,0,0,0,0,1,0,0,0,0,0,0,0,0,0,0,0,0,0,,,,0,,,,,,,,,
1219,Internal,103,249,95750,52,22.0,17.8,0,2,3,0,0,36,0,0,0,0,0,11,4,5,0,0,0,0,0,0,0,0,0,0,0,0,,,,0,,,,,,,,,
1220,Internal,127,306,95750,52,22.0,17.8,0,5,11,0,4,36,0,0,0,0,0,22,0,0,0,0,0,0,0,0,0,0,0,0,0,0,,,,0,,,,,,,,,
1221,Internal,67,172,95750,52,22.0,17.8,0,1,0,0,0,36,0,0,0,0,0,0,4,0,0,0,0,0,0,0,0,0,0,0,0,0,,,,0,,,,,,,,,
1222,Internal,103,344,95750,52,22.0,17.8,12,15,27,2,0,27,0,0,0,0,0,0,1,5,0,0,0,0,0,0,0,0,0,0,0,0,,,,0,,,,,,,,,
1223,Internal,97,284,153438,52,19.0,26.6,0,7,5,0,2,36,0,0,0,0,0,22,0,5,0,0,0,0,0,0,0,0,0,0,0,0,,,,0,,,,,,,,,
1224,Internal,186,467,153438,52,19.0,26.6,18,5,6,3,0,16,0,0,0,0,0,34,0,0,0,0,0,0,0,0,0,0,0,0,0,0,,,,0,,,,,,,,,
1225,Internal,86,286,153438,52,19.0,26.6,1,26,7,38,0,36,0,0,0,0,0,34,0,0,0,0,0,0,0,0,0,0,0,0,0,0,,,,0,,,,,,,,,
1226,Internal,147,342,153438,52,19.0,26.6,0,6,21,0,2,56,0,0,0,0,0,11,1,0,0,0,0,0,0,0,0,0,0,0,0,0,,,,0,,,,,,,,,
1227,Internal,469,1223,133401,46,29.2,7.4,8,51,63,2,17,40,0,0,0,0,0,226,0,0,0,0,0,0,0,0,0,0,0,0,0,0,,,,0,,,,,,,,,
1228,Internal,459,769,133401,46,29.2,7.4,11,582,375,419,644,44,0,0,0,0,0,0,0,0,0,0,0,0,0,0,0,0,0,0,0,0,,,,0,,,,,,,,,
1229,Internal,121,206,98092,46,22.8,28.0,47,43,193,13,234,13,0,0,0,0,0,56,0,0,0,0,0,0,0,0,0,0,0,0,0,0,,,,0,,,,,,,,,
1230,Internal,2,4,98092,46,22.8,28.0,3,57,486,4,4,65,0,0,0,0,0,0,0,0,0,0,0,0,0,0,0,0,0,0,0,0,,,,0,,,,,,,,,
1231,Internal,285,476,98092,46,22.8,28.0,50,303,253,29,76,53,0,0,0,0,0,63,0,0,0,0,0,0,0,0,0,0,0,0,0,0,,,,0,,,,,,,,,
1232,Internal,710,1762,133401,46,29.2,7.4,9,27,25,15,9,40,0,0,0,0,0,253,0,0,0,0,0,0,0,0,0,0,0,0,0,0,,,,0,,,,,,,,,
1233,Internal,413,1088,98092,46,22.8,28.0,26,17,162,6,26,51,0,0,0,0,0,56,0,0,0,0,0,0,1688,0,0,0,0,0,0,0,,,,0,,,,,,,,,
1234,Internal,557,1522,98092,46,22.8,28.0,10,18,1,9,0,45,0,0,0,0,0,112,0,0,0,0,0,0,0,0,0,0,0,0,0,0,,,,0,,,,,,,,,
1235,Internal,567,1163,64447,46,29.7,10.9,8,45,187,1,12,46,0,0,0,0,0,282,0,8,0,0,0,0,0,0,0,0,0,0,0,0,,,,0,,,,,,,,,
1236,Internal,190,407,153438,52,19.0,26.6,2,13,4,13,0,36,0,0,0,0,0,0,0,0,0,0,0,0,0,0,0,0,0,0,0,0,,,,0,,,,,,,,,
1237,Internal,476,852,64447,46,29.7,10.9,12,158,635,79,209,40,0,0,0,0,0,293,0,8,0,0,0,0,0,0,0,1,0,0,0,0,,,,0,,,,,,,,,
1238,Internal,493,1082,64447,46,29.7,10.9,7,108,260,9,0,43,0,0,0,0,0,203,0,12,0,0,0,0,0,0,0,0,0,0,0,0,,,,0,,,,,,,,,
1239,Internal,658,1510,94281,50,23.4,8.1,0,5,12,0,0,28,0,0,0,0,0,0,0,0,0,0,0,0,0,0,0,0,0,0,0,0,,,,0,,,,,,,,,
1240,Internal,651,1794,157422,48,31.3,10.3,7,10,6,0,0,75,0,0,0,0,0,67,0,0,0,0,0,0,0,0,0,0,0,0,0,0,,,,0,,,,,,,,,
1241,Internal,347,994,157422,48,31.3,10.3,3,105,17,10,8,46,0,0,0,0,0,80,0,0,0,0,0,0,630,0,0,0,0,0,0,0,,,,0,,,,,,,,,
1242,Internal,413,1374,157422,48,31.3,10.3,7,18,13,0,6,51,0,0,0,0,0,215,0,0,0,0,0,0,0,0,0,0,0,0,0,0,,,,0,,,,,,,,,
1243,Internal,298,854,157422,48,31.3,10.3,7,67,19,18,4,34,0,0,0,0,0,45,0,0,0,0,0,0,0,0,0,0,0,0,0,0,,,,0,,,,,,,,,
1244,Internal,69,131,89706,48,28.4,19.9,0,10,10,5,0,5,0,0,0,0,0,22,0,0,0,0,0,0,0,0,0,0,0,0,0,0,,,,0,,,,,,,,,
1245,Internal,103,231,89706,48,28.4,19.9,8,15,0,0,0,34,0,0,0,0,0,11,0,0,0,0,0,0,0,0,0,0,0,0,0,0,,,,0,,,,,,,,,
1246,Internal,92,223,89706,48,28.4,19.9,133,428,148,58,43,14,0,0,0,0,0,11,0,0,0,0,0,0,205,0,0,0,0,0,0,0,,,,0,,,,,,,,,
1247,Internal,80,192,89706,48,28.4,19.9,3,3,1,3,3,34,0,0,0,0,0,22,0,0,0,0,0,0,0,0,0,0,0,0,0,0,,,,0,,,,,,,,,
1248,Internal,80,222,89706,48,28.4,19.9,11,10,8,0,0,9,0,0,0,0,0,11,0,0,0,0,0,0,0,0,0,0,0,0,0,0,,,,0,,,,,,,,,
1249,Internal,218,609,89706,48,28.4,19.9,0,10,22,3,1,36,0,0,0,0,0,45,0,0,0,0,0,0,0,0,0,0,0,0,0,0,,,,0,,,,,,,,,
1250,Internal,58,177,89706,48,28.4,19.9,0,0,0,0,3,34,0,0,0,0,0,22,0,0,0,0,0,0,0,0,0,0,0,0,0,0,,,,0,,,,,,,,,
1251,Internal,381,770,61486,48,23.1,16.3,33,17,9,10,9,37,0,0,0,0,0,11,0,0,0,0,0,0,0,0,0,0,0,0,0,0,,,,0,,,,,,,,,
1252,Internal,116,287,61486,48,23.1,16.3,22,5,1,0,9,34,0,0,0,0,0,11,0,0,0,0,0,0,0,0,0,0,0,0,0,0,,,,0,,,,,,,,,
1253,Internal,47,86,61486,48,23.1,16.3,12,0,6,1,0,31,0,0,0,0,0,11,0,0,0,0,0,0,0,0,0,0,0,0,0,0,,,,0,,,,,,,,,
1254,Internal,163,462,61486,48,23.1,16.3,2,15,6,0,0,34,0,0,0,0,0,45,0,0,0,0,0,0,0,0,0,0,0,0,0,0,,,,0,,,,,,,,,
1255,Internal,164,443,61486,48,23.1,16.3,22,5,14,5,3,19,0,0,0,0,0,34,0,0,0,0,0,0,0,0,0,0,0,0,0,0,,,,0,,,,,,,,,
1256,Internal,42,116,61486,48,23.1,16.3,2,1,3,0,0,34,0,0,0,0,0,11,0,0,0,0,0,0,0,0,0,0,0,0,0,0,,,,0,,,,,,,,,
1257,Internal,58,131,61486,48,23.1,16.3,4,2,7,0,0,34,0,0,0,0,0,0,0,0,0,0,0,0,0,0,0,0,0,0,0,0,,,,0,,,,,,,,,
1258,Internal,332,775,79737,50,20.3,19.5,23,35,32,8,8,56,0,0,0,0,0,11,0,0,0,0,0,0,0,0,0,0,0,0,0,0,,,,0,,,,,,,,,
1259,Internal,174,449,79737,50,20.3,19.5,3,3,20,0,10,35,0,0,0,0,0,0,0,0,0,0,0,0,0,0,0,0,0,0,0,0,,,,0,,,,,,,,,
1260,Internal,82,180,79737,50,20.3,19.5,16,14,7,0,14,42,0,0,0,0,0,0,0,0,0,0,0,0,0,0,0,0,0,0,0,0,,,,0,,,,,,,,,
1261,Internal,111,260,79737,50,20.3,19.5,0,0,0,0,10,35,0,0,0,0,0,0,0,0,0,0,0,0,0,0,0,0,0,0,0,0,,,,0,,,,,,,,,
1262,Internal,133,323,79737,50,20.3,19.5,5,21,3,0,0,35,0,0,0,0,0,0,0,0,0,0,0,0,0,0,0,0,0,0,0,0,,,,0,,,,,,,,,
1263,Internal,251,579,59571,50,28.2,14.1,5,46,48,0,5,20,0,0,0,0,0,11,0,0,0,0,0,0,0,0,0,0,0,0,0,0,,,,0,,,,,,,,,
1264,Internal,182,473,59571,50,28.2,14.1,13,3,21,8,16,35,0,0,0,0,0,0,0,0,0,0,0,0,0,0,0,0,0,0,0,0,,,,0,,,,,,,,,
1265,Internal,229,574,79737,50,20.3,19.5,160,29,85,5,6,28,0,0,0,0,0,0,0,0,0,0,0,0,0,0,0,0,0,0,0,0,,,,0,,,,,,,,,
1266,Internal,347,928,68578,50,11.7,18.4,3,18,2,6,0,66,0,0,0,0,0,34,0,0,0,0,0,0,0,0,0,0,0,0,0,0,,,,0,,,,,,,,,
1267,Internal,197,433,68578,50,11.7,18.4,8,20,19,5,2,35,0,0,0,0,0,22,0,0,0,0,0,0,0,0,0,0,0,0,0,0,,,,0,,,,,,,,,
1268,Internal,79,162,68578,50,11.7,18.4,3,0,2,0,8,35,0,0,0,0,0,22,0,0,0,0,0,0,0,0,0,0,0,0,0,0,,,,0,,,,,,,,,
1269,Internal,88,197,68578,50,11.7,18.4,7,13,5,0,5,15,0,0,0,0,0,22,0,0,0,0,0,0,0,0,0,0,0,0,0,0,,,,0,,,,,,,,,
1270,Internal,346,751,30169,45,8.1,4.4,0,101,15,44,0,40,0,0,0,0,0,317,0,0,0,0,0,0,522,0,0,0,0,0,0,0,,,,0,,,,,,,,,
1271,Internal,145,422,30169,45,8.1,4.4,3,47,31,43,45,27,0,0,0,0,0,192,0,0,0,0,0,0,0,0,0,0,1,536,0,150,10,0,41,0,,,,,,,,,
1272,Internal,261,681,30169,45,8.1,4.4,0,97,37,1,0,52,0,0,0,0,0,338,0,0,0,0,0,0,0,0,0,0,2,120,120,0,130,64,0,0,,,,,,,,,
1273,Internal,150,355,30169,45,8.1,4.4,5,5,102,502,14,58,0,0,0,0,0,203,0,0,0,0,0,0,0,0,0,0,0,0,0,0,,,,0,,,,,,,,,
1274,Internal,195,459,30169,45,8.1,4.4,2,9,152,7,26,58,0,0,0,0,0,67,0,0,0,0,0,0,0,0,0,0,1,536,0,300,379,0,65,0,,,,,,,,,
1275,Internal,142,412,30169,45,8.1,4.4,3,19,92,7,34,19,0,0,0,0,0,304,0,0,0,0,0,0,0,0,0,0,1,536,0,150,44,0,44,0,,,,,,,,,
1276,Internal,70,201,30169,45,8.1,4.4,0,8,0,0,0,52,0,0,0,0,0,112,0,5,0,0,0,0,0,0,0,0,0,0,0,0,,,,0,,,,,,,,,
1277,Internal,419,918,101250,50,16.1,20.5,76,56,86,15,55,32,0,86,0,0,0,349,0,5,0,0,0,0,0,0,0,0,0,0,0,0,,,,0,,,,,,,,,
1278,Internal,271,540,101250,50,16.1,20.5,1,330,396,24,10,33,0,0,0,0,0,91,0,0,0,0,0,0,0,0,0,0,0,0,0,0,,,,0,,,,,,,,,
1279,Internal,280,703,101250,50,16.1,20.5,6,3,46,1,2,20,0,0,0,0,0,101,0,0,0,0,0,0,0,0,0,0,0,0,0,0,,,,0,,,,,,,,,
1280,Internal,16,73,21100,50,2.5,2.7,24,309,101,62,537,10,0,194,0,0,0,34,0,0,0,0,0,0,0,0,0,0,1,536,0,150,88,0,422,0,,,,,,,,,
1281,Internal,768,1550,21100,50,2.5,2.7,6,134,45,0,65,20,0,23,0,0,0,252,0,0,0,0,0,0,0,0,0,0,0,0,0,0,,,,0,,,,,,,,,
1282,Internal,157,358,21100,50,2.5,2.7,136,161,124,10,77,10,0,90,0,0,0,129,0,0,0,0,0,0,0,0,0,0,1,536,0,100,143,0,368,0,,,,,,,,,
1283,Internal,503,1118,126458,54,13.9,18.7,12,55,109,21,103,19,0,0,0,0,0,463,0,5,0,0,0,0,0,0,0,0,2,553,0,300,142,0,161,0,,,,,,,,,
1284,Internal,259,567,126458,54,13.9,18.7,0,48,85,23,26,35,0,0,0,0,0,45,0,0,0,0,0,0,0,0,0,0,0,0,0,0,,,,0,,,,,,,,,
1285,Internal,108,282,126458,54,13.9,18.7,0,277,17,28,5,33,0,0,0,0,0,101,0,0,0,0,0,0,320,0,0,0,2,553,0,300,118,0,3,0,,,,,,,,,
1286,Internal,25,48,126458,54,13.9,18.7,0,3,2,0,0,65,0,282,0,0,0,0,0,0,0,0,0,0,0,0,0,0,2,553,147,300,11,33,19,0,,,,,,,,,
1287,Internal,137,181,126458,54,13.9,18.7,0,0,33,40,0,33,0,0,0,0,0,91,0,5,0,0,0,0,0,0,0,0,0,0,0,0,,,,0,,,,,,,,,
1288,Internal,42,87,126458,54,13.9,18.7,0,0,12,0,0,33,0,0,0,0,0,67,0,0,0,0,0,0,0,0,0,0,0,0,0,0,,,,0,,,,,,,,,
1289,Internal,0,0,126458,54,13.9,18.7,10,23,95,0,135,32,0,0,0,0,0,0,0,0,0,0,0,0,0,0,0,0,0,0,0,0,,,,0,,,,,,,,,
1290,Internal,9,12,68211,48,22.0,14.0,0,73,63,0,1,22,0,1188,0,0,0,11,0,0,0,3,0,0,0,0,0,0,2,553,147,300,502,5,104,0,,,,,,,,,
1291,Internal,4,11,68211,48,22.0,14.0,20,1177,214,46,251,22,0,238,0,0,0,0,0,0,0,578,0,0,0,0,0,0,2,553,147,300,282,21,88,0,,,,,,,,,
1292,Internal,1,2,68211,48,22.0,14.0,0,92,90,540,46,23,0,0,0,0,0,0,0,0,0,24,0,0,0,0,0,0,2,553,0,0,1,0,0,0,,,,,,,,,
1293,Internal,2,10,68211,48,22.0,14.0,16,1235,382,42,293,22,0,364,0,0,0,0,0,0,0,2679,0,0,0,0,0,0,2,553,147,300,369,53,93,0,,,,,,,,,
1294,Internal,0,0,68211,48,22.0,14.0,0,935,34,0,3,22,0,58,0,0,0,0,0,0,0,617,0,0,0,0,0,0,2,553,147,300,177,16,33,0,,,,,,,,,
1295,Internal,7,21,30865,40,22.0,2.5,0,34,22,0,0,0,0,1065,0,0,0,11,0,0,0,0,0,0,0,0,0,0,2,553,147,300,138,195,15,0,,,,,,,,,
1296,Internal,5,16,30865,40,22.0,2.5,0,696,43,0,20,23,0,910,0,0,0,11,0,0,0,634,0,0,0,0,0,0,2,553,147,300,478,13,104,0,,,,,,,,,
1297,Internal,116,211,31442,40,23.0,2.5,0,409,133,0,15,23,0,1823,0,0,0,22,0,0,0,469,0,0,0,0,0,0,2,553,147,300,3690,35,64,0,,,,,,,,,
1298,Internal,78,129,31442,40,23.0,2.5,0,424,256,12,11,32,0,1843,0,0,0,56,0,0,0,441,0,0,0,0,0,0,2,553,147,300,1322,41,208,0,,,,,,,,,
1299,Internal,2,5,11250,40,22.0,2.5,0,411,707,0,41,23,0,134,0,0,0,0,0,0,0,315,0,0,0,0,0,1,2,553,147,300,2323,46,1656,0,,,,,,,,,
1300,Internal,285,712,67500,49,19.6,16.3,0,1,3,0,0,25,0,0,0,0,0,0,0,0,0,0,0,0,0,0,0,0,0,0,0,0,,,,0,,,,,,,,,
1301,Internal,7,16,11250,40,22.0,2.5,0,360,1368,0,42,23,0,0,0,0,0,0,0,0,0,73,0,0,0,0,0,0,2,553,147,300,85,16,11,0,,,,,,,,,
1302,Internal,51,159,52344,41,4.2,5.5,126,7,64,9,32,39,0,0,0,0,0,45,0,0,0,0,0,0,0,0,0,0,1,536,0,300,140,0,34,0,,,,,,,,,
1303,Internal,123,436,52344,41,4.2,5.5,4,152,117,0,428,24,0,0,0,0,0,11,0,0,0,0,0,0,0,0,0,0,1,536,0,300,311,0,263,0,,,,,,,,,
1304,Internal,94,158,52344,41,4.2,5.5,41,134,72,0,132,46,0,0,0,0,0,22,0,0,0,0,0,0,0,0,0,0,1,536,0,150,16,0,15,0,,,,,,,,,
1305,Internal,289,667,52344,41,4.2,5.5,50,156,279,26,249,37,0,1411,0,0,0,101,0,0,0,21,0,0,0,0,0,0,1,536,0,150,370,0,211,0,,,,,,,,,
1306,Internal,135,216,52344,41,4.2,5.5,11,102,201,0,142,29,0,0,0,0,0,22,0,0,0,0,0,0,0,0,0,0,1,536,0,150,111,0,216,0,,,,,,,,,
1307,Internal,136,353,52344,41,4.2,5.5,21,66,35,75,334,8,0,0,0,0,0,136,0,0,0,0,0,0,0,0,0,0,1,536,0,150,65,0,167,0,,,,,,,,,
1308,Internal,262,587,43478,41,8.9,7.4,0,397,180,2,20,30,0,0,0,0,0,282,0,0,0,257,0,0,0,0,0,0,0,0,0,0,,,,0,,,,,,,,,
1309,Internal,399,829,43478,41,8.9,7.4,0,118,4,0,0,30,0,0,0,0,0,384,0,0,0,0,0,0,0,0,0,0,1,553,0,300,88,0,27,0,,,,,,,,,
1310,Internal,135,314,52344,41,4.2,5.5,0,97,67,65,0,48,0,77,0,0,0,259,0,0,0,112,0,0,0,0,0,0,2,553,147,300,255,1,14,0,,,,,,,,,
1311,Internal,396,1008,43478,41,8.9,7.4,0,111,72,0,16,30,0,0,0,0,0,666,0,0,0,0,0,0,0,0,0,0,0,0,0,0,,,,0,,,,,,,,,
1312,Internal,213,434,43478,41,8.9,7.4,14,1273,657,51,90,20,0,265,0,0,0,237,0,0,0,573,0,0,0,0,0,0,2,553,147,300,253,26,304,0,,,,,,,,,
1313,Internal,199,405,72303,50,17.7,15.1,0,12,0,15,0,72,0,0,0,0,0,282,0,0,0,0,0,0,0,0,0,0,0,0,0,0,,,,0,,,,,,,,,
1314,Internal,159,452,72303,50,17.7,15.1,2,0,9,0,0,89,0,0,0,0,0,45,0,5,0,0,0,0,0,0,0,0,0,0,0,0,,,,0,,,,,,,,,
1315,Internal,506,1087,28281,50,9.6,2.5,0,636,152,122,30,18,0,0,0,0,0,384,0,8,0,0,0,0,0,0,0,0,0,0,0,0,,,,0,,,,,,,,,
1316,Internal,36,103,72303,50,17.7,15.1,70,221,315,0,50,72,0,0,0,0,0,80,0,0,0,19,0,0,0,0,0,0,2,553,147,300,937,17,184,0,,,,,,,,,
1317,Internal,196,399,28281,50,9.6,2.5,41,26,7,0,1,29,0,0,0,0,0,11,0,0,0,0,0,0,0,0,0,0,2,553,147,300,213,1158,6,0,,,,,,,,,
1318,Internal,328,888,72303,50,17.7,15.1,10,74,7,3,3,80,0,0,0,0,0,203,0,5,0,0,0,0,0,0,0,0,0,0,0,0,,,,0,,,,,,,,,
1319,Internal,138,256,72303,50,17.7,15.1,4,0,33,1,1,72,0,0,0,0,0,80,0,0,0,0,0,0,0,0,0,0,0,0,0,0,,,,0,,,,,,,,,
1320,Internal,185,527,77109,48,20.2,23.0,0,3,6,0,3,36,0,0,0,0,0,34,0,5,0,0,0,0,0,0,0,0,0,0,0,0,,,,0,,,,,,,,,
1321,Internal,288,757,77109,48,20.2,23.0,3,4,17,0,0,36,0,0,0,0,0,56,0,8,0,0,0,0,0,0,0,0,0,0,0,0,,,,0,,,,,,,,,
1322,Internal,260,505,77109,48,20.2,23.0,21,9,211,25,0,3,0,0,0,0,0,293,0,5,0,0,0,0,0,0,0,0,0,0,0,0,,,,0,,,,,,,,,
1323,Internal,1071,2099,44444,51,10.0,12.4,0,154,165,0,8,51,0,0,0,0,0,237,0,16,0,0,0,0,1291,0,0,0,0,0,0,0,,,,0,,,,,,,,,
1324,Internal,466,788,122361,48,24.1,13.6,9,42,174,182,106,29,0,0,0,0,0,67,0,0,0,0,0,0,0,0,0,0,0,0,0,0,,,,0,,,,,,,,,
1325,Internal,143,435,122361,48,24.1,13.6,24,7,67,0,37,15,0,0,0,0,0,56,0,0,0,0,0,0,0,0,0,0,0,0,0,0,,,,0,,,,,,,,,
1326,Internal,126,334,122361,48,24.1,13.6,13,29,14,0,0,36,0,0,0,0,0,34,0,0,0,0,0,0,0,0,0,0,0,0,0,0,,,,0,,,,,,,,,
1327,Internal,520,1016,77109,48,20.2,23.0,24,243,386,75,36,51,0,0,0,0,0,802,0,0,0,0,0,0,0,0,0,0,0,0,0,0,,,,0,,,,,,,,,
1328,Internal,335,835,91518,51,12.5,15.9,1,13,43,0,23,25,0,0,0,0,0,34,0,0,0,0,0,0,0,0,0,0,0,0,0,0,,,,0,,,,,,,,,
1329,Internal,376,792,91518,51,12.5,15.9,12,45,9,6,10,11,0,0,0,0,0,192,0,5,0,0,0,0,0,0,0,0,0,0,0,0,,,,0,,,,,,,,,
1330,Internal,347,822,70583,51,33.1,10.2,5,9,14,7,1,34,0,0,0,0,0,101,0,5,0,0,0,0,0,0,0,0,0,0,0,0,,,,0,,,,,,,,,
1331,Internal,59,212,70583,51,33.1,10.2,0,0,2,0,0,41,0,0,0,0,0,11,0,0,0,0,0,0,0,0,0,0,0,0,0,0,,,,0,,,,,,,,,
1332,Internal,110,278,70583,51,33.1,10.2,0,39,12,18,10,41,0,0,0,0,0,11,0,5,0,0,0,0,0,0,0,0,0,0,0,0,,,,0,,,,,,,,,
1333,Internal,123,341,70583,51,33.1,10.2,1,56,1,0,2,50,0,0,0,0,0,22,0,0,0,0,0,0,0,0,0,0,0,0,0,0,,,,0,,,,,,,,,
1334,Internal,473,981,70583,51,33.1,10.2,2,68,70,19,0,41,0,0,0,0,0,355,0,5,0,0,0,0,0,0,0,0,0,0,0,0,,,,0,,,,,,,,,
1335,Internal,96,254,70583,51,33.1,10.2,32,216,384,0,0,91,0,0,0,0,0,56,0,0,0,0,0,0,0,0,0,0,0,0,0,0,,,,0,,,,,,,,,
1336,Internal,67,217,70583,51,33.1,10.2,0,5,18,0,0,41,0,0,0,0,0,0,0,0,0,0,0,0,0,0,0,0,0,0,0,0,,,,0,,,,,,,,,
1337,Internal,421,875,73200,48,29.6,14.7,1,94,353,10,1,0,0,0,0,0,0,80,0,5,0,0,0,0,507,0,0,0,0,0,0,0,,,,0,,,,,,,,,
1338,Internal,0,0,73200,48,29.6,14.7,9,110,81,121,50,35,0,0,0,0,0,0,0,0,0,0,0,0,0,0,0,0,0,0,0,0,,,,0,,,,,,,,,
1339,Internal,656,1572,73200,48,29.6,14.7,6,47,156,0,16,38,0,0,0,0,0,407,0,12,0,0,0,0,0,0,0,0,0,0,0,0,,,,0,,,,,,,,,
1340,Internal,2,20,73200,48,29.6,14.7,0,944,406,96,169,31,0,0,0,0,0,0,0,0,0,0,0,0,0,0,0,0,0,0,0,0,,,,0,,,,,,,,,
1341,Internal,181,316,73200,48,29.6,14.7,15,7,16,0,61,31,0,0,0,0,0,11,0,0,0,0,0,0,0,0,0,0,0,0,0,0,,,,0,,,,,,,,,
1342,Internal,767,1450,73200,48,29.6,14.7,73,161,685,40,209,51,0,0,0,0,0,0,0,0,0,0,0,0,0,0,0,0,0,0,0,0,,,,0,,,,,,,,,
1343,Internal,159,456,73200,48,29.6,14.7,6,14,4,0,0,31,0,0,0,0,0,56,0,0,0,0,0,0,0,0,0,0,0,0,0,0,,,,0,,,,,,,,,
1344,Internal,352,613,41088,48,23.8,4.4,82,27,855,130,241,42,0,0,0,0,0,130,0,11,0,0,0,0,0,0,0,0,0,0,0,0,,,,0,,,,,,,,,
1345,Internal,0,0,41088,48,23.8,4.4,16,242,113,85,748,20,0,0,0,0,0,0,0,0,0,0,0,0,0,0,0,0,0,0,0,0,,,,0,,,,,,,,,
1346,Internal,236,445,41088,48,23.8,4.4,91,21,570,33,1039,27,0,0,0,0,0,11,0,5,0,0,0,0,0,0,0,0,0,0,0,0,,,,0,,,,,,,,,
1347,Internal,860,1593,59798,48,18.2,12.7,5,121,750,51,186,21,0,0,0,0,0,509,0,16,0,0,0,0,0,0,0,0,0,0,0,0,,,,0,,,,,,,,,
1348,Internal,400,1177,59798,48,18.2,12.7,0,24,151,46,1,44,0,0,0,0,0,101,0,0,0,0,0,0,517,0,0,0,0,0,0,0,,,,0,,,,,,,,,
1349,Internal,105,197,59798,48,18.2,12.7,10,113,537,37,232,31,0,0,0,0,0,34,0,0,0,0,0,0,0,0,0,0,0,0,0,0,,,,0,,,,,,,,,
1350,Internal,237,561,59798,48,18.2,12.7,0,14,42,11,0,31,0,0,0,0,0,272,0,0,0,0,0,0,0,0,0,0,0,0,0,0,,,,0,,,,,,,,,
1351,Internal,89,340,41088,48,23.8,4.4,0,8,19,18,33,15,0,0,0,0,0,67,0,0,0,0,0,0,0,0,0,0,0,0,0,0,,,,0,,,,,,,,,
1352,Internal,349,949,89750,48,24.8,17.0,1,9,18,0,0,40,0,0,0,0,0,91,0,5,0,0,0,0,0,0,0,0,0,0,0,0,,,,0,,,,,,,,,
1353,Internal,159,506,89750,48,24.8,17.0,2,19,62,0,13,26,0,0,0,0,0,34,0,0,0,0,0,0,0,0,0,0,0,0,0,0,,,,0,,,,,,,,,
1354,Internal,491,929,89750,48,24.8,17.0,6,19,153,47,22,73,0,0,0,0,0,22,0,8,0,0,0,0,0,0,0,0,0,0,0,0,,,,0,,,,,,,,,
1355,Internal,165,511,114375,45,18.9,18.7,3,189,126,8,21,62,0,0,0,0,0,136,0,0,0,0,0,0,0,0,0,0,0,0,0,0,,,,0,,,,,,,,,
1356,Internal,5,22,114375,45,18.9,18.7,0,0,60,0,0,62,0,0,0,0,0,0,0,0,0,0,0,0,0,0,0,0,0,0,0,0,,,,0,,,,,,,,,
1357,Internal,159,247,114375,45,18.9,18.7,24,117,373,41,115,44,0,0,0,0,0,203,0,0,0,0,0,0,0,0,0,0,0,0,0,0,,,,0,,,,,,,,,
1358,Internal,15,29,114375,45,18.9,18.7,0,20,206,119,178,62,0,0,0,0,0,0,0,0,0,0,0,0,555,0,0,0,0,0,0,0,,,,0,,,,,,,,,
1359,Internal,58,109,114375,45,18.9,18.7,15,251,275,78,8,0,0,0,0,0,0,0,0,0,0,0,0,0,0,0,0,0,0,0,0,0,,,,0,,,,,,,,,
1360,Internal,8,14,114375,45,18.9,18.7,62,66,216,0,0,34,0,0,0,0,0,11,0,0,0,0,0,0,0,0,0,0,0,0,0,0,,,,0,,,,,,,,,
1361,Internal,27,80,114375,45,18.9,18.7,0,17,7,31,0,62,0,0,0,0,0,11,0,0,0,0,0,0,0,0,0,0,0,0,0,0,,,,0,,,,,,,,,
1362,Internal,125,308,79583,45,33.7,18.7,17,13,31,0,22,62,0,0,0,0,0,34,0,0,0,0,0,0,0,0,0,0,0,0,0,0,,,,0,,,,,,,,,
1363,Internal,21,49,114375,45,18.9,18.7,0,9,15,0,0,0,0,0,0,0,0,0,0,0,0,0,0,0,8,0,0,0,0,0,0,0,,,,0,,,,,,,,,
1364,Internal,453,1157,114375,45,18.9,18.7,21,48,59,1,13,14,0,0,0,0,0,317,0,0,0,0,0,0,0,0,0,0,0,0,0,0,,,,0,,,,,,,,,
1365,Internal,11,20,114375,45,18.9,18.7,0,39,82,0,0,68,0,0,0,0,0,0,0,0,0,0,0,0,0,0,0,0,0,0,0,0,,,,0,,,,,,,,,
1366,Internal,119,183,114375,45,18.9,18.7,0,176,215,201,0,62,0,0,0,0,0,192,0,0,0,0,0,0,0,0,0,0,2,120,120,0,1075,1075,0,1,,,,,,,,,
1367,Internal,116,310,28220,48,9.4,22.3,1,2,4,0,0,54,0,0,0,0,0,56,0,0,0,0,0,0,0,0,0,0,0,0,0,0,,,,0,,,,,,,,,
1368,Internal,949,1956,79583,45,33.7,18.7,158,81,6,1,47,52,0,0,0,0,0,56,0,0,0,0,0,0,0,0,0,0,0,0,0,0,,,,0,,,,,,,,,
1369,Internal,156,335,96171,48,33.3,8.9,4,4,3,0,5,49,0,0,0,0,0,67,0,0,0,0,0,0,0,0,0,0,0,0,0,0,,,,0,,,,,,,,,
1370,Internal,470,995,28220,48,9.4,22.3,4,268,63,10,0,36,0,0,0,0,0,91,0,0,0,0,0,0,706,0,0,0,0,0,0,0,,,,0,,,,,,,,,
1371,Internal,35,114,178864,48,34.2,6.8,0,88,0,0,0,51,0,0,0,0,0,29,0,0,0,0,0,0,842,0,0,0,0,0,0,0,,,,0,,,,,,,,,
1372,Internal,265,795,178864,48,34.2,6.8,4,17,14,10,54,63,0,0,0,0,0,157,0,0,0,0,0,0,0,0,0,0,0,0,0,0,,,,0,,,,,,,,,
1373,Internal,761,1667,96171,48,33.3,8.9,11,489,337,45,232,57,0,0,0,0,0,398,0,0,0,0,0,0,541,0,0,0,0,0,0,0,,,,0,,,,,,,,,
1374,Internal,37,133,79583,45,33.7,18.7,0,0,0,0,1,62,0,0,0,0,0,11,0,0,0,0,0,0,0,0,0,0,0,0,0,0,,,,0,,,,,,,,,
1375,Internal,215,556,72827,44,26.1,17.9,2,3,0,1,0,30,0,0,0,0,0,0,0,0,0,0,0,0,0,0,0,0,0,0,0,0,,,,0,,,,,,,,,
1376,Internal,31,76,79737,50,20.3,19.5,0,0,0,0,0,35,0,0,0,0,0,0,0,0,0,0,0,0,0,0,0,0,0,0,0,0,,,,0,,,,,,,,,
1377,Internal,70,194,72827,44,26.1,17.9,0,0,0,0,0,37,0,0,0,0,0,0,0,0,0,0,0,0,0,0,0,0,0,0,0,0,,,,0,,,,,,,,,
1378,Internal,307,776,67500,49,19.6,16.3,13,18,12,0,0,21,0,0,0,0,0,0,0,0,0,0,0,0,0,0,0,0,0,0,0,0,,,,0,,,,,,,,,
1379,Internal,315,788,63677,45,22.8,9.8,6,5,4,0,3,33,0,0,0,0,0,0,0,0,0,0,0,0,0,0,0,0,0,0,0,0,,,,0,,,,,,,,,
1380,Internal,211,517,55982,45,25.6,9.6,791,73,1,0,5,58,0,0,0,0,0,0,0,0,0,0,0,0,0,0,0,0,0,0,0,0,,,,0,,,,,,,,,
1381,Internal,676,1895,72827,44,26.1,17.9,434,7,113,0,97,19,0,0,0,0,0,0,0,0,0,0,0,0,0,0,0,0,0,0,0,0,,,,0,,,,,,,,,
1382,Internal,77,279,56250,45,27.2,12.9,24,0,2,13,0,18,0,0,0,0,0,0,0,0,0,0,0,0,0,0,0,0,0,0,0,0,,,,0,,,,,,,,,
1383,Internal,306,742,56250,45,27.2,12.9,0,0,1,9,9,55,0,0,0,0,0,0,0,0,0,0,0,0,0,0,0,0,0,0,0,0,,,,0,,,,,,,,,
1384,Internal,183,500,63677,45,22.8,9.8,0,1,3,0,0,100,0,0,0,0,0,0,0,0,0,0,0,0,0,0,0,0,0,0,0,0,,,,0,,,,,,,,,
1385,Internal,575,1343,56250,45,27.2,12.9,4,3,18,13,48,14,0,0,0,0,0,0,0,0,0,0,0,0,0,0,0,0,0,0,0,0,,,,0,,,,,,,,,
1386,Internal,46,93,55982,45,25.6,9.6,842,11,12,0,16,67,0,0,0,0,0,0,0,0,0,0,0,0,0,0,0,0,0,0,0,0,,,,0,,,,,,,,,
1387,Internal,173,409,67500,49,19.6,16.3,2,5,7,0,1,25,0,0,0,0,0,0,0,0,0,0,0,0,0,0,0,0,0,0,0,0,,,,0,,,,,,,,,
1388,Internal,106,247,69667,49,17.3,16.0,6,3,8,0,0,25,0,0,0,0,0,0,0,0,0,0,0,0,0,0,0,0,0,0,0,0,,,,0,,,,,,,,,
1389,Internal,404,1174,95462,47,32.2,15.6,0,0,10,3,128,35,0,0,0,0,0,0,0,0,0,0,0,0,0,0,0,0,0,0,0,0,,,,0,,,,,,,,,
1390,Internal,402,909,69653,47,22.3,15.0,4,299,229,43,94,24,0,0,0,0,0,0,0,0,0,0,0,0,1121,0,0,0,8,267,0,150,154,0,280,0,,,,,,,,,
1391,Internal,456,1007,57955,47,6.2,17.6,85,27,214,178,151,17,0,0,0,0,0,0,0,0,0,0,0,0,40,0,0,0,0,0,0,0,,,,0,,,,,,,,,
1392,Internal,83,235,42232,45,17.0,12.4,0,36,39,3,0,55,0,0,0,0,0,0,0,0,0,0,0,0,0,0,0,0,0,0,0,0,,,,0,,,,,,,,,
1393,Internal,204,473,56250,45,27.2,12.9,5,43,2,0,4,11,0,0,0,0,0,0,0,0,0,0,0,0,0,0,0,0,0,0,0,0,,,,0,,,,,,,,,
1394,Internal,386,938,54864,44,28.5,7.2,0,17,23,27,0,62,0,0,0,0,0,16,0,0,0,0,0,0,0,0,0,0,0,0,0,0,,,,0,,,,,,,,,
1395,Internal,280,463,98092,46,22.8,28.0,6,0,581,0,20,28,0,0,0,0,0,62,0,0,0,0,0,0,0,0,0,0,0,0,0,0,,,,0,,,,,,,,,
1396,Internal,353,895,133401,46,29.2,7.4,19,420,90,55,22,32,0,0,0,0,0,109,0,0,0,0,0,0,0,0,0,0,0,0,0,0,,,,0,,,,,,,,,
1397,Internal,0,0,64447,46,29.7,10.9,22,1171,1454,59,240,49,0,0,0,0,0,0,0,0,0,0,0,0,0,0,0,0,0,0,0,0,,,,0,,,,,,,,,
1398,Internal,151,323,21100,50,2.5,2.7,22,125,289,4,94,0,0,0,0,0,0,83,0,0,0,0,0,0,0,0,0,0,0,0,0,0,,,,0,,,,,,,,,
1399,Internal,314,1028,178864,48,34.2,6.8,4,69,8,7,0,75,0,0,0,0,0,253,0,0,0,0,0,0,0,0,0,0,0,0,0,0,,,,0,,,,,,,,,
1400,Internal,162,313,36151,55,21.0,6.9,235,122,477,147,295,65,0,0,0,0,0,0,0,0,0,0,0,0,0,0,0,0,0,0,0,0,,,,0,,,,,,,,,
1401,Internal,194,375,36151,55,21.0,6.9,403,198,707,140,89,57,0,0,0,0,0,0,0,0,0,0,0,0,0,0,0,0,0,0,0,0,,,,0,,,,,,,,,
1402,Internal,23,63,36151,55,21.0,6.9,32,109,170,23,295,19,0,0,0,0,0,0,0,0,0,0,0,0,203,0,0,0,0,0,0,0,,,,0,,,,,,,,,
1403,Internal,45,140,36151,55,21.0,6.9,130,129,527,131,244,32,0,0,0,0,0,0,0,0,0,0,0,0,480,0,181,0,0,0,0,0,,,,0,,,,,,,,,
1404,Internal,61,153,36151,55,21.0,6.9,173,794,115,3,6,65,0,0,0,0,0,0,0,0,0,0,0,0,0,0,0,0,0,0,0,0,,,,0,,,,,,,,,
1405,Internal,896,2055,81641,55,23.7,3.1,15,178,633,80,541,33,0,0,0,0,0,0,0,0,0,0,0,0,0,0,0,0,0,0,0,0,,,,0,,,,,,,,,
1406,Internal,609,1681,39000,46,34.5,17.2,0,7,4,0,0,31,0,0,0,0,0,0,0,0,0,0,0,0,0,0,0,0,0,0,0,0,,,,0,,,,,,,,,
1407,Internal,159,454,52566,42,28.7,17.9,520,103,28,0,24,68,0,0,0,0,0,0,0,0,0,0,0,0,0,0,0,0,0,0,0,0,,,,0,,,,,,,,,
1408,Internal,316,737,50053,48,26.2,10.1,0,10,39,0,3,22,0,0,0,0,0,0,0,0,0,0,0,0,0,0,0,0,0,0,0,0,,,,0,,,,,,,,,
1409,Internal,823,1654,65568,44,23.7,20.2,0,12,301,74,886,13,0,0,0,0,0,0,0,0,0,0,0,0,0,0,0,0,0,0,0,0,,,,0,,,,,,,,,
1410,Internal,219,497,65568,44,23.7,20.2,1,100,182,8,325,10,0,0,0,0,0,0,0,0,0,0,0,0,0,0,0,0,0,0,0,0,,,,0,,,,,,,,,
1411,Internal,383,1149,72075,45,24.2,15.0,1,0,19,0,0,50,0,0,0,0,0,0,0,0,0,0,0,0,0,0,0,0,0,0,0,0,,,,0,,,,,,,,,
1412,Internal,741,2141,80094,45,31.6,16.5,0,0,11,0,0,32,0,0,0,0,0,0,0,0,0,0,0,0,0,0,0,0,0,0,0,0,,,,0,,,,,,,,,
1413,Internal,104,328,125080,51,22.6,11.1,5,13,16,0,0,15,0,0,0,0,0,0,0,0,0,0,0,0,0,0,0,0,0,0,0,0,,,,0,,,,,,,,,
1414,Internal,495,1455,82731,52,24.0,17.4,4,215,224,1,2,47,0,0,0,0,0,0,0,0,0,0,0,0,224,0,0,0,0,0,0,0,,,,0,,,,,,,,,
1415,Internal,214,636,83947,51,31.4,6.5,160,115,57,15,9,29,0,0,0,0,0,0,0,0,0,0,0,0,0,0,0,0,0,0,0,0,,,,0,,,,,,,,,
1416,Internal,522,1492,78750,45,24.8,12.7,14,17,83,2,325,20,0,0,0,0,0,0,0,0,0,0,0,0,0,0,0,0,0,0,0,0,,,,0,,,,,,,,,
1417,Internal,28,92,90436,46,31.5,7.5,0,243,6,0,0,44,0,0,0,0,0,0,0,0,0,0,0,0,6302,0,0,0,0,0,0,0,,,,0,,,,,,,,,
1418,Internal,73,138,85694,69,6.4,13.1,0,648,253,149,63,46,0,0,0,0,0,0,0,0,0,0,0,0,0,0,0,0,7,625,0,563,500,0,371,0,,,,,,,,,
1419,Internal,844,1541,85694,69,6.4,13.1,144,3475,944,1575,521,56,0,0,0,0,22,0,0,0,0,0,0,0,0,0,0,0,7,625,0,563,1625,0,682,0,,,,,,,,,
1420,Internal,19,37,85694,69,6.4,13.1,4,3219,734,142,148,24,0,0,0,0,0,0,0,0,0,0,0,0,0,0,0,0,7,100,0,300,3234,0,29,0,,,,,,,,,
1421,Internal,1445,2458,85694,69,6.4,13.1,43,2008,1741,1214,932,48,0,0,0,0,50,0,0,0,0,0,0,0,587,0,0,0,7,625,0,563,331,0,485,0,,,,,,,,,
1422,Internal,127,247,85694,69,6.4,13.1,68,2318,763,256,123,36,0,0,0,0,0,0,0,0,0,0,0,0,292,0,613,0,7,100,0,300,121,0,54,0,,,,,,,,,
1423,Internal,405,717,85694,69,6.4,13.1,42,3123,942,365,529,45,0,0,0,0,22,0,0,0,0,0,0,0,0,0,0,0,7,625,0,563,512,0,674,0,,,,,,,,,
1424,Internal,2471,4360,85694,69,6.4,13.1,182,3009,1100,946,883,36,0,0,0,0,28,0,0,0,0,0,0,0,0,0,0,0,7,625,0,563,201,0,357,0,,,,,,,,,
1425,Internal,44,85,85694,69,6.4,13.1,3,2801,492,254,34,22,0,0,0,0,0,0,0,0,0,0,0,0,0,0,0,0,7,100,0,300,1480,0,95,0,,,,,,,,,
1426,Internal,1,1,85694,69,6.4,13.1,0,844,149,873,20,44,0,0,0,0,0,0,0,0,0,0,0,0,0,0,0,0,7,100,0,300,670,0,140,0,,,,,,,,,
1427,Internal,308,679,85694,69,6.4,13.1,2,219,246,100,102,53,0,0,0,0,17,0,0,0,0,0,0,0,0,0,0,0,7,0,0,300,0,0,26,0,,,,,,,,,
1428,Internal,195,349,85694,69,6.4,13.1,22,2414,209,126,75,37,0,0,0,0,6,0,0,0,0,0,0,0,0,0,0,0,7,100,0,300,633,0,462,0,,,,,,,,,
1429,Internal,130,255,85694,69,6.4,13.1,21,158,406,112,367,37,0,0,0,0,0,0,0,0,0,0,0,0,0,0,0,0,7,625,0,563,1221,0,536,0,,,,,,,,,
1430,Internal,495,895,85694,69,6.4,13.1,25,1351,373,234,177,90,0,0,0,0,0,0,0,0,0,0,0,0,0,0,0,0,7,625,0,563,3182,0,308,0,,,,,,,,,
1431,Internal,535,1020,85694,69,6.4,13.1,39,1673,853,417,532,29,0,0,0,0,6,0,0,0,0,0,0,0,798,0,0,0,7,625,0,563,96,0,278,0,,,,,,,,,
1432,Internal,51,80,85694,69,6.4,13.1,2054,3521,540,438,297,72,0,0,0,0,6,0,0,0,0,0,0,0,0,0,0,0,7,625,0,563,900,0,1086,0,,,,,,,,,
1433,Internal,51,109,85694,69,6.4,13.1,48,1616,1343,630,366,55,0,0,0,0,0,0,0,0,0,0,0,0,0,0,0,0,7,625,0,563,495,0,384,0,,,,,,,,,
1434,Internal,27,52,85694,69,6.4,13.1,404,1029,223,295,147,63,0,0,0,0,0,0,0,0,0,0,0,0,0,0,0,0,7,625,0,563,303,0,98,0,,,,,,,,,
1435,Internal,725,997,85694,69,6.4,13.1,170,1584,325,415,110,62,0,0,0,0,95,0,0,0,0,0,0,0,0,0,0,0,7,625,0,563,1007,0,771,0,,,,,,,,,
1436,Internal,334,548,85694,69,6.4,13.1,24,312,263,248,94,41,0,0,0,0,34,0,0,0,0,0,0,0,0,0,0,0,7,625,0,563,358,0,155,0,,,,,,,,,
1437,Internal,317,497,85694,69,6.4,13.1,6,637,322,436,92,56,0,0,0,0,62,0,0,0,0,0,0,0,0,0,0,0,7,100,0,300,509,0,123,0,,,,,,,,,
1438,Internal,0,0,85694,69,6.4,13.1,32,6828,216,176,68,54,0,0,0,0,0,0,0,0,0,0,0,0,0,0,0,0,7,100,0,0,1030,0,0,0,,,,,,,,,
1439,Internal,352,765,63977,63,12.3,11.5,11,39,229,8,74,53,0,0,0,0,0,0,0,0,0,0,0,0,0,0,0,0,0,0,0,0,,,,0,,,,,,,,,
1440,Internal,741,1276,63977,63,12.3,11.5,28,307,289,70,41,38,0,0,0,0,95,0,0,0,0,0,0,0,1139,0,0,0,7,0,0,300,0,0,49,0,,,,,,,,,
1441,Internal,911,1605,41625,63,2.5,31.7,58,1285,1293,580,477,40,0,0,0,0,28,0,0,0,0,0,0,0,0,0,0,0,7,625,0,563,684,0,479,0,,,,,,,,,
1442,Internal,1537,2200,41625,63,2.5,31.7,79,848,816,287,690,27,0,0,0,0,166,0,0,0,0,0,0,0,0,0,0,0,7,625,0,563,991,0,679,0,,,,,,,,,
1443,Internal,503,941,103173,66,15.0,6.1,593,1456,734,722,307,40,0,0,0,0,11,0,0,0,0,0,0,0,0,0,0,0,0,0,0,0,,,,0,,,,,,,,,
1444,Internal,10,27,103173,66,15.0,6.1,167,139,679,107,83,40,0,0,0,0,0,0,0,0,0,0,0,0,0,0,0,0,0,0,0,0,,,,0,,,,,,,,,
1445,Internal,2109,4172,36875,66,15.4,19.7,91,689,1164,1122,429,32,0,0,0,0,11,0,0,0,0,0,0,0,0,462,266,0,7,0,0,300,0,0,51,0,,,,,,,,,
1446,Internal,136,259,44050,59,13.2,12.1,267,31,586,62,74,37,0,0,0,0,0,0,0,0,0,0,0,0,0,0,0,0,0,0,0,0,,,,0,,,,,,,,,
1447,Internal,431,1027,44050,59,13.2,12.1,147,166,405,20,44,35,0,0,0,0,0,0,0,0,0,0,0,0,2462,0,0,0,0,0,0,0,,,,0,,,,,,,,,
1448,Internal,702,1723,67250,59,21.0,3.0,28,129,98,26,10,16,0,0,0,0,0,0,0,0,0,0,0,0,599,0,0,0,0,0,0,0,,,,0,,,,,,,,,
1449,Internal,356,846,67250,59,21.0,3.0,0,7,33,19,3,33,0,0,0,0,0,0,0,0,0,0,0,0,0,0,0,0,0,0,0,0,,,,0,,,,,,,,,
1450,Internal,187,429,54028,59,15.6,11.7,8,6,5,5,6,19,0,0,0,0,6,0,0,0,0,0,0,0,0,0,0,0,0,0,0,0,,,,0,,,,,,,,,
1451,Internal,685,1502,54028,59,15.6,11.7,3,94,161,124,24,50,0,0,0,0,11,0,0,0,0,0,0,0,12,0,0,0,0,0,0,0,,,,0,,,,,,,,,
1452,Internal,463,947,19375,45,34.0,17.6,9,76,107,441,1,33,0,0,0,0,0,0,0,0,0,0,0,0,160,767,0,0,0,0,0,0,,,,0,,,,,,,,,
1453,Internal,595,1342,37337,45,30.7,8.6,2,62,188,43,187,12,0,0,0,0,6,0,0,0,0,0,0,0,0,0,0,0,0,0,0,0,,,,0,,,,,,,,,
1454,Internal,353,797,47969,45,18.1,11.2,6,31,38,9,0,27,0,0,0,0,0,0,0,0,0,0,0,0,0,0,0,0,0,0,0,0,,,,0,,,,,,,,,
1455,Internal,287,644,47969,45,18.1,11.2,50,6,113,0,4,27,0,0,0,0,0,0,0,0,0,0,0,0,0,0,0,0,0,0,0,0,,,,0,,,,,,,,,
1456,Internal,576,1468,48646,43,15.5,18.4,71,48,166,73,102,10,0,0,0,0,0,0,0,0,0,0,0,0,0,0,0,0,0,0,0,0,,,,0,,,,,,,,,
1457,Internal,102,243,34329,43,40.4,5.7,8,95,36,0,0,50,0,0,0,0,6,0,0,0,0,0,0,0,843,0,0,0,0,0,0,0,,,,0,,,,,,,,,
1458,Internal,238,509,34329,43,40.4,5.7,6,891,62,15,8,36,0,0,0,0,0,0,0,0,0,0,0,0,0,0,0,0,0,0,0,0,,,,0,,,,,,,,,
1459,Internal,433,1082,28658,43,16.8,16.5,6,63,139,105,29,6,0,0,0,0,0,0,0,0,0,0,0,0,0,0,0,0,0,0,0,0,,,,0,,,,,,,,,
1460,Internal,100,220,28658,43,16.8,16.5,0,51,133,0,18,64,0,0,0,0,0,0,0,0,0,0,0,0,0,0,0,0,0,0,0,0,,,,0,,,,,,,,,
1461,Internal,142,208,28658,43,16.8,16.5,0,78,60,51,8,36,0,0,0,0,17,0,0,0,0,0,0,0,340,0,0,0,0,0,0,0,,,,0,,,,,,,,,
1462,Internal,13,46,27885,37,26.2,7.4,17,3,714,60,0,36,0,0,0,0,0,0,0,0,0,0,0,0,0,0,0,0,0,0,0,0,,,,0,,,,,,,,,
1463,Internal,105,288,27885,37,26.2,7.4,34,4,24,0,6,6,0,0,0,0,11,0,0,0,0,0,0,0,0,0,0,0,0,0,0,0,,,,0,,,,,,,,,
1464,Internal,703,1579,30072,37,35.0,8.0,17,123,56,0,7,42,0,0,0,0,6,0,0,0,0,0,0,0,1174,0,0,0,0,0,0,0,,,,0,,,,,,,,,
1465,Internal,50,124,30072,37,35.0,8.0,88,337,80,8,7,46,0,0,0,0,0,0,0,0,0,0,0,0,0,0,0,0,0,0,0,0,,,,0,,,,,,,,,
1466,Internal,441,940,25398,37,25.0,11.3,0,112,12,88,0,33,0,0,0,0,6,0,0,0,0,0,0,0,1249,0,0,0,0,0,0,0,,,,0,,,,,,,,,
1467,Internal,949,1810,50078,40,38.1,6.5,92,1318,1572,814,467,52,0,0,0,0,0,0,0,0,0,0,0,0,0,302,494,0,7,625,0,563,375,0,2039,0,,,,,,,,,
1468,Internal,778,1624,50078,40,38.1,6.5,0,602,781,116,518,37,0,0,0,0,0,0,0,0,0,0,0,0,0,0,0,0,7,625,0,563,125,0,125,0,,,,,,,,,
1469,Internal,219,465,41875,55,26.1,5.8,6,25,25,6,13,48,0,0,0,0,0,0,0,0,0,0,0,0,0,0,0,0,0,0,0,0,,,,0,,,,,,,,,
1470,Internal,131,319,50078,40,38.1,6.5,0,25,257,259,46,22,0,0,0,0,0,0,0,0,0,0,0,0,0,300,494,0,7,625,0,563,7,0,34,0,,,,,,,,,
1471,Internal,137,298,35150,40,27.2,7.3,0,85,106,6,5,42,0,0,0,0,0,0,0,0,0,0,0,0,0,0,0,0,0,0,0,0,,,,0,,,,,,,,,
1472,Internal,274,718,24688,40,21.5,12.8,0,36,19,2,6,42,0,0,0,0,0,0,0,0,0,0,0,0,0,0,0,0,0,0,0,0,,,,0,,,,,,,,,
1473,Internal,93,168,24688,40,21.5,12.8,5,4,2,3,0,42,0,0,0,0,0,0,0,0,0,0,0,0,0,0,0,0,0,0,0,0,,,,0,,,,,,,,,
1474,Internal,42,77,24688,40,21.5,12.8,0,9,12,22,0,42,0,0,0,0,0,0,0,0,0,0,0,0,0,0,0,0,0,0,0,0,,,,0,,,,,,,,,
1475,Internal,592,1011,35150,40,27.2,7.3,30,324,346,47,87,71,0,0,0,0,6,0,0,0,0,0,0,0,730,0,0,0,0,0,0,0,,,,0,,,,,,,,,
1476,Internal,194,463,35150,40,27.2,7.3,0,76,35,10,12,26,0,0,0,0,0,0,0,0,0,0,0,0,0,0,0,0,0,0,0,0,,,,0,,,,,,,,,
1477,Internal,1195,2082,53661,72,2.8,2.8,47,25,137,165,114,13,27,0,0,0,1019,0,0,0,0,0,0,0,0,0,0,0,0,0,0,0,,,,0,,,,,,,,,
1478,Internal,1168,2021,53661,72,2.8,2.8,41,889,795,393,393,47,0,0,0,0,150,0,0,0,0,0,0,0,0,0,0,0,7,625,0,563,982,0,562,0,,,,,,,,,
1479,Internal,784,1494,44500,72,11.1,8.0,63,987,241,247,166,61,0,0,0,0,0,0,0,0,0,0,0,0,0,0,0,0,7,0,0,300,0,0,35,0,,,,,,,,,
1480,Internal,674,1451,44500,72,11.1,8.0,47,575,401,176,229,35,0,0,0,0,0,0,0,0,0,0,0,0,0,0,0,0,7,0,0,300,0,0,48,0,,,,,,,,,
1481,Internal,277,602,44500,72,11.1,8.0,7,258,75,94,25,42,0,0,0,0,6,0,0,0,0,0,0,0,0,0,0,0,0,0,0,0,,,,0,,,,,,,,,
1482,Internal,3,8,22361,82,2.5,3.2,0,1,82,477,0,28,0,0,0,0,0,0,0,0,0,0,0,0,0,0,0,0,0,0,0,0,,,,0,,,,,,,,,
1483,Internal,93,180,22361,82,2.5,3.2,5,14,17,106,0,28,0,0,0,0,67,0,0,0,0,0,0,0,0,0,0,0,0,0,0,0,,,,0,,,,,,,,,
1484,Internal,17,53,22361,82,2.5,3.2,0,318,1094,73,8,61,0,0,0,0,0,0,0,0,0,0,0,0,418,0,0,0,0,0,0,0,,,,0,,,,,,,,,
1485,Internal,501,1121,90436,46,31.5,7.5,13,7,495,39,477,10,0,0,0,0,0,0,0,0,0,0,0,0,0,0,0,0,0,0,0,0,,,,0,,,,,,,,,
1486,Internal,0,0,22361,82,25.0,11.0,20,2200,42,18,26,28,0,0,0,0,0,0,0,0,700,0,0,0,0,0,0,0,5,518,0,200,663,0,83,0,,,,,,,,,
1487,Internal,1,10,22361,82,25.0,11.0,26,296,40,4,3,28,351,0,0,0,0,0,0,0,66,0,0,0,0,0,0,0,5,203,0,200,254,0,9,0,,,,,,,,,
1488,Internal,370,1063,101164,46,29.3,10.0,0,0,0,0,0,0,0,0,0,0,0,0,0,0,0,0,0,0,793,0,0,0,0,0,0,0,,,,0,,,,,,,,,
1489,Internal,411,685,34563,40,23.0,7.0,0,15,209,0,0,17,284,0,0,0,6,0,0,0,28,0,0,0,0,0,0,0,5,192,106,0,12,389,0,0,,,,,,,,,
1490,Internal,526,1252,101164,46,29.3,10.0,509,134,92,14,96,49,0,0,0,0,0,0,0,0,0,0,0,0,1629,0,0,0,0,0,0,0,,,,0,,,,,,,,,
1491,Internal,340,721,94474,52,26.1,8.2,3,162,1545,105,164,13,0,0,0,0,0,0,0,0,0,0,0,0,0,0,0,0,0,0,0,0,,,,0,,,,,,,,,
1492,Internal,331,657,82727,66,3.9,11.3,0,0,19,0,0,34,0,0,0,0,11,0,0,0,0,0,0,0,0,0,0,0,0,0,0,0,,,,0,,,,,,,,,
1493,Internal,687,996,82727,66,3.9,11.3,9,729,607,75,130,61,0,0,0,0,234,0,0,0,0,0,0,0,0,0,0,0,0,0,0,0,,,,0,,,,,,,,,
1494,Internal,703,1231,50694,66,21.1,5.1,151,70,268,107,1151,17,0,0,0,0,155,0,0,0,0,0,0,0,0,0,0,0,0,0,0,0,,,,0,,,,,,,,,
1495,Internal,437,694,50694,66,21.1,5.1,4,202,71,0,0,45,0,0,0,0,118,0,0,0,0,0,0,0,2616,0,0,0,0,0,0,0,,,,0,,,,,,,,,
1496,Internal,264,660,50694,66,21.1,5.1,10,118,88,1,18,50,0,0,0,0,17,0,0,0,0,0,0,0,873,0,0,0,0,0,0,0,,,,0,,,,,,,,,
1497,Internal,398,822,68750,66,7.6,14.1,3,100,95,69,25,59,0,0,0,0,11,0,0,0,0,0,0,0,0,0,0,0,0,0,0,0,,,,0,,,,,,,,,
1498,Internal,646,1218,68750,66,7.6,14.1,26,401,319,95,436,18,329,0,0,0,651,0,0,0,0,0,0,0,0,0,0,0,5,192,0,200,248,0,211,0,,,,,,,,,
1499,Internal,125,283,97235,53,13.0,10.6,0,3,5,0,2,36,0,0,0,0,0,0,0,0,0,0,0,0,0,0,0,0,0,0,0,0,,,,0,,,,,,,,,
1500,Internal,267,622,97235,53,13.0,10.6,2,12,8,0,0,36,0,0,0,0,0,0,0,0,0,0,0,0,32,0,0,0,0,0,0,0,,,,0,,,,,,,,,
1501,Internal,470,1143,44973,53,6.8,6.9,4,103,90,3,75,29,0,0,0,0,106,0,0,0,3,0,0,0,385,0,0,0,5,203,0,0,177,0,0,0,,,,,,,,,
1502,Internal,363,754,52750,53,2.5,14.4,10,17,87,13,142,20,0,0,0,0,267,0,0,0,0,0,0,0,0,0,0,0,0,0,0,0,,,,0,,,,,,,,,
1503,Internal,76,144,52750,53,2.5,14.4,0,9,71,0,89,16,272,0,0,0,1871,0,0,0,0,0,0,0,0,0,0,0,5,140,101,0,225,1015,0,0,,,,,,,,,
1504,Internal,243,488,52750,53,2.5,14.4,125,59,136,3,157,28,600,0,0,0,590,0,0,0,0,0,0,0,0,0,0,0,0,0,0,0,,,,0,,,,,,,,,
1505,Internal,556,1158,82969,53,22.8,6.3,18,31,138,0,3,12,0,0,0,0,95,0,0,0,0,0,0,0,0,0,0,0,0,0,0,0,,,,0,,,,,,,,,
1506,Internal,327,776,77097,53,28.9,9.2,10,55,139,3,23,70,0,0,0,0,22,0,0,0,0,0,0,0,0,0,0,0,0,0,0,0,,,,0,,,,,,,,,
1507,Internal,566,979,77097,53,28.9,9.2,0,0,7,0,0,36,0,0,0,0,0,0,0,0,0,0,0,0,0,0,0,0,0,0,0,0,,,,0,,,,,,,,,
1508,Internal,101,252,77097,53,28.9,9.2,0,8,56,1019,0,53,0,0,0,0,0,0,0,0,0,0,0,0,0,0,0,0,0,0,0,0,,,,0,,,,,,,,,
1509,Internal,807,1727,91771,51,14.5,25.6,15,282,797,0,38,71,0,0,0,0,28,0,0,0,0,0,0,0,0,0,0,0,0,0,0,0,,,,0,,,,,,,,,
1510,Internal,6,28,91771,51,14.5,25.6,0,21,165,266,80,19,0,0,0,0,0,0,0,0,0,0,0,0,0,0,0,0,0,0,0,0,,,,0,,,,,,,,,
1511,Internal,503,1467,157371,51,28.4,22.4,7,38,76,0,50,41,0,0,0,0,0,0,0,0,0,0,0,0,0,0,0,0,0,0,0,0,,,,0,,,,,,,,,
1512,Internal,269,721,157371,51,28.4,22.4,10,29,12,35,10,56,0,0,0,0,0,0,0,0,0,0,0,0,0,0,0,0,0,0,0,0,,,,0,,,,,,,,,
1513,Internal,322,872,106172,55,22.3,14.0,11,28,170,0,55,38,0,0,0,0,6,0,0,0,0,0,0,0,910,0,0,0,0,0,0,0,,,,0,,,,,,,,,
1514,Internal,362,946,106172,55,22.3,14.0,0,18,65,7,440,18,0,0,0,0,6,0,0,0,0,0,0,0,0,0,0,0,0,0,0,0,,,,0,,,,,,,,,
1515,Internal,267,471,72303,55,17.7,24.7,1,56,47,0,0,34,0,0,0,0,39,0,0,0,0,0,0,0,0,0,0,0,0,0,0,0,,,,0,,,,,,,,,
1516,Internal,302,535,72303,55,17.7,24.7,0,115,11,102,0,45,0,0,0,0,62,0,0,0,0,0,0,0,1393,0,0,0,0,0,0,0,,,,0,,,,,,,,,
1517,Internal,734,1484,92656,54,13.3,17.4,17,120,129,0,180,31,0,0,0,0,17,0,0,0,0,0,0,0,1595,0,0,0,0,0,0,0,,,,0,,,,,,,,,
1518,Internal,370,997,176111,54,27.4,26.2,175,230,269,48,46,47,0,0,0,0,0,0,0,0,0,0,0,0,0,0,0,0,0,0,0,0,,,,0,,,,,,,,,
1519,Internal,174,436,115833,54,21.5,16.7,2,36,90,0,6,56,0,0,0,0,0,0,0,0,0,0,0,0,0,0,0,0,0,0,0,0,,,,0,,,,,,,,,
1520,Internal,201,531,115833,54,21.5,16.7,10,1512,131,25,91,52,0,0,0,0,0,0,0,0,0,0,0,0,0,0,0,0,0,0,0,0,,,,0,,,,,,,,,
1521,Internal,141,284,115833,54,21.5,16.7,10,0,5,0,1,47,0,0,0,0,0,0,0,0,0,0,0,0,0,0,0,0,0,0,0,0,,,,0,,,,,,,,,
1522,Internal,306,844,208375,54,33.1,10.2,8,1,8,0,0,47,0,0,0,0,0,0,0,0,0,0,0,0,0,0,0,0,0,0,0,0,,,,0,,,,,,,,,
1523,Internal,482,1137,150515,54,19.2,14.8,6,22,185,31,191,35,0,0,0,0,0,0,0,0,0,0,0,0,0,0,0,0,0,0,0,0,,,,0,,,,,,,,,
1524,Internal,192,570,160795,48,29.7,21.5,2,93,5,0,3,43,0,0,0,0,0,0,0,0,0,0,0,0,624,0,0,0,0,0,0,0,,,,0,,,,,,,,,
1525,Internal,206,578,160795,48,29.7,21.5,7,115,48,0,0,53,0,0,0,0,0,0,0,0,0,0,0,0,789,0,0,0,0,0,0,0,,,,0,,,,,,,,,
1526,Internal,257,697,191944,48,24.0,14.6,6,32,56,3,0,41,0,0,0,0,0,0,0,0,0,0,0,0,0,0,0,0,0,0,0,0,,,,0,,,,,,,,,
1527,Internal,275,728,191944,48,24.0,14.6,0,7,18,0,0,25,0,0,0,0,0,0,0,0,0,0,0,0,0,0,0,0,0,0,0,0,,,,0,,,,,,,,,
1528,Internal,881,1786,183750,48,23.9,22.4,135,1289,1020,78,85,43,0,0,0,0,0,0,0,0,0,0,0,0,0,0,0,0,0,0,0,0,,,,0,,,,,,,,,
1529,Internal,293,614,183750,48,23.9,22.4,21,210,412,0,8,43,0,0,0,0,28,0,0,0,0,0,0,0,617,0,0,0,0,0,0,0,,,,0,,,,,,,,,
1530,Internal,34,65,183750,48,23.9,22.4,0,63,5,65,21,23,0,0,0,0,0,0,0,0,0,0,0,0,0,0,0,0,0,0,0,0,,,,0,,,,,,,,,
1531,Internal,568,1322,95735,56,17.5,9.8,30,17,49,0,3,31,0,0,0,0,6,0,0,0,0,0,0,0,0,0,0,0,0,0,0,0,,,,0,,,,,,,,,
1532,Internal,537,1027,95735,56,17.5,9.8,487,526,574,52,227,49,0,0,0,0,0,0,0,0,0,0,0,0,0,0,0,0,0,0,0,0,,,,0,,,,,,,,,
1533,Internal,339,730,95735,56,17.5,9.8,269,231,506,35,97,37,0,0,0,0,6,0,0,0,0,0,0,0,0,0,0,0,0,0,0,0,,,,0,,,,,,,,,
1534,Internal,533,1292,136161,56,26.9,5.8,3,37,20,34,0,60,0,0,0,0,6,0,0,0,0,0,0,0,0,0,0,0,0,0,0,0,,,,0,,,,,,,,,
1535,Internal,224,578,136161,56,26.9,5.8,0,83,138,7,81,49,0,0,0,0,11,0,0,0,0,0,0,0,584,0,0,0,0,0,0,0,,,,0,,,,,,,,,
1536,Internal,783,1460,62312,56,11.4,22.4,12,109,592,203,116,31,0,0,0,0,11,0,0,0,0,0,0,0,867,0,0,0,0,0,0,0,,,,0,,,,,,,,,
1537,Internal,181,364,62312,56,11.4,22.4,56,30,282,15,54,17,0,0,0,0,11,0,0,0,0,0,0,0,0,0,0,0,0,0,0,0,,,,0,,,,,,,,,
1538,Internal,740,1627,37950,40,23.4,13.2,7,3,62,5,88,5,0,0,0,0,6,0,0,0,0,0,0,0,0,0,0,0,0,0,0,0,,,,0,,,,,,,,,
1539,Internal,404,978,37734,40,20.9,24.2,12,85,45,2,1,42,0,0,0,0,0,0,0,0,0,0,0,0,397,0,0,0,0,0,0,0,,,,0,,,,,,,,,
1540,Internal,19,33,61125,40,21.7,12.0,0,37,374,8,35,41,0,0,0,0,0,0,0,0,0,0,0,0,0,0,0,0,0,0,0,0,,,,0,,,,,,,,,
1541,Internal,72,149,61125,40,21.7,12.0,0,238,0,18,0,37,0,0,0,0,0,0,0,0,0,0,0,0,3170,0,0,0,0,0,0,0,,,,0,,,,,,,,,
1542,Internal,613,1471,61125,40,21.7,12.0,8,79,13,28,0,29,0,0,0,0,0,0,0,0,0,0,0,0,75,0,0,0,0,0,0,0,,,,0,,,,,,,,,
1543,Internal,297,742,61125,40,21.7,12.0,12,53,69,2,6,32,0,0,0,0,0,0,0,0,0,0,0,0,0,0,0,0,0,0,0,0,,,,0,,,,,,,,,
1544,Internal,395,1009,37950,40,23.4,13.2,8,4,2,12,20,32,0,0,0,0,0,0,0,0,0,0,0,0,0,0,0,0,0,0,0,0,,,,0,,,,,,,,,
1545,Internal,86,253,37734,40,20.9,24.2,0,0,0,0,0,32,0,0,0,0,0,0,0,0,0,0,0,0,0,0,0,0,0,0,0,0,,,,0,,,,,,,,,
1546,Internal,553,1250,24007,42,35.3,7.8,25,339,576,18,215,58,0,0,0,0,11,0,0,0,0,0,0,0,0,0,0,0,0,0,0,0,,,,0,,,,,,,,,
1547,Internal,96,220,24007,42,35.3,7.8,0,57,10120,120,37,58,0,0,0,0,0,0,0,0,0,0,0,0,417,0,2192,1,0,0,0,0,,,,0,,,,,,,,,
1548,Internal,920,2210,33435,42,35.0,2.5,17,21,1068,26,281,34,0,0,0,0,17,0,0,0,0,0,0,0,0,0,0,0,0,0,0,0,,,,0,,,,,,,,,
1549,Internal,426,1072,24007,42,35.3,7.8,2,555,1203,32,9,26,0,0,0,0,0,0,0,0,0,0,0,0,0,0,0,0,0,0,0,0,,,,0,,,,,,,,,
1550,Internal,163,372,33435,42,35.0,2.5,0,17,41,0,10,57,0,0,0,0,0,0,0,0,0,0,0,0,0,0,0,0,0,0,0,0,,,,0,,,,,,,,,
1551,Internal,357,959,25284,32,39.9,11.6,0,90,97,11,33,40,0,0,0,0,0,0,0,0,0,0,0,0,451,0,0,0,0,0,0,0,,,,0,,,,,,,,,
1552,Internal,489,1561,32000,32,29.8,12.0,0,9,26,93,11,38,0,0,0,0,0,0,0,0,0,0,0,0,0,0,0,0,0,0,0,0,,,,0,,,,,,,,,
1553,Internal,156,247,48646,43,15.5,18.4,0,2,89,0,49,39,0,0,0,0,0,0,0,0,0,0,0,0,0,0,0,0,0,0,0,0,,,,0,,,,,,,,,
1554,Internal,55,181,46442,37,32.2,6.0,506,99,55,14,0,48,0,0,0,0,0,0,0,0,0,0,0,0,272,0,0,0,0,0,0,0,,,,0,,,,,,,,,
1555,Internal,210,580,40903,32,32.1,15.2,5,100,4,9,3,44,0,0,0,0,0,0,0,0,0,0,0,0,467,0,0,0,0,0,0,0,,,,0,,,,,,,,,
1556,Internal,120,403,32000,32,29.8,12.0,0,58,16,0,0,38,0,0,0,0,0,0,0,0,0,0,0,0,0,0,0,0,0,0,0,0,,,,0,,,,,,,,,
1557,Internal,621,1632,44722,32,13.3,29.0,1,16,34,7,3,38,0,0,0,0,0,0,0,0,0,0,0,0,0,0,0,0,0,0,0,0,,,,0,,,,,,,,,
1558,Internal,218,583,40903,32,32.1,15.2,0,0,2,11,6,38,0,0,0,0,0,0,0,0,0,0,0,0,0,0,0,0,0,0,0,0,,,,0,,,,,,,,,
1559,Internal,419,1321,46442,37,32.2,6.0,2,2,27,7,0,45,0,0,0,0,0,0,0,0,0,0,0,0,14,0,0,0,0,0,0,0,,,,0,,,,,,,,,
1560,Internal,146,418,31864,43,19.5,19.6,2,92,11,296,13,46,0,0,0,0,0,0,0,0,0,0,0,0,686,0,0,0,0,0,0,0,,,,0,,,,,,,,,
1561,Internal,625,1487,31864,43,19.5,19.6,11,133,27,9,146,5,0,0,0,0,0,0,0,0,0,0,0,0,0,0,0,0,0,0,0,0,,,,0,,,,,,,,,
1562,Internal,549,1425,42969,43,2.5,27.3,1,16,50,24,0,10,0,0,0,0,0,0,0,0,0,0,0,0,0,0,0,0,0,0,0,0,,,,0,,,,,,,,,
1563,Internal,993,2978,54025,43,29.0,10.0,3,26,119,18,5,25,0,0,0,0,0,0,0,0,0,0,0,0,0,0,0,0,0,0,0,0,,,,0,,,,,,,,,
1564,Internal,330,1032,32738,43,36.2,4.3,318,98,216,6,0,49,0,0,0,0,6,0,0,0,0,0,0,0,0,0,0,0,0,0,0,0,,,,0,,,,,,,,,
1565,Internal,466,1206,32738,43,36.2,4.3,15,28,32,175,1,25,0,0,0,0,0,0,0,0,0,0,0,0,0,0,0,0,0,0,0,0,,,,0,,,,,,,,,
1566,Internal,475,1269,54025,43,29.0,10.0,3,328,98,111,6,18,0,0,0,0,6,0,0,0,0,0,0,0,0,0,0,0,0,0,0,0,,,,0,,,,,,,,,
1567,Internal,506,1536,54025,43,29.0,10.0,5,116,16,0,0,25,0,0,0,0,0,0,0,0,0,0,0,0,476,0,0,0,0,0,0,0,,,,0,,,,,,,,,
1568,Internal,116,219,31864,43,19.5,19.6,0,0,5,11,3,25,0,0,0,0,0,0,0,0,0,0,0,0,792,0,0,0,0,0,0,0,,,,0,,,,,,,,,
1569,Internal,735,2131,46442,37,32.2,6.0,6,77,114,10,17,6,0,0,0,0,0,0,0,0,0,0,0,0,0,0,0,0,0,0,0,0,,,,0,,,,,,,,,
1570,Internal,575,1705,46296,37,29.7,11.9,16,22,33,28,3,14,0,0,0,0,0,0,0,0,0,0,0,0,32,0,0,0,0,0,0,0,,,,0,,,,,,,,,
1571,Internal,430,1111,46442,37,32.2,6.0,6,3,21,12,18,45,0,0,0,0,28,0,0,0,0,0,0,0,0,0,0,0,0,0,0,0,,,,0,,,,,,,,,
1572,Internal,954,2072,41875,55,26.1,5.8,42,495,746,90,171,46,0,0,0,0,0,0,0,0,0,0,0,0,0,0,0,0,0,0,0,0,,,,0,,,,,,,,,
1573,Internal,73,153,35150,40,27.2,7.3,121,39,585,59,15,37,0,0,0,0,0,0,0,0,0,0,0,0,0,0,0,0,0,0,0,0,,,,0,,,,,,,,,
1574,Internal,2,16,41875,55,26.1,5.8,5,4,19,0,14,37,0,0,0,0,0,0,0,0,0,0,0,0,0,0,0,0,0,0,0,0,,,,0,,,,,,,,,
1575,Internal,866,1846,41875,55,26.1,5.8,477,145,288,1,68,48,0,0,0,0,0,0,0,0,0,0,0,0,0,0,0,0,0,0,0,0,,,,0,,,,,,,,,
1576,Internal,218,436,41875,55,26.1,5.8,296,128,160,28,50,74,0,0,0,0,6,0,0,0,0,0,0,0,0,0,0,0,0,0,0,0,,,,0,,,,,,,,,
1577,Internal,526,1077,36151,55,21.0,6.9,4,175,492,34,11,49,0,0,0,0,0,0,0,0,0,0,0,0,0,0,0,0,0,0,0,0,,,,0,,,,,,,,,
1578,Internal,137,262,36151,55,21.0,6.9,374,849,1079,475,478,47,0,0,0,0,0,0,0,0,0,0,0,0,431,0,4314,0,0,0,0,0,,,,0,,,,,,,,,
1579,Internal,57,91,36151,55,21.0,6.9,446,309,1867,171,324,25,0,0,0,0,6,0,0,0,0,0,0,0,0,0,0,0,0,0,0,0,,,,0,,,,,,,,,
1580,Internal,74,181,36151,55,21.0,6.9,55,176,927,35,135,47,0,0,0,0,0,0,0,0,0,0,0,0,0,0,0,0,0,0,0,0,,,,0,,,,,,,,,
1581,Internal,120,259,32199,55,18.3,11.8,1,11,14,5,7,56,0,0,0,0,0,0,0,0,0,0,0,0,0,0,0,0,0,0,0,0,,,,0,,,,,,,,,
1582,Internal,112,261,36151,55,21.0,6.9,1,20,46,30,84,48,0,0,0,0,0,0,0,0,0,0,0,0,0,0,0,0,0,0,0,0,,,,0,,,,,,,,,
1583,Internal,213,451,36151,55,21.0,6.9,634,65,115,24,18,48,0,0,0,0,6,0,0,0,0,0,0,0,0,0,0,0,0,0,0,0,,,,0,,,,,,,,,
1584,Internal,168,423,32199,55,18.3,11.8,18,15,18,0,0,48,0,0,0,0,0,0,0,0,0,0,0,0,0,0,0,0,0,0,0,0,,,,0,,,,,,,,,
1585,Internal,265,521,36151,55,21.0,6.9,358,82,44,8,34,48,0,0,0,0,0,0,0,0,0,0,0,0,0,0,0,0,0,0,0,0,,,,0,,,,,,,,,
1586,Internal,0,0,41875,55,26.1,5.8,0,7,53,5,0,48,0,0,0,0,6,0,0,0,0,0,0,0,0,0,0,0,0,0,0,0,,,,0,,,,,,,,,
1587,Internal,6,15,31864,43,19.5,19.6,3,26,1,0,0,28,0,0,0,0,0,0,0,0,0,0,0,0,0,0,0,0,0,0,0,0,,,,0,,,,,,,,,
1588,Internal,823,1791,32199,55,18.3,11.8,1,35,24,109,2,48,0,0,0,0,0,0,0,0,0,0,0,0,0,0,0,0,0,0,0,0,,,,0,,,,,,,,,
1589,Internal,484,904,81641,55,23.7,3.1,0,22,27,3,0,8,9,0,0,0,172,0,0,0,0,0,0,0,0,0,0,0,0,0,0,0,,,,0,,,,,,,,,
1590,Internal,1105,2557,81641,55,23.7,3.1,14,147,558,24,305,14,0,0,0,0,56,0,0,0,0,0,0,0,0,0,0,0,0,0,0,0,,,,0,,,,,,,,,
1591,Internal,442,811,66250,63,4.2,9.6,80,17,13,80,45,46,0,0,0,0,206,0,0,0,0,0,0,0,18,0,0,0,0,0,0,0,,,,0,,,,,,,,,
1592,Internal,382,659,66250,63,4.2,9.6,0,0,29,0,3,32,0,0,0,0,290,0,0,0,0,0,0,0,0,0,0,0,0,0,0,0,,,,0,,,,,,,,,
1593,Internal,133,252,66250,63,4.2,9.6,0,0,8,0,0,32,0,0,0,0,62,0,0,0,0,0,0,0,0,0,0,0,0,0,0,0,,,,0,,,,,,,,,
1594,Internal,447,1038,36495,63,9.6,2.5,0,1,35,0,0,32,0,0,0,0,334,0,0,0,0,0,0,0,0,0,0,0,0,0,0,0,,,,0,,,,,,,,,
1595,Internal,52,101,36495,63,9.6,2.5,3,0,6,0,27,54,0,0,0,0,6,0,0,0,0,0,0,0,0,0,0,0,0,0,0,0,,,,0,,,,,,,,,
1596,Internal,685,1353,38692,63,2.5,2.5,8,125,86,7,198,11,135,0,0,0,746,0,0,0,0,0,0,0,0,0,0,0,0,0,0,0,,,,0,,,,,,,,,
1597,Internal,429,845,36495,63,9.6,2.5,0,91,30,18,0,32,0,0,0,0,757,0,0,0,0,0,0,0,0,0,0,0,0,0,0,0,,,,0,,,,,,,,,
1598,Internal,298,499,36495,63,9.6,2.5,0,0,2,0,1,32,0,0,0,0,211,0,0,0,0,0,0,0,0,0,0,0,0,0,0,0,,,,0,,,,,,,,,
1599,Internal,334,685,36495,63,9.6,2.5,0,7,22,37,12,20,0,0,0,0,695,0,0,0,0,0,0,0,0,0,0,0,0,0,0,0,,,,0,,,,,,,,,
1600,Internal,243,401,38692,63,2.5,2.5,0,0,59,0,20,32,0,0,0,0,245,0,0,0,0,0,0,0,0,0,0,0,0,0,0,0,,,,0,,,,,,,,,
1601,Internal,828,1546,65902,68,8.7,8.9,163,333,388,173,75,40,0,0,0,0,0,0,0,0,0,0,0,0,0,0,0,0,0,0,0,0,,,,0,,,,,,,,,
1602,Internal,295,608,36458,57,5.3,2.5,0,4097,350,33,21,58,0,0,0,0,0,0,0,0,0,0,0,0,0,0,0,0,0,0,0,0,,,,0,,,,,,,,,
1603,Internal,50,120,36458,57,5.3,2.5,0,381,781,88,47,58,0,0,0,0,0,0,0,0,108,0,0,0,0,0,0,0,5,140,0,0,259,0,0,0,,,,,,,,,
1604,Internal,896,2311,53952,57,5.7,5.0,9,7,43,22,3,58,243,0,0,0,1464,0,0,0,0,0,0,0,0,0,0,0,0,0,0,0,,,,0,,,,,,,,,
1605,Internal,775,1997,47794,57,13.6,7.7,0,18,261,0,4,28,0,0,0,0,395,0,0,0,0,0,0,0,0,0,0,0,0,0,0,0,,,,0,,,,,,,,,
1606,Internal,90,146,36458,57,5.3,2.5,0,11,51,2,130,18,330,0,0,0,0,0,0,0,5,0,0,0,0,0,0,0,5,0,0,200,0,0,69,0,,,,,,,,,
1607,Internal,362,813,47794,57,13.6,7.7,10,16,57,4,1,22,0,0,0,0,585,0,0,0,0,0,0,0,0,0,0,0,0,0,0,0,,,,0,,,,,,,,,
1608,Internal,522,1265,53952,57,5.7,5.0,9,12,81,20,115,14,0,0,0,0,262,0,0,0,0,0,0,0,0,0,0,0,0,0,0,0,,,,0,,,,,,,,,
1609,Internal,74,202,65902,68,8.7,8.9,0,109,296,75,58,14,0,0,0,0,0,0,0,0,0,0,0,0,346,0,0,0,0,0,0,0,,,,0,,,,,,,,,
1610,Internal,132,285,61518,47,13.0,18.0,112,241,623,158,551,15,0,0,0,0,0,0,0,0,0,0,0,0,0,0,0,0,0,0,0,0,,,,0,,,,,,,,,
1611,Internal,253,650,57891,51,16.0,18.1,11,69,500,55,245,17,0,0,0,0,0,0,0,0,0,0,0,0,0,0,0,0,0,0,0,0,,,,0,,,,,,,,,
1612,Internal,17,45,36458,57,5.3,2.5,173,2926,3350,719,477,22,0,0,0,0,0,0,0,0,2536,0,0,0,0,0,0,0,0,0,0,0,,,,0,,,,,,,,,
1613,Internal,50,92,65902,68,8.7,8.9,76,695,2316,465,319,37,0,0,0,0,17,0,0,0,0,0,0,0,0,0,0,0,5,203,101,0,400,920,0,0,,,,,,,,,
1614,Internal,183,374,65902,68,8.7,8.9,0,313,121,30,78,50,0,0,0,0,0,0,0,0,0,0,0,0,0,0,0,0,0,0,0,0,,,,0,,,,,,,,,
1615,Internal,3,10,65902,68,8.7,8.9,231,2213,27,6,0,73,0,0,0,0,0,0,0,0,0,0,0,0,0,0,0,0,0,0,0,0,,,,0,,,,,,,,,
1616,Internal,115,320,65902,68,8.7,8.9,136,1718,11,142,0,16,0,0,0,0,0,0,0,0,4,0,0,0,0,0,0,0,0,0,0,0,,,,0,,,,,,,,,
1617,Internal,1721,2862,65902,68,8.7,8.9,24,615,455,5,27,66,0,0,0,0,368,0,0,0,0,0,0,0,2021,0,0,0,0,0,0,0,,,,0,,,,,,,,,
1618,Internal,65,125,65902,68,8.7,8.9,301,999,406,395,122,41,0,0,0,0,133,0,0,0,0,0,0,0,0,0,0,0,0,0,0,0,,,,0,,,,,,,,,
1619,Internal,739,1390,65902,68,8.7,8.9,3,618,168,26,21,53,0,0,0,0,150,0,0,0,0,0,0,0,0,0,0,0,0,0,0,0,,,,0,,,,,,,,,
1620,Internal,324,780,65902,68,8.7,8.9,67,220,520,13,122,39,0,0,0,0,0,0,0,0,0,0,0,0,173,0,0,0,0,0,0,0,,,,0,,,,,,,,,
1621,Internal,701,1310,65902,68,8.7,8.9,215,3031,1038,48,47,60,0,0,0,0,183,0,0,0,0,0,0,0,0,0,0,0,0,0,0,0,,,,0,,,,,,,,,
1622,Internal,63,151,65902,68,8.7,8.9,262,236,1620,158,245,55,0,0,0,0,0,0,0,0,0,0,0,0,0,0,0,0,0,0,0,0,,,,0,,,,,,,,,
1623,Internal,31,82,65902,68,9.0,9.0,53,9,46,574,85,38,0,0,0,0,28,0,0,0,0,0,0,0,0,729,799,0,0,0,0,0,,,,0,,,,,,,,,
1624,Internal,364,688,65902,68,9.0,9.0,48,1186,436,160,148,19,0,0,0,0,6,0,0,0,756,0,0,0,0,0,0,0,5,203,101,200,393,637,275,0,,,,,,,,,
1625,Internal,646,1466,44816,60,17.3,6.8,17,226,1509,103,256,57,0,0,0,0,28,0,0,0,0,0,0,0,0,0,0,0,0,0,0,0,,,,0,,,,,,,,,
1626,Internal,600,1304,48312,60,16.5,8.6,3,154,558,239,122,42,0,0,0,0,161,0,0,0,0,0,0,0,0,0,0,0,0,0,0,0,,,,0,,,,,,,,,
1627,Internal,177,420,48312,60,16.5,8.6,5,10,31,8,7,49,0,0,0,0,17,0,0,0,0,0,0,0,0,0,0,0,0,0,0,0,,,,0,,,,,,,,,
1628,Internal,642,1429,44816,60,17.3,6.8,751,795,2365,434,660,66,0,0,0,0,78,0,0,0,0,0,0,0,0,0,0,0,0,0,0,0,,,,0,,,,,,,,,
1629,Internal,267,647,48312,60,16.5,8.6,26,85,774,23,140,45,0,0,0,0,0,0,0,0,0,0,0,0,0,0,0,0,0,0,0,0,,,,0,,,,,,,,,
1630,Internal,236,322,44816,60,17.3,6.8,1241,902,1192,237,586,45,0,0,0,0,17,0,0,0,99,0,0,0,0,0,0,0,0,0,0,0,,,,0,,,,,,,,,
1631,Internal,1162,2692,40546,55,17.1,5.1,2,255,1432,128,256,47,0,0,0,0,684,0,0,0,0,0,0,0,0,0,0,0,0,0,0,0,,,,0,,,,,,,,,
1632,Internal,922,2177,39623,55,21.1,3.3,0,185,368,44,8,53,0,0,0,0,95,0,0,0,0,0,0,0,0,0,0,0,0,0,0,0,,,,0,,,,,,,,,
1633,Internal,453,1119,40546,55,17.1,5.1,4,255,551,111,210,44,0,0,0,0,6,0,0,0,0,0,0,0,0,0,0,0,0,0,0,0,,,,0,,,,,,,,,
1634,Internal,224,525,66364,58,16.0,7.6,0,162,22,2,1,55,0,0,0,0,22,0,0,0,0,0,0,0,991,0,0,0,0,0,0,0,,,,0,,,,,,,,,
1635,Internal,126,315,48312,60,16.5,8.6,50,77,214,27,77,46,0,0,0,0,0,0,0,0,0,0,0,0,42,0,0,0,0,0,0,0,,,,0,,,,,,,,,
1636,Internal,18,45,40546,55,17.1,5.1,7,88,410,24,110,22,0,0,0,0,0,0,0,0,0,0,0,0,0,0,0,0,0,0,0,0,,,,0,,,,,,,,,
1637,Internal,975,2036,52694,55,17.1,4.6,0,835,1007,313,349,43,0,0,0,0,112,0,0,0,0,0,0,0,0,0,0,0,0,0,0,0,,,,0,,,,,,,,,
1638,Internal,668,1350,52694,55,17.1,4.6,6,57,258,7,6,43,0,0,0,0,239,0,0,0,0,0,0,0,0,0,0,0,0,0,0,0,,,,0,,,,,,,,,
1639,Internal,553,1063,52694,55,17.1,4.6,2,87,67,0,1,43,0,0,0,0,112,0,0,0,0,0,0,0,0,0,0,0,0,0,0,0,,,,0,,,,,,,,,
1640,Internal,135,359,76082,49,24.0,12.8,3,18,25,8,1,61,0,0,0,0,0,0,0,0,0,0,0,0,0,0,0,0,0,0,0,0,,,,0,,,,,,,,,
1641,Internal,323,812,76082,49,24.0,12.8,0,189,0,134,1,66,0,0,0,0,17,0,0,0,0,0,0,0,2607,0,0,0,0,0,0,0,,,,0,,,,,,,,,
1642,Internal,184,503,76082,49,24.0,12.8,0,6,16,0,0,61,0,0,0,0,0,0,0,0,0,0,0,0,0,0,0,0,0,0,0,0,,,,0,,,,,,,,,
1643,Internal,175,470,76082,49,24.0,12.8,0,0,5,0,0,61,0,0,0,0,0,0,0,0,0,0,0,0,0,0,0,0,0,0,0,0,,,,0,,,,,,,,,
1644,Internal,614,1324,38295,49,2.5,4.5,3,103,12,4,13,61,0,0,0,0,841,0,0,0,0,0,0,0,0,0,0,0,0,0,0,0,,,,0,,,,,,,,,
1645,Internal,314,806,96359,49,13.5,16.2,4,131,16,0,0,44,0,0,0,0,0,0,0,0,0,0,0,0,1129,0,0,0,0,0,0,0,,,,0,,,,,,,,,
1646,Internal,539,1353,36250,43,28.5,6.1,3,172,673,68,434,15,0,0,0,0,523,0,0,0,0,0,0,0,26,0,0,0,0,0,0,0,,,,0,,,,,,,,,
1647,Internal,578,1679,73921,42,31.1,8.6,0,21,130,6,143,8,0,0,0,0,0,0,0,0,0,0,0,0,0,0,0,0,0,0,0,0,,,,0,,,,,,,,,
1648,Internal,3,27,29087,48,10.2,2.5,48,914,26,1,7,32,0,0,0,0,6,0,0,0,0,0,0,0,0,0,0,0,5,203,106,200,1327,15,27,0,,,,,,,,,
1649,Internal,894,2069,31607,43,31.0,2.5,2,86,220,0,24,15,0,0,0,0,267,0,0,0,0,0,0,0,0,0,0,0,0,0,0,0,,,,0,,,,,,,,,
1650,Internal,848,2029,29087,48,10.2,2.5,0,67,30,2,1,32,36,0,0,0,2026,0,0,0,0,0,0,0,0,0,0,0,0,0,0,0,,,,0,,,,,,,,,
1651,Internal,447,1010,25571,48,18.5,2.5,0,0,24,0,0,10,0,0,0,0,1058,0,0,0,0,0,0,0,0,0,0,0,0,0,0,0,,,,0,,,,,,,,,
1652,Internal,363,895,34563,40,22.7,7.3,442,71,67,74,57,27,0,0,0,0,67,0,0,0,0,0,0,0,418,0,0,0,5,0,101,0,0,136,0,0,,,,,,,,,
1653,Internal,318,829,34563,40,22.7,7.3,8,67,887,45,426,9,0,0,0,0,211,0,0,0,0,0,0,0,0,0,0,0,5,0,101,0,0,136,0,0,,,,,,,,,
1654,Internal,969,2130,82673,58,17.7,9.8,14,20,68,1,5,51,0,0,0,0,45,0,0,0,0,0,0,0,0,0,0,0,0,0,0,0,,,,0,,,,,,,,,
1655,Internal,1065,1970,55893,58,26.9,11.8,3,56,35,5,127,13,0,0,0,0,106,0,0,0,0,0,0,0,0,0,0,0,0,0,0,0,,,,0,,,,,,,,,
1656,Internal,217,533,87446,50,16.1,35.9,4,108,108,0,96,12,0,0,0,0,0,0,0,0,0,0,0,0,0,0,0,0,0,0,0,0,,,,0,,,,,,,,,
1657,Internal,848,1632,55893,58,26.9,11.8,0,493,161,307,89,27,0,0,0,0,0,0,0,0,0,0,0,0,0,0,0,0,0,0,0,0,,,,0,,,,,,,,,
1658,Internal,398,984,82673,58,17.7,9.8,15,9,104,21,0,9,0,0,0,0,11,0,0,0,0,0,0,0,0,0,0,0,0,0,0,0,,,,0,,,,,,,,,
1659,Internal,485,1001,87446,50,16.1,35.9,12,165,507,72,166,34,0,0,0,0,0,0,0,0,0,0,0,0,581,0,0,0,0,0,0,0,,,,0,,,,,,,,,
1660,Internal,175,476,58627,45,27.9,9.5,4,11,21,0,0,42,0,0,0,0,0,0,0,0,0,0,0,0,0,0,0,0,0,0,0,0,,,,0,,,,,,,,,
1661,Internal,671,1283,59022,45,22.7,15.5,113,895,535,33,82,45,0,0,0,0,34,0,0,0,0,0,0,0,0,0,0,0,0,0,0,0,,,,0,,,,,,,,,
1662,Internal,675,1176,56818,50,13.5,8.6,10,77,221,13,12,62,0,0,0,0,73,0,0,0,0,0,0,0,0,0,0,0,0,0,0,0,,,,0,,,,,,,,,
1663,Internal,272,627,58627,45,27.9,9.5,73,157,403,148,482,36,0,0,0,0,17,0,0,0,0,0,0,0,0,0,0,0,0,0,0,0,,,,0,,,,,,,,,
1664,Internal,426,1079,58627,45,27.9,9.5,138,90,255,18,52,34,0,0,0,0,0,0,0,0,0,0,0,0,0,0,0,0,0,0,0,0,,,,0,,,,,,,,,
1665,Internal,0,0,59022,45,22.7,15.5,123,64,209,47,22,42,0,0,0,0,0,0,0,0,0,0,0,0,0,0,0,0,0,0,0,0,,,,0,,,,,,,,,
1666,Internal,388,764,56818,50,13.5,8.6,18,237,313,24,298,22,0,0,0,0,0,0,0,0,0,0,0,0,0,0,0,0,0,0,0,0,,,,0,,,,,,,,,
1667,Internal,67,101,81250,60,15.7,16.6,87,959,1557,83,55,52,0,0,0,0,0,0,0,0,0,0,0,0,0,0,0,0,0,0,0,0,,,,0,,,,,,,,,
1668,Internal,820,1664,81250,60,15.7,16.6,8,639,361,10,2,49,0,0,0,0,106,0,0,0,0,0,0,0,0,0,0,0,0,0,0,0,,,,0,,,,,,,,,
1669,Internal,1090,2168,49978,60,14.7,9.3,100,6,67,3,0,26,0,0,0,0,112,0,0,0,0,0,0,0,0,0,0,0,0,0,0,0,,,,0,,,,,,,,,
1670,Internal,805,1669,93816,60,17.4,14.5,14,327,858,5,274,22,0,0,0,0,39,0,0,0,0,0,0,0,15,0,0,0,0,0,0,0,,,,0,,,,,,,,,
1671,Internal,275,573,93816,60,17.4,14.5,6,17,43,0,0,33,0,0,0,0,0,0,0,0,0,0,0,0,0,0,0,0,0,0,0,0,,,,0,,,,,,,,,
1672,Internal,856,1628,93816,60,17.4,14.5,38,915,212,35,58,74,0,0,0,0,73,0,0,0,0,0,0,0,0,0,0,0,0,0,0,0,,,,0,,,,,,,,,
1673,Internal,143,371,56731,53,24.7,8.8,58,299,1224,47,132,63,0,0,0,0,0,0,0,0,0,0,0,0,94,0,0,0,0,0,0,0,,,,0,,,,,,,,,
1674,Internal,78,173,56731,53,24.7,8.8,5,157,275,2,0,33,0,0,0,0,0,0,0,0,0,0,0,0,94,0,0,0,0,0,0,0,,,,0,,,,,,,,,
1675,Internal,65,122,55893,58,26.9,11.8,26,5,368,29,3141,14,0,0,0,0,0,0,0,0,0,0,0,0,0,0,0,0,0,0,0,0,,,,0,,,,,,,,,
1676,Internal,1072,1804,72950,53,10.9,21.8,3,102,265,12,4,27,0,0,0,0,39,0,0,0,0,0,0,0,0,0,0,0,0,0,0,0,,,,0,,,,,,,,,
1677,Internal,553,1078,90870,53,5.8,31.7,230,654,100,47,262,62,0,0,0,0,6,0,0,0,0,0,0,0,0,0,0,0,0,0,0,0,,,,0,,,,,,,,,
1678,Internal,351,698,72950,53,10.9,21.8,13,107,363,34,125,47,0,0,0,0,17,0,0,0,0,0,0,0,96,0,0,0,0,0,0,0,,,,0,,,,,,,,,
1679,Internal,1129,1802,72950,53,10.9,21.8,155,1444,722,35,182,64,0,0,0,0,56,0,0,0,0,0,0,0,525,0,0,0,0,0,0,0,,,,0,,,,,,,,,
1680,Internal,261,655,73921,42,31.1,8.6,12,19,80,0,9,47,0,0,0,0,0,0,0,0,0,0,0,0,0,0,0,0,0,0,0,0,,,,0,,,,,,,,,
1681,Internal,364,966,142386,52,27.8,13.0,3,99,13,17,5,48,0,0,0,0,0,0,0,0,0,0,0,0,862,0,0,0,0,0,0,0,,,,0,,,,,,,,,
1682,Internal,205,642,142386,52,27.8,13.0,1,89,28,60,18,32,0,0,0,0,0,0,0,0,0,0,0,0,0,0,0,0,0,0,0,0,,,,0,,,,,,,,,
1683,Internal,242,694,142386,52,27.8,13.0,0,4,47,0,5,18,0,0,0,0,0,0,0,0,0,0,0,0,0,0,0,0,0,0,0,0,,,,0,,,,,,,,,
1684,Internal,263,587,56495,42,31.2,7.0,63,121,352,1,66,47,0,0,0,0,0,0,0,0,0,0,0,0,0,0,0,0,0,0,0,0,,,,0,,,,,,,,,
1685,Internal,831,1938,93951,51,22.6,21.5,117,70,336,15,199,17,0,0,0,0,0,0,0,0,0,0,0,0,0,0,0,0,0,0,0,0,,,,0,,,,,,,,,
1686,Internal,548,1023,22388,51,16.2,29.9,12,160,399,1,95,41,0,0,0,0,6,0,0,0,0,0,0,0,1338,0,0,0,0,0,0,0,,,,0,,,,,,,,,
1687,Internal,2839,4776,92969,51,12.1,27.3,29,3558,816,310,557,55,0,0,0,0,50,0,0,0,0,0,0,0,0,0,0,0,0,0,0,0,,,,0,,,,,,,,,
1688,Internal,178,558,92969,51,12.1,27.3,3,113,27,0,0,55,0,0,0,0,0,0,0,0,0,0,0,0,943,0,0,0,0,0,0,0,,,,0,,,,,,,,,
1689,Internal,904,1905,96833,52,22.6,15.0,3,17,61,10,64,60,0,0,0,0,17,0,0,0,0,0,0,0,0,0,0,0,0,0,0,0,,,,0,,,,,,,,,
1690,Internal,184,494,96833,52,22.6,15.0,11,36,49,2,18,40,0,0,0,0,0,0,0,0,0,0,0,0,0,0,0,0,0,0,0,0,,,,0,,,,,,,,,
1691,Internal,220,440,80265,52,22.7,11.6,431,1172,1815,71,87,41,0,0,0,0,0,0,0,0,0,0,0,0,94,0,0,0,0,0,0,0,,,,0,,,,,,,,,
1692,Internal,168,516,80265,52,22.7,11.6,1,0,29,6,0,40,0,0,0,0,0,0,0,0,0,0,0,0,0,0,0,0,0,0,0,0,,,,0,,,,,,,,,
1693,Internal,460,913,51569,48,21.2,8.8,55,641,572,72,287,66,0,0,0,0,17,0,0,0,0,0,0,0,656,0,0,0,0,0,0,0,,,,0,,,,,,,,,
1694,Internal,70,191,51569,48,21.2,8.8,62,21,47,0,5,62,0,0,0,0,0,0,0,0,0,0,0,0,0,0,0,0,0,0,0,0,,,,0,,,,,,,,,
1695,Internal,71,177,51569,48,21.2,8.8,42,503,726,9,25,44,0,0,0,0,0,0,0,0,0,0,0,0,0,0,0,0,0,0,0,0,,,,0,,,,,,,,,
1696,Internal,54,148,51569,48,21.2,8.8,218,632,765,22,76,49,0,0,0,0,0,0,0,0,0,0,0,0,0,0,5853,0,0,0,0,0,,,,0,,,,,,,,,
1697,Internal,19,69,51569,48,21.2,8.8,15,134,381,72,905,18,0,0,0,0,0,0,0,0,0,0,0,0,0,0,0,0,0,0,0,0,,,,0,,,,,,,,,
1698,Internal,275,712,51569,48,21.2,8.8,17,225,3309,31,59,66,0,0,0,0,0,0,0,0,0,0,0,0,0,0,0,1,0,0,0,0,,,,0,,,,,,,,,
1699,Internal,2,12,51569,48,21.2,8.8,5,253,248,8,418,27,0,0,0,0,0,0,0,0,0,0,0,0,0,0,0,0,0,0,0,0,,,,0,,,,,,,,,
1700,Internal,449,1243,69271,48,25.7,20.7,368,125,156,91,155,71,0,0,0,0,0,0,0,0,0,0,0,0,0,0,0,0,0,0,0,0,,,,0,,,,,,,,,
1701,Internal,67,127,42125,48,32.0,5.2,16,10,451,9,374,52,0,0,0,0,0,0,0,0,0,0,0,0,0,0,0,0,0,0,0,0,,,,0,,,,,,,,,
1702,Internal,463,931,42125,48,32.0,5.2,25,157,607,126,360,46,0,0,0,0,6,0,0,0,0,0,0,0,0,0,0,0,0,0,0,0,,,,0,,,,,,,,,
1703,Internal,481,871,42125,48,32.0,5.2,63,432,1098,66,153,39,0,0,0,0,11,0,0,0,0,0,0,0,0,0,0,0,0,0,0,0,,,,0,,,,,,,,,
1704,Internal,690,1517,42125,48,32.0,5.2,23,1479,1188,500,447,48,0,0,0,0,11,0,0,0,0,0,0,0,0,0,0,0,0,0,0,0,,,,0,,,,,,,,,
1705,Internal,364,488,80265,52,22.7,11.6,7,45,123,22,8,22,0,0,0,0,34,0,0,0,0,0,0,0,0,0,0,0,0,0,0,0,,,,0,,,,,,,,,
1706,Internal,403,910,42125,48,32.0,5.2,258,541,726,206,591,23,0,0,0,0,0,0,0,0,0,0,0,0,0,0,0,0,0,0,0,0,,,,0,,,,,,,,,
1707,Internal,520,1052,69271,48,25.7,20.7,5,2,17,6,150,58,0,0,0,0,11,0,0,0,0,0,0,0,0,0,0,0,0,0,0,0,,,,0,,,,,,,,,
1708,Internal,798,2164,60000,45,27.7,10.8,62,17,29,10,5,13,0,0,0,0,0,0,0,0,0,0,0,0,0,0,0,0,0,0,0,0,,,,0,,,,,,,,,
1709,Internal,833,1855,67894,45,26.4,12.0,37,87,221,14,134,15,0,0,0,0,0,0,0,0,0,0,0,0,0,0,0,0,0,0,0,0,,,,0,,,,,,,,,
1710,Internal,477,1146,40363,45,21.3,14.5,8,20,5,11,2,19,0,0,0,0,0,0,0,0,0,0,0,0,50,0,0,0,0,0,0,0,,,,0,,,,,,,,,
1711,Internal,910,2232,60000,45,27.7,10.8,25,367,2040,193,829,31,0,0,0,0,0,0,0,0,0,0,0,0,282,0,0,0,0,0,0,0,,,,0,,,,,,,,,
1712,Internal,302,773,40363,45,21.3,14.5,0,11,15,0,2,23,0,0,0,0,0,0,0,0,0,0,0,0,0,0,0,0,0,0,0,0,,,,0,,,,,,,,,
1713,Internal,73,232,40363,45,21.3,14.5,9,20,435,8,333,22,0,0,0,0,0,0,0,0,0,0,0,0,0,0,0,0,0,0,0,0,,,,0,,,,,,,,,
1714,Internal,47,103,40363,45,21.3,14.5,11,105,8,20,0,42,0,0,0,0,0,0,0,0,0,0,0,0,829,0,0,0,0,0,0,0,,,,0,,,,,,,,,
1715,Internal,771,2140,47717,47,30.7,4.0,0,3,37,13,0,44,0,0,0,0,6,0,0,0,0,0,0,0,0,0,0,0,0,0,0,0,,,,0,,,,,,,,,
1716,Internal,561,1400,61518,47,13.0,18.0,9,54,321,2,25,20,0,0,0,0,0,0,0,0,0,0,0,0,0,0,0,0,0,0,0,0,,,,0,,,,,,,,,
1717,Internal,193,366,47717,47,30.7,4.0,145,26,962,41,1,68,0,0,0,0,0,0,0,0,0,0,0,0,0,0,0,0,0,0,0,0,,,,0,,,,,,,,,
1718,Internal,190,401,47717,47,30.7,4.0,67,60,341,105,98,30,0,0,0,0,0,0,0,0,0,0,0,0,0,0,0,0,0,0,0,0,,,,0,,,,,,,,,
1719,Internal,3,8,61518,47,13.0,18.0,29,1,326,8,0,12,0,0,0,0,0,0,0,0,0,0,0,0,0,0,0,0,0,0,0,0,,,,0,,,,,,,,,
1720,Internal,460,1031,55536,47,22.5,5.9,293,94,268,0,113,54,0,0,0,0,6,0,0,0,0,0,0,0,0,0,0,0,0,0,0,0,,,,0,,,,,,,,,
1721,Internal,1,17,55536,47,22.5,5.9,471,14,69,0,23,58,0,0,0,0,0,0,0,0,0,0,0,0,0,0,0,0,0,0,0,0,,,,0,,,,,,,,,
1722,Internal,39,115,61518,47,13.0,18.0,92,430,759,138,62,30,0,0,0,0,0,0,0,0,0,0,0,0,0,0,0,0,0,0,0,0,,,,0,,,,,,,,,
1723,Internal,80,219,55536,47,22.5,5.9,28,0,14,8,0,44,0,0,0,0,0,0,0,0,0,0,0,0,0,0,0,0,0,0,0,0,,,,0,,,,,,,,,
1724,Internal,13,37,47717,47,30.7,4.0,206,83,150,1,46,51,0,0,0,0,0,0,0,0,0,0,0,0,0,0,0,0,0,0,0,0,,,,0,,,,,,,,,
1725,Internal,257,757,37153,46,34.3,2.5,14,3,3,0,0,22,0,0,0,0,0,0,0,0,0,0,0,0,0,0,0,0,0,0,0,0,,,,0,,,,,,,,,
1726,Internal,931,2154,37153,46,34.3,2.5,2,6,65,61,28,30,0,0,0,0,17,0,0,0,0,0,0,0,0,0,0,0,0,0,0,0,,,,0,,,,,,,,,
1727,Internal,337,716,26814,46,41.3,4.3,71,42,155,10,80,37,0,0,0,0,0,0,0,0,0,0,0,0,0,0,0,0,0,0,0,0,,,,0,,,,,,,,,
1728,Internal,543,1551,26814,46,41.3,4.3,0,4,11,24,7,19,0,0,0,0,6,0,0,0,0,0,0,0,0,0,0,0,0,0,0,0,,,,0,,,,,,,,,
1729,Internal,190,488,26814,46,41.3,4.3,475,99,258,19,107,44,0,0,0,0,6,0,0,0,0,0,0,0,0,0,0,0,0,0,0,0,,,,0,,,,,,,,,
1730,Internal,472,1304,58628,46,16.7,10.1,0,3,6,8,5,43,0,0,0,0,0,0,0,0,0,0,0,0,0,0,0,0,0,0,0,0,,,,0,,,,,,,,,
1731,Internal,504,1058,58628,46,16.7,10.1,23,25,356,33,171,40,0,0,0,0,0,0,0,0,0,0,0,0,0,0,0,0,0,0,0,0,,,,0,,,,,,,,,
1732,Internal,1306,2104,62722,51,18.8,11.2,170,118,612,47,76,50,0,0,0,0,123,0,0,0,0,0,0,0,0,0,0,0,0,0,0,0,,,,0,,,,,,,,,
1733,Internal,71,162,56495,42,31.2,7.0,6,83,57,0,1,47,0,0,0,0,0,0,0,0,0,0,0,0,0,0,0,0,0,0,0,0,,,,0,,,,,,,,,
1734,Internal,457,942,57891,51,16.0,18.1,5,82,158,27,207,28,0,0,0,0,0,0,0,0,0,0,0,0,521,0,0,0,0,0,0,0,,,,0,,,,,,,,,
1735,Internal,262,656,57891,51,16.0,18.1,5,15,196,27,421,12,0,0,0,0,0,0,0,0,0,0,0,0,0,0,0,0,0,0,0,0,,,,0,,,,,,,,,
1736,Internal,338,943,62722,51,18.8,11.2,1,3,5,0,0,52,0,0,0,0,0,0,0,0,0,0,0,0,0,0,0,0,0,0,0,0,,,,0,,,,,,,,,
1737,Internal,45,123,62722,51,18.8,11.2,5,43,457,72,0,59,0,0,0,0,0,0,0,0,0,0,0,0,763,0,0,0,0,0,0,0,,,,0,,,,,,,,,
1738,Internal,316,824,62722,51,18.8,11.2,0,10,8,15,0,73,0,0,0,0,0,0,0,0,0,0,0,0,0,0,0,0,0,0,0,0,,,,0,,,,,,,,,
1739,Internal,304,771,106833,48,16.8,20.1,13,25,5,4,0,31,0,0,0,0,0,0,0,0,0,0,0,0,0,0,0,0,0,0,0,0,,,,0,,,,,,,,,
1740,Internal,220,611,106833,48,16.8,20.1,0,14,32,0,0,2,0,0,0,0,0,0,0,0,0,0,0,0,0,0,0,0,0,0,0,0,,,,0,,,,,,,,,
1741,Internal,206,538,93137,48,20.8,15.4,4,8,10,0,15,10,0,0,0,0,0,0,0,0,0,0,0,0,0,0,0,0,0,0,0,0,,,,0,,,,,,,,,
1742,Internal,97,272,93137,48,20.8,15.4,0,0,0,0,0,31,0,0,0,0,0,0,0,0,0,0,0,0,0,0,0,0,0,0,0,0,,,,0,,,,,,,,,
1743,Internal,799,1834,64420,48,28.2,17.2,5,95,104,0,6,18,0,0,0,0,6,0,0,0,0,0,0,0,0,0,0,0,0,0,0,0,,,,0,,,,,,,,,
1744,Internal,208,519,93137,48,20.8,15.4,1,12,0,0,0,31,0,0,0,0,0,0,0,0,0,0,0,0,0,0,0,0,0,0,0,0,,,,0,,,,,,,,,
1745,Internal,6,20,93137,48,20.8,15.4,0,22,110,21,0,43,0,0,0,0,0,0,0,0,0,0,0,0,544,0,0,0,0,0,0,0,,,,0,,,,,,,,,
1746,Internal,241,588,43580,48,9.8,31.6,2,5,4,0,0,31,0,0,0,0,0,0,0,0,0,0,0,0,0,0,0,0,0,0,0,0,,,,0,,,,,,,,,
1747,Internal,26,77,43580,48,9.8,31.6,0,0,75,0,0,48,0,0,0,0,0,0,0,0,0,0,0,0,764,0,0,0,0,0,0,0,,,,0,,,,,,,,,
1748,Internal,411,843,20737,48,28.0,3.5,0,36,154,0,0,30,0,0,0,0,11,0,0,0,0,0,0,0,0,0,0,0,0,0,0,0,,,,0,,,,,,,,,
1749,Internal,5,15,20737,48,28.0,3.5,2,264,86,83,214,39,0,0,0,0,0,0,0,0,0,0,0,0,0,0,0,0,0,0,0,0,,,,0,,,,,,,,,
1750,Internal,225,584,51967,42,23.0,13.7,14,3,107,0,13,28,0,0,0,0,0,0,0,0,0,0,0,0,0,0,0,0,0,0,0,0,,,,0,,,,,,,,,
1751,Internal,176,401,51967,42,23.0,13.7,31,331,133,51,364,47,0,0,0,0,0,0,0,0,0,0,0,0,0,0,0,0,0,0,0,0,,,,0,,,,,,,,,
1752,Internal,469,933,51967,42,23.0,13.7,27,35,42,0,61,27,0,0,0,0,11,0,0,0,0,0,0,0,0,0,0,0,0,0,0,0,,,,0,,,,,,,,,
1753,Internal,53,117,54091,42,30.6,9.5,0,2,2,0,0,28,0,0,0,0,0,0,0,0,0,0,0,0,0,0,0,0,0,0,0,0,,,,0,,,,,,,,,
1754,Internal,56,164,51967,42,23.0,13.7,0,94,15,0,0,46,0,0,0,0,0,0,0,0,0,0,0,0,604,0,0,0,0,0,0,0,,,,0,,,,,,,,,
1755,Internal,5,26,51967,42,23.0,13.7,3,40,124,35,723,20,0,0,0,0,0,0,0,0,0,0,0,0,0,0,0,0,0,0,0,0,,,,0,,,,,,,,,
1756,Internal,559,1327,43934,42,23.6,5.5,7,223,213,11,200,29,0,0,0,0,28,0,0,0,0,0,0,0,0,0,0,0,0,0,0,0,,,,0,,,,,,,,,
1757,Internal,36,78,43934,42,23.6,5.5,0,75,7,0,11,28,0,0,0,0,0,0,0,0,0,0,0,0,0,0,0,0,0,0,0,0,,,,0,,,,,,,,,
1758,Internal,256,695,54091,42,30.6,9.5,10,50,45,0,29,18,0,0,0,0,0,0,0,0,0,0,0,0,0,0,0,0,0,0,0,0,,,,0,,,,,,,,,
1759,Internal,277,701,54091,42,30.6,9.5,2,3,15,1,0,28,0,0,0,0,0,0,0,0,0,0,0,0,0,0,0,0,0,0,0,0,,,,0,,,,,,,,,
1760,Internal,41,100,54091,42,30.6,9.5,0,300,15,0,0,44,0,0,0,0,0,0,0,0,0,0,0,0,3048,0,0,0,0,0,0,0,,,,0,,,,,,,,,
1761,Internal,285,710,56939,42,13.5,20.8,4,152,32,0,4,28,0,0,0,0,0,0,0,0,0,0,0,0,0,0,0,0,0,0,0,0,,,,0,,,,,,,,,
1762,Internal,277,652,56939,42,13.5,20.8,0,1,2,0,5,4,0,0,0,0,0,0,0,0,0,0,0,0,0,0,0,0,0,0,0,0,,,,0,,,,,,,,,
1763,Internal,884,2716,59604,42,38.4,6.9,3,120,103,2,11,37,0,0,0,0,0,0,0,0,0,0,0,0,753,0,0,0,0,0,0,0,,,,0,,,,,,,,,
1764,Internal,317,1087,59604,42,38.4,6.9,127,4,378,22,169,52,0,0,0,0,0,0,0,0,0,0,0,0,0,0,0,0,0,0,0,0,,,,0,,,,,,,,,
1765,Internal,506,1329,41648,42,29.2,9.0,927,58,50,1,22,38,0,0,0,0,0,0,0,0,0,0,0,0,0,0,0,0,0,0,0,0,,,,0,,,,,,,,,
1766,Internal,299,740,39722,42,23.3,15.0,913,562,680,6,13,58,0,0,0,0,0,0,0,0,0,0,0,0,710,0,0,0,0,0,0,0,,,,0,,,,,,,,,
1767,Internal,40,90,41648,42,29.2,9.0,0,0,7,0,0,39,0,0,0,0,0,0,0,0,0,0,0,0,0,0,0,0,0,0,0,0,,,,0,,,,,,,,,
1768,Internal,85,287,39722,42,23.3,15.0,2651,64,83,2,8,40,0,0,0,0,0,0,0,0,0,0,0,0,724,0,0,0,0,0,0,0,,,,0,,,,,,,,,
1769,Internal,10,27,39722,42,23.3,15.0,2,170,12,0,3,44,0,0,0,0,0,0,0,0,0,0,0,0,1714,0,0,0,0,0,0,0,,,,0,,,,,,,,,
1770,Internal,182,441,54025,43,29.0,10.0,16,6,22,0,0,25,0,0,0,0,0,0,0,0,0,0,0,0,0,0,0,0,0,0,0,0,,,,0,,,,,,,,,
1771,Internal,164,488,59604,42,38.4,6.9,0,23,30,1,0,39,0,0,0,0,0,0,0,0,0,0,0,0,0,0,0,0,0,0,0,0,,,,0,,,,,,,,,
1772,Internal,628,1870,59604,42,38.4,6.9,8,29,75,8,29,5,0,0,0,0,0,0,0,0,0,0,0,0,240,0,0,0,0,0,0,0,,,,0,,,,,,,,,
1773,Internal,313,898,39722,42,23.3,15.0,66,41,161,0,0,14,0,0,0,0,0,0,0,0,0,0,0,0,0,0,0,0,0,0,0,0,,,,0,,,,,,,,,
1774,Internal,22,86,59604,42,38.4,6.9,0,173,2,0,0,46,0,0,0,0,0,0,0,0,0,0,0,0,1964,0,0,0,0,0,0,0,,,,0,,,,,,,,,
1775,Internal,595,1447,41648,42,29.2,9.0,10,141,180,0,6,41,0,0,0,0,0,0,0,0,0,0,0,0,1135,0,0,0,0,0,0,0,,,,0,,,,,,,,,
1776,Internal,343,812,39722,42,23.3,15.0,264,88,201,4,127,38,0,0,0,0,0,0,0,0,0,0,0,0,0,0,0,0,0,0,0,0,,,,0,,,,,,,,,
1777,Internal,36,99,73921,42,31.1,8.6,8,18,17,2,2,47,0,0,0,0,0,0,0,0,0,0,0,0,0,0,0,0,0,0,0,0,,,,0,,,,,,,,,
1778,Internal,197,524,73921,42,31.1,8.6,573,40,23,3,10,47,0,0,0,0,0,0,0,0,0,0,0,0,0,0,0,0,0,0,0,0,,,,0,,,,,,,,,
1779,Internal,488,1351,73921,42,31.1,8.6,2,0,49,0,41,47,0,0,0,0,0,0,0,0,0,0,0,0,0,0,0,0,0,0,0,0,,,,0,,,,,,,,,
1780,Internal,588,1989,61146,46,34.2,2.8,4,113,51,80,6,41,0,0,0,0,0,0,0,0,0,0,0,0,893,0,0,0,0,0,0,0,,,,0,,,,,,,,,
1781,Internal,177,577,61146,46,34.2,2.8,5,3,1,0,0,31,0,0,0,0,0,0,0,0,0,0,0,0,0,0,0,0,0,0,0,0,,,,0,,,,,,,,,
1782,Internal,811,2511,61146,46,34.2,2.8,12,4,42,0,3,31,0,0,0,0,0,0,0,0,0,0,0,0,0,0,0,0,0,0,0,0,,,,0,,,,,,,,,
1783,Internal,182,493,61146,46,34.2,2.8,1,7,13,6,12,32,0,0,0,0,0,0,0,0,0,0,0,0,0,0,0,0,0,0,0,0,,,,0,,,,,,,,,
1784,Internal,976,3088,61146,46,34.2,2.8,5,9,16,2,6,31,0,0,0,0,0,0,0,0,0,0,0,0,0,0,0,0,0,0,0,0,,,,0,,,,,,,,,
1785,Internal,828,2234,73921,42,31.1,8.6,53,0,22,0,0,0,0,0,0,0,0,0,0,0,0,0,0,0,0,0,0,0,0,0,0,0,,,,0,,,,,,,,,
1786,Internal,37,94,56495,42,31.2,7.0,5229,42,504,1,8,43,0,0,0,0,0,0,0,0,0,0,0,0,0,0,0,0,0,0,0,0,,,,0,,,,,,,,,
1787,Internal,3,10,56495,42,31.2,7.0,1304,319,72,0,54,55,0,0,0,0,0,0,0,0,0,0,0,0,0,0,0,0,0,0,0,0,,,,0,,,,,,,,,
1788,Internal,1243,3399,56495,42,31.2,7.0,16,57,14,1,0,47,0,0,0,0,0,0,0,0,0,0,0,0,0,0,0,0,0,0,0,0,,,,0,,,,,,,,,
1789,Internal,194,397,56495,42,31.2,7.0,330,50,327,16,25,69,0,0,0,0,0,0,0,0,0,0,0,0,0,0,0,0,0,0,0,0,,,,0,,,,,,,,,
1790,Internal,20,23,56495,42,31.2,7.0,1483,0,27,0,6,53,0,0,0,0,0,0,0,0,0,0,0,0,0,0,0,0,0,0,0,0,,,,0,,,,,,,,,
1791,Internal,502,1095,56495,42,31.2,7.0,104,88,275,63,2,23,0,0,0,0,0,0,0,0,0,0,0,0,0,0,0,0,0,0,0,0,,,,0,,,,,,,,,
1792,Internal,47,124,56495,42,31.2,7.0,204,6,16,0,0,0,0,0,0,0,0,0,0,0,0,0,0,0,0,0,0,0,0,0,0,0,,,,0,,,,,,,,,
1793,Internal,993,2898,56495,42,31.2,7.0,5,19,28,5,15,25,0,0,0,0,0,0,0,0,0,0,0,0,4,0,0,0,0,0,0,0,,,,0,,,,,,,,,
1794,Internal,504,1069,39000,46,34.5,17.2,100,41,39,75,19,36,0,0,0,0,0,0,0,0,0,0,0,0,817,0,0,0,0,0,0,0,,,,0,,,,,,,,,
1795,Internal,1042,2603,39000,46,34.5,17.2,0,3,25,0,0,31,0,0,0,0,0,0,0,0,0,0,0,0,0,0,0,0,0,0,0,0,,,,0,,,,,,,,,
1796,Internal,281,827,39000,46,34.5,17.2,6,7,15,1,0,31,0,0,0,0,0,0,0,0,0,0,0,0,0,0,0,0,0,0,0,0,,,,0,,,,,,,,,
1797,Internal,271,576,52124,46,30.5,2.9,27,8,56,15,249,8,0,0,0,0,0,0,0,0,0,0,0,0,0,0,0,0,0,0,0,0,,,,0,,,,,,,,,
1798,Internal,1127,3513,52124,46,30.5,2.9,89,38,172,8,0,56,0,0,0,0,11,0,0,0,0,0,0,0,0,0,0,0,0,0,0,0,,,,0,,,,,,,,,
1799,Internal,859,2336,54940,46,21.0,9.1,13,14,33,2,0,31,0,0,0,0,0,0,0,0,0,0,0,0,0,0,0,0,0,0,0,0,,,,0,,,,,,,,,
1800,Internal,59,152,54940,46,21.0,9.1,12,2,22,0,0,31,0,0,0,0,0,0,0,0,0,0,0,0,2489,0,0,0,0,0,0,0,,,,0,,,,,,,,,
1801,Internal,506,1402,52124,46,30.5,2.9,31,1,0,0,2,31,0,0,0,0,11,0,0,0,0,0,0,0,0,0,0,0,0,0,0,0,,,,0,,,,,,,,,
1802,Internal,59,174,63379,48,20.3,8.1,0,0,0,0,0,22,0,0,0,0,0,0,0,0,0,0,0,0,0,0,0,0,0,0,0,0,,,,0,,,,,,,,,
1803,Internal,1146,3096,63379,48,20.3,8.1,0,1,2,0,0,22,0,0,0,0,0,0,0,0,0,0,0,0,0,0,0,0,0,0,0,0,,,,0,,,,,,,,,
1804,Internal,297,861,63379,48,20.3,8.1,4,8,1,0,0,22,0,0,0,0,0,0,0,0,0,0,0,0,972,0,0,0,0,0,0,0,,,,0,,,,,,,,,
1805,Internal,424,1222,73580,42,28.6,8.8,19,30,23,1,6,53,0,0,0,0,0,0,0,0,0,0,0,0,0,0,0,0,0,0,0,0,,,,0,,,,,,,,,
1806,Internal,215,586,52566,42,28.7,17.9,28,16,104,3,30,41,0,0,0,0,0,0,0,0,0,0,0,0,0,0,0,0,0,0,0,0,,,,0,,,,,,,,,
1807,Internal,880,1783,63379,48,20.3,8.1,15,1,1,6,68,19,0,0,0,0,0,0,0,0,0,0,0,0,0,0,0,0,0,0,0,0,,,,0,,,,,,,,,
1808,Internal,484,893,63379,48,20.3,8.1,10,163,191,14,1542,14,0,0,0,0,0,0,0,0,0,0,0,0,0,0,0,0,0,0,0,0,,,,0,,,,,,,,,
1809,Internal,392,1209,63379,48,20.3,8.1,2,5,3,0,1,46,0,0,0,0,6,0,0,0,0,0,0,0,3779,0,0,0,0,0,0,0,,,,0,,,,,,,,,
1810,Internal,193,462,88583,48,15.1,28.5,0,61,49,4,198,10,0,0,0,0,0,0,0,0,0,0,0,0,0,0,0,0,0,0,0,0,,,,0,,,,,,,,,
1811,Internal,76,207,88583,48,15.1,28.5,0,12,11,0,0,22,0,0,0,0,0,0,0,0,0,0,0,0,0,0,0,0,0,0,0,0,,,,0,,,,,,,,,
1812,Internal,101,316,88583,48,15.1,28.5,0,18,35,0,0,22,0,0,0,0,0,0,0,0,0,0,0,0,0,0,0,0,0,0,0,0,,,,0,,,,,,,,,
1813,Internal,45,126,52566,42,28.7,17.9,1519,17,187,9,241,46,0,0,0,0,0,0,0,0,0,0,0,0,71,0,0,0,0,0,0,0,,,,0,,,,,,,,,
1814,Internal,219,627,52566,42,28.7,17.9,137,271,169,0,28,35,0,0,0,0,0,0,0,0,0,0,0,0,0,0,0,0,0,0,0,0,,,,0,,,,,,,,,
1815,Internal,45,127,39722,42,23.3,15.0,206,201,117,24,902,28,0,0,0,0,0,0,0,0,0,0,0,0,0,0,0,0,0,0,0,0,,,,0,,,,,,,,,
1816,Internal,149,400,50053,48,26.2,10.1,10,32,373,70,307,22,0,0,0,0,17,0,0,0,0,0,0,0,0,0,0,0,0,0,0,0,,,,0,,,,,,,,,
1817,Internal,580,1448,88583,48,15.1,28.5,3,33,58,10,193,10,0,0,0,0,0,0,0,0,0,0,0,0,0,0,0,0,0,0,0,0,,,,0,,,,,,,,,
1818,Internal,852,1639,60913,48,27.3,15.0,89,362,369,159,95,28,0,0,0,0,0,0,0,0,0,0,0,0,621,0,0,0,0,0,0,0,,,,0,,,,,,,,,
1819,Internal,227,598,50053,48,26.2,10.1,49,99,87,0,43,49,0,0,0,0,0,0,0,0,0,0,0,0,0,0,0,0,0,0,0,0,,,,0,,,,,,,,,
1820,Internal,358,826,50053,48,26.2,10.1,2,11,31,0,0,22,0,0,0,0,0,0,0,0,0,0,0,0,0,0,0,0,0,0,0,0,,,,0,,,,,,,,,
1821,Internal,349,1007,50053,48,26.2,10.1,0,7,0,0,0,22,0,0,0,0,0,0,0,0,0,0,0,0,0,0,0,0,0,0,0,0,,,,0,,,,,,,,,
1822,Internal,109,332,50053,48,26.2,10.1,182,50,177,0,79,43,0,0,0,0,0,0,0,0,0,0,0,0,0,0,0,0,0,0,0,0,,,,0,,,,,,,,,
1823,Internal,155,369,50053,48,26.2,10.1,9,20,19,13,0,69,0,0,0,0,0,0,0,0,0,0,0,0,0,0,0,0,0,0,0,0,,,,0,,,,,,,,,
1824,Internal,295,639,50053,48,26.2,10.1,3,34,10,0,3,22,0,0,0,0,0,0,0,0,0,0,0,0,0,0,0,0,0,0,0,0,,,,0,,,,,,,,,
1825,Internal,181,477,60913,48,27.3,15.0,32,178,138,9,40,26,0,0,0,0,0,0,0,0,0,0,0,0,0,0,0,0,0,0,0,0,,,,0,,,,,,,,,
1826,Internal,304,785,89309,53,21.6,18.4,27,36,15,0,14,43,0,0,0,0,0,0,0,0,0,0,0,0,0,0,0,0,0,0,0,0,,,,0,,,,,,,,,
1827,Internal,414,1112,89309,53,21.6,18.4,21,28,33,10,24,44,0,0,0,0,6,0,0,0,0,0,0,0,0,0,0,0,0,0,0,0,,,,0,,,,,,,,,
1828,Internal,299,927,89309,53,21.6,18.4,3,83,8,0,3,44,0,0,0,0,0,0,0,0,0,0,0,0,710,0,0,0,0,0,0,0,,,,0,,,,,,,,,
1829,Internal,155,409,89309,53,21.6,18.4,7,16,0,30,0,43,0,0,0,0,0,0,0,0,0,0,0,0,0,0,0,0,0,0,0,0,,,,0,,,,,,,,,
1830,Internal,66,136,89309,53,21.6,18.4,11,12,2,0,1,43,0,0,0,0,0,0,0,0,0,0,0,0,0,0,0,0,0,0,0,0,,,,0,,,,,,,,,
1831,Internal,356,1008,74545,47,23.7,10.7,0,31,18,10,21,34,0,0,0,0,0,0,0,0,0,0,0,0,0,0,0,0,0,0,0,0,,,,0,,,,,,,,,
1832,Internal,296,934,86027,47,29.5,9.9,63,9,7,0,15,34,0,0,0,0,0,0,0,0,0,0,0,0,0,0,0,0,0,0,0,0,,,,0,,,,,,,,,
1833,Internal,149,399,67868,47,14.5,14.3,3,7,24,0,0,34,0,0,0,0,0,0,0,0,0,0,0,0,0,0,0,0,0,0,0,0,,,,0,,,,,,,,,
1834,Internal,443,1204,67868,47,14.5,14.3,4,5,5,11,5,34,0,0,0,0,0,0,0,0,0,0,0,0,0,0,0,0,0,0,0,0,,,,0,,,,,,,,,
1835,Internal,808,2105,74545,47,23.7,10.7,52,37,56,30,10,37,0,0,0,0,0,0,0,0,0,0,0,0,0,0,0,0,0,0,0,0,,,,0,,,,,,,,,
1836,Internal,430,1176,86027,47,29.5,9.9,16,29,17,5,15,34,0,0,0,0,0,0,0,0,0,0,0,0,0,0,0,0,0,0,0,0,,,,0,,,,,,,,,
1837,Internal,239,686,86027,47,29.5,9.9,13,14,8,20,28,44,0,0,0,0,0,0,0,0,0,0,0,0,0,0,0,0,0,0,0,0,,,,0,,,,,,,,,
1838,Internal,182,497,86027,47,29.5,9.9,2,6,0,2,0,34,0,0,0,0,0,0,0,0,0,0,0,0,0,0,0,0,0,0,0,0,,,,0,,,,,,,,,
1839,Internal,186,484,67868,47,14.5,14.3,5,12,19,0,12,34,0,0,0,0,0,0,0,0,0,0,0,0,0,0,0,0,0,0,0,0,,,,0,,,,,,,,,
1840,Internal,226,635,105362,51,29.8,12.4,15,3,22,0,2,25,0,0,0,0,0,0,0,0,0,0,0,0,0,0,0,0,0,0,0,0,,,,0,,,,,,,,,
1841,Internal,293,793,105362,51,29.8,12.4,13,66,7,0,4,53,0,0,0,0,0,0,0,0,0,0,0,0,0,0,0,0,0,0,0,0,,,,0,,,,,,,,,
1842,Internal,170,472,69191,51,22.2,12.6,10,4,13,0,0,25,0,0,0,0,0,0,0,0,0,0,0,0,0,0,0,0,0,0,0,0,,,,0,,,,,,,,,
1843,Internal,475,1291,69191,51,22.2,12.6,128,24,18,0,93,14,0,0,0,0,0,0,0,0,0,0,0,0,0,0,0,0,0,0,0,0,,,,0,,,,,,,,,
1844,Internal,295,741,69191,51,22.2,12.6,0,36,10,0,0,17,0,0,0,0,0,0,0,0,0,0,0,0,0,0,0,0,0,0,0,0,,,,0,,,,,,,,,
1845,Internal,135,373,69191,51,22.2,12.6,7,15,121,0,51,0,0,0,0,0,0,0,0,0,0,0,0,0,0,0,0,0,0,0,0,0,,,,0,,,,,,,,,
1846,Internal,356,975,105362,51,29.8,12.4,10,29,11,2,27,23,0,0,0,0,0,0,0,0,0,0,0,0,0,0,0,0,0,0,0,0,,,,0,,,,,,,,,
1847,Internal,256,665,69191,51,22.2,12.6,4,11,14,7,0,25,0,0,0,0,0,0,0,0,0,0,0,0,0,0,0,0,0,0,0,0,,,,0,,,,,,,,,
1848,Internal,208,555,78214,44,25.4,13.7,2,13,0,0,0,27,0,0,0,0,0,0,0,0,0,0,0,0,0,0,0,0,0,0,0,0,,,,0,,,,,,,,,
1849,Internal,139,416,78214,44,25.4,13.7,2,23,16,0,9,27,0,0,0,0,0,0,0,0,0,0,0,0,0,0,0,0,0,0,0,0,,,,0,,,,,,,,,
1850,Internal,173,521,78214,44,25.4,13.7,3,3,6,0,5,27,0,0,0,0,0,0,0,0,0,0,0,0,0,0,0,0,0,0,0,0,,,,0,,,,,,,,,
1851,Internal,141,460,78214,44,25.4,13.7,76,67,17,0,94,32,0,0,0,0,0,0,0,0,0,0,0,0,0,0,0,0,0,0,0,0,,,,0,,,,,,,,,
1852,Internal,156,429,78214,44,25.4,13.7,19,37,0,0,0,27,0,0,0,0,0,0,0,0,0,0,0,0,0,0,0,0,0,0,0,0,,,,0,,,,,,,,,
1853,Internal,261,742,78214,44,25.4,13.7,5,27,63,0,9,9,0,0,0,0,0,0,0,0,0,0,0,0,0,0,0,0,0,0,0,0,,,,0,,,,,,,,,
1854,Internal,180,505,112917,48,13.2,24.8,2,2,38,0,2,32,0,0,0,0,0,0,0,0,0,0,0,0,0,0,0,0,0,0,0,0,,,,0,,,,,,,,,
1855,Internal,155,384,105875,58,15.5,19.5,34,14,17,0,0,14,0,0,0,0,11,0,0,0,0,0,0,0,0,0,0,0,0,0,0,0,,,,0,,,,,,,,,
1856,Internal,230,605,112917,48,13.2,24.8,4,32,112,0,1,32,0,0,0,0,0,0,0,0,0,0,0,0,59,0,0,0,0,0,0,0,,,,0,,,,,,,,,
1857,Internal,447,1298,147798,48,30.1,13.4,80,27,85,4,209,24,0,0,0,0,0,0,0,0,0,0,0,0,0,0,0,0,0,0,0,0,,,,0,,,,,,,,,
1858,Internal,281,708,112917,48,13.2,24.8,14,21,24,2,6,44,0,0,0,0,0,0,0,0,0,0,0,0,0,0,0,0,0,0,0,0,,,,0,,,,,,,,,
1859,Internal,66,184,78782,58,23.7,8.8,11,0,0,1,0,55,0,0,0,0,0,0,0,0,0,0,0,0,0,0,0,0,0,0,0,0,,,,0,,,,,,,,,
1860,Internal,382,1059,132375,49,22.4,13.8,53,42,71,0,4,72,0,0,0,0,0,0,0,0,0,0,0,0,0,0,0,0,0,0,0,0,,,,0,,,,,,,,,
1861,Internal,365,965,132375,49,22.4,13.8,134,22,32,0,13,23,0,0,0,0,11,0,0,0,0,0,0,0,0,0,0,0,0,0,0,0,,,,0,,,,,,,,,
1862,Internal,373,1102,132375,49,22.4,13.8,19,42,17,0,0,56,0,0,0,0,6,0,0,0,0,0,0,0,0,0,0,0,0,0,0,0,,,,0,,,,,,,,,
1863,Internal,187,463,147798,48,30.1,13.4,7,330,4,0,27,45,0,0,0,0,0,0,0,0,0,0,0,0,1379,0,0,0,0,0,0,0,,,,0,,,,,,,,,
1864,Internal,304,670,98875,50,14.1,52.4,10,307,40,41,38,28,0,0,0,0,0,0,0,0,0,0,0,0,0,0,0,0,0,0,0,0,,,,0,,,,,,,,,
1865,Internal,356,874,91389,49,17.4,23.8,4,5,35,12,16,71,0,0,0,0,0,0,0,0,0,0,0,0,0,0,0,0,0,0,0,0,,,,0,,,,,,,,,
1866,Internal,116,299,158095,50,19.8,14.3,13,9,16,53,0,46,0,0,0,0,0,0,0,0,0,0,0,0,0,0,0,0,0,0,0,0,,,,0,,,,,,,,,
1867,Internal,311,599,91389,49,17.4,23.8,14,166,573,24,235,39,0,0,0,0,0,0,0,0,0,0,0,0,0,0,0,0,0,0,0,0,,,,0,,,,,,,,,
1868,Internal,342,945,166875,50,26.0,10.5,1,2,38,0,3,79,0,0,0,0,0,0,0,0,0,0,0,0,0,0,0,0,0,0,0,0,,,,0,,,,,,,,,
1869,Internal,347,1032,166875,50,26.0,10.5,0,38,37,3,4,61,0,0,0,0,0,0,0,0,0,0,0,0,0,0,0,0,0,0,0,0,,,,0,,,,,,,,,
1870,Internal,148,374,158095,50,19.8,14.3,79,47,16,10,52,55,0,0,0,0,0,0,0,0,0,0,0,0,0,0,0,0,0,0,0,0,,,,0,,,,,,,,,
1871,Internal,455,1339,158095,50,19.8,14.3,35,6,68,3,44,40,0,0,0,0,0,0,0,0,0,0,0,0,0,0,0,0,0,0,0,0,,,,0,,,,,,,,,
1872,Internal,85,242,158095,50,19.8,14.3,0,82,7,0,0,51,0,0,0,0,0,0,0,0,0,0,0,0,883,0,0,0,0,0,0,0,,,,0,,,,,,,,,
1873,Internal,54,106,91389,49,17.4,23.8,0,53,453,134,359,35,0,0,0,0,0,0,0,0,0,0,0,0,0,0,0,0,0,0,0,0,,,,0,,,,,,,,,
1874,Internal,344,602,55481,58,20.9,7.6,21,323,444,271,2009,24,0,0,0,0,6,0,0,0,0,0,0,0,0,0,0,0,0,0,0,0,,,,0,,,,,,,,,
1875,Internal,267,573,55481,58,20.9,7.6,6,18,110,10,14,35,0,0,0,0,0,0,0,0,0,0,0,0,0,0,0,0,0,0,0,0,,,,0,,,,,,,,,
1876,Internal,1239,2172,55481,58,20.9,7.6,48,82,143,8,343,13,0,0,0,0,34,0,0,0,0,0,0,0,0,0,0,0,0,0,0,0,,,,0,,,,,,,,,
1877,Internal,435,1184,55481,58,20.9,7.6,24,131,18,6,27,19,0,0,0,0,0,0,0,0,0,0,0,0,0,0,0,0,0,0,0,0,,,,0,,,,,,,,,
1878,Internal,5,18,55481,58,20.9,7.6,35,84,131,82,304,12,0,0,0,0,0,0,0,0,0,0,0,0,0,0,0,0,0,0,0,0,,,,0,,,,,,,,,
1879,Internal,470,1271,66364,58,16.0,7.6,6,44,7,5,5,45,0,0,0,0,11,0,0,0,0,0,0,0,0,0,0,0,0,0,0,0,,,,0,,,,,,,,,
1880,Internal,16,45,55481,58,20.9,7.6,7,24,902,120,1032,16,0,0,0,0,6,0,0,0,0,0,0,0,0,0,0,0,0,0,0,0,,,,0,,,,,,,,,
1881,Internal,147,429,148542,58,18.5,15.3,7,7,71,0,3,31,0,0,0,0,0,0,0,0,0,0,0,0,0,0,0,0,0,0,0,0,,,,0,,,,,,,,,
1882,Internal,651,1472,126406,49,21.6,16.6,6,264,322,0,23,45,0,0,0,0,6,0,0,0,0,0,0,0,0,0,0,0,0,0,0,0,,,,0,,,,,,,,,
1883,Internal,242,707,148542,58,18.5,15.3,5,110,17,25,1,80,0,0,0,0,17,0,0,0,0,0,0,0,0,0,0,0,0,0,0,0,,,,0,,,,,,,,,
1884,Internal,50,116,148542,58,18.5,15.3,0,0,0,0,0,31,0,0,0,0,0,0,0,0,0,0,0,0,0,0,0,0,0,0,0,0,,,,0,,,,,,,,,
1885,Internal,349,705,55481,58,20.9,7.6,2,11,35,0,1,58,0,0,0,0,22,0,0,0,0,0,0,0,0,0,0,0,0,0,0,0,,,,0,,,,,,,,,
1886,Internal,7,34,55481,58,20.9,7.6,457,701,420,28,24,56,0,0,0,0,0,0,0,0,0,0,0,0,636,0,0,0,0,0,0,0,,,,0,,,,,,,,,
1887,Internal,281,734,78782,58,23.7,8.8,14,16,62,0,161,55,0,0,0,0,0,0,0,0,0,0,0,0,1660,0,0,0,0,0,0,0,,,,0,,,,,,,,,
1888,Internal,486,1282,105875,58,15.5,19.5,30,29,73,16,6,24,0,0,0,0,0,0,0,0,0,0,0,0,0,0,0,0,0,0,0,0,,,,0,,,,,,,,,
1889,Internal,451,1153,78782,58,23.7,8.8,8,128,316,39,39,24,0,0,0,0,0,0,0,0,0,0,0,0,0,0,0,0,0,0,0,0,,,,0,,,,,,,,,
1890,Internal,531,922,66364,58,16.0,7.6,3,209,27,1,5,54,0,0,0,0,267,0,0,0,0,0,0,0,2331,0,0,0,0,0,0,0,,,,0,,,,,,,,,
1891,Internal,86,222,66364,58,16.0,7.6,2,15,5,0,0,55,0,0,0,0,0,0,0,0,0,0,0,0,0,0,0,0,0,0,0,0,,,,0,,,,,,,,,
1892,Internal,444,855,66364,58,16.0,7.6,0,94,296,5,12,54,0,0,0,0,118,0,0,0,0,0,0,0,0,0,0,0,0,0,0,0,,,,0,,,,,,,,,
1893,Internal,370,629,66364,58,16.0,7.6,91,1423,865,33,39,57,0,0,0,0,194,0,0,0,0,0,0,0,0,0,0,0,0,0,0,0,,,,0,,,,,,,,,
1894,Internal,173,496,35591,50,39.3,8.3,148,26,233,4,12,39,0,0,0,0,0,0,0,0,4,0,0,0,0,0,0,0,0,0,0,0,,,,0,,,,,,,,,
1895,Internal,703,1414,35591,50,39.3,8.3,1750,669,720,79,904,47,0,0,0,0,0,0,0,0,0,0,0,0,0,0,0,0,0,0,0,0,,,,0,,,,,,,,,
1896,Internal,406,1080,35591,50,39.3,8.3,26,188,22,0,10,80,0,0,0,0,0,0,0,0,0,0,0,0,1038,0,0,0,0,0,0,0,,,,0,,,,,,,,,
1897,Internal,75,190,35591,50,39.3,8.3,157,12,156,37,106,42,0,0,0,0,6,0,0,0,0,0,0,0,0,0,0,0,0,0,0,0,,,,0,,,,,,,,,
1898,Internal,43,124,68667,50,17.0,20.5,0,6,4,5,0,46,0,0,0,0,0,0,0,0,0,0,0,0,0,0,0,0,0,0,0,0,,,,0,,,,,,,,,
1899,Internal,349,849,68667,50,17.0,20.5,227,239,706,58,79,24,0,0,0,0,0,0,0,0,0,0,0,0,0,0,0,0,0,0,0,0,,,,0,,,,,,,,,
1900,Internal,410,1106,68667,50,17.0,20.5,26,18,48,0,0,65,0,0,0,0,0,0,0,0,0,0,0,0,0,0,0,0,0,0,0,0,,,,0,,,,,,,,,
1901,Internal,187,469,100313,50,26.0,9.9,10,11,12,0,0,27,0,0,0,0,0,0,0,0,0,0,0,0,0,0,0,0,0,0,0,0,,,,0,,,,,,,,,
1902,Internal,2129,4214,100313,50,26.0,9.9,15,18,103,39,249,15,0,0,0,0,0,0,0,0,0,0,0,0,0,0,0,0,0,0,0,0,,,,0,,,,,,,,,
1903,Internal,709,2024,100313,50,26.0,9.9,4,16,66,0,0,17,0,0,0,0,0,0,0,0,0,0,0,0,0,0,0,0,0,0,0,0,,,,0,,,,,,,,,
1904,Internal,360,1259,100313,50,26.0,9.9,8,0,13,0,2,46,0,0,0,0,0,0,0,0,0,0,0,0,0,0,0,0,0,0,0,0,,,,0,,,,,,,,,
1905,Internal,410,1137,104300,58,27.0,11.9,28,43,33,40,10,44,0,0,0,0,0,0,0,0,0,0,0,0,0,0,0,0,0,0,0,0,,,,0,,,,,,,,,
1906,Internal,645,1664,56818,50,4.4,24.3,40,24,103,2,17,30,0,0,0,0,0,0,0,0,0,0,0,0,0,0,0,0,0,0,0,0,,,,0,,,,,,,,,
1907,Internal,377,987,56818,50,4.4,24.3,25,103,422,197,303,18,0,0,0,0,0,0,0,0,0,0,0,0,0,0,0,0,0,0,0,0,,,,0,,,,,,,,,
1908,Internal,610,1398,65568,44,23.7,20.2,0,128,117,57,233,43,0,0,0,0,0,0,0,0,0,0,0,0,0,0,0,0,0,0,0,0,,,,0,,,,,,,,,
1909,Internal,154,412,65568,44,23.7,20.2,0,1,100,0,2,5,0,0,0,0,0,0,0,0,0,0,0,0,0,0,0,0,0,0,0,0,,,,0,,,,,,,,,
1910,Internal,510,1471,65568,44,23.7,20.2,0,6,2,5,4,14,0,0,0,0,0,0,0,0,0,0,0,0,0,0,0,0,0,0,0,0,,,,0,,,,,,,,,
1911,Internal,1102,2486,65568,44,23.7,20.2,0,105,115,2,162,8,0,0,0,0,0,0,0,0,0,0,0,0,0,0,0,0,0,0,0,0,,,,0,,,,,,,,,
1912,Internal,189,499,65568,44,23.7,20.2,0,196,108,58,106,36,0,0,0,0,0,0,0,0,0,0,0,0,0,0,0,0,0,0,0,0,,,,0,,,,,,,,,
1913,Internal,684,1816,80094,45,31.6,16.5,599,342,397,190,238,37,0,0,0,0,0,0,0,0,0,0,0,0,0,0,0,0,0,0,0,0,,,,0,,,,,,,,,
1914,Internal,109,254,42589,45,28.4,13.9,1,166,139,28,12,42,0,0,0,0,0,0,0,0,0,0,0,0,0,0,0,0,0,0,0,0,,,,0,,,,,,,,,
1915,Internal,439,994,42589,45,28.4,13.9,4,60,364,68,195,24,0,0,0,0,0,0,0,0,0,0,0,0,13,0,0,1,0,0,0,0,,,,0,,,,,,,,,
1916,Internal,1,1,42589,45,28.4,13.9,0,103,0,0,0,32,0,0,0,0,0,0,0,0,0,0,0,0,1344,0,0,0,0,0,0,0,,,,0,,,,,,,,,
1917,Internal,420,1149,42589,45,28.4,13.9,2,34,129,8,0,21,0,0,0,0,0,0,0,0,0,0,0,0,0,0,0,0,0,0,0,0,,,,0,,,,,,,,,
1918,Internal,377,824,42589,45,28.4,13.9,0,21,46,5,57,32,0,0,0,0,0,0,0,0,0,0,0,0,0,0,0,0,0,0,0,0,,,,0,,,,,,,,,
1919,Internal,95,233,42589,45,28.4,13.9,59,25,170,3,80,35,0,0,0,0,0,0,0,0,0,0,0,0,0,0,0,0,0,0,0,0,,,,0,,,,,,,,,
1920,Internal,248,693,72075,45,24.2,15.0,31,88,102,1,0,27,0,0,0,0,0,0,0,0,0,0,0,0,512,0,0,0,0,0,0,0,,,,0,,,,,,,,,
1921,Internal,344,950,72075,45,24.2,15.0,10,17,84,19,49,27,0,0,0,0,0,0,0,0,0,0,0,0,0,0,0,0,0,0,0,0,,,,0,,,,,,,,,
1922,Internal,322,821,72075,45,24.2,15.0,15,7,18,0,0,27,0,0,0,0,0,0,0,0,0,0,0,0,0,0,0,0,0,0,0,0,,,,0,,,,,,,,,
1923,Internal,658,1867,72075,45,24.2,15.0,0,0,1,0,3,27,0,0,0,0,0,0,0,0,0,0,0,0,0,0,0,0,0,0,0,0,,,,0,,,,,,,,,
1924,Internal,449,1125,72075,45,24.2,15.0,0,20,243,2,3,12,0,0,0,0,0,0,0,0,0,0,0,0,0,0,0,0,0,0,0,0,,,,0,,,,,,,,,
1925,Internal,34,72,72075,45,24.2,15.0,1,5,88,24,98,25,0,0,0,0,0,0,0,0,0,0,0,0,0,0,0,0,0,0,0,0,,,,0,,,,,,,,,
1926,Internal,127,327,67997,45,26.3,11.2,224,3,1,0,0,32,0,0,0,0,0,0,0,0,0,0,0,0,0,0,0,0,0,0,0,0,,,,0,,,,,,,,,
1927,Internal,614,1739,67997,45,26.3,11.2,472,0,68,1,1,32,0,0,0,0,0,0,0,0,0,0,0,0,0,0,0,0,0,0,0,0,,,,0,,,,,,,,,
1928,Internal,349,911,67997,45,26.3,11.2,24,58,55,0,0,13,0,0,0,0,0,0,0,0,0,0,0,0,0,0,0,0,0,0,0,0,,,,0,,,,,,,,,
1929,Internal,373,1046,67997,45,26.3,11.2,10,115,92,0,56,37,0,0,0,0,0,0,0,0,0,0,0,0,0,0,0,0,0,0,0,0,,,,0,,,,,,,,,
1930,Internal,399,904,67997,45,26.3,11.2,0,8,123,1,1,32,0,0,0,0,0,0,0,0,0,0,0,0,0,0,0,0,0,0,0,0,,,,0,,,,,,,,,
1931,Internal,862,2609,67997,45,26.3,11.2,0,22,100,9,7,16,0,0,0,0,0,0,0,0,0,0,0,0,0,0,0,0,0,0,0,0,,,,0,,,,,,,,,
1932,Internal,277,864,80094,45,31.6,16.5,6,7,2,1,0,32,0,0,0,0,0,0,0,0,0,0,0,0,0,0,0,0,0,0,0,0,,,,0,,,,,,,,,
1933,Internal,1322,3568,80094,45,31.6,16.5,11,107,25,0,11,20,0,0,0,0,0,0,0,0,0,0,0,0,2729,0,0,0,0,0,0,0,,,,0,,,,,,,,,
1934,Internal,347,910,80094,45,31.6,16.5,0,24,17,0,0,27,0,0,0,0,0,0,0,0,0,0,0,0,0,0,0,0,0,0,0,0,,,,0,,,,,,,,,
1935,Internal,32,78,125080,51,22.6,11.1,21,1,34,2221,34,46,0,0,0,0,0,0,0,0,0,0,0,0,0,0,8695,0,0,0,0,0,,,,0,,,,,,,,,
1936,Internal,244,772,125080,51,22.6,11.1,44,44,18,0,4,29,0,0,0,0,0,0,0,0,0,0,0,0,0,0,0,0,0,0,0,0,,,,0,,,,,,,,,
1937,Internal,111,324,125080,51,22.6,11.1,0,150,0,0,0,0,0,0,0,0,0,0,0,0,0,0,0,0,563,0,0,0,0,0,0,0,,,,0,,,,,,,,,
1938,Internal,359,870,125080,51,22.6,11.1,98,25,36,4,10,9,0,0,0,0,0,0,0,0,0,0,0,0,0,0,0,0,0,0,0,0,,,,0,,,,,,,,,
1939,Internal,266,804,91875,52,22.9,6.7,1,0,0,0,0,47,0,0,0,0,0,0,0,0,0,0,0,0,0,0,0,0,0,0,0,0,,,,0,,,,,,,,,
1940,Internal,561,1378,91875,52,22.9,6.7,201,6,136,31,27,46,0,0,0,0,0,0,0,0,0,0,0,0,0,0,0,0,0,0,0,0,,,,0,,,,,,,,,
1941,Internal,147,361,91875,52,22.9,6.7,6,4,0,0,6,47,0,0,0,0,0,0,0,0,0,0,0,0,0,0,0,0,0,0,0,0,,,,0,,,,,,,,,
1942,Internal,395,1011,91875,52,22.9,6.7,6,2,2,0,0,47,0,0,0,0,0,0,0,0,0,0,0,0,0,0,0,0,0,0,0,0,,,,0,,,,,,,,,
1943,Internal,74,254,91875,52,22.9,6.7,0,0,2,0,0,47,0,0,0,0,0,0,0,0,0,0,0,0,0,0,0,0,0,0,0,0,,,,0,,,,,,,,,
1944,Internal,207,622,125080,51,22.6,11.1,0,6,190,2,344,10,0,0,0,0,0,0,0,0,0,0,0,0,0,0,0,0,0,0,0,0,,,,0,,,,,,,,,
1945,Internal,170,423,105508,52,30.8,12.1,0,8,2,0,1,47,0,0,0,0,0,0,0,0,0,0,0,0,0,0,0,0,0,0,0,0,,,,0,,,,,,,,,
1946,Internal,684,2095,105508,52,30.8,12.1,4,5,22,0,0,41,0,0,0,0,0,0,0,0,0,0,0,0,0,0,0,0,0,0,0,0,,,,0,,,,,,,,,
1947,Internal,630,1676,82731,52,24.0,17.4,104,104,91,0,7,55,0,0,0,0,0,0,0,0,0,0,0,0,211,0,0,0,0,0,0,0,,,,0,,,,,,,,,
1948,Internal,175,508,82731,52,24.0,17.4,0,3,27,0,0,47,0,0,0,0,0,0,0,0,0,0,0,0,0,0,0,0,0,0,0,0,,,,0,,,,,,,,,
1949,Internal,54,149,91875,52,22.9,6.7,0,0,1,0,0,0,0,0,0,0,0,0,0,0,0,0,0,0,0,0,0,0,0,0,0,0,,,,0,,,,,,,,,
1950,Internal,45,138,83947,51,31.4,6.5,128,93,19,2,0,46,0,0,0,0,0,0,0,0,0,0,0,0,1037,0,0,0,0,0,0,0,,,,0,,,,,,,,,
1951,Internal,1027,2899,95819,51,32.9,7.6,44,28,10,21,17,37,0,0,0,0,0,0,0,0,0,0,0,0,0,0,0,0,0,0,0,0,,,,0,,,,,,,,,
1952,Internal,199,530,83947,51,31.4,6.5,47,8,89,8,123,35,0,0,0,0,0,0,0,0,0,0,0,0,0,0,0,0,0,0,0,0,,,,0,,,,,,,,,
1953,Internal,390,1071,95819,51,32.9,7.6,3,1,111,0,2,60,0,0,0,0,0,0,0,0,0,0,0,0,0,0,0,0,0,0,0,0,,,,0,,,,,,,,,
1954,Internal,343,903,83947,51,31.4,6.5,41,45,9,0,1,37,0,0,0,0,0,0,0,0,0,0,0,0,0,0,0,0,0,0,0,0,,,,0,,,,,,,,,
1955,Internal,605,1914,96681,45,30.2,10.2,15,85,50,0,17,21,0,0,0,0,0,0,0,0,0,0,0,0,902,0,0,0,0,0,0,0,,,,0,,,,,,,,,
1956,Internal,296,798,96681,45,30.2,10.2,31,85,294,11,4,49,0,0,0,0,0,0,0,0,0,0,0,0,0,0,0,0,0,0,0,0,,,,0,,,,,,,,,
1957,Internal,244,599,96681,45,30.2,10.2,4,64,49,0,0,13,0,0,0,0,0,0,0,0,0,0,0,0,0,0,0,0,0,0,0,0,,,,0,,,,,,,,,
1958,Internal,261,743,78750,45,24.8,12.7,10,42,181,15,343,15,0,0,0,0,0,0,0,0,0,0,0,0,0,0,0,0,0,0,0,0,,,,0,,,,,,,,,
1959,Internal,934,2506,96681,45,30.2,10.2,87,35,218,35,48,34,0,0,0,0,0,0,0,0,0,0,0,0,989,0,0,0,0,0,0,0,,,,0,,,,,,,,,
1960,Internal,602,1664,78750,45,24.8,12.7,162,0,152,50,99,35,0,0,0,0,0,0,0,0,0,0,0,0,0,0,0,0,0,0,0,0,,,,0,,,,,,,,,
1961,Internal,892,2634,78750,45,24.8,12.7,360,12,37,1,0,33,0,0,0,0,0,0,0,0,0,0,0,0,5548,0,0,0,0,0,0,0,,,,0,,,,,,,,,
1962,Internal,355,942,96681,45,30.2,10.2,0,6,126,7,96,25,0,0,0,0,0,0,0,0,0,0,0,0,953,0,0,0,0,0,0,0,,,,0,,,,,,,,,
1963,Internal,372,1109,96681,45,30.2,10.2,5,900,630,721,1294,27,0,0,0,0,0,0,0,0,0,0,0,0,0,0,0,0,0,0,0,0,,,,0,,,,,,,,,
1964,Internal,337,799,96681,45,30.2,10.2,80,74,377,19,25,45,0,0,0,0,0,0,0,0,0,0,0,0,0,0,0,0,0,0,0,0,,,,0,,,,,,,,,
1965,Internal,480,1468,96681,45,30.2,10.2,0,0,21,0,0,27,0,0,0,0,0,0,0,0,0,0,0,0,0,0,0,0,0,0,0,0,,,,0,,,,,,,,,
1966,Internal,218,623,96681,45,30.2,10.2,0,10,0,0,0,27,0,0,0,0,0,0,0,0,0,0,0,0,0,0,0,0,0,0,0,0,,,,0,,,,,,,,,
1967,Internal,49,136,96681,45,30.2,10.2,4,101,160,9,192,20,0,0,0,0,0,0,0,0,0,0,0,0,0,0,0,0,0,0,0,0,,,,0,,,,,,,,,
1968,Internal,180,406,96681,45,30.2,10.2,0,0,1,33,0,4,0,0,0,0,0,0,0,0,0,0,0,0,0,0,0,0,0,0,0,0,,,,0,,,,,,,,,
1969,Internal,27,70,96681,45,30.2,10.2,0,114,73,0,0,28,0,0,0,0,0,0,0,0,0,0,0,0,1121,0,0,0,0,0,0,0,,,,0,,,,,,,,,
1970,Internal,31,104,66875,45,28.7,6.4,0,0,0,0,0,24,0,0,0,0,0,0,0,0,0,0,0,0,0,0,0,0,0,0,0,0,,,,0,,,,,,,,,
1971,Internal,408,1138,78750,45,24.8,12.7,0,1,72,0,1,24,0,0,0,0,0,0,0,0,0,0,0,0,0,0,0,0,0,0,0,0,,,,0,,,,,,,,,
1972,Internal,1023,2946,78750,45,24.8,12.7,12,24,50,0,14,39,0,0,0,0,0,0,0,0,0,0,0,0,0,0,0,0,0,0,0,0,,,,0,,,,,,,,,
1973,Internal,325,897,78750,45,24.8,12.7,4,92,53,1,0,24,0,0,0,0,0,0,0,0,0,0,0,0,0,0,0,0,0,0,0,0,,,,0,,,,,,,,,
1974,Internal,123,365,58420,45,27.9,15.3,4,60,4,0,0,27,0,0,0,0,0,0,0,0,0,0,0,0,0,0,0,0,0,0,0,0,,,,0,,,,,,,,,
1975,Internal,401,1105,66875,45,28.7,6.4,18,20,8,0,0,24,0,0,0,0,0,0,0,0,0,0,0,0,0,0,0,0,0,0,0,0,,,,0,,,,,,,,,
1976,Internal,296,901,58420,45,27.9,15.3,33,24,35,0,3,11,0,0,0,0,0,0,0,0,0,0,0,0,0,0,0,0,0,0,0,0,,,,0,,,,,,,,,
1977,Internal,190,472,58420,45,27.9,15.3,9,21,10,0,6,27,0,0,0,0,0,0,0,0,0,0,0,0,0,0,0,0,0,0,0,0,,,,0,,,,,,,,,
1978,Internal,174,556,66875,45,28.7,6.4,0,4,4,0,0,24,0,0,0,0,0,0,0,0,0,0,0,0,0,0,0,0,0,0,0,0,,,,0,,,,,,,,,
1979,Internal,95,306,66875,45,28.7,6.4,4,3,3,0,0,24,0,0,0,0,0,0,0,0,0,0,0,0,0,0,0,0,0,0,0,0,,,,0,,,,,,,,,
1980,Internal,385,1070,58420,45,27.9,15.3,2,15,1,0,2,27,0,0,0,0,0,0,0,0,0,0,0,0,0,0,0,0,0,0,0,0,,,,0,,,,,,,,,
1981,Internal,216,625,66875,45,28.7,6.4,17,84,3,0,6,6,0,0,0,0,0,0,0,0,0,0,0,0,1074,0,0,0,0,0,0,0,,,,0,,,,,,,,,
1982,Internal,62,147,66875,45,28.7,6.4,21,0,0,0,0,24,0,0,0,0,0,0,0,0,0,0,0,0,0,0,0,0,0,0,0,0,,,,0,,,,,,,,,
1983,Internal,435,1195,78750,45,24.8,12.7,12,12,212,0,0,24,0,0,0,0,0,0,0,0,0,0,0,0,0,0,0,0,0,0,0,0,,,,0,,,,,,,,,
1984,Internal,171,454,66875,45,28.7,6.4,57,6,14,0,11,24,0,0,0,0,0,0,0,0,0,0,0,0,0,0,0,0,0,0,0,0,,,,0,,,,,,,,,
1985,Internal,19,69,58420,45,27.9,15.3,0,70,7,0,0,52,0,0,0,0,0,0,0,0,0,0,0,0,1135,0,0,0,0,0,0,0,,,,0,,,,,,,,,
1986,Internal,30,108,112458,46,27.8,11.2,556,3,16,3,2,84,0,0,0,0,0,0,0,0,0,0,0,0,0,0,0,0,0,0,0,0,,,,0,,,,,,,,,
1987,Internal,0,0,112458,46,27.8,11.2,310,0,0,0,0,67,0,0,0,0,0,0,0,0,0,0,0,0,0,0,0,0,0,0,0,0,,,,0,,,,,,,,,
1988,Internal,815,2477,112458,46,27.8,11.2,11,0,0,0,42,67,0,0,0,0,0,0,0,0,0,0,0,0,953,0,0,0,0,0,0,0,,,,0,,,,,,,,,
1989,Internal,97,277,112458,46,27.8,11.2,20,8,7,0,3,68,0,0,0,0,0,0,0,0,0,0,0,0,0,0,0,0,0,0,0,0,,,,0,,,,,,,,,
1990,Internal,49,143,112458,46,27.8,11.2,5,7,14,0,0,71,0,0,0,0,0,0,0,0,0,0,0,0,0,0,0,0,0,0,0,0,,,,0,,,,,,,,,
1991,Internal,296,919,112458,46,27.8,11.2,9,7,8,6,2,25,0,0,0,0,0,0,0,0,0,0,0,0,0,0,0,0,0,0,0,0,,,,0,,,,,,,,,
1992,Internal,312,907,112458,46,27.8,11.2,4,22,8,4,3,67,0,0,0,0,0,0,0,0,0,0,0,0,0,0,0,0,0,0,0,0,,,,0,,,,,,,,,
1993,Internal,427,1204,90436,46,31.5,7.5,0,4,4,0,0,23,0,0,0,0,0,0,0,0,0,0,0,0,763,0,0,0,0,0,0,0,,,,0,,,,,,,,,
1994,Internal,395,1272,112458,46,27.8,11.2,6,3,3,0,3,67,0,0,0,0,0,0,0,0,0,0,0,0,0,0,0,0,0,0,0,0,,,,0,,,,,,,,,
1995,Internal,365,1082,90436,46,31.5,7.5,0,0,10,0,3,23,0,0,0,0,0,0,0,0,0,0,0,0,0,0,0,0,0,0,0,0,,,,0,,,,,,,,,
1996,Internal,338,1062,90436,46,31.5,7.5,1,5,51,0,0,23,0,0,0,0,0,0,0,0,0,0,0,0,0,0,0,0,0,0,0,0,,,,0,,,,,,,,,
1997,Internal,328,787,64560,44,24.9,13.5,9,106,201,123,60,52,0,0,0,0,0,0,0,0,0,0,0,0,0,0,0,0,0,0,0,0,,,,0,,,,,,,,,
1998,Internal,2383,7760,118772,46,35.4,5.0,983,74,121,0,46,33,0,0,0,0,0,0,0,0,0,0,0,0,0,0,0,0,0,0,0,0,,,,0,,,,,,,,,
1999,Internal,327,1005,118772,46,35.4,5.0,1382,996,326,29,131,65,0,0,0,0,0,0,0,0,0,0,0,0,0,0,0,0,0,0,0,0,,,,0,,,,,,,,,
2000,Internal,25,98,118772,46,35.4,5.0,1241,0,10,0,0,67,0,0,0,0,0,0,0,0,0,0,0,0,0,0,0,0,0,0,0,0,,,,0,,,,,,,,,
2001,Internal,262,709,64560,44,24.9,13.5,5,201,54,0,2,19,0,0,0,0,0,0,0,0,0,0,0,0,0,0,0,0,0,0,0,0,,,,0,,,,,,,,,
2002,Internal,1532,4657,118772,46,35.4,5.0,160,227,385,0,27,49,0,0,0,0,0,0,0,0,0,0,0,0,3244,0,0,0,0,0,0,0,,,,0,,,,,,,,,
2003,Internal,313,811,78472,44,34.7,5.4,1,112,16,4,0,38,0,0,0,0,0,0,0,0,0,0,0,0,0,0,0,0,0,0,0,0,,,,0,,,,,,,,,
2004,Internal,17,108,64560,44,24.9,13.5,7,46,163,5,45,57,0,0,0,0,0,0,0,0,0,0,0,0,0,0,0,0,0,0,0,0,,,,0,,,,,,,,,
2005,Internal,195,546,90436,46,31.5,7.5,0,4,0,0,0,23,0,0,0,0,0,0,0,0,0,0,0,0,0,0,0,0,0,0,0,0,,,,0,,,,,,,,,
2006,Internal,184,505,90436,46,31.5,7.5,0,0,2,77,1,23,0,0,0,0,0,0,0,0,0,0,0,0,0,0,0,0,0,0,0,0,,,,0,,,,,,,,,
2007,Internal,643,1885,90436,46,31.5,7.5,5,423,108,101,390,23,0,0,0,0,0,0,0,0,0,0,0,0,0,0,0,0,0,0,0,0,,,,0,,,,,,,,,
2008,Internal,287,991,101164,46,29.3,10.0,3,0,0,11,0,48,0,0,0,0,0,0,0,0,0,0,0,0,0,0,0,0,0,0,0,0,,,,0,,,,,,,,,
2009,Internal,169,488,101164,46,29.3,10.0,65,0,0,11,0,48,0,0,0,0,0,0,0,0,0,0,0,0,0,0,0,0,0,0,0,0,,,,0,,,,,,,,,
2010,Internal,149,427,101164,46,29.3,10.0,0,21,27,42,68,48,0,0,0,0,0,0,0,0,0,0,0,0,367,0,0,0,0,0,0,0,,,,0,,,,,,,,,
2011,Internal,429,1140,90436,46,31.5,7.5,0,13,43,21,30,10,0,0,0,0,0,0,0,0,0,0,0,0,0,0,0,0,0,0,0,0,,,,0,,,,,,,,,
2012,Internal,508,1313,90436,46,31.5,7.5,0,0,76,0,0,23,0,0,0,0,0,0,0,0,0,0,0,0,0,0,0,0,0,0,0,0,,,,0,,,,,,,,,
2013,Internal,386,1258,101164,46,29.3,10.0,0,0,0,0,0,48,0,0,0,0,0,0,0,0,0,0,0,0,0,0,0,0,0,0,0,0,,,,0,,,,,,,,,
2014,Internal,645,1610,90436,46,31.5,7.5,15,20,37,13,4,51,0,0,0,0,0,0,0,0,0,0,0,0,959,0,0,0,0,0,0,0,,,,0,,,,,,,,,
2015,Internal,379,907,64560,44,24.9,13.5,6,3,64,0,9,35,0,0,0,0,0,0,0,0,0,0,0,0,0,0,0,0,0,0,0,0,,,,0,,,,,,,,,
2016,Internal,245,695,78472,44,34.7,5.4,5,3,109,31,0,38,0,0,0,0,0,0,0,0,0,0,0,0,0,0,0,0,0,0,0,0,,,,0,,,,,,,,,
2017,Internal,290,755,78472,44,34.7,5.4,2,0,5,0,0,38,0,0,0,0,0,0,0,0,0,0,0,0,0,0,0,0,0,0,0,0,,,,0,,,,,,,,,
2018,Internal,1135,2854,101164,46,29.3,10.0,9,31,172,0,1,47,0,0,0,0,0,0,0,0,0,0,0,0,0,0,0,0,0,0,0,0,,,,0,,,,,,,,,
2019,Internal,27,71,64560,44,24.9,13.5,0,14,26,0,0,38,0,0,0,0,0,0,0,0,0,0,0,0,0,0,0,0,0,0,0,0,,,,0,,,,,,,,,
2020,Internal,128,261,64560,44,24.9,13.5,0,7,159,9,231,9,0,0,0,0,0,0,0,0,0,0,0,0,0,0,0,0,0,0,0,0,,,,0,,,,,,,,,
2021,Internal,106,353,131071,44,32.8,11.4,4,5,67,15,0,35,0,0,0,0,0,0,0,0,0,0,0,0,0,0,0,0,0,0,0,0,,,,0,,,,,,,,,
2022,Internal,400,1240,131071,44,32.8,11.4,10,4,68,0,3,29,0,0,0,0,0,0,0,0,0,0,0,0,0,0,0,0,0,0,0,0,,,,0,,,,,,,,,
2023,Internal,442,1213,135536,44,23.3,15.3,25,21,14,2,7,39,0,0,0,0,0,0,0,0,0,0,0,0,0,0,0,0,0,0,0,0,,,,0,,,,,,,,,
2024,Internal,196,619,131071,44,32.8,11.4,6,113,12,0,13,26,0,0,0,0,0,0,0,0,0,0,0,0,0,0,0,0,0,0,0,0,,,,0,,,,,,,,,
2025,Internal,215,631,135536,44,23.3,15.3,2,16,22,2,4,26,0,0,0,0,0,0,0,0,0,0,0,0,0,0,0,0,0,0,0,0,,,,0,,,,,,,,,
2026,Internal,334,1105,85809,45,31.9,8.3,2,8,25,4,1,64,0,0,0,0,0,0,0,0,0,0,0,0,0,0,0,0,0,0,0,0,,,,0,,,,,,,,,
2027,Internal,721,2426,85809,45,31.9,8.3,20,8,239,48,14,14,0,0,0,0,0,0,0,0,0,0,0,0,0,0,0,0,0,0,0,0,,,,0,,,,,,,,,
2028,Internal,569,1554,85809,45,31.9,8.3,39,5,60,12,8,52,0,0,0,0,0,0,0,0,0,0,0,0,0,0,0,0,0,0,0,0,,,,0,,,,,,,,,
2029,Internal,625,1928,126629,45,38.7,6.3,29,153,138,120,35,59,0,0,0,0,0,0,0,0,0,0,0,0,0,0,0,0,0,0,0,0,,,,0,,,,,,,,,
2030,Internal,322,1019,126629,45,38.7,6.3,5,3,76,0,3,24,0,0,0,0,0,0,0,0,0,0,0,0,0,0,0,0,0,0,0,0,,,,0,,,,,,,,,
2031,Internal,369,838,126629,45,38.7,6.3,0,33,102,2,69,57,0,0,0,0,0,0,0,0,0,0,0,0,0,0,0,0,0,0,0,0,,,,0,,,,,,,,,
2032,Internal,183,482,126629,45,38.7,6.3,0,110,1,0,4,46,0,0,0,0,0,0,0,0,0,0,0,0,1084,0,0,0,0,0,0,0,,,,0,,,,,,,,,
2033,Internal,448,1329,85809,45,31.9,8.3,3,45,73,20,45,28,0,0,0,0,0,0,0,0,0,0,0,0,0,0,0,0,0,0,0,0,,,,0,,,,,,,,,
2034,Internal,54,182,131071,44,32.8,11.4,0,110,0,1,0,43,0,0,0,0,0,0,0,0,0,0,0,0,2530,0,0,0,0,0,0,0,,,,0,,,,,,,,,
2035,Internal,51,165,109813,47,28.6,11.2,0,4,179,0,15,21,0,0,0,0,0,0,0,0,0,0,0,0,0,0,0,0,0,0,0,0,,,,0,,,,,,,,,
2036,Internal,355,1121,135431,48,28.2,9.1,12,7,115,13,214,24,0,0,0,0,0,0,0,0,0,0,0,0,0,0,0,0,0,0,0,0,,,,0,,,,,,,,,
2037,Internal,110,267,135536,44,23.3,15.3,0,0,1,18,30,35,0,0,0,0,0,0,0,0,0,0,0,0,0,0,0,0,0,0,0,0,,,,0,,,,,,,,,
2038,Internal,468,1710,118780,48,31.0,7.0,0,5,16,23,0,70,0,0,0,0,0,0,0,0,0,0,0,0,0,0,0,0,0,0,0,0,,,,0,,,,,,,,,
2039,Internal,411,1358,118780,48,31.0,7.0,6,97,121,18,0,57,0,0,0,0,0,0,0,0,0,0,0,0,2654,0,0,0,0,0,0,0,,,,0,,,,,,,,,
2040,Internal,436,1307,118780,48,31.0,7.0,94,7,42,19,4,32,0,0,0,0,6,0,0,0,0,0,0,0,0,0,0,0,0,0,0,0,,,,0,,,,,,,,,
2041,Internal,1114,3306,118780,48,31.0,7.0,8,7,19,2,22,43,0,0,0,0,0,0,0,0,0,0,0,0,0,0,0,0,0,0,0,0,,,,0,,,,,,,,,
2042,Internal,225,666,118780,48,31.0,7.0,1,10,2,0,0,40,0,0,0,0,0,0,0,0,0,0,0,0,0,0,0,0,0,0,0,0,,,,0,,,,,,,,,
2043,Internal,521,1635,135431,48,28.2,9.1,143,51,35,100,141,17,0,0,0,0,22,0,0,0,0,0,0,0,0,0,0,0,0,0,0,0,,,,0,,,,,,,,,
2044,Internal,251,806,135431,48,28.2,9.1,3,4,3,4,7,40,0,0,0,0,0,0,0,0,0,0,0,0,0,0,0,0,0,0,0,0,,,,0,,,,,,,,,
2045,Internal,50,143,135431,48,28.2,9.1,7,6,12,0,0,40,0,0,0,0,0,0,0,0,0,0,0,0,0,0,0,0,0,0,0,0,,,,0,,,,,,,,,
2046,Internal,228,770,118780,48,31.0,7.0,4,2,47,0,6,19,0,0,0,0,0,0,0,0,0,0,0,0,165,0,0,0,0,0,0,0,,,,0,,,,,,,,,
2047,Internal,58,155,135431,48,28.2,9.1,1,10,0,0,12,40,0,0,0,0,0,0,0,0,0,0,0,0,0,0,0,0,0,0,0,0,,,,0,,,,,,,,,
2048,Internal,52,161,135431,48,28.2,9.1,0,0,306,36,0,55,0,0,0,0,0,0,0,0,0,0,0,0,5421,0,0,0,0,0,0,0,,,,0,,,,,,,,,
2049,Internal,559,1591,135431,48,28.2,9.1,17,21,44,13,4,65,0,0,0,0,0,0,0,0,0,0,0,0,0,0,0,0,0,0,0,0,,,,0,,,,,,,,,
2050,Internal,658,2188,140714,49,34.5,4.5,0,147,91,20,3,25,0,0,0,0,0,0,0,0,0,0,0,0,2970,0,0,0,0,0,0,0,,,,0,,,,,,,,,
2051,Internal,102,368,126011,52,29.0,5.0,0,53,3,8,1,25,0,0,0,0,0,0,0,0,0,0,0,0,0,0,0,0,0,0,0,0,,,,0,,,,,,,,,
2052,Internal,379,1303,126011,52,29.0,5.0,5,6,3,0,0,35,0,0,0,0,0,0,0,0,0,0,0,0,0,0,0,0,0,0,0,0,,,,0,,,,,,,,,
2053,Internal,277,800,126011,52,29.0,5.0,4,0,4,0,3,34,0,0,0,0,0,0,0,0,0,0,0,0,0,0,0,0,0,0,0,0,,,,0,,,,,,,,,
2054,Internal,19,82,126011,52,29.0,5.0,0,300,35,8,58,44,0,0,0,0,0,0,0,0,0,0,0,0,2276,0,0,0,0,0,0,0,,,,0,,,,,,,,,
2055,Internal,477,1526,149000,49,30.9,5.4,0,8,70,0,171,33,0,0,0,0,0,0,0,0,0,0,0,0,0,0,0,0,0,0,0,0,,,,0,,,,,,,,,
2056,Internal,191,571,140714,49,34.5,4.5,9,2,5,1,0,31,0,0,0,0,0,0,0,0,0,0,0,0,0,0,0,0,0,0,0,0,,,,0,,,,,,,,,
2057,Internal,549,1690,132386,52,29.6,7.3,10,98,24,0,6,28,0,0,0,0,0,0,0,0,0,0,0,0,0,0,0,0,0,0,0,0,,,,0,,,,,,,,,
2058,Internal,540,1520,145781,52,26.6,5.5,13,23,21,7,49,44,0,0,0,0,0,0,0,0,0,0,0,0,0,0,0,0,0,0,0,0,,,,0,,,,,,,,,
2059,Internal,262,804,145781,52,26.6,5.5,2,5,25,38,0,31,0,0,0,0,0,0,0,0,0,0,0,0,0,0,0,0,0,0,0,0,,,,0,,,,,,,,,
2060,Internal,128,385,132386,52,29.6,7.3,1,0,18,0,12,35,0,0,0,0,0,0,0,0,0,0,0,0,0,0,0,0,0,0,0,0,,,,0,,,,,,,,,
2061,Internal,56,175,73500,48,21.5,17.2,361,12,2,0,0,48,0,0,0,0,0,0,0,0,0,0,0,0,0,0,0,0,0,0,0,0,,,,0,,,,,,,,,
2062,Internal,342,937,128636,48,35.8,6.0,0,3,14,7,2,48,0,0,0,0,0,0,0,0,0,0,0,0,0,0,0,0,0,0,0,0,,,,0,,,,,,,,,
2063,Internal,1297,4093,128636,48,35.8,6.0,66,29,26,0,0,74,0,0,0,0,0,0,0,0,0,0,0,0,0,0,0,0,0,0,0,0,,,,0,,,,,,,,,
2064,Internal,1425,4180,145795,47,33.6,6.9,2,20,54,17,7,32,0,0,0,0,0,0,0,0,0,0,0,0,0,0,0,0,0,0,0,0,,,,0,,,,,,,,,
2065,Internal,867,2556,128636,48,35.8,6.0,239,17,35,0,25,23,0,0,0,0,0,0,0,0,0,0,0,0,0,0,0,0,0,0,0,0,,,,0,,,,,,,,,
2066,Internal,400,1363,128636,48,35.8,6.0,27,12,4,0,0,48,0,0,0,0,0,0,0,0,0,0,0,0,0,0,0,0,0,0,0,0,,,,0,,,,,,,,,
2067,Internal,310,865,128636,48,35.8,6.0,4,2,21,24,0,65,0,0,0,0,0,0,0,0,0,0,0,0,0,0,0,0,0,0,0,0,,,,0,,,,,,,,,
2068,Internal,2286,5597,145795,47,33.6,6.9,107,182,159,3,1088,34,0,0,0,0,0,0,0,0,0,0,0,0,878,0,0,0,0,0,0,0,,,,0,,,,,,,,,
2069,Internal,2125,5360,73500,48,21.5,17.2,14,167,27,7,0,46,0,0,0,0,0,0,0,0,0,0,0,0,5364,0,0,0,0,0,0,0,,,,0,,,,,,,,,
2070,Internal,47,115,73500,48,21.5,17.2,18,3,0,2,0,48,0,0,0,0,0,0,0,0,0,0,0,0,0,0,0,0,0,0,0,0,,,,0,,,,,,,,,
2071,Internal,51,113,73500,48,21.5,17.2,20,0,2,0,6,48,0,0,0,0,0,0,0,0,0,0,0,0,0,0,0,0,0,0,0,0,,,,0,,,,,,,,,
2072,Internal,163,435,73500,48,21.5,17.2,2,17,0,0,0,48,0,0,0,0,0,0,0,0,0,0,0,0,0,0,0,0,0,0,0,0,,,,0,,,,,,,,,
2073,Internal,357,979,73500,48,21.5,17.2,3,0,71,6,0,43,0,0,0,0,0,0,0,0,0,0,0,0,0,0,0,0,0,0,0,0,,,,0,,,,,,,,,
2074,Internal,648,1950,73500,48,21.5,17.2,57,7,18,2,3,48,0,0,0,0,0,0,0,0,0,0,0,0,885,0,0,0,0,0,0,0,,,,0,,,,,,,,,
2075,Internal,1129,3401,73500,48,21.5,17.2,45,39,43,9,10,48,0,0,0,0,0,0,0,0,0,0,0,0,0,0,0,0,0,0,0,0,,,,0,,,,,,,,,
2076,Internal,270,857,128636,48,35.8,6.0,0,0,1,0,0,48,0,0,0,0,0,0,0,0,0,0,0,0,0,0,0,0,0,0,0,0,,,,0,,,,,,,,,
2077,Internal,173,416,115061,49,36.1,2.7,3,0,2,0,0,60,0,0,0,0,0,0,0,0,0,0,0,0,0,0,0,0,0,0,0,0,,,,0,,,,,,,,,
2078,Internal,82,192,115061,49,36.1,2.7,0,0,10,0,2,60,0,0,0,0,0,0,0,0,0,0,0,0,0,0,0,0,0,0,0,0,,,,0,,,,,,,,,
2079,Internal,0,0,115061,49,36.1,2.7,0,130,0,0,0,45,0,0,0,0,0,0,0,0,0,0,0,0,1298,0,0,0,0,0,0,0,,,,0,,,,,,,,,
2080,Internal,129,387,127240,46,29.3,8.7,0,5,47,9,219,0,0,0,0,0,0,0,0,0,0,0,0,0,0,0,0,0,0,0,0,0,,,,0,,,,,,,,,
2081,Internal,260,882,151339,48,33.8,7.9,7,6,12,0,9,39,0,0,0,0,0,0,0,0,0,0,0,0,0,0,0,0,0,0,0,0,,,,0,,,,,,,,,
2082,Internal,932,2822,151339,48,33.8,7.9,30,3,27,0,0,61,0,0,0,0,0,0,0,0,0,0,0,0,0,0,0,0,0,0,0,0,,,,0,,,,,,,,,
2083,Internal,441,1572,164323,47,35.3,4.4,7,11,25,2,5,17,0,0,0,0,0,0,0,0,0,0,0,0,0,0,0,0,0,0,0,0,,,,0,,,,,,,,,
2084,Internal,393,1113,76750,47,36.3,9.6,5,5,0,15,0,32,0,0,0,0,0,0,0,0,0,0,0,0,0,0,0,0,0,0,0,0,,,,0,,,,,,,,,
2085,Internal,629,1756,76750,47,36.3,9.6,0,30,16,2,50,32,0,0,0,0,0,0,0,0,0,0,0,0,0,0,0,0,0,0,0,0,,,,0,,,,,,,,,
2086,Internal,555,1261,76750,47,36.3,9.6,129,122,5,0,39,32,0,0,0,0,0,0,0,0,0,0,0,0,0,0,0,0,0,0,0,0,,,,0,,,,,,,,,
2087,Internal,1545,3821,164323,47,35.3,4.4,4,66,128,6,180,27,0,0,0,0,0,0,0,0,0,0,0,0,3486,0,0,0,0,0,0,0,,,,0,,,,,,,,,
2088,Internal,195,470,164323,47,35.3,4.4,1,4,0,0,0,37,0,0,0,0,0,0,0,0,0,0,0,0,839,0,0,0,0,0,0,0,,,,0,,,,,,,,,
2089,Internal,349,684,76750,47,36.3,9.6,211,18,8,25,67,32,0,0,0,0,0,0,0,0,0,0,0,0,0,0,0,0,0,0,0,0,,,,0,,,,,,,,,
2090,Internal,232,742,76750,47,36.3,9.6,1,12,2,0,3,32,0,0,0,0,0,0,0,0,0,0,0,0,0,0,0,0,0,0,0,0,,,,0,,,,,,,,,
2091,Internal,515,1704,151339,48,33.8,7.9,4,3,14,0,0,50,0,0,0,0,0,0,0,0,0,0,0,0,0,0,0,0,0,0,0,0,,,,0,,,,,,,,,
2092,Internal,478,1580,151339,48,33.8,7.9,5,10,13,0,2,40,0,0,0,0,0,0,0,0,0,0,0,0,0,0,0,0,0,0,0,0,,,,0,,,,,,,,,
2093,Internal,147,530,164323,47,35.3,4.4,0,0,4,0,0,25,0,0,0,0,0,0,0,0,0,0,0,0,0,0,0,0,0,0,0,0,,,,0,,,,,,,,,
2094,Internal,417,1309,155789,47,36.2,6.0,0,279,1103,136,0,45,0,0,0,0,0,0,0,0,0,0,0,0,0,0,0,0,0,0,0,0,,,,0,,,,,,,,,
2095,Internal,1831,5300,164323,47,35.3,4.4,27,20,33,3,0,52,0,0,0,0,0,0,0,0,0,0,0,0,0,0,0,0,0,0,0,0,,,,0,,,,,,,,,
2096,Internal,1588,4844,155789,47,36.2,6.0,8,120,292,49,13,57,0,0,0,0,0,0,0,0,0,0,0,0,1296,0,0,0,0,0,0,0,,,,0,,,,,,,,,
2097,Internal,1510,3153,137214,50,36.7,5.2,0,212,104,5,218,41,0,0,0,0,0,0,0,0,0,0,0,0,3670,0,0,0,0,0,0,0,,,,0,,,,,,,,,
2098,Internal,601,1328,82715,56,19.3,8.4,63,55,62,5,10,49,0,0,0,0,0,0,0,0,0,0,0,0,652,0,0,0,0,0,0,0,,,,0,,,,,,,,,
2099,Internal,478,1045,82715,56,19.3,8.4,47,429,290,46,74,51,0,0,0,0,0,0,0,0,0,0,0,0,12,0,0,0,0,0,0,0,,,,0,,,,,,,,,
2100,Internal,13,45,127344,47,31.5,9.8,0,5,16,2,0,32,0,0,0,0,0,0,0,0,0,0,0,0,0,0,0,0,0,0,0,0,,,,0,,,,,,,,,
2101,Internal,150,442,127344,47,31.5,9.8,24,51,265,35,210,27,0,0,0,0,0,0,0,0,0,0,0,0,0,0,0,0,0,0,0,0,,,,0,,,,,,,,,
2102,Internal,284,712,82715,56,19.3,8.4,17,708,488,96,68,27,0,0,0,0,0,0,0,0,0,0,0,0,0,0,0,0,0,0,0,0,,,,0,,,,,,,,,
2103,Internal,382,1053,115898,56,31.5,9.2,29,73,534,7,195,40,0,0,0,0,0,0,0,0,0,0,0,0,904,0,0,0,0,0,0,0,,,,0,,,,,,,,,
2104,Internal,418,1537,127344,47,31.5,9.8,23,100,11,4,0,47,0,0,0,0,0,0,0,0,0,0,0,0,1009,0,0,0,0,0,0,0,,,,0,,,,,,,,,
2105,Internal,529,1150,82715,56,19.3,8.4,3,36,60,0,101,23,0,0,0,0,0,0,0,0,0,0,0,0,0,0,0,0,0,0,0,0,,,,0,,,,,,,,,
2106,Internal,305,809,127240,46,29.3,8.7,32,9,859,46,1894,11,0,0,0,0,0,0,0,0,0,0,0,0,0,0,0,1,0,0,0,0,,,,0,,,,,,,,,
2107,Internal,301,1001,127240,46,29.3,8.7,2,13,121,2,37,13,0,0,0,0,0,0,0,0,0,0,0,0,0,0,0,0,0,0,0,0,,,,0,,,,,,,,,
2108,Internal,463,1580,100345,49,33.8,9.0,0,23,17,19,14,44,0,0,0,0,0,0,0,0,0,0,0,0,0,0,0,0,0,0,0,0,,,,0,,,,,,,,,
2109,Internal,33,64,127240,46,29.3,8.7,0,0,0,1,0,13,0,0,0,0,0,0,0,0,0,0,0,0,0,0,0,0,0,0,0,0,,,,0,,,,,,,,,
2110,Internal,1282,3297,127240,46,29.3,8.7,36,19,64,114,280,19,0,0,0,0,0,0,0,0,0,0,0,0,0,0,0,0,0,0,0,0,,,,0,,,,,,,,,
2111,Internal,485,1431,100345,49,33.8,9.0,3,107,14,0,3,78,0,0,0,0,0,0,0,0,0,0,0,0,687,0,0,0,0,0,0,0,,,,0,,,,,,,,,
2112,Internal,108,242,127240,46,29.3,8.7,2,250,28,0,0,13,0,0,0,0,0,0,0,0,0,0,0,0,0,0,0,0,0,0,0,0,,,,0,,,,,,,,,
2113,Internal,662,1857,115061,49,36.1,2.7,4,6,19,0,0,44,0,0,0,0,0,0,0,0,0,0,0,0,0,0,0,0,0,0,0,0,,,,0,,,,,,,,,
2114,Internal,841,2441,115061,49,36.1,2.7,5,10,44,0,24,51,0,0,0,0,0,0,0,0,0,0,0,0,0,0,0,0,0,0,0,0,,,,0,,,,,,,,,
2115,Internal,807,2613,127344,47,31.5,9.8,5,132,3,0,0,32,0,0,0,0,0,0,0,0,0,0,0,0,0,0,0,0,0,0,0,0,,,,0,,,,,,,,,
2116,Internal,177,411,127344,47,31.5,9.8,15,1,12,15,23,32,0,0,0,0,0,0,0,0,0,0,0,0,0,0,0,0,0,0,0,0,,,,0,,,,,,,,,
2117,Internal,223,584,115898,56,31.5,9.2,17,2,67,7,292,16,0,0,0,0,0,0,0,0,0,0,0,0,0,0,0,0,0,0,0,0,,,,0,,,,,,,,,
2118,Internal,239,733,115898,56,31.5,9.2,1,70,13,0,1,36,0,0,0,0,0,0,0,0,0,0,0,0,586,0,0,0,0,0,0,0,,,,0,,,,,,,,,
2119,Internal,559,1554,100345,49,33.8,9.0,23,59,265,7,1,56,0,0,0,0,0,0,0,0,0,0,0,0,0,0,0,0,0,0,0,0,,,,0,,,,,,,,,
2120,Internal,233,507,100345,49,33.8,9.0,0,4,64,55,45,16,0,0,0,0,0,0,0,0,0,0,0,0,0,0,0,0,0,0,0,0,,,,0,,,,,,,,,
2121,Internal,26,61,115898,56,31.5,9.2,0,100,9,0,0,50,0,0,0,0,0,0,0,0,0,0,0,0,852,0,0,0,0,0,0,0,,,,0,,,,,,,,,
2122,Internal,409,1145,115898,56,31.5,9.2,0,124,226,1,79,29,0,0,0,0,0,0,0,0,0,0,0,0,0,0,0,0,0,0,0,0,,,,0,,,,,,,,,
2123,Internal,122,322,115898,56,31.5,9.2,47,78,120,41,11,53,0,0,0,0,0,0,0,0,0,0,0,0,0,0,0,0,0,0,0,0,,,,0,,,,,,,,,
2124,Internal,163,364,87446,56,38.1,13.1,139,39,170,29,24,45,0,0,0,0,0,0,0,0,0,0,0,0,0,0,0,0,0,0,0,0,,,,0,,,,,,,,,
2125,Internal,191,478,87446,56,38.1,13.1,49,152,266,14,260,28,0,0,0,0,0,0,0,0,0,0,0,0,0,0,0,0,0,0,0,0,,,,0,,,,,,,,,
2126,Internal,184,421,70268,52,21.7,7.6,2,10,28,3,17,12,0,0,0,0,0,0,0,0,0,0,0,0,0,0,0,0,0,0,0,0,,,,0,,,,,,,,,
2127,Internal,275,723,70268,52,21.7,7.6,0,6,85,45,123,47,0,0,0,0,0,0,0,0,0,0,0,0,0,0,0,0,0,0,0,0,,,,0,,,,,,,,,
2128,Internal,902,1789,79453,49,23.4,14.3,192,66,541,16,139,42,0,0,0,0,0,0,0,0,0,0,0,0,0,0,0,0,0,0,0,0,,,,0,,,,,,,,,
2129,Internal,634,1536,79453,49,23.4,14.3,237,8,107,8,92,35,0,0,0,0,0,0,0,0,0,0,0,0,0,0,0,0,0,0,0,0,,,,0,,,,,,,,,
2130,Internal,140,412,79453,49,23.4,14.3,0,149,1,0,0,52,0,0,0,0,0,0,0,0,0,0,0,0,834,0,0,0,0,0,0,0,,,,0,,,,,,,,,
2131,Internal,344,992,94474,52,26.1,8.2,13,26,117,28,206,12,0,0,0,0,0,0,0,0,0,0,0,0,0,0,0,0,0,0,0,0,,,,0,,,,,,,,,
2132,Internal,256,668,94474,52,26.1,8.2,0,13,35,0,7,36,0,0,0,0,0,0,0,0,0,0,0,0,0,0,0,0,0,0,0,0,,,,0,,,,,,,,,
2133,Internal,421,824,79453,49,23.4,14.3,96,107,502,78,239,24,0,0,0,0,0,0,0,0,0,0,0,0,0,0,0,0,0,0,0,0,,,,0,,,,,,,,,
2134,Internal,1488,2940,115061,49,36.1,2.7,0,62,13,0,1661,60,0,0,0,0,0,0,0,0,0,0,0,0,2010,0,0,0,0,0,0,0,,,,0,,,,,,,,,
2135,Internal,587,1896,79453,49,23.4,14.3,2,271,527,0,227,41,0,0,0,0,0,0,0,0,0,0,0,0,0,0,0,0,0,0,0,0,,,,0,,,,,,,,,
2136,Internal,367,931,94474,52,26.1,8.2,38,1196,3657,82,501,66,0,0,0,0,0,0,0,0,0,0,0,0,0,0,0,0,0,0,0,0,,,,0,,,,,,,,,
2137,Internal,725,1728,94474,52,26.1,8.2,29,53,292,4,805,10,0,0,0,0,0,0,0,0,0,0,0,0,0,0,0,0,0,0,0,0,,,,0,,,,,,,,,
2138,Internal,101,271,94474,52,26.1,8.2,0,130,745,66,83,36,0,0,0,0,0,0,0,0,0,0,0,0,0,0,0,0,0,0,0,0,,,,0,,,,,,,,,
2139,Internal,215,650,94474,52,26.1,8.2,7,107,35,67,0,13,0,0,0,0,0,0,0,0,0,0,0,0,797,0,0,0,0,0,0,0,,,,0,,,,,,,,,
2140,Internal,20,52,94474,52,26.1,8.2,13,44,61,1,31,36,0,0,0,0,0,0,0,0,0,0,0,0,149,0,0,0,0,0,0,0,,,,0,,,,,,,,,
2141,Internal,89,231,79453,49,23.4,14.3,16,11,36,0,0,35,0,0,0,0,0,0,0,0,0,0,0,0,0,0,0,0,0,0,0,0,,,,0,,,,,,,,,
2142,Internal,507,1389,94474,52,26.1,8.2,865,29,196,0,32,36,0,0,0,0,0,0,0,0,0,0,0,0,0,0,0,0,0,0,0,0,,,,0,,,,,,,,,
2143,Internal,781,1845,94474,52,26.1,8.2,0,1878,4837,516,1164,36,0,0,0,0,0,0,0,0,0,0,0,0,0,0,0,0,0,0,0,0,,,,0,,,,,,,,,
2144,Internal,180,479,70268,52,21.7,7.6,27,98,46,11,32,19,0,0,0,0,0,0,0,0,0,0,0,0,0,0,0,0,0,0,0,0,,,,0,,,,,,,,,
2145,Internal,7,16,70268,52,21.7,7.6,0,110,13,5,11,31,0,0,0,0,0,0,0,0,0,0,0,0,1352,0,0,0,0,0,0,0,,,,0,,,,,,,,,
2146,Internal,523,1741,109813,47,28.6,11.2,39,14,132,12,210,21,0,0,0,0,6,0,0,0,0,0,0,0,0,0,0,0,0,0,0,0,,,,0,,,,,,,,,
2147,Internal,293,728,95613,52,32.0,7.3,12,58,168,61,19,70,0,0,0,0,0,0,0,0,0,0,0,0,0,0,0,0,0,0,0,0,,,,0,,,,,,,,,
2148,Internal,272,672,95613,52,32.0,7.3,6,142,79,14,76,23,0,0,0,0,0,0,0,0,0,0,0,0,0,0,0,0,0,0,0,0,,,,0,,,,,,,,,
2149,Internal,19,84,95613,52,32.0,7.3,0,190,0,0,0,44,0,0,0,0,0,0,0,0,0,0,0,0,2695,0,0,0,0,0,0,0,,,,0,,,,,,,,,
2150,Internal,390,922,120824,52,17.0,10.7,7,11,93,33,28,19,0,0,0,0,0,0,0,0,0,0,0,0,0,0,0,0,0,0,0,0,,,,0,,,,,,,,,
2151,Internal,119,310,95613,52,32.0,7.3,118,11,19,0,0,61,0,0,0,0,0,0,0,0,0,0,0,0,0,0,0,0,0,0,0,0,,,,0,,,,,,,,,
2152,Internal,68,131,70268,52,21.7,7.6,357,51,380,80,85,54,0,0,0,0,0,0,0,0,0,0,0,0,0,0,0,0,0,0,0,0,,,,0,,,,,,,,,
2153,Internal,80,195,87679,52,30.0,5.1,2028,227,126,55,59,57,0,0,0,0,0,0,0,0,0,0,0,0,0,0,0,0,0,0,0,0,,,,0,,,,,,,,,
2154,Internal,349,1042,120824,52,17.0,10.7,44,4,11,64,2,29,0,0,0,0,0,0,0,0,0,0,0,0,0,0,0,0,0,0,0,0,,,,0,,,,,,,,,
2155,Internal,147,437,87679,52,30.0,5.1,432,47,119,738,1,28,0,0,0,0,0,0,0,0,0,0,0,0,0,0,0,0,0,0,0,0,,,,0,,,,,,,,,
2156,Internal,266,770,85809,45,31.9,8.3,3,1,46,2,0,45,0,0,0,0,0,0,0,0,0,0,0,0,0,0,0,0,0,0,0,0,,,,0,,,,,,,,,
2157,Internal,649,1781,109813,47,28.6,11.2,12,61,55,7,3,75,0,0,0,0,0,0,0,0,0,0,0,0,0,0,0,0,0,0,0,0,,,,0,,,,,,,,,
2158,Internal,288,809,87679,52,30.0,5.1,1,14,17,0,0,36,0,0,0,0,0,0,0,0,0,0,0,0,0,0,0,0,0,0,0,0,,,,0,,,,,,,,,
2159,Internal,969,2545,87679,52,30.0,5.1,40,49,64,4,8,64,0,0,0,0,0,0,0,0,0,0,0,0,0,0,0,0,0,0,0,0,,,,0,,,,,,,,,
2160,Internal,478,1375,109813,47,28.6,11.2,15,15,39,30,19,46,0,0,0,0,6,0,0,0,0,0,0,0,0,0,0,0,0,0,0,0,,,,0,,,,,,,,,
2161,Internal,1095,3162,87679,52,30.0,5.1,5,20,145,1,4,37,0,0,0,0,0,0,0,0,0,0,0,0,2696,0,0,0,0,0,0,0,,,,0,,,,,,,,,
2162,Internal,135,326,87679,52,30.0,5.1,62,246,200,1,34,18,0,0,0,0,0,0,0,0,0,0,0,0,0,0,0,0,0,0,0,0,,,,0,,,,,,,,,
2163,Internal,554,1321,109813,47,28.6,11.2,22,10,25,0,10,42,0,0,0,0,0,0,0,0,0,0,0,0,0,0,0,0,0,0,0,0,,,,0,,,,,,,,,
2164,Internal,28,77,147857,54,28.4,10.2,481,2565,757,100,22,62,0,0,0,0,0,0,0,0,0,0,0,0,1187,0,0,0,0,0,0,0,,,,0,,,,,,,,,
2165,Internal,225,759,95613,52,32.0,7.3,4,26,113,0,0,75,0,0,0,0,0,0,0,0,0,0,0,0,0,0,0,0,0,0,0,0,,,,0,,,,,,,,,
2166,Internal,3,15,95613,52,32.0,7.3,0,1,226,1,79,34,0,0,0,0,0,0,0,0,0,0,0,0,0,0,0,0,0,0,0,0,,,,0,,,,,,,,,
2167,Internal,9,50,147857,54,28.4,10.2,236,183,1021,64,208,47,0,0,0,0,0,0,0,0,0,0,0,0,0,0,0,0,0,0,0,0,,,,0,,,,,,,,,
2168,Internal,702,1338,95613,52,32.0,7.3,0,3,84,1,380,43,0,0,0,0,0,0,0,0,0,0,0,0,0,0,0,0,0,0,0,0,,,,0,,,,,,,,,
2169,Internal,294,592,95613,52,32.0,7.3,1,3,172,8,295,12,0,0,0,0,0,0,0,0,0,0,0,0,0,0,0,0,0,0,0,0,,,,0,,,,,,,,,
2170,Internal,568,1662,120833,54,27.3,7.8,4,3,67,3,1,64,0,0,0,0,0,0,0,0,0,0,0,0,0,0,0,0,0,0,0,0,,,,0,,,,,,,,,
2171,Internal,265,820,147857,54,28.4,10.2,2,21,21,23,1,55,0,0,0,0,0,0,0,0,0,0,0,0,0,0,0,0,0,0,0,0,,,,0,,,,,,,,,
2172,Internal,219,572,120833,54,27.3,7.8,5,3,14,0,1,59,0,0,0,0,0,0,0,0,0,0,0,0,0,0,0,0,0,0,0,0,,,,0,,,,,,,,,
2173,Internal,29,60,87679,52,30.0,5.1,586,187,83,15,55,43,0,0,0,0,0,0,0,0,0,0,0,0,1263,0,0,0,0,0,0,0,,,,0,,,,,,,,,
2174,Internal,4,11,147857,54,28.4,10.2,0,3,54,5,48,21,0,0,0,0,0,0,0,0,0,0,0,0,0,0,0,0,0,0,0,0,,,,0,,,,,,,,,
2175,Internal,447,1248,132917,49,24.8,10.0,938,1691,2034,141,18,79,0,0,0,0,0,0,0,0,0,0,0,0,0,0,0,0,0,0,0,0,,,,0,,,,,,,,,
2176,Internal,319,658,78304,49,10.5,33.3,3,113,149,45,107,18,0,0,0,0,6,0,0,0,0,0,0,0,736,0,0,0,0,0,0,0,,,,0,,,,,,,,,
2177,Internal,390,1153,132917,49,24.8,10.0,14,3,28,0,46,82,0,0,0,0,0,0,0,0,0,0,0,0,0,0,0,0,0,0,0,0,,,,0,,,,,,,,,
2178,Internal,562,995,132917,49,24.8,10.0,0,3,65,6,51,28,0,0,0,0,0,0,0,0,0,0,0,0,0,0,0,0,0,0,0,0,,,,0,,,,,,,,,
2179,Internal,421,1249,155938,49,26.1,11.4,34,52,62,37,408,46,0,0,0,0,0,0,0,0,0,0,0,0,0,0,1986,0,0,0,0,0,,,,0,,,,,,,,,
2180,Internal,533,1069,78304,49,10.5,33.3,198,4137,994,264,778,44,0,0,0,0,17,0,0,0,0,0,0,0,195,0,0,0,0,0,0,0,,,,0,,,,,,,,,
2181,Internal,342,1024,127054,54,24.5,8.4,14,5,12,232,2,10,0,0,0,0,6,0,0,0,0,0,0,0,0,0,0,0,0,0,0,0,,,,0,,,,,,,,,
2182,Internal,291,789,127054,54,24.5,8.4,5,1,5,0,8,14,0,0,0,0,0,0,0,0,0,0,0,0,0,0,0,0,0,0,0,0,,,,0,,,,,,,,,
2183,Internal,208,494,72000,55,22.3,8.9,1,18,10,0,0,83,0,0,0,0,0,0,0,0,0,0,0,0,0,0,0,0,0,0,0,0,,,,0,,,,,,,,,
2184,Internal,121,345,136964,54,29.3,5.5,0,0,0,2,0,14,0,0,0,0,0,0,0,0,0,0,0,0,0,0,0,0,0,0,0,0,,,,0,,,,,,,,,
2185,Internal,343,835,84922,55,18.6,10.3,30,51,188,26,186,13,0,0,0,0,0,0,0,0,0,0,0,0,0,0,0,0,0,0,0,0,,,,0,,,,,,,,,
2186,Internal,105,291,136964,54,29.3,5.5,6,3,8,0,0,14,0,0,0,0,0,0,0,0,0,0,0,0,0,0,0,0,0,0,0,0,,,,0,,,,,,,,,
2187,Internal,120,285,72000,55,22.3,8.9,3,4,14,0,25,8,0,0,0,0,0,0,0,0,0,0,0,0,0,0,0,0,0,0,0,0,,,,0,,,,,,,,,
2188,Internal,331,667,84922,55,18.6,10.3,6,0,12,0,0,19,0,0,0,0,11,0,0,0,0,0,0,0,0,0,0,0,0,0,0,0,,,,0,,,,,,,,,
2189,Internal,684,1836,141910,51,26.1,10.5,8,31,110,25,1,27,0,0,0,0,0,0,0,0,0,0,0,0,0,0,0,0,0,0,0,0,,,,0,,,,,,,,,
2190,Internal,478,1437,100363,47,29.5,7.9,11,18,351,66,233,28,0,0,0,0,0,0,0,0,0,0,0,0,11,0,0,0,0,0,0,0,,,,0,,,,,,,,,
2191,Internal,212,642,139943,47,25.5,13.9,0,34,334,74,157,44,0,0,0,0,0,0,0,0,0,0,0,0,392,0,0,0,0,0,0,0,,,,0,,,,,,,,,
2192,Internal,593,1154,139943,47,25.5,13.9,4,11,225,2,145,16,0,0,0,0,0,0,0,0,0,0,0,0,0,0,0,0,0,0,0,0,,,,0,,,,,,,,,
2193,Internal,233,715,139943,47,25.5,13.9,4,4,83,0,24,81,0,0,0,0,6,0,0,0,0,0,0,0,0,0,0,0,0,0,0,0,,,,0,,,,,,,,,
2194,Internal,265,757,122938,51,23.0,15.5,3,57,37,0,0,31,0,0,0,0,0,0,0,0,0,0,0,0,0,0,0,0,0,0,0,0,,,,0,,,,,,,,,
2195,Internal,283,816,122938,51,23.0,15.5,1,245,54,28,5,31,0,0,0,0,0,0,0,0,0,0,0,0,0,0,0,0,0,0,0,0,,,,0,,,,,,,,,
2196,Internal,708,1733,122938,51,23.0,15.5,20,79,89,81,56,33,0,0,0,0,0,0,0,0,0,0,0,0,9,0,0,0,0,0,0,0,,,,0,,,,,,,,,
2197,Internal,315,709,65833,47,19.0,2.5,0,138,520,145,214,16,0,0,0,0,6,0,0,0,0,0,0,0,0,0,0,0,0,0,0,0,,,,0,,,,,,,,,
2198,Internal,56,127,65833,47,19.0,2.5,31,292,720,60,203,42,0,0,0,0,0,0,0,0,0,0,0,0,0,0,0,0,0,0,0,0,,,,0,,,,,,,,,
2199,Internal,287,554,65833,47,19.0,2.5,209,108,495,111,169,40,0,0,0,0,0,0,0,0,0,0,0,0,0,0,0,0,0,0,0,0,,,,0,,,,,,,,,
2200,Internal,240,516,65833,47,19.0,2.5,15,31,105,45,12,64,0,0,0,0,0,0,0,0,0,0,0,0,0,0,0,0,0,0,0,0,,,,0,,,,,,,,,
2201,Internal,443,999,84722,47,26.2,10.9,2,29,50,7,62,48,0,0,0,0,6,0,0,0,0,0,0,0,0,0,0,0,0,0,0,0,,,,0,,,,,,,,,
2202,Internal,61,141,84722,47,26.2,10.9,35,197,96,4,221,17,0,0,0,0,0,0,0,0,0,0,0,0,1058,0,0,0,0,0,0,0,,,,0,,,,,,,,,
2203,Internal,338,952,44489,47,26.2,19.1,80,575,1249,95,424,24,0,0,0,0,0,0,0,0,0,0,0,0,22,0,0,0,0,0,0,0,,,,0,,,,,,,,,
2204,Internal,409,1225,37728,47,37.8,3.7,44,641,1555,120,1265,27,0,0,0,0,0,0,0,0,0,0,0,0,0,0,0,0,0,0,0,0,,,,0,,,,,,,,,
2205,Internal,1231,2461,37728,47,37.8,3.7,0,1385,1132,671,1219,53,0,0,0,0,0,0,0,0,0,0,0,0,0,0,0,0,0,0,0,0,,,,0,,,,,,,,,
2206,Internal,692,1389,51643,50,24.0,4.7,15,146,122,123,154,13,0,0,0,0,123,0,0,0,0,0,0,0,515,0,0,0,0,0,0,0,,,,0,,,,,,,,,
2207,Internal,344,951,51643,50,24.0,4.7,33,84,206,77,220,21,0,0,0,0,39,0,0,0,0,0,0,0,84,0,0,0,0,0,0,0,,,,0,,,,,,,,,
2208,Internal,337,595,86563,50,13.6,31.5,56,742,2040,97,2026,15,0,0,0,0,0,0,0,0,0,0,0,0,0,0,0,0,0,0,0,0,,,,0,,,,,,,,,
2209,Internal,388,1102,86563,50,13.6,31.5,8,17,45,0,8,17,0,0,0,0,6,0,0,0,0,0,0,0,0,0,0,0,0,0,0,0,,,,0,,,,,,,,,
2210,Internal,266,670,104306,53,18.4,17.1,0,14,11,0,0,16,0,0,0,0,0,0,0,0,0,0,0,0,0,0,0,0,0,0,0,0,,,,0,,,,,,,,,
2211,Internal,131,363,91111,53,21.7,25.3,3,9,1,0,0,16,0,0,0,0,0,0,0,0,0,0,0,0,0,0,0,0,0,0,0,0,,,,0,,,,,,,,,
2212,Internal,278,684,91111,53,21.7,25.3,28,55,117,6,161,13,0,0,0,0,0,0,0,0,0,0,0,0,0,0,0,0,0,0,0,0,,,,0,,,,,,,,,
2213,Internal,204,554,104306,53,18.4,17.1,0,20,46,299,37,12,0,0,0,0,0,0,0,0,0,0,0,0,0,0,0,0,0,0,0,0,,,,0,,,,,,,,,
2214,Internal,230,485,104167,53,21.9,17.5,2,5,73,0,245,9,0,0,0,0,11,0,0,0,0,0,0,0,0,0,0,0,0,0,0,0,,,,0,,,,,,,,,
2215,Internal,366,897,104167,53,21.9,17.5,7,20,276,19,191,37,0,0,0,0,0,0,0,0,0,0,0,0,2462,0,0,0,0,0,0,0,,,,0,,,,,,,,,
2216,Internal,398,893,62628,50,3.9,26.4,0,76,160,45,98,47,0,0,0,0,0,0,0,0,0,0,0,0,0,0,0,0,0,0,0,0,,,,0,,,,,,,,,
2217,Internal,130,327,62628,50,3.9,26.4,0,2,3,21,2,34,0,0,0,0,0,0,0,0,0,0,0,0,0,0,0,0,0,0,0,0,,,,0,,,,,,,,,
2218,Internal,255,606,115027,50,22.8,17.9,3,62,155,22,44,41,0,0,0,0,0,0,0,0,0,0,0,0,0,0,0,0,0,0,0,0,,,,0,,,,,,,,,
2219,Internal,158,459,115027,50,22.8,17.9,0,0,32,0,0,17,0,0,0,0,0,0,0,0,0,0,0,0,0,0,0,0,0,0,0,0,,,,0,,,,,,,,,
2220,Internal,30,91,115027,50,22.8,17.9,0,189,28,11,31,46,0,0,0,0,0,0,0,0,0,0,0,0,2905,0,0,0,0,0,0,0,,,,0,,,,,,,,,
2221,Internal,238,511,100588,50,22.2,29.2,7,520,468,132,80,44,0,0,0,0,0,0,0,0,0,0,0,0,4,0,0,0,0,0,0,0,,,,0,,,,,,,,,
2222,Internal,298,780,100588,50,22.2,29.2,0,10,0,87,2,64,0,0,0,0,0,0,0,0,0,0,0,0,939,0,0,0,0,0,0,0,,,,0,,,,,,,,,
2223,Internal,179,332,100588,50,22.2,29.2,0,11,128,2,0,34,0,0,0,0,0,0,0,0,0,0,0,0,0,0,0,0,0,0,0,0,,,,0,,,,,,,,,
2224,Internal,141,394,91111,53,21.7,25.3,1,3,0,0,0,16,0,0,0,0,0,0,0,0,0,0,0,0,0,0,0,0,0,0,0,0,,,,0,,,,,,,,,
2225,Internal,301,950,100219,50,10.9,24.6,0,58,336,50,12,44,0,0,0,0,0,0,0,0,0,0,0,0,0,0,0,0,0,0,0,0,,,,0,,,,,,,,,
2226,Internal,354,723,100219,50,10.9,24.6,3,34,204,7,15,22,0,0,0,0,0,0,0,0,0,0,0,0,0,0,0,0,0,0,0,0,,,,0,,,,,,,,,
2227,Internal,230,455,100219,50,10.9,24.6,0,3,6,0,0,34,0,0,0,0,6,0,0,0,0,0,0,0,0,0,0,0,0,0,0,0,,,,0,,,,,,,,,
2228,Internal,292,569,100219,50,10.9,24.6,28,380,677,96,166,50,0,0,0,0,0,0,0,0,0,0,0,0,0,0,0,0,0,0,0,0,,,,0,,,,,,,,,
2229,Internal,363,668,100219,50,10.9,24.6,8,85,297,51,18,39,0,0,0,0,0,0,0,0,0,0,0,0,0,0,0,0,0,0,0,0,,,,0,,,,,,,,,
2230,Internal,116,294,100219,50,10.9,24.6,0,31,44,0,0,68,0,0,0,0,0,0,0,0,0,0,0,0,0,0,0,0,0,0,0,0,,,,0,,,,,,,,,
2231,Internal,158,406,86042,53,13.3,25.5,1,103,118,22,42,29,0,0,0,0,0,0,0,0,0,0,0,0,691,0,0,0,0,0,0,0,,,,0,,,,,,,,,
2232,Internal,336,773,86042,53,13.3,25.5,17,124,339,90,217,25,0,0,0,0,0,0,0,0,0,0,0,0,0,0,0,0,0,0,0,0,,,,0,,,,,,,,,
2233,Internal,244,547,86042,53,13.3,25.5,0,78,377,65,222,38,0,0,0,0,0,0,0,0,0,0,0,0,0,0,0,0,0,0,0,0,,,,0,,,,,,,,,
2234,Internal,320,732,76607,53,18.7,30.8,0,24,40,7,156,26,0,0,0,0,0,0,0,0,0,0,0,0,0,0,0,0,0,0,0,0,,,,0,,,,,,,,,
2235,Internal,420,653,76607,53,18.7,30.8,4,5,458,2,2,19,0,0,0,0,0,0,0,0,0,0,0,0,0,0,0,0,0,0,0,0,,,,0,,,,,,,,,
2236,Internal,213,556,76607,53,18.7,30.8,0,8,8,0,0,27,0,0,0,0,0,0,0,0,0,0,0,0,0,0,0,0,0,0,0,0,,,,0,,,,,,,,,
2237,Internal,334,608,41429,53,17.8,14.3,25,190,124,14,43,16,0,0,0,0,6,0,0,0,0,0,0,0,0,0,0,0,0,0,0,0,,,,0,,,,,,,,,
2238,Internal,235,535,41429,53,17.8,14.3,12,18,69,56,3,3,0,0,0,0,0,0,0,0,0,0,0,0,0,0,0,0,0,0,0,0,,,,0,,,,,,,,,
2239,Internal,373,651,41429,53,17.8,14.3,33,17,137,8,18,51,0,0,0,0,0,0,0,0,0,0,0,0,0,0,0,0,0,0,0,0,,,,0,,,,,,,,,
2240,Internal,174,460,94438,54,20.3,23.6,16,20,10,0,4,23,0,0,0,0,0,0,0,0,0,0,0,0,0,0,0,0,0,0,0,0,,,,0,,,,,,,,,
2241,Internal,207,405,74156,51,16.9,17.9,0,2,11,0,2,32,0,0,0,0,0,0,0,0,0,0,0,0,0,0,0,0,0,0,0,0,,,,0,,,,,,,,,
2242,Internal,191,329,94438,54,20.3,23.6,0,5,0,0,0,34,0,0,0,0,0,0,0,0,0,0,0,0,0,0,0,0,0,0,0,0,,,,0,,,,,,,,,
2243,Internal,481,1050,54844,51,23.2,14.9,0,4,5,0,0,32,0,0,0,0,0,0,0,0,0,0,0,0,0,0,0,0,0,0,0,0,,,,0,,,,,,,,,
2244,Internal,415,1026,31143,51,28.3,2.5,43,330,768,142,432,34,0,0,0,0,11,0,0,0,0,0,0,0,673,0,0,0,0,0,0,0,,,,0,,,,,,,,,
2245,Internal,335,685,54844,51,23.2,14.9,5,2,60,0,25,0,0,0,0,0,6,0,0,0,0,0,0,0,0,0,0,0,0,0,0,0,,,,0,,,,,,,,,
2246,Internal,484,972,74156,51,16.9,17.9,2,137,146,23,103,28,0,0,0,0,0,0,0,0,0,0,0,0,0,0,0,0,0,0,0,0,,,,0,,,,,,,,,
2247,Internal,53,144,100588,50,22.2,29.2,101,56,147,75,865,10,0,0,0,0,0,0,0,0,0,0,0,0,0,0,0,0,0,0,0,0,,,,0,,,,,,,,,
2248,Internal,128,310,81974,54,11.8,16.4,0,2,2,0,0,34,0,0,0,0,0,0,0,0,0,0,0,0,0,0,0,0,0,0,0,0,,,,0,,,,,,,,,
2249,Internal,309,576,81974,54,11.8,16.4,0,2,2,20,0,34,0,0,0,0,0,0,0,0,0,0,0,0,0,0,0,0,0,0,0,0,,,,0,,,,,,,,,
2250,Internal,140,299,82794,54,20.7,12.7,77,160,214,0,10,33,0,0,0,0,0,0,0,0,0,0,0,0,0,0,0,0,0,0,0,0,,,,0,,,,,,,,,
2251,Internal,147,387,81974,54,11.8,16.4,0,10,0,0,0,34,0,0,0,0,0,0,0,0,0,0,0,0,0,0,0,0,0,0,0,0,,,,0,,,,,,,,,
2252,Internal,436,1137,82794,54,20.7,12.7,11,26,13,0,6,47,0,0,0,0,6,0,0,0,0,0,0,0,0,0,0,0,0,0,0,0,,,,0,,,,,,,,,
2253,Internal,295,754,127500,50,14.1,35.5,6,46,228,10,22,32,0,0,0,0,0,0,0,0,0,0,0,0,0,0,0,0,0,0,0,0,,,,0,,,,,,,,,
2254,Internal,43,102,127500,50,14.1,35.5,23,124,1958,195,344,38,0,0,0,0,0,0,0,0,0,0,0,0,0,0,0,1,0,0,0,0,,,,0,,,,,,,,,
2255,Internal,143,382,127500,50,14.1,35.5,0,8,18,0,0,47,0,0,0,0,6,0,0,0,0,0,0,0,0,0,0,0,0,0,0,0,,,,0,,,,,,,,,
2256,Internal,152,417,127500,50,14.1,35.5,4,28,139,28,10,42,0,0,0,0,6,0,0,0,0,0,0,0,0,0,0,0,0,0,0,0,,,,0,,,,,,,,,
2257,Internal,202,596,207574,50,22.8,15.6,0,4,48,0,3,47,0,0,0,0,0,0,0,0,0,0,0,0,0,0,0,0,0,0,0,0,,,,0,,,,,,,,,
2258,Internal,481,1379,207574,50,22.8,15.6,2,30,76,0,3,62,0,0,0,0,17,0,0,0,0,0,0,0,0,0,0,0,0,0,0,0,,,,0,,,,,,,,,
2259,Internal,157,459,108929,50,28.2,7.8,3,3,249,0,1,36,0,0,0,0,0,0,0,0,0,0,0,0,0,0,0,0,0,0,0,0,,,,0,,,,,,,,,
2260,Internal,487,1301,108929,50,28.2,7.8,9,116,70,0,1,46,0,0,0,0,17,0,0,0,0,0,0,0,1186,0,0,0,0,0,0,0,,,,0,,,,,,,,,
2261,Internal,459,1181,55190,56,27.5,5.3,0,15,8,0,185,6,0,0,0,0,6,0,0,0,0,0,0,0,0,0,0,0,0,0,0,0,,,,0,,,,,,,,,
2262,Internal,179,478,70435,56,18.4,9.8,0,6,12,3,2,46,0,0,0,0,0,0,0,0,0,0,0,0,0,0,0,0,0,0,0,0,,,,0,,,,,,,,,
2263,Internal,106,251,70435,56,18.4,9.8,138,209,697,54,87,48,0,0,0,0,0,0,0,0,0,0,0,0,0,0,0,0,0,0,0,0,,,,0,,,,,,,,,
2264,Internal,175,459,70435,56,18.4,9.8,33,105,105,24,38,41,0,0,0,0,0,0,0,0,0,0,0,0,0,0,0,0,0,0,0,0,,,,0,,,,,,,,,
2265,Internal,88,225,70435,56,18.4,9.8,40,37,36,31,22,41,0,0,0,0,0,0,0,0,0,0,0,0,0,0,0,0,0,0,0,0,,,,0,,,,,,,,,
2266,Internal,176,533,55190,56,27.5,5.3,0,2,6,0,1,43,0,0,0,0,0,0,0,0,0,0,0,0,0,0,0,0,0,0,0,0,,,,0,,,,,,,,,
2267,Internal,193,490,70435,56,18.4,9.8,0,65,52,11,39,43,0,0,0,0,0,0,0,0,0,0,0,0,1170,0,0,0,0,0,0,0,,,,0,,,,,,,,,
2268,Internal,192,457,70435,56,18.4,9.8,30,195,291,14,142,30,0,0,0,0,0,0,0,0,0,0,0,0,516,0,0,0,0,0,0,0,,,,0,,,,,,,,,
2269,Internal,519,1021,70435,56,18.4,9.8,18,566,1113,60,287,54,0,0,0,0,0,0,0,0,0,0,0,0,0,0,0,0,0,0,0,0,,,,0,,,,,,,,,
2270,Internal,225,586,48951,56,21.8,7.0,0,146,16,9,0,43,0,0,0,0,6,0,0,0,0,0,0,0,0,0,0,0,0,0,0,0,,,,0,,,,,,,,,
2271,Internal,770,1397,48951,56,21.8,7.0,0,56,42,0,1,43,0,0,0,0,56,0,0,0,0,0,0,0,0,0,0,0,0,0,0,0,,,,0,,,,,,,,,
2272,Internal,265,406,48951,56,21.8,7.0,0,44,95,9,406,12,0,0,0,0,34,0,0,0,0,0,0,0,0,0,0,0,0,0,0,0,,,,0,,,,,,,,,
2273,Internal,231,643,90208,49,18.3,17.8,0,491,192,108,56,46,0,0,0,0,0,0,0,0,0,0,0,0,2099,0,0,0,0,0,0,0,,,,0,,,,,,,,,
2274,Internal,63,149,90208,49,18.3,17.8,0,0,17,0,0,66,0,0,0,0,0,0,0,0,0,0,0,0,0,0,0,0,0,0,0,0,,,,0,,,,,,,,,
2275,Internal,238,617,90208,49,18.3,17.8,14,20,152,25,1,42,0,0,0,0,0,0,0,0,0,0,0,0,0,0,0,0,0,0,0,0,,,,0,,,,,,,,,
2276,Internal,101,306,55190,56,27.5,5.3,30,90,113,28,3,16,0,0,0,0,0,0,0,0,0,0,0,0,0,0,0,0,0,0,0,0,,,,0,,,,,,,,,
2277,Internal,104,248,90208,49,18.3,17.8,0,2,2,0,0,66,0,0,0,0,0,0,0,0,0,0,0,0,0,0,0,0,0,0,0,0,,,,0,,,,,,,,,
2278,Internal,229,589,90208,49,18.3,17.8,0,17,2,0,21,66,0,0,0,0,6,0,0,0,0,0,0,0,0,0,0,0,0,0,0,0,,,,0,,,,,,,,,
2279,Internal,179,462,90208,49,18.3,17.8,0,467,374,74,9,91,0,0,0,0,0,0,0,0,0,0,0,0,0,0,0,0,0,0,0,0,,,,0,,,,,,,,,
2280,Internal,5,14,90208,49,18.3,17.8,0,5640,11,511,10,32,0,0,0,0,0,0,0,0,0,0,0,0,0,0,0,0,0,0,0,0,,,,0,,,,,,,,,
2281,Internal,83,203,90208,49,18.3,17.8,0,178,92,11,30,64,0,0,0,0,0,0,0,0,0,0,0,0,1036,0,0,0,0,0,0,0,,,,0,,,,,,,,,
2282,Internal,3,8,76956,25,25.0,11.0,0,0,1,1,0,40,0,0,0,0,0,0,0,0,0,0,0,0,0,0,0,0,0,0,0,0,,,,0,,,,,,,,,
2283,Internal,2,6,84549,55,18.3,9.4,62,2,2,0,0,76,0,0,0,0,0,0,0,0,0,0,0,0,0,0,0,0,0,0,0,0,,,,0,,,,,,,,,
2284,Internal,52,148,122596,49,24.3,11.5,0,42,479,60,0,52,0,0,0,0,0,0,0,0,0,0,0,0,0,0,0,0,0,0,0,0,,,,0,,,,,,,,,
2285,Internal,316,900,122596,49,24.3,11.5,35,209,454,8,29,20,0,0,0,0,0,0,0,0,0,0,0,0,0,0,0,0,0,0,0,0,,,,0,,,,,,,,,
2286,Internal,65,186,122596,49,24.3,11.5,12,0,24,1,1,17,0,0,0,0,0,0,0,0,0,0,0,0,0,0,0,0,0,0,0,0,,,,0,,,,,,,,,
2287,Internal,200,637,122596,49,24.3,11.5,4,120,35,0,11,66,0,0,0,0,0,0,0,0,0,0,0,0,0,0,0,0,0,0,0,0,,,,0,,,,,,,,,
2288,Internal,148,313,122596,49,24.3,11.5,438,314,1089,52,168,45,0,0,0,0,0,0,0,0,0,0,0,0,0,0,0,0,0,0,0,0,,,,0,,,,,,,,,
2289,Internal,172,402,122596,49,24.3,11.5,2,7,18,0,0,66,0,0,0,0,0,0,0,0,0,0,0,0,0,0,0,0,0,0,0,0,,,,0,,,,,,,,,
2290,Internal,9,19,122596,49,24.3,11.5,0,0,0,2,0,66,0,0,0,0,0,0,0,0,0,0,0,0,0,0,0,0,0,0,0,0,,,,0,,,,,,,,,
2291,Internal,17,47,84549,55,18.3,9.4,4,2907,2040,26,11,92,0,0,0,0,0,0,0,0,0,0,0,0,0,0,0,0,0,0,0,0,,,,0,,,,,,,,,
2292,Internal,224,565,95809,55,29.7,10.4,0,39,28,1,1,76,0,0,0,0,11,0,0,0,0,0,0,0,0,0,0,0,0,0,0,0,,,,0,,,,,,,,,
2293,Internal,169,345,95809,55,29.7,10.4,0,84,121,0,16,18,0,0,0,0,0,0,0,0,0,0,0,0,0,0,0,0,0,0,0,0,,,,0,,,,,,,,,
2294,Internal,1032,2243,95809,55,29.7,10.4,15,1448,243,19,32,84,0,0,0,0,0,0,0,0,0,0,0,0,25,0,0,0,0,0,0,0,,,,0,,,,,,,,,
2295,Internal,40,167,95809,55,29.7,10.4,384,421,98,0,20,78,0,0,0,0,0,0,0,0,0,0,0,0,0,0,0,0,0,0,0,0,,,,0,,,,,,,,,
2296,Internal,108,240,95809,55,29.7,10.4,0,0,0,0,0,76,0,0,0,0,0,0,0,0,0,0,0,0,0,0,0,0,0,0,0,0,,,,0,,,,,,,,,
2297,Internal,31,84,84549,55,18.3,9.4,64,377,563,310,492,29,0,0,0,0,0,0,0,0,0,0,0,0,0,0,0,0,0,0,0,0,,,,0,,,,,,,,,
2298,Internal,910,1930,84549,55,18.3,9.4,4,147,506,32,392,24,0,0,0,0,39,0,0,0,0,0,0,0,0,0,0,0,0,0,0,0,,,,0,,,,,,,,,
2299,Internal,519,809,84549,55,18.3,9.4,160,613,3,0,10,84,0,0,0,0,11,0,0,0,0,0,0,0,0,0,0,0,0,0,0,0,,,,0,,,,,,,,,
2300,Internal,189,387,79306,55,12.6,16.3,1,96,26,7,0,76,0,0,0,0,0,0,0,0,0,0,0,0,0,0,0,0,0,0,0,0,,,,0,,,,,,,,,
2301,Internal,346,691,79306,55,12.6,16.3,2,28,51,1,0,78,0,0,0,0,0,0,0,0,0,0,0,0,0,0,0,0,0,0,0,0,,,,0,,,,,,,,,
2302,Internal,308,729,78638,54,17.6,8.4,0,121,45,0,24,42,0,0,0,0,11,0,0,0,0,0,0,0,1652,0,0,0,0,0,0,0,,,,0,,,,,,,,,
2303,Internal,210,367,79306,55,12.6,16.3,0,4,0,0,0,76,0,0,0,0,17,0,0,0,0,0,0,0,0,0,0,0,0,0,0,0,,,,0,,,,,,,,,
2304,Internal,474,1006,78638,54,17.6,8.4,0,6,17,0,0,26,0,0,0,0,28,0,0,0,0,0,0,0,0,0,0,0,0,0,0,0,,,,0,,,,,,,,,
2305,Internal,332,725,78638,54,17.6,8.4,0,25,8,10,218,23,0,0,0,0,6,0,0,0,0,0,0,0,0,0,0,0,0,0,0,0,,,,0,,,,,,,,,
2306,Internal,468,1155,55743,54,26.0,12.9,6,224,551,41,347,47,0,0,0,0,0,0,0,0,0,0,0,0,0,0,0,0,0,0,0,0,,,,0,,,,,,,,,
2307,Internal,48,146,55743,54,26.0,12.9,0,15,41,3,171,13,0,0,0,0,0,0,0,0,0,0,0,0,0,0,0,0,0,0,0,0,,,,0,,,,,,,,,
2308,Internal,166,474,55743,54,26.0,12.9,4,67,86,2,129,15,0,0,0,0,0,0,0,0,0,0,0,0,0,0,0,0,0,0,0,0,,,,0,,,,,,,,,
2309,Internal,99,242,55743,54,26.0,12.9,0,0,85,0,0,45,0,0,0,0,0,0,0,0,0,0,0,0,784,0,0,0,0,0,0,0,,,,0,,,,,,,,,
2310,Internal,348,884,55743,54,26.0,12.9,0,180,164,1,165,26,0,0,0,0,0,0,0,0,0,0,0,0,0,0,0,0,0,0,0,0,,,,0,,,,,,,,,
2311,Internal,78,264,89279,53,24.6,3.8,589,183,47,15,2,53,0,0,0,0,0,0,0,0,0,0,0,0,0,0,0,0,0,0,0,0,,,,0,,,,,,,,,
2312,Internal,365,695,89279,53,24.6,3.8,123,84,212,10,92,15,0,0,0,0,0,0,0,0,0,0,0,0,0,0,0,0,0,0,0,0,,,,0,,,,,,,,,
2313,Internal,322,804,89279,53,24.6,3.8,45,358,225,67,4,86,0,0,0,0,0,0,0,0,0,0,0,0,0,0,0,0,0,0,0,0,,,,0,,,,,,,,,
2314,Internal,349,1096,133203,53,23.6,14.9,23,60,208,1,94,60,0,0,0,0,0,0,0,0,0,0,0,0,0,0,0,0,0,0,0,0,,,,0,,,,,,,,,
2315,Internal,961,2211,89279,53,24.6,3.8,14,117,213,30,100,70,0,0,0,0,0,0,0,0,0,0,0,0,0,0,0,0,0,0,0,0,,,,0,,,,,,,,,
2316,Internal,507,1034,89279,53,24.6,3.8,519,122,106,8,775,70,0,0,0,0,28,0,0,0,0,0,0,0,23,0,0,0,0,0,0,0,,,,0,,,,,,,,,
2317,Internal,277,619,133203,53,23.6,14.9,2,123,102,3,18,40,0,0,0,0,0,0,0,0,0,0,0,0,0,0,0,0,0,0,0,0,,,,0,,,,,,,,,
2318,Internal,573,1553,133203,53,23.6,14.9,59,9,33,0,15,36,0,0,0,0,0,0,0,0,0,0,0,0,0,0,0,0,0,0,0,0,,,,0,,,,,,,,,
2319,Internal,132,360,133203,53,23.6,14.9,0,28,118,7,11,15,0,0,0,0,0,0,0,0,0,0,0,0,0,0,0,0,0,0,0,0,,,,0,,,,,,,,,
2320,Internal,633,981,89279,53,24.6,3.8,13,98,404,2,1225,9,0,0,0,0,28,0,0,0,0,0,0,0,0,0,0,0,0,0,0,0,,,,0,,,,,,,,,
2321,Internal,347,874,89279,53,24.6,3.8,0,42,53,14,54,43,0,0,0,0,0,0,0,0,0,0,0,0,0,0,0,0,0,0,0,0,,,,0,,,,,,,,,
2322,Internal,305,682,133203,53,23.6,14.9,0,258,308,82,313,8,0,0,0,0,0,0,0,0,0,0,0,0,0,0,0,0,0,0,0,0,,,,0,,,,,,,,,
2323,Internal,377,968,133203,53,23.6,14.9,3,39,229,25,49,40,0,0,0,0,0,0,0,0,0,0,0,0,0,0,0,0,0,0,0,0,,,,0,,,,,,,,,
2324,Internal,420,917,120372,52,26.6,11.0,0,12,11,0,0,48,0,0,0,0,0,0,0,0,0,0,0,0,0,0,0,0,0,0,0,0,,,,0,,,,,,,,,
2325,Internal,841,1837,85625,52,20.1,6.8,667,683,1039,234,512,41,0,0,0,0,0,0,0,0,0,0,0,0,0,0,0,0,0,0,0,0,,,,0,,,,,,,,,
2326,Internal,511,1005,65040,52,19.8,18.0,2,0,88,12,56,26,0,0,0,0,0,0,0,0,0,0,0,0,0,0,0,0,0,0,0,0,,,,0,,,,,,,,,
2327,Internal,33,110,85625,52,20.1,6.8,0,127,9,0,0,44,0,0,0,0,6,0,0,0,0,0,0,0,1152,0,0,0,0,0,0,0,,,,0,,,,,,,,,
2328,Internal,287,761,120372,52,26.6,11.0,108,114,397,55,200,41,0,0,0,0,6,0,0,0,0,0,0,0,0,0,0,0,0,0,0,0,,,,0,,,,,,,,,
2329,Internal,220,590,120372,52,26.6,11.0,0,32,2,0,0,32,0,0,0,0,0,0,0,0,0,0,0,0,0,0,0,0,0,0,0,0,,,,0,,,,,,,,,
2330,Internal,442,999,85625,52,20.1,6.8,14,126,176,38,189,26,0,0,0,0,6,0,0,0,0,0,0,0,687,0,0,0,0,0,0,0,,,,0,,,,,,,,,
2331,Internal,151,433,120372,52,26.6,11.0,0,12,4,0,2,51,0,0,0,0,0,0,0,0,0,0,0,0,0,0,0,0,0,0,0,0,,,,0,,,,,,,,,
2332,Internal,503,1175,85625,52,20.1,6.8,14,7,33,0,10,40,0,0,0,0,0,0,0,0,0,0,0,0,0,0,0,0,0,0,0,0,,,,0,,,,,,,,,
2333,Internal,219,737,85625,52,20.1,6.8,1,8,39,0,0,54,0,0,0,0,0,0,0,0,0,0,0,0,0,0,0,0,0,0,0,0,,,,0,,,,,,,,,
2334,Internal,4,33,85625,52,20.1,6.8,0,10,112,49,432,78,0,0,0,0,0,0,0,0,0,0,0,0,0,0,0,0,0,0,0,0,,,,0,,,,,,,,,
2335,Internal,448,1038,89750,52,19.3,8.4,124,330,462,72,325,24,0,0,0,0,0,0,0,0,0,0,0,0,0,0,0,0,0,0,0,0,,,,0,,,,,,,,,
2336,Internal,578,1406,89750,52,19.3,8.4,21,48,224,0,120,27,0,0,0,0,0,0,0,0,0,0,0,0,0,0,0,0,0,0,0,0,,,,0,,,,,,,,,
2337,Internal,190,426,89750,52,19.3,8.4,0,50,29,1,2,24,0,0,0,0,0,0,0,0,0,0,0,0,0,0,0,0,0,0,0,0,,,,0,,,,,,,,,
2338,Internal,261,695,95726,58,19.8,5.8,0,8,15,0,2,28,0,0,0,0,0,0,0,0,0,0,0,0,0,0,0,0,0,0,0,0,,,,0,,,,,,,,,
2339,Internal,306,650,65040,52,19.8,18.0,24,10,177,0,0,17,0,0,0,0,0,0,0,0,0,0,0,0,0,0,0,0,0,0,0,0,,,,0,,,,,,,,,
2340,Internal,84,212,90912,58,32.8,5.9,0,1,58,60,24,39,0,0,0,0,0,0,0,0,0,0,0,0,0,0,0,0,0,0,0,0,,,,0,,,,,,,,,
2341,Internal,588,1403,95726,58,19.8,5.8,7,102,169,7,1,38,0,0,0,0,34,0,0,0,0,0,0,0,1029,0,0,0,0,0,0,0,,,,0,,,,,,,,,
2342,Internal,206,607,90912,58,32.8,5.9,272,3,2,0,4,38,0,0,0,0,0,0,0,0,0,0,0,0,0,0,0,0,0,0,0,0,,,,0,,,,,,,,,
2343,Internal,323,891,122083,52,22.0,14.0,8,30,21,40,4,72,0,0,0,0,0,0,0,0,0,0,0,0,0,0,0,0,0,0,0,0,,,,0,,,,,,,,,
2344,Internal,998,2023,71514,56,14.2,7.2,0,21,24,12,0,45,0,0,0,0,34,0,0,0,0,0,0,0,0,0,0,0,0,0,0,0,,,,0,,,,,,,,,
2345,Internal,524,1139,110729,51,28.7,7.9,0,79,9,25,65,21,0,0,0,0,0,0,0,0,0,0,0,0,0,0,0,0,0,0,0,0,,,,0,,,,,,,,,
2346,Internal,141,423,123750,56,22.5,23.8,1,6,400,25,0,22,0,0,0,0,0,0,0,0,0,0,0,0,0,0,0,0,0,0,0,0,,,,0,,,,,,,,,
2347,Internal,513,1703,110729,51,28.7,7.9,0,10,13,0,0,61,0,0,0,0,0,0,0,0,0,0,0,0,0,0,0,0,0,0,0,0,,,,0,,,,,,,,,
2348,Internal,597,1885,110729,51,28.7,7.9,0,15,29,0,10,50,0,0,0,0,0,0,0,0,0,0,0,0,0,0,0,0,0,0,0,0,,,,0,,,,,,,,,
2349,Internal,920,2341,110729,51,28.7,7.9,275,561,448,221,214,53,0,0,0,0,0,0,0,0,0,0,0,0,0,0,0,0,0,0,0,0,,,,0,,,,,,,,,
2350,Internal,334,954,110729,51,28.7,7.9,0,87,8,27,16,46,0,0,0,0,0,0,0,0,0,0,0,0,2165,0,0,0,0,0,0,0,,,,0,,,,,,,,,
2351,Internal,789,1710,122083,52,22.0,14.0,4,18,41,1,310,57,0,0,0,0,11,0,0,0,0,0,0,0,0,0,0,0,0,0,0,0,,,,0,,,,,,,,,
2352,Internal,829,1747,63750,56,14.3,7.5,1738,4563,863,212,196,54,0,0,0,0,0,0,0,0,0,0,0,0,0,0,0,0,0,0,0,0,,,,0,,,,,,,,,
2353,Internal,4,20,122083,52,22.0,14.0,0,110,0,0,0,48,0,0,0,0,0,0,0,0,0,0,0,0,945,0,0,0,0,0,0,0,,,,0,,,,,,,,,
2354,Internal,581,1732,110729,51,28.7,7.9,4,30,136,47,30,35,0,0,0,0,0,0,0,0,0,0,0,0,0,0,0,0,0,0,0,0,,,,0,,,,,,,,,
2355,Internal,683,1517,110729,51,28.7,7.9,3,116,82,68,256,19,0,0,0,0,0,0,0,0,0,0,0,0,8,0,0,0,0,0,0,0,,,,0,,,,,,,,,
2356,Internal,189,396,110729,51,28.7,7.9,0,14,81,26,217,15,0,0,0,0,0,0,0,0,0,0,0,0,22,0,0,0,0,0,0,0,,,,0,,,,,,,,,
2357,Internal,13,27,110729,51,28.7,7.9,0,7,39,19,235,8,0,0,0,0,0,0,0,0,0,0,0,0,0,0,0,0,0,0,0,0,,,,0,,,,,,,,,
2358,Internal,28,96,63750,56,14.3,7.5,536,239,211,22,22,69,0,0,0,0,0,0,0,0,0,0,0,0,0,0,0,0,0,0,0,0,,,,0,,,,,,,,,
2359,Internal,137,435,123750,56,22.5,23.8,0,16,47,0,0,28,0,0,0,0,0,0,0,0,0,0,0,0,0,0,0,0,0,0,0,0,,,,0,,,,,,,,,
2360,Internal,514,1262,63750,56,14.3,7.5,759,1250,208,76,110,42,0,0,0,0,0,0,0,0,0,0,0,0,0,0,0,0,0,0,0,0,,,,0,,,,,,,,,
2361,Internal,600,1705,110729,51,28.7,7.9,0,17,86,0,0,56,0,0,0,0,6,0,0,0,0,0,0,0,0,0,0,0,0,0,0,0,,,,0,,,,,,,,,
2362,Internal,69,177,110729,51,28.7,7.9,0,184,310,0,0,57,0,0,0,0,0,0,0,0,0,0,0,0,0,0,0,0,0,0,0,0,,,,0,,,,,,,,,
2363,Internal,74,154,63750,56,14.3,7.5,102,671,102,184,245,59,0,0,0,0,0,0,0,0,0,0,0,0,0,0,0,0,0,0,0,0,,,,0,,,,,,,,,
2364,Internal,1175,2564,81955,50,24.7,2.5,276,62,133,2,0,44,0,0,0,0,0,56,0,12,0,0,0,0,1684,0,0,0,0,0,0,0,,,,0,,,,,,,,,
2365,Internal,274,965,135500,50,36.1,6.6,2,71,18,0,0,32,0,0,0,0,0,0,0,0,0,0,0,0,0,0,0,0,0,0,0,0,,,,0,,,,,,,,,
2366,Internal,1208,3126,81955,50,24.7,2.5,12,2,31,0,0,42,0,0,0,0,0,34,0,20,0,0,0,0,0,0,0,0,0,0,0,0,,,,0,,,,,,,,,
2367,Internal,1088,3646,135500,50,36.1,6.6,0,5,24,0,0,34,0,0,0,0,0,0,0,5,0,0,0,0,1310,0,0,0,0,0,0,0,,,,0,,,,,,,,,
2368,Internal,512,1329,135500,50,36.1,6.6,13,2,15,5,0,42,0,0,0,0,0,0,0,0,0,0,0,0,0,0,0,0,0,0,0,0,,,,0,,,,,,,,,
2369,Internal,23,64,76956,50,25.0,11.0,756,3216,1021,3470,332,46,0,0,0,0,0,0,0,0,0,0,0,0,0,0,0,0,0,0,0,0,,,,0,28300,,,,,,,,
2370,Internal,160,361,63750,56,14.3,7.5,392,500,364,20,76,58,0,0,0,0,0,0,0,5,0,0,0,0,0,0,0,0,0,0,0,0,,,,0,,,,,,,,,
2371,Internal,279,695,63750,56,14.3,7.5,488,1068,424,140,38,69,0,0,0,0,0,0,0,0,0,0,0,0,0,0,0,0,0,0,0,0,,,,0,,,,,,,,,
2372,Internal,290,513,117697,50,30.8,3.7,0,6452,327,0,937,95,0,0,0,0,0,0,0,5,0,0,0,0,0,0,0,0,0,0,0,0,,,,0,,,,,,,,,
2373,Internal,892,2235,118281,50,31.3,5.7,2,1892,188,55,98,70,0,0,0,0,0,0,0,8,0,0,0,0,1759,0,0,0,0,0,0,0,,,,0,,,,,,,,,
2374,Internal,1,1,63750,56,14.3,7.5,808,859,204,282,306,49,0,0,0,0,0,0,0,0,0,0,0,0,0,0,0,0,0,0,0,0,,,,0,,,,,,,,,
2375,Internal,2,5,63750,56,14.3,7.5,320,4290,191,8,44,45,0,0,0,0,0,0,0,0,0,0,0,0,0,0,0,0,0,0,0,0,,,,0,,,,,,,,,
2376,Internal,232,463,63750,56,14.3,7.5,5,2750,75,87,77,94,0,0,0,0,0,0,0,0,0,0,0,0,0,0,2263,0,0,0,0,0,,,,0,,,,,,,,,
2377,Internal,2544,7332,117697,50,30.8,3.7,21,1558,519,88,256,41,0,0,0,0,0,0,0,16,0,0,0,0,2699,0,0,0,0,0,0,0,,,,0,,,,,,,,,
2378,Internal,277,544,63750,56,14.3,7.5,0,46,416,246,241,0,0,0,0,0,0,0,0,0,0,0,0,0,0,0,0,0,0,0,0,0,,,,0,,,,,,,,,
2379,Internal,1212,3314,118281,50,31.3,5.7,78,429,474,198,234,64,0,0,0,0,0,0,0,12,0,0,0,0,57,0,0,0,0,0,0,0,,,,0,,,,,,,,,
2380,Internal,462,843,63750,56,14.3,7.5,0,8608,83,32,173,70,0,0,0,0,0,0,0,0,0,0,0,0,0,0,0,0,0,0,0,0,,,,0,,,,,,,,,
2381,Internal,995,2563,110347,46,28.3,15.2,3,61,72,62,19,42,0,0,0,0,0,0,0,0,0,0,0,0,0,0,0,0,0,0,0,0,,,,0,,,,,,,,,
2382,Internal,879,2592,156806,53,28.4,12.4,14,153,41,0,0,71,0,0,0,0,0,0,0,0,0,0,0,0,972,0,0,0,0,0,0,0,,,,0,,,,,,,,,
2383,Internal,285,917,110347,46,28.3,15.2,6,116,83,0,3,48,0,0,0,0,0,0,0,0,0,0,0,0,1119,0,0,0,0,0,0,0,,,,0,,,,,,,,,
2384,Internal,1617,4310,137214,50,36.7,5.2,4,0,22,50,49,34,0,0,0,0,0,0,0,0,0,0,0,0,0,0,0,0,0,0,0,0,,,,0,,,,,,,,,
2385,Internal,298,584,110347,46,28.3,15.2,65,64,171,60,0,42,0,0,0,0,0,0,0,0,0,0,0,0,3684,0,0,0,0,0,0,0,,,,0,,,,,,,,,
2386,Internal,548,1772,187917,53,26.7,9.3,6,55,246,4,479,23,0,0,0,0,0,0,0,0,0,0,0,0,0,0,0,0,0,0,0,0,,,,0,,,,,,,,,
2387,Internal,304,940,110347,46,28.3,15.2,38,22,147,25,74,26,0,0,0,0,0,0,0,0,0,0,0,0,0,0,0,0,0,0,0,0,,,,0,,,,,,,,,
2388,Internal,180,486,110347,46,28.3,15.2,9,0,59,3,0,39,0,0,0,0,0,0,0,0,0,0,0,0,0,0,0,0,0,0,0,0,,,,0,,,,,,,,,
2389,Internal,862,2405,117697,50,30.8,3.7,1,680,514,116,160,31,0,0,0,0,0,0,0,0,0,0,0,0,0,0,0,0,0,0,0,0,,,,0,,,,,,,,,
2390,Internal,97,409,117697,50,30.8,3.7,2,6,7,4,44,87,0,0,0,0,0,0,0,0,0,0,0,0,0,0,0,0,0,0,0,0,,,,0,,,,,,,,,
2391,Internal,23,63,117697,50,30.8,3.7,67,5994,189,0,49,60,0,0,0,0,0,0,0,0,0,0,0,0,0,0,0,0,0,0,0,0,,,,0,,,,,,,,,
2392,Internal,120,345,118281,50,31.3,5.7,15,1339,161,15,0,67,0,0,0,0,0,0,0,0,0,0,0,0,0,0,0,0,0,0,0,0,,,,0,,,,,,,,,
2393,Internal,1020,3340,118281,50,31.3,5.7,6,16,29,0,5,64,0,0,0,0,0,0,0,20,0,0,0,0,0,0,0,0,0,0,0,0,,,,0,,,,,,,,,
2394,Internal,3,9,76956,50,25.0,11.0,144,2,53,6,0,26,0,0,0,0,0,0,0,0,0,0,0,0,0,0,0,0,0,0,0,0,,,,0,,,,,,,,,
2395,Internal,13,27,63750,56,14.3,7.5,300,601,196,157,100,50,0,0,0,0,0,0,0,0,0,0,0,0,0,0,0,0,0,0,0,0,,,,0,,,,,,,,,
2396,Internal,83,186,63750,56,14.3,7.5,37,1516,460,111,195,48,0,0,0,0,0,0,0,0,0,0,0,0,0,0,0,0,0,0,0,0,,,,0,,,,,,,,,
2397,Internal,126,296,63750,56,14.3,7.5,0,2174,116,60,20,84,0,0,0,0,0,0,0,0,0,0,0,0,1404,0,0,0,0,0,0,0,,,,0,,,,,,,,,
2398,Internal,4,13,63750,56,14.3,7.5,166,1119,96,0,106,87,0,0,0,0,0,0,0,0,0,0,0,0,0,0,0,0,0,0,0,0,,,,0,,,,,,,,,
2399,Internal,0,0,63750,56,14.3,7.5,0,0,0,0,0,64,0,0,0,0,0,0,0,0,0,0,0,0,0,0,0,0,0,0,0,0,,,,0,,,,,,,,,
2400,Internal,826,1989,82924,66,20.0,10.2,9,5,37,5,17,57,0,0,0,0,0,0,0,8,0,0,0,0,0,0,0,0,0,0,0,0,,,,0,,,,,,,,,
2401,Internal,1071,1839,82924,66,20.0,10.2,6,40,223,2,180,14,0,0,0,0,0,0,0,12,0,0,0,0,13,0,0,0,0,0,0,0,,,,0,,,,,,,,,
2402,Internal,547,1504,82924,66,20.0,10.2,66,81,151,1,30,67,0,0,0,0,0,0,0,0,0,0,0,0,0,0,0,0,0,0,0,0,,,,0,,,,,,,,,
2403,Internal,22,62,76956,50,25.0,11.0,283,162,75,5,23,55,0,0,0,0,0,0,0,0,0,0,0,0,0,0,0,0,0,0,0,0,,,,0,,,,,,,,,
2404,Internal,285,561,84878,66,8.5,2.5,10,1145,1105,160,1574,52,0,0,0,0,0,0,0,0,0,0,0,0,0,0,0,0,0,0,0,0,,,,0,,,,,,,,,
2405,Internal,2686,5019,84878,66,8.5,2.5,594,105,853,100,264,39,0,0,0,0,0,0,0,61,0,0,0,0,1731,0,0,0,0,0,0,0,,,,0,,,,,,,,,
2406,Internal,693,1306,82924,66,20.0,10.2,24,12,174,1,50,47,0,0,0,0,0,0,0,16,0,0,0,0,0,0,0,0,0,0,0,0,,,,0,,,,,,,,,
2407,Internal,1,4,84878,66,8.5,2.5,1318,363,446,0,196,59,0,0,0,0,0,0,0,0,0,0,0,0,0,0,0,0,0,0,0,0,,,,0,,,,,,,,,
2408,Internal,376,756,82924,66,20.0,10.2,0,30,410,19,66,5,0,0,0,0,0,0,0,5,0,0,0,0,0,0,0,0,0,0,0,0,,,,0,,,,,,,,,
2409,Internal,1187,3465,115588,51,30.0,8.4,614,259,48,33,85,57,0,0,0,0,0,0,0,12,0,0,0,0,2319,0,0,0,0,0,0,0,,,,0,,,,,,,,,
2410,Internal,2358,4531,73422,63,18.7,6.5,464,499,1163,449,1345,30,0,0,0,0,0,0,0,61,0,0,0,0,0,0,0,0,0,0,0,0,,,,0,,,,,,,,,
2411,Internal,36,69,147917,49,26.9,16.5,32,0,11,0,11,64,0,0,0,0,0,0,0,0,0,0,0,0,0,0,0,0,0,0,0,0,,,,0,,,,,,,,,
2412,Internal,176,535,147917,49,26.9,16.5,13,16,93,24,309,17,0,0,0,0,0,0,0,0,0,0,0,0,0,0,0,0,0,0,0,0,,,,0,,,,,,,,,
2413,Internal,151,436,147917,49,26.9,16.5,167,67,5,2,0,32,0,0,0,0,0,0,0,0,0,0,0,0,521,0,0,0,0,0,0,0,,,,0,,,,,,,,,
2414,Internal,289,750,147917,49,26.9,16.5,22,27,131,0,10,38,0,0,0,0,0,0,0,0,0,0,0,0,636,0,0,0,0,0,0,0,,,,0,,,,,,,,,
2415,Internal,577,1409,37728,47,37.8,3.7,36,621,539,150,261,49,0,0,0,0,11,0,0,0,0,0,0,0,829,0,0,0,0,0,0,0,,,,0,,,,,,,,,
2416,Internal,398,1142,157969,49,21.3,20.6,21,170,32,0,18,53,0,0,0,0,0,0,0,0,0,0,0,0,0,0,0,0,0,0,0,0,,,,0,,,,,,,,,
2417,Internal,360,973,126923,49,23.4,9.4,31,110,41,52,11,51,0,0,0,0,0,0,0,0,0,0,0,0,0,0,0,0,0,0,0,0,,,,0,,,,,,,,,
2418,Internal,87,245,147917,49,26.9,16.5,48,7,4,0,0,24,0,0,0,0,0,0,0,0,0,0,0,0,1660,0,0,0,0,0,0,0,,,,0,,,,,,,,,
2419,Internal,480,1417,146458,49,19.9,18.7,6,38,85,26,15,47,0,0,0,0,0,0,0,0,0,0,0,0,0,0,0,0,0,0,0,0,,,,0,,,,,,,,,
2420,Internal,718,2202,156111,49,32.2,9.4,80,50,83,3,20,48,0,0,0,0,0,0,0,5,0,0,0,0,0,0,0,0,0,0,0,0,,,,0,,,,,,,,,
2421,Internal,346,1155,111726,54,27.5,8.3,1,1,26,5,1,35,0,0,0,0,0,0,0,0,0,0,0,0,0,0,0,0,0,0,0,0,,,,0,,,,,,,,,
2422,Internal,425,1132,111726,54,27.5,8.3,5,4,19,0,0,21,0,0,0,0,0,0,0,0,0,0,0,0,0,0,0,0,0,0,0,0,,,,0,,,,,,,,,
2423,Internal,433,1233,128077,54,27.4,3.9,10,4,21,1,3,42,0,0,0,0,0,0,0,8,0,0,0,0,0,0,0,0,0,0,0,0,,,,0,,,,,,,,,
2424,Internal,166,450,128077,54,27.4,3.9,0,6,10,0,0,42,0,0,0,0,0,0,0,0,0,0,0,0,0,0,0,0,0,0,0,0,,,,0,,,,,,,,,
2425,Internal,173,530,146458,49,19.9,18.7,1,9,65,12,4,8,0,0,0,0,0,0,0,0,0,0,0,0,0,0,0,0,0,0,0,0,,,,0,,,,,,,,,
2426,Internal,753,1485,61490,48,12.3,26.7,586,1090,998,93,150,83,0,0,0,0,6,0,0,0,0,0,0,0,0,0,0,0,0,0,0,0,,,,0,,,,,,,,,
2427,Internal,915,1630,69509,49,19.5,31.7,88,25,914,71,574,26,0,0,0,0,22,0,0,0,0,0,0,0,0,0,0,0,0,0,0,0,,,,0,,,,,,,,,
2428,Internal,455,1063,95417,49,8.7,50.5,33,206,317,21,119,45,0,0,0,0,0,0,0,0,0,0,0,0,0,0,0,0,0,0,0,0,,,,0,,,,,,,,,
2429,Internal,707,1458,56125,49,10.2,33.1,5,3,157,33,20,26,0,0,0,0,6,0,0,0,0,0,0,0,0,0,0,0,0,0,0,0,,,,0,,,,,,,,,
2430,Internal,490,1079,74125,48,18.0,30.9,37,123,306,65,64,45,0,0,0,0,6,0,0,0,0,0,0,0,657,0,0,0,0,0,0,0,,,,0,,,,,,,,,
2431,Internal,364,702,86071,49,11.6,4.7,0,2,52,7,160,14,0,0,0,0,6,0,0,0,0,0,0,0,0,0,0,0,0,0,0,0,,,,0,,,,,,,,,
2432,Internal,23,68,74125,48,18.0,30.9,7,45,127,0,567,18,0,0,0,0,0,0,0,0,0,0,0,0,270,0,0,0,0,0,0,0,,,,0,,,,,,,,,
2433,Internal,425,680,74125,48,18.0,30.9,12,2,34,0,27,14,0,0,0,0,0,0,0,0,0,0,0,0,0,0,0,0,0,0,0,0,,,,0,,,,,,,,,
2434,Internal,1046,1839,56473,53,15.4,5.0,1,12,268,1,8,91,0,0,0,0,17,0,0,0,0,0,0,0,0,0,0,0,0,0,0,0,,,,0,,,,,,,,,
2435,Internal,267,582,56473,53,15.4,5.0,13,27,141,84,238,15,0,0,0,0,11,0,0,0,0,0,0,0,0,0,0,0,0,0,0,0,,,,0,,,,,,,,,
2436,Internal,376,799,79704,53,23.4,16.7,0,13,6,0,4,64,0,0,0,0,0,0,0,0,0,0,0,0,0,0,0,0,0,0,0,0,,,,0,,,,,,,,,
2437,Internal,152,354,79704,53,23.4,16.7,1,8,4,0,0,51,0,0,0,0,0,0,0,0,0,0,0,0,0,0,0,0,0,0,0,0,,,,0,,,,,,,,,
2438,Internal,509,1107,79704,53,23.4,16.7,3,12,25,1,5,52,0,0,0,0,0,0,0,0,0,0,0,0,0,0,0,0,0,0,0,0,,,,0,,,,,,,,,
2439,Internal,436,982,110528,53,17.9,37.3,4,8,43,6,3,43,0,0,0,0,0,0,0,0,0,0,0,0,0,0,0,0,0,0,0,0,,,,0,,,,,,,,,
2440,Internal,264,466,110528,53,17.9,37.3,0,77,26,0,1,40,0,0,0,0,0,0,0,0,0,0,0,0,314,0,0,0,0,0,0,0,,,,0,,,,,,,,,
2441,Internal,327,677,110528,53,17.9,37.3,14,39,84,20,7,20,0,0,0,0,0,0,0,0,0,0,0,0,0,0,0,0,0,0,0,0,,,,0,,,,,,,,,
2442,Internal,0,0,76956,25,25.0,11.0,0,0,0,0,0,40,0,0,0,0,0,0,0,0,0,0,0,0,0,0,0,0,0,0,0,0,,,,0,,,,,,,,,
2443,Internal,212,502,64052,70,15.2,2.5,18,10,2,0,0,58,0,0,0,0,0,0,0,0,0,0,0,0,0,0,0,0,0,0,0,0,,,,0,,,,,,,,,
2444,Internal,732,1636,76961,70,15.6,12.0,74,33,364,0,44,52,0,0,0,0,39,0,0,0,0,0,0,0,0,0,0,0,0,0,0,0,,,,0,,,,,,,,,
2445,Internal,242,500,76961,70,15.6,12.0,623,465,256,3,35,56,0,0,0,0,17,0,0,0,0,0,0,0,0,0,0,0,0,0,0,0,,,,0,,,,,,,,,
2446,Internal,2,7,76956,25,25.0,11.0,0,0,14,0,0,40,0,0,0,0,0,0,0,0,0,0,0,0,0,0,0,0,0,0,0,0,,,,0,,,,,,,,,
2447,Internal,0,0,76956,50,25.0,11.0,0,0,0,0,0,47,0,0,0,0,0,0,0,0,0,0,0,0,0,0,0,0,0,0,0,0,,,,0,,,,,,,,,
2448,Internal,526,1183,76961,70,15.6,12.0,117,35,102,0,45,49,0,0,0,0,0,0,0,0,0,0,0,0,0,0,0,0,0,0,0,0,,,,0,,,,,,,,,
2449,Internal,939,1763,60926,70,7.7,2.5,17,26,241,4,55,33,0,0,0,0,34,0,0,0,0,0,0,0,0,0,0,0,0,0,0,0,,,,0,,,,,,,,,
2450,Internal,727,1124,60926,70,7.7,2.5,0,4,18,5,0,49,0,0,0,0,112,0,0,0,0,0,0,0,0,0,0,0,0,0,0,0,,,,0,,,,,,,,,
2451,Internal,724,1396,64052,70,15.2,2.5,13,22,321,0,45,34,0,0,0,0,22,0,0,0,0,0,0,0,0,0,0,0,0,0,0,0,,,,0,,,,,,,,,
2452,Internal,1282,2800,78580,56,25.6,5.5,3,101,63,12,10,46,0,0,0,0,11,0,0,0,0,0,0,0,975,0,0,0,0,0,0,0,,,,0,,,,,,,,,
2453,Internal,632,1766,90075,49,29.2,7.5,56,5,28,3,0,42,0,0,0,0,0,0,0,0,0,0,0,0,0,0,0,0,0,0,0,0,,,,0,,,,,,,,,
2454,Internal,1023,2130,77121,56,19.8,11.4,37,152,270,71,29,49,0,0,0,0,73,0,0,0,0,0,0,0,0,0,0,0,0,0,0,0,,,,0,,,,,,,,,
2455,Internal,1080,2574,105107,52,27.6,6.4,47,1,49,7,3,36,0,0,0,0,11,0,0,0,0,0,0,0,0,0,0,0,0,0,0,0,,,,0,,,,,,,,,
2456,Internal,590,1545,105107,52,27.6,6.4,4,1,27,1,2,30,0,0,0,0,0,0,0,0,0,0,0,0,0,0,0,0,0,0,0,0,,,,0,,,,,,,,,
2457,Internal,233,687,77121,56,19.8,11.4,1,12,107,34,148,19,0,0,0,0,0,0,0,0,0,0,0,0,0,0,0,0,0,0,0,0,,,,0,,,,,,,,,
2458,Internal,756,1777,105107,52,27.6,6.4,0,6,299,11,99,40,0,0,0,0,0,0,0,0,0,0,0,0,0,0,0,0,0,0,0,0,,,,0,,,,,,,,,
2459,Internal,19,78,77121,56,19.8,11.4,0,408,0,0,0,49,0,0,0,0,0,0,0,0,0,0,0,0,5341,0,0,0,0,0,0,0,,,,0,,,,,,,,,
2460,Internal,622,1177,46364,57,20.0,6.4,13,32,292,11,565,19,0,0,0,0,56,0,0,0,0,0,0,0,0,0,0,0,0,0,0,0,,,,0,,,,,,,,,
2461,Internal,563,1263,75469,57,29.4,9.7,8,65,189,27,116,31,0,0,0,0,0,0,0,0,0,0,0,0,0,0,0,0,0,0,0,0,,,,0,,,,,,,,,
2462,Internal,18,45,75469,57,29.4,9.7,3,36,173,0,505,22,0,0,0,0,0,0,0,0,0,0,0,0,0,0,0,0,0,0,0,0,,,,0,,,,,,,,,
2463,Internal,543,1286,46364,57,20.0,6.4,10,22,8,0,0,23,0,0,0,0,6,0,0,0,0,0,0,0,0,0,0,0,0,0,0,0,,,,0,,,,,,,,,
2464,Internal,1003,1986,69255,57,18.8,10.4,4,10,49,0,4,64,0,0,0,0,28,0,0,0,0,0,0,0,0,0,0,0,0,0,0,0,,,,0,,,,,,,,,
2465,Internal,349,1040,139338,57,16.5,18.5,9,11,8,123,5,60,0,0,0,0,0,0,0,0,0,0,0,0,0,0,0,0,0,0,0,0,,,,0,,,,,,,,,
2466,Internal,164,454,139338,57,16.5,18.5,0,2,4,5,0,60,0,0,0,0,0,0,0,0,0,0,0,0,0,0,0,0,0,0,0,0,,,,0,,,,,,,,,
2467,Internal,359,1057,123625,57,27.5,12.5,6,23,13,0,29,57,0,0,0,0,0,0,0,0,0,0,0,0,0,0,0,0,0,0,0,0,,,,0,,,,,,,,,
2468,Internal,338,817,123625,57,27.5,12.5,13,13,19,2,43,58,0,0,0,0,0,0,0,0,0,0,0,0,0,0,0,0,0,0,0,0,,,,0,,,,,,,,,
2469,Internal,218,620,111806,50,23.1,21.4,0,1,72,85,45,31,0,0,0,0,11,0,0,0,0,0,0,0,0,0,0,0,0,0,0,0,,,,0,,,,,,,,,
2470,Internal,744,1832,111806,50,23.1,21.4,11,6,45,1,55,32,0,0,0,0,0,0,0,0,0,0,0,0,0,0,0,0,0,0,0,0,,,,0,,,,,,,,,
2471,Internal,175,380,111806,50,23.1,21.4,15,155,336,36,606,11,0,0,0,0,11,0,0,0,0,0,0,0,0,0,0,0,0,0,0,0,,,,0,,,,,,,,,
2472,Internal,872,1440,45583,64,19.7,6.2,0,3,28,0,6,38,0,0,0,0,90,0,0,0,0,0,0,0,0,0,0,0,0,0,0,0,,,,0,,,,,,,,,
2473,Internal,422,810,48005,64,18.2,3.2,1,0,9,0,1,38,0,0,0,0,50,0,0,0,0,0,0,0,0,0,0,0,0,0,0,0,,,,0,,,,,,,,,
2474,Internal,366,647,48005,64,18.2,3.2,14,3,28,5,2,38,0,0,0,0,62,0,0,0,0,0,0,0,0,0,0,0,0,0,0,0,,,,0,,,,,,,,,
2475,Internal,371,718,45583,64,19.7,6.2,0,3,13,0,0,38,0,0,0,0,17,0,0,0,0,0,0,0,0,0,0,0,0,0,0,0,,,,0,,,,,,,,,
2476,Internal,139,273,45583,64,19.7,6.2,0,0,1,0,0,38,0,0,0,0,0,0,0,0,0,0,0,0,0,0,0,0,0,0,0,0,,,,0,,,,,,,,,
2477,Internal,663,1388,77054,56,6.6,17.9,48,27,281,5,61,39,0,0,0,0,11,0,0,0,0,0,0,0,0,0,0,0,0,0,0,0,,,,0,,,,,,,,,
2478,Internal,689,1709,115564,56,23.7,19.3,13,2,71,14,5,27,0,0,0,0,0,0,0,0,0,0,0,0,0,0,0,0,0,0,0,0,,,,0,,,,,,,,,
2479,Internal,661,1561,77391,56,17.2,19.8,3,13,104,4,36,36,0,0,0,0,45,0,0,0,0,0,0,0,4,0,0,0,0,0,0,0,,,,0,,,,,,,,,
2480,Internal,392,802,77391,56,17.2,19.8,0,10,5,0,20,27,0,0,0,0,0,0,0,0,0,0,0,0,0,0,0,0,0,0,0,0,,,,0,,,,,,,,,
2481,Internal,0,0,77391,56,17.2,19.8,31,79,10,16,0,41,0,0,0,0,0,0,0,0,0,0,0,0,719,0,0,0,0,0,0,0,,,,0,,,,,,,,,
2482,Internal,764,1694,69464,53,24.1,16.7,14,24,235,5,36,65,0,0,0,0,6,0,0,0,0,0,0,0,0,0,0,0,0,0,0,0,,,,0,,,,,,,,,
2483,Internal,414,1097,130875,53,23.0,18.0,139,85,120,1,16,35,0,0,0,0,0,0,0,0,0,0,0,0,0,0,0,0,0,0,0,0,,,,0,,,,,,,,,
2484,Internal,356,816,130875,53,23.0,18.0,40,102,55,9,173,26,0,0,0,0,0,0,0,0,0,0,0,0,665,0,0,0,0,0,0,0,,,,0,,,,,,,,,
2485,Internal,852,1583,54188,56,8.7,12.0,6,9,29,0,32,28,0,0,0,0,11,0,0,0,0,0,0,0,0,0,0,0,0,0,0,0,,,,0,,,,,,,,,
2486,Internal,400,878,51064,56,30.8,12.8,82,2767,835,91,28,47,0,0,0,0,11,0,0,0,0,0,0,0,2384,0,0,0,0,0,0,0,,,,0,,,,,,,,,
2487,Internal,253,729,51064,56,30.8,12.8,12,88,222,10,36,47,0,0,0,0,0,0,0,0,0,0,0,0,730,0,0,0,0,0,0,0,,,,0,,,,,,,,,
2488,Internal,215,452,57839,56,10.8,21.3,0,5,2,0,0,45,0,0,0,0,0,0,0,0,0,0,0,0,0,0,0,0,0,0,0,0,,,,0,,,,,,,,,
2489,Internal,438,729,57839,56,10.8,21.3,7,3,9,0,0,45,0,0,0,0,11,0,0,0,0,0,0,0,0,0,0,0,0,0,0,0,,,,0,,,,,,,,,
2490,Internal,160,497,179688,41,27.8,10.9,57,40,42,3,6,51,0,0,0,0,0,0,0,0,0,0,0,0,0,0,0,0,0,0,0,0,,,,0,,,,,,,,,
2491,Internal,506,1437,115208,44,20.1,23.2,46,125,61,9,37,49,0,0,0,0,0,0,0,0,0,0,0,0,996,0,0,0,0,0,0,0,,,,0,,,,,,,,,
2492,Internal,239,593,115208,44,20.1,23.2,31,9,37,0,17,32,0,0,0,0,0,0,0,0,0,0,0,0,0,0,0,0,0,0,0,0,,,,0,,,,,,,,,
2493,Internal,286,774,179688,41,27.8,10.9,5,45,30,0,6,24,0,0,0,0,0,0,0,0,0,0,0,0,0,0,0,0,0,0,0,0,,,,0,,,,,,,,,
2494,Internal,266,736,140938,41,14.7,29.4,7,24,33,0,22,77,0,0,0,0,0,0,0,0,0,0,0,0,0,0,0,0,0,0,0,0,,,,0,,,,,,,,,
2495,Internal,547,1644,137500,48,29.6,11.1,25,45,49,30,28,78,0,0,0,0,0,0,0,0,0,0,0,0,0,0,0,0,0,0,0,0,,,,0,,,,,,,,,
2496,Internal,272,776,137500,48,29.6,11.1,8,47,55,9,0,49,0,0,0,0,0,0,0,0,0,0,0,0,0,0,0,0,0,0,0,0,,,,0,,,,,,,,,
2497,Internal,154,496,137500,48,29.6,11.1,12,55,31,0,2,53,0,0,0,0,0,0,0,0,0,0,0,0,0,0,0,0,0,0,0,0,,,,0,,,,,,,,,
2498,Internal,225,608,146842,45,27.7,11.5,36,24,16,0,2,46,0,0,0,0,0,0,0,0,0,0,0,0,0,0,0,0,0,0,0,0,,,,0,,,,,,,,,
2499,Internal,449,1380,146842,45,27.7,11.5,33,34,65,5,26,43,0,0,0,0,0,0,0,0,0,0,0,0,0,0,0,0,0,0,0,0,,,,0,,,,,,,,,
2500,Internal,145,411,171979,45,28.9,14.8,0,2,65,0,47,20,0,0,0,0,0,0,0,0,0,0,0,0,0,0,0,0,0,0,0,0,,,,0,,,,,,,,,
2501,Internal,276,818,171979,45,28.9,14.8,87,12,18,0,14,77,0,0,0,0,0,0,0,0,0,0,0,0,0,0,0,0,0,0,0,0,,,,0,,,,,,,,,
2502,Internal,17,67,137500,48,29.6,11.1,0,167,2,16,0,47,0,0,0,0,0,0,0,0,0,0,0,0,873,0,0,0,0,0,0,0,,,,0,,,,,,,,,
2503,Internal,162,445,146842,45,27.7,11.5,7,9,20,0,8,58,0,0,0,0,0,0,0,0,0,0,0,0,0,0,0,0,0,0,0,0,,,,0,,,,,,,,,
2504,Internal,73,219,171979,45,28.9,14.8,5,3,2,0,4,52,0,0,0,0,0,0,0,0,0,0,0,0,0,0,0,0,0,0,0,0,,,,0,,,,,,,,,
2505,Internal,128,415,115208,44,20.1,23.2,8,0,10,0,0,65,0,0,0,0,0,0,0,0,0,0,0,0,0,0,0,0,0,0,0,0,,,,0,,,,,,,,,
2506,Internal,137,363,137500,48,29.6,11.1,2,25,44,3,114,14,0,0,0,0,0,0,0,0,0,0,0,0,0,0,0,0,0,0,0,0,,,,0,,,,,,,,,
2507,Internal,149,462,130104,47,25.0,18.3,0,18,28,6,2,25,0,0,0,0,0,0,0,0,0,0,0,0,0,0,0,0,0,0,0,0,,,,0,,,,,,,,,
2508,Internal,120,364,130104,47,25.0,18.3,3,9,19,0,3,25,0,0,0,0,0,0,0,0,0,0,0,0,0,0,0,0,0,0,0,0,,,,0,,,,,,,,,
2509,Internal,276,788,130104,47,25.0,18.3,7,82,13,0,64,21,0,0,0,0,0,0,0,0,0,0,0,0,0,0,0,0,0,0,0,0,,,,0,,,,,,,,,
2510,Internal,222,564,130104,47,25.0,18.3,20,120,125,29,18,25,0,0,0,0,0,0,0,0,0,0,0,0,0,0,0,0,0,0,0,0,,,,0,,,,,,,,,
2511,Internal,480,1321,163688,48,26.2,16.8,21,93,186,0,32,42,0,0,0,0,0,0,0,0,0,0,0,0,0,0,0,0,0,0,0,0,,,,0,,,,,,,,,
2512,Internal,354,1005,163688,48,26.2,16.8,62,34,18,10,8,25,0,0,0,0,0,0,0,0,0,0,0,0,0,0,0,0,0,0,0,0,,,,0,,,,,,,,,
2513,Internal,51,138,99861,48,19.4,16.9,6,3,2,0,3,25,0,0,0,0,0,0,0,0,0,0,0,0,0,0,0,0,0,0,0,0,,,,0,,,,,,,,,
2514,Internal,195,591,99861,48,19.4,16.9,0,90,12,0,2,44,0,0,0,0,0,0,0,0,0,0,0,0,823,0,0,0,0,0,0,0,,,,0,,,,,,,,,
2515,Internal,114,327,99861,48,19.4,16.9,0,6,34,0,11,25,0,0,0,0,0,0,0,0,0,0,0,0,0,0,0,0,0,0,0,0,,,,0,,,,,,,,,
2516,Internal,368,688,99861,48,19.4,16.9,233,13,314,7,429,26,0,0,0,0,28,0,0,0,0,0,0,0,0,0,0,0,0,0,0,0,,,,0,,,,,,,,,
2517,Internal,22,80,99861,48,19.4,16.9,2,44,41,10,29,6,0,0,0,0,0,0,0,0,0,0,0,0,528,0,0,0,0,0,0,0,,,,0,,,,,,,,,
2518,Internal,375,1022,172813,47,23.0,19.8,5,24,79,163,230,14,0,0,0,0,0,0,0,0,0,0,0,0,0,0,0,0,0,0,0,0,,,,0,,,,,,,,,
2519,Internal,165,485,172813,47,23.0,19.8,0,31,36,29,0,31,0,0,0,0,0,0,0,0,0,0,0,0,0,0,0,0,0,0,0,0,,,,0,,,,,,,,,
2520,Internal,243,617,160000,47,18.5,19.3,25,35,34,3,3,54,0,0,0,0,0,0,0,0,0,0,0,0,0,0,0,0,0,0,0,0,,,,0,,,,,,,,,
2521,Internal,123,410,160000,47,18.5,19.3,62,23,15,0,2,59,0,0,0,0,0,0,0,0,0,0,0,0,0,0,0,0,0,0,0,0,,,,0,,,,,,,,,
2522,Internal,70,203,147614,47,25.7,20.9,65,77,13,14,3,25,0,0,0,0,0,0,0,0,0,0,0,0,0,0,0,0,0,0,0,0,,,,0,,,,,,,,,
2523,Internal,31,93,147614,47,25.7,20.9,17,7,256,18,114,24,0,0,0,0,0,0,0,0,0,0,0,0,0,0,0,0,0,0,0,0,,,,0,,,,,,,,,
2524,Internal,242,631,147614,47,25.7,20.9,33,28,36,5,49,29,0,0,0,0,0,0,0,0,0,0,0,0,0,0,0,0,0,0,0,0,,,,0,,,,,,,,,
2525,Internal,105,234,137500,48,29.6,11.1,3,4,6,0,7,49,0,0,0,0,0,0,0,0,0,0,0,0,0,0,0,0,0,0,0,0,,,,0,,,,,,,,,
2526,Internal,141,360,137500,48,29.6,11.1,7,2,43,0,7,49,0,0,0,0,0,0,0,0,0,0,0,0,0,0,0,0,0,0,0,0,,,,0,,,,,,,,,
2527,Internal,399,1137,130375,44,23.0,9.7,53,85,45,3,5,48,0,0,0,0,0,0,0,0,0,0,0,0,0,0,0,0,0,0,0,0,,,,0,,,,,,,,,
2528,Internal,205,536,64911,47,4.6,26.4,46,7,4,0,0,15,0,0,0,0,0,0,0,0,0,0,0,0,0,0,0,0,0,0,0,0,,,,0,,,,,,,,,
2529,Internal,78,233,64911,47,4.6,26.4,20,3,8,3,0,29,0,0,0,0,0,0,0,0,0,0,0,0,0,0,0,0,0,0,0,0,,,,0,,,,,,,,,
2530,Internal,129,282,64911,47,4.6,26.4,38,40,4,0,0,29,0,0,0,0,0,0,0,0,0,0,0,0,0,0,0,0,0,0,0,0,,,,0,,,,,,,,,
2531,Internal,43,132,64911,47,4.6,26.4,0,5,7,0,4,29,0,0,0,0,0,0,0,0,0,0,0,0,0,0,0,0,0,0,0,0,,,,0,,,,,,,,,
2532,Internal,374,1110,158047,47,28.1,10.3,29,163,39,0,24,42,0,0,0,0,0,0,0,0,0,0,0,0,0,0,0,0,0,0,0,0,,,,0,,,,,,,,,
2533,Internal,524,1601,158047,47,28.1,10.3,108,53,152,4,19,29,0,0,0,0,0,0,0,0,0,0,0,0,0,0,0,0,0,0,0,0,,,,0,,,,,,,,,
2534,Internal,273,836,112375,47,24.2,7.5,16,22,13,3,0,29,0,0,0,0,0,0,0,0,0,0,0,0,0,0,0,0,0,0,0,0,,,,0,,,,,,,,,
2535,Internal,224,648,167206,47,29.4,13.8,8,12,34,0,63,38,0,0,0,0,0,0,0,0,0,0,0,0,0,0,0,0,0,0,0,0,,,,0,,,,,,,,,
2536,Internal,399,1143,167206,47,29.4,13.8,37,18,25,87,9,28,0,0,0,0,0,0,0,0,0,0,0,0,0,0,0,0,0,0,0,0,,,,0,,,,,,,,,
2537,Internal,582,1708,167206,47,29.4,13.8,20,15,155,56,2,24,0,0,0,0,0,0,0,0,0,0,0,0,0,0,0,0,0,0,0,0,,,,0,,,,,,,,,
2538,Internal,357,1040,112375,47,24.2,7.5,41,6,12,0,6,29,0,0,0,0,0,0,0,0,0,0,0,0,0,0,0,0,0,0,0,0,,,,0,,,,,,,,,
2539,Internal,254,807,167206,47,29.4,13.8,24,45,32,0,4,32,0,0,0,0,0,0,0,0,0,0,0,0,0,0,0,0,0,0,0,0,,,,0,,,,,,,,,
2540,Internal,90,277,167206,47,29.4,13.8,6,5,3,0,4,29,0,0,0,0,0,0,0,0,0,0,0,0,0,0,0,0,0,0,0,0,,,,0,,,,,,,,,
2541,Internal,118,328,112375,47,24.2,7.5,31,13,5,0,0,29,0,0,0,0,0,0,0,0,0,0,0,0,0,0,0,0,0,0,0,0,,,,0,,,,,,,,,
2542,Internal,128,264,31294,53,15.1,7.4,173,417,992,6,129,57,0,0,0,0,0,0,0,0,0,0,0,0,0,0,0,0,0,0,0,0,,,,0,,,,,,,,,
2543,Internal,1647,3104,31294,53,15.1,7.4,12,40,637,9,553,13,0,0,0,0,39,0,0,0,0,0,0,0,0,0,0,0,0,0,0,0,,,,0,,,,,,,,,
2544,Internal,891,1813,63924,53,18.0,23.1,9,243,623,46,28,30,0,0,0,0,22,0,0,0,0,0,0,0,182,0,0,0,0,0,0,0,,,,0,,,,,,,,,
2545,Internal,769,1674,54000,53,11.5,20.7,29,75,158,39,17,11,0,0,0,0,0,0,0,0,0,0,0,0,569,0,0,0,0,0,0,0,,,,0,,,,,,,,,
2546,Internal,377,860,97991,46,17.5,24.4,6,219,43,62,40,40,0,0,0,0,0,0,0,0,0,0,0,0,3005,0,0,0,0,0,0,0,,,,0,,,,,,,,,
2547,Internal,255,707,99625,46,20.8,23.4,0,0,14,0,0,30,0,0,0,0,0,0,0,0,0,0,0,0,0,0,0,0,0,0,0,0,,,,0,,,,,,,,,
2548,Internal,151,394,102344,46,29.3,15.8,3,1,15,0,3,43,0,0,0,0,0,0,0,0,0,0,0,0,0,0,0,0,0,0,0,0,,,,0,,,,,,,,,
2549,Internal,169,523,99625,46,20.8,23.4,0,27,23,0,0,30,0,0,0,0,0,0,0,0,0,0,0,0,0,0,0,0,0,0,0,0,,,,0,,,,,,,,,
2550,Internal,280,598,99625,46,20.8,23.4,4,103,44,7,0,43,0,0,0,0,0,0,0,0,0,0,0,0,821,0,0,0,0,0,0,0,,,,0,,,,,,,,,
2551,Internal,491,1212,113194,46,28.0,18.0,41,45,504,6,36,21,0,0,0,0,0,0,0,0,0,0,0,0,0,0,0,0,0,0,0,0,,,,0,,,,,,,,,
2552,Internal,289,734,102344,46,29.3,15.8,1,2,8,0,3,20,0,0,0,0,0,0,0,0,0,0,0,0,0,0,0,0,0,0,0,0,,,,0,,,,,,,,,
2553,Internal,520,1353,84375,46,18.9,22.5,112,505,539,74,38,43,0,0,0,0,0,0,0,0,0,0,0,0,405,0,0,0,0,0,0,0,,,,0,,,,,,,,,
2554,Internal,118,348,102344,46,29.3,15.8,14,20,480,10,34,54,0,0,0,0,0,0,0,0,0,0,0,0,0,0,0,0,0,0,0,0,,,,0,,,,,,,,,
2555,Internal,25,80,102344,46,29.3,15.8,0,0,0,20,10,0,0,0,0,0,0,0,0,0,0,0,0,0,0,0,0,0,0,0,0,0,,,,0,,,,,,,,,
2556,Internal,440,1010,37686,51,26.9,3.2,3,31,195,16,0,45,0,0,0,0,11,0,0,0,0,0,0,0,0,0,0,0,0,0,0,0,,,,0,,,,,,,,,
2557,Internal,694,1168,38371,51,7.1,53.1,9,74,138,73,393,23,0,0,0,0,0,0,0,0,0,0,0,0,0,0,0,0,0,0,0,0,,,,0,,,,,,,,,
2558,Internal,396,849,44968,51,19.1,16.8,23,74,39,10,8,26,0,0,0,0,11,0,0,0,0,0,0,0,359,0,0,0,0,0,0,0,,,,0,,,,,,,,,
2559,Internal,144,290,38371,51,7.1,53.1,0,6,3,0,0,33,0,0,0,0,0,0,0,0,0,0,0,0,0,0,0,0,0,0,0,0,,,,0,,,,,,,,,
2560,Internal,157,349,44968,51,19.1,16.8,0,12,2,0,0,24,0,0,0,0,6,0,0,0,0,0,0,0,0,0,0,0,0,0,0,0,,,,0,,,,,,,,,
2561,Internal,475,1060,56412,51,23.7,5.5,123,17,157,0,26,18,0,0,0,0,0,0,0,0,0,0,0,0,0,0,0,0,0,0,0,0,,,,0,,,,,,,,,
2562,Internal,258,584,56412,51,23.7,5.5,0,6,71,29,68,12,0,0,0,0,0,0,0,0,0,0,0,0,0,0,0,0,0,0,0,0,,,,0,,,,,,,,,
2563,Internal,167,298,51406,58,26.4,5.9,70,2,182,0,54,30,0,0,0,0,11,0,0,0,0,0,0,0,0,0,0,0,0,0,0,0,,,,0,,,,,,,,,
2564,Internal,312,607,51875,52,27.3,3.8,57,309,1321,72,167,42,0,0,0,0,17,0,0,0,0,0,0,0,0,0,0,0,0,0,0,0,,,,0,,,,,,,,,
2565,Internal,584,1710,51875,52,27.3,3.8,30,21,566,44,287,20,0,0,0,0,11,0,0,0,0,0,0,0,0,0,0,0,0,0,0,0,,,,0,,,,,,,,,
2566,Internal,418,1047,114483,52,17.3,21.6,105,72,553,33,61,32,0,0,0,0,0,0,0,0,0,0,0,0,0,0,0,0,0,0,0,0,,,,0,,,,,,,,,
2567,Internal,1025,2119,70625,55,18.9,5.7,81,701,1511,103,306,43,0,0,0,0,6,0,0,0,0,0,0,0,0,0,0,0,0,0,0,0,,,,0,,,,,,,,,
2568,Internal,896,1831,60921,55,23.3,19.2,7,13,146,3,99,41,0,0,0,0,6,0,0,0,0,0,0,0,0,0,0,0,0,0,0,0,,,,0,,,,,,,,,
2569,Internal,2,15,60921,55,23.3,19.2,0,176,144,33,27,45,0,0,0,0,0,0,0,0,0,0,0,0,1530,0,0,0,0,0,0,0,,,,0,,,,,,,,,
2570,Internal,78,170,60921,55,23.3,19.2,17,100,179,542,10,52,0,0,0,0,0,0,0,0,0,0,0,0,1128,0,0,0,0,0,0,0,,,,0,,,,,,,,,
2571,Internal,526,1254,31129,50,21.4,2.5,18,61,401,64,394,12,0,0,0,0,22,0,0,0,0,0,0,0,0,0,0,0,0,0,0,0,,,,0,,,,,,,,,
2572,Internal,679,1653,40983,50,18.6,2.5,0,0,52,0,3,19,0,0,0,0,6,0,0,0,0,0,0,0,0,0,0,0,0,0,0,0,,,,0,,,,,,,,,
2573,Internal,640,1766,64932,50,20.0,4.3,10,6,22,1,132,12,0,0,0,0,0,0,0,0,0,0,0,0,0,0,0,0,0,0,0,0,,,,0,,,,,,,,,
2574,Internal,401,825,34771,50,24.0,5.6,23,25,554,7,113,37,0,0,0,0,0,0,0,0,0,0,0,0,0,0,0,0,0,0,0,0,,,,0,,,,,,,,,
2575,Internal,531,1287,34771,50,24.0,5.6,3,37,19,0,1,19,0,0,0,0,6,0,0,0,0,0,0,0,0,0,0,0,0,0,0,0,,,,0,,,,,,,,,
2576,Internal,632,1766,90075,49,29.2,7.5,52,109,88,73,0,43,0,0,0,0,0,0,0,0,0,0,0,0,869,0,0,0,0,0,0,0,,,,0,,,,,,,,,
2577,Internal,1080,2251,56875,53,26.0,8.8,165,741,579,79,493,45,0,0,0,0,6,0,0,0,0,0,0,0,1045,0,0,0,0,0,0,0,,,,0,,,,,,,,,
2578,Internal,1069,2861,76680,49,34.0,7.9,24,38,71,10,7,17,0,0,0,0,0,0,0,0,0,0,0,0,0,0,0,0,0,0,0,0,,,,0,,,,,,,,,
2579,Internal,481,1426,44798,49,32.1,10.2,349,19,77,0,51,46,0,0,0,0,0,0,0,0,0,0,0,0,0,0,0,0,0,0,0,0,,,,0,,,,,,,,,
2580,Internal,208,433,76680,49,34.0,7.9,3,129,4,0,0,46,0,0,0,0,0,0,0,0,0,0,0,0,594,0,0,0,0,0,0,0,,,,0,,,,,,,,,
2581,Internal,1391,3469,109375,53,29.6,9.1,1440,17,403,90,45,33,0,0,0,0,11,0,0,0,0,0,0,0,1090,0,0,0,0,0,0,0,,,,0,,,,,,,,,
2582,Internal,721,2045,110556,53,23.6,15.1,4,66,137,78,3,51,0,0,0,0,0,0,0,0,0,0,0,0,0,0,0,0,0,0,0,0,,,,0,,,,,,,,,
2583,Internal,535,894,110556,53,23.6,15.1,26,21,878,45,402,23,0,0,0,0,11,0,0,0,0,0,0,0,0,0,0,1,0,0,0,0,,,,0,,,,,,,,,
2584,Internal,539,1395,90075,49,29.2,7.5,161,2,14,0,15,9,0,0,0,0,6,0,0,0,0,0,0,0,0,0,0,0,0,0,0,0,,,,0,,,,,,,,,
2585,Internal,842,2354,90075,49,29.2,7.5,15,4,219,6,34,36,0,0,0,0,6,0,0,0,0,0,0,0,0,0,0,0,0,0,0,0,,,,0,,,,,,,,,
2586,Internal,687,1751,90075,49,29.2,7.5,227,7,105,6,30,69,0,0,0,0,0,0,0,0,0,0,0,0,0,0,0,0,0,0,0,0,,,,0,,,,,,,,,
2587,Internal,1032,2037,45262,58,22.4,3.3,188,209,352,50,129,28,0,0,0,0,22,0,0,0,0,0,0,0,0,0,0,0,0,0,0,0,,,,0,,,,,,,,,
2588,Internal,285,782,90075,49,29.2,7.5,50,9,16,0,0,42,0,0,0,0,0,0,0,0,0,0,0,0,0,0,0,0,0,0,0,0,,,,0,,,,,,,,,
2589,Internal,1,4,109375,53,29.6,9.1,785,0,8,0,14,87,0,0,0,0,0,0,0,0,0,0,0,0,0,0,0,0,0,0,0,0,,,,0,,,,,,,,,
2590,Internal,164,496,140647,53,29.5,7.7,8,14,0,0,8,47,0,0,0,0,0,0,0,0,0,0,0,0,0,0,0,0,0,0,0,0,,,,0,,,,,,,,,
2591,Internal,350,1179,110556,53,23.6,15.1,15,9,9,1,0,62,0,0,0,0,0,0,0,0,0,0,0,0,0,0,0,0,0,0,0,0,,,,0,,,,,,,,,
2592,Internal,468,1116,110556,53,23.6,15.1,7,0,32,35,1,48,0,0,0,0,0,0,0,0,0,0,0,0,0,0,0,0,0,0,0,0,,,,0,,,,,,,,,
2593,Internal,922,2648,140647,53,29.5,7.7,13,7,50,8,30,43,0,0,0,0,0,0,0,0,0,0,0,0,0,0,0,0,0,0,0,0,,,,0,,,,,,,,,
2594,Internal,585,1333,67414,53,26.4,8.3,26,6,50,0,3,47,0,0,0,0,0,0,0,0,0,0,0,0,0,0,0,0,0,0,0,0,,,,0,,,,,,,,,
2595,Internal,735,1514,81094,58,17.6,22.7,698,93,336,15,64,49,0,0,0,0,6,0,0,0,0,0,0,0,37,0,0,0,0,0,0,0,,,,0,,,,,,,,,
2596,Internal,297,761,84844,58,10.3,7.9,1,123,33,0,3,53,0,0,0,0,0,0,0,0,0,0,0,0,1063,0,0,0,0,0,0,0,,,,0,,,,,,,,,
2597,Internal,408,1038,84844,58,10.3,7.9,8,0,1,0,3,43,0,0,0,0,0,0,0,0,0,0,0,0,0,0,0,0,0,0,0,0,,,,0,,,,,,,,,
2598,Internal,21,41,45262,58,22.4,3.3,82,70,35,97,304,42,0,0,0,0,0,0,0,0,0,0,0,0,666,0,0,0,0,0,0,0,,,,0,,,,,,,,,
2599,Internal,55,105,65789,55,22.7,5.7,543,63,216,0,7,52,0,0,0,0,0,0,0,0,0,0,0,0,0,0,0,0,0,0,0,0,,,,0,,,,,,,,,
2600,Internal,573,1207,65789,55,22.7,5.7,513,141,173,0,16,54,0,0,0,0,0,0,0,0,0,0,0,0,0,0,0,0,0,0,0,0,,,,0,,,,,,,,,
2601,Internal,548,1093,65789,55,22.7,5.7,32,8,30,5,0,46,0,0,0,0,17,0,0,0,0,0,0,0,0,0,0,0,0,0,0,0,,,,0,,,,,,,,,
2602,Internal,498,1405,81094,58,17.6,22.7,6,7,8,0,2,72,0,0,0,0,0,0,0,0,0,0,0,0,0,0,0,0,0,0,0,0,,,,0,,,,,,,,,
2603,Internal,274,727,84436,58,26.0,9.8,3,126,2,0,0,49,0,0,0,0,0,0,0,0,0,0,0,0,1290,0,0,0,0,0,0,0,,,,0,,,,,,,,,
2604,Internal,503,989,84436,58,26.0,9.8,22,21,154,4,580,16,0,0,0,0,11,0,0,0,0,0,0,0,0,0,0,0,0,0,0,0,,,,0,,,,,,,,,
2605,Internal,401,954,65789,55,22.7,5.7,5,146,236,0,105,18,0,0,0,0,11,0,0,0,0,0,0,0,0,0,0,0,0,0,0,0,,,,0,,,,,,,,,
2606,Internal,364,688,81094,58,17.6,22.7,304,27,463,0,113,49,0,0,0,0,0,0,0,0,0,0,0,0,0,0,0,0,0,0,0,0,,,,0,,,,,,,,,
2607,Internal,416,734,51406,58,26.4,5.9,381,156,386,37,139,27,0,0,0,0,0,0,0,0,0,0,0,0,0,0,0,0,0,0,0,0,,,,0,,,,,,,,,
2608,Internal,7,18,51406,58,26.4,5.9,603,154,791,40,116,42,0,0,0,0,0,0,0,0,0,0,0,0,0,0,0,0,0,0,0,0,,,,0,,,,,,,,,
2609,Internal,12,34,51406,58,26.4,5.9,0,7,205,18,910,16,0,0,0,0,6,0,0,0,0,0,0,0,0,0,0,0,0,0,0,0,,,,0,,,,,,,,,
2610,Internal,213,496,51406,58,26.4,5.9,27,28,761,39,327,53,0,0,0,0,0,0,0,0,0,0,0,0,0,0,0,0,0,0,0,0,,,,0,,,,,,,,,
2611,Internal,297,602,51406,58,26.4,5.9,50,38,91,15,59,13,0,0,0,0,0,0,0,0,0,0,0,0,0,0,0,0,0,0,0,0,,,,0,,,,,,,,,
2612,Internal,30,62,51406,58,26.4,5.9,257,411,269,15,96,52,0,0,0,0,0,0,0,0,0,0,0,0,0,0,0,0,0,0,0,0,,,,0,,,,,,,,,
2613,Internal,94,270,51406,58,26.4,5.9,341,47,317,7,250,66,0,0,0,0,0,0,0,0,0,0,0,0,263,0,0,0,0,0,0,0,,,,0,,,,,,,,,
2614,Internal,32,87,51406,58,26.4,5.9,53,74,581,120,434,16,0,0,0,0,0,0,0,0,0,0,0,0,0,0,0,0,0,0,0,0,,,,0,,,,,,,,,
2615,Internal,315,620,80341,53,30.1,8.5,0,59,2,3,0,45,0,0,0,0,0,0,0,0,0,0,0,0,0,0,0,0,0,0,0,0,,,,0,,,,,,,,,
2616,Internal,687,1854,80341,53,30.1,8.5,41,32,5,1,11,39,0,0,0,0,0,0,0,0,0,0,0,0,0,0,0,0,0,0,0,0,,,,0,,,,,,,,,
2617,Internal,675,1995,83750,53,27.2,2.5,4,16,11,2,2,30,0,0,0,0,0,0,0,0,0,0,0,0,0,0,0,0,0,0,0,0,,,,0,,,,,,,,,
2618,Internal,575,1556,41786,53,22.6,16.8,0,0,29,0,3,16,0,0,0,0,0,0,0,0,0,0,0,0,0,0,0,0,0,0,0,0,,,,0,,,,,,,,,
2619,Internal,534,1422,80341,53,30.1,8.5,4,112,22,15,15,52,0,0,0,0,0,0,0,0,0,0,0,0,1252,0,0,0,0,0,0,0,,,,0,,,,,,,,,
2620,Internal,18,51,41786,53,22.6,16.8,4,6,0,1,0,16,0,0,0,0,0,0,0,0,0,0,0,0,0,0,0,0,0,0,0,0,,,,0,,,,,,,,,
2621,Internal,650,1392,110848,53,28.3,6.6,0,12,19,0,4,17,0,0,0,0,0,0,0,0,0,0,0,0,0,0,0,0,0,0,0,0,,,,0,,,,,,,,,
2622,Internal,0,0,110848,53,28.3,6.6,2,1,0,0,9,45,0,0,0,0,0,0,0,0,0,0,0,0,0,0,0,0,0,0,0,0,,,,0,,,,,,,,,
2623,Internal,361,942,41786,53,22.6,16.8,7,0,9,3,8,16,0,0,0,0,0,0,0,0,0,0,0,0,0,0,0,0,0,0,0,0,,,,0,,,,,,,,,
2624,Internal,154,435,41786,53,22.6,16.8,1,46,3,16,0,16,0,0,0,0,0,0,0,0,0,0,0,0,1641,0,0,0,0,0,0,0,,,,0,,,,,,,,,
2625,Internal,348,741,66987,53,17.3,8.2,2,0,52,0,0,16,0,0,0,0,11,0,0,0,0,0,0,0,0,0,0,0,0,0,0,0,,,,0,,,,,,,,,
2626,Internal,785,1833,41786,53,22.6,16.8,5,2,1,0,0,0,0,0,0,0,0,0,0,0,0,0,0,0,0,0,0,0,0,0,0,0,,,,0,,,,,,,,,
2627,Internal,1593,4944,110848,53,28.3,6.6,9,23,39,0,5,53,0,0,0,0,0,0,0,0,0,0,0,0,0,0,0,0,0,0,0,0,,,,0,,,,,,,,,
2628,Internal,417,1165,66042,51,23.4,10.2,12,13,11,0,9,21,0,0,0,0,0,0,0,0,0,0,0,0,0,0,0,0,0,0,0,0,,,,0,,,,,,,,,
2629,Internal,143,343,66042,51,23.4,10.2,23,7,20,0,7,28,0,0,0,0,0,0,0,0,0,0,0,0,0,0,0,0,0,0,0,0,,,,0,,,,,,,,,
2630,Internal,1227,3409,66042,51,23.4,10.2,64,151,50,0,3,18,0,0,0,0,0,0,0,0,0,0,0,0,0,0,0,0,0,0,0,0,,,,0,,,,,,,,,
2631,Internal,109,258,80341,53,30.1,8.5,28,23,12,3,0,24,0,0,0,0,0,0,0,0,0,0,0,0,0,0,0,0,0,0,0,0,,,,0,,,,,,,,,
2632,Internal,158,390,66042,51,23.4,10.2,12,17,9,0,0,21,0,0,0,0,0,0,0,0,0,0,0,0,0,0,0,0,0,0,0,0,,,,0,,,,,,,,,
2633,Internal,275,667,66987,53,17.3,8.2,27,251,607,138,162,28,0,0,0,0,0,0,0,0,0,0,0,0,0,0,0,0,0,0,0,0,,,,0,,,,,,,,,
2634,Internal,706,1971,66987,53,17.3,8.2,6,103,31,2,0,37,0,0,0,0,0,0,0,0,0,0,0,0,885,0,0,0,0,0,0,0,,,,0,,,,,,,,,
2635,Internal,1511,3746,66987,53,17.3,8.2,1032,390,921,178,7,32,0,0,0,0,17,0,0,0,0,0,0,0,0,0,0,0,0,0,0,0,,,,0,,,,,,,,,
2636,Internal,611,1785,63857,44,28.6,8.1,23,18,13,0,0,23,0,0,0,0,0,0,0,0,0,0,0,0,0,0,0,0,0,0,0,0,,,,0,,,,,,,,,
2637,Internal,341,911,63857,44,28.6,8.1,10,271,5,3,3,47,0,0,0,0,0,0,0,0,0,0,0,0,2827,0,0,0,0,0,0,0,,,,0,,,,,,,,,
2638,Internal,496,1404,63857,44,28.6,8.1,10,0,0,0,0,48,0,0,0,0,0,0,0,0,0,0,0,0,0,0,0,0,0,0,0,0,,,,0,,,,,,,,,
2639,Internal,579,1356,63857,44,28.6,8.1,134,262,425,66,100,35,0,0,0,0,0,0,0,0,0,0,0,0,743,0,0,0,0,0,0,0,,,,0,,,,,,,,,
2640,Internal,668,2018,63857,44,28.6,8.1,519,11,148,13,55,68,0,0,0,0,0,0,0,0,0,0,0,0,0,0,0,0,0,0,0,0,,,,0,,,,,,,,,
2641,Internal,369,934,72132,48,21.8,13.4,2,10,3,0,3,14,0,0,0,0,6,0,0,0,0,0,0,0,0,0,0,0,0,0,0,0,,,,0,,,,,,,,,
2642,Internal,607,2272,59750,48,26.9,6.9,9,16,21,0,10,18,0,0,0,0,6,0,0,0,0,0,0,0,0,0,0,0,0,0,0,0,,,,0,,,,,,,,,
2643,Internal,287,723,59750,48,26.9,6.9,4,10,16,1,0,13,0,0,0,0,0,0,0,0,0,0,0,0,0,0,0,0,0,0,0,0,,,,0,,,,,,,,,
2644,Internal,405,1131,71071,48,31.5,3.1,2,0,11,5,0,18,0,0,0,0,11,0,0,0,0,0,0,0,0,0,0,0,0,0,0,0,,,,0,,,,,,,,,
2645,Internal,88,264,71071,48,31.5,3.1,0,0,10,0,0,18,0,0,0,0,0,0,0,0,0,0,0,0,0,0,0,0,0,0,0,0,,,,0,,,,,,,,,
2646,Internal,747,2240,72132,48,21.8,13.4,3,2,13,0,0,48,0,0,0,0,0,0,0,0,0,0,0,0,0,0,0,0,0,0,0,0,,,,0,,,,,,,,,
2647,Internal,1074,3398,71071,48,31.5,3.1,7,14,54,3,13,8,0,0,0,0,0,0,0,0,0,0,0,0,0,0,0,0,0,0,0,0,,,,0,,,,,,,,,
2648,Internal,724,1924,65278,48,23.5,2.5,6,37,75,6,5,24,0,0,0,0,0,0,0,0,0,0,0,0,0,0,0,0,0,0,0,0,,,,0,,,,,,,,,
2649,Internal,128,371,59750,48,26.9,6.9,0,0,13,0,0,18,0,0,0,0,0,0,0,0,0,0,0,0,0,0,0,0,0,0,0,0,,,,0,,,,,,,,,
2650,Internal,56,151,41786,53,22.6,16.8,0,1,0,0,0,16,0,0,0,0,0,0,0,0,0,0,0,0,0,0,0,0,0,0,0,0,,,,0,,,,,,,,,
2651,Internal,59,112,72132,48,21.8,13.4,3,134,11,7,50,18,0,0,0,0,0,0,0,0,0,0,0,0,971,0,8813,0,0,0,0,0,,,,0,,,,,,,,,
2652,Internal,624,1416,72132,48,21.8,13.4,0,5,13,0,1,18,0,0,0,0,17,0,0,0,0,0,0,0,1577,0,0,0,0,0,0,0,,,,0,,,,,,,,,
2653,Internal,328,848,100096,53,10.3,18.2,12,17,24,1,0,44,0,0,0,0,0,0,0,0,0,0,0,0,0,0,0,0,0,0,0,0,,,,0,,,,,,,,,
2654,Internal,922,2323,86314,53,21.8,8.9,65,102,196,67,14,30,0,0,0,0,0,0,0,0,0,0,0,0,0,0,0,0,0,0,0,0,,,,0,,,,,,,,,
2655,Internal,1112,2636,74387,53,29.5,10.2,5,19,226,9,0,42,0,0,0,0,0,0,0,0,0,0,0,0,0,0,0,0,0,0,0,0,,,,0,,,,,,,,,
2656,Internal,1165,2913,63776,53,12.2,19.5,6,26,56,51,17,17,0,0,0,0,0,0,0,0,0,0,0,0,0,0,0,0,0,0,0,0,,,,0,,,,,,,,,
2657,Internal,1475,3157,64223,53,21.5,9.2,1,18,14,1,2,32,0,0,0,0,0,0,0,0,0,0,0,0,0,0,0,0,0,0,0,0,,,,0,,,,,,,,,
2658,Internal,95,270,64223,53,21.5,9.2,0,19,14,0,0,20,0,0,0,0,6,0,0,0,0,0,0,0,0,0,0,0,0,0,0,0,,,,0,,,,,,,,,
2659,Internal,322,920,74387,53,29.5,10.2,1,20,23,5,5,59,0,0,0,0,0,0,0,0,0,0,0,0,0,0,0,0,0,0,0,0,,,,0,,,,,,,,,
2660,Internal,331,1000,86314,53,21.8,8.9,2,2,14,0,8,20,0,0,0,0,22,0,0,0,0,0,0,0,0,0,0,0,0,0,0,0,,,,0,,,,,,,,,
2661,Internal,16,32,86314,53,21.8,8.9,8,139,689,14,614,12,0,0,0,0,0,0,0,0,0,0,0,0,0,0,0,0,0,0,0,0,,,,0,,,,,,,,,
2662,Internal,187,390,31909,52,21.9,8.5,4,2,228,37,0,8,0,0,0,0,0,0,0,0,0,0,0,0,0,0,0,0,0,0,0,0,,,,0,,,,,,,,,
2663,Internal,790,2465,31909,52,21.9,8.5,512,108,555,11,23,35,0,0,0,0,0,0,0,0,0,0,0,0,107,0,0,0,0,0,0,0,,,,0,,,,,,,,,
2664,Internal,400,1040,31909,52,21.9,8.5,131,866,766,25,292,14,0,0,0,0,0,0,0,0,0,0,0,0,0,0,0,0,0,0,0,0,,,,0,,,,,,,,,
2665,Internal,124,273,55417,52,23.3,21.7,961,350,332,106,56,63,0,0,0,0,0,0,0,0,0,0,0,0,0,0,0,0,0,0,0,0,,,,0,,,,,,,,,
2666,Internal,1114,2919,68875,52,23.0,5.8,0,78,154,1,3,14,0,0,0,0,22,0,0,0,0,0,0,0,0,0,0,0,0,0,0,0,,,,0,,,,,,,,,
2667,Internal,515,1452,68875,52,23.0,5.8,2,35,121,12,172,16,0,0,0,0,22,0,0,0,0,0,0,0,1129,0,0,0,0,0,0,0,,,,0,,,,,,,,,
2668,Internal,265,565,55417,52,23.3,21.7,0,24,75,0,5,47,0,0,0,0,0,0,0,0,0,0,0,0,0,0,0,0,0,0,0,0,,,,0,,,,,,,,,
2669,Internal,267,671,63776,53,12.2,19.5,1,140,334,1,46,26,0,0,0,0,0,0,0,0,0,0,0,0,0,0,0,0,0,0,0,0,,,,0,,,,,,,,,
2670,Internal,589,1511,55417,52,23.3,21.7,1504,283,481,82,61,58,0,0,0,0,0,0,0,0,0,0,0,0,0,0,0,0,0,0,0,0,,,,0,,,,,,,,,
2671,Internal,649,1546,62614,51,35.7,5.9,5,107,12,0,9,42,0,0,0,0,0,0,0,0,0,0,0,0,641,0,0,0,0,0,0,0,,,,0,,,,,,,,,
2672,Internal,1148,2954,88355,51,20.0,17.5,7,96,108,16,47,25,0,0,0,0,0,0,0,0,0,0,0,0,0,0,0,0,0,0,0,0,,,,0,,,,,,,,,
2673,Internal,438,1172,88355,51,20.0,17.5,10,157,197,58,8,27,0,0,0,0,0,0,0,0,0,0,0,0,0,0,0,0,0,0,0,0,,,,0,,,,,,,,,
2674,Internal,554,1424,95500,51,14.2,17.6,2,93,401,87,23,26,0,0,0,0,0,0,0,0,0,0,0,0,0,0,0,1,0,0,0,0,,,,0,,,,,,,,,
2675,Internal,1488,3991,62614,51,35.7,5.9,43,0,21,8,3,9,0,0,0,0,0,0,0,0,0,0,0,0,0,0,0,0,0,0,0,0,,,,0,,,,,,,,,
2676,Internal,1506,3538,53724,51,34.1,5.0,18,268,612,131,1012,18,0,0,0,0,0,0,0,0,0,0,0,0,0,0,0,0,0,0,0,0,,,,0,,,,,,,,,
2677,Internal,501,1588,79093,51,27.9,6.8,28,21,41,3,31,14,0,0,0,0,0,0,0,0,0,0,0,0,0,0,0,0,0,0,0,0,,,,0,,,,,,,,,
2678,Internal,549,1759,79093,51,27.9,6.8,2,1,11,13,0,19,0,0,0,0,0,0,0,0,0,0,0,0,1,0,0,0,0,0,0,0,,,,0,,,,,,,,,
2679,Internal,252,798,62614,51,35.7,5.9,975,3,6,0,18,14,0,0,0,0,0,0,0,0,0,0,0,0,0,0,0,0,0,0,0,0,,,,0,,,,,,,,,
2680,Internal,264,696,49423,51,28.1,11.3,36,7,17,0,0,42,0,0,0,0,0,0,0,0,0,0,0,0,0,0,0,0,0,0,0,0,,,,0,,,,,,,,,
2681,Internal,118,355,49423,51,28.1,11.3,18,2,1,12,0,19,0,0,0,0,0,0,0,0,0,0,0,0,0,0,0,0,0,0,0,0,,,,0,,,,,,,,,
2682,Internal,219,678,62614,51,35.7,5.9,22,0,0,0,0,37,0,0,0,0,0,0,0,0,0,0,0,0,0,0,0,0,0,0,0,0,,,,0,,,,,,,,,
2683,Internal,166,455,49423,51,28.1,11.3,14,7,38,18,0,11,0,0,0,0,0,0,0,0,0,0,0,0,0,0,0,0,0,0,0,0,,,,0,,,,,,,,,
2684,Internal,153,387,49423,51,28.1,11.3,0,0,12,0,5,19,0,0,0,0,0,0,0,0,0,0,0,0,0,0,0,0,0,0,0,0,,,,0,,,,,,,,,
2685,Internal,87,243,79093,51,27.9,6.8,1,2,1,0,0,19,0,0,0,0,0,0,0,0,0,0,0,0,0,0,0,0,0,0,0,0,,,,0,,,,,,,,,
2686,Internal,1213,3064,46723,47,30.3,16.7,86,21,250,42,144,16,0,0,0,0,0,0,0,0,0,0,0,0,515,0,0,0,0,0,0,0,,,,0,,,,,,,,,
2687,Internal,343,971,46723,47,30.3,16.7,1,780,474,49,271,21,0,0,0,0,0,0,0,0,0,0,0,0,0,0,0,0,0,0,0,0,,,,0,,,,,,,,,
2688,Internal,932,2634,54344,47,24.2,5.1,18,22,16,5,15,17,0,0,0,0,0,0,0,0,0,0,0,0,0,0,0,0,0,0,0,0,,,,0,,,,,,,,,
2689,Internal,1275,3252,54344,47,24.2,5.1,50,78,22,0,0,26,0,0,0,0,0,0,0,0,0,0,0,0,0,0,0,0,0,0,0,0,,,,0,,,,,,,,,
2690,Internal,6,46,46723,47,30.3,16.7,0,125,1,0,0,46,0,0,0,0,0,0,0,0,0,0,0,0,826,0,0,0,0,0,0,0,,,,0,,,,,,,,,
2691,Internal,816,2191,50452,47,25.0,6.3,21,37,15,0,0,39,0,0,0,0,0,0,0,0,0,0,0,0,0,0,0,0,0,0,0,0,,,,0,,,,,,,,,
2692,Internal,607,1572,54344,47,24.2,5.1,2,5,2,0,2,39,0,0,0,0,0,0,0,0,0,0,0,0,0,0,0,0,0,0,0,0,,,,0,,,,,,,,,
2693,Internal,219,569,46723,47,30.3,16.7,29,2,13,2,13,84,0,0,0,0,0,0,0,0,0,0,0,0,0,0,0,0,0,0,0,0,,,,0,,,,,,,,,
2694,Internal,387,1013,111771,47,24.3,10.6,46,38,64,2,9,24,0,0,0,0,0,0,0,0,0,0,0,0,0,0,0,0,0,0,0,0,,,,0,,,,,,,,,
2695,Internal,477,1522,111771,47,24.3,10.6,16,27,13,0,0,24,0,0,0,0,0,0,0,0,0,0,0,0,0,0,0,0,0,0,0,0,,,,0,,,,,,,,,
2696,Internal,100,251,111771,47,24.3,10.6,12,20,10,0,12,24,0,0,0,0,0,0,0,0,0,0,0,0,0,0,0,0,0,0,0,0,,,,0,,,,,,,,,
2697,Internal,178,488,49286,47,16.4,12.5,9,11,17,0,0,24,0,0,0,0,0,0,0,0,0,0,0,0,0,0,0,0,0,0,0,0,,,,0,,,,,,,,,
2698,Internal,220,515,49286,47,16.4,12.5,86,17,30,0,2,24,0,0,0,0,0,0,0,0,0,0,0,0,0,0,0,0,0,0,0,0,,,,0,,,,,,,,,
2699,Internal,116,353,49286,47,16.4,12.5,2,18,2,10,5,24,0,0,0,0,0,0,0,0,0,0,0,0,0,0,0,0,0,0,0,0,,,,0,,,,,,,,,
2700,Internal,323,940,49286,47,16.4,12.5,4,48,2,60,2,24,0,0,0,0,0,0,0,0,0,0,0,0,0,0,0,0,0,0,0,0,,,,0,,,,,,,,,
2701,Internal,298,904,69744,50,27.0,13.4,0,125,129,12,15,35,0,0,0,0,0,0,0,0,0,0,0,0,757,0,0,0,0,0,0,0,,,,0,,,,,,,,,
2702,Internal,0,0,69744,50,27.0,13.4,0,10,1,0,222,22,0,0,0,0,0,0,0,0,0,0,0,0,0,0,0,0,0,0,0,0,,,,0,,,,,,,,,
2703,Internal,1514,3467,69744,50,27.0,13.4,0,245,754,56,1230,24,0,0,0,0,0,0,0,0,0,0,0,0,1598,0,0,0,0,0,0,0,,,,0,,,,,,,,,
2704,Internal,801,1586,69744,50,27.0,13.4,0,246,87,106,513,48,0,0,0,0,0,0,0,0,0,0,0,0,0,0,0,0,0,0,0,0,,,,0,,,,,,,,,
2705,Internal,350,881,69744,50,27.0,13.4,0,73,108,0,33,65,0,0,0,0,0,0,0,0,0,0,0,0,0,0,0,0,0,0,0,0,,,,0,,,,,,,,,
2706,Internal,428,1116,54893,47,26.3,10.8,14,13,3,1,0,43,0,0,0,0,0,0,0,0,0,0,0,0,0,0,0,0,0,0,0,0,,,,0,,,,,,,,,
2707,Internal,301,910,82386,47,32.8,9.7,0,0,91,0,138,18,0,0,0,0,0,0,0,0,0,0,0,0,583,0,0,0,0,0,0,0,,,,0,,,,,,,,,
2708,Internal,319,750,41875,50,27.2,6.4,0,3,172,10,774,13,0,0,0,0,0,0,0,0,0,0,0,0,0,0,0,0,0,0,0,0,,,,0,,,,,,,,,
2709,Internal,305,860,128365,48,24.6,17.5,3,240,206,37,360,21,0,0,0,0,0,0,0,0,0,0,0,0,0,0,0,0,0,0,0,0,,,,0,,,,,,,,,
2710,Internal,225,613,128365,48,24.6,17.5,12,20,3,0,1,29,0,0,0,0,0,0,0,0,0,0,0,0,0,0,0,0,0,0,0,0,,,,0,,,,,,,,,
2711,Internal,418,1282,128365,48,24.6,17.5,48,14,5,7,1,53,0,0,0,0,0,0,0,0,0,0,0,0,0,0,0,0,0,0,0,0,,,,0,,,,,,,,,
2712,Internal,226,653,128365,48,24.6,17.5,4,47,38,20,0,58,0,0,0,0,0,0,0,0,0,0,0,0,0,0,0,0,0,0,0,0,,,,0,,,,,,,,,
2713,Internal,90,233,128365,48,24.6,17.5,0,3,15,0,8,29,0,0,0,0,0,0,0,0,0,0,0,0,0,0,0,0,0,0,0,0,,,,0,,,,,,,,,
2714,Internal,254,632,54893,47,26.3,10.8,0,11,17,0,2,43,0,0,0,0,0,0,0,0,0,0,0,0,0,0,0,0,0,0,0,0,,,,0,,,,,,,,,
2715,Internal,156,417,128365,48,24.6,17.5,0,5,40,21,3,29,0,0,0,0,0,0,0,0,0,0,0,0,0,0,0,0,0,0,0,0,,,,0,,,,,,,,,
2716,Internal,660,1418,58289,44,29.7,8.5,0,0,72,0,0,41,0,0,0,0,0,0,0,0,0,0,0,0,934,0,0,0,0,0,0,0,,,,0,,,,,,,,,
2717,Internal,649,1626,58289,44,29.7,8.5,91,77,86,0,27,51,0,0,0,0,0,0,0,0,0,0,0,0,0,0,0,0,0,0,0,0,,,,0,,,,,,,,,
2718,Internal,482,1487,82386,47,32.8,9.7,0,0,21,0,0,43,0,0,0,0,0,0,0,0,0,0,0,0,0,0,0,0,0,0,0,0,,,,0,,,,,,,,,
2719,Internal,202,584,82386,47,32.8,9.7,0,0,4,0,0,71,0,0,0,0,0,0,0,0,0,0,0,0,0,0,0,0,0,0,0,0,,,,0,,,,,,,,,
2720,Internal,184,402,82386,47,32.8,9.7,0,4,42,3,5,43,0,0,0,0,0,0,0,0,0,0,0,0,0,0,0,0,0,0,0,0,,,,0,,,,,,,,,
2721,Internal,1,1,54893,47,26.3,10.8,0,0,225,0,0,43,0,0,0,0,0,0,0,0,0,0,0,0,2999,0,0,0,0,0,0,0,,,,0,,,,,,,,,
2722,Internal,349,885,54893,47,26.3,10.8,0,14,24,0,11,45,0,0,0,0,0,0,0,0,0,0,0,0,0,0,0,0,0,0,0,0,,,,0,,,,,,,,,
2723,Internal,33,90,41875,50,27.2,6.4,0,0,10,451,8,48,0,0,0,0,0,0,0,0,0,0,0,0,0,1756,3459,0,0,0,0,0,,,,0,,,,,,,,,
2724,Internal,92,298,54893,47,26.3,10.8,0,1,6,0,31,43,0,0,0,0,0,0,0,0,0,0,0,0,0,0,0,0,0,0,0,0,,,,0,,,,,,,,,
2725,Internal,308,893,58289,44,29.7,8.5,0,0,0,0,0,41,0,0,0,0,0,0,0,0,0,0,0,0,0,0,0,0,0,0,0,0,,,,0,,,,,,,,,
2726,Internal,327,885,44400,44,27.4,17.7,0,31,320,1,17,23,0,0,0,0,0,0,0,0,0,0,0,0,0,0,0,0,0,0,0,0,,,,0,,,,,,,,,
2727,Internal,362,1033,58289,44,29.7,8.5,0,0,13,0,0,41,0,0,0,0,0,0,0,0,0,0,0,0,0,0,0,0,0,0,0,0,,,,0,,,,,,,,,
2728,Internal,143,279,57724,45,24.6,14.4,344,8,79,0,13,33,0,0,0,0,0,0,0,0,0,0,0,0,0,0,0,0,0,0,0,0,,,,0,,,,,,,,,
2729,Internal,410,1142,57724,45,24.6,14.4,0,0,28,0,83,16,0,0,0,0,0,0,0,0,0,0,0,0,0,0,0,0,0,0,0,0,,,,0,,,,,,,,,
2730,Internal,14,28,57724,45,24.6,14.4,9,4,110,0,5,49,0,0,0,0,0,0,0,0,0,0,0,0,0,0,0,0,0,0,0,0,,,,0,,,,,,,,,
2731,Internal,2078,5214,57724,45,24.6,14.4,95,7,197,41,35,13,0,0,0,0,0,0,0,0,0,0,0,0,0,0,0,0,0,0,0,0,,,,0,,,,,,,,,
2732,Internal,531,1316,57724,45,24.6,14.4,76,215,719,144,162,42,0,0,0,0,0,0,0,0,0,0,0,0,3335,0,0,0,0,0,0,0,,,,0,,,,,,,,,
2733,Internal,441,882,44400,44,27.4,17.7,42,731,403,61,413,45,0,0,0,0,0,0,0,0,0,0,0,0,0,0,0,0,0,0,0,0,,,,0,,,,,,,,,
2734,Internal,831,1986,99076,51,26.2,12.9,10,445,143,70,25,31,0,0,0,0,0,0,0,0,0,0,0,0,4524,0,0,0,0,0,0,0,,,,0,,,,,,,,,
2735,Internal,1198,3169,99076,51,26.2,12.9,10,272,85,2,132,49,0,0,0,0,0,0,0,0,0,0,0,0,0,0,0,0,0,0,0,0,,,,0,,,,,,,,,
2736,Internal,596,1515,99076,51,26.2,12.9,24,56,81,0,7,39,0,0,0,0,0,0,0,0,0,0,0,0,0,0,0,0,0,0,0,0,,,,0,,,,,,,,,
2737,Internal,39,141,57724,45,24.6,14.4,2044,240,112,17,17,47,0,0,0,0,0,0,0,0,0,0,0,0,666,0,0,0,0,0,0,0,,,,0,,,,,,,,,
2738,Internal,509,1254,57724,45,24.6,14.4,116,188,405,19,211,35,0,0,0,0,0,0,0,0,0,0,0,0,0,0,0,0,0,0,0,0,,,,0,,,,,,,,,
2739,Internal,1385,3075,99076,51,26.2,12.9,6,233,526,25,140,45,0,0,0,0,0,0,0,0,0,0,0,0,1690,0,0,0,0,0,0,0,,,,0,,,,,,,,,
2740,Internal,625,1636,99076,51,26.2,12.9,0,63,331,17,926,14,0,0,0,0,0,0,0,0,0,0,0,0,289,0,64,0,0,0,0,0,,,,0,,,,,,,,,
2741,Internal,365,723,57724,45,24.6,14.4,0,135,374,142,325,26,0,0,0,0,0,0,0,0,0,0,0,0,5,0,0,1,0,0,0,0,,,,0,,,,,,,,,
2742,Internal,477,820,57724,45,24.6,14.4,13,3,232,46,475,17,0,0,0,0,0,0,0,0,0,0,0,0,17,0,0,0,0,0,0,0,,,,0,,,,,,,,,
2743,Internal,467,1206,57724,45,24.6,14.4,13,150,160,105,287,28,0,0,0,0,0,0,0,0,0,0,0,0,0,0,0,0,0,0,0,0,,,,0,,,,,,,,,
2744,Internal,295,901,57724,45,24.6,14.4,1,1,7,0,0,10,0,0,0,0,0,0,0,0,0,0,0,0,0,0,0,0,0,0,0,0,,,,0,,,,,,,,,
2745,Internal,532,1327,44400,44,27.4,17.7,0,7,190,1,1,18,0,0,0,0,0,0,0,0,0,0,0,0,0,0,0,0,0,0,0,0,,,,0,,,,,,,,,
2746,Internal,455,1234,57724,45,24.6,14.4,0,52,190,4,288,10,0,0,0,0,0,0,0,0,0,0,0,0,989,0,0,0,0,0,0,0,,,,0,,,,,,,,,
2747,Internal,516,1414,99006,45,29.4,11.0,9,22,18,0,1,31,0,0,0,0,0,0,0,0,0,0,0,0,0,0,0,0,0,0,0,0,,,,0,,,,,,,,,
2748,Internal,325,1004,128824,49,33.9,10.3,0,26,0,0,2,36,0,0,0,0,0,0,0,0,0,0,0,0,0,0,0,0,0,0,0,0,,,,0,,,,,,,,,
2749,Internal,189,596,128824,49,33.9,10.3,0,3,0,0,0,23,0,0,0,0,0,0,0,0,0,0,0,0,0,0,0,0,0,0,0,0,,,,0,,,,,,,,,
2750,Internal,409,1263,92222,49,27.9,5.9,0,0,20,0,0,28,0,0,0,0,0,0,0,0,0,0,0,0,0,0,0,0,0,0,0,0,,,,0,,,,,,,,,
2751,Internal,559,1928,92222,49,27.9,5.9,4,7,7,0,0,39,0,0,0,0,0,0,0,0,0,0,0,0,0,0,0,0,0,0,0,0,,,,0,,,,,,,,,
2752,Internal,1263,3562,92222,49,27.9,5.9,51,19,19,0,8,40,0,0,0,0,0,0,0,0,0,0,0,0,0,0,0,0,0,0,0,0,,,,0,,,,,,,,,
2753,Internal,100,228,92222,49,27.9,5.9,8,5,2,0,20,28,0,0,0,0,0,0,0,0,0,0,0,0,0,0,0,0,0,0,0,0,,,,0,,,,,,,,,
2754,Internal,333,694,90075,49,29.2,7.5,0,135,24,0,11,44,0,0,0,0,0,0,0,0,0,0,0,0,1823,0,0,0,0,0,0,0,,,,0,,,,,,,,,
2755,Internal,194,504,128824,49,33.9,10.3,16,7,13,0,5,28,0,0,0,0,0,0,0,0,0,0,0,0,0,0,0,0,0,0,0,0,,,,0,,,,,,,,,
2756,Internal,509,1836,128824,49,33.9,10.3,58,16,78,0,5,43,0,0,0,0,0,0,0,0,0,0,0,0,0,0,0,0,0,0,0,0,,,,0,,,,,,,,,
2757,Internal,0,0,128824,49,33.9,10.3,0,159,33,8,292,28,0,0,0,0,0,0,0,0,0,0,0,0,2424,0,0,0,0,0,0,0,,,,0,,,,,,,,,
2758,Internal,74,179,128824,49,33.9,10.3,0,0,0,0,0,28,0,0,0,0,0,0,0,0,0,0,0,0,0,0,0,0,0,0,0,0,,,,0,,,,,,,,,
2759,Internal,163,481,128824,49,33.9,10.3,32,55,21,0,2,28,0,0,0,0,0,0,0,0,0,0,0,0,0,0,0,0,0,0,0,0,,,,0,,,,,,,,,
2760,Internal,211,582,99006,45,29.4,11.0,0,3,53,0,0,31,0,0,0,0,0,0,0,0,0,0,0,0,745,0,0,0,0,0,0,0,,,,0,,,,,,,,,
2761,Internal,186,607,99006,45,29.4,11.0,0,0,0,0,2,31,0,0,0,0,0,0,0,0,0,0,0,0,0,0,0,0,0,0,0,0,,,,0,,,,,,,,,
2762,Internal,292,594,99006,45,29.4,11.0,81,44,146,25,109,17,0,0,0,0,0,0,0,0,0,0,0,0,0,0,0,0,0,0,0,0,,,,0,,,,,,,,,
2763,Internal,1177,3476,93859,47,25.0,11.5,24,13,60,0,0,33,0,0,0,0,0,0,0,0,0,0,0,0,0,0,0,0,0,0,0,0,,,,0,,,,,,,,,
2764,Internal,483,1438,93859,47,25.0,11.5,28,30,173,0,19,35,0,0,0,0,0,0,0,0,0,0,0,0,0,0,0,0,0,0,0,0,,,,0,,,,,,,,,
2765,Internal,63,191,93859,47,25.0,11.5,0,15,2,0,0,37,0,0,0,0,0,0,0,0,0,0,0,0,0,0,0,0,0,0,0,0,,,,0,,,,,,,,,
2766,Internal,730,1908,93859,47,25.0,11.5,61,71,4,0,9,34,0,0,0,0,0,0,0,0,0,0,0,0,29,0,0,0,0,0,0,0,,,,0,,,,,,,,,
2767,Internal,2418,7180,106661,47,36.8,6.7,25,21,173,0,18,59,0,0,0,0,0,0,0,0,0,0,0,0,0,0,0,0,0,0,0,0,,,,0,,,,,,,,,
2768,Internal,1362,3592,106661,47,36.8,6.7,10,106,48,17,337,29,0,0,0,0,0,0,0,0,0,0,0,0,0,0,0,0,0,0,0,0,,,,0,,,,,,,,,
2769,Internal,907,2786,106661,47,36.8,6.7,3,551,188,57,7,41,0,0,0,0,0,0,0,0,0,0,0,0,2984,0,0,0,0,0,0,0,,,,0,,,,,,,,,
2770,Internal,873,2920,106661,47,36.8,6.7,0,14,197,7,8,61,0,0,0,0,0,0,0,0,0,0,0,0,0,0,0,0,0,0,0,0,,,,0,,,,,,,,,
2771,Internal,971,2689,99006,45,29.4,11.0,0,0,60,8,277,38,0,0,0,0,0,0,0,0,0,0,0,0,0,0,0,0,0,0,0,0,,,,0,,,,,,,,,
2772,Internal,223,473,106661,47,36.8,6.7,5,68,87,109,118,35,0,0,0,0,0,0,0,0,0,0,0,0,887,0,0,0,0,0,0,0,,,,0,,,,,,,,,
2773,Internal,13,38,93859,47,25.0,11.5,0,10,6,0,7,37,0,0,0,0,0,0,0,0,0,0,0,0,0,0,0,0,0,0,0,0,,,,0,,,,,,,,,
2774,Internal,190,477,71339,45,22.5,13.7,6,6,12,0,4,31,0,0,0,0,0,0,0,0,0,0,0,0,0,0,0,0,0,0,0,0,,,,0,,,,,,,,,
2775,Internal,263,677,71339,45,22.5,13.7,13,150,287,34,1,34,0,0,0,0,0,0,0,0,0,0,0,0,0,0,0,0,0,0,0,0,,,,0,,,,,,,,,
2776,Internal,193,538,71339,45,22.5,13.7,80,4,204,0,10,49,0,0,0,0,0,0,0,0,0,0,0,0,3755,0,0,0,0,0,0,0,,,,0,,,,,,,,,
2777,Internal,105,288,71339,45,22.5,13.7,5,8,2,0,0,31,0,0,0,0,0,0,0,0,0,0,0,0,0,0,0,0,0,0,0,0,,,,0,,,,,,,,,
2778,Internal,98,269,71339,45,22.5,13.7,21,5,0,0,0,31,0,0,0,0,0,0,0,0,0,0,0,0,0,0,0,0,0,0,0,0,,,,0,,,,,,,,,
2779,Internal,1444,4347,82781,45,35.0,10.5,25,128,163,2,212,24,0,0,0,0,0,0,0,0,0,0,0,0,755,0,0,0,0,0,0,0,,,,0,,,,,,,,,
2780,Internal,301,826,82781,45,35.0,10.5,6,15,0,0,0,31,0,0,0,0,0,0,0,0,0,0,0,0,0,0,0,0,0,0,0,0,,,,0,,,,,,,,,
2781,Internal,743,1844,92222,49,27.9,5.9,6,11,45,27,238,15,0,0,0,0,0,0,0,0,0,0,0,0,0,0,0,0,0,0,0,0,,,,0,,,,,,,,,
2782,Internal,60,157,82781,45,35.0,10.5,32,0,0,0,4,31,0,0,0,0,0,0,0,0,0,0,0,0,0,0,0,0,0,0,0,0,,,,0,,,,,,,,,
2783,Internal,93,238,82781,45,35.0,10.5,37,10,66,0,5,31,0,0,0,0,0,0,0,0,0,0,0,0,0,0,0,0,0,0,0,0,,,,0,,,,,,,,,
2784,Internal,363,988,82781,45,35.0,10.5,2,0,14,3,0,30,0,0,0,0,0,0,0,0,0,0,0,0,0,0,0,0,0,0,0,0,,,,0,,,,,,,,,
2785,Internal,232,592,74766,46,13.5,20.5,27,6,8,1,0,58,0,0,0,0,0,0,0,0,0,0,0,0,0,0,0,0,0,0,0,0,,,,0,,,,,,,,,
2786,Internal,135,362,74766,46,13.5,20.5,4,6,0,0,0,58,0,0,0,0,0,0,0,0,0,0,0,0,0,0,0,0,0,0,0,0,,,,0,,,,,,,,,
2787,Internal,107,290,74766,46,13.5,20.5,0,21,15,0,3,58,0,0,0,0,0,0,0,0,0,0,0,0,0,0,0,0,0,0,0,0,,,,0,,,,,,,,,
2788,Internal,102,308,74766,46,13.5,20.5,1,59,12,0,0,40,0,0,0,0,0,0,0,0,0,0,0,0,0,0,0,0,0,0,0,0,,,,0,,,,,,,,,
2789,Internal,175,445,48839,46,27.6,5.4,48,37,2,0,6,58,0,0,0,0,0,0,0,0,0,0,0,0,0,0,0,0,0,0,0,0,,,,0,,,,,,,,,
2790,Internal,70,162,48839,46,27.6,5.4,4,14,0,0,0,30,0,0,0,0,0,0,0,0,0,0,0,0,0,0,0,0,0,0,0,0,,,,0,,,,,,,,,
2791,Internal,75,203,48839,46,27.6,5.4,99,19,2,3,0,58,0,0,0,0,0,0,0,0,0,0,0,0,0,0,0,0,0,0,0,0,,,,0,,,,,,,,,
2792,Internal,152,428,48839,46,27.6,5.4,2,8,5,0,0,58,0,0,0,0,0,0,0,0,0,0,0,0,0,0,0,0,0,0,0,0,,,,0,,,,,,,,,
2793,Internal,264,750,81953,46,30.5,14.7,6,170,26,0,0,16,0,0,0,0,0,0,0,0,0,0,0,0,0,0,0,0,0,0,0,0,,,,0,,,,,,,,,
2794,Internal,152,406,81953,46,30.5,14.7,62,45,64,3,48,80,0,0,0,0,0,0,0,0,0,0,0,0,0,0,0,0,0,0,0,0,,,,0,,,,,,,,,
2795,Internal,309,848,81953,46,30.5,14.7,2,25,7,3,32,12,0,0,0,0,0,0,0,0,0,0,0,0,0,0,0,0,0,0,0,0,,,,0,,,,,,,,,
2796,Internal,1138,3234,81953,46,30.5,14.7,4,96,11,0,3,25,0,0,0,0,0,0,0,0,0,0,0,0,664,0,0,0,0,0,0,0,,,,0,,,,,,,,,
2797,Internal,78,291,87059,46,26.1,18.2,0,0,7,0,3,58,0,0,0,0,0,0,0,0,0,0,0,0,0,0,0,0,0,0,0,0,,,,0,,,,,,,,,
2798,Internal,865,2411,87059,46,26.1,18.2,50,0,55,0,1,58,0,0,0,0,0,0,0,0,0,0,0,0,0,0,0,0,0,0,0,0,,,,0,,,,,,,,,
2799,Internal,207,552,87059,46,26.1,18.2,28,1,32,0,0,53,0,0,0,0,0,0,0,0,0,0,0,0,0,0,0,0,0,0,0,0,,,,0,,,,,,,,,
2800,Internal,302,785,87059,46,26.1,18.2,8,19,11,0,0,58,0,0,0,0,0,0,0,0,0,0,0,0,0,0,0,0,0,0,0,0,,,,0,,,,,,,,,
2801,Internal,14,46,87059,46,26.1,18.2,11,102,43,104,69,31,0,0,0,0,0,0,0,0,0,0,0,0,698,0,0,0,0,0,0,0,,,,0,,,,,,,,,
2802,Internal,85,216,87059,46,26.1,18.2,0,6,6,0,0,58,0,0,0,0,0,0,0,0,0,0,0,0,0,0,0,0,0,0,0,0,,,,0,,,,,,,,,
2803,Internal,166,486,69435,41,31.8,18.3,1,9,53,1,87,38,0,0,0,0,0,0,0,0,0,0,0,0,0,0,0,0,0,0,0,0,,,,0,,,,,,,,,
2804,Internal,526,1335,69435,41,31.8,18.3,0,3,21,0,0,41,0,0,0,0,0,0,0,0,0,0,0,0,0,0,0,0,0,0,0,0,,,,0,,,,,,,,,
2805,Internal,371,974,40964,41,34.0,10.0,30,9,41,0,2,24,0,0,0,0,0,0,0,0,0,0,0,0,0,0,0,0,0,0,0,0,,,,0,,,,,,,,,
2806,Internal,643,1572,40964,41,34.0,10.0,3,6,262,5,64,20,0,0,0,0,0,0,0,0,0,0,0,0,0,0,0,0,0,0,0,0,,,,0,,,,,,,,,
2807,Internal,228,596,69435,41,31.8,18.3,0,645,249,0,166,37,0,0,0,0,0,0,0,0,0,0,0,0,0,0,0,0,0,0,0,0,,,,0,,,,,,,,,
2808,Internal,101,270,74918,41,22.8,23.2,8,19,50,6,0,44,0,0,0,0,0,0,0,0,0,0,0,0,0,0,0,0,0,0,0,0,,,,0,,,,,,,,,
2809,Internal,8,26,74918,41,22.8,23.2,0,2,79,0,434,8,0,0,0,0,0,0,0,0,0,0,0,0,0,0,0,0,0,0,0,0,,,,0,,,,,,,,,
2810,Internal,1055,2918,74918,41,22.8,23.2,26,19,17,0,0,13,0,0,0,0,0,0,0,0,0,0,0,0,0,0,0,0,0,0,0,0,,,,0,,,,,,,,,
2811,Internal,3,7,74918,41,22.8,23.2,467,123,19,4,453,35,0,0,0,0,0,0,0,0,0,0,0,0,1579,0,530,0,0,0,0,0,,,,0,,,,,,,,,
2812,Internal,26,79,52888,41,35.3,4.0,23,0,2,0,0,41,0,0,0,0,0,0,0,0,0,0,0,0,0,0,0,0,0,0,0,0,,,,0,,,,,,,,,
2813,Internal,791,2145,52888,41,35.3,4.0,798,44,228,30,23,77,0,0,0,0,0,0,0,0,0,0,0,0,0,0,0,0,0,0,0,0,,,,0,,,,,,,,,
2814,Internal,100,242,52888,41,35.3,4.0,194,21,83,27,18,21,0,0,0,0,0,0,0,0,0,0,0,0,0,0,0,0,0,0,0,0,,,,0,,,,,,,,,
2815,Internal,154,419,25543,41,22.7,12.6,24,10,15,4,2,41,0,0,0,0,0,0,0,0,0,0,0,0,0,0,0,0,0,0,0,0,,,,0,,,,,,,,,
2816,Internal,159,435,25543,41,22.7,12.6,0,6,8,0,0,41,0,0,0,0,0,0,0,0,0,0,0,0,0,0,0,0,0,0,0,0,,,,0,,,,,,,,,
2817,Internal,93,273,25543,41,22.7,12.6,2,19,80,13,98,32,0,0,0,0,0,0,0,0,0,0,0,0,0,0,0,0,0,0,0,0,,,,0,,,,,,,,,
2818,Internal,186,544,25543,41,22.7,12.6,7,4,29,0,3,41,0,0,0,0,0,0,0,0,0,0,0,0,0,0,0,0,0,0,0,0,,,,0,,,,,,,,,
2819,Internal,49,114,25543,41,22.7,12.6,235,51,17,8,16,19,0,0,0,0,0,0,0,0,0,0,0,0,123,0,0,0,0,0,0,0,,,,0,,,,,,,,,
2820,Internal,380,1076,66111,48,19.4,10.5,8,40,33,0,2,38,0,0,0,0,0,0,0,0,0,0,0,0,0,0,0,0,0,0,0,0,,,,0,,,,,,,,,
2821,Internal,11,38,47521,42,12.6,13.5,300,3,10,0,0,81,0,0,0,0,0,0,0,0,0,0,0,0,0,0,0,0,0,0,0,0,,,,0,,,,,,,,,
2822,Internal,428,1109,85288,48,19.2,17.2,19,35,101,93,0,24,0,0,0,0,0,0,0,0,0,0,0,0,0,0,0,0,0,0,0,0,,,,0,,,,,,,,,
2823,Internal,425,1202,85288,48,19.2,17.2,37,45,12,0,2,42,0,0,0,0,0,0,0,0,0,0,0,0,0,0,0,0,0,0,0,0,,,,0,,,,,,,,,
2824,Internal,59,137,66111,48,19.4,10.5,2,6,3,0,2,38,0,0,0,0,0,0,0,0,0,0,0,0,0,0,0,0,0,0,0,0,,,,0,,,,,,,,,
2825,Internal,49,178,47521,42,12.6,13.5,9,88,14,0,0,72,0,0,0,0,0,0,0,0,0,0,0,0,0,0,0,0,0,0,0,0,,,,0,,,,,,,,,
2826,Internal,584,1649,47521,42,12.6,13.5,166,15,234,189,28,38,0,0,0,0,0,0,0,0,0,0,0,0,4,0,0,0,0,0,0,0,,,,0,,,,,,,,,
2827,Internal,69,185,66111,48,19.4,10.5,0,6,13,0,6,22,0,0,0,0,0,0,0,0,0,0,0,0,0,0,0,0,0,0,0,0,,,,0,,,,,,,,,
2828,Internal,135,294,66111,48,19.4,10.5,80,100,230,11,5,47,0,0,0,0,0,0,0,0,0,0,0,0,1633,0,0,0,0,0,0,0,,,,0,,,,,,,,,
2829,Internal,306,1003,50625,48,27.1,12.2,2,15,1,0,9,38,0,0,0,0,0,0,0,0,0,0,0,0,0,0,0,0,0,0,0,0,,,,0,,,,,,,,,
2830,Internal,214,550,58281,42,37.6,9.9,12,5,21,29,0,51,0,0,0,0,0,0,0,0,0,0,0,0,0,0,0,0,0,0,0,0,,,,0,,,,,,,,,
2831,Internal,173,596,58281,42,37.6,9.9,373,33,60,4,35,78,0,0,0,0,0,0,0,0,0,0,0,0,0,0,0,0,0,0,0,0,,,,0,,,,,,,,,
2832,Internal,108,316,58281,42,37.6,9.9,0,0,2,0,0,51,0,0,0,0,0,0,0,0,0,0,0,0,0,0,0,0,0,0,0,0,,,,0,,,,,,,,,
2833,Internal,75,203,50625,48,27.1,12.2,0,20,0,0,0,38,0,0,0,0,0,0,0,0,0,0,0,0,0,0,0,0,0,0,0,0,,,,0,,,,,,,,,
2834,Internal,713,1590,47521,42,12.6,13.5,346,223,122,5,35,32,0,0,0,0,0,0,0,0,0,0,0,0,2838,0,0,0,0,0,0,0,,,,0,,,,,,,,,
2835,Internal,491,1335,47521,42,12.6,13.5,150,295,19,221,70,35,0,0,0,0,0,0,0,0,0,0,0,0,575,0,0,0,0,0,0,0,,,,0,,,,,,,,,
2836,Internal,218,572,47521,42,12.6,13.5,29,14,91,0,3,19,0,0,0,0,0,0,0,0,0,0,0,0,0,0,0,0,0,0,0,0,,,,0,,,,,,,,,
2837,Internal,231,308,47521,42,12.6,13.5,3,6,92,46,173,27,0,0,0,0,0,0,0,0,0,0,0,0,0,0,0,0,0,0,0,0,,,,0,,,,,,,,,
2838,Internal,38,109,54234,42,34.2,12.5,10,44,127,23,22,56,0,0,0,0,0,0,0,0,0,0,0,0,0,0,0,0,0,0,0,0,,,,0,,,,,,,,,
2839,Internal,77,172,54234,42,34.2,12.5,35,28,23,0,2,47,0,0,0,0,0,0,0,0,0,0,0,0,0,0,0,0,0,0,0,0,,,,0,,,,,,,,,
2840,Internal,255,726,54234,42,34.2,12.5,63,22,65,29,18,27,0,0,0,0,0,0,0,0,0,0,0,0,0,0,0,0,0,0,0,0,,,,0,,,,,,,,,
2841,Internal,617,1726,54234,42,34.2,12.5,0,7,26,2,3,18,0,0,0,0,0,0,0,0,0,0,0,0,0,0,0,0,0,0,0,0,,,,0,,,,,,,,,
2842,Internal,208,567,54234,42,34.2,12.5,0,2,21,0,3,51,0,0,0,0,0,0,0,0,0,0,0,0,0,0,0,0,0,0,0,0,,,,0,,,,,,,,,
2843,Internal,62,177,54234,42,34.2,12.5,21,11,20,0,9,31,0,0,0,0,0,0,0,0,0,0,0,0,0,0,0,0,0,0,0,0,,,,0,,,,,,,,,
2844,Internal,354,1034,54234,42,34.2,12.5,2,126,30,11,2,51,0,0,0,0,0,0,0,0,0,0,0,0,694,0,0,0,0,0,0,0,,,,0,,,,,,,,,
2845,Internal,165,386,74918,41,22.8,23.2,3,120,7,3,23,41,0,0,0,0,0,0,0,0,0,0,0,0,850,0,0,0,0,0,0,0,,,,0,,,,,,,,,
2846,Internal,781,2076,60875,50,36.8,15.3,2,23,0,0,3,28,0,0,0,0,0,0,0,0,0,0,0,0,0,0,0,0,0,0,0,0,,,,0,,,,,,,,,
2847,Internal,450,1257,60875,50,36.8,15.3,65,28,111,17,27,26,0,0,0,0,0,0,0,0,0,0,0,0,0,0,0,0,0,0,0,0,,,,0,,,,,,,,,
2848,Internal,126,362,60875,50,36.8,15.3,3,5,2,0,0,28,0,0,0,0,0,0,0,0,0,0,0,0,0,0,0,0,0,0,0,0,,,,0,,,,,,,,,
2849,Internal,186,516,54321,50,28.1,14.0,0,11,0,0,0,28,0,0,0,0,0,0,0,0,0,0,0,0,0,0,0,0,0,0,0,0,,,,0,,,,,,,,,
2850,Internal,795,2195,54321,50,28.1,14.0,0,7,74,0,4,28,0,0,0,0,0,0,0,0,0,0,0,0,0,0,0,0,0,0,0,0,,,,0,,,,,,,,,
2851,Internal,137,278,54321,50,28.1,14.0,0,21,18,0,16,64,0,0,0,0,0,0,0,0,0,0,0,0,0,0,0,0,0,0,0,0,,,,0,,,,,,,,,
2852,Internal,311,878,54321,50,28.1,14.0,27,2,6,0,0,28,0,0,0,0,0,0,0,0,0,0,0,0,0,0,0,0,0,0,0,0,,,,0,,,,,,,,,
2853,Internal,359,918,54321,50,28.1,14.0,0,7,3,3,0,28,0,0,0,0,0,0,0,0,0,0,0,0,0,0,0,0,0,0,0,0,,,,0,,,,,,,,,
2854,Internal,134,324,54321,50,28.1,14.0,23,37,127,12,89,20,0,0,0,0,0,0,0,0,0,0,0,0,0,0,0,0,0,0,0,0,,,,0,,,,,,,,,
2855,Internal,813,1897,94281,50,23.4,8.1,8,66,51,0,73,43,0,0,0,0,0,0,0,0,0,0,0,0,829,0,0,0,0,0,0,0,,,,0,,,,,,,,,
2856,Internal,338,881,94281,50,23.4,8.1,2,51,2,0,0,28,0,0,0,0,0,0,0,0,0,0,0,0,0,0,0,0,0,0,0,0,,,,0,,,,,,,,,
2857,Internal,302,818,94281,50,23.4,8.1,12,23,15,0,4,28,0,0,0,0,0,0,0,0,0,0,0,0,0,0,0,0,0,0,0,0,,,,0,,,,,,,,,
2858,Internal,228,649,41092,37,28.2,10.7,6,5,1,0,0,25,0,0,0,0,0,0,0,0,0,0,0,0,0,0,0,0,0,0,0,0,,,,0,,,,,,,,,
2859,Internal,321,899,41092,37,28.2,10.7,0,13,4,0,0,25,0,0,0,0,0,0,0,0,0,0,0,0,0,0,0,0,0,0,0,0,,,,0,,,,,,,,,
2860,Internal,424,1162,41092,37,28.2,10.7,32,3,8,1,4,25,0,0,0,0,0,0,0,0,0,0,0,0,0,0,0,0,0,0,0,0,,,,0,,,,,,,,,
2861,Internal,245,743,41092,37,28.2,10.7,0,13,14,0,8,23,0,0,0,0,0,0,0,0,0,0,0,0,0,0,0,0,0,0,0,0,,,,0,,,,,,,,,
2862,Internal,118,287,41092,37,28.2,10.7,0,0,0,0,107,25,0,0,0,0,0,0,0,0,0,0,0,0,0,0,0,0,0,0,0,0,,,,0,,,,,,,,,
2863,Internal,291,800,46649,39,25.7,9.8,0,106,5,1,0,23,0,0,0,0,0,0,0,0,0,0,0,0,0,0,0,0,0,0,0,0,,,,0,,,,,,,,,
2864,Internal,359,906,46649,39,25.7,9.8,3,30,13,6,43,9,0,0,0,0,0,0,0,0,0,0,0,0,0,0,0,0,0,0,0,0,,,,0,,,,,,,,,
2865,Internal,44,127,37778,43,8.2,11.2,4,0,1,0,0,32,0,0,0,0,0,0,0,0,0,0,0,0,0,0,0,0,0,0,0,0,,,,0,,,,,,,,,
2866,Internal,349,772,46649,39,25.7,9.8,20,123,51,48,366,25,0,0,0,0,0,0,0,0,0,0,0,0,895,0,0,0,0,0,0,0,,,,0,,,,,,,,,
2867,Internal,347,944,36705,39,22.4,21.6,8,29,11,44,3,26,0,0,0,0,0,0,0,0,0,0,0,0,469,0,0,0,0,0,0,0,,,,0,,,,,,,,,
2868,Internal,283,747,36705,39,22.4,21.6,4,5,7,0,0,23,0,0,0,0,0,0,0,0,0,0,0,0,0,0,0,0,0,0,0,0,,,,0,,,,,,,,,
2869,Internal,221,566,36705,39,22.4,21.6,0,1,12,0,1,23,0,0,0,0,0,0,0,0,0,0,0,0,0,0,0,0,0,0,0,0,,,,0,,,,,,,,,
2870,Internal,247,623,37917,37,30.8,11.9,38,119,10,14,8,25,0,0,0,0,0,0,0,0,0,0,0,0,819,0,0,0,0,0,0,0,,,,0,,,,,,,,,
2871,Internal,67,142,37917,37,30.8,11.9,2,15,0,0,0,25,0,0,0,0,0,0,0,0,0,0,0,0,0,0,0,0,0,0,0,0,,,,0,,,,,,,,,
2872,Internal,144,384,57784,37,15.3,15.1,10,18,2,0,0,25,0,0,0,0,0,0,0,0,0,0,0,0,0,0,0,0,0,0,0,0,,,,0,,,,,,,,,
2873,Internal,273,692,37917,37,30.8,11.9,45,5,39,2,3,25,0,0,0,0,0,0,0,0,0,0,0,0,0,0,0,0,0,0,0,0,,,,0,,,,,,,,,
2874,Internal,114,279,37917,37,30.8,11.9,0,0,0,2,1,25,0,0,0,0,0,0,0,0,0,0,0,0,0,0,0,0,0,0,0,0,,,,0,,,,,,,,,
2875,Internal,140,382,37917,37,30.8,11.9,0,41,48,29,33,13,0,0,0,0,0,0,0,0,0,0,0,0,0,0,0,0,0,0,0,0,,,,0,,,,,,,,,
2876,Internal,363,1026,57784,37,15.3,15.1,13,63,31,0,0,35,0,0,0,0,0,0,0,0,0,0,0,0,0,0,0,0,0,0,0,0,,,,0,,,,,,,,,
2877,Internal,62,149,57784,37,15.3,15.1,0,0,1,0,0,25,0,0,0,0,0,0,0,0,0,0,0,0,0,0,0,0,0,0,0,0,,,,0,,,,,,,,,
2878,Internal,665,1647,49537,43,22.4,18.4,34,24,262,64,151,34,0,0,0,0,0,0,0,0,0,0,0,0,0,0,0,0,0,0,0,0,,,,0,,,,,,,,,
2879,Internal,532,1373,49200,39,25.9,13.8,32,7,22,0,1,28,0,0,0,0,0,0,0,0,0,0,0,0,0,0,0,0,0,0,0,0,,,,0,,,,,,,,,
2880,Internal,1732,4794,49200,39,25.9,13.8,84,0,547,0,31,30,0,0,0,0,0,0,0,0,0,0,0,0,0,0,0,0,0,0,0,0,,,,0,,,,,,,,,
2881,Internal,190,414,37778,43,8.2,11.2,0,0,1,17,0,32,0,0,0,0,0,0,0,0,0,0,0,0,0,0,0,0,0,0,0,0,,,,0,,,,,,,,,
2882,Internal,330,728,37778,43,8.2,11.2,0,5,51,0,27,0,0,0,0,0,0,0,0,0,0,0,0,0,0,0,0,0,0,0,0,0,,,,0,,,,,,,,,
2883,Internal,147,352,49200,39,25.9,13.8,24,4,10,0,0,30,0,0,0,0,0,0,0,0,0,0,0,0,0,0,0,0,0,0,0,0,,,,0,,,,,,,,,
2884,Internal,144,341,49200,39,25.9,13.8,2,5,0,1,0,30,0,0,0,0,0,0,0,0,0,0,0,0,0,0,0,0,0,0,0,0,,,,0,,,,,,,,,
2885,Internal,399,909,37778,43,8.2,11.2,0,41,34,41,6,24,0,0,0,0,0,0,0,0,0,0,0,0,340,0,0,0,0,0,0,0,,,,0,,,,,,,,,
2886,Internal,348,661,37778,43,8.2,11.2,2,41,34,1202,125,18,0,0,0,0,0,0,0,0,0,0,0,0,0,4570,0,0,0,0,0,0,,,,0,,,,,,,,,
2887,Internal,1339,3645,35625,37,23.5,26.6,22,398,484,157,237,11,0,0,0,0,0,0,0,0,0,0,0,0,0,0,0,0,0,0,0,0,,,,0,,,,,,,,,
2888,Internal,717,1992,67656,37,26.0,9.8,12,4,27,19,18,25,0,0,0,0,0,0,0,0,0,0,0,0,0,0,0,0,0,0,0,0,,,,0,,,,,,,,,
2889,Internal,226,582,47109,38,26.7,13.3,13,42,44,4,4,36,0,0,0,0,0,0,0,0,0,0,0,0,0,0,0,0,0,0,0,0,,,,0,,,,,,,,,
2890,Internal,393,965,35625,37,23.5,26.6,18,49,142,46,244,23,0,0,0,0,0,0,0,0,0,0,0,0,0,0,0,0,0,0,0,0,,,,0,,,,,,,,,
2891,Internal,124,358,47109,38,26.7,13.3,0,245,1,0,0,45,0,0,0,0,0,0,0,0,0,0,0,0,3278,0,0,0,0,0,0,0,,,,0,,,,,,,,,
2892,Internal,69,213,67656,37,26.0,9.8,106,7,113,24,82,31,0,0,0,0,0,0,0,0,0,0,0,0,0,0,0,0,0,0,0,0,,,,0,,,,,,,,,
2893,Internal,543,1468,47109,38,26.7,13.3,7,12,96,123,104,6,0,0,0,0,0,0,0,0,0,0,0,0,0,0,0,0,0,0,0,0,,,,0,,,,,,,,,
2894,Internal,699,1807,47093,46,26.3,11.5,71,388,233,32,62,42,0,0,0,0,0,0,0,0,0,0,0,0,0,0,0,0,0,0,0,0,,,,0,,,,,,,,,
2895,Internal,554,1533,47093,46,26.3,11.5,2,1,59,0,2,21,0,0,0,0,0,0,0,0,0,0,0,0,0,0,0,0,0,0,0,0,,,,0,,,,,,,,,
2896,Internal,252,668,47109,38,26.7,13.3,65,14,9,0,4,40,0,0,0,0,0,0,0,0,0,0,0,0,0,0,0,0,0,0,0,0,,,,0,,,,,,,,,
2897,Internal,503,1123,45682,36,26.9,13.3,8,15,4,0,5,20,0,0,0,0,0,0,0,0,0,0,0,0,0,0,0,0,0,0,0,0,,,,0,,,,,,,,,
2898,Internal,94,273,45682,36,26.9,13.3,64,5,9,2,35,28,0,0,0,0,0,0,0,0,0,0,0,0,0,0,0,0,0,0,0,0,,,,0,,,,,,,,,
2899,Internal,347,941,45682,36,26.9,13.3,10,61,57,32,51,28,0,0,0,0,0,0,0,0,0,0,0,0,528,0,0,0,0,0,0,0,,,,0,,,,,,,,,
2900,Internal,465,1217,47093,46,26.3,11.5,52,154,170,22,77,16,0,0,0,0,0,0,0,0,0,0,0,0,0,0,0,0,0,0,0,0,,,,0,,,,,,,,,
2901,Internal,136,323,45682,36,26.9,13.3,65,0,26,0,2,9,0,0,0,0,0,0,0,0,0,0,0,0,0,0,0,0,0,0,0,0,,,,0,,,,,,,,,
2902,Internal,146,440,45682,36,26.9,13.3,1,2,3,0,4,23,0,0,0,0,0,0,0,0,0,0,0,0,0,0,0,0,0,0,0,0,,,,0,,,,,,,,,
2903,Internal,137,396,66776,47,20.0,14.3,4,18,8,0,0,26,0,0,0,0,0,0,0,0,0,0,0,0,0,0,0,0,0,0,0,0,,,,0,,,,,,,,,
2904,Internal,682,1658,66776,47,20.0,14.3,47,89,14,0,24,31,0,0,0,0,0,0,0,0,0,0,0,0,0,0,0,0,0,0,0,0,,,,0,,,,,,,,,
2905,Internal,219,619,66776,47,20.0,14.3,1,13,4,2,0,26,0,0,0,0,0,0,0,0,0,0,0,0,0,0,0,0,0,0,0,0,,,,0,,,,,,,,,
2906,Internal,431,1211,74172,48,20.7,13.3,84,16,60,0,24,42,0,0,0,0,0,0,0,0,0,0,0,0,0,0,0,0,0,0,0,0,,,,0,,,,,,,,,
2907,Internal,278,720,74172,48,20.7,13.3,49,24,95,33,0,34,0,0,0,0,0,0,0,0,0,0,0,0,243,0,0,0,0,0,0,0,,,,0,,,,,,,,,
2908,Internal,1565,4275,74172,48,20.7,13.3,24,46,186,8,10,38,0,0,0,0,0,0,0,0,0,0,0,0,1130,0,0,0,0,0,0,0,,,,0,,,,,,,,,
2909,Internal,661,1772,74172,48,20.7,13.3,5,16,22,0,0,33,0,0,0,0,0,0,0,0,0,0,0,0,0,0,0,0,0,0,0,0,,,,0,,,,,,,,,
2910,Internal,186,497,66354,47,34.5,17.1,125,13,12,0,10,26,0,0,0,0,0,0,0,0,0,0,0,0,0,0,0,0,0,0,0,0,,,,0,,,,,,,,,
2911,Internal,158,406,66354,47,34.5,17.1,27,9,5,0,0,26,0,0,0,0,0,0,0,0,0,0,0,0,0,0,0,0,0,0,0,0,,,,0,,,,,,,,,
2912,Internal,413,1050,66406,48,30.6,8.0,2,20,22,5,3,33,0,0,0,0,0,0,0,0,0,0,0,0,0,0,0,0,0,0,0,0,,,,0,,,,,,,,,
2913,Internal,400,1114,66406,48,30.6,8.0,0,24,4,0,2,10,0,0,0,0,0,0,0,0,0,0,0,0,0,0,0,0,0,0,0,0,,,,0,,,,,,,,,
2914,Internal,834,2295,66406,48,30.6,8.0,5,90,42,8,0,9,0,0,0,0,0,0,0,0,0,0,0,0,0,0,0,0,0,0,0,0,,,,0,,,,,,,,,
2915,Internal,40,100,57784,37,15.3,15.1,112,1,0,0,0,25,0,0,0,0,0,0,0,0,0,0,0,0,0,0,0,0,0,0,0,0,,,,0,,,,,,,,,
2916,Internal,228,583,49013,42,14.1,27.9,202,45,12,0,0,26,0,0,0,0,0,0,0,0,0,0,0,0,201,0,0,0,0,0,0,0,,,,0,,,,,,,,,
2917,Internal,210,507,49013,42,14.1,27.9,4,3,11,0,3,23,0,0,0,0,0,0,0,0,0,0,0,0,0,0,0,0,0,0,0,0,,,,0,,,,,,,,,
2918,Internal,400,1077,49031,42,27.2,13.3,2,11,18,0,0,23,0,0,0,0,0,0,0,0,0,0,0,0,0,0,0,0,0,0,0,0,,,,0,,,,,,,,,
2919,Internal,211,483,49031,42,27.2,13.3,9,106,14,0,0,30,0,0,0,0,0,0,0,0,0,0,0,0,0,0,0,0,0,0,0,0,,,,0,,,,,,,,,
2920,Internal,392,1003,55694,42,25.8,18.4,28,15,6,0,5,15,0,0,0,0,0,0,0,0,0,0,0,0,0,0,0,0,0,0,0,0,,,,0,,,,,,,,,
2921,Internal,242,560,43080,46,9.4,17.6,89,1,7,0,11,38,0,0,0,0,0,0,0,0,0,0,0,0,0,0,0,0,0,0,0,0,,,,0,,,,,,,,,
2922,Internal,163,401,43080,46,9.4,17.6,251,3,6,0,0,66,0,0,0,0,0,0,0,0,0,0,0,0,0,0,0,0,0,0,0,0,,,,0,,,,,,,,,
2923,Internal,552,1234,81736,46,20.4,21.6,8,19,133,9,2,27,0,0,0,0,0,0,0,0,0,0,0,0,444,0,0,0,0,0,0,0,,,,0,,,,,,,,,
2924,Internal,214,444,26929,37,11.9,13.6,72,74,379,198,406,22,0,0,0,0,0,0,0,0,0,0,0,0,0,0,0,0,0,0,0,0,,,,0,,,,,,,,,
2925,Internal,400,876,26929,37,11.9,13.6,4,17,98,9,225,27,0,0,0,0,0,0,0,0,0,0,0,0,0,0,0,0,0,0,0,0,,,,0,,,,,,,,,
2926,Internal,625,1488,26471,37,44.5,7.5,24,28,62,0,30,60,0,0,0,0,0,0,0,0,0,0,0,0,210,0,0,0,0,0,0,0,,,,0,,,,,,,,,
2927,Internal,246,540,17647,37,12.5,42.8,0,14,6,0,0,30,0,0,0,0,0,0,0,0,0,0,0,0,0,0,0,0,0,0,0,0,,,,0,,,,,,,,,
2928,Internal,435,903,28611,37,5.9,20.4,16,97,241,7,129,30,0,0,0,0,0,0,0,0,0,0,0,0,1150,0,0,0,0,0,0,0,,,,0,,,,,,,,,
2929,Internal,259,641,27500,37,12.1,22.6,3,6,509,14,0,42,0,0,0,0,0,0,0,0,0,0,0,0,635,0,0,0,0,0,0,0,,,,0,,,,,,,,,
2930,Internal,201,482,27500,37,12.1,22.6,117,0,0,7,0,29,0,0,0,0,0,0,0,0,0,0,0,0,0,0,0,0,0,0,0,0,,,,0,,,,,,,,,
2931,Internal,297,776,27500,37,12.1,22.6,339,501,613,305,196,84,0,0,0,0,0,0,0,0,0,0,0,0,0,0,0,0,0,0,0,0,,,,0,,,,,,,,,
2932,Internal,396,821,32231,40,29.2,12.5,11,44,17,0,17,25,0,0,0,0,0,0,0,0,0,0,0,0,704,0,0,0,0,0,0,0,,,,0,,,,,,,,,
2933,Internal,131,295,33705,40,28.2,23.3,3,26,353,82,29,28,0,0,0,0,0,0,0,0,0,0,0,0,0,0,0,0,0,0,0,0,,,,0,,,,,,,,,
2934,Internal,149,383,33705,40,28.2,23.3,0,5,25,5,3,61,0,0,0,0,0,0,0,0,0,0,0,0,0,0,0,0,0,0,0,0,,,,0,,,,,,,,,
2935,Internal,319,719,45163,40,19.1,26.1,42,30,171,80,0,32,0,0,0,0,0,0,0,0,0,0,0,0,48,0,0,0,0,0,0,0,,,,0,,,,,,,,,
2936,Internal,281,624,45163,40,19.1,26.1,50,38,77,12,80,18,0,0,0,0,0,0,0,0,0,0,0,0,44,0,0,0,0,0,0,0,,,,0,,,,,,,,,
2937,Internal,184,379,54583,47,9.8,13.8,25,0,2,0,13,47,0,0,0,0,0,0,0,0,0,0,0,0,0,0,0,0,0,0,0,0,,,,0,,,,,,,,,
2938,Internal,45,129,54583,47,9.8,13.8,0,8,2,0,0,47,0,0,0,0,0,0,0,0,0,0,0,0,0,0,0,0,0,0,0,0,,,,0,,,,,,,,,
2939,Internal,165,375,54583,47,9.8,13.8,14,29,2,0,0,47,0,0,0,0,0,0,0,0,0,0,0,0,0,0,0,0,0,0,0,0,,,,0,,,,,,,,,
2940,Internal,341,824,54583,47,9.8,13.8,57,2,7,0,0,47,0,0,0,0,0,0,0,0,0,0,0,0,0,0,0,0,0,0,0,0,,,,0,,,,,,,,,
2941,Internal,655,1575,55703,47,10.8,22.5,27,66,79,25,17,32,0,0,0,0,0,0,0,0,0,0,0,0,0,0,0,0,0,0,0,0,,,,0,,,,,,,,,
2942,Internal,454,1121,59302,47,30.7,12.1,0,27,4,0,3,47,0,0,0,0,0,0,0,0,0,0,0,0,0,0,0,0,0,0,0,0,,,,0,,,,,,,,,
2943,Internal,484,1274,59302,47,30.7,12.1,232,90,41,7,30,55,0,0,0,0,0,0,0,0,0,0,0,0,579,0,0,0,0,0,0,0,,,,0,,,,,,,,,
2944,Internal,768,1911,51701,47,27.3,20.2,28,14,29,5,27,27,0,0,0,0,0,0,0,0,0,0,0,0,0,0,0,0,0,0,0,0,,,,0,,,,,,,,,
2945,Internal,286,673,51701,47,27.3,20.2,76,62,83,1,121,35,0,0,0,0,0,0,0,0,0,0,0,0,0,0,0,0,0,0,0,0,,,,0,,,,,,,,,
2946,Internal,414,936,36377,43,28.7,12.7,0,90,18,0,3,8,0,0,0,0,0,0,0,0,0,0,0,0,457,0,0,0,0,0,0,0,,,,0,,,,,,,,,
2947,Internal,251,600,36377,43,28.7,12.7,20,3,10,0,1,63,0,0,0,0,0,0,0,0,0,0,0,0,0,0,0,0,0,0,0,0,,,,0,,,,,,,,,
2948,Internal,266,568,36377,43,28.7,12.7,353,3,62,3,112,33,0,0,0,0,0,0,0,0,0,0,0,0,0,0,0,0,0,0,0,0,,,,0,,,,,,,,,
2949,Internal,116,271,33705,40,28.2,23.3,3,6,11,47,5,17,0,0,0,0,0,0,0,0,0,0,0,0,0,0,0,0,0,0,0,0,,,,0,,,,,,,,,
2950,Internal,22,88,36377,43,28.7,12.7,0,60,62,0,635,18,0,0,0,0,0,0,0,0,0,0,0,0,294,0,0,0,0,0,0,0,,,,0,,,,,,,,,
2951,Internal,978,2522,64387,48,18.7,12.9,11,18,75,5,31,25,0,0,0,0,0,0,0,0,0,0,0,0,0,0,0,0,0,0,0,0,,,,0,,,,,,,,,
2952,Internal,326,768,67500,43,23.0,18.0,5,17,189,13,125,21,0,0,0,0,0,0,0,0,0,0,0,0,0,0,0,0,0,0,0,0,,,,0,,,,,,,,,
2953,Internal,335,804,64387,48,18.7,12.9,1,417,19,14,21,6,0,0,0,0,0,0,0,0,0,0,0,0,0,0,0,0,0,0,0,0,,,,0,,,,,,,,,
2954,Internal,86,263,67500,43,23.0,18.0,0,2,0,0,11,22,0,0,0,0,0,0,0,0,0,0,0,0,0,0,0,0,0,0,0,0,,,,0,,,,,,,,,
2955,Internal,302,719,49922,48,19.2,21.1,21,13,6,7,16,19,0,0,0,0,0,0,0,0,0,0,0,0,0,0,0,0,0,0,0,0,,,,0,,,,,,,,,
2956,Internal,296,725,49922,48,19.2,21.1,18,31,5,6,0,28,0,0,0,0,0,0,0,0,0,0,0,0,233,0,0,0,0,0,0,0,,,,0,,,,,,,,,
2957,Internal,606,1482,45508,43,28.5,19.6,8,39,51,9,16,17,0,0,0,0,0,0,0,0,0,0,0,0,0,0,0,0,0,0,0,0,,,,0,,,,,,,,,
2958,Internal,337,817,81705,43,7.2,34.4,47,15,9,0,20,12,0,0,0,0,0,0,0,0,0,0,0,0,0,0,0,0,0,0,0,0,,,,0,,,,,,,,,
2959,Internal,308,760,57012,43,22.4,11.0,21,72,45,7,160,43,0,0,0,0,0,0,0,0,0,0,0,0,479,0,0,0,0,0,0,0,,,,0,,,,,,,,,
2960,Internal,703,1709,41399,45,29.5,11.2,21,343,160,66,559,6,0,0,0,0,0,0,0,0,0,0,0,0,1673,0,0,0,0,0,0,0,,,,0,,,,,,,,,
2961,Internal,355,863,53906,54,28.8,10.3,4,0,46,0,2,17,0,0,0,0,0,0,0,0,0,0,0,0,0,0,0,0,0,0,0,0,,,,0,,,,,,,,,
2962,Internal,31,75,58266,44,25.5,11.5,51,16,32,0,29,41,0,0,0,0,0,0,0,0,0,0,0,0,0,0,0,0,0,0,0,0,,,,0,,,,,,,,,
2963,Internal,96,234,41399,45,29.5,11.2,14,49,4,10,338,16,0,0,0,0,0,0,0,0,0,0,0,0,0,0,0,0,0,0,0,0,,,,0,,,,,,,,,
2964,Internal,442,1142,41008,46,18.6,24.0,117,49,84,5,106,27,0,0,0,0,0,0,0,0,0,0,0,0,0,0,0,0,0,0,0,0,,,,0,,,,,,,,,
2965,Internal,300,732,61042,49,27.5,8.9,14,41,13,0,17,37,0,0,0,0,0,0,0,0,0,0,0,0,0,0,0,0,0,0,0,0,,,,0,,,,,,,,,
2966,Internal,159,383,61042,49,27.5,8.9,3,9,2,1,4,13,0,0,0,0,0,0,0,0,0,0,0,0,0,0,0,0,0,0,0,0,,,,0,,,,,,,,,
2967,Internal,206,495,54375,46,18.0,19.1,8,28,22,0,8,48,0,0,0,0,0,0,0,0,0,0,0,0,403,0,0,0,0,0,0,0,,,,0,,,,,,,,,
2968,Internal,258,566,41008,46,18.6,24.0,8,4,5,1,7,55,0,0,0,0,0,0,0,0,0,0,0,0,0,0,0,0,0,0,0,0,,,,0,,,,,,,,,
2969,Internal,284,691,48281,46,27.0,12.4,28,2,2,0,34,71,0,0,0,0,0,0,0,0,0,0,0,0,0,0,0,0,0,0,0,0,,,,0,,,,,,,,,
2970,Internal,273,661,54375,46,18.0,19.1,181,10,10,1,130,23,0,0,0,0,0,0,0,0,0,0,0,0,0,0,0,0,0,0,0,0,,,,0,,,,,,,,,
2971,Internal,419,1020,48281,46,27.0,12.4,35,3,32,21,10,73,0,0,0,0,0,0,0,0,0,0,0,0,0,0,0,0,0,0,0,0,,,,0,,,,,,,,,
2972,Internal,99,223,45357,54,21.0,11.3,189,166,166,59,87,7,0,0,0,0,0,0,0,0,0,0,0,0,0,0,0,0,0,0,0,0,,,,0,,,,,,,,,
2973,Internal,287,695,78125,54,8.5,24.8,12,0,17,2,9,49,0,0,0,0,0,0,0,0,0,0,0,0,0,0,0,0,0,0,0,0,,,,0,,,,,,,,,
2974,Internal,70,163,48281,46,27.0,12.4,1,2,0,1,1,55,0,0,0,0,0,0,0,0,0,0,0,0,0,0,0,0,0,0,0,0,,,,0,,,,,,,,,
2975,Internal,254,617,78125,54,8.5,24.8,37,11,7,0,58,41,0,0,0,0,0,0,0,0,0,0,0,0,0,0,0,0,0,0,0,0,,,,0,,,,,,,,,
2976,Internal,313,760,41399,45,29.5,11.2,15,22,97,5,470,12,0,0,0,0,0,0,0,0,0,0,0,0,0,0,0,0,0,0,0,0,,,,0,,,,,,,,,
2977,Internal,49,147,50825,45,21.9,15.4,1,16,18,7,10,28,0,0,0,0,0,0,0,0,0,0,0,0,0,0,0,0,0,0,0,0,,,,0,,,,,,,,,
2978,Internal,16,39,45357,54,21.0,11.3,762,0,4,0,23,64,0,0,0,0,0,0,0,0,0,0,0,0,0,0,0,0,0,0,0,0,,,,0,,,,,,,,,
2979,Internal,430,1012,64286,49,17.1,22.6,28,21,21,0,42,38,0,0,0,0,0,0,0,0,0,0,0,0,0,0,0,0,0,0,0,0,,,,0,,,,,,,,,
2980,Internal,116,282,58266,44,25.5,11.5,9,2,9,0,11,6,0,0,0,0,0,0,0,0,0,0,0,0,0,0,0,0,0,0,0,0,,,,0,,,,,,,,,
2981,Internal,236,562,58266,44,25.5,11.5,3,1,3,0,0,36,0,0,0,0,0,0,0,0,0,0,0,0,0,0,0,0,0,0,0,0,,,,0,,,,,,,,,
2982,Internal,0,0,50825,45,21.9,15.4,93,11,107,8,435,10,0,0,0,0,0,0,0,0,0,0,0,0,0,0,0,0,0,0,0,0,,,,0,,,,,,,,,
2983,Internal,234,530,41399,45,29.5,11.2,32,0,80,33,104,5,0,0,0,0,0,0,0,0,0,0,0,0,0,0,0,0,0,0,0,0,,,,0,,,,,,,,,
2984,Internal,211,514,49583,43,25.7,20.3,4,2,11,0,4,27,0,0,0,0,0,0,0,0,0,0,0,0,0,0,0,0,0,0,0,0,,,,0,,,,,,,,,
2985,Internal,312,739,49583,43,25.7,20.3,13,7,31,6,64,10,0,0,0,0,0,0,0,0,0,0,0,0,0,0,0,0,0,0,0,0,,,,0,,,,,,,,,
2986,Internal,73,174,49583,43,25.7,20.3,27,55,67,8,113,16,0,0,0,0,0,0,0,0,0,0,0,0,0,0,0,0,0,0,0,0,,,,0,,,,,,,,,
2987,Internal,266,615,50825,45,21.9,15.4,4,60,1,0,4,28,0,0,0,0,0,0,0,0,0,0,0,0,0,0,0,0,0,0,0,0,,,,0,,,,,,,,,
2988,Internal,754,1871,50825,45,21.9,15.4,41,3,17,1,63,16,0,0,0,0,0,0,0,0,0,0,0,0,0,0,0,0,0,0,0,0,,,,0,,,,,,,,,
2989,Internal,56,107,45357,54,21.0,11.3,735,126,443,0,187,42,0,0,0,0,0,0,0,0,0,0,0,0,0,0,0,0,0,0,0,0,,,,0,,,,,,,,,
2990,Internal,143,401,45357,54,21.0,11.3,8,1,5,0,2,49,0,0,0,0,0,0,0,0,0,0,0,0,0,0,0,0,0,0,0,0,,,,0,,,,,,,,,
2991,Internal,712,1725,53906,54,28.8,10.3,7,36,13,56,20,19,0,0,0,0,0,0,0,0,0,0,0,0,1060,0,0,0,0,0,0,0,,,,0,,,,,,,,,
2992,Internal,131,320,64286,49,17.1,22.6,5,1,0,0,2,15,0,0,0,0,0,0,0,0,0,0,0,0,0,0,0,0,0,0,0,0,,,,0,,,,,,,,,
2993,Internal,385,932,61042,49,27.5,8.9,47,8,1,0,15,42,0,0,0,0,0,0,0,0,0,0,0,0,0,0,0,0,0,0,0,0,,,,0,,,,,,,,,
2994,Internal,106,250,57012,43,22.4,11.0,0,0,3,0,0,27,0,0,0,0,0,0,0,0,0,0,0,0,0,0,0,0,0,0,0,0,,,,0,,,,,,,,,
2995,Internal,614,1500,41399,45,29.5,11.2,22,83,134,13,440,13,0,0,0,0,0,0,0,0,0,0,0,0,0,0,0,0,0,0,0,0,,,,0,,,,,,,,,
2996,Internal,477,1159,88875,45,6.7,15.6,8,45,37,10,69,30,0,0,0,0,0,0,0,0,0,0,0,0,227,0,0,0,0,0,0,0,,,,0,,,,,,,,,
2997,Internal,202,478,41399,45,29.5,11.2,528,18,181,5,112,67,0,0,0,0,0,0,0,0,0,0,0,0,0,0,0,0,0,0,0,0,,,,0,,,,,,,,,
2998,Internal,20,59,36639,44,34.7,15.6,7,63,54,0,167,53,0,0,0,0,0,0,0,0,0,0,0,0,0,0,0,0,0,0,0,0,,,,0,,,,,,,,,
2999,Internal,90,211,36639,44,34.7,15.6,0,0,0,0,1,36,0,0,0,0,0,0,0,0,0,0,0,0,0,0,0,0,0,0,0,0,,,,0,,,,,,,,,
3000,Internal,2,4,50825,45,21.9,15.4,33,4,35,2,137,16,0,0,0,0,0,0,0,0,0,0,0,0,0,0,0,0,0,0,0,0,,,,0,,,,,,,,,
3001,Internal,464,1176,62036,44,30.2,5.0,335,66,124,0,89,50,0,0,0,0,0,0,0,0,0,0,0,0,0,0,0,0,0,0,0,0,,,,0,,,,,,,,,
3002,Internal,87,215,62036,44,30.2,5.0,15,3,6,0,4,49,0,0,0,0,0,0,0,0,0,0,0,0,0,0,0,0,0,0,0,0,,,,0,,,,,,,,,
3003,Internal,219,556,36639,44,34.7,15.6,84,17,20,12,23,41,0,0,0,0,0,0,0,0,0,0,0,0,832,0,0,0,0,0,0,0,,,,0,,,,,,,,,
3004,Internal,497,1168,62036,44,30.2,5.0,385,76,73,73,104,29,0,0,0,0,0,0,0,0,0,0,0,0,0,0,0,0,0,0,0,0,,,,0,,,,,,,,,
3005,Internal,270,633,62036,44,30.2,5.0,16,3,4,2,4,36,0,0,0,0,0,0,0,0,0,0,0,0,0,0,0,0,0,0,0,0,,,,0,,,,,,,,,
3006,Internal,261,634,64286,49,17.1,22.6,7,7,3,0,0,37,0,0,0,0,0,0,0,0,0,0,0,0,0,0,0,0,0,0,0,0,,,,0,,,,,,,,,
3007,Internal,306,700,57012,43,22.4,11.0,6,165,14,0,3,47,0,0,0,0,0,0,0,0,0,0,0,0,2306,0,0,0,0,0,0,0,,,,0,,,,,,,,,
3008,Internal,169,424,102500,47,26.5,17.3,10,12,33,0,8,8,0,0,0,0,0,0,0,0,0,0,0,0,0,0,0,0,0,0,0,0,,,,0,,,,,,,,,
3009,Internal,454,1101,102500,47,26.5,17.3,29,20,113,5,7,17,0,0,0,0,0,0,0,0,0,0,0,0,0,0,0,0,0,0,0,0,,,,0,,,,,,,,,
3010,Internal,293,700,57012,43,22.4,11.0,33,5,33,1,76,23,0,0,0,0,0,0,0,0,0,0,0,0,0,0,0,0,0,0,0,0,,,,0,,,,,,,,,
3011,Internal,290,708,108533,48,27.9,13.8,12,34,2,2,7,43,0,0,0,0,0,54,0,0,0,0,0,0,0,0,0,0,0,0,0,0,,,,0,,,,,,,,,
3012,Internal,3,8,11250,40,22.0,2.5,4,237,3232,12,12,0,0,724,0,0,0,22,0,0,0,811,0,0,0,0,0,0,2,553,147,300,662,54,486,0,,,,,,,,,
3013,Internal,1,1,11250,40,22.0,2.5,3,3414,7153,0,43,18,0,13,0,0,0,0,0,0,0,639,0,0,0,0,0,1,2,553,147,300,235,18,106,0,,,,,,,,,
3014,Internal,1,3,11250,40,22.0,2.5,50,271,149,0,16,23,0,239,0,0,0,0,0,0,0,276,0,0,0,0,0,0,2,553,147,300,782,13,56,0,,,,,,,,,
3015,Internal,1533,4100,105691,50,26.3,13.9,13,116,9,0,0,43,0,0,0,0,0,308,0,0,0,0,0,0,0,0,0,0,0,0,0,0,,,,0,,,,,,,,,
3016,Internal,1133,1950,56905,31,10.0,62.9,0,194,18,218,81,25,0,0,0,0,0,40,0,0,0,0,0,0,0,0,0,0,0,0,0,0,,,,0,,,,,,,,,
3017,Internal,0,0,58190,47,22.0,12.0,0,642,233,31,17,38,0,0,0,0,0,0,0,0,0,0,597,0,0,0,0,1,4,544,0,200,167,0,63,0,,,,,,,,,
3018,Internal,4,8,58190,47,22.0,12.0,0,128,129,32,47,74,0,0,0,0,0,0,0,0,0,0,923,0,0,0,0,0,4,544,0,200,1112,0,89,0,,,,,,,,,
3019,Internal,802,1970,100714,40,21.7,26.9,43,40,66,17,16,22,0,0,0,0,0,62,0,0,0,0,0,0,0,0,0,0,0,0,0,0,,,,0,,,,,,,,,
3020,Internal,0,0,58190,47,22.0,12.0,0,3536,205,46,20,0,0,0,0,0,0,0,4,0,0,0,371,0,0,0,0,0,4,544,0,200,233,0,15,0,,,,,,,,,
3021,Internal,745,1448,82833,33,13.9,42.3,0,3,3,0,3,40,0,0,0,0,0,18,0,0,0,0,0,0,0,0,0,0,0,0,0,0,,,,0,,,,,,,,,
3022,Internal,37,75,70583,51,33.1,10.2,30,132,414,62,266,10,0,0,0,0,0,18,0,0,0,0,0,0,0,0,0,0,0,0,0,0,,,,0,,,,,,,,,
3023,Internal,1,9,58190,47,22.0,12.0,0,493,132,793,1,74,0,0,0,0,0,0,0,0,0,0,452,0,0,0,0,0,4,544,81,200,444,352,813,0,,,,,,,,,
3024,Internal,0,0,58190,47,22.0,12.0,0,145,3,5,221,0,0,0,0,0,0,0,0,0,0,0,379,0,0,0,0,0,4,544,0,200,544,0,61,0,,,,,,,,,
3025,Internal,0,0,58190,47,22.0,12.0,0,2943,0,265,5,74,0,0,0,0,0,0,0,0,0,0,402,0,0,0,0,0,4,544,0,200,217,0,14,0,,,,,,,,,
3026,Internal,233,421,58190,47,22.0,12.0,0,364,99,25,42,0,0,0,3506,0,0,0,8,0,0,0,902,0,0,0,0,0,4,544,81,200,29,22,81,0,,,,,,,,,
3027,Internal,0,0,56793,54,12.6,10.5,0,337,723,154,499,13,0,0,0,0,0,0,0,0,0,0,0,0,0,0,0,0,0,0,0,0,,,,0,,,,,,,,,
3028,Internal,37,64,41088,48,23.8,4.4,44,73,569,23,93,49,0,0,0,0,0,16,0,1,0,0,0,0,0,0,0,0,0,0,0,0,,,,0,,,,,,,,,
3029,Internal,0,0,58190,47,22.0,12.0,49,2573,7334,137,127,0,0,0,0,0,0,0,1,0,0,0,391,0,0,0,0,1,4,544,0,200,4845,0,184,0,,,,,,,,,
3030,Internal,0,0,58190,47,22.0,12.0,1,1222,5553,0,5,74,0,0,0,0,0,0,4,0,0,0,262,0,0,0,0,1,4,544,0,200,1146,0,122,0,,,,,,,,,
3031,Internal,48,96,36458,57,5.3,2.5,530,2174,106,34,9,88,0,0,0,0,84,0,0,0,179,0,0,0,0,0,0,0,5,203,106,200,176,406,13,0,,,,,,,,,
3032,Internal,347,783,36458,57,5.3,2.5,0,36,181,9,4,9,0,0,0,0,262,0,0,0,326,0,0,0,0,0,0,0,5,73,0,200,152,0,332,0,,,,,,,,,
3033,Internal,211,483,96171,48,33.3,8.9,0,2,9,0,2,54,0,0,0,0,0,143,0,0,0,0,0,0,0,0,0,0,0,0,0,0,,,,0,,,,,,,,,
3034,Internal,483,1149,79076,43,26.7,12.5,195,4,163,72,0,9,0,0,0,0,0,81,0,0,0,0,0,0,0,0,537,0,0,0,0,0,,,,0,,,,,,,,,
3035,Internal,363,833,55729,41,29.9,12.2,3,36,15,0,50,43,0,0,0,0,0,0,0,10,0,0,0,0,0,0,0,0,0,0,0,0,,,,0,,,,,,,,,
3036,Internal,1228,2169,36458,57,5.3,2.5,1,743,180,9,106,87,557,0,0,0,123,0,0,0,499,0,0,0,0,0,0,0,5,192,106,200,415,627,630,0,,,,,,,,,
3037,Internal,412,870,32297,41,34.4,6.9,13,155,714,123,30,38,0,0,0,0,0,0,1,28,0,0,0,0,2282,0,0,0,0,0,0,0,,,,0,,,,,,,,,
3038,Internal,113,249,36458,57,5.3,2.5,0,486,423,48,22,50,0,0,0,0,0,0,0,0,196,0,0,0,624,0,0,0,5,140,0,0,39,0,0,0,,,,,,,,,
3039,Internal,82,137,36458,57,5.3,2.5,0,13,15,3,2,0,238,0,0,0,439,0,0,0,162,0,0,0,0,0,0,0,5,0,134,0,0,69,0,0,,,,,,,,,
3040,Internal,349,637,36458,57,5.3,2.5,663,1696,431,116,47,86,403,0,0,0,0,0,0,0,764,0,0,0,0,0,0,0,5,203,127,200,409,415,757,0,,,,,,,,,
3041,Internal,662,1256,36458,57,5.3,2.5,1,318,318,49,25,58,246,0,0,0,11,0,0,0,167,0,0,0,0,0,0,0,5,140,106,200,443,49,60,0,,,,,,,,,
3042,Internal,0,0,32297,41,34.4,6.9,0,73,839,22,305,34,0,0,0,0,0,0,0,0,0,0,0,0,0,0,0,0,0,0,0,0,,,,0,,,,,,,,,
3043,Internal,401,911,32297,41,34.4,6.9,0,277,543,63,176,17,0,0,0,0,0,0,12,20,0,0,0,0,0,0,0,0,0,0,0,0,,,,0,,,,,,,,,
3044,Internal,114,219,25746,48,2.5,2.5,1,341,28,2,18,32,563,0,0,0,6,0,0,0,0,0,0,0,0,0,0,0,5,140,101,0,743,256,0,0,,,,,,,,,
3045,Internal,297,491,25746,48,2.5,2.5,0,4,77,39,0,53,283,0,0,0,62,0,0,0,0,0,0,0,0,0,0,0,5,0,106,0,0,305,0,0,,,,,,,,,
3046,Internal,288,431,25746,48,2.5,2.5,0,368,162,8,27,32,299,0,0,0,406,0,0,0,0,0,0,0,0,0,0,0,5,140,106,0,181,357,0,0,,,,,,,,,
3047,Internal,605,1545,47935,50,32.2,8.3,5,11,133,0,0,24,0,0,0,0,0,0,18,26,0,0,0,0,0,0,0,0,0,0,0,0,,,,0,,,,,,,,,
3048,Internal,246,726,53203,43,38.1,7.8,320,16,11,0,0,55,0,0,0,0,0,0,0,26,0,0,0,0,0,0,0,0,0,0,0,0,,,,0,,,,,,,,,
3049,Internal,48,59,36458,57,5.3,2.5,0,645,544,1,223,35,0,0,0,0,45,0,0,0,0,0,0,0,0,0,0,0,0,0,0,0,,,,0,,,,,,,,,
3050,Internal,38,78,36458,57,5.3,2.5,0,980,385,38,149,58,0,0,0,0,78,0,0,0,0,0,0,0,0,0,0,0,0,0,0,0,,,,0,,,,,,,,,
3051,Internal,1,1,36458,57,5.3,2.5,0,1135,1282,283,143,58,0,0,0,0,0,0,0,0,1616,0,0,0,334,0,0,0,5,0,106,0,0,38,0,0,,,,,,,,,
3052,Internal,1,10,22361,82,25.0,11.0,41,784,38,9,3,28,1229,0,0,0,0,0,0,0,217,0,0,0,0,0,0,0,5,203,0,200,56,0,17,0,,,,,,,,,
3053,Internal,546,1639,27099,42,31.8,7.9,7,21,39,1,0,35,0,0,0,0,0,0,4,45,0,0,0,0,0,0,0,0,0,0,0,0,,,,0,,,,,,,,,
3054,Internal,2,19,22361,82,25.0,11.0,14,252,2,0,0,28,989,0,0,0,6,0,0,0,173,0,0,0,0,0,0,0,5,203,134,200,589,2020,100,0,,,,,,,,,
3055,Internal,0,0,22361,82,25.0,11.0,48,3877,102,22,52,28,0,0,0,0,0,0,0,0,1481,0,0,0,0,0,0,0,5,192,134,200,89,83,338,0,,,,,,,,,
3056,Internal,3,10,22361,82,25.0,11.0,63,3786,2,2,0,1,343,0,0,0,0,0,0,0,1450,0,0,0,0,0,0,0,5,203,343,200,520,96,92,0,,,,,,,,,
3057,Internal,4,14,34563,40,23.0,7.0,146,69,4,0,0,0,0,0,0,0,0,0,0,0,24,0,0,0,0,0,0,0,5,140,101,200,56,200,192,0,,,,,,,,,
3058,Internal,2398,4547,34563,40,23.0,7.0,48,46,26,6,2,17,1850,0,0,0,0,0,0,0,441,0,0,0,0,0,0,0,5,203,106,200,254,101,471,0,,,,,,,,,
3059,Internal,3,18,34563,40,23.0,7.0,883,2948,7,0,0,17,1071,0,0,0,28,0,0,0,146,0,0,0,0,0,0,0,5,203,106,200,888,275,116,0,,,,,,,,,
3060,Internal,19,36,34563,40,23.0,7.0,177,853,6,0,4,17,0,0,0,0,0,0,0,0,80,0,0,0,0,0,0,0,5,203,106,200,384,260,1043,0,,,,,,,,,
3061,Internal,216,352,56731,53,24.7,8.8,0,4,12394,65,0,58,0,0,0,0,11,0,0,0,0,0,0,0,0,0,0,1,0,0,0,0,,,,0,,,,,,,,,
3062,Internal,789,1757,56731,53,24.7,8.8,6,3,154,0,2,57,0,0,0,0,133,0,0,0,0,0,0,0,0,0,0,0,0,0,0,0,,,,0,,,,,,,,,
3063,Internal,348,908,76500,52,16.0,25.0,73,424,582,14,246,75,0,0,0,0,0,0,0,0,0,0,0,0,665,0,0,0,0,0,0,0,,,,0,,,,,,,,,
3064,Internal,840,1436,76500,52,16.0,25.4,5,1584,1471,462,2593,19,0,0,0,0,6,0,0,0,0,0,0,0,0,0,0,0,0,0,0,0,,,,0,,,,,,,,,
3065,Internal,357,1031,74874,46,34.6,4.5,0,24,46,0,3,23,0,0,0,0,0,0,1,41,0,0,0,0,0,0,0,0,0,0,0,0,,,,0,,,,,,,,,
3066,Internal,160,462,74874,46,34.6,4.5,4,243,101,1,0,23,0,0,0,0,0,0,0,18,0,0,0,0,1437,0,0,0,0,0,0,0,,,,0,,,,,,,,,
3067,Internal,330,908,71573,53,22.4,6.3,0,74,188,4,26,12,0,0,0,0,0,0,3,41,0,0,0,0,0,0,0,0,0,0,0,0,,,,0,,,,,,,,,
3068,Internal,109,201,56875,53,26.0,9.0,5,12,168,26,667,7,0,0,0,0,0,0,0,0,0,0,0,0,0,0,0,0,0,0,0,0,,,,0,,,,,,,,,
3069,Internal,681,1232,56875,53,26.0,8.8,0,5,30,3,365,8,0,0,0,0,0,0,0,0,0,0,0,0,0,0,0,0,0,0,0,0,,,,0,,,,,,,,,
3070,Internal,1137,2691,56875,53,26.0,8.8,16,51,64,13,5,43,0,0,0,0,0,0,0,0,0,0,0,0,0,0,0,0,0,0,0,0,,,,0,,,,,,,,,
3071,Internal,345,662,56875,53,26.0,8.8,7,6,64,91,86,20,0,0,0,0,0,0,0,0,0,0,0,0,0,0,0,0,0,0,0,0,,,,0,,,,,,,,,
3072,Internal,36,68,56875,53,26.0,8.8,18,105,514,52,2407,11,0,0,0,0,0,0,0,0,0,0,0,0,0,0,0,0,0,0,0,0,,,,0,,,,,,,,,
3073,Internal,45,103,62722,51,18.8,11.2,141,2169,997,52,133,65,0,0,0,0,0,0,0,0,0,0,0,0,0,0,0,0,0,0,0,0,,,,0,,,,,,,,,
3074,Internal,36,78,47888,54,21.9,3.9,16,69,171,0,0,67,0,0,0,0,0,0,0,1,0,0,0,0,0,0,0,0,0,0,0,0,,,,0,,,,,,,,,
3075,Internal,154,392,62722,51,18.8,11.2,35,2107,494,51,175,56,0,0,0,0,0,0,0,0,0,0,0,0,0,0,0,0,0,0,0,0,,,,0,,,,,,,,,
3076,Internal,289,575,62722,51,18.8,11.2,0,32,63,0,17,44,0,0,0,0,0,0,0,0,0,0,0,0,0,0,0,0,0,0,0,0,,,,0,,,,,,,,,
3077,Internal,108,291,79076,43,26.7,12.5,0,0,3,0,0,28,0,0,0,0,0,0,0,0,0,0,0,0,0,0,0,0,0,0,0,0,,,,0,,,,,,,,,
3078,Internal,65,159,71058,54,31.5,11.6,4,6,27,0,0,38,0,0,0,0,0,0,1,2,0,0,0,0,0,0,0,0,0,0,0,0,,,,0,,,,,,,,,
3079,Internal,68,165,71058,54,31.5,11.6,0,86,4,0,9,67,0,0,0,0,0,0,0,1,0,0,0,0,812,0,0,0,0,0,0,0,,,,0,,,,,,,,,
3080,Internal,351,831,71058,54,31.5,11.6,220,26,172,0,140,63,0,0,0,0,0,0,3,10,0,0,0,0,0,0,0,0,0,0,0,0,,,,0,,,,,,,,,
3081,Internal,1681,3926,102321,55,27.9,5.8,74,45,29,5,44,41,0,0,0,0,0,0,17,56,0,0,0,0,0,0,0,0,0,0,0,0,,,,0,,,,,,,,,
3082,Internal,318,789,102321,55,27.9,5.8,30,0,0,0,0,31,0,0,0,0,0,0,0,1,0,0,0,0,0,0,0,0,0,0,0,0,,,,0,,,,,,,,,
3083,Internal,9,21,79076,43,26.7,12.5,161,111,155,64,40,39,0,0,0,0,0,0,0,0,0,0,0,0,60,0,0,0,0,0,0,0,,,,0,,,,,,,,,
3084,Internal,744,1830,102321,55,27.9,5.8,0,104,131,10,30,62,0,0,0,0,0,0,10,34,0,0,0,0,718,0,0,0,0,0,0,0,,,,0,,,,,,,,,
3085,Internal,263,657,71058,54,31.5,11.6,21,1,30,0,48,23,0,0,0,0,0,0,0,2,0,0,0,0,0,0,0,0,0,0,0,0,,,,0,,,,,,,,,
3086,Internal,374,1084,102321,55,27.9,5.8,0,3,1,1,0,20,0,0,0,0,0,0,0,20,0,0,0,0,6,0,0,0,0,0,0,0,,,,0,,,,,,,,,
3087,Internal,724,1723,79076,43,26.7,12.5,0,15,6,0,3,28,0,0,0,0,0,121,0,0,0,0,0,0,0,0,0,0,0,0,0,0,,,,0,,,,,,,,,
3088,Internal,45,122,79076,43,26.7,12.5,0,6,84,13,677,13,0,0,0,0,0,0,0,0,0,0,0,0,0,0,0,0,0,0,0,0,,,,0,,,,,,,,,
3089,Internal,260,695,79076,43,26.7,12.5,32,284,18,13,0,41,0,0,0,0,0,22,0,0,0,0,0,0,1452,0,0,0,0,0,0,0,,,,0,,,,,,,,,
3090,Internal,650,1455,88250,47,22.4,17.7,0,134,305,26,277,16,0,0,0,0,0,0,0,0,0,0,0,0,0,0,0,0,0,0,0,0,,,,0,,,,,,,,,
3091,Internal,16,37,88250,47,22.4,17.7,929,33,61,8,36,46,0,0,0,0,0,0,0,0,0,0,0,0,0,0,0,0,0,0,0,0,,,,0,,,,,,,,,
3092,Internal,9,26,73422,63,18.7,6.5,1224,183,416,25,129,42,0,0,0,0,0,0,0,0,0,0,0,0,0,0,0,0,0,0,0,0,,,,0,,,,,,,,,
3093,Internal,617,1477,73422,63,18.7,6.5,42,23,73,77,19,42,0,0,0,0,17,0,0,0,0,0,0,0,0,0,0,0,0,0,0,0,,,,0,,,,,,,,,
3094,Internal,10,27,105107,52,27.6,6.4,348,96,367,4,313,46,0,0,0,0,0,0,0,0,0,0,0,0,0,0,0,0,0,0,0,0,,,,0,,,,,,,,,
3095,Internal,198,423,105107,52,27.6,6.4,1341,189,644,11,217,46,0,0,0,0,0,0,0,0,0,0,0,0,0,0,0,0,0,0,0,0,,,,0,,,,,,,,,
3096,Internal,305,777,102321,55,27.9,5.8,22,9,2,0,1,37,0,0,0,0,0,0,0,6,0,0,0,0,0,0,0,0,0,0,0,0,,,,0,,,,,,,,,
3097,Internal,73,199,92813,55,12.1,18.2,8,91,122,0,0,37,0,0,0,0,0,0,0,6,0,0,0,0,662,0,0,0,0,0,0,0,,,,0,,,,,,,,,
3098,Internal,156,346,77917,50,3.5,49.2,135,0,63,0,0,64,0,0,0,0,0,0,0,0,0,0,0,0,0,0,0,0,0,0,0,0,,,,0,,,,,,,,,
3099,Internal,479,1166,77917,50,3.5,49.2,0,0,0,0,0,45,0,0,0,0,0,0,0,0,0,0,0,0,0,0,0,0,0,0,0,0,,,,0,,,,,,,,,
3100,Internal,816,2032,77917,50,3.5,49.2,0,1,8,0,0,45,0,0,0,0,0,0,0,0,0,0,0,0,0,0,0,0,0,0,0,0,,,,0,,,,,,,,,
3101,Internal,526,1316,36860,34,25.4,15.2,0,24,40,23,5,11,0,0,0,0,0,16,0,20,0,0,0,0,51,0,0,0,0,0,0,0,,,,0,,,,,,,,,
3102,Internal,521,1169,45809,51,25.4,7.4,20,11,139,0,0,41,0,0,0,0,0,27,17,25,0,0,0,0,0,0,0,0,0,0,0,0,,,,0,,,,,,,,,
3103,Internal,479,1151,63667,50,31.3,10.3,163,224,143,3,5,41,0,0,0,0,0,56,6,44,0,0,0,0,954,0,0,0,0,0,0,0,,,,0,,,,,,,,,
3104,Internal,357,721,87569,63,11.7,11.9,53,56,700,94,127,62,0,0,0,0,0,0,0,0,0,0,0,0,0,0,0,0,0,0,0,0,,,,0,,,,,,,,,
3105,Internal,635,1291,67300,63,20.9,7.5,4,2,38,30,3,84,0,0,0,0,0,0,0,0,0,0,0,0,0,0,0,0,0,0,0,0,,,,0,,,,,,,,,
3106,Internal,656,1253,78333,60,10.1,21.0,52,1,25,0,3,27,0,0,0,0,0,0,0,0,0,0,0,0,0,0,0,0,0,0,0,0,,,,0,,,,,,,,,
3107,Internal,492,940,50238,60,8.3,27.1,0,0,7,0,0,45,0,0,0,0,0,0,0,0,0,0,0,0,0,0,0,0,0,0,0,0,,,,0,,,,,,,,,
3108,Internal,420,973,88788,60,21.5,9.2,1,0,43,51,8,17,0,0,0,0,0,67,13,16,0,0,0,0,0,0,0,0,0,0,0,0,,,,0,,,,,,,,,
3109,Internal,1138,2036,54110,56,25.0,11.2,13,70,52,1,54,27,0,0,0,0,0,167,14,74,0,0,0,0,0,0,0,0,0,0,0,0,,,,0,,,,,,,,,
3110,Internal,456,1297,149261,58,22.1,9.2,0,12,99,5,0,49,0,0,0,0,0,85,5,23,0,0,0,0,0,0,0,0,0,0,0,0,,,,0,,,,,,,,,
3111,Internal,456,1297,149261,58,22.1,9.2,0,10,5,0,10,38,0,0,0,0,0,85,5,23,0,0,0,0,0,0,0,0,0,0,0,0,,,,0,,,,,,,,,
3112,Internal,648,1795,123160,58,28.5,8.6,5,21,78,0,2,46,0,0,0,0,0,205,5,17,0,0,0,0,0,0,0,0,0,0,0,0,,,,0,,,,,,,,,
3113,Internal,168,345,62574,57,15.3,6.7,5,165,429,70,817,13,0,0,0,0,0,13,9,2,0,0,0,0,0,0,0,0,0,0,0,0,,,,0,,,,,,,,,
3114,Internal,332,759,82303,54,15.8,17.1,2,37,21,35,6,37,0,0,0,0,0,58,4,10,0,0,0,0,98,0,0,0,0,0,0,0,,,,0,,,,,,,,,
3115,Internal,975,1684,42163,56,8.9,9.8,0,0,3,8,0,67,0,0,0,0,0,210,8,52,0,0,0,0,0,0,0,0,0,0,0,0,,,,0,,,,,,,,,
3116,Internal,899,1954,55727,56,28.3,7.9,6,7,158,0,0,85,0,0,0,0,0,183,36,35,0,0,0,0,0,0,0,0,0,0,0,0,,,,0,,,,,,,,,
3117,Internal,0,0,77485,72,9.3,3.6,351,1592,17,0,5,42,0,0,0,0,0,0,0,0,0,0,0,0,0,0,0,0,0,0,0,0,,,,0,,,,,,,,,
3118,Internal,4,10,58190,50,22.0,12.0,620,568,560,0,1,91,0,0,0,0,0,0,0,0,0,0,0,0,0,0,0,0,0,0,0,0,,,,0,,,,,,,,,
3119,Internal,976,1852,103304,72,18.4,8.9,1,24,57,6,86,13,0,0,0,0,0,0,0,24,0,0,0,0,0,0,0,0,0,0,0,0,,,,0,,,,,,,,,
3120,Internal,183,484,103304,72,18.4,8.9,1069,573,108,45,112,51,0,0,0,0,0,0,1,16,0,0,0,0,108,0,0,0,0,0,0,0,,,,0,,,,,,,,,
3121,Internal,1,2,103304,72,18.4,8.9,569,450,2,0,0,58,0,0,0,0,0,0,0,0,0,0,0,0,0,0,0,0,0,0,0,0,,,,0,,,,,,,,,
3122,Internal,609,1100,38854,54,16.0,2.5,0,16,25,7,1,20,0,0,0,0,0,45,158,35,0,0,0,0,0,0,0,0,0,0,0,0,,,,0,,,,,,,,,
3123,Internal,827,1457,61788,50,15.8,17.7,1,11,88,0,233,8,0,0,0,0,0,67,209,28,0,0,0,0,0,0,0,0,0,0,0,0,,,,0,,,,,,,,,
3124,Internal,239,641,45491,41,22.4,11.8,0,2,11,0,13,17,0,0,0,0,0,0,0,0,0,0,0,0,0,0,0,0,0,0,0,0,,,,0,,,,,,,,,
3125,Internal,908,2195,52083,45,19.3,16.9,4,61,96,0,36,40,0,0,0,0,0,0,0,0,0,0,0,0,337,0,0,0,0,0,0,0,,,,0,,,,,,,,,
3126,Internal,165,383,103671,45,21.7,25.6,35,11,0,0,0,30,0,0,0,0,0,0,0,0,0,0,0,0,0,0,0,0,0,0,0,0,,,,0,,,,,,,,,
3127,Internal,116,230,26759,33,20.3,24.0,0,3,4,0,2,43,0,0,0,0,0,0,0,0,0,0,0,0,0,0,0,0,0,0,0,0,,,,0,,,,,,,,,
3128,Internal,84,218,66987,53,17.3,8.2,813,556,638,93,2061,8,0,0,0,0,0,0,0,0,0,0,0,0,0,0,0,0,0,0,0,0,,,,0,,,,,,,,,
3129,Internal,479,1115,72132,48,21.8,13.4,8,5,155,770,127,9,0,0,0,0,0,0,0,0,0,0,0,0,0,0,0,0,0,0,0,0,,,,0,,,,,,,,,
3130,Internal,451,937,31909,52,21.9,8.5,808,128,1391,72,471,35,0,0,0,0,0,0,0,0,0,0,0,0,0,0,0,0,0,0,0,0,,,,0,,,,,,,,,
3131,Internal,55,138,69744,50,27.0,13.4,0,13,168,23,51,20,0,0,0,0,0,0,0,0,0,0,0,0,0,0,0,0,0,0,0,0,,,,0,,,,,,,,,
3132,Internal,238,744,99006,45,29.4,11.0,19,74,58,58,40,29,0,0,0,0,0,0,0,0,0,0,0,0,2275,0,0,0,0,0,0,0,,,,0,,,,,,,,,
3133,Internal,1386,3792,82781,45,35.0,10.5,0,0,0,0,0,31,0,0,0,0,0,0,0,0,0,0,0,0,0,0,0,0,0,0,0,0,,,,0,,,,,,,,,
3134,Internal,126,336,82781,45,35.0,10.5,0,14,21,0,2,31,0,0,0,0,0,0,0,0,0,0,0,0,0,0,0,0,0,0,0,0,,,,0,,,,,,,,,
3135,Internal,131,397,45491,41,22.4,11.8,0,14,10,0,0,22,0,0,0,0,0,0,0,0,0,0,0,0,0,0,0,0,0,0,0,0,,,,0,,,,,,,,,
3136,Internal,126,351,49200,39,25.9,13.8,188,117,891,299,342,30,0,0,0,0,0,0,0,0,0,0,0,0,0,0,0,0,0,0,0,0,,,,0,,,,,,,,,
3137,Internal,0,0,37778,43,8.2,11.2,70,39,75,4,17,28,0,0,0,0,0,0,0,0,0,0,0,0,0,0,0,0,0,0,0,0,,,,0,,,,,,,,,
3138,Internal,856,2380,67656,37,26.0,9.8,0,80,2,6,8,25,0,0,0,0,0,0,0,0,0,0,0,0,515,0,0,0,0,0,0,0,,,,0,,,,,,,,,
3139,Internal,243,665,67656,37,26.0,9.8,53,2,27,4,15,39,0,0,0,0,0,0,0,0,0,0,0,0,0,0,0,0,0,0,0,0,,,,0,,,,,,,,,
3140,Internal,341,875,47109,38,26.7,13.3,6,20,31,0,0,55,0,0,0,0,0,0,0,0,0,0,0,0,0,0,0,0,0,0,0,0,,,,0,,,,,,,,,
3141,Internal,103,191,47778,39,20.1,12.8,3,2,33,0,0,32,0,0,0,0,0,0,0,0,0,0,0,0,0,0,0,0,0,0,0,0,,,,0,,,,,,,,,
3142,Internal,81,173,36500,39,23.8,22.2,18,1,163,5,5,35,0,0,0,0,0,0,0,0,0,0,0,0,0,0,0,0,0,0,0,0,,,,0,,,,,,,,,
3143,Internal,158,467,36500,39,23.8,22.2,6,5,1,0,0,32,0,0,0,0,0,0,0,0,0,0,0,0,0,0,0,0,0,0,0,0,,,,0,,,,,,,,,
3144,Internal,289,588,36500,39,23.8,22.2,0,31,2,9,2,28,0,0,0,0,0,0,0,0,0,0,0,0,164,0,0,0,0,0,0,0,,,,0,,,,,,,,,
3145,Internal,88,226,36500,39,23.8,22.2,8,49,109,20,75,9,0,0,0,0,0,0,0,0,0,0,0,0,0,0,0,0,0,0,0,0,,,,0,,,,,,,,,
3146,Internal,425,1069,47727,42,21.7,11.3,13,79,37,0,10,12,0,0,0,0,0,0,0,0,0,0,0,0,753,0,0,0,0,0,0,0,,,,0,,,,,,,,,
3147,Internal,444,1102,45491,41,22.4,11.8,3,15,17,0,0,26,0,0,0,0,0,0,0,0,0,0,0,0,0,0,0,0,0,0,0,0,,,,0,,,,,,,,,
3501,External,,,,,,,,,,,,,,,,,,,,,,,,,,,,,,,,,,,,,,643,Short,30.114181,29.033555,17.347476,3.45184,16.724974,3.327973
3502,External,,,,,,,,,,,,,,,,,,,,,,,,,,,,,,,,,,,,,,7164,Short,23.850638,55.350046,1.782195,15.972727,1.669645,1.37475
3503,External,,,,,,,,,,,,,,,,,,,,,,,,,,,,,,,,,,,,,,2186,Short,21.107867,66.140195,0.929627,7.234837,4.010627,0.576847
3504,External,,,,,,,,,,,,,,,,,,,,,,,,,,,,,,,,,,,,,,5486,Short,20.480578,70.933982,0.483893,4.863568,2.260894,0.977085
3505,External,,,,,,,,,,,,,,,,,,,,,,,,,,,,,,,,,,,,,,1143,Short,38.415178,43.170256,5.194611,3.47604,5.837606,3.906308
3506,External,,,,,,,,,,,,,,,,,,,,,,,,,,,,,,,,,,,,,,843,Short,38.415178,43.170256,5.194611,3.47604,5.837606,3.906308
3507,External,,,,,,,,,,,,,,,,,,,,,,,,,,,,,,,,,,,,,,1343,Short,38.415178,43.170256,5.194611,3.47604,5.837606,3.906308
3508,External,,,,,,,,,,,,,,,,,,,,,,,,,,,,,,,,,,,,,,443,Short,38.415178,43.170256,5.194611,3.47604,5.837606,3.906308
3509,External,,,,,,,,,,,,,,,,,,,,,,,,,,,,,,,,,,,,,,4071,Short,20.902172,66.053013,0.476592,7.011016,3.505636,2.05157
3510,External,,,,,,,,,,,,,,,,,,,,,,,,,,,,,,,,,,,,,,2686,Very Short,35.084332,56.245017,1.09171,3.528244,2.38433,1.666367
3511,External,,,,,,,,,,,,,,,,,,,,,,,,,,,,,,,,,,,,,,1343,Very Short,38.415178,43.170256,5.194611,3.47604,5.837606,3.906308
3512,External,,,,,,,,,,,,,,,,,,,,,,,,,,,,,,,,,,,,,,1614,Very Short,15.030485,82.9447,0.558103,0.039112,1.22789,0.19971
3513,External,,,,,,,,,,,,,,,,,,,,,,,,,,,,,,,,,,,,,,147,Very Short,15.030485,82.9447,0.558103,0.039112,1.22789,0.19971
3514,External,,,,,,,,,,,,,,,,,,,,,,,,,,,,,,,,,,,,,,443,Very Short,15.030485,82.9447,0.558103,0.039112,1.22789,0.19971
3515,External,,,,,,,,,,,,,,,,,,,,,,,,,,,,,,,,,,,,,,3129,Short,19.437666,53.007717,0.815092,6.949453,2.993792,16.79628
3516,External,,,,,,,,,,,,,,,,,,,,,,,,,,,,,,,,,,,,,,1100,Very Short,26.830786,22.50375,23.745733,3.808884,19.916227,3.19462
3517,External,,,,,,,,,,,,,,,,,,,,,,,,,,,,,,,,,,,,,,2300,Very Short,26.830786,22.50375,23.745733,3.808884,19.916227,3.19462
3518,External,,,,,,,,,,,,,,,,,,,,,,,,,,,,,,,,,,,,,,1786,Very Short,26.830786,22.50375,23.745733,3.808884,19.916227,3.19462
3519,External,,,,,,,,,,,,,,,,,,,,,,,,,,,,,,,,,,,,,,39000,Long,46.151071,40.06058,2.376696,9.510893,0.600982,1.299777
3520,External,,,,,,,,,,,,,,,,,,,,,,,,,,,,,,,,,,,,,,6600,Very Short,7.52147,76.402664,0.485999,10.293142,4.371149,0.925576
3521,External,,,,,,,,,,,,,,,,,,,,,,,,,,,,,,,,,,,,,,4757,Very Short,7.141389,83.455998,0.522182,4.911957,2.001004,1.967469
3522,External,,,,,,,,,,,,,,,,,,,,,,,,,,,,,,,,,,,,,,1086,Very Short,7.141389,83.455998,0.522182,4.911957,2.001004,1.967469
3523,External,,,,,,,,,,,,,,,,,,,,,,,,,,,,,,,,,,,,,,929,Very Short,7.141389,83.455998,0.522182,4.911957,2.001004,1.967469
3524,External,,,,,,,,,,,,,,,,,,,,,,,,,,,,,,,,,,,,,,17900,Medium,7.421853,77.660276,0.245955,9.432864,1.570691,3.668361
3525,External,,,,,,,,,,,,,,,,,,,,,,,,,,,,,,,,,,,,,,1043,Medium,7.141389,83.455998,0.522182,4.911957,2.001004,1.967469
3526,External,,,,,,,,,,,,,,,,,,,,,,,,,,,,,,,,,,,,,,1043,Medium,7.141389,83.455998,0.522182,4.911957,2.001004,1.967469
3527,External,,,,,,,,,,,,,,,,,,,,,,,,,,,,,,,,,,,,,,6643,Medium,41.152015,50.704608,1.229669,2.936514,2.177282,1.799912
3528,External,,,,,,,,,,,,,,,,,,,,,,,,,,,,,,,,,,,,,,3971,Medium,46.591422,43.483878,2.302073,4.9316,1.407881,1.283146
3529,External,,,,,,,,,,,,,,,,,,,,,,,,,,,,,,,,,,,,,,843,Medium,51.72497,32.176485,6.214746,3.709954,3.865999,2.307846
3530,External,,,,,,,,,,,,,,,,,,,,,,,,,,,,,,,,,,,,,,5857,Medium,8.065283,81.552519,0.239971,4.530663,3.699501,1.912063
3531,External,,,,,,,,,,,,,,,,,,,,,,,,,,,,,,,,,,,,,,943,Medium,56.491652,26.649019,9.538477,1.916944,4.499621,0.904287
3532,External,,,,,,,,,,,,,,,,,,,,,,,,,,,,,,,,,,,,,,3229,Medium,50.020296,38.524284,0.312876,7.000959,1.604068,2.537518
3533,External,,,,,,,,,,,,,,,,,,,,,,,,,,,,,,,,,,,,,,643,Medium,16.155821,71.390492,0.516558,5.196224,4.969653,1.771252
3534,External,,,,,,,,,,,,,,,,,,,,,,,,,,,,,,,,,,,,,,1571,Medium,16.155821,71.390492,0.516558,5.196224,4.969653,1.771252
3535,External,,,,,,,,,,,,,,,,,,,,,,,,,,,,,,,,,,,,,,200,Very Short,16.155821,71.390492,0.516558,5.196224,4.969653,1.771252
3536,External,,,,,,,,,,,,,,,,,,,,,,,,,,,,,,,,,,,,,,200,Very Short,14.03,50.33,4.61,3.17,16.52,11.35
3537,External,,,,,,,,,,,,,,,,,,,,,,,,,,,,,,,,,,,,,,100,Very Short,14.03,50.33,4.61,3.17,16.52,11.35
3538,External,,,,,,,,,,,,,,,,,,,,,,,,,,,,,,,,,,,,,,1043,Very Short,14.03,50.33,4.61,3.17,16.52,11.35
3539,External,,,,,,,,,,,,,,,,,,,,,,,,,,,,,,,,,,,,,,3687,Very Short,3.671242,84.795575,0.114299,1.794868,6.70645,2.917566
3540,External,,,,,,,,,,,,,,,,,,,,,,,,,,,,,,,,,,,,,,30471,Long,26.410177,58.738719,1.42776,11.149353,0.959432,1.314559
3541,External,,,,,,,,,,,,,,,,,,,,,,,,,,,,,,,,,,,,,,2914,Very Short,2.363251,89.717781,0.104147,0.477083,4.480367,2.85737
3542,External,,,,,,,,,,,,,,,,,,,,,,,,,,,,,,,,,,,,,,1429,Very Short,66.315061,28.711493,1.407442,0.885594,1.446753,1.233658
3543,External,,,,,,,,,,,,,,,,,,,,,,,,,,,,,,,,,,,,,,1000,Very Short,73.982918,22.998244,1.901363,0.031264,1.086211,0.0
3544,External,,,,,,,,,,,,,,,,,,,,,,,,,,,,,,,,,,,,,,39729,Long,32.299463,52.691949,1.334396,11.548374,0.766744,1.359073
3545,External,,,,,,,,,,,,,,,,,,,,,,,,,,,,,,,,,,,,,,2054,Very Short,0.0,83.159493,0.0,0.0,10.777031,6.063476
3546,External,,,,,,,,,,,,,,,,,,,,,,,,,,,,,,,,,,,,,,643,Very Short,14.03,50.33,4.61,3.17,16.52,11.35
3547,External,,,,,,,,,,,,,,,,,,,,,,,,,,,,,,,,,,,,,,4557,Short,0.0,95.505096,0.007905,0.006465,2.327557,2.152977
3548,External,,,,,,,,,,,,,,,,,,,,,,,,,,,,,,,,,,,,,,32729,Long,69.488945,14.197825,3.464845,12.011358,0.428387,0.408641
3549,External,,,,,,,,,,,,,,,,,,,,,,,,,,,,,,,,,,,,,,9143,Very Short,30.893249,59.425065,1.600382,3.626302,1.44445,3.010552
3550,External,,,,,,,,,,,,,,,,,,,,,,,,,,,,,,,,,,,,,,2100,Very Short,34.617882,58.09608,1.80779,1.131365,2.136964,2.209919
3551,External,,,,,,,,,,,,,,,,,,,,,,,,,,,,,,,,,,,,,,2243,Very Short,3.0,27.0,4.0,2.0,40.0,24.0
3552,External,,,,,,,,,,,,,,,,,,,,,,,,,,,,,,,,,,,,,,35600,Medium,18.0,70.0,2.0,5.0,3.0,2.0
3553,External,,,,,,,,,,,,,,,,,,,,,,,,,,,,,,,,,,,,,,1229,Short,14.03,50.33,4.61,3.17,16.52,11.35
3554,External,,,,,,,,,,,,,,,,,,,,,,,,,,,,,,,,,,,,,,929,Very Short,3.0,27.0,4.0,2.0,40.0,24.0
3555,External,,,,,,,,,,,,,,,,,,,,,,,,,,,,,,,,,,,,,,4643,Very Short,12.941564,79.287329,0.593997,0.636571,2.571691,3.968848
3556,External,,,,,,,,,,,,,,,,,,,,,,,,,,,,,,,,,,,,,,30457,Medium,35.516554,55.356373,1.370765,4.886108,0.713754,2.156446
3557,External,,,,,,,,,,,,,,,,,,,,,,,,,,,,,,,,,,,,,,1446,Very Short,42.916036,48.759469,2.366364,3.736373,1.417212,0.804545
3558,External,,,,,,,,,,,,,,,,,,,,,,,,,,,,,,,,,,,,,,929,Very Short,13.0,79.0,1.0,1.0,2.0,4.0
3559,External,,,,,,,,,,,,,,,,,,,,,,,,,,,,,,,,,,,,,,2557,Very Short,9.353698,83.230032,0.873519,2.913822,1.094483,2.534446
3560,External,,,,,,,,,,,,,,,,,,,,,,,,,,,,,,,,,,,,,,1143,Very Short,12.941564,79.287329,0.593997,0.636571,2.571691,3.968848
3561,External,,,,,,,,,,,,,,,,,,,,,,,,,,,,,,,,,,,,,,65457,Long,55.393226,28.164876,2.773132,12.273348,0.578473,0.816944
3562,External,,,,,,,,,,,,,,,,,,,,,,,,,,,,,,,,,,,,,,7714,Short,15.049995,78.634902,0.66051,0.172632,5.030526,0.451434
3563,External,,,,,,,,,,,,,,,,,,,,,,,,,,,,,,,,,,,,,,1343,Very Short,0.031458,0.898384,1.173673,2.178006,33.51818,62.2003
3564,External,,,,,,,,,,,,,,,,,,,,,,,,,,,,,,,,,,,,,,4829,Very Short,0.0,98.544555,0.008537,0.022735,1.126365,0.297808
3565,External,,,,,,,,,,,,,,,,,,,,,,,,,,,,,,,,,,,,,,5357,Short,0.030403,96.617918,0.002415,0.001122,2.175591,1.172551
3566,External,,,,,,,,,,,,,,,,,,,,,,,,,,,,,,,,,,,,,,12857,Short,33.915234,58.715077,0.693612,2.423154,3.073276,1.179647
3567,External,,,,,,,,,,,,,,,,,,,,,,,,,,,,,,,,,,,,,,900,Very Short,0.030403,96.617918,0.002415,0.001122,2.175591,1.172551
3568,External,,,,,,,,,,,,,,,,,,,,,,,,,,,,,,,,,,,,,,1443,Very Short,3.0,27.0,4.0,2.0,40.0,24.0
3569,External,,,,,,,,,,,,,,,,,,,,,,,,,,,,,,,,,,,,,,1000,Very Short,3.0,27.0,4.0,2.0,40.0,24.0
3570,External,,,,,,,,,,,,,,,,,,,,,,,,,,,,,,,,,,,,,,5529,Short,18.195981,75.137702,0.356896,1.696156,2.277377,2.335888
3571,External,,,,,,,,,,,,,,,,,,,,,,,,,,,,,,,,,,,,,,9857,Short,15.0,78.0,1.0,2.0,2.0,2.0
3572,External,,,,,,,,,,,,,,,,,,,,,,,,,,,,,,,,,,,,,,5900,Short,15.0,78.0,1.0,2.0,2.0,2.0
3573,External,,,,,,,,,,,,,,,,,,,,,,,,,,,,,,,,,,,,,,1429,Very Short,8.0,86.0,1.0,2.0,1.0,2.0
3574,External,,,,,,,,,,,,,,,,,,,,,,,,,,,,,,,,,,,,,,10429,Short,18.195981,75.137702,0.356896,1.696156,2.277377,2.335888
3575,External,,,,,,,,,,,,,,,,,,,,,,,,,,,,,,,,,,,,,,3329,Very Short,3.0,27.0,4.0,2.0,40.0,24.0
3576,External,,,,,,,,,,,,,,,,,,,,,,,,,,,,,,,,,,,,,,3329,Short,1.280436,88.993593,0.093641,2.329144,4.04021,3.262977
3577,External,,,,,,,,,,,,,,,,,,,,,,,,,,,,,,,,,,,,,,2486,Very Short,1.418388,11.309017,5.592121,4.133851,44.586814,32.95981
3578,External,,,,,,,,,,,,,,,,,,,,,,,,,,,,,,,,,,,,,,49704,Long,10.714766,78.263214,0.801551,6.145335,1.152165,2.922969
3579,External,,,,,,,,,,,,,,,,,,,,,,,,,,,,,,,,,,,,,,8329,Medium,22.213185,67.745208,0.532472,5.330979,1.888354,2.289802
3580,External,,,,,,,,,,,,,,,,,,,,,,,,,,,,,,,,,,,,,,1343,Short,2.598573,26.347008,3.972654,2.406216,40.278857,24.396693
3581,External,,,,,,,,,,,,,,,,,,,,,,,,,,,,,,,,,,,,,,1771,Short,2.432813,91.188317,0.26164,2.16429,2.144576,1.808364
3582,External,,,,,,,,,,,,,,,,,,,,,,,,,,,,,,,,,,,,,,400,Short,65.260343,10.815836,15.877723,4.644822,2.631473,0.769803
3583,External,,,,,,,,,,,,,,,,,,,,,,,,,,,,,,,,,,,,,,26657,Long,13.113495,74.007437,0.547293,6.257607,1.209541,4.864627
3584,External,,,,,,,,,,,,,,,,,,,,,,,,,,,,,,,,,,,,,,2400,Short,65.260343,10.815836,15.877723,4.644822,2.631473,0.769803
3585,External,,,,,,,,,,,,,,,,,,,,,,,,,,,,,,,,,,,,,,643,Very Short,65.260343,10.815836,15.877723,4.644822,2.631473,0.769803
3586,External,,,,,,,,,,,,,,,,,,,,,,,,,,,,,,,,,,,,,,156,Very Short,65.260343,10.815836,15.877723,4.644822,2.631473,0.769803
3587,External,,,,,,,,,,,,,,,,,,,,,,,,,,,,,,,,,,,,,,3400,Very Short,51.867259,27.610196,1.394327,14.233252,3.250495,1.64447
3588,External,,,,,,,,,,,,,,,,,,,,,,,,,,,,,,,,,,,,,,3671,Short,1.466684,92.617326,0.034446,0.546877,4.274363,1.060303
3589,External,,,,,,,,,,,,,,,,,,,,,,,,,,,,,,,,,,,,,,4529,Short,1.816866,79.79659,0.107203,1.699325,9.03095,7.549066
3590,External,,,,,,,,,,,,,,,,,,,,,,,,,,,,,,,,,,,,,,5014,Short,26.77,70.83,0.49,0.17,0.94,0.8
3591,External,,,,,,,,,,,,,,,,,,,,,,,,,,,,,,,,,,,,,,18500,Medium,26.768929,70.831571,0.494398,0.171807,0.937721,0.795574
3592,External,,,,,,,,,,,,,,,,,,,,,,,,,,,,,,,,,,,,,,2671,Very Short,41.551965,55.995679,0.764668,0.271851,1.410807,0.005029
3593,External,,,,,,,,,,,,,,,,,,,,,,,,,,,,,,,,,,,,,,156800,Long,33.084946,54.512534,1.542284,8.217794,0.905796,1.736646
3594,External,,,,,,,,,,,,,,,,,,,,,,,,,,,,,,,,,,,,,,3457,Very Short,3.704933,89.414632,0.102592,0.0,3.882793,2.895051
3595,External,,,,,,,,,,,,,,,,,,,,,,,,,,,,,,,,,,,,,,3414,Very Short,3.704933,89.414632,0.102592,0.0,3.882793,2.895051
3596,External,,,,,,,,,,,,,,,,,,,,,,,,,,,,,,,,,,,,,,9200,Very Short,3.704933,89.414632,0.102592,0.0,3.882793,2.895051
3597,External,,,,,,,,,,,,,,,,,,,,,,,,,,,,,,,,,,,,,,4829,Very Short,3.704933,89.414632,0.102592,0.0,3.882793,2.895051
3598,External,,,,,,,,,,,,,,,,,,,,,,,,,,,,,,,,,,,,,,3600,Very Short,37.984963,50.66984,0.920441,7.201404,2.477747,0.745606
3599,External,,,,,,,,,,,,,,,,,,,,,,,,,,,,,,,,,,,,,,2586,Very Short,32.820855,54.631286,0.916349,7.143726,1.439687,3.048097
3600,External,,,,,,,,,,,,,,,,,,,,,,,,,,,,,,,,,,,,,,671,Short,30.114181,29.033555,17.347476,3.45184,16.724974,3.327973
