TAZ,Type,HH,HH_POP,Median_Inc,Pct_Worker,Pct_Child,Pct_Senior,Industry,Office,Service_RateLow,Service_RateHigh,Retail,PctHighPay,StudGQ_NCSU,StudGQ_UNC,StudGQ_DUKE,StudGQ_NCCU,StudOff_NCSU,StudOff_UNC,StudOff_DUKE,StudOff_NCCU,BuildingS_NCSU,BuildingS_UNC,BuildingS_DUKE,BuildingS_NCCU,K12,CollegeOn,CollegeOff,Hospital,ParkDistrict,ParkCostW,ParkCostU,ParkCostO,EmpSpaces,StudSpaces,OtherSpaces,SParking,Enplanements,AWDT,IEEI_Distance,PCT_AUTO_EE,PCT_AUTO_IEEI,PCT_CVSUT_EE,PCT_CVMUT_EE,PCT_CVSUT_IEEI,PCT_CVMUT_IEEI
1,Internal,327.0,869.0,76534,48,18.3,11.3,54.0,39.0,48.0,3.0,19.0,13,0,0,0,0,0,38,0,0,0,0,0,0,0,0,0,0,0,0,0,0,,,,0,,,,,,,,,
2,Internal,385.0,986.0,76534,48,18.3,11.3,6.0,44.0,10.0,85.0,1.0,45,0,0,0,0,0,38,0,0,0,0,0,0,1300,0,0,0,0,0,0,0,,,,0,,,,,,,,,
3,Internal,301.0,737.0,108533,48,27.9,13.8,1.0,19.0,86.0,7.0,9.0,41,0,0,0,0,0,63,0,0,0,0,0,0,0,0,0,0,0,0,0,0,,,,0,,,,,,,,,
4,Internal,623.0,1370.0,61929,50,19.9,18.0,13.0,49.5,250.5,32.0,45.0,39,0,0,0,0,0,99,0,0,0,0,0,0,0,0,0,0,0,0,0,0,,,,0,,,,,,,,,
5,Internal,210.5,451.5,105691,50,26.3,13.9,1.0,6.0,255.0,0.0,22.0,39,0,0,0,0,0,61,0,0,0,0,0,0,0,0,0,0,0,0,0,0,,,,0,,,,,,,,,
6,Internal,663.0,1771.5,105691,50,26.3,13.9,0.0,68.0,0.0,55.0,0.0,39,0,0,0,0,0,145,0,0,0,0,0,0,2276,0,0,0,0,0,0,0,,,,0,,,,,,,,,
7,Internal,275.5,635.0,105691,50,26.3,13.9,6.0,37.0,56.5,31.0,65.0,39,0,0,0,0,0,24,0,0,0,0,0,0,27,0,0,0,0,0,0,0,,,,0,,,,,,,,,
8,Internal,128.0,305.0,73598,48,21.7,13.3,0.0,1.0,4.0,0.0,0.0,41,0,0,0,0,0,24,0,0,0,0,0,0,0,0,0,0,0,0,0,0,,,,0,,,,,,,,,
9,Internal,251.0,592.0,73598,48,21.7,13.3,32.0,37.0,29.0,0.0,26.0,58,0,0,0,0,0,24,0,0,0,0,0,0,0,0,0,0,0,0,0,0,,,,0,,,,,,,,,
10,Internal,145.0,396.5,73598,48,21.7,13.3,0.0,6.0,15.0,5.0,0.0,41,0,0,0,0,0,12,0,0,0,0,0,0,1087,0,0,0,0,0,0,0,,,,0,,,,,,,,,
11,Internal,180.0,522.0,104082,31,17.0,39.6,0.0,0.0,49.0,0.0,2.0,25,0,0,0,0,0,0,0,0,0,0,0,0,0,0,0,0,0,0,0,0,,,,0,,,,,,,,,
12,Internal,463.0,1378.5,100221,43,16.6,16.4,5.0,44.0,1.0,0.0,4.0,37,0,0,0,0,0,61,0,0,0,0,0,0,0,0,0,0,0,0,0,0,,,,0,,,,,,,,,
13,Internal,470.5,1287.5,104082,31,17.0,39.6,8.0,28.0,101.0,1.0,0.0,50,0,0,0,0,0,111,0,0,0,0,0,0,0,0,0,0,0,0,0,0,,,,0,,,,,,,,,
14,Internal,480.0,825.0,104082,31,17.0,39.6,0.5,0.0,201.0,0.0,7.0,20,0,0,0,0,0,18,0,0,0,0,0,0,0,0,0,0,0,0,0,0,,,,0,,,,,,,,,
15,Internal,205.0,407.0,56905,31,10.0,62.9,13.0,89.0,219.5,185.5,350.0,25,0,0,0,0,0,0,0,0,0,0,0,0,0,0,0,0,0,0,0,0,,,,0,,,,,,,,,
16,Internal,180.5,492.5,79000,40,11.0,39.7,3.0,123.5,0.5,0.0,0.0,35,0,0,0,0,0,50,0,0,0,0,0,0,916,0,0,0,0,0,0,0,,,,0,,,,,,,,,
17,Internal,212.0,540.5,79000,40,11.0,39.7,1.0,15.0,98.0,3.0,94.0,11,0,0,0,0,0,24,0,0,0,0,0,0,0,0,0,0,0,0,0,0,,,,0,,,,,,,,,
18,Internal,539.5,1325.0,100714,40,21.7,26.9,3.0,75.0,136.0,0.0,5.0,34,0,0,0,0,0,44,0,0,0,0,0,0,0,0,0,0,0,0,0,0,,,,0,,,,,,,,,
19,Internal,543.0,1437.0,100714,40,21.7,26.9,271.0,167.5,372.5,9.0,434.5,20,0,0,0,0,0,210,0,0,0,0,0,0,82,0,0,0,2,120,120,0,485,480,0,0,,,,,,,,,
20,Internal,153.0,370.0,100183,49,22.7,14.3,1.0,25.0,13.0,3.0,3.0,36,0,0,0,0,0,0,0,0,0,0,0,0,0,0,0,0,0,0,0,0,,,,0,,,,,,,,,
21,Internal,510.5,1248.0,100183,49,22.7,14.3,9.0,70.0,24.0,0.0,4.0,37,0,0,0,0,0,0,0,0,0,0,0,0,138,0,0,0,0,0,0,0,,,,0,,,,,,,,,
22,Internal,192.0,479.0,100183,49,22.7,14.3,60.0,10.0,16.0,0.0,0.0,36,0,0,0,0,0,0,0,0,0,0,0,0,0,0,0,0,0,0,0,0,,,,0,,,,,,,,,
23,Internal,57.0,150.0,100183,49,22.7,14.3,2.0,8.0,10.0,0.0,0.0,36,0,0,0,0,0,0,0,0,0,0,0,0,0,0,0,0,0,0,0,0,,,,0,,,,,,,,,
24,Internal,446.5,1151.5,100183,49,22.7,14.3,9.0,7.0,79.0,3.0,48.0,28,0,0,0,0,0,0,0,0,0,0,0,0,0,0,0,0,0,0,0,0,,,,0,,,,,,,,,
25,Internal,88.5,214.5,69427,49,20.9,17.8,0.0,70.0,11.0,12.0,0.0,40,0,0,0,0,0,0,0,0,0,0,0,0,545,0,0,0,0,0,0,0,,,,0,,,,,,,,,
26,Internal,456.0,1071.5,69427,49,20.9,17.8,14.0,51.0,11.0,33.0,32.0,36,0,0,0,0,0,0,0,0,0,0,0,0,0,0,0,0,0,0,0,0,,,,0,,,,,,,,,
27,Internal,75.0,176.0,69427,49,20.9,17.8,31.0,6.0,0.0,0.0,0.0,36,0,0,0,0,0,0,0,0,0,0,0,0,0,0,0,0,0,0,0,0,,,,0,,,,,,,,,
28,Internal,361.5,863.0,69427,49,20.9,17.8,13.0,11.0,34.5,3.0,5.0,36,0,0,0,0,0,0,0,0,0,0,0,0,0,0,0,0,0,0,0,0,,,,0,,,,,,,,,
29,Internal,82.0,232.0,69427,49,20.9,17.8,2.0,2.0,20.5,0.0,5.0,36,0,0,0,0,0,0,0,0,0,0,0,0,0,0,0,0,0,0,0,0,,,,0,,,,,,,,,
30,Internal,136.0,345.0,51616,49,24.7,18.3,111.0,5.0,23.5,5.0,22.0,84,0,0,0,0,0,0,0,0,0,0,0,0,0,0,0,0,0,0,0,0,,,,0,,,,,,,,,
31,Internal,245.0,572.0,51616,49,24.7,18.3,1.0,16.0,1.0,2.0,4.0,74,0,0,0,0,0,0,0,0,0,0,0,0,0,0,0,0,0,0,0,0,,,,0,,,,,,,,,
32,Internal,79.5,253.0,100221,43,16.6,16.4,109.5,4.5,88.5,0.0,100.0,43,0,0,0,0,0,0,0,0,0,0,0,0,0,0,0,0,0,0,0,0,,,,0,,,,,,,,,
33,Internal,1145.5,2239.0,82833,33,13.9,42.3,6.0,30.0,74.0,2.0,0.0,14,0,0,0,0,0,30,0,0,0,0,0,0,0,0,0,0,0,0,0,0,,,,0,,,,,,,,,
34,Internal,156.5,432.0,82833,33,13.9,42.3,10.0,29.0,5.0,0.0,20.0,41,0,0,0,0,0,12,0,0,0,0,0,0,0,0,0,0,0,0,0,0,,,,0,,,,,,,,,
35,Internal,182.5,461.0,82833,33,13.9,42.3,1.0,45.0,2.0,0.0,0.0,39,0,0,0,0,0,0,0,0,0,0,0,0,0,0,0,0,0,0,0,0,,,,0,,,,,,,,,
36,Internal,915.0,2107.5,82833,33,13.9,42.3,11.0,40.0,36.5,7.0,0.0,33,0,0,0,0,0,0,0,0,0,0,0,0,0,0,0,0,0,0,0,0,,,,0,,,,,,,,,
37,Internal,172.0,423.5,100221,43,16.6,16.4,923.0,17.0,25.0,0.0,0.0,50,0,0,0,0,0,0,0,0,0,0,0,0,0,0,0,0,0,0,0,0,,,,0,,,,,,,,,
38,Internal,155.0,372.5,100221,43,16.6,16.4,12.0,20.0,42.0,2.0,23.0,35,0,0,0,0,0,0,0,0,0,0,0,0,40,0,0,0,0,0,0,0,,,,0,,,,,,,,,
39,Internal,135.5,268.0,100221,43,16.6,16.4,25.0,11.0,34.5,4.0,56.0,51,0,0,0,0,0,0,0,0,0,0,0,0,0,0,0,0,0,0,0,0,,,,0,,,,,,,,,
40,Internal,175.0,430.0,82833,33,13.9,42.3,3.0,39.0,15.0,0.0,13.0,39,0,0,0,0,0,12,0,0,0,0,0,0,0,0,0,0,0,0,0,0,,,,0,,,,,,,,,
41,Internal,1080.5,1909.0,82833,33,13.9,42.3,16.0,96.0,574.0,6.0,76.0,27,0,0,0,0,0,236,0,0,0,0,0,0,0,0,0,0,0,0,0,0,,,,0,,,,,,,,,
42,Internal,66.0,141.0,82833,33,13.9,42.3,33.0,8.0,26.0,0.0,6.0,58,0,0,0,0,0,0,0,0,0,0,0,0,0,0,0,0,0,0,0,0,,,,0,,,,,,,,,
43,Internal,5.0,13.0,82833,33,13.9,42.3,0.0,0.0,0.0,0.0,0.0,39,0,0,0,0,0,0,0,0,0,0,0,0,0,0,0,0,0,0,0,0,,,,0,,,,,,,,,
44,Internal,36.0,80.0,100221,43,16.6,16.4,1.0,3.0,5.0,0.0,0.0,50,0,0,0,0,0,0,0,0,0,0,0,0,0,0,0,0,0,0,0,0,,,,0,,,,,,,,,
45,Internal,88.0,231.0,66667,43,28.0,25.3,2.0,1.0,0.5,0.0,2.0,17,0,0,0,0,0,0,0,0,0,0,0,0,0,0,0,0,0,0,0,0,,,,0,,,,,,,,,
46,Internal,72.0,145.0,66667,43,28.0,25.3,297.0,2.0,32.0,0.0,0.0,47,0,0,0,0,0,0,0,0,0,0,0,0,0,0,0,0,0,0,0,0,,,,0,,,,,,,,,
47,Internal,1.0,1.0,66667,43,28.0,25.3,146.0,0.0,0.5,0.0,0.0,38,0,0,0,0,0,0,0,0,0,0,0,0,0,0,0,0,0,0,0,0,,,,0,,,,,,,,,
48,Internal,62.0,185.0,66667,43,28.0,25.3,350.0,2.0,0.0,0.0,3.0,50,0,0,0,0,0,0,0,0,0,0,0,0,0,0,0,0,0,0,0,0,,,,0,,,,,,,,,
49,Internal,76.0,165.0,66667,43,28.0,25.3,2213.0,2.0,62.0,0.0,0.0,77,0,0,0,0,0,0,0,0,0,0,0,0,0,0,0,0,0,0,0,0,,,,0,,,,,,,,,
50,Internal,166.0,412.0,66667,43,28.0,25.3,16.0,37.0,37.0,0.0,3.0,25,0,0,0,0,0,0,0,0,0,0,0,0,0,0,0,0,0,0,0,0,,,,0,,,,,,,,,
51,Internal,39.0,107.0,66667,43,28.0,25.3,0.0,4.0,0.0,0.0,0.0,50,0,0,0,0,0,0,0,0,0,0,0,0,0,0,0,0,0,0,0,0,,,,0,,,,,,,,,
52,Internal,50.0,135.0,66667,43,28.0,25.3,2.0,0.0,0.0,0.0,0.0,50,0,0,0,0,0,0,0,0,0,0,0,0,0,0,0,0,0,0,0,0,,,,0,,,,,,,,,
53,Internal,159.0,341.0,50238,43,17.7,16.5,31.0,56.0,0.0,6.0,2.0,37,0,0,0,0,0,0,0,0,0,0,0,0,0,0,0,0,0,0,0,0,,,,0,,,,,,,,,
54,Internal,69.0,190.0,50238,43,17.7,16.5,0.0,10.0,0.0,0.0,0.0,50,0,0,0,0,0,0,0,0,0,0,0,0,0,0,0,0,0,0,0,0,,,,0,,,,,,,,,
55,Internal,128.0,372.0,50238,43,17.7,16.5,6.0,51.0,0.0,0.0,0.0,50,0,0,0,0,0,0,0,0,0,0,0,0,442,0,0,0,0,0,0,0,,,,0,,,,,,,,,
56,Internal,741.5,1610.5,47692,45,16.2,24.2,18.0,236.5,95.0,44.5,153.0,11,0,0,0,0,0,0,0,0,0,0,0,0,2191,0,0,0,0,0,0,0,,,,0,,,,,,,,,
57,Internal,1622.0,3708.5,47692,45,16.2,24.2,7.0,153.0,468.0,96.0,111.0,20,0,0,0,0,0,0,0,0,0,0,0,0,0,0,0,0,0,0,0,0,,,,0,,,,,,,,,
58,Internal,174.0,345.0,47692,45,16.2,24.2,3.0,0.0,203.0,0.0,0.0,29,0,0,0,0,0,0,0,0,0,0,0,0,0,0,0,0,0,0,0,0,,,,0,,,,,,,,,
59,Internal,419.5,979.0,47692,45,16.2,24.2,9.0,2.0,37.0,0.0,0.5,29,0,0,0,0,0,0,0,0,0,0,0,0,0,0,0,0,0,0,0,0,,,,0,,,,,,,,,
60,Internal,651.5,1528.5,47692,45,16.2,24.2,1.0,50.0,40.0,0.0,16.5,29,0,0,0,0,0,0,0,0,0,0,0,0,0,0,0,0,0,0,0,0,,,,0,,,,,,,,,
61,Internal,59.5,147.5,47692,45,16.2,24.2,0.5,0.0,0.0,0.0,0.0,29,0,0,0,0,0,0,0,0,0,0,0,0,0,0,0,0,0,0,0,0,,,,0,,,,,,,,,
62,Internal,196.5,472.5,52083,45,19.3,16.9,0.0,93.0,135.0,72.5,1.0,0,0,0,0,0,0,0,0,0,0,0,0,0,0,0,0,0,0,0,0,0,,,,0,,,,,,,,,
63,Internal,1160.5,2677.0,52083,45,19.3,16.9,0.0,255.5,216.0,85.5,361.0,29,0,0,0,0,0,0,0,0,0,0,0,0,0,0,0,0,0,0,0,0,,,,0,,,,,,,,,
64,Internal,112.0,213.0,52083,45,19.3,16.9,0.0,2.0,0.0,0.0,24.0,60,0,0,0,0,0,0,0,0,0,0,0,0,0,0,0,0,0,0,0,0,,,,0,,,,,,,,,
65,Internal,1368.5,3312.0,52083,45,19.3,16.9,20.0,68.5,283.0,32.5,433.5,19,0,0,0,0,0,0,0,0,0,0,0,0,0,0,0,0,0,0,0,0,,,,0,,,,,,,,,
66,Internal,2738.0,6441.5,52083,45,19.3,16.9,0.0,73.0,248.5,100.5,38.5,6,0,0,0,0,0,0,0,0,0,0,0,0,0,0,0,0,0,0,0,0,,,,0,,,,,,,,,
67,Internal,404.0,845.5,52083,45,19.3,16.9,9.0,32.0,7.0,0.0,3.0,24,0,0,0,0,0,0,0,0,0,0,0,0,0,0,0,0,0,0,0,0,,,,0,,,,,,,,,
68,Internal,97.0,266.0,52083,45,19.3,16.9,0.0,1.0,0.0,0.0,3.0,29,0,0,0,0,0,0,0,0,0,0,0,0,0,0,0,0,0,0,0,0,,,,0,,,,,,,,,
69,Internal,157.0,409.0,103671,45,21.7,25.6,5.0,72.5,285.5,116.5,135.5,29,0,0,0,0,0,0,0,0,0,0,0,0,0,0,0,0,0,0,0,0,,,,0,,,,,,,,,
70,Internal,661.5,1654.0,103671,45,21.7,25.6,60.0,213.5,915.0,60.0,228.5,32,0,0,0,0,0,0,0,0,0,0,0,0,743,0,0,0,0,0,0,0,,,,0,,,,,,,,,
71,Internal,331.0,754.5,71410,45,11.8,24.6,21.0,314.5,65.5,100.0,87.0,40,0,0,0,0,0,0,0,0,0,0,0,0,805,0,0,0,0,0,0,0,,,,0,,,,,,,,,
72,Internal,750.5,1696.0,71410,45,11.8,24.6,0.0,12.0,1.0,3.5,12.0,29,0,0,0,0,0,0,0,0,0,0,0,0,0,0,0,0,0,0,0,0,,,,0,,,,,,,,,
73,Internal,497.5,1151.0,71410,45,11.8,24.6,31.0,10.5,40.0,0.0,0.0,29,0,0,0,0,0,0,0,0,0,0,0,0,0,0,0,0,0,0,0,0,,,,0,,,,,,,,,
74,Internal,787.5,1906.0,103671,45,21.7,25.6,13.0,228.5,652.5,117.5,94.5,29,0,0,0,0,0,0,0,0,0,0,0,0,0,0,0,0,0,0,0,0,,,,0,,,,,,,,,
75,Internal,2942.5,7076.5,103671,45,21.7,25.6,6.0,9.5,65.0,10.5,3.0,30,0,0,0,0,0,0,0,0,0,0,0,0,0,0,0,0,0,0,0,0,,,,0,,,,,,,,,
76,Internal,149.5,322.0,103671,45,21.7,25.6,0.0,3.0,3.0,0.0,0.0,28,0,0,0,0,0,0,0,0,0,0,0,0,0,0,0,0,0,0,0,0,,,,0,,,,,,,,,
77,Internal,253.5,640.0,103671,45,21.7,25.6,3.0,51.0,13.0,0.0,3.0,31,0,0,0,0,0,0,0,0,0,0,0,0,1631,0,0,0,0,0,0,0,,,,0,,,,,,,,,
78,Internal,223.0,387.0,103971,54,12.4,40.1,5.0,19.5,8.0,83.0,0.0,34,0,0,0,0,0,12,0,0,0,0,0,0,0,0,0,0,0,0,0,0,,,,0,,,,,,,,,
79,Internal,501.0,880.5,49632,54,7.4,22.6,0.0,88.0,369.5,0.5,0.5,58,0,0,0,0,0,1397,0,5,0,0,0,0,0,0,0,0,0,0,0,0,,,,0,,,,,,,,,
80,Internal,201.0,442.5,97464,54,21.0,18.6,1.0,3.0,51.0,0.0,3.0,58,0,0,0,0,0,24,0,9,0,0,0,0,0,0,0,0,0,0,0,0,,,,0,,,,,,,,,
81,Internal,39.0,99.0,77485,72,9.3,3.6,195.0,39.5,466.5,51.5,14.0,49,0,0,0,0,0,0,0,0,0,0,0,0,0,0,0,0,0,0,0,0,,,,0,,,,,,,,,
82,Internal,327.5,830.5,77485,72,9.3,3.6,55.0,28.5,59.0,5.0,7.0,69,0,0,0,0,0,0,0,9,0,0,0,0,0,0,0,0,0,0,0,0,,,,0,,,,,,,,,
83,Internal,218.5,481.5,77485,72,9.3,3.6,0.0,742.5,807.0,245.0,91.0,88,0,0,0,0,0,0,0,0,0,0,0,0,0,0,0,0,0,0,0,0,,,,0,,,,,,,,,
84,Internal,256.0,469.5,77485,72,9.3,3.6,250.0,146.5,123.0,56.5,76.0,74,0,0,0,0,0,0,0,5,0,0,0,0,0,0,0,0,0,0,0,0,,,,0,,,,,,,,,
85,Internal,140.0,282.5,58190,50,22.0,12.0,0.0,602.5,127.5,26.0,13.0,85,0,0,0,0,0,0,0,0,0,0,0,0,0,0,0,0,0,0,0,0,,,,0,,,,,,,,,
86,Internal,810.0,1190.5,32196,43,2.5,2.5,0.0,46.5,483.0,6.5,362.5,15,0,0,0,0,0,38,1447,0,0,0,0,0,0,0,0,0,0,0,0,0,,,,0,,,,,,,,,
87,Internal,281.5,680.0,38250,47,23.0,10.8,24.0,10.5,108.5,14.0,19.0,6,0,0,0,0,0,0,15,0,0,0,0,0,0,0,0,0,0,0,0,0,,,,0,,,,,,,,,
88,Internal,66.0,160.0,38250,47,23.0,10.8,83.0,15.0,213.5,28.0,206.0,13,0,0,0,0,0,0,0,0,0,0,0,0,0,0,0,0,0,0,0,0,,,,0,,,,,,,,,
89,Internal,57.5,119.5,38250,47,23.0,10.8,0.0,0.5,25.0,8.0,22.0,6,0,0,0,0,0,0,1,0,0,0,0,0,0,0,0,0,0,0,0,0,,,,0,,,,,,,,,
90,Internal,226.0,557.5,38250,47,23.0,10.8,3.0,9.0,97.0,6.0,14.0,17,0,0,0,0,0,0,9,17,0,0,0,0,0,0,0,0,0,0,0,0,,,,0,,,,,,,,,
91,Internal,419.5,1107.5,47411,47,28.4,10.3,93.0,398.5,281.5,12.0,26.0,33,0,0,0,0,0,0,1,31,0,0,0,0,0,0,0,0,0,0,0,0,,,,0,,,,,,,,,
92,Internal,330.0,934.5,47411,47,28.4,10.3,50.0,2.0,38.5,2.0,0.0,38,0,0,0,0,0,0,12,17,0,0,0,0,0,0,0,0,0,0,0,0,,,,0,,,,,,,,,
93,Internal,98.0,249.0,49205,55,19.2,11.1,78.0,534.5,5963.5,75.5,40.0,62,0,0,0,0,0,0,0,0,0,0,0,0,451,0,0,1,0,0,0,0,,,,0,,,,,,,,,
94,Internal,223.5,449.0,49205,55,19.2,11.1,35.0,108.5,292.0,80.5,48.0,28,0,0,0,0,0,0,1,0,0,0,0,0,0,0,0,0,0,0,0,0,,,,0,,,,,,,,,
95,Internal,339.5,679.0,49205,55,19.2,11.1,51.0,4.5,80.0,0.0,3.0,55,0,0,0,0,0,0,9,9,0,0,0,0,0,0,0,0,0,0,0,0,,,,0,,,,,,,,,
96,Internal,34.5,69.0,31173,55,18.3,5.7,0.0,0.0,14.5,0.0,0.0,55,0,0,0,0,0,0,4,0,0,0,0,0,0,0,0,0,0,0,0,0,,,,0,,,,,,,,,
97,Internal,90.0,215.5,31173,55,18.3,5.7,0.0,76.0,12.0,33.0,0.0,55,0,0,0,0,0,0,4,0,0,0,0,0,0,0,0,0,0,0,0,0,,,,0,,,,,,,,,
98,Internal,197.5,463.0,31173,55,18.3,5.7,0.0,85.0,16.0,0.0,0.0,55,0,0,0,0,0,0,6,0,0,0,0,0,610,0,0,0,0,0,0,0,,,,0,,,,,,,,,
99,Internal,58.0,158.5,49205,55,19.2,11.1,9.0,30.5,307.5,19.5,11.0,28,0,0,0,0,0,0,0,5,0,0,0,0,8,0,0,0,0,0,0,0,,,,0,,,,,,,,,
100,Internal,278.0,575.0,31173,55,18.3,5.7,3.0,126.0,29.0,29.5,0.0,55,0,0,0,0,0,0,6,13,0,0,0,0,696,0,0,0,0,0,0,0,,,,0,,,,,,,,,
101,Internal,498.5,1302.0,31173,55,18.3,5.7,0.0,29.0,26.5,4.0,2.0,3,0,0,0,0,0,0,4,0,0,0,0,0,0,0,0,0,0,0,0,0,,,,0,,,,,,,,,
102,Internal,108.5,251.0,49205,55,19.2,11.1,0.0,6.0,129.0,0.0,1.0,36,0,0,0,0,0,0,4,0,0,0,0,0,0,0,0,0,0,0,0,0,,,,0,,,,,,,,,
103,Internal,181.5,388.5,31004,54,24.6,5.5,8.0,8.0,15.0,0.0,6.0,40,0,0,0,0,0,0,10,0,0,0,0,0,0,0,0,0,0,0,0,0,,,,0,,,,,,,,,
104,Internal,285.0,532.0,31004,54,24.6,5.5,22.0,135.0,64.0,6.5,4.5,79,0,0,0,0,0,0,4,9,0,0,0,0,0,0,0,0,0,0,0,0,,,,0,,,,,,,,,
105,Internal,32.5,79.0,31004,54,24.6,5.5,549.0,221.0,101.5,100.0,15.0,41,0,0,0,0,0,0,0,0,0,0,0,0,0,0,0,0,0,0,0,0,,,,0,,,,,,,,,
106,Internal,6.0,31.0,31004,54,24.6,5.5,70.0,82.0,101.5,11.5,34.0,28,0,0,0,0,0,0,0,0,0,0,0,0,0,0,0,0,0,0,0,0,,,,0,,,,,,,,,
107,Internal,83.0,220.0,46174,54,14.5,6.3,1.0,7.0,7.5,0.0,0.0,40,0,0,0,0,0,0,0,0,0,0,0,0,0,0,0,0,0,0,0,0,,,,0,,,,,,,,,
108,Internal,197.5,418.0,46174,54,14.5,6.3,21.0,22.0,28.5,8.5,27.0,14,0,0,0,0,0,0,16,9,0,0,0,0,0,0,0,0,0,0,0,0,,,,0,,,,,,,,,
109,Internal,149.0,292.0,46174,54,14.5,6.3,0.0,49.0,14.0,15.5,30.5,27,0,0,0,0,0,0,4,0,0,0,0,0,829,0,0,0,3,386,0,150,27,0,5,0,,,,,,,,,
110,Internal,71.5,131.0,46174,54,14.5,6.3,2.0,95.0,25.5,8.0,23.0,22,0,0,0,0,0,0,0,0,0,0,0,0,0,0,0,0,3,386,0,150,47,0,9,0,,,,,,,,,
111,Internal,162.5,393.5,72031,54,18.2,8.6,22.0,4.0,18.0,0.0,0.0,73,0,0,0,0,0,0,12,0,0,0,0,0,0,0,0,0,0,0,0,0,,,,0,,,,,,,,,
112,Internal,50.5,137.0,72031,54,18.2,8.6,0.0,11.0,4.0,3.0,0.0,41,0,0,0,0,0,0,0,0,0,0,0,0,71,0,0,0,0,0,0,0,,,,0,,,,,,,,,
113,Internal,111.5,269.5,72031,54,18.2,8.6,0.0,15.0,10.0,7.0,0.0,40,0,0,0,0,0,0,16,5,0,0,0,0,0,0,0,0,0,0,0,0,,,,0,,,,,,,,,
114,Internal,179.0,374.5,72031,54,18.2,8.6,1.0,14.0,46.5,2.0,0.0,40,0,0,0,0,0,0,32,0,0,0,0,0,0,0,0,0,0,0,0,0,,,,0,,,,,,,,,
115,Internal,342.0,640.5,35135,52,24.2,8.2,0.0,4.0,6.0,0.0,0.0,15,0,0,0,0,0,0,9,0,0,0,0,0,0,0,0,0,0,0,0,0,,,,0,,,,,,,,,
116,Internal,13.5,27.0,35135,52,24.2,8.2,63.0,123.5,404.0,76.0,860.0,11,0,0,0,0,0,0,0,0,0,0,0,0,0,0,0,0,0,0,0,0,,,,0,,,,,,,,,
117,Internal,208.5,437.5,35135,52,24.2,8.2,23.0,70.0,109.5,39.0,32.0,35,0,0,0,0,0,0,52,22,0,0,0,0,0,0,0,0,0,0,0,0,,,,0,,,,,,,,,
118,Internal,288.5,481.0,35135,52,24.2,8.2,0.0,4.0,82.0,3.0,127.0,4,0,0,0,0,0,0,84,5,0,0,0,0,0,0,0,0,0,0,0,0,,,,0,,,,,,,,,
119,Internal,295.5,647.5,43869,52,14.9,10.0,6.0,9.0,69.0,24.0,74.0,28,0,0,0,0,0,0,63,13,0,0,0,0,0,0,0,0,0,0,0,0,,,,0,,,,,,,,,
120,Internal,352.0,758.0,65000,52,19.4,10.4,0.0,33.0,124.5,24.0,27.5,28,0,0,0,0,0,0,243,5,0,0,0,0,0,0,0,0,4,0,0,200,0,0,67,0,,,,,,,,,
121,Internal,196.0,405.0,91806,57,25.3,3.9,5.0,5.0,3.0,0.0,0.0,31,0,0,0,0,0,0,22,5,0,0,0,0,0,0,0,0,0,0,0,0,,,,0,,,,,,,,,
122,Internal,202.5,519.0,91806,57,25.3,3.9,6.0,8.0,58.0,2.0,16.0,34,0,0,0,0,0,0,62,5,0,0,0,0,0,0,0,0,0,0,0,0,,,,0,,,,,,,,,
123,Internal,158.0,363.0,93529,57,24.6,8.2,0.0,2.0,5.0,0.0,0.0,34,0,0,0,0,0,0,9,5,0,0,0,0,0,0,0,0,0,0,0,0,,,,0,,,,,,,,,
124,Internal,267.0,480.0,93529,57,24.6,8.2,3.0,1.0,12.0,0.0,14.0,42,0,0,0,0,0,0,93,0,0,0,0,0,0,0,0,0,0,0,0,0,,,,0,,,,,,,,,
125,Internal,194.0,506.0,93529,57,24.6,8.2,0.0,11.0,3.0,40.0,3.0,34,0,0,0,0,0,0,71,5,0,0,0,0,0,0,0,0,0,0,0,0,,,,0,,,,,,,,,
126,Internal,236.5,480.0,59107,57,18.6,8.7,45.0,6.0,10.5,2.5,8.0,34,0,0,0,0,0,0,87,0,0,0,0,0,0,0,0,0,0,0,0,0,,,,0,,,,,,,,,
127,Internal,616.5,1362.0,59107,57,18.6,8.7,13.0,129.0,58.0,11.0,8.5,34,0,0,0,0,0,0,175,13,0,0,0,0,449,0,0,0,0,0,0,0,,,,0,,,,,,,,,
128,Internal,212.0,514.0,87031,52,12.6,13.7,0.0,36.0,160.0,5.0,0.0,18,0,0,0,0,0,0,22,5,0,0,0,0,0,0,0,0,0,0,0,0,,,,0,,,,,,,,,
129,Internal,72.5,111.0,87031,52,12.6,13.7,0.0,4.0,7.0,25.0,54.0,14,0,0,0,0,0,0,6,9,0,0,0,0,0,0,0,0,0,0,0,0,,,,0,,,,,,,,,
130,Internal,102.0,227.5,87031,52,12.6,13.7,0.0,0.0,25.0,0.0,40.0,40,0,0,0,0,0,0,4,0,0,0,0,0,0,0,0,0,0,0,0,0,,,,0,,,,,,,,,
131,Internal,109.0,247.5,87031,52,12.6,13.7,0.0,32.0,84.0,12.0,23.0,36,0,0,0,0,0,0,6,0,0,0,0,0,0,0,0,0,0,0,0,0,,,,0,,,,,,,,,
132,Internal,50.0,116.0,87031,52,12.6,13.7,28.0,17.5,48.0,20.0,42.0,38,0,0,0,0,0,0,0,13,0,0,0,0,0,0,0,0,0,0,0,0,,,,0,,,,,,,,,
133,Internal,133.5,360.0,83750,52,23.7,14.2,0.0,0.0,5.0,0.0,3.0,40,0,0,0,0,0,0,16,0,0,0,0,0,0,0,0,0,0,0,0,0,,,,0,,,,,,,,,
134,Internal,113.5,269.0,83750,52,23.7,14.2,0.0,21.0,242.5,0.0,1.0,66,0,0,0,0,0,0,10,0,0,0,0,0,0,0,0,0,0,0,0,0,,,,0,,,,,,,,,
135,Internal,138.0,360.5,83750,52,23.7,14.2,0.0,5.0,27.0,0.0,0.0,40,0,0,0,0,0,0,12,0,0,0,0,0,0,0,0,0,0,0,0,0,,,,0,,,,,,,,,
136,Internal,70.5,153.5,101797,52,23.4,9.2,4.0,6.0,58.5,19.5,0.0,40,0,0,0,0,0,0,31,0,0,0,0,0,0,0,0,0,0,0,0,0,,,,0,,,,,,,,,
137,Internal,47.5,132.5,101797,52,23.4,9.2,166.0,104.5,238.0,14.5,132.5,34,0,0,0,0,0,0,9,0,0,0,0,0,0,0,0,0,4,0,0,200,0,0,443,0,,,,,,,,,
138,Internal,6.5,15.5,101797,52,23.4,9.2,72.0,1.5,38.0,6.0,19.0,63,0,0,0,0,0,0,0,0,0,0,0,0,0,0,0,0,0,0,0,0,,,,0,,,,,,,,,
139,Internal,146.5,278.0,101797,52,23.4,9.2,0.0,5.5,38.5,2.0,1.0,30,0,0,0,0,0,0,31,0,0,0,0,0,0,0,0,0,0,0,0,0,,,,0,,,,,,,,,
140,Internal,83.0,167.5,101797,52,23.4,9.2,0.0,10.0,25.5,0.0,1.0,42,0,0,0,0,0,0,16,0,0,0,0,0,0,0,0,0,0,0,0,0,,,,0,,,,,,,,,
141,Internal,572.5,966.0,48250,56,7.4,6.1,0.0,278.0,547.0,11.5,82.0,22,0,0,0,0,0,0,4,0,0,0,0,0,0,0,0,0,4,544,0,0,58,0,0,0,,,,,,,,,
142,Internal,364.5,583.0,48250,56,7.4,6.1,7.0,230.0,81.0,20.0,311.0,22,0,0,0,0,0,0,1494,0,0,0,0,0,0,0,0,0,4,544,0,0,180,0,0,0,,,,,,,,,
143,Internal,2.5,4.5,48250,56,7.4,6.1,0.0,4.0,55.0,0.0,268.0,20,0,0,0,0,0,0,0,0,0,0,0,0,0,0,0,0,0,0,0,0,,,,0,,,,,,,,,
144,Internal,5.0,11.0,30625,43,10.1,2.5,44.0,29.0,353.0,26.5,358.5,21,0,0,0,0,0,0,0,0,0,0,0,0,0,0,0,0,0,0,0,0,,,,0,,,,,,,,,
145,Internal,292.0,514.0,48250,56,7.4,6.1,3.0,145.0,244.5,72.0,68.5,22,0,0,0,0,0,0,381,0,0,0,0,0,0,0,0,0,4,544,0,0,359,0,0,0,,,,,,,,,
146,Internal,31.0,82.5,48250,56,7.4,6.1,47.0,122.5,215.5,5.0,0.0,40,0,0,0,0,0,0,4,5,0,0,0,0,0,0,0,0,0,0,0,0,,,,0,,,,,,,,,
147,Internal,165.0,332.0,48250,56,7.4,6.1,0.0,3.0,3.0,0.5,0.0,22,0,0,0,0,0,0,68,0,0,0,0,0,0,0,0,0,0,0,0,0,,,,0,,,,,,,,,
148,Internal,149.5,304.0,48250,56,7.4,6.1,60.0,115.5,11.0,0.0,0.0,22,0,0,0,0,0,0,100,0,0,0,0,0,652,0,0,0,0,0,0,0,,,,0,,,,,,,,,
149,Internal,65.0,127.0,48250,56,7.4,6.1,33.0,95.0,151.5,125.5,95.0,24,0,0,0,0,0,0,21,5,0,0,0,0,0,0,0,0,0,0,0,0,,,,0,,,,,,,,,
150,Internal,75.0,163.5,48250,56,7.4,6.1,0.0,13.5,180.5,1.0,4.0,12,0,0,0,0,0,0,78,0,0,0,0,0,0,0,0,0,0,0,0,0,,,,0,,,,,,,,,
151,Internal,132.0,270.0,48250,56,7.4,6.1,13.0,29.5,111.0,7.0,71.5,40,0,0,0,0,0,0,362,0,0,0,0,0,0,0,0,0,4,544,0,0,248,0,0,0,,,,,,,,,
152,Internal,268.0,423.5,48250,56,7.4,6.1,9.0,372.0,542.0,51.0,445.0,17,0,0,0,0,0,0,15,5,0,0,0,0,0,0,0,0,4,544,0,0,172,0,0,0,,,,,,,,,
153,Internal,105.0,173.5,48250,56,7.4,6.1,0.0,9.5,12.0,1.0,0.5,22,0,0,0,0,0,0,31,5,0,0,0,0,0,0,0,0,0,0,0,0,,,,0,,,,,,,,,
154,Internal,1.5,4.0,16250,47,2.5,2.5,0.0,31.0,169.0,24.5,22.0,27,0,0,0,0,0,0,113,0,0,0,0,0,0,0,0,0,0,0,0,0,,,,0,,,,,,,,,
155,Internal,11.5,21.0,16250,47,2.5,2.5,0.0,7.5,27.5,11.5,23.0,22,0,0,0,0,0,0,0,0,0,0,0,0,0,0,0,0,0,0,0,0,,,,0,,,,,,,,,
156,Internal,3.5,6.0,16250,47,2.5,2.5,0.0,17.5,320.5,3.0,5.0,26,0,0,0,0,0,0,0,0,0,0,0,0,0,0,0,0,4,0,0,200,0,0,81,0,,,,,,,,,
157,Internal,203.0,449.0,16250,47,2.5,2.5,2.0,45.5,8.5,28.0,18.0,8,0,0,398,0,0,0,9,0,0,0,12,0,0,0,0,0,4,153,0,200,73,0,64,0,,,,,,,,,
158,Internal,23.5,79.0,16250,47,2.5,2.5,4.0,480.0,59.0,58.0,15.0,17,0,0,0,0,0,0,19,0,0,0,9,0,0,0,0,0,4,544,0,200,668,0,48,0,,,,,,,,,
159,Internal,49.0,66.5,16250,47,2.5,2.5,0.0,35.0,10.5,6.0,3.5,26,0,0,36,0,0,0,46,0,0,0,18,0,0,0,0,0,4,544,81,200,47,15,2,0,,,,,,,,,
160,Internal,3.5,16.5,16250,47,2.5,2.5,0.0,54.5,245.5,3.0,10.5,30,0,0,0,0,0,0,0,0,0,0,20,0,0,0,0,0,4,0,0,200,0,0,8,0,,,,,,,,,
161,Internal,393.0,748.0,60469,47,18.4,5.1,20.0,67.5,166.0,22.0,4.0,50,0,0,0,0,0,0,135,9,0,0,13,0,0,0,0,0,4,0,0,200,0,0,7,0,,,,,,,,,
162,Internal,11.5,22.0,60469,47,18.4,5.1,0.0,738.0,12.5,3.0,35.0,26,0,0,0,0,0,0,6,0,0,0,0,0,0,0,0,0,4,544,81,200,497,19,101,0,,,,,,,,,
163,Internal,334.0,777.5,28837,47,12.2,2.5,81.0,16.5,121.0,9.0,14.0,22,0,0,0,0,0,0,35,35,0,0,0,0,0,0,0,0,0,0,0,0,,,,0,,,,,,,,,
164,Internal,495.0,1322.5,35711,47,34.6,4.9,1.0,52.0,123.5,27.0,6.0,38,0,0,0,0,0,0,31,22,0,0,0,0,0,0,0,0,0,0,0,0,,,,0,,,,,,,,,
165,Internal,401.5,946.5,42831,54,20.2,11.7,312.0,11.0,39.0,0.5,6.0,42,0,0,0,0,0,63,50,12,0,0,0,0,4,0,0,0,0,0,0,0,,,,0,,,,,,,,,
166,Internal,323.5,720.5,42831,54,20.2,11.7,4.0,194.0,46.5,91.0,22.0,38,0,0,0,0,0,61,9,0,0,0,0,0,388,0,0,0,0,0,0,0,,,,0,,,,,,,,,
167,Internal,107.0,237.0,44250,54,20.9,3.5,6.0,55.0,41.0,0.0,10.0,48,0,0,0,0,0,12,1,0,0,0,0,0,0,0,0,0,0,0,0,0,,,,0,,,,,,,,,
168,Internal,166.5,444.0,95580,54,11.6,21.1,0.0,0.0,53.5,0.0,0.0,48,0,0,0,0,0,24,10,0,0,0,0,0,0,0,0,0,0,0,0,0,,,,0,,,,,,,,,
169,Internal,225.5,581.0,44250,54,20.9,3.5,0.0,128.0,26.0,2.0,3.0,48,0,0,0,0,0,73,99,0,0,0,0,0,544,0,0,0,0,0,0,0,,,,0,,,,,,,,,
170,Internal,0.0,0.0,95580,54,11.6,21.1,0.0,1.0,385.0,72.0,80.0,24,0,0,0,0,0,0,10,0,0,0,0,0,0,0,0,0,4,0,81,200,0,22,891,0,,,,,,,,,
171,Internal,85.0,156.0,58190,47,22.0,12.0,0.0,222.0,0.0,0.0,0.0,74,0,0,0,0,0,0,0,0,0,0,0,0,0,0,0,0,4,544,81,200,56,33,82,0,,,,,,,,,
172,Internal,26.0,58.5,95580,54,11.6,21.1,0.0,0.0,5.5,0.0,0.0,48,0,0,0,0,0,0,1,0,0,0,0,0,0,0,0,0,4,0,81,0,0,316,0,0,,,,,,,,,
173,Internal,0.0,0.0,58190,47,22.0,12.0,25.0,0.0,0.0,0.0,0.0,15,0,0,0,0,0,0,0,0,0,0,0,0,0,0,0,0,4,0,0,200,0,0,574,0,,,,,,,,,
174,Internal,362.5,503.0,95580,54,11.6,21.1,5.0,4.5,29.0,0.0,0.0,48,0,0,0,0,0,12,493,9,0,0,0,0,0,0,0,0,0,0,0,0,,,,0,,,,,,,,,
175,Internal,632.0,1514.0,44250,54,20.9,3.5,26.0,176.5,215.5,50.5,133.0,75,0,0,0,0,0,50,77,5,0,0,0,0,0,0,0,0,0,0,0,0,,,,0,,,,,,,,,
176,Internal,17.0,38.0,95580,54,11.6,21.1,0.0,0.0,100.0,0.0,0.0,72,0,0,0,0,0,0,6,0,0,0,0,0,0,0,0,0,4,0,0,200,0,0,183,0,,,,,,,,,
177,Internal,407.5,677.0,29267,52,13.6,17.7,63.0,602.5,209.5,90.5,257.0,14,0,0,0,0,0,0,268,5,0,0,0,0,0,0,0,0,3,386,0,150,333,0,619,0,,,,,,,,,
178,Internal,149.0,273.5,29267,52,13.6,17.7,5.0,136.0,78.0,86.0,80.5,72,0,0,0,0,0,0,0,0,0,0,0,0,0,0,0,0,3,386,0,150,49,0,10,0,,,,,,,,,
179,Internal,422.5,784.0,29267,52,13.6,17.7,3.0,354.0,306.5,168.5,88.0,48,0,0,0,0,0,0,0,0,0,0,0,0,0,0,0,0,3,386,0,150,256,0,52,0,,,,,,,,,
180,Internal,382.0,598.5,29267,52,13.6,17.7,0.0,44.5,128.5,27.5,31.5,53,0,0,0,0,0,0,9,5,0,0,0,0,176,0,0,0,0,0,0,0,,,,0,,,,,,,,,
181,Internal,521.0,895.0,29267,52,13.6,17.7,0.0,1542.5,737.0,806.5,259.0,53,0,0,0,0,0,0,160,5,0,0,0,0,0,0,0,0,3,386,0,150,79,0,16,0,,,,,,,,,
182,Internal,181.5,404.0,29267,52,13.6,17.7,7.0,10.5,31.0,61.5,13.0,66,0,0,0,0,0,0,50,0,0,0,0,0,524,0,0,0,0,0,0,0,,,,0,,,,,,,,,
183,Internal,331.5,396.5,29267,52,13.6,17.7,2.0,28.0,25.0,22.0,26.5,53,0,0,0,0,0,0,196,0,0,0,0,0,0,0,0,0,0,0,0,0,,,,0,,,,,,,,,
184,Internal,511.5,907.0,29267,52,13.6,17.7,19.0,810.5,283.0,297.5,207.0,58,0,0,0,0,0,0,0,0,0,0,0,0,0,0,0,0,3,386,0,0,109,0,0,0,,,,,,,,,
185,Internal,28.5,51.5,29267,52,13.6,17.7,0.0,83.0,46.5,0.5,0.0,12,0,0,0,0,0,0,0,0,0,0,0,0,640,0,0,0,0,0,0,0,,,,0,,,,,,,,,
186,Internal,207.0,498.0,90833,52,19.4,18.2,0.0,4.0,25.0,22.0,0.0,53,0,0,0,0,0,0,12,0,0,0,0,0,0,0,0,0,0,0,0,0,,,,0,,,,,,,,,
187,Internal,25.0,57.0,90833,52,19.4,18.2,0.0,21.0,42.5,24.5,70.0,4,0,0,0,0,0,0,1,5,0,0,0,0,0,0,0,0,0,0,0,0,,,,0,,,,,,,,,
188,Internal,100.0,218.5,90833,52,19.4,18.2,0.0,56.0,1.0,0.0,0.0,53,0,0,0,0,0,12,4,0,0,0,0,0,298,0,0,0,0,0,0,0,,,,0,,,,,,,,,
189,Internal,68.0,153.0,90833,52,19.4,18.2,0.0,36.5,26.0,19.5,22.5,53,0,0,0,0,0,0,1,0,0,0,0,0,0,0,0,0,0,0,0,0,,,,0,,,,,,,,,
190,Internal,97.5,219.0,90833,52,19.4,18.2,0.0,10.5,54.0,46.0,8.0,53,0,0,0,0,0,12,19,0,0,0,0,0,0,0,0,0,0,0,0,0,,,,0,,,,,,,,,
191,Internal,99.0,283.5,90833,52,19.4,18.2,0.0,0.0,33.0,0.0,0.0,53,0,0,0,0,0,12,12,0,0,0,0,0,0,0,0,0,0,0,0,0,,,,0,,,,,,,,,
192,Internal,466.5,1103.5,72344,52,21.0,12.0,23.0,16.0,147.5,17.0,38.0,19,0,0,0,0,0,24,12,22,0,0,0,0,0,0,0,0,0,0,0,0,,,,0,,,,,,,,,
193,Internal,117.5,318.5,72344,52,21.0,12.0,0.0,8.0,37.0,0.0,0.0,53,0,0,0,0,0,12,10,0,0,0,0,0,0,0,0,0,0,0,0,0,,,,0,,,,,,,,,
194,Internal,220.0,403.0,64837,65,8.8,10.5,59.0,133.5,198.0,115.0,82.5,50,0,0,0,0,0,0,0,0,0,0,0,0,0,0,0,0,3,386,0,150,56,0,11,0,,,,,,,,,
195,Internal,75.5,134.5,64837,65,8.8,10.5,220.0,507.0,202.0,94.5,217.0,51,0,0,0,0,0,0,6,0,0,0,0,0,0,0,0,0,3,515,0,150,580,0,117,0,,,,,,,,,
196,Internal,185.0,274.0,64837,65,8.8,10.5,10.0,191.0,232.0,124.5,66.5,30,0,0,0,0,0,0,1,0,0,0,0,0,0,0,0,0,3,600,0,150,67,0,14,0,,,,,,,,,
197,Internal,2.0,6.5,64837,65,8.8,10.5,4.0,249.0,230.0,17.0,26.0,28,0,0,0,0,0,0,0,0,0,0,0,0,0,0,0,0,0,0,0,0,,,,0,,,,,,,,,
198,Internal,305.0,563.0,64837,65,8.8,10.5,60.0,384.0,196.0,127.0,96.5,34,0,0,0,0,0,0,1,0,0,0,0,0,0,0,0,0,3,386,0,150,401,0,81,0,,,,,,,,,
199,Internal,96.5,173.0,64837,65,8.8,10.5,0.0,559.5,404.0,214.0,100.5,69,0,0,0,0,0,0,0,0,0,0,0,0,0,0,0,0,3,386,0,150,337,0,68,0,,,,,,,,,
200,Internal,265.0,487.0,64837,65,8.8,10.5,19.0,259.0,159.0,214.0,125.5,41,0,0,0,0,0,0,0,0,0,0,0,0,0,0,0,0,3,386,0,150,19,0,4,0,,,,,,,,,
201,Internal,78.5,147.0,64837,65,8.8,10.5,3.0,1309.5,175.0,120.5,69.5,72,0,0,0,0,0,0,0,0,0,0,0,0,0,0,0,0,3,386,0,150,142,0,29,0,,,,,,,,,
202,Internal,167.5,319.5,64837,65,8.8,10.5,0.0,506.5,183.5,230.5,46.5,67,0,0,0,0,0,0,0,0,0,0,0,0,0,0,0,0,3,386,0,150,475,0,96,0,,,,,,,,,
203,Internal,43.0,87.0,64837,65,8.8,10.5,15.0,238.5,214.0,104.5,53.0,42,0,0,0,0,0,0,0,0,0,0,0,0,0,0,0,0,3,386,0,150,15,0,3,0,,,,,,,,,
204,Internal,46.0,99.0,64837,65,8.8,10.5,0.0,117.0,222.5,686.0,32.0,48,0,0,0,0,0,0,0,0,0,0,0,0,0,0,0,0,3,386,0,150,188,0,38,0,,,,,,,,,
205,Internal,73.5,133.5,64837,65,8.8,10.5,0.0,168.5,132.0,136.5,61.5,91,0,0,0,0,0,0,0,0,0,0,0,0,0,0,0,0,0,0,0,0,,,,0,,,,,,,,,
206,Internal,252.5,348.5,64837,65,8.8,10.5,0.0,120.0,106.0,88.5,86.0,49,0,0,0,0,0,0,19,0,0,0,0,0,0,0,0,0,3,386,0,0,405,0,0,0,,,,,,,,,
207,Internal,309.0,489.0,64837,65,8.8,10.5,15.0,194.5,92.0,106.0,155.5,62,0,0,0,0,0,0,325,0,0,0,0,0,0,0,0,0,3,386,0,150,226,0,45,0,,,,,,,,,
208,Internal,150.5,274.5,64837,65,8.8,10.5,0.0,494.5,222.0,128.0,198.0,49,0,0,0,0,0,0,1,0,0,0,0,0,2339,0,0,0,3,386,0,0,112,0,0,0,,,,,,,,,
209,Internal,118.5,278.0,64837,65,8.8,10.5,46.0,218.5,245.0,89.0,268.5,11,0,0,0,0,0,0,19,0,0,0,0,0,0,0,0,0,3,386,0,150,261,0,53,0,,,,,,,,,
210,Internal,364.5,594.5,64837,65,8.8,10.5,0.0,416.0,58.0,79.0,62.0,52,0,0,0,0,0,0,243,0,0,0,0,0,0,0,0,0,0,0,0,0,,,,0,,,,,,,,,
211,Internal,765.5,1397.0,64837,65,8.8,10.5,8.0,2031.5,420.0,413.5,412.0,38,0,0,0,0,0,0,12,0,0,0,0,0,0,0,0,0,3,386,0,150,321,0,594,0,,,,,,,,,
212,Internal,34.5,64.0,64837,65,8.8,10.5,86.0,81.0,209.0,40.0,123.0,28,0,0,0,0,0,0,0,0,0,0,0,0,0,0,0,0,3,386,0,0,151,0,0,0,,,,,,,,,
213,Internal,56.0,127.0,64837,65,8.8,10.5,11.0,261.0,119.0,60.0,53.0,44,0,0,0,0,0,0,0,0,0,0,0,0,0,0,0,0,3,386,0,150,95,0,19,0,,,,,,,,,
214,Internal,124.0,179.5,64837,65,8.8,10.5,0.0,112.0,68.0,62.0,93.0,60,0,0,0,0,0,0,41,0,0,0,0,0,0,0,0,0,3,386,0,150,155,0,31,0,,,,,,,,,
215,Internal,289.0,559.5,64837,65,8.8,10.5,19.0,160.0,97.5,62.0,83.5,45,0,0,0,0,0,0,19,0,0,0,0,0,0,0,0,0,3,386,0,150,225,0,45,0,,,,,,,,,
216,Internal,570.5,1023.5,64837,65,8.8,10.5,6.0,260.5,174.0,210.5,197.5,19,0,0,0,0,0,0,4,0,0,0,0,0,0,0,0,0,3,386,0,150,507,0,102,0,,,,,,,,,
217,Internal,834.5,1443.0,64837,65,8.8,10.5,89.0,273.5,187.5,88.0,114.5,29,0,0,0,0,0,0,37,0,0,0,0,0,7,0,0,0,0,0,0,0,,,,0,,,,,,,,,
218,Internal,263.5,521.0,64837,65,8.8,10.5,24.0,75.0,110.0,16.5,38.0,15,0,0,0,0,0,0,27,13,0,0,0,0,0,0,0,0,3,386,0,150,36,0,7,0,,,,,,,,,
219,Internal,120.0,221.0,64837,65,8.8,10.5,39.0,208.0,109.0,106.0,56.0,48,0,0,0,0,0,0,0,0,0,0,0,0,0,0,0,0,3,386,0,150,177,0,36,0,,,,,,,,,
220,Internal,133.5,244.0,64837,65,8.8,10.5,73.0,31.0,37.0,19.0,53.5,13,0,0,0,0,0,0,0,0,0,0,0,0,0,0,0,0,3,386,0,150,84,0,17,0,,,,,,,,,
221,Internal,232.0,423.5,64837,65,8.8,10.5,22.0,79.0,57.0,56.0,51.0,32,0,0,0,0,0,0,0,0,0,0,0,0,0,0,0,0,3,386,0,150,34,0,7,0,,,,,,,,,
222,Internal,75.5,193.0,25189,39,28.9,9.3,7.0,0.0,16.5,4.0,0.0,37,0,0,0,0,0,0,1,0,0,0,0,0,0,0,0,0,0,0,0,0,,,,0,,,,,,,,,
223,Internal,68.5,218.0,25189,39,28.9,9.3,0.0,0.0,0.0,0.0,0.0,29,0,0,0,0,0,0,0,0,0,0,0,0,0,0,0,0,0,0,0,0,,,,0,,,,,,,,,
224,Internal,99.5,270.5,25189,39,28.9,9.3,0.0,0.0,0.0,0.0,0.0,29,0,0,0,0,0,0,0,0,0,0,0,0,0,0,0,0,0,0,0,0,,,,0,,,,,,,,,
225,Internal,109.5,274.5,25189,39,28.9,9.3,24.0,76.5,58.0,12.0,2.0,29,0,0,0,0,0,0,1,0,0,0,0,0,0,0,0,0,0,0,0,0,,,,0,,,,,,,,,
226,Internal,80.0,180.0,37107,39,21.3,18.1,0.0,49.0,3.5,1.0,0.0,29,0,0,0,0,0,0,1,5,0,0,0,0,274,0,0,0,0,0,0,0,,,,0,,,,,,,,,
227,Internal,121.5,274.0,37107,39,21.3,18.1,0.0,7.0,3.5,2.0,5.0,29,0,0,0,0,0,0,6,5,0,0,0,0,0,0,0,0,0,0,0,0,,,,0,,,,,,,,,
228,Internal,128.5,337.0,37107,39,21.3,18.1,0.0,3.0,0.0,0.0,0.0,29,0,0,0,0,0,0,10,0,0,0,0,0,0,0,0,0,0,0,0,0,,,,0,,,,,,,,,
229,Internal,69.5,195.5,37107,39,21.3,18.1,0.0,0.0,4.0,0.0,0.0,29,0,0,0,0,0,0,9,5,0,0,0,0,0,0,0,0,0,0,0,0,,,,0,,,,,,,,,
230,Internal,6.0,9.0,37107,39,21.3,18.1,0.0,15.0,2.0,0.0,0.0,29,0,0,0,0,0,0,0,0,0,0,0,0,0,0,0,0,0,0,0,0,,,,0,,,,,,,,,
231,Internal,31.5,52.0,37107,39,21.3,18.1,4.0,23.0,19.5,0.5,4.0,29,0,0,0,0,0,0,1,0,0,0,0,0,0,0,0,0,0,0,0,0,,,,0,,,,,,,,,
232,Internal,100.0,287.5,40217,38,15.7,8.1,3.0,9.0,10.0,0.0,3.0,35,0,0,0,0,0,0,1,5,0,0,0,0,444,0,0,0,0,0,0,0,,,,0,,,,,,,,,
233,Internal,71.5,217.5,40217,38,15.7,8.1,0.0,4.0,24.0,10.0,13.0,35,0,0,0,0,0,0,1,0,0,0,0,0,0,0,0,0,0,0,0,0,,,,0,,,,,,,,,
234,Internal,77.0,179.0,40217,38,15.7,8.1,0.0,0.0,4.0,0.0,0.0,35,0,0,0,0,0,0,0,5,0,0,0,0,0,0,0,0,0,0,0,0,,,,0,,,,,,,,,
235,Internal,15.0,36.5,40217,38,15.7,8.1,0.0,89.0,0.0,1.0,5.0,35,0,0,0,0,0,0,0,0,0,0,0,0,703,0,0,0,0,0,0,0,,,,0,,,,,,,,,
236,Internal,110.0,226.5,40217,38,15.7,8.1,5.0,60.0,35.0,16.0,0.0,35,0,0,0,0,0,0,0,5,0,0,0,0,188,0,0,0,0,0,0,0,,,,0,,,,,,,,,
237,Internal,143.5,366.0,24847,38,26.1,9.0,0.0,62.0,13.0,1.0,0.0,35,0,0,0,0,0,0,0,5,0,0,0,0,414,0,0,0,0,0,0,0,,,,0,,,,,,,,,
238,Internal,135.0,362.0,24847,38,26.1,9.0,7.0,4.0,8.0,4.0,2.0,35,0,0,0,0,0,0,1,9,0,0,0,0,841,0,0,0,0,0,0,0,,,,0,,,,,,,,,
239,Internal,187.0,525.0,24847,38,26.1,9.0,2.0,10.5,4.0,0.0,2.0,35,0,0,0,0,0,0,0,0,0,0,0,0,0,0,0,0,0,0,0,0,,,,0,,,,,,,,,
240,Internal,219.0,564.0,24847,38,26.1,9.0,0.0,4.0,0.0,0.0,0.0,35,0,0,0,0,0,0,1,13,0,0,0,0,0,0,0,0,0,0,0,0,,,,0,,,,,,,,,
241,Internal,216.5,691.5,39423,38,26.5,7.2,50.0,21.5,44.0,18.0,3.0,35,0,0,0,0,0,0,1,0,0,0,0,0,0,0,0,0,0,0,0,0,,,,0,,,,,,,,,
242,Internal,115.0,358.5,39423,38,26.5,7.2,53.0,593.5,279.5,41.0,87.0,51,0,0,0,0,0,0,0,0,0,0,0,0,0,0,0,0,0,0,0,0,,,,0,,,,,,,,,
243,Internal,124.0,291.0,39423,38,26.5,7.2,0.0,29.5,2.5,3.0,0.0,35,0,0,0,0,0,0,0,0,0,0,0,0,0,0,0,0,0,0,0,0,,,,0,,,,,,,,,
244,Internal,18.5,45.5,39423,38,26.5,7.2,28.0,103.0,74.5,5.5,15.5,35,0,0,0,0,0,0,0,0,0,0,0,0,0,0,0,0,0,0,0,0,,,,0,,,,,,,,,
245,Internal,101.0,245.0,39423,38,26.5,7.2,0.0,111.5,5.0,1.0,0.0,35,0,0,0,0,0,0,0,0,0,0,0,0,0,0,0,0,0,0,0,0,,,,0,,,,,,,,,
246,Internal,5.5,48.5,39423,38,26.5,7.2,0.0,3.0,1.0,0.0,0.0,35,0,0,0,0,0,0,0,0,0,0,0,0,0,0,0,0,0,0,0,0,,,,0,,,,,,,,,
247,Internal,159.0,469.0,20590,43,36.8,5.8,67.0,38.5,117.5,8.0,30.0,42,0,0,0,0,0,0,0,9,0,0,0,0,0,0,0,0,0,0,0,0,,,,0,,,,,,,,,
248,Internal,237.0,768.5,20590,43,36.8,5.8,0.0,3.0,153.0,88.0,20.0,12,0,0,0,0,0,0,0,17,0,0,0,0,0,0,0,0,0,0,0,0,,,,0,,,,,,,,,
249,Internal,163.5,551.5,20590,43,36.8,5.8,2.0,110.0,180.5,9.0,246.0,5,0,0,0,0,0,0,6,0,0,0,0,0,0,0,0,0,0,0,0,0,,,,0,,,,,,,,,
250,Internal,317.5,803.0,20590,43,36.8,5.8,0.0,3.0,19.0,5.0,0.0,15,0,0,0,0,0,0,0,13,0,0,0,0,0,0,0,0,0,0,0,0,,,,0,,,,,,,,,
251,Internal,372.0,923.5,20590,43,36.8,5.8,20.0,169.0,247.0,54.0,40.0,15,0,0,0,0,0,0,0,13,0,0,0,0,0,0,0,0,0,0,0,0,,,,0,,,,,,,,,
252,Internal,47.5,190.5,16750,43,30.5,10.8,26.0,56.5,118.0,38.5,64.5,20,0,0,0,0,0,0,0,0,0,0,0,0,0,0,0,0,0,0,0,0,,,,0,,,,,,,,,
253,Internal,122.0,370.0,16750,43,30.5,10.8,4.0,29.5,7.0,0.0,5.0,53,0,0,0,0,0,0,0,17,0,0,0,0,0,0,0,0,0,0,0,0,,,,0,,,,,,,,,
254,Internal,191.0,408.5,16750,43,30.5,10.8,2.0,80.0,250.5,67.5,121.0,8,0,0,0,0,0,0,0,5,0,0,0,0,0,0,0,0,0,0,0,0,,,,0,,,,,,,,,
255,Internal,150.5,414.0,30580,43,23.5,6.9,0.0,62.0,10.5,1.5,0.0,15,0,0,0,0,0,0,4,5,0,0,0,0,0,0,0,0,0,0,0,0,,,,0,,,,,,,,,
256,Internal,128.5,333.5,30580,43,23.5,6.9,0.0,38.5,52.0,30.0,3.0,15,0,0,0,0,0,0,0,0,0,0,0,0,0,0,0,0,0,0,0,0,,,,0,,,,,,,,,
257,Internal,75.5,161.5,30580,43,23.5,6.9,0.0,0.0,42.0,0.0,0.0,15,0,0,0,0,0,0,0,0,0,0,0,0,0,0,0,0,0,0,0,0,,,,0,,,,,,,,,
258,Internal,127.5,336.5,27143,43,28.6,4.1,2.0,10.5,37.5,18.5,11.0,14,0,0,0,0,0,0,0,0,0,0,0,0,0,0,0,0,0,0,0,0,,,,0,,,,,,,,,
259,Internal,167.5,524.5,27143,43,28.6,4.1,12.0,4.0,7.0,0.0,18.0,15,0,0,0,0,0,0,0,0,0,0,0,0,0,0,0,0,0,0,0,0,,,,0,,,,,,,,,
260,Internal,242.0,660.5,27143,43,28.6,4.1,0.0,4.0,46.0,7.0,0.0,15,0,0,0,0,0,0,1,13,0,0,0,0,0,0,0,0,0,0,0,0,,,,0,,,,,,,,,
261,Internal,109.5,300.5,23426,39,31.9,11.5,0.0,68.5,92.0,158.5,55.0,24,0,0,0,0,0,0,1,0,0,0,0,0,11,0,0,0,0,0,0,0,,,,0,,,,,,,,,
262,Internal,93.5,266.0,23426,39,31.9,11.5,0.0,13.0,31.0,5.5,7.0,24,0,0,0,0,0,0,15,5,0,0,0,0,0,0,0,0,0,0,0,0,,,,0,,,,,,,,,
263,Internal,251.0,579.5,23426,39,31.9,11.5,0.0,32.0,48.5,18.0,39.5,19,0,0,0,0,0,0,0,0,0,0,0,0,0,0,0,0,0,0,0,0,,,,0,,,,,,,,,
264,Internal,5.5,27.5,23426,39,31.9,11.5,142.0,24.5,6.5,11.5,0.0,19,0,0,0,0,0,0,0,0,0,0,0,0,0,0,0,0,0,0,0,0,,,,0,,,,,,,,,
265,Internal,877.5,1938.0,47413,56,15.8,10.5,3.0,14.0,68.0,0.5,0.5,26,0,0,0,0,0,141,190,32,0,0,0,0,0,0,0,0,0,0,0,0,,,,0,,,,,,,,,
266,Internal,183.5,549.0,23426,39,31.9,11.5,0.0,10.0,11.0,5.0,10.0,24,0,0,0,0,0,0,1,5,0,0,0,0,0,0,0,0,0,0,0,0,,,,0,,,,,,,,,
267,Internal,67.0,148.0,23426,39,31.9,11.5,0.0,10.0,14.0,0.0,6.0,24,0,0,0,0,0,0,0,5,0,0,0,0,0,0,0,0,3,386,0,150,196,0,40,0,,,,,,,,,
268,Internal,68.5,142.5,23426,39,31.9,11.5,22.0,155.5,100.0,19.5,59.0,19,0,0,0,0,0,0,1,5,0,0,0,0,0,0,0,0,3,386,0,150,186,0,37,0,,,,,,,,,
269,Internal,587.0,1078.5,23426,39,31.9,11.5,3.0,57.5,46.5,35.5,63.0,24,0,0,0,0,0,0,0,0,0,0,0,0,0,0,0,0,3,386,0,150,119,0,24,0,,,,,,,,,
270,Internal,391.5,769.5,21810,39,21.6,15.3,23.0,190.5,329.5,115.0,23.5,43,0,0,0,0,0,0,0,5,0,0,0,0,0,0,0,0,0,0,0,0,,,,0,,,,,,,,,
271,Internal,299.5,685.0,21810,39,21.6,15.3,12.0,102.0,106.0,45.0,42.5,0,0,0,0,0,0,0,4,9,0,0,0,0,0,0,0,0,0,0,0,0,,,,0,,,,,,,,,
272,Internal,35.0,68.5,21810,39,21.6,15.3,26.0,79.0,50.0,25.5,27.5,51,0,0,0,0,0,0,0,0,0,0,0,0,0,0,0,0,0,0,0,0,,,,0,,,,,,,,,
273,Internal,260.0,507.5,21810,39,21.6,15.3,2.0,637.5,63.5,49.5,76.0,32,0,0,0,0,0,0,0,0,0,0,0,0,0,0,0,0,3,386,0,150,59,0,100,0,,,,,,,,,
274,Internal,6.0,19.0,21810,39,21.6,15.3,0.0,24.5,20.0,6.5,23.5,24,0,0,0,0,0,0,0,0,0,0,0,0,0,0,0,0,0,0,0,0,,,,0,,,,,,,,,
275,Internal,256.0,402.5,21810,39,21.6,15.3,12.0,148.5,58.5,27.5,24.5,13,0,0,0,0,0,0,0,0,0,0,0,0,0,0,0,0,0,0,0,0,,,,0,,,,,,,,,
276,Internal,53.5,163.5,21810,39,21.6,15.3,0.0,63.0,59.0,29.0,91.5,24,0,0,0,0,0,0,0,9,0,0,0,0,0,0,0,0,0,0,0,0,,,,0,,,,,,,,,
277,Internal,159.5,385.5,21810,39,21.6,15.3,0.0,25.0,48.5,21.0,3.5,24,0,0,0,0,0,0,0,0,0,0,0,0,0,0,0,0,0,0,0,0,,,,0,,,,,,,,,
278,Internal,83.0,151.0,21810,39,21.6,15.3,40.0,101.0,48.0,53.5,43.5,42,0,0,0,0,0,0,0,0,0,0,0,0,0,0,0,0,0,0,0,0,,,,0,,,,,,,,,
279,Internal,64.0,153.5,21810,39,21.6,15.3,96.0,52.5,34.5,54.5,0.0,24,0,0,0,0,0,0,0,0,0,0,0,0,0,0,0,0,0,0,0,0,,,,0,,,,,,,,,
280,Internal,198.5,430.5,30240,41,22.3,9.5,136.0,3.0,57.0,4.0,12.0,34,0,0,0,0,0,0,1,5,0,0,0,0,0,0,0,0,0,0,0,0,,,,0,,,,,,,,,
281,Internal,240.0,524.0,24821,35,23.5,15.1,0.0,24.5,8.5,5.5,17.0,52,0,0,0,0,0,0,12,9,0,0,0,0,0,0,0,0,0,0,0,0,,,,0,,,,,,,,,
282,Internal,314.0,557.0,24821,35,23.5,15.1,0.0,60.5,43.0,77.0,26.5,52,0,0,0,0,0,0,100,0,0,0,0,0,0,0,0,0,3,386,0,150,43,0,9,0,,,,,,,,,
283,Internal,112.5,315.0,24821,35,23.5,15.1,0.0,15.5,18.5,4.5,2.5,52,0,0,0,0,0,0,0,9,0,0,0,0,0,0,0,0,0,0,0,0,,,,0,,,,,,,,,
284,Internal,206.5,330.5,29267,52,13.6,17.7,218.0,1478.0,623.0,299.0,264.5,68,0,0,0,0,0,0,0,5,0,0,0,0,273,0,50,0,0,0,0,0,,,,0,,,,,,,,,
285,Internal,56.5,106.5,24821,35,23.5,15.1,117.0,633.0,265.0,404.0,162.5,57,0,0,0,0,0,0,0,0,0,0,0,0,0,0,0,0,3,386,0,150,81,0,16,0,,,,,,,,,
286,Internal,138.0,264.5,24821,35,23.5,15.1,0.0,873.0,67.0,416.5,56.0,28,0,0,0,0,0,0,0,0,0,0,0,0,0,0,0,0,3,386,0,200,711,0,143,0,,,,,,,,,
287,Internal,212.5,388.5,24821,35,23.5,15.1,29.0,248.5,191.0,97.0,53.5,92,0,0,0,0,0,0,0,0,0,0,0,0,0,0,0,0,3,386,0,150,378,0,76,0,,,,,,,,,
288,Internal,288.5,423.5,24821,35,23.5,15.1,0.0,293.0,86.5,159.0,106.0,52,0,0,0,0,0,0,0,0,0,0,0,0,0,0,0,0,0,0,0,0,,,,0,,,,,,,,,
289,Internal,56.5,147.0,50055,35,50.0,4.1,0.0,16.0,19.5,8.5,17.0,52,0,0,0,0,0,0,0,0,0,0,0,0,0,0,0,0,0,0,0,0,,,,0,,,,,,,,,
290,Internal,673.5,1250.0,50055,35,50.0,4.1,5.0,116.0,309.5,211.5,53.0,52,0,0,0,0,0,0,1,0,0,0,0,0,0,0,0,0,0,0,0,0,,,,0,,,,,,,,,
291,Internal,457.5,839.0,50055,35,50.0,4.1,0.0,172.5,131.5,74.5,194.5,8,0,0,0,0,0,0,0,0,0,0,0,0,0,0,0,0,0,0,0,0,,,,0,,,,,,,,,
292,Internal,668.5,1121.0,50055,35,50.0,4.1,0.0,134.5,180.5,78.5,69.5,55,0,0,0,0,0,0,94,0,0,0,0,0,0,0,0,0,3,0,0,150,0,0,13,0,,,,,,,,,
293,Internal,286.0,578.0,50055,35,50.0,4.1,88.0,110.0,126.0,127.0,57.0,21,0,0,0,0,0,0,0,0,0,0,0,0,0,0,0,0,0,0,0,0,,,,0,,,,,,,,,
294,Internal,480.5,843.5,50055,35,50.0,4.1,4.0,133.0,150.5,57.5,209.5,9,0,0,0,0,0,0,0,27,0,0,0,0,0,0,0,0,3,386,0,150,260,0,52,0,,,,,,,,,
295,Internal,190.0,435.0,30240,41,22.3,9.5,7.0,81.0,330.0,28.5,5.5,35,0,0,0,0,0,0,0,9,0,0,0,0,0,0,0,0,0,0,0,0,,,,0,,,,,,,,,
296,Internal,120.0,265.0,30240,41,22.3,9.5,0.0,0.0,1.5,0.0,0.0,34,0,0,0,0,0,0,15,9,0,0,0,0,0,0,0,0,0,0,0,0,,,,0,,,,,,,,,
297,Internal,113.5,222.5,30240,41,22.3,9.5,0.0,105.0,121.0,26.0,13.0,34,0,0,0,0,0,0,0,5,0,0,0,268,0,0,0,0,0,0,0,0,,,,0,,,,,,,,,
298,Internal,207.0,430.5,30240,41,22.3,9.5,0.0,112.5,31.0,38.5,13.0,34,0,0,0,0,0,0,1,9,0,0,0,0,0,0,0,0,0,0,0,0,,,,0,,,,,,,,,
299,Internal,293.0,555.0,20152,41,24.1,18.0,2.0,459.5,69.5,14.0,9.0,6,0,0,0,34,0,0,0,31,0,0,0,106,0,0,0,0,0,0,0,0,,,,0,,,,,,,,,
300,Internal,173.0,474.0,20152,41,24.1,18.0,80.0,551.0,108.0,26.0,14.0,48,0,0,0,679,0,0,1,13,0,0,0,930,345,0,0,0,0,0,0,0,,,,0,,,,,,,,,
301,Internal,359.5,698.0,20152,41,24.1,18.0,0.0,2249.5,326.5,134.0,43.0,51,0,0,0,1849,0,0,1,49,0,0,0,714,516,0,0,0,6,172,56,250,220,102,4,0,,,,,,,,,
302,Internal,262.5,626.5,42292,41,15.5,12.4,3.0,5.0,61.5,7.0,22.0,48,0,0,0,0,0,0,15,22,0,0,0,0,0,0,0,0,6,172,56,250,1496,525,39,0,,,,,,,,,
303,Internal,132.0,371.0,28942,33,33.4,11.5,6.0,128.0,20.5,29.0,21.0,6,0,0,0,0,0,0,1,9,0,0,0,0,950,0,0,0,0,0,0,0,,,,0,,,,,,,,,
304,Internal,991.5,2292.5,28942,33,33.4,11.5,3.0,14.0,72.0,33.5,55.0,7,0,0,0,0,0,12,1,31,0,0,0,0,47,0,0,0,0,0,0,0,,,,0,,,,,,,,,
305,Internal,508.5,1253.5,34643,26,16.4,17.6,0.0,61.5,76.0,9.0,42.5,35,0,0,0,0,0,0,4,13,0,0,0,0,0,0,0,0,0,0,0,0,,,,0,,,,,,,,,
306,Internal,83.0,211.0,12599,26,46.8,5.4,0.0,22.0,19.5,1.0,12.5,35,0,0,0,0,0,0,0,5,0,0,0,0,0,0,0,0,0,0,0,0,,,,0,,,,,,,,,
307,Internal,10.0,31.5,12599,26,46.8,5.4,292.5,126.0,52.5,0.0,9.5,62,0,0,0,0,0,0,0,0,0,0,0,0,0,0,0,0,0,0,0,0,,,,0,,,,,,,,,
308,Internal,125.5,348.0,12599,26,46.8,5.4,12.0,300.5,698.5,947.5,9.0,30,0,0,0,0,0,0,0,5,0,0,0,0,244,0,0,0,0,0,0,0,,,,0,,,,,,,,,
309,Internal,623.0,1681.5,12599,26,46.8,5.4,0.0,183.5,204.5,49.5,14.0,35,0,0,0,0,0,0,0,5,0,0,0,0,480,0,0,0,0,0,0,0,,,,0,,,,,,,,,
310,Internal,291.0,539.5,12599,26,46.8,5.4,23.0,193.5,226.0,146.0,2.0,17,0,0,0,0,0,0,0,0,0,0,0,0,0,0,0,0,0,0,0,0,,,,0,,,,,,,,,
311,Internal,937.0,1716.0,58190,47,22.0,12.0,0.0,1631.0,4.0,4.0,0.0,74,0,0,599,0,0,0,46,0,0,0,1027,0,0,0,0,0,4,544,0,200,422,0,26,0,,,,,,,,,
312,Internal,677.5,1232.5,32196,43,2.5,2.5,5.0,127.5,317.0,24.0,32.0,45,0,0,0,0,0,24,358,15,0,0,0,0,0,0,0,0,0,0,0,0,,,,0,,,,,,,,,
313,Internal,396.0,983.5,75288,51,17.2,19.8,0.0,30.5,106.0,0.0,0.0,1,0,0,0,0,0,0,3,10,0,0,0,0,0,0,0,0,0,0,0,0,,,,0,,,,,,,,,
314,Internal,312.5,776.0,61840,48,21.5,17.7,11.0,14.0,47.5,0.0,0.0,26,0,0,0,0,0,0,1,2,0,0,0,0,0,0,0,0,0,0,0,0,,,,0,,,,,,,,,
315,Internal,70.5,173.0,47090,44,30.6,8.3,62.0,24.0,145.0,35.5,549.0,8,0,0,0,0,0,0,1,2,0,0,0,0,0,0,0,0,0,0,0,0,,,,0,,,,,,,,,
316,Internal,1.0,2.0,58190,47,22.0,12.0,0.0,168.0,2.0,2.0,4.0,74,0,0,0,0,0,12,4,0,0,0,4,0,0,0,0,0,4,75,81,200,1489,230,395,0,,,,,,,,,
317,Internal,685.0,1247.5,27697,43,26.8,6.4,2.0,14.0,20.5,1.0,1.0,25,0,0,0,0,0,26,358,16,0,0,0,0,0,0,0,0,0,0,0,0,,,,0,,,,,,,,,
318,Internal,4.5,9.5,27697,43,26.8,6.4,0.0,3.5,59.5,2.5,22.0,23,0,0,0,0,0,0,0,0,0,0,0,0,0,0,0,0,0,0,0,0,,,,0,,,,,,,,,
319,Internal,0.5,1.0,27697,43,26.8,6.4,0.0,876.0,337.5,79.5,42.0,23,0,0,0,0,0,0,9,0,0,0,82,0,0,0,0,0,4,267,0,200,1923,0,23,0,,,,,,,,,
320,Internal,125.5,331.5,27697,43,26.8,6.4,2.0,14.5,33.0,37.5,1.5,23,0,0,0,0,0,0,32,5,0,0,0,0,0,0,0,0,4,267,0,0,170,0,0,0,,,,,,,,,
321,Internal,1.5,3.0,27697,43,26.8,6.4,3.0,419.0,4344.0,5.0,54.0,38,0,0,0,0,0,0,0,0,0,0,0,0,0,0,0,0,4,544,0,0,1014,0,0,0,,,,,,,,,
322,Internal,203.5,325.0,29942,43,13.3,16.6,0.0,289.0,919.5,230.5,62.0,23,0,0,0,0,0,0,1,0,0,0,0,0,0,0,0,0,4,273,0,200,145,0,498,0,,,,,,,,,
323,Internal,407.0,757.0,30625,43,10.1,2.5,3.0,34.0,355.0,18.5,60.5,31,0,0,0,0,0,50,533,27,0,0,0,0,0,0,0,0,0,0,0,0,,,,0,,,,,,,,,
324,Internal,577.0,1136.5,30625,43,10.1,2.5,3.0,223.5,507.5,357.5,84.0,20,0,0,0,0,0,38,726,5,0,0,0,0,0,0,0,0,4,0,81,0,0,75,0,0,,,,,,,,,
325,Internal,534.5,1016.0,30625,43,10.1,2.5,20.0,224.5,639.5,63.0,245.5,17,0,0,0,0,0,38,337,0,0,0,54,0,0,0,0,0,4,267,0,0,173,0,0,0,,,,,,,,,
326,Internal,277.5,518.0,58190,50,22.0,12.0,0.0,1020.5,39.5,25.0,62.0,0,0,0,2058,0,0,0,0,0,0,0,700,0,0,0,0,0,4,544,81,200,159,639,17,0,,,,,,,,,
327,Internal,140.5,328.0,93365,51,14.7,19.5,0.0,88.0,27.5,0.0,0.0,16,0,0,0,0,0,0,0,0,0,0,0,0,1230,0,0,0,0,0,0,0,,,,0,,,,,,,,,
328,Internal,134.5,373.5,93365,51,14.7,19.5,13.0,88.0,138.5,12.0,0.0,27,0,0,0,0,0,0,0,5,0,0,0,0,658,0,38,0,0,0,0,0,,,,0,,,,,,,,,
329,Internal,384.5,983.5,93365,51,14.7,19.5,23.5,12.0,5.0,0.0,0.0,16,0,0,0,0,0,0,0,5,0,0,0,0,0,0,0,0,0,0,0,0,,,,0,,,,,,,,,
330,Internal,6.5,25.0,93365,51,14.7,19.5,0.0,0.0,0.0,0.0,0.0,16,0,0,0,0,0,0,1,0,0,0,0,0,0,0,0,0,0,0,0,0,,,,0,,,,,,,,,
331,Internal,665.5,1708.0,79500,51,25.8,15.8,2.0,271.0,485.0,16.0,8.0,16,0,0,0,0,0,0,1,9,0,0,0,0,0,0,0,0,0,0,0,0,,,,0,,,,,,,,,
332,Internal,497.5,1202.5,79500,51,25.8,15.8,28.0,11.0,59.5,0.5,3.0,16,0,0,0,0,0,0,12,17,0,0,0,0,0,0,0,0,0,0,0,0,,,,0,,,,,,,,,
333,Internal,146.0,403.0,79500,51,25.8,15.8,2.0,4.0,155.0,2.0,41.0,11,0,0,0,0,0,0,1,5,0,0,0,0,0,0,0,0,0,0,0,0,,,,0,,,,,,,,,
334,Internal,179.0,445.0,75288,51,17.2,19.8,0.0,5.0,2.0,0.0,0.0,16,0,0,0,0,0,0,1,4,0,0,0,0,0,0,0,0,0,0,0,0,,,,0,,,,,,,,,
335,Internal,189.0,519.5,75288,51,17.2,19.8,2.0,21.0,110.0,0.5,0.0,6,0,0,0,0,0,0,0,9,0,0,0,0,0,0,0,0,0,0,0,0,,,,0,,,,,,,,,
336,Internal,322.0,856.0,77333,48,20.2,20.8,2.0,161.0,120.0,1.0,172.0,15,0,0,0,0,0,0,4,0,0,0,0,0,677,0,0,0,0,0,0,0,,,,0,,,,,,,,,
337,Internal,370.5,1067.5,63915,48,26.1,13.5,10.0,376.5,419.5,88.0,16.0,36,0,0,0,0,0,0,1,35,0,0,0,0,3795,0,0,0,0,0,0,0,,,,0,,,,,,,,,
338,Internal,421.0,1026.5,63915,48,26.1,13.5,3.0,5.0,91.5,0.0,9.0,10,0,0,0,0,0,0,1,9,0,0,0,0,0,0,0,0,0,0,0,0,,,,0,,,,,,,,,
339,Internal,566.5,1540.5,63915,48,26.1,13.5,2.0,8.0,22.5,0.0,11.0,26,0,0,0,0,0,0,4,17,0,0,0,0,0,0,0,0,0,0,0,0,,,,0,,,,,,,,,
340,Internal,251.5,625.0,61840,48,21.5,17.7,0.0,38.0,84.0,27.5,3.0,24,0,0,0,0,0,0,0,2,0,0,0,0,0,0,0,0,0,0,0,0,,,,0,,,,,,,,,
341,Internal,302.0,777.0,144549,48,10.2,23.7,4.0,19.0,2.5,33.0,0.0,52,0,0,0,0,0,0,1,0,0,0,0,0,0,0,0,0,0,0,0,0,,,,0,,,,,,,,,
342,Internal,389.0,984.0,144549,48,10.2,23.7,11.0,36.0,21.0,0.0,3.0,26,0,0,0,0,0,0,0,0,0,0,0,0,0,0,0,0,0,0,0,0,,,,0,,,,,,,,,
343,Internal,377.0,780.0,90993,46,15.6,27.2,20.0,29.0,6.5,2.0,3.0,18,0,0,0,0,0,0,12,5,0,0,0,0,0,0,0,0,0,0,0,0,,,,0,,,,,,,,,
344,Internal,66.0,175.5,90993,46,15.6,27.2,0.0,5.0,17.0,0.0,0.0,26,0,0,0,0,0,0,0,0,0,0,0,0,0,0,0,0,0,0,0,0,,,,0,,,,,,,,,
345,Internal,317.0,805.5,90993,46,15.6,27.2,2.0,17.0,22.0,0.0,0.0,26,0,0,0,0,0,0,1,9,0,0,0,0,0,0,0,0,0,0,0,0,,,,0,,,,,,,,,
346,Internal,198.0,479.0,90993,46,15.6,27.2,10.0,0.0,2.0,7.0,0.0,26,0,0,0,0,0,0,6,0,0,0,0,0,0,0,0,0,0,0,0,0,,,,0,,,,,,,,,
347,Internal,518.5,1441.0,121382,46,18.6,25.9,0.0,29.0,13.0,0.0,2.0,50,0,0,0,0,0,0,4,17,0,0,0,0,0,0,0,0,0,0,0,0,,,,0,,,,,,,,,
348,Internal,464.5,1178.0,121382,46,18.6,25.9,0.0,20.0,53.0,0.0,2.0,26,0,0,0,0,0,0,1,0,0,0,0,0,0,0,0,0,0,0,0,0,,,,0,,,,,,,,,
349,Internal,190.5,441.0,121382,46,18.6,25.9,0.0,9.0,45.0,0.0,8.0,9,0,0,0,0,0,0,1,5,0,0,0,0,0,0,0,0,0,0,0,0,,,,0,,,,,,,,,
350,Internal,238.0,597.0,100893,46,22.1,15.7,53.0,17.0,3.0,0.0,0.0,26,0,0,0,0,0,0,0,5,0,0,0,0,0,0,0,0,0,0,0,0,,,,0,,,,,,,,,
351,Internal,567.5,1461.5,100893,46,22.1,15.7,11.0,28.0,39.0,7.0,18.0,15,0,0,0,0,0,0,1,13,0,0,0,0,0,0,0,0,0,0,0,0,,,,0,,,,,,,,,
352,Internal,50.5,164.0,72013,44,10.4,41.5,0.0,187.0,1327.5,36.0,40.0,33,0,0,0,0,0,0,0,0,0,0,0,0,0,0,0,0,0,0,0,0,,,,0,,,,,,,,,
353,Internal,328.0,784.5,35664,57,25.8,6.9,2.0,7.0,77.5,0.0,10.0,50,0,0,0,0,0,0,1,13,0,0,0,0,0,0,0,0,0,0,0,0,,,,0,,,,,,,,,
354,Internal,100.5,207.5,72013,44,10.4,41.5,0.0,23.0,75.0,3.5,0.0,29,0,0,0,0,0,0,0,5,0,0,0,0,0,0,0,0,0,0,0,0,,,,0,,,,,,,,,
355,Internal,80.5,169.0,72013,44,10.4,41.5,0.0,10.5,7.0,0.0,0.0,29,0,0,0,0,0,0,4,0,0,0,0,0,0,0,0,0,0,0,0,0,,,,0,,,,,,,,,
356,Internal,93.0,291.0,72013,44,10.4,41.5,0.0,1.5,6.0,1.5,0.0,29,0,0,0,0,0,0,0,5,0,0,0,0,0,0,0,0,0,0,0,0,,,,0,,,,,,,,,
357,Internal,198.0,538.5,72013,44,10.4,41.5,11.0,61.0,129.0,7.0,53.0,19,0,0,0,0,0,0,19,17,0,0,0,0,0,0,0,0,0,0,0,0,,,,0,,,,,,,,,
358,Internal,119.5,342.0,60750,44,14.3,31.7,0.0,15.0,43.5,2.0,3.0,28,0,0,0,0,0,0,10,9,0,0,0,0,0,0,0,0,0,0,0,0,,,,0,,,,,,,,,
359,Internal,284.0,557.0,60750,44,14.3,31.7,7.0,117.0,700.0,101.5,35.0,51,0,0,0,0,0,0,12,0,0,0,0,0,0,0,0,0,0,0,0,0,,,,0,,,,,,,,,
360,Internal,305.0,818.0,60750,44,14.3,31.7,0.0,7.0,54.0,14.0,12.0,28,0,0,0,0,0,0,6,0,0,0,0,0,0,0,0,0,0,0,0,0,,,,0,,,,,,,,,
361,Internal,430.0,928.5,60750,44,14.3,31.7,114.0,103.0,430.5,38.5,85.0,22,0,0,0,0,0,0,115,13,0,0,0,0,0,0,0,0,0,0,0,0,,,,0,,,,,,,,,
362,Internal,84.0,156.0,60750,44,14.3,31.7,6.0,148.5,463.5,40.0,81.0,31,0,0,0,0,0,0,16,13,0,0,0,0,0,0,0,0,0,0,0,0,,,,0,,,,,,,,,
363,Internal,297.0,567.0,47090,44,30.6,8.3,0.0,1.0,204.5,12.0,352.0,28,0,0,0,0,0,0,63,9,0,0,0,0,0,0,0,0,0,0,0,0,,,,0,,,,,,,,,
364,Internal,244.0,602.0,47090,44,30.6,8.3,3.0,33.0,445.0,3.0,41.0,11,0,0,0,0,0,0,3,6,0,0,0,0,0,0,0,0,0,0,0,0,,,,0,,,,,,,,,
365,Internal,104.5,260.0,47090,44,30.6,8.3,3.0,6.0,4.0,12.0,0.0,7,0,0,0,0,0,0,1,9,0,0,0,0,0,0,0,0,0,0,0,0,,,,0,,,,,,,,,
366,Internal,598.0,1325.5,54224,56,17.1,9.0,150.5,59.5,11.5,5.0,7.5,60,0,0,0,0,0,95,127,21,0,0,0,0,0,0,0,0,0,0,0,0,,,,0,,,,,,,,,
367,Internal,744.0,1444.0,47413,56,15.8,10.5,0.0,22.5,66.0,1.5,11.0,44,0,0,0,0,0,24,119,22,0,0,0,0,0,0,0,0,0,0,0,0,,,,0,,,,,,,,,
368,Internal,198.0,361.5,54224,56,17.1,9.0,8.0,2.0,90.0,7.5,2.5,25,0,0,0,0,0,0,35,5,0,0,0,0,0,0,0,0,0,0,0,0,,,,0,,,,,,,,,
369,Internal,479.5,1230.5,68000,45,21.7,18.8,7.0,188.0,65.0,4.0,10.0,49,0,0,0,0,0,0,10,22,0,0,0,0,2269,0,0,0,0,0,0,0,,,,0,,,,,,,,,
370,Internal,427.5,942.5,68000,45,21.7,18.8,0.0,7.0,20.0,0.0,11.0,71,0,0,0,0,0,0,32,0,0,0,0,0,0,0,0,0,0,0,0,0,,,,0,,,,,,,,,
371,Internal,677.0,1427.5,101818,45,11.8,46.1,5.0,2.0,63.0,0.0,8.0,24,0,0,0,0,0,0,141,5,0,0,0,0,0,0,0,0,0,0,0,0,,,,0,,,,,,,,,
372,Internal,526.5,852.0,101818,45,11.8,46.1,0.0,0.0,745.0,0.0,1.0,20,0,0,0,0,0,0,0,0,0,0,0,0,0,0,0,0,0,0,0,0,,,,0,,,,,,,,,
373,Internal,488.0,1195.0,80909,45,8.2,25.3,24.0,27.0,8.0,0.0,26.0,34,0,0,0,0,0,0,6,13,0,0,0,0,0,0,0,0,0,0,0,0,,,,0,,,,,,,,,
374,Internal,877.0,2100.0,74313,45,20.3,39.3,19.0,24.0,100.0,0.5,7.0,12,0,0,0,0,0,0,21,9,0,0,0,0,0,0,0,0,0,0,0,0,,,,0,,,,,,,,,
375,Internal,118.0,312.5,67054,45,11.2,29.2,16.0,39.0,27.0,9.0,13.0,25,0,0,0,0,0,0,12,0,0,0,0,0,0,0,0,0,0,0,0,0,,,,0,,,,,,,,,
376,Internal,9.5,25.5,67054,45,11.2,29.2,61.5,146.5,170.5,81.0,164.0,10,0,0,0,0,0,0,1,0,0,0,0,0,0,0,0,0,0,0,0,0,,,,0,,,,,,,,,
377,Internal,214.5,322.0,67054,45,11.2,29.2,132.5,281.0,302.0,4.0,213.5,24,0,0,0,0,0,12,31,0,0,0,0,0,0,0,0,0,4,0,0,200,0,0,81,0,,,,,,,,,
378,Internal,106.5,218.5,67054,45,11.2,29.2,179.0,119.5,124.5,27.0,135.0,35,0,0,0,0,0,0,0,0,0,0,0,0,272,0,0,0,0,0,0,0,,,,0,,,,,,,,,
379,Internal,14.5,38.0,67054,45,11.2,29.2,460.0,85.0,182.5,32.0,28.0,57,0,0,0,0,0,0,0,0,0,0,0,0,0,0,0,0,0,0,0,0,,,,0,,,,,,,,,
380,Internal,86.5,164.0,67054,45,11.2,29.2,187.5,50.5,27.5,7.0,3.0,30,0,0,0,0,0,0,9,5,0,0,0,0,0,0,0,0,0,0,0,0,,,,0,,,,,,,,,
381,Internal,98.5,279.5,55729,41,29.9,12.2,12.0,49.5,8.0,0.0,0.0,23,0,0,0,0,0,0,0,13,0,0,0,0,0,0,0,0,0,0,0,0,,,,0,,,,,,,,,
382,Internal,547.0,1255.5,55729,41,29.9,12.2,0.0,40.0,103.5,59.5,160.0,15,0,0,0,0,0,0,0,16,0,0,0,0,0,0,0,0,0,0,0,0,,,,0,,,,,,,,,
383,Internal,577.5,1528.0,55729,41,29.9,12.2,1.0,23.5,72.0,8.5,0.0,23,0,0,0,0,0,0,16,31,0,0,0,0,0,0,0,0,0,0,0,0,,,,0,,,,,,,,,
384,Internal,504.5,1624.5,55729,41,29.9,12.2,0.0,9.0,29.0,0.0,5.0,23,0,0,0,0,0,0,0,66,0,0,0,0,0,0,0,0,0,0,0,0,,,,0,,,,,,,,,
385,Internal,178.5,533.0,32648,41,41.6,4.4,0.0,13.5,32.5,2.0,5.0,35,0,0,0,0,0,0,0,0,0,0,0,0,0,0,0,0,0,0,0,0,,,,0,,,,,,,,,
386,Internal,217.0,693.0,32648,41,41.6,4.4,1.0,153.5,77.5,8.0,2.0,35,0,0,0,0,0,0,0,5,0,0,0,0,0,0,0,0,0,0,0,0,,,,0,,,,,,,,,
387,Internal,563.0,1556.5,39375,41,24.5,16.3,3.0,177.5,192.5,27.0,0.0,35,0,0,0,0,0,0,1,13,0,0,0,0,148,0,0,0,0,0,0,0,,,,0,,,,,,,,,
388,Internal,623.5,1527.5,32297,41,34.4,6.9,24.0,226.5,814.0,6.0,77.5,54,0,0,0,0,0,0,0,31,0,0,0,0,0,0,0,0,0,0,0,0,,,,0,,,,,,,,,
389,Internal,651.0,1579.5,32297,41,34.4,6.9,0.0,0.5,72.5,2.0,0.0,35,0,0,0,0,0,0,9,27,0,0,0,0,0,0,0,0,0,0,0,0,,,,0,,,,,,,,,
390,Internal,23.5,57.5,32297,41,34.4,6.9,65.0,132.0,876.5,19.0,0.0,73,0,0,0,0,0,0,0,0,0,0,0,0,0,0,0,0,0,0,0,0,,,,0,,,,,,,,,
391,Internal,421.0,961.0,32297,41,34.4,6.9,0.0,8.0,39.5,2.5,0.0,35,0,0,0,0,0,0,12,22,0,0,0,0,0,0,0,0,0,0,0,0,,,,0,,,,,,,,,
392,Internal,617.5,1594.5,32297,41,34.4,6.9,1.5,55.5,211.0,15.0,5.0,35,0,0,0,0,0,0,0,9,0,0,0,0,0,0,0,0,0,0,0,0,,,,0,,,,,,,,,
393,Internal,480.0,968.5,32297,41,34.4,6.9,196.5,204.0,38.0,0.0,0.0,64,0,0,0,0,0,0,0,0,0,0,0,0,734,0,0,0,0,0,0,0,,,,0,,,,,,,,,
394,Internal,141.5,320.0,47935,50,32.2,8.3,22.0,9.0,194.0,5.5,103.0,30,0,0,0,0,0,0,0,9,0,0,0,0,0,0,0,0,0,0,0,0,,,,0,,,,,,,,,
395,Internal,3.5,8.0,47935,50,32.2,8.3,2.0,39.0,346.0,46.0,506.5,8,0,0,0,0,0,0,0,0,0,0,0,0,0,0,0,0,0,0,0,0,,,,0,,,,,,,,,
396,Internal,370.5,943.5,47935,50,32.2,8.3,0.0,158.0,101.0,17.0,3.0,10,0,0,0,0,0,0,12,16,0,0,0,0,881,0,0,0,0,0,0,0,,,,0,,,,,,,,,
397,Internal,708.0,1930.0,49219,50,24.2,8.0,6.0,0.0,120.0,1.0,8.0,10,0,0,0,0,0,0,4,40,0,0,0,0,0,0,0,0,0,0,0,0,,,,0,,,,,,,,,
398,Internal,191.5,505.0,56989,57,17.5,16.3,90.0,47.0,78.0,53.0,107.0,28,0,0,0,0,0,0,10,17,0,0,0,0,363,0,0,0,0,0,0,0,,,,0,,,,,,,,,
399,Internal,334.5,596.5,56989,57,17.5,16.3,0.0,5.0,4.0,10.0,0.0,20,0,0,0,0,0,0,82,5,0,0,0,0,0,0,0,0,0,0,0,0,,,,0,,,,,,,,,
400,Internal,689.0,1532.5,35664,57,25.8,6.9,0.0,6.0,98.5,0.0,18.0,33,0,0,0,0,0,0,0,22,0,0,0,0,0,0,0,0,0,0,0,0,,,,0,,,,,,,,,
401,Internal,688.0,1427.0,38554,57,24.8,7.6,11.0,100.0,120.0,7.0,289.0,7,0,0,0,0,0,0,16,27,0,0,0,0,831,0,0,0,0,0,0,0,,,,0,,,,,,,,,
402,Internal,307.0,626.5,38554,57,24.8,7.6,0.0,0.0,4.0,14.0,0.0,20,0,0,0,0,0,0,12,31,0,0,0,0,0,0,0,0,0,0,0,0,,,,0,,,,,,,,,
403,Internal,288.0,804.5,78836,43,16.9,7.0,20.5,166.5,318.5,0.0,10.5,58,0,0,0,0,0,0,10,31,0,0,0,0,0,0,0,0,0,0,0,0,,,,0,,,,,,,,,
404,Internal,550.5,1364.5,78836,43,16.9,7.0,47.5,41.0,94.5,0.0,5.0,58,0,0,0,0,0,0,0,9,0,0,0,0,0,0,0,0,0,0,0,0,,,,0,,,,,,,,,
405,Internal,551.5,1399.0,78836,43,16.9,7.0,131.5,129.5,134.0,7.0,4.0,37,0,0,0,0,0,0,9,35,0,0,0,0,837,0,0,0,0,0,0,0,,,,0,,,,,,,,,
406,Internal,146.0,380.5,36786,43,19.3,19.4,3.0,23.5,90.0,3.0,3.0,58,0,0,0,0,0,0,0,9,0,0,0,0,0,0,0,0,0,0,0,0,,,,0,,,,,,,,,
407,Internal,184.5,511.5,36786,43,19.3,19.4,0.0,31.5,74.5,4.0,1.0,58,0,0,0,0,0,0,1,5,0,0,0,0,0,0,0,0,0,0,0,0,,,,0,,,,,,,,,
408,Internal,452.5,1193.0,53203,43,38.1,7.8,19.0,11.5,41.5,31.5,0.0,21,0,0,0,0,0,0,6,53,0,0,0,0,0,0,0,0,0,0,0,0,,,,0,,,,,,,,,
409,Internal,392.0,1100.0,53203,43,38.1,7.8,29.0,14.0,37.5,0.5,9.0,79,0,0,0,0,0,0,0,29,0,0,0,0,7,0,0,0,0,0,0,0,,,,0,,,,,,,,,
410,Internal,82.0,170.0,53203,43,38.1,7.8,242.5,150.0,123.5,6.0,12.0,31,0,0,0,0,0,0,0,0,0,0,0,0,0,0,0,0,0,0,0,0,,,,0,,,,,,,,,
411,Internal,511.0,1291.0,48673,43,22.6,12.6,40.5,89.5,310.0,5.5,0.0,58,0,0,0,0,0,0,0,0,0,0,0,0,0,0,0,0,0,0,0,0,,,,0,,,,,,,,,
412,Internal,238.5,739.0,48673,43,22.6,12.6,295.5,154.0,392.5,4.0,541.0,39,0,0,0,0,0,0,0,5,0,0,0,0,865,0,0,0,0,0,0,0,,,,0,,,,,,,,,
413,Internal,320.5,932.5,48673,43,22.6,12.6,32.0,111.5,387.5,45.5,10.0,40,0,0,0,0,0,0,6,31,0,0,0,0,0,0,0,0,0,0,0,0,,,,0,,,,,,,,,
414,Internal,18.0,43.5,48673,43,22.6,12.6,273.0,68.0,168.5,14.0,4.0,40,0,0,0,0,0,0,0,0,0,0,0,0,0,0,0,0,0,0,0,0,,,,0,,,,,,,,,
415,Internal,8.0,58.5,48673,43,22.6,12.6,102.0,9.0,40.0,1.0,2.0,60,0,0,0,0,0,0,0,0,0,0,0,0,0,0,0,0,0,0,0,0,,,,0,,,,,,,,,
416,Internal,61.5,188.5,51776,43,19.1,26.4,2031.5,148.0,67.0,0.0,0.0,73,0,0,0,0,0,0,0,0,0,0,0,0,794,0,0,0,0,0,0,0,,,,0,,,,,,,,,
417,Internal,28.0,71.0,51776,43,19.1,26.4,0.0,7.0,2.0,0.0,0.0,58,0,0,0,0,0,0,0,0,0,0,0,0,0,0,0,0,0,0,0,0,,,,0,,,,,,,,,
418,Internal,44.0,128.0,51776,43,19.1,26.4,8.0,3.0,0.5,0.0,0.0,58,0,0,0,0,0,0,0,0,0,0,0,0,0,0,0,0,0,0,0,0,,,,0,,,,,,,,,
419,Internal,286.5,758.0,51776,43,19.1,26.4,22.5,43.0,24.0,1.5,8.0,58,0,0,0,0,0,0,1,9,0,0,0,0,99,0,0,0,0,0,0,0,,,,0,,,,,,,,,
420,Internal,63.0,144.0,51776,43,19.1,26.4,4.0,6.0,10.0,0.0,1.0,58,0,0,0,0,0,0,0,0,0,0,0,0,0,0,0,0,0,0,0,0,,,,0,,,,,,,,,
421,Internal,252.5,720.0,37120,42,25.9,11.8,39.0,40.5,102.5,13.0,4.0,35,0,0,0,0,0,0,1,17,0,0,0,0,0,0,0,0,0,0,0,0,,,,0,,,,,,,,,
422,Internal,752.5,1979.0,27099,42,31.8,7.9,24.0,136.5,134.5,0.0,19.0,27,0,0,0,0,0,0,6,27,0,0,0,0,402,0,0,0,0,0,0,0,,,,0,,,,,,,,,
423,Internal,167.5,566.0,37120,42,25.9,11.8,740.0,81.0,270.0,31.5,68.5,32,0,0,0,0,0,0,4,5,0,0,0,0,237,0,0,0,0,0,0,0,,,,0,,,,,,,,,
424,Internal,831.0,2353.0,43944,42,23.4,12.4,106.0,120.0,220.0,32.0,5.0,13,0,0,0,0,0,0,0,66,0,0,0,0,0,0,0,0,0,0,0,0,,,,0,,,,,,,,,
425,Internal,4.5,16.0,43944,42,23.4,12.4,48.0,12.0,151.5,0.0,89.0,43,0,0,0,0,0,0,0,0,0,0,0,0,0,0,0,0,0,0,0,0,,,,0,,,,,,,,,
426,Internal,201.0,590.5,43944,42,23.4,12.4,0.0,13.0,8.0,0.0,0.0,35,0,0,0,0,0,0,0,0,0,0,0,0,0,0,0,0,0,0,0,0,,,,0,,,,,,,,,
427,Internal,240.5,662.0,50543,42,36.8,6.9,162.5,93.5,221.0,4.0,59.0,30,0,0,0,0,0,0,1,5,0,0,0,0,0,0,0,0,0,0,0,0,,,,0,,,,,,,,,
428,Internal,348.5,833.0,50543,42,36.8,6.9,90.0,26.5,25.0,28.0,17.0,35,0,0,0,0,0,0,4,13,0,0,0,0,0,0,0,0,0,0,0,0,,,,0,,,,,,,,,
429,Internal,267.0,675.0,40530,46,24.4,16.2,0.5,9.0,1.0,0.0,0.0,23,0,0,0,0,0,0,0,17,0,0,0,0,0,0,0,0,0,0,0,0,,,,0,,,,,,,,,
430,Internal,100.0,233.5,40530,46,24.4,16.2,45.0,20.0,2.0,0.0,0.0,8,0,0,0,0,0,0,0,0,0,0,0,0,0,0,0,0,0,0,0,0,,,,0,,,,,,,,,
431,Internal,117.0,301.0,40530,46,24.4,16.2,0.0,10.0,1.0,0.0,0.0,23,0,0,0,0,0,0,0,0,0,0,0,0,0,0,0,0,0,0,0,0,,,,0,,,,,,,,,
432,Internal,256.5,625.5,40530,46,24.4,16.2,0.0,113.5,190.5,0.0,10.0,23,0,0,0,0,0,0,0,0,0,0,0,0,0,0,0,0,0,0,0,0,,,,0,,,,,,,,,
433,Internal,267.0,650.0,40530,46,24.4,16.2,0.0,395.0,501.5,0.0,15.0,54,0,0,0,0,0,0,0,0,0,0,0,0,0,0,0,0,0,0,0,0,,,,0,,,,,,,,,
434,Internal,314.5,715.0,40530,46,24.4,16.2,0.0,4.0,35.0,1.0,3.0,23,0,0,0,0,0,0,1,5,0,0,0,0,0,0,0,0,0,0,0,0,,,,0,,,,,,,,,
435,Internal,0.0,0.0,40530,46,24.4,16.2,0.0,0.0,0.0,0.0,0.0,23,0,0,0,0,0,0,0,0,0,0,0,0,0,0,0,0,0,0,0,0,,,,0,,,,,,,,,
436,Internal,505.0,1362.5,85227,53,26.0,6.2,0.0,120.5,307.5,32.0,56.0,17,0,0,0,0,0,0,1,76,0,0,0,0,0,0,0,0,0,0,0,0,,,,0,,,,,,,,,
437,Internal,873.5,2346.0,85227,53,26.0,6.2,0.0,30.5,204.0,12.0,2.0,12,0,0,0,0,0,0,4,79,0,0,0,0,0,0,0,0,0,0,0,0,,,,0,,,,,,,,,
438,Internal,835.5,2123.0,74874,46,34.6,4.5,1176.0,148.0,299.0,0.0,0.0,20,0,0,0,0,0,0,0,22,0,0,0,0,0,0,0,0,0,0,0,0,,,,0,,,,,,,,,
439,Internal,1156.0,3243.0,74874,46,34.6,4.5,8.0,53.0,422.0,3.0,0.0,23,0,0,0,0,0,0,4,114,0,0,0,0,0,0,0,0,0,0,0,0,,,,0,,,,,,,,,
440,Internal,768.5,2117.5,71573,53,22.4,6.3,0.0,129.5,200.0,22.0,123.0,15,0,0,0,0,0,0,6,103,0,0,0,0,0,0,0,0,0,0,0,0,,,,0,,,,,,,,,
441,Internal,331.5,895.0,46250,53,32.4,5.5,0.0,134.5,352.5,8.0,13.5,6,0,0,0,0,0,0,6,44,0,0,0,0,8,0,0,0,0,0,0,0,,,,0,,,,,,,,,
442,Internal,500.5,1384.5,46250,53,32.4,5.5,0.0,92.0,271.0,29.5,10.0,12,0,0,0,0,0,0,1,40,0,0,0,0,0,0,0,0,0,0,0,0,,,,0,,,,,,,,,
443,Internal,615.0,1662.5,46250,53,32.4,5.5,5.0,32.0,41.0,0.0,0.0,12,0,0,0,0,0,0,4,53,0,0,0,0,0,0,0,0,0,0,0,0,,,,0,,,,,,,,,
444,Internal,148.5,388.0,47888,54,21.9,3.9,46.0,40.5,164.0,0.5,134.0,83,0,0,0,0,0,0,0,17,0,0,0,0,0,0,0,0,0,0,0,0,,,,0,,,,,,,,,
445,Internal,678.0,1202.0,47888,54,21.9,3.9,164.5,51.0,394.5,1.5,15.0,39,0,0,0,0,0,0,22,49,0,0,0,0,0,0,0,0,0,0,0,0,,,,0,,,,,,,,,
446,Internal,1.5,16.5,47888,54,21.9,3.9,720.5,456.0,58.5,4.0,24.0,51,0,0,0,0,0,0,0,0,0,0,0,0,0,0,0,0,0,0,0,0,,,,0,,,,,,,,,
447,Internal,951.0,1933.5,47888,54,21.9,3.9,660.0,71.0,170.0,5.0,3.5,58,0,0,0,0,0,0,1,29,0,0,0,0,0,0,0,0,0,0,0,0,,,,0,,,,,,,,,
448,Internal,117.5,299.5,47888,54,21.9,3.9,56.0,57.5,42.5,35.5,68.0,6,0,0,0,0,0,0,0,0,0,0,0,0,220,0,0,0,0,0,0,0,,,,0,,,,,,,,,
449,Internal,161.0,451.5,47888,54,21.9,3.9,38.5,19.5,138.5,19.5,3.0,14,0,0,0,0,0,0,0,0,0,0,0,0,0,0,0,0,0,0,0,0,,,,0,,,,,,,,,
450,Internal,683.0,1229.0,47888,54,21.9,3.9,0.0,97.5,47.0,10.5,4.5,56,0,0,0,0,0,0,37,57,0,0,0,0,0,0,0,0,0,0,0,0,,,,0,,,,,,,,,
451,Internal,573.5,1401.5,71058,54,31.5,11.6,196.5,83.0,229.0,34.0,24.0,57,0,0,0,0,0,0,4,18,0,0,0,0,0,0,0,0,0,0,0,0,,,,0,,,,,,,,,
452,Internal,308.5,722.5,71058,54,31.5,11.6,2.0,12.0,0.5,1.0,0.0,67,0,0,0,0,0,0,3,11,0,0,0,0,0,0,0,0,0,0,0,0,,,,0,,,,,,,,,
453,Internal,245.5,612.0,102321,55,27.9,5.8,20.0,1.5,37.5,0.0,0.0,0,0,0,0,0,0,0,0,1,0,0,0,0,0,0,0,0,0,0,0,0,,,,0,,,,,,,,,
454,Internal,375.5,1088.0,102321,55,27.9,5.8,0.0,72.5,73.5,5.0,86.0,16,0,0,0,0,0,0,1,22,0,0,0,0,0,0,0,0,0,0,0,0,,,,0,,,,,,,,,
455,Internal,606.0,1512.5,102321,55,27.9,5.8,235.0,17.0,145.0,0.0,25.0,46,0,0,0,0,0,0,4,22,0,0,0,0,0,0,0,0,0,0,0,0,,,,0,,,,,,,,,
456,Internal,1012.5,2666.0,102321,55,27.9,5.8,12.0,4.0,55.5,0.0,0.0,43,0,0,0,0,0,0,0,56,0,0,0,0,0,0,0,0,0,0,0,0,,,,0,,,,,,,,,
457,Internal,698.0,1888.0,92813,55,12.1,18.2,15.0,116.5,295.5,40.0,6.0,27,0,0,0,0,0,0,4,56,0,0,0,0,0,0,0,0,0,0,0,0,,,,0,,,,,,,,,
458,Internal,198.5,486.0,92813,55,12.1,18.2,13.0,17.5,157.0,0.0,23.0,56,0,0,0,0,0,0,0,5,0,0,0,0,0,0,0,0,0,0,0,0,,,,0,,,,,,,,,
459,Internal,1317.0,2432.5,77917,50,3.5,49.2,86.0,29.5,57.5,0.0,0.0,60,0,0,0,0,0,0,0,0,0,0,0,0,83,0,0,0,0,0,0,0,,,,0,,,,,,,,,
460,Internal,893.5,2046.5,77917,50,3.5,49.2,0.0,27.0,17.5,0.0,0.0,45,0,0,0,0,0,0,0,0,0,0,0,0,0,0,0,0,0,0,0,0,,,,0,,,,,,,,,
461,Internal,400.5,912.5,77917,50,3.5,49.2,0.0,0.0,0.0,0.0,0.0,45,0,0,0,0,0,0,0,0,0,0,0,0,0,0,0,0,0,0,0,0,,,,0,,,,,,,,,
462,Internal,1036.5,2550.5,77917,50,3.5,49.2,0.0,0.5,4.5,0.0,0.0,45,0,0,0,0,0,0,0,9,0,0,0,0,0,0,0,0,0,0,0,0,,,,0,,,,,,,,,
463,Internal,436.0,1060.0,77917,50,3.5,49.2,0.0,14.5,19.0,0.0,0.0,45,0,0,0,0,0,0,0,0,0,0,0,0,0,0,0,0,0,0,0,0,,,,0,,,,,,,,,
464,Internal,140.5,338.5,85430,50,19.2,11.1,5.0,3.0,8.5,0.0,0.0,45,0,0,0,0,0,0,0,0,0,0,0,0,0,0,0,0,0,0,0,0,,,,0,,,,,,,,,
465,Internal,657.0,1393.5,85430,50,19.2,11.1,54.0,16.0,47.0,4.0,4.0,29,0,0,0,0,0,0,0,5,0,0,0,0,0,0,0,0,0,0,0,0,,,,0,,,,,,,,,
466,Internal,199.0,446.5,85430,50,19.2,11.1,2.0,18.0,12.5,0.0,0.0,45,0,0,0,0,0,0,0,0,0,0,0,0,0,0,0,0,0,0,0,0,,,,0,,,,,,,,,
467,Internal,415.5,1057.5,85430,50,19.2,11.1,0.5,117.0,37.5,0.0,0.0,33,0,0,0,0,0,0,0,5,0,0,0,0,1081,0,0,0,0,0,0,0,,,,0,,,,,,,,,
468,Internal,40.5,100.0,85430,50,19.2,11.1,0.0,0.0,1.0,4.0,0.0,45,0,0,0,0,0,0,0,0,0,0,0,0,0,0,0,0,0,0,0,0,,,,0,,,,,,,,,
469,Internal,12.0,45.0,85430,50,19.2,11.1,0.0,0.0,0.0,0.0,0.0,45,0,0,0,0,0,0,0,0,0,0,0,0,0,0,0,0,0,0,0,0,,,,0,,,,,,,,,
470,Internal,149.5,378.5,85430,50,19.2,11.1,0.0,34.5,33.0,0.0,0.0,61,0,0,0,0,0,0,0,0,0,0,0,0,0,0,0,0,0,0,0,0,,,,0,,,,,,,,,
471,Internal,3.0,10.0,85430,50,19.2,11.1,0.0,0.0,0.0,0.0,0.0,45,0,0,0,0,0,0,0,0,0,0,0,0,0,0,0,0,0,0,0,0,,,,0,,,,,,,,,
472,Internal,544.5,1203.0,93654,57,5.0,34.5,3.0,8.5,52.5,0.0,1.0,11,0,0,0,0,0,12,25,9,0,0,0,0,0,0,0,0,0,0,0,0,,,,0,,,,,,,,,
473,Internal,297.0,763.0,93654,57,5.0,34.5,45.0,118.5,34.5,35.5,30.0,44,0,0,0,0,0,61,22,0,0,0,0,0,884,0,0,0,0,0,0,0,,,,0,,,,,,,,,
474,Internal,139.5,361.0,84760,57,22.6,13.4,0.0,17.5,4.5,0.0,0.0,17,0,0,0,0,0,38,1,5,0,0,0,0,0,0,0,0,0,0,0,0,,,,0,,,,,,,,,
475,Internal,336.0,547.5,84760,57,22.6,13.4,0.0,11.5,46.5,0.0,0.0,36,0,0,0,0,0,50,1,27,0,0,0,0,20,0,0,0,0,0,0,0,,,,0,,,,,,,,,
476,Internal,5.5,20.0,84760,57,22.6,13.4,39.0,27.0,158.5,47.0,321.5,11,0,0,0,0,0,12,0,0,0,0,0,0,0,0,0,0,0,0,0,0,,,,0,,,,,,,,,
477,Internal,335.5,761.0,84760,57,22.6,13.4,6.0,4.0,19.0,0.0,2.0,23,0,0,0,0,0,50,22,17,0,0,0,0,0,0,0,0,0,0,0,0,,,,0,,,,,,,,,
478,Internal,177.0,411.0,84760,57,22.6,13.4,13.0,21.0,20.5,1.0,3.0,17,0,0,0,0,0,12,0,9,0,0,0,0,0,0,0,0,0,0,0,0,,,,0,,,,,,,,,
479,Internal,94.5,200.5,84760,57,22.6,13.4,288.0,0.0,6.0,0.0,0.0,17,0,0,0,0,0,12,12,0,0,0,0,0,0,0,0,0,0,0,0,0,,,,0,,,,,,,,,
480,Internal,370.0,934.0,56384,57,23.0,29.8,0.0,14.0,23.0,21.0,6.0,17,0,0,0,0,0,38,9,27,0,0,0,0,0,0,0,0,0,0,0,0,,,,0,,,,,,,,,
481,Internal,129.0,390.0,169583,51,21.6,24.8,0.0,39.0,65.0,0.0,0.0,22,0,0,0,0,0,0,6,0,0,0,0,0,13,0,0,0,0,0,0,0,,,,0,,,,,,,,,
482,Internal,89.5,217.0,169583,51,21.6,24.8,1.0,75.5,63.0,1.5,0.0,33,0,0,0,0,0,0,0,5,0,0,0,0,0,0,0,0,0,0,0,0,,,,0,,,,,,,,,
483,Internal,273.0,753.0,134402,51,24.1,15.9,28.0,18.0,76.0,12.5,1.0,61,0,0,0,0,0,38,1,0,0,0,0,0,0,0,0,0,0,0,0,0,,,,0,,,,,,,,,
484,Internal,449.5,1230.5,169583,51,21.6,24.8,39.0,75.5,149.0,0.5,78.5,62,0,0,0,0,0,61,15,0,0,0,0,0,0,0,0,0,0,0,0,0,,,,0,,,,,,,,,
485,Internal,383.5,888.0,134402,51,24.1,15.9,0.0,28.5,109.5,1.5,44.5,15,0,0,0,0,0,50,15,5,0,0,0,0,0,0,0,0,0,0,0,0,,,,0,,,,,,,,,
486,Internal,149.5,381.0,39080,34,24.1,15.1,28.0,32.5,131.5,40.0,1.0,40,0,0,0,0,0,0,0,9,0,0,0,0,0,0,0,0,0,0,0,0,,,,0,,,,,,,,,
487,Internal,732.0,1868.5,39080,34,24.1,15.1,318.5,80.5,79.0,17.5,2.0,33,0,0,0,0,0,0,0,53,0,0,0,0,0,0,0,0,0,0,0,0,,,,0,,,,,,,,,
488,Internal,91.0,210.0,39080,34,24.1,15.1,737.0,146.0,260.5,183.0,0.5,53,0,0,0,0,0,0,0,0,0,0,0,0,0,0,0,0,0,0,0,0,,,,0,,,,,,,,,
489,Internal,50.0,95.0,39080,34,24.1,15.1,194.0,231.0,689.0,66.5,16.0,41,0,0,0,0,0,0,0,0,0,0,0,0,436,0,0,0,0,0,0,0,,,,0,,,,,,,,,
490,Internal,549.5,1307.0,32419,34,20.7,31.4,20.0,425.5,108.5,60.5,8.0,9,0,0,0,0,0,0,6,40,0,0,0,0,3022,0,0,0,0,0,0,0,,,,0,,,,,,,,,
491,Internal,565.5,1415.5,41602,51,33.8,8.0,0.0,451.0,362.5,10.5,601.0,6,0,0,0,0,0,20,1,22,0,0,0,0,37,0,0,0,0,0,0,0,,,,0,,,,,,,,,
492,Internal,176.0,484.0,36860,34,25.4,15.2,7.0,6.0,33.5,16.0,3.0,40,0,0,0,0,0,0,0,5,0,0,0,0,0,0,0,0,0,0,0,0,,,,0,,,,,,,,,
493,Internal,308.5,640.0,45809,51,25.4,7.4,694.0,76.5,172.0,21.0,46.0,24,0,0,0,0,0,0,1,9,0,0,0,0,0,0,0,0,0,0,0,0,,,,0,,,,,,,,,
494,Internal,580.0,1302.5,45809,51,25.4,7.4,9.5,63.0,20.0,82.5,17.0,29,0,0,0,0,0,32,22,31,0,0,0,0,0,0,0,0,0,0,0,0,,,,0,,,,,,,,,
495,Internal,611.5,1479.0,63667,50,31.3,10.3,115.0,11.0,102.5,7.0,1.0,37,0,0,0,0,0,75,9,59,0,0,0,0,0,0,0,0,0,0,0,0,,,,0,,,,,,,,,
496,Internal,916.0,2005.0,85966,50,24.5,4.0,41.5,61.5,231.5,30.5,41.0,31,0,0,0,0,0,61,1,53,0,0,0,0,0,0,0,0,0,0,0,0,,,,0,,,,,,,,,
497,Internal,778.5,1602.5,45809,51,25.4,7.4,180.0,37.5,269.0,31.5,6.0,47,0,0,0,0,0,0,6,93,0,0,0,0,0,0,0,0,0,0,0,0,,,,0,,,,,,,,,
498,Internal,675.0,1679.0,41602,51,33.8,8.0,14.0,44.5,164.0,29.0,286.0,12,0,0,0,0,0,73,43,88,0,0,0,0,0,0,0,0,0,0,0,0,,,,0,,,,,,,,,
499,Internal,878.0,2347.5,109194,50,23.3,13.6,7.0,49.0,193.0,3.0,0.0,22,0,0,0,0,0,198,37,66,0,0,0,0,0,0,0,0,0,0,0,0,,,,0,,,,,,,,,
500,Internal,226.5,587.5,109194,50,23.3,13.6,5.0,23.0,128.5,14.5,0.0,37,0,0,0,0,0,12,1,31,0,0,0,0,0,0,0,0,0,0,0,0,,,,0,,,,,,,,,
501,Internal,402.0,809.5,87569,63,11.7,11.9,0.0,165.5,578.5,38.5,394.5,33,0,0,0,0,0,260,35,40,0,0,0,0,0,0,0,0,0,0,0,0,,,,0,,,,,,,,,
502,Internal,492.0,940.0,88788,60,21.5,9.2,0.0,3.0,7.0,0.0,4.0,27,0,0,0,0,0,408,40,35,0,0,0,0,0,0,0,0,0,0,0,0,,,,0,,,,,,,,,
503,Internal,591.5,1660.5,88788,60,21.5,9.2,5.0,125.5,85.0,23.0,9.5,31,0,0,0,0,0,160,12,17,0,0,0,0,814,0,0,0,0,0,0,0,,,,0,,,,,,,,,
504,Internal,570.0,1322.5,88788,60,21.5,9.2,2.0,44.0,32.0,0.0,2.0,3,0,0,0,0,0,99,21,23,0,0,0,0,0,0,0,0,0,0,0,0,,,,0,,,,,,,,,
505,Internal,22.0,43.0,49632,54,7.4,22.6,6.0,0.0,0.0,0.0,0.0,58,0,0,0,0,0,0,0,0,0,0,0,0,0,0,0,0,0,0,0,0,,,,0,,,,,,,,,
506,Internal,531.0,1089.5,97464,54,21.0,18.6,4.0,229.0,197.0,108.0,105.0,26,0,0,0,0,0,99,0,0,0,0,0,0,0,0,0,0,0,0,0,0,,,,0,,,,,,,,,
507,Internal,79.0,167.0,97464,54,21.0,18.6,0.0,31.0,38.0,8.0,0.0,58,0,0,0,0,0,50,0,0,0,0,0,0,0,0,0,0,0,0,0,0,,,,0,,,,,,,,,
508,Internal,59.0,142.5,49632,54,7.4,22.6,10.0,5.0,6.5,0.0,0.0,58,0,0,0,0,0,24,0,5,0,0,0,0,0,0,0,0,0,0,0,0,,,,0,,,,,,,,,
509,Internal,372.5,829.5,49632,54,7.4,22.6,0.0,61.5,459.5,14.5,0.5,58,0,0,0,0,0,172,0,0,0,0,0,0,0,0,0,0,0,0,0,0,,,,0,,,,,,,,,
510,Internal,364.0,689.0,49632,54,7.4,22.6,5.0,618.5,2790.0,95.0,268.0,29,0,0,0,0,0,592,0,9,0,0,0,0,0,0,0,0,0,0,0,0,,,,0,,,,,,,,,
511,Internal,247.5,667.0,123160,58,28.5,8.6,0.0,161.0,134.0,54.0,82.5,11,0,0,0,0,0,73,0,0,0,0,0,0,0,0,0,0,0,0,0,0,,,,0,,,,,,,,,
512,Internal,560.5,1222.0,62909,54,2.7,20.1,17.0,162.5,272.0,72.0,66.0,36,0,0,0,0,0,50,0,13,0,0,0,0,0,0,0,0,0,0,0,0,,,,0,,,,,,,,,
513,Internal,350.0,534.5,62909,54,2.7,20.1,19.0,58.0,453.0,8.5,42.0,73,0,0,0,0,0,137,9,22,0,0,0,0,0,0,0,0,0,0,0,0,,,,0,,,,,,,,,
514,Internal,533.5,1045.5,62574,57,15.3,6.7,3.0,732.5,1054.5,133.5,327.5,13,0,0,0,0,0,24,1,9,0,0,0,0,0,0,0,0,0,0,0,0,,,,0,,,,,,,,,
515,Internal,81.5,151.0,62574,57,15.3,6.7,5.0,96.0,501.0,183.5,253.0,16,0,0,0,0,0,0,0,0,0,0,0,0,0,0,0,0,0,0,0,0,,,,0,,,,,,,,,
516,Internal,0.0,0.0,62909,54,2.7,20.1,0.0,524.0,413.0,50.0,10.0,58,0,0,0,0,0,0,0,0,0,0,0,0,0,0,0,0,0,0,0,0,,,,0,,,,,,,,,
517,Internal,720.5,1326.5,62574,57,15.3,6.7,46.0,16.5,130.0,27.0,100.5,33,0,0,0,0,0,370,22,40,0,0,0,0,0,0,0,0,0,0,0,0,,,,0,,,,,,,,,
518,Internal,448.5,834.5,62574,57,15.3,6.7,0.0,429.5,836.5,70.5,342.5,35,0,0,0,0,0,149,10,5,0,0,0,0,0,0,0,0,0,0,0,0,,,,0,,,,,,,,,
519,Internal,215.0,446.0,62574,57,15.3,6.7,5.0,562.0,1023.0,188.0,3536.0,12,0,0,0,0,0,0,0,0,0,0,0,0,0,0,0,0,0,0,0,0,,,,0,,,,,,,,,
520,Internal,138.0,291.5,62574,57,15.3,6.7,0.0,49.0,559.5,41.5,16.0,34,0,0,0,0,0,12,0,0,0,0,0,0,0,0,0,0,0,0,0,0,,,,0,,,,,,,,,
521,Internal,265.0,484.0,54110,56,25.0,11.2,0.0,18.0,479.0,7.0,2.0,27,0,0,0,0,0,40,3,18,0,0,0,0,0,0,0,0,0,0,0,0,,,,0,,,,,,,,,
522,Internal,930.0,2056.0,73065,56,17.2,17.4,78.0,14.0,128.0,1.0,0.0,27,0,0,0,0,0,172,27,71,0,0,0,0,0,0,0,0,0,0,0,0,,,,0,,,,,,,,,
523,Internal,192.0,541.5,90284,57,37.7,11.7,0.0,44.0,28.0,1.5,1.0,16,0,0,0,0,0,0,0,9,0,0,0,0,0,0,0,0,0,0,0,0,,,,0,,,,,,,,,
524,Internal,1.0,1.5,90284,57,37.7,11.7,0.0,1.5,9.5,0.0,43.0,6,0,0,0,0,0,24,0,0,0,0,0,0,0,0,0,0,0,0,0,0,,,,0,,,,,,,,,
525,Internal,389.5,1052.0,90284,57,37.7,11.7,0.0,82.0,84.5,4.0,9.0,22,0,0,0,0,0,73,1,31,0,0,0,0,0,0,0,0,0,0,0,0,,,,0,,,,,,,,,
526,Internal,68.0,158.0,42831,54,20.2,11.7,2.0,31.0,173.5,16.5,131.0,23,0,0,0,0,0,10,9,2,0,0,0,0,0,0,0,0,0,0,0,0,,,,0,,,,,,,,,
527,Internal,252.5,689.5,149261,58,22.1,9.2,20.5,0.5,6.5,0.0,0.0,41,0,0,0,0,0,87,1,9,0,0,0,0,644,0,0,0,0,0,0,0,,,,0,,,,,,,,,
528,Internal,480.0,1360.5,149261,58,22.1,9.2,35.0,48.0,30.5,0.0,0.0,66,0,0,0,0,0,97,7,27,0,0,0,0,0,0,0,0,0,0,0,0,,,,0,,,,,,,,,
529,Internal,395.0,1057.0,149261,58,22.1,9.2,12.0,89.0,167.0,34.5,0.0,11,0,0,0,0,0,97,3,9,0,0,0,0,51,0,0,0,0,0,0,0,,,,0,,,,,,,,,
530,Internal,126.0,274.5,123160,58,28.5,8.6,0.0,4.5,10.5,0.0,0.0,41,0,0,0,0,0,12,0,0,0,0,0,0,0,0,0,0,0,0,0,0,,,,0,,,,,,,,,
531,Internal,123.5,260.5,62574,57,15.3,6.7,0.0,192.0,49.0,2.0,0.0,16,0,0,0,0,0,10,6,2,0,0,0,0,0,0,0,0,0,0,0,0,,,,0,,,,,,,,,
532,Internal,408.5,1076.5,149261,58,22.1,9.2,7.0,145.5,330.0,3.5,1.0,41,0,0,0,0,0,99,0,5,0,0,0,0,0,0,0,0,0,0,0,0,,,,0,,,,,,,,,
533,Internal,779.5,1780.5,68750,54,19.5,14.9,23.0,14.0,75.0,33.5,4.0,37,0,0,0,0,0,147,10,24,0,0,0,0,0,0,0,0,0,0,0,0,,,,0,,,,,,,,,
534,Internal,387.5,1031.0,82303,54,15.8,17.1,4.0,110.0,307.5,17.0,49.0,34,0,0,0,0,0,50,0,5,0,0,0,0,747,0,0,0,0,0,0,0,,,,0,,,,,,,,,
535,Internal,0.0,0.0,55727,56,28.3,7.9,2.0,20.0,101.0,30.0,8.0,35,0,0,0,0,0,0,0,0,0,0,0,0,0,0,0,0,0,0,0,0,,,,0,,,,,,,,,
536,Internal,498.5,1262.5,83583,54,22.8,11.5,9.0,31.0,5.0,0.0,6.0,37,0,0,0,0,0,87,1,31,0,0,0,0,0,0,0,0,0,0,0,0,,,,0,,,,,,,,,
537,Internal,650.0,1122.0,42163,56,8.9,9.8,0.0,8.5,161.0,0.5,78.0,44,0,0,0,0,0,153,6,37,0,0,0,0,0,0,0,0,0,0,0,0,,,,0,,,,,,,,,
538,Internal,50.5,120.5,55727,56,28.3,7.9,48.0,396.0,556.5,47.0,328.0,41,0,0,0,0,0,87,0,0,0,0,0,0,861,0,0,0,0,0,0,0,,,,0,,,,,,,,,
539,Internal,604.5,1314.0,55727,56,28.3,7.9,5.0,5.0,19.5,0.0,0.0,16,0,0,0,0,0,133,27,24,0,0,0,0,0,0,0,0,0,0,0,0,,,,0,,,,,,,,,
540,Internal,322.0,505.5,55727,56,28.3,7.9,688.0,2227.0,1434.5,187.0,194.0,76,0,0,0,0,0,24,25,17,0,0,0,0,6577,0,0,0,0,0,0,0,,,,0,,,,,,,,,
541,Internal,39.0,118.0,76667,56,6.9,17.9,460.0,268.5,681.5,72.0,105.0,55,0,0,0,0,0,0,4,0,0,0,0,0,0,0,0,0,0,0,0,0,,,,0,,,,,,,,,
542,Internal,61.0,127.0,76667,56,6.9,17.9,1877.5,254.5,152.0,5.5,68.0,69,0,0,0,0,0,0,0,0,0,0,0,0,0,0,0,0,0,0,0,0,,,,0,,,,,,,,,
543,Internal,61.5,149.0,76667,56,6.9,17.9,151.0,227.0,183.5,35.0,7.0,94,0,0,0,0,0,0,0,0,0,0,0,0,0,0,0,0,0,0,0,0,,,,0,,,,,,,,,
544,Internal,125.5,337.5,76667,56,6.9,17.9,8.0,18.5,43.5,9.0,6.0,38,0,0,0,0,0,0,0,9,0,0,0,0,0,0,0,0,0,0,0,0,,,,0,,,,,,,,,
545,Internal,293.5,702.5,47888,54,21.9,3.9,134.0,567.0,448.0,13.5,1.0,15,0,0,0,0,0,0,0,0,0,0,0,0,0,0,0,0,0,0,0,0,,,,0,,,,,,,,,
546,Internal,791.0,1955.5,76667,56,6.9,17.9,589.5,8.5,76.5,1.0,0.0,34,0,0,0,0,0,0,6,27,0,0,0,0,0,0,0,0,0,0,0,0,,,,0,,,,,,,,,
547,Internal,28.5,46.5,76667,56,6.9,17.9,253.5,343.5,80.0,0.0,0.0,31,0,0,0,0,0,0,0,0,0,0,0,0,0,0,0,0,0,0,0,0,,,,0,,,,,,,,,
548,Internal,413.5,1098.0,76667,56,6.9,17.9,111.0,50.5,178.5,1.0,10.0,67,0,0,0,0,0,0,1,22,0,0,0,0,0,0,0,0,0,0,0,0,,,,0,,,,,,,,,
549,Internal,69.0,179.0,76667,56,6.9,17.9,192.5,173.0,109.0,0.0,0.0,43,0,0,0,0,0,0,0,0,0,0,0,0,0,0,0,0,0,0,0,0,,,,0,,,,,,,,,
550,Internal,9.0,25.5,76667,56,6.9,17.9,467.5,54.0,34.0,0.0,3.0,26,0,0,0,0,0,0,0,0,0,0,0,0,0,0,0,0,0,0,0,0,,,,0,,,,,,,,,
551,Internal,0.0,0.0,55727,56,28.3,7.9,0.0,69.5,221.0,73.0,30.0,12,0,0,0,0,0,0,0,0,0,0,0,0,0,0,0,0,0,0,0,0,,,,0,,,,,,,,,
552,Internal,11.0,24.5,55727,56,28.3,7.9,2353.5,24.0,8.5,0.0,0.0,67,0,0,0,0,0,0,0,0,0,0,0,0,0,0,0,0,0,0,0,0,,,,0,,,,,,,,,
553,Internal,825.5,1738.5,55727,56,28.3,7.9,35.5,135.0,208.0,0.0,0.0,94,0,0,0,0,0,0,0,40,0,0,0,0,0,0,0,0,0,0,0,0,,,,0,,,,,,,,,
554,Internal,20.5,50.0,58190,50,22.0,12.0,374.0,316.0,383.5,3.0,0.0,94,0,0,0,0,0,0,0,0,0,0,0,0,1,0,0,0,0,0,0,0,,,,0,,,,,,,,,
555,Internal,96.0,117.0,55727,56,28.3,7.9,24.5,10.0,45.5,0.0,19.0,34,0,0,0,0,0,0,1,0,0,0,0,0,0,0,0,0,0,0,0,0,,,,0,,,,,,,,,
556,Internal,24.0,58.0,55727,56,28.3,7.9,16.0,84.0,408.0,40.0,314.0,18,0,0,0,0,0,0,0,0,0,0,0,0,0,0,0,0,0,0,0,0,,,,0,,,,,,,,,
557,Internal,15.0,43.5,55727,56,28.3,7.9,640.0,144.0,562.5,23.0,3.0,67,0,0,0,0,0,0,0,0,0,0,0,0,0,0,0,0,0,0,0,0,,,,0,,,,,,,,,
558,Internal,116.5,166.0,55727,56,28.3,7.9,35.0,207.0,577.0,87.0,371.0,33,0,0,0,0,0,0,0,0,0,0,0,0,0,0,0,0,0,0,0,0,,,,0,,,,,,,,,
559,Internal,91.0,203.5,58190,50,22.0,12.0,7.0,142.0,682.5,151.0,0.5,59,0,0,0,0,0,12,0,0,0,0,0,0,0,0,0,0,0,0,0,0,,,,0,,,,,,,,,
560,Internal,27.5,66.5,55727,56,28.3,7.9,1141.5,422.5,580.0,6.0,47.0,61,0,0,0,0,0,0,0,0,0,0,0,0,713,0,0,0,0,0,0,0,,,,0,,,,,,,,,
561,Internal,971.0,1812.0,58190,50,22.0,12.0,0.0,2957.0,456.0,455.0,216.0,89,0,0,0,0,0,0,0,0,0,0,0,0,0,0,0,0,0,0,0,0,,,,0,,,,,,,,,
562,Internal,376.5,784.5,58190,50,22.0,12.0,187.0,588.5,477.5,80.0,47.5,73,0,0,0,0,0,0,4,13,0,0,0,0,0,0,0,0,0,0,0,0,,,,0,,,,,,,,,
563,Internal,29.5,75.5,58190,50,22.0,12.0,75.0,1720.5,414.0,78.5,40.0,83,0,0,0,0,0,0,0,5,0,0,0,0,0,0,0,0,0,0,0,0,,,,0,,,,,,,,,
564,Internal,202.5,445.0,58190,50,22.0,12.0,0.0,2825.5,734.0,28.0,15.5,86,0,0,0,0,0,0,0,0,0,0,0,0,0,0,0,0,0,0,0,0,,,,0,,,,,,,,,
565,Internal,68.5,170.5,58190,50,22.0,12.0,0.0,647.5,450.5,6.0,0.0,95,0,0,0,0,0,0,0,0,0,0,0,0,0,0,0,0,0,0,0,0,,,,0,,,,,,,,,
566,Internal,29.5,68.5,76667,56,6.9,17.9,272.5,936.0,858.0,87.0,23.5,87,0,0,0,0,0,0,0,0,0,0,0,0,0,0,0,0,0,0,0,0,,,,0,,,,,,,,,
567,Internal,95.0,242.0,58190,50,22.0,12.0,0.0,1096.0,380.5,68.0,1.0,90,0,0,0,0,0,0,0,0,0,0,0,0,960,0,0,0,0,0,0,0,,,,0,,,,,,,,,
568,Internal,27.0,59.0,58190,50,22.0,12.0,146.0,8904.5,1112.5,82.0,76.0,81,0,0,0,0,0,0,0,0,0,0,0,0,0,0,0,0,0,0,0,0,,,,0,,,,,,,,,
569,Internal,14.5,35.0,58190,50,22.0,12.0,30.0,226.0,413.0,1.0,0.0,93,0,0,0,0,0,0,0,0,0,0,0,0,0,0,0,0,0,0,0,0,,,,0,,,,,,,,,
570,Internal,286.5,696.0,58190,50,22.0,12.0,0.0,3371.0,752.0,115.5,5.0,91,0,0,0,0,0,0,0,0,0,0,0,0,0,0,0,0,0,0,0,0,,,,0,,,,,,,,,
571,Internal,27.5,68.0,58190,50,22.0,12.0,0.0,98.0,73.5,5.0,1.0,0,0,0,0,0,0,0,0,0,0,0,0,0,0,0,0,0,0,0,0,0,,,,0,,,,,,,,,
572,Internal,659.0,1169.5,58190,50,22.0,12.0,0.0,523.5,352.5,77.0,0.5,69,0,0,0,0,0,0,9,31,0,0,0,0,0,0,0,0,0,0,0,0,,,,0,,,,,,,,,
573,Internal,211.5,482.5,58190,50,22.0,12.0,0.0,1591.5,357.0,67.0,91.5,83,0,0,0,0,0,0,0,0,0,0,0,0,0,0,0,0,0,0,0,0,,,,0,,,,,,,,,
574,Internal,170.5,394.5,77485,72,9.3,3.6,122.0,399.0,363.0,18.5,0.0,91,0,0,0,0,0,0,0,0,0,0,0,0,0,0,0,0,0,0,0,0,,,,0,,,,,,,,,
575,Internal,404.5,834.0,58190,50,22.0,12.0,0.0,3336.0,714.5,230.0,220.0,83,0,0,0,0,0,0,0,0,0,0,0,0,0,0,0,0,0,0,0,0,,,,0,,,,,,,,,
576,Internal,319.5,692.5,58190,50,22.0,12.0,0.0,2329.5,422.0,172.0,97.5,87,0,0,0,0,0,0,0,0,0,0,0,0,731,0,0,0,0,0,0,0,,,,0,,,,,,,,,
577,Internal,1091.5,1991.5,77485,72,9.3,3.6,0.0,502.0,468.0,85.5,99.0,24,0,0,0,0,0,0,0,5,0,0,0,0,0,0,0,0,0,0,0,0,,,,0,,,,,,,,,
578,Internal,76.0,188.0,58190,50,22.0,12.0,10.0,6852.5,316.5,5.0,2.5,61,0,0,0,0,0,0,0,0,0,0,0,0,0,0,0,0,0,0,0,0,,,,0,,,,,,,,,
579,Internal,11.5,29.5,55727,56,28.3,7.9,0.0,914.0,30.5,0.0,0.0,97,0,0,0,0,0,0,0,0,0,0,0,0,0,0,0,0,0,0,0,0,,,,0,,,,,,,,,
580,Internal,612.0,1188.5,52404,72,17.7,5.1,179.0,0.0,126.5,0.0,71.0,69,0,0,0,0,0,0,0,15,0,0,0,0,0,0,0,0,0,0,0,0,,,,0,,,,,,,,,
581,Internal,1031.5,2186.0,103304,72,18.4,8.9,61.5,8.5,25.5,1.5,0.0,69,0,0,0,0,0,0,0,0,0,0,0,0,0,0,0,0,0,0,0,0,,,,0,,,,,,,,,
582,Internal,429.5,1134.0,103304,72,18.4,8.9,65.0,112.0,46.0,3.0,12.0,41,0,0,0,0,0,0,4,40,0,0,0,0,0,0,0,0,0,0,0,0,,,,0,,,,,,,,,
583,Internal,376.5,883.5,42831,54,20.2,11.7,19.0,51.0,325.0,22.5,185.0,23,0,0,0,0,0,63,50,12,0,0,0,0,0,0,0,0,0,0,0,0,,,,0,,,,,,,,,
584,Internal,149.0,294.0,103304,72,18.4,8.9,588.0,330.0,56.5,0.0,90.0,66,0,0,0,0,0,0,0,0,0,0,0,0,68,0,0,0,0,0,0,0,,,,0,,,,,,,,,
585,Internal,0.5,1.5,103304,72,18.4,8.9,1312.0,1457.0,129.0,1.0,0.0,85,0,0,0,0,0,0,0,0,0,0,0,0,0,0,0,0,0,0,0,0,,,,0,,,,,,,,,
586,Internal,550.5,988.5,103304,72,18.4,8.9,2069.5,980.0,2.0,0.0,0.0,70,0,0,0,0,0,0,0,0,0,0,0,0,0,0,0,0,0,0,0,0,,,,0,,,,,,,,,
587,Internal,338.0,685.0,77485,72,9.3,3.6,306.0,176.0,100.0,139.0,52.5,49,0,0,0,0,0,0,4,9,0,0,0,0,417,0,0,0,0,0,0,0,,,,0,,,,,,,,,
588,Internal,247.5,535.5,77485,72,9.3,3.6,1.0,1252.5,925.0,236.5,97.0,70,0,0,0,0,0,0,0,0,0,0,0,0,0,0,0,0,0,0,0,0,,,,0,,,,,,,,,
589,Internal,52.0,107.5,77485,72,9.3,3.6,183.0,134.0,426.0,11.5,33.5,69,0,0,0,0,0,0,0,0,0,0,0,0,0,0,0,0,0,0,0,0,,,,0,,,,,,,,,
590,Internal,25.0,62.5,77485,72,9.3,3.6,0.0,59.0,238.0,419.0,79.5,61,0,0,0,0,0,0,0,0,0,0,0,0,0,0,0,0,0,0,0,0,,,,0,,,,,,,,,
591,Internal,119.5,207.5,77485,72,9.3,3.6,0.0,543.0,29.5,0.0,0.0,69,0,0,0,0,0,0,0,0,0,0,0,0,0,0,0,0,0,0,0,0,,,,0,,,,,,,,,
592,Internal,83.0,181.5,77485,72,9.3,3.6,0.0,165.5,164.5,57.5,254.5,9,0,0,0,0,0,0,0,0,0,0,0,0,0,0,0,0,0,0,0,0,,,,0,,,,,,,,,
593,Internal,45.0,103.0,77485,72,9.3,3.6,0.0,98.0,131.5,4.5,49.5,39,0,0,0,0,0,0,0,0,0,0,0,0,0,0,0,0,0,0,0,0,,,,0,,,,,,,,,
594,Internal,727.0,1331.0,77485,72,9.3,3.6,140.5,21.5,297.0,3.0,2.0,69,0,0,0,0,0,0,0,17,0,0,0,0,0,0,0,0,0,0,0,0,,,,0,,,,,,,,,
595,Internal,1362.0,2755.0,77485,72,9.3,3.6,0.0,202.0,314.5,1.0,0.0,36,0,0,0,0,0,0,0,40,0,0,0,0,0,0,0,0,0,0,0,0,,,,0,,,,,,,,,
596,Internal,18.0,36.0,77485,72,9.3,3.6,546.0,1061.0,755.5,105.5,23.5,76,0,0,0,0,0,0,0,0,0,0,0,0,0,0,0,0,0,0,0,0,,,,0,,,,,,,,,
597,Internal,2.0,4.0,77485,72,9.3,3.6,24.0,194.5,937.5,115.5,46.0,78,0,0,0,0,0,0,0,0,0,0,0,0,0,0,0,0,0,0,0,0,,,,0,,,,,,,,,
598,Internal,78.0,157.5,73304,44,2.5,47.9,0.0,67.5,93.5,38.5,73.0,32,0,0,0,0,0,0,0,0,0,0,0,0,0,0,0,0,0,0,0,0,,,,0,,,,,,,,,
599,Internal,87.5,184.0,73304,44,2.5,47.9,41.0,177.5,677.5,88.0,104.0,34,0,0,0,0,0,0,0,0,0,0,0,0,0,0,0,0,0,0,0,0,,,,0,,,,,,,,,
600,Internal,561.5,1405.0,37656,44,34.1,2.5,8.0,107.5,234.0,10.0,10.5,42,0,0,0,0,0,0,15,44,0,0,0,0,93,0,0,0,0,0,0,0,,,,0,,,,,,,,,
601,Internal,92.5,217.0,37656,44,34.1,2.5,0.0,108.0,40.5,24.0,3.0,34,0,0,0,0,0,12,0,0,0,0,0,0,845,0,0,0,0,0,0,0,,,,0,,,,,,,,,
602,Internal,333.5,829.5,37656,44,34.1,2.5,38.0,44.0,236.0,24.0,100.5,26,0,0,0,0,0,99,16,13,0,0,0,0,0,0,0,0,0,0,0,0,,,,0,,,,,,,,,
603,Internal,327.0,601.5,73304,44,2.5,47.9,10.0,485.5,169.5,60.0,14.5,66,0,0,0,0,0,0,0,0,0,0,0,0,0,0,0,0,0,0,0,0,,,,0,,,,,,,,,
604,Internal,473.5,720.5,73304,44,2.5,47.9,0.0,209.0,508.5,75.0,24.5,30,0,0,0,0,0,24,227,5,0,0,0,0,0,0,0,0,0,0,0,0,,,,0,,,,,,,,,
605,Internal,281.0,713.0,38250,44,22.9,6.4,8.0,373.0,637.5,63.5,106.5,47,0,0,0,0,0,0,0,9,0,0,0,0,0,0,0,0,0,0,0,0,,,,0,,,,,,,,,
606,Internal,173.5,379.5,38250,44,22.9,6.4,110.0,689.5,629.0,167.0,166.0,49,0,0,0,0,0,0,105,0,0,0,0,0,0,0,0,0,0,0,0,0,,,,0,,,,,,,,,
607,Internal,1086.5,2102.5,38250,44,22.9,6.4,44.0,891.0,815.0,117.0,62.5,49,0,0,0,0,0,87,300,57,0,0,0,0,0,0,0,0,0,0,0,0,,,,0,,,,,,,,,
608,Internal,313.5,673.0,73304,44,2.5,47.9,0.0,442.5,504.0,122.5,903.0,11,0,0,0,0,0,0,0,0,0,0,0,0,0,0,0,0,0,0,0,0,,,,0,,,,,,,,,
609,Internal,72.5,156.5,38250,44,22.9,6.4,0.0,123.5,164.0,49.5,11.5,58,0,0,0,0,0,0,0,0,0,0,0,0,0,0,0,0,0,0,0,0,,,,0,,,,,,,,,
610,Internal,32.0,80.5,38854,54,16.0,2.5,18.0,42.0,300.0,9.0,21.0,40,0,0,0,0,0,0,0,0,0,0,0,0,0,0,0,0,0,0,0,0,,,,0,,,,,,,,,
611,Internal,637.5,1169.0,38854,54,16.0,2.5,2.0,51.5,132.5,6.0,0.0,17,0,0,0,0,0,50,181,38,0,0,0,0,0,0,0,0,0,0,0,0,,,,0,,,,,,,,,
612,Internal,721.5,1636.5,39625,54,26.0,4.8,14.0,3914.0,1006.0,174.0,407.0,65,0,0,0,0,0,50,9,17,0,0,0,0,0,0,0,0,0,0,0,0,,,,0,,,,,,,,,
613,Internal,355.5,635.0,38854,54,16.0,2.5,0.0,17.0,145.5,8.0,41.5,17,0,0,0,0,0,12,27,27,0,0,0,0,0,0,0,0,0,0,0,0,,,,0,,,,,,,,,
614,Internal,165.5,338.5,39625,54,26.0,4.8,73.0,300.5,590.5,118.0,96.5,30,0,0,0,0,0,0,0,0,0,0,0,0,0,0,0,0,0,0,0,0,,,,0,,,,,,,,,
615,Internal,450.0,1311.0,38854,54,16.0,2.5,22.0,130.5,131.0,20.0,19.0,27,0,0,0,0,0,12,0,17,0,0,0,0,0,0,0,0,0,0,0,0,,,,0,,,,,,,,,
616,Internal,180.5,434.0,39625,54,26.0,4.8,0.0,263.5,689.5,81.0,278.0,15,0,0,0,0,0,12,9,27,0,0,0,0,0,0,0,0,0,0,0,0,,,,0,,,,,,,,,
617,Internal,425.5,1349.5,61788,50,15.8,17.7,20.0,96.0,7.0,1.0,0.0,28,0,0,0,0,0,61,10,5,0,0,0,0,691,0,0,0,0,0,0,0,,,,0,,,,,,,,,
618,Internal,325.0,598.0,61788,50,15.8,17.7,24.0,242.0,777.0,59.5,114.5,36,0,0,0,0,0,26,81,10,0,0,0,0,243,0,0,0,0,0,0,0,,,,0,,,,,,,,,
619,Internal,30.5,99.5,138125,50,28.6,11.2,16.5,62.0,45.0,0.0,0.0,52,0,0,0,0,0,12,1,0,0,0,10,0,558,0,0,0,4,0,0,200,0,0,40,0,,,,,,,,,
620,Internal,58.0,139.0,138125,50,28.6,11.2,0.5,2.0,0.0,0.0,0.0,28,0,0,0,0,0,0,0,0,0,0,0,0,0,0,0,0,0,0,0,0,,,,0,,,,,,,,,
621,Internal,226.0,576.5,138125,50,28.6,11.2,4.0,68.5,65.0,1.0,0.0,38,0,0,0,0,0,50,1,5,0,0,0,0,225,0,0,0,0,0,0,0,,,,0,,,,,,,,,
622,Internal,503.5,1454.5,138125,50,28.6,11.2,6.0,6.0,33.0,0.0,0.0,52,0,0,0,0,0,50,9,22,0,0,0,0,72,0,0,0,0,0,0,0,,,,0,,,,,,,,,
623,Internal,153.0,340.0,138125,50,28.6,11.2,0.0,116.0,152.0,0.0,1.0,27,0,0,0,0,0,0,4,5,0,0,0,0,1006,0,0,0,0,0,0,0,,,,0,,,,,,,,,
624,Internal,63.5,171.5,138125,50,28.6,11.2,5.0,0.0,0.5,12.0,0.0,28,0,0,0,0,0,12,0,0,0,0,0,0,0,0,0,0,0,0,0,0,,,,0,,,,,,,,,
625,Internal,4.5,9.0,61788,50,15.8,17.7,0.0,4.0,23.0,0.0,1.5,28,0,0,0,0,0,0,0,0,0,0,0,0,0,0,0,0,0,0,0,0,,,,0,,,,,,,,,
626,Internal,44.0,84.0,61788,50,15.8,17.7,1.0,421.0,713.5,95.0,930.5,12,0,0,0,0,0,0,0,0,0,0,0,0,0,0,0,0,0,0,0,0,,,,0,,,,,,,,,
627,Internal,371.0,627.5,61788,50,15.8,17.7,10.0,657.0,840.5,429.0,302.0,24,0,0,0,0,0,123,29,0,0,0,0,0,0,0,0,0,0,0,0,0,,,,0,,,,,,,,,
628,Internal,596.5,1288.5,80540,50,16.9,28.0,22.0,198.5,218.0,1.0,2.0,52,0,0,0,0,0,61,71,9,0,0,0,0,1654,0,0,0,0,0,0,0,,,,0,,,,,,,,,
629,Internal,35.0,121.5,73304,44,2.5,47.9,0.0,11.5,18.5,0.5,0.0,19,0,0,0,0,0,0,4,0,0,0,0,0,0,0,0,0,0,0,0,0,,,,0,,,,,,,,,
630,Internal,250.5,617.0,80540,50,16.9,28.0,222.0,88.0,30.5,25.0,2.0,34,0,0,0,0,0,38,37,5,0,0,0,0,494,0,0,0,0,0,0,0,,,,0,,,,,,,,,
631,Internal,5.0,12.5,103971,54,12.4,40.1,0.0,0.5,8.5,0.0,0.0,34,0,0,0,0,0,0,0,0,0,0,0,0,0,0,0,0,0,0,0,0,,,,0,,,,,,,,,
632,Internal,352.5,556.5,103971,54,12.4,40.1,0.0,157.5,824.5,81.0,7.0,29,0,0,0,0,0,592,0,0,0,0,0,0,0,0,0,0,0,0,0,0,,,,0,,,,,,,,,
633,Internal,247.0,457.5,103971,54,12.4,40.1,6.0,520.5,2235.5,35.0,82.5,51,0,0,0,0,0,0,0,0,0,0,0,0,0,0,0,0,0,0,0,0,,,,0,,,,,,,,,
634,Internal,46.0,101.0,103971,54,12.4,40.1,0.0,161.0,315.5,276.5,451.5,14,0,0,0,0,0,0,0,0,0,0,0,0,0,0,0,0,0,0,0,0,,,,0,,,,,,,,,
635,Internal,84.5,234.0,103971,54,12.4,40.1,0.0,0.0,0.0,0.0,0.0,34,0,0,0,0,0,0,0,5,0,0,0,0,0,0,0,0,0,0,0,0,,,,0,,,,,,,,,
636,Internal,179.5,473.0,103971,54,12.4,40.1,1.0,3.5,37.0,0.0,0.0,24,0,0,0,0,0,0,0,0,0,0,0,0,0,0,0,0,0,0,0,0,,,,0,,,,,,,,,
637,Internal,184.5,438.5,103971,54,12.4,40.1,9.0,53.0,36.5,5.0,0.0,36,0,0,0,0,0,50,0,5,0,0,0,0,217,0,0,0,0,0,0,0,,,,0,,,,,,,,,
638,Internal,315.5,562.5,103971,54,12.4,40.1,1.0,137.0,235.0,11.5,31.5,62,0,0,0,0,0,38,1,9,0,0,0,0,0,0,0,0,0,0,0,0,,,,0,,,,,,,,,
639,Internal,712.5,1332.0,120486,54,14.0,15.4,7.0,1103.5,711.0,423.0,470.5,35,0,0,0,0,0,111,0,0,0,0,0,0,0,0,0,0,0,0,0,0,,,,0,,,,,,,,,
640,Internal,540.5,977.5,120486,54,14.0,15.4,7.0,728.5,125.5,52.0,22.0,80,0,0,0,0,0,73,15,9,0,0,0,0,0,0,0,0,0,0,0,0,,,,0,,,,,,,,,
641,Internal,253.5,377.0,56793,54,12.6,10.5,0.0,1.5,83.0,0.0,48.0,34,0,0,0,0,0,24,43,22,0,0,0,0,0,0,0,0,0,0,0,0,,,,0,,,,,,,,,
642,Internal,816.0,1357.5,56793,54,12.6,10.5,0.0,602.0,445.0,187.0,268.0,7,0,0,0,0,0,149,140,5,0,0,0,0,0,0,0,0,0,0,0,0,,,,0,,,,,,,,,
643,Internal,256.5,713.5,120486,54,14.0,15.4,0.0,16.5,13.5,2.0,0.0,46,0,0,0,0,0,50,6,9,0,0,0,0,0,0,0,0,0,0,0,0,,,,0,,,,,,,,,
644,Internal,432.0,817.5,56793,54,12.6,10.5,23.0,52.0,65.0,8.5,0.5,51,0,0,0,0,0,50,19,0,0,0,0,0,20,0,0,0,0,0,0,0,,,,0,,,,,,,,,
645,Internal,448.5,1189.0,120486,54,14.0,15.4,4.0,337.0,240.0,42.0,13.0,57,0,0,0,0,0,50,9,5,0,0,0,0,2504,0,0,0,0,0,0,0,,,,0,,,,,,,,,
646,Internal,124.0,382.5,120486,54,14.0,15.4,0.0,3.0,0.0,0.0,0.0,34,0,0,0,0,0,38,1,0,0,0,0,0,0,0,0,0,0,0,0,0,,,,0,,,,,,,,,
647,Internal,137.5,250.5,56793,54,12.6,10.5,0.0,6.5,42.0,2.5,0.0,10,0,0,0,0,0,50,4,0,0,0,0,0,0,0,0,0,0,0,0,0,,,,0,,,,,,,,,
648,Internal,197.0,553.5,56793,54,12.6,10.5,2.0,10.0,2.0,0.0,0.0,34,0,0,0,0,0,50,4,9,0,0,0,0,0,0,0,0,0,0,0,0,,,,0,,,,,,,,,
649,Internal,924.5,1904.0,120486,54,14.0,15.4,0.0,284.0,640.0,74.5,136.5,34,0,0,0,0,0,38,0,0,0,0,0,0,1654,0,0,0,0,0,0,0,,,,0,,,,,,,,,
650,Internal,174.0,381.0,56793,54,12.6,10.5,45.0,388.5,899.5,154.0,622.0,34,0,0,0,0,0,0,15,0,0,0,0,0,0,0,0,0,0,0,0,0,,,,0,,,,,,,,,
651,Internal,792.5,1577.5,56793,54,12.6,10.5,31.0,343.0,433.0,144.0,32.5,24,0,0,0,0,0,123,91,44,0,0,0,0,0,0,0,0,0,0,0,0,,,,0,,,,,,,,,
652,Internal,4.0,7.5,56793,54,12.6,10.5,0.0,127.0,13.0,0.0,0.0,34,0,0,0,0,0,12,0,5,0,0,0,0,1337,0,0,0,0,0,0,0,,,,0,,,,,,,,,
653,Internal,241.0,588.0,82463,49,14.1,29.1,3.0,27.0,36.0,13.0,6.0,80,0,0,0,0,0,0,0,0,0,0,0,0,0,0,0,0,0,0,0,0,,,,0,,,,,,,,,
654,Internal,28.0,63.0,82463,49,14.1,29.1,0.0,2.0,0.0,0.0,0.0,80,0,0,0,0,0,0,0,0,0,0,0,0,0,0,0,0,0,0,0,0,,,,0,,,,,,,,,
655,Internal,132.0,363.0,82463,49,14.1,29.1,21.0,13.0,0.0,0.0,0.0,13,0,0,0,0,0,0,0,0,0,0,0,0,0,0,0,0,0,0,0,0,,,,0,,,,,,,,,
656,Internal,267.0,675.0,82463,49,14.1,29.1,2.0,51.0,201.0,0.0,8.0,13,0,0,0,0,0,0,6,5,0,0,0,0,0,0,0,0,0,0,0,0,,,,0,,,,,,,,,
657,Internal,297.0,737.5,82463,49,14.1,29.1,419.0,42.0,21.0,0.0,0.0,87,0,0,0,0,0,0,6,0,0,0,0,0,0,0,0,0,0,0,0,0,,,,0,,,,,,,,,
658,Internal,0.0,0.0,82463,49,14.1,29.1,941.0,0.0,36.0,0.0,0.0,86,0,0,0,0,0,0,0,0,0,0,0,0,0,0,0,0,0,0,0,0,,,,0,,,,,,,,,
659,Internal,3.0,3.0,82463,49,14.1,29.1,600.0,10.0,3.0,1.0,0.0,93,0,0,0,0,0,0,0,0,0,0,0,0,0,0,0,0,0,0,0,0,,,,0,,,,,,,,,
660,Internal,113.0,281.0,87681,49,21.1,12.5,1.0,5.0,0.0,0.0,29.0,19,0,0,0,0,0,0,0,0,0,0,0,0,0,0,0,0,0,0,0,0,,,,0,,,,,,,,,
661,Internal,129.0,270.0,87681,49,21.1,12.5,0.0,8.0,0.0,0.0,0.0,80,0,0,0,0,0,0,0,0,0,0,0,0,0,0,0,0,0,0,0,0,,,,0,,,,,,,,,
662,Internal,174.0,431.0,87681,49,21.1,12.5,0.0,14.0,0.0,0.0,4.0,80,0,0,0,0,0,0,0,0,0,0,0,0,0,0,0,0,0,0,0,0,,,,0,,,,,,,,,
663,Internal,116.0,259.0,87681,49,21.1,12.5,3.0,25.0,932.0,3.0,7.0,80,0,0,0,0,0,0,0,0,0,0,0,0,0,0,0,0,0,0,0,0,,,,0,,,,,,,,,
664,Internal,7.0,14.0,87681,49,21.1,12.5,0.0,4.0,0.0,0.0,0.0,80,0,0,0,0,0,0,0,0,0,0,0,0,0,0,0,0,0,0,0,0,,,,0,,,,,,,,,
665,Internal,350.0,853.0,87681,49,21.1,12.5,2.0,29.0,71.0,2.0,2.0,28,0,0,0,0,0,0,0,0,0,0,0,0,430,0,0,0,0,0,0,0,,,,0,,,,,,,,,
666,Internal,327.0,855.0,74900,49,18.2,20.1,2.0,38.0,28.0,0.0,1.0,29,0,0,0,0,0,0,0,0,0,0,0,0,0,0,0,0,0,0,0,0,,,,0,,,,,,,,,
667,Internal,145.0,351.0,74900,49,18.2,20.1,4.0,6.0,82.0,7.0,5.0,29,0,0,0,0,0,0,0,0,0,0,0,0,0,0,0,0,0,0,0,0,,,,0,,,,,,,,,
668,Internal,114.0,254.0,74900,49,18.2,20.1,2.0,1.0,2.0,0.0,15.0,50,0,0,0,0,0,0,0,0,0,0,0,0,0,0,0,0,0,0,0,0,,,,0,,,,,,,,,
669,Internal,134.0,350.0,74900,49,18.2,20.1,0.0,8.0,6.0,0.0,1.0,80,0,0,0,0,0,0,0,0,0,0,0,0,0,0,0,0,0,0,0,0,,,,0,,,,,,,,,
670,Internal,102.0,256.0,74900,49,18.2,20.1,2.0,0.0,10.0,0.0,10.0,80,0,0,0,0,0,0,0,0,0,0,0,0,0,0,0,0,0,0,0,0,,,,0,,,,,,,,,
671,Internal,157.0,380.0,47841,43,22.8,12.8,29.0,80.0,7.0,0.0,3.0,17,0,0,0,0,0,0,0,0,0,0,0,0,987,0,0,0,0,0,0,0,,,,0,,,,,,,,,
672,Internal,143.5,347.5,54563,42,24.1,16.3,0.0,0.0,2.0,0.0,0.0,26,0,0,0,0,0,0,0,0,0,0,0,0,0,0,0,0,0,0,0,0,,,,0,,,,,,,,,
673,Internal,143.0,314.5,54563,42,24.1,16.3,0.0,2.0,89.0,0.0,0.0,29,0,0,0,0,0,0,0,0,0,0,0,0,0,0,0,0,0,0,0,0,,,,0,,,,,,,,,
674,Internal,128.0,312.5,54563,42,24.1,16.3,9.5,0.0,1.0,0.0,5.0,26,0,0,0,0,0,0,0,0,0,0,0,0,0,0,0,0,0,0,0,0,,,,0,,,,,,,,,
675,Internal,21.0,48.0,54563,42,24.1,16.3,0.0,85.0,2.0,0.0,0.0,37,0,0,0,0,0,0,0,0,0,0,0,0,979,0,0,0,0,0,0,0,,,,0,,,,,,,,,
676,Internal,142.5,408.0,54563,42,24.1,16.3,22.0,63.0,220.0,29.0,10.0,32,0,0,0,0,0,0,0,0,0,0,0,0,0,0,0,0,0,0,0,0,,,,0,,,,,,,,,
677,Internal,187.0,424.0,49515,42,17.1,27.8,6.0,2.0,22.0,0.0,20.0,26,0,0,0,0,0,0,0,0,0,0,0,0,0,0,0,0,0,0,0,0,,,,0,,,,,,,,,
678,Internal,108.5,266.5,49515,42,17.1,27.8,11.0,6.0,8.0,18.0,8.0,26,0,0,0,0,0,0,0,0,0,0,0,0,0,0,0,0,0,0,0,0,,,,0,,,,,,,,,
679,Internal,149.0,345.0,49515,42,17.1,27.8,3.0,5.0,4.0,0.0,2.0,26,0,0,0,0,0,0,0,0,0,0,0,0,0,0,0,0,0,0,0,0,,,,0,,,,,,,,,
680,Internal,114.0,303.0,49515,42,17.1,27.8,20.0,51.0,305.0,20.0,26.0,39,0,0,0,0,0,0,0,0,0,0,0,0,862,0,0,0,0,0,0,0,,,,0,,,,,,,,,
681,Internal,106.5,255.0,49515,42,17.1,27.8,0.0,0.0,8.0,0.0,0.0,13,0,0,0,0,0,0,0,0,0,0,0,0,0,0,0,0,0,0,0,0,,,,0,,,,,,,,,
682,Internal,233.0,555.0,49515,42,17.1,27.8,2.0,7.0,21.0,0.0,0.0,23,0,0,0,0,0,0,0,0,0,0,0,0,0,0,0,0,0,0,0,0,,,,0,,,,,,,,,
683,Internal,104.0,257.5,47946,42,25.7,18.8,4.5,5.0,6.0,0.0,100.0,26,0,0,0,0,0,0,0,0,0,0,0,0,491,0,0,0,0,0,0,0,,,,0,,,,,,,,,
684,Internal,251.5,592.0,47946,42,25.7,18.8,319.0,299.0,813.0,117.0,167.0,24,0,0,0,0,0,0,0,0,0,0,0,0,0,0,0,0,0,0,0,0,,,,0,,,,,,,,,
685,Internal,197.5,549.0,47946,42,25.7,18.8,0.0,13.0,28.0,0.0,5.0,26,0,0,0,0,0,0,0,0,0,0,0,0,0,0,0,0,0,0,0,0,,,,0,,,,,,,,,
686,Internal,49.0,88.0,47946,42,25.7,18.8,0.0,97.0,68.0,76.0,79.0,15,0,0,0,0,0,0,0,0,0,0,0,0,0,0,0,0,0,0,0,0,,,,0,,,,,,,,,
687,Internal,243.5,537.0,54563,42,24.1,16.3,116.5,82.5,269.0,71.0,167.0,24,0,0,0,0,0,0,0,0,0,0,0,0,0,0,0,0,0,0,0,0,,,,0,,,,,,,,,
688,Internal,120.5,287.5,20918,33,31.4,25.1,103.5,19.0,85.0,3.0,204.0,17,0,0,0,0,0,0,0,0,0,0,0,0,0,0,0,0,0,0,0,0,,,,0,,,,,,,,,
689,Internal,129.5,319.0,20918,33,31.4,25.1,173.0,17.5,161.0,1.0,18.0,16,0,0,0,0,0,0,0,0,0,0,0,0,345,0,0,0,0,0,0,0,,,,0,,,,,,,,,
690,Internal,263.0,696.0,20918,33,31.4,25.1,139.0,75.0,55.0,3.0,6.0,69,0,0,0,0,0,0,0,0,0,0,0,0,0,0,0,0,0,0,0,0,,,,0,,,,,,,,,
691,Internal,315.5,749.5,20918,33,31.4,25.1,76.0,451.0,13.5,10.0,35.0,44,0,0,0,0,0,0,0,0,0,0,0,0,0,0,0,0,0,0,0,0,,,,0,,,,,,,,,
692,Internal,30.0,109.5,20918,33,31.4,25.1,3.5,1.0,10.0,0.0,0.0,23,0,0,0,0,0,0,0,0,0,0,0,0,0,594,0,0,0,0,0,0,,,,0,,,,,,,,,
693,Internal,351.0,827.5,26759,33,20.3,24.0,29.0,13.0,220.0,0.0,2.0,32,0,0,0,0,0,0,0,0,0,0,0,0,0,0,0,0,0,0,0,0,,,,0,,,,,,,,,
694,Internal,35.5,72.0,26759,33,20.3,24.0,16.0,1.0,0.0,0.0,5.0,23,0,0,0,0,0,0,0,0,0,0,0,0,0,0,0,0,0,0,0,0,,,,0,,,,,,,,,
695,Internal,128.0,462.0,26759,33,20.3,24.0,25.0,22.0,60.0,0.0,31.0,15,0,0,0,0,0,0,0,0,0,0,0,0,0,0,0,0,0,0,0,0,,,,0,,,,,,,,,
696,Internal,150.5,283.5,26759,33,20.3,24.0,4.5,9.0,46.0,6.0,240.0,9,0,0,0,0,0,0,0,0,0,0,0,0,0,0,0,0,0,0,0,0,,,,0,,,,,,,,,
697,Internal,3.5,9.0,26759,33,20.3,24.0,0.0,92.0,1.0,0.0,0.0,23,0,0,0,0,0,0,0,0,0,0,0,0,851,0,0,0,0,0,0,0,,,,0,,,,,,,,,
698,Internal,405.0,1111.5,43625,41,22.4,15.9,176.0,9.0,8.0,0.0,11.5,6,0,0,0,0,0,0,0,0,0,0,0,0,0,0,0,0,0,0,0,0,,,,0,,,,,,,,,
699,Internal,468.5,1148.0,43625,41,22.4,15.9,10.0,23.0,3.0,0.0,0.0,18,0,0,0,0,0,0,0,0,0,0,0,0,0,0,0,0,0,0,0,0,,,,0,,,,,,,,,
700,Internal,336.5,800.0,43625,41,22.4,15.9,0.0,3.0,1.0,0.0,0.0,10,0,0,0,0,0,0,0,0,0,0,0,0,0,0,0,0,0,0,0,0,,,,0,,,,,,,,,
701,Internal,649.5,1711.5,43625,41,22.4,15.9,8.0,34.5,152.5,30.5,2.0,12,0,0,0,0,0,0,0,0,0,0,0,0,0,0,0,0,0,0,0,0,,,,0,,,,,,,,,
702,Internal,241.5,546.0,41535,42,23.6,12.0,60.0,103.0,71.0,26.0,53.5,24,0,0,0,0,0,0,0,0,0,0,0,0,435,0,0,0,0,0,0,0,,,,0,,,,,,,,,
703,Internal,158.5,386.0,41535,42,23.6,12.0,0.0,1.0,12.0,6.5,2.0,62,0,0,0,0,0,0,0,0,0,0,0,0,0,0,0,0,0,0,0,0,,,,0,,,,,,,,,
704,Internal,119.5,306.5,34179,42,24.7,22.3,0.0,99.5,21.5,12.0,0.5,23,0,0,0,0,0,0,0,0,0,0,0,0,0,0,0,0,0,0,0,0,,,,0,,,,,,,,,
705,Internal,188.0,371.0,34179,42,24.7,22.3,12.0,10.0,5.5,2.0,1.0,18,0,0,0,0,0,0,0,0,0,0,0,0,0,0,0,0,0,0,0,0,,,,0,,,,,,,,,
706,Internal,192.5,474.5,41535,42,23.6,12.0,0.0,0.0,0.0,0.0,0.0,62,0,0,0,0,0,0,0,0,0,0,0,0,0,0,0,0,0,0,0,0,,,,0,,,,,,,,,
707,Internal,114.0,288.0,40495,42,12.9,31.7,12.5,0.0,3.0,0.0,0.0,62,0,0,0,0,0,0,0,0,0,0,0,0,0,0,0,0,0,0,0,0,,,,0,,,,,,,,,
708,Internal,800.0,2044.5,41535,42,23.6,12.0,17.0,24.0,15.0,0.0,7.0,44,0,0,0,0,0,0,0,0,0,0,0,0,0,0,0,0,0,0,0,0,,,,0,,,,,,,,,
709,Internal,78.0,161.5,41535,42,23.6,12.0,583.5,82.0,0.0,0.0,0.0,96,0,0,0,0,0,0,0,0,0,0,0,0,0,0,0,0,0,0,0,0,,,,0,,,,,,,,,
710,Internal,160.5,412.5,40495,42,12.9,31.7,45.5,10.0,1.0,0.0,1.0,41,0,0,0,0,0,0,0,0,0,0,0,0,0,0,0,0,0,0,0,0,,,,0,,,,,,,,,
711,Internal,65.5,181.0,40495,42,12.9,31.7,250.5,1.0,6.0,1.0,0.0,62,0,0,0,0,0,0,0,0,0,0,0,0,0,0,0,0,0,0,0,0,,,,0,,,,,,,,,
712,Internal,1211.0,3169.0,34179,42,24.7,22.3,0.0,70.0,161.0,15.0,8.0,50,0,0,0,0,0,0,0,0,0,0,0,0,2070,0,0,0,0,0,0,0,,,,0,,,,,,,,,
713,Internal,2236.0,5799.5,34179,42,24.7,22.3,6.0,16.0,529.0,37.5,9.5,39,0,0,0,0,0,0,0,0,0,0,0,0,0,0,0,0,0,0,0,0,,,,0,,,,,,,,,
714,Internal,802.0,2061.0,34179,42,24.7,22.3,4.0,61.5,521.5,37.5,75.0,44,0,0,0,0,0,0,0,0,0,0,0,0,820,0,0,0,0,0,0,0,,,,0,,,,,,,,,
715,Internal,151.0,409.0,34179,42,24.7,22.3,23.0,4.0,0.0,0.0,2.5,62,0,0,0,0,0,0,0,0,0,0,0,0,0,0,0,0,0,0,0,0,,,,0,,,,,,,,,
716,Internal,999.5,2663.5,91168,50,20.3,14.5,12.0,18.0,11.0,0.0,3.0,40,0,0,0,0,0,0,0,0,0,0,0,0,0,0,0,0,0,0,0,0,,,,0,,,,,,,,,
717,Internal,489.5,1319.0,68068,50,26.1,11.0,17.0,21.0,5.0,0.0,0.0,45,0,0,0,0,0,0,0,0,0,0,0,0,0,0,0,0,0,0,0,0,,,,0,,,,,,,,,
718,Internal,134.5,325.0,68068,50,26.1,11.0,263.5,82.0,177.5,36.0,19.0,26,0,0,0,0,0,0,0,0,0,0,0,0,0,0,0,0,0,0,0,0,,,,0,,,,,,,,,
719,Internal,222.0,594.5,68068,50,26.1,11.0,176.0,4.0,79.0,0.0,138.0,58,0,0,0,0,0,0,0,0,0,0,0,0,786,0,0,0,0,0,0,0,,,,0,,,,,,,,,
720,Internal,1301.5,3558.5,68068,50,26.1,11.0,48.0,38.0,44.0,2.0,2.0,39,0,0,0,0,0,0,0,0,0,0,0,0,0,0,0,0,0,0,0,0,,,,0,,,,,,,,,
721,Internal,232.5,596.0,91168,50,20.3,14.5,60.0,494.0,26.5,7.0,18.0,75,0,0,0,0,0,0,0,0,0,0,0,0,0,0,0,0,0,0,0,0,,,,0,,,,,,,,,
722,Internal,1089.5,3078.5,91168,50,20.3,14.5,31.0,56.0,57.5,4.0,36.5,20,0,0,0,0,0,0,0,0,0,0,0,0,0,0,0,0,0,0,0,0,,,,0,,,,,,,,,
723,Internal,968.0,2520.0,74861,49,24.3,11.4,466.0,95.0,205.5,21.5,14.5,56,0,0,0,0,0,0,0,0,0,0,0,0,813,0,0,0,0,0,0,0,,,,0,,,,,,,,,
724,Internal,988.0,2656.5,91168,50,20.3,14.5,0.0,52.5,27.5,6.5,9.0,45,0,0,0,0,0,0,0,0,0,0,0,0,295,0,0,0,0,0,0,0,,,,0,,,,,,,,,
725,Internal,524.0,1051.5,75078,49,26.7,9.9,426.0,118.5,227.0,25.5,44.5,50,0,0,0,0,0,0,0,0,0,0,0,0,0,0,0,0,0,0,0,0,,,,0,,,,,,,,,
726,Internal,1270.0,3221.0,91168,50,20.3,14.5,366.0,1054.5,473.0,123.0,60.0,31,0,0,0,0,0,0,0,0,0,0,0,0,0,0,0,0,0,0,0,0,,,,0,,,,,,,,,
727,Internal,284.0,730.0,91168,50,20.3,14.5,411.0,203.5,157.0,35.5,431.5,23,0,0,0,0,0,0,0,0,0,0,0,0,34,0,0,0,0,0,0,0,,,,0,,,,,,,,,
728,Internal,42.5,130.0,75078,49,26.7,9.9,116.0,0.0,31.5,0.0,0.0,54,0,0,0,0,0,0,0,0,0,0,0,0,0,0,0,0,0,0,0,0,,,,0,,,,,,,,,
729,Internal,1085.0,2979.5,78918,49,32.2,11.0,16.0,46.0,28.0,0.0,9.0,37,0,0,0,0,0,0,0,0,0,0,0,0,0,0,0,0,0,0,0,0,,,,0,,,,,,,,,
730,Internal,1428.5,3786.5,78918,49,32.2,11.0,6.0,63.0,44.5,5.0,10.0,22,0,0,0,0,0,0,0,0,0,0,0,0,0,0,0,0,0,0,0,0,,,,0,,,,,,,,,
731,Internal,2310.0,5788.0,75078,49,26.7,9.9,144.5,24.0,361.5,98.5,131.5,45,0,0,0,0,0,0,0,0,0,0,0,0,0,0,0,0,0,0,0,0,,,,0,,,,,,,,,
732,Internal,719.0,1960.0,75078,49,26.7,9.9,457.0,72.0,82.0,0.0,6.0,45,0,0,0,0,0,0,0,0,0,0,0,0,0,0,0,0,0,0,0,0,,,,0,,,,,,,,,
733,Internal,416.0,1142.5,75078,49,26.7,9.9,6.0,142.0,7.0,0.0,2.0,51,0,0,0,0,0,0,0,0,0,0,0,0,1807,0,0,0,0,0,0,0,,,,0,,,,,,,,,
734,Internal,357.0,945.0,74861,49,24.3,11.4,53.0,7.0,3.0,0.0,5.0,45,0,0,0,0,0,0,0,0,0,0,0,0,0,0,0,0,0,0,0,0,,,,0,,,,,,,,,
735,Internal,947.0,2475.5,74861,49,24.3,11.4,0.0,264.5,16.5,4.5,97.5,34,0,0,0,0,0,0,0,0,0,0,0,0,0,0,0,0,0,0,0,0,,,,0,,,,,,,,,
736,Internal,696.5,1771.5,74861,49,24.3,11.4,8.5,18.5,6.5,7.0,4.0,45,0,0,0,0,0,0,0,0,0,0,0,0,0,0,0,0,0,0,0,0,,,,0,,,,,,,,,
737,Internal,263.5,663.0,75078,49,26.7,9.9,81.0,1.5,89.0,12.0,62.5,14,0,0,0,0,0,0,0,0,0,0,0,0,0,0,0,0,0,0,0,0,,,,0,,,,,,,,,
738,Internal,265.0,643.0,74861,49,24.3,11.4,19.0,159.0,43.5,35.0,39.0,45,0,0,0,0,0,0,0,0,0,0,0,0,0,0,0,0,0,0,0,0,,,,0,,,,,,,,,
739,Internal,463.5,1292.5,75078,49,26.7,9.9,0.0,0.0,4.0,0.0,0.0,45,0,0,0,0,0,0,0,0,0,0,0,0,0,0,0,0,0,0,0,0,,,,0,,,,,,,,,
740,Internal,81.0,239.0,75078,49,26.7,9.9,18.0,167.0,6.0,0.0,0.0,46,0,0,0,0,0,0,0,0,0,0,0,0,0,0,0,0,0,0,0,0,,,,0,,,,,,,,,
741,Internal,797.0,2155.5,45305,45,30.6,13.3,16.0,101.0,8.0,16.0,0.0,37,0,0,0,0,0,0,0,0,0,0,0,0,813,0,0,0,0,0,0,0,,,,0,,,,,,,,,
742,Internal,310.5,781.0,45305,45,30.6,13.3,16.0,18.0,24.0,12.0,3.0,27,0,0,0,0,0,0,0,0,0,0,0,0,0,0,0,0,0,0,0,0,,,,0,,,,,,,,,
743,Internal,125.0,337.0,45305,45,30.6,13.3,22.0,3.0,9.0,0.0,8.0,27,0,0,0,0,0,0,0,0,0,0,0,0,0,0,0,0,0,0,0,0,,,,0,,,,,,,,,
744,Internal,201.0,509.0,45305,45,30.6,13.3,1.0,11.0,8.0,0.0,4.0,27,0,0,0,0,0,0,0,0,0,0,0,0,0,0,0,0,0,0,0,0,,,,0,,,,,,,,,
745,Internal,399.5,1016.5,63750,45,26.0,11.9,1.0,4.0,3.0,0.0,1.0,27,0,0,0,0,0,0,0,0,0,0,0,0,0,0,0,0,0,0,0,0,,,,0,,,,,,,,,
746,Internal,536.0,1375.0,59566,45,20.0,18.6,4.0,1.0,5.0,0.0,0.0,27,0,0,0,0,0,0,0,0,0,0,0,0,0,0,0,0,0,0,0,0,,,,0,,,,,,,,,
747,Internal,615.5,1627.5,63750,45,26.0,11.9,0.0,6.0,11.0,0.0,0.0,28,0,0,0,0,0,0,0,0,0,0,0,0,0,0,0,0,0,0,0,0,,,,0,,,,,,,,,
748,Internal,356.0,933.5,59566,45,20.0,18.6,2.0,29.0,5.0,0.0,0.0,27,0,0,0,0,0,0,0,0,0,0,0,0,0,0,0,0,0,0,0,0,,,,0,,,,,,,,,
749,Internal,254.0,707.5,63750,45,26.0,11.9,4.0,15.0,14.0,0.0,11.0,27,0,0,0,0,0,0,0,0,0,0,0,0,0,0,0,0,0,0,0,0,,,,0,,,,,,,,,
750,Internal,231.5,656.5,59566,45,20.0,18.6,4.0,3.0,5.0,0.0,1.0,27,0,0,0,0,0,0,0,0,0,0,0,0,0,0,0,0,0,0,0,0,,,,0,,,,,,,,,
751,Internal,124.0,338.5,59566,45,20.0,18.6,3.0,5.0,0.0,0.0,0.0,27,0,0,0,0,0,0,0,0,0,0,0,0,0,0,0,0,0,0,0,0,,,,0,,,,,,,,,
752,Internal,197.0,587.0,63750,45,26.0,11.9,0.0,2.0,0.0,0.0,0.0,8,0,0,0,0,0,0,0,0,0,0,0,0,0,0,0,0,0,0,0,0,,,,0,,,,,,,,,
753,Internal,238.5,603.5,63750,45,26.0,11.9,11.0,13.0,1.0,0.0,1.0,27,0,0,0,0,0,0,0,0,0,0,0,0,0,0,0,0,0,0,0,0,,,,0,,,,,,,,,
754,Internal,464.0,1055.5,55040,39,23.0,21.8,12.0,6.0,3.0,0.0,0.0,40,0,0,0,0,0,0,0,0,0,0,0,0,0,0,0,0,0,0,0,0,,,,0,,,,,,,,,
755,Internal,186.0,524.0,55442,39,21.4,9.7,3.0,3.0,0.0,0.0,0.0,38,0,0,0,0,0,0,0,0,0,0,0,0,0,0,0,0,0,0,0,0,,,,0,,,,,,,,,
756,Internal,230.0,735.0,55442,39,21.4,9.7,0.0,2.0,6.0,0.0,3.0,38,0,0,0,0,0,0,0,0,0,0,0,0,0,0,0,0,0,0,0,0,,,,0,,,,,,,,,
757,Internal,90.0,235.0,55442,39,21.4,9.7,0.0,1.0,1.0,0.0,8.0,38,0,0,0,0,0,0,0,0,0,0,0,0,0,0,0,0,0,0,0,0,,,,0,,,,,,,,,
758,Internal,651.5,1371.5,54922,39,10.5,24.7,0.0,30.0,1.0,0.0,3.0,45,0,0,0,0,0,0,0,0,0,0,0,0,0,0,0,0,0,0,0,0,,,,0,,,,,,,,,
759,Internal,505.0,1163.0,54922,39,10.5,24.7,32.0,2.0,12.0,9.0,0.0,32,0,0,0,0,0,0,0,0,0,0,0,0,0,0,0,0,0,0,0,0,,,,0,,,,,,,,,
760,Internal,30.0,78.0,55040,39,23.0,21.8,0.0,6.0,0.0,0.0,0.0,38,0,0,0,0,0,0,0,0,0,0,0,0,0,0,0,0,0,0,0,0,,,,0,,,,,,,,,
761,Internal,322.0,839.5,60250,47,23.9,11.9,2.0,0.0,0.0,0.0,0.0,30,0,0,0,0,0,0,0,0,0,0,0,0,0,0,0,0,0,0,0,0,,,,0,,,,,,,,,
762,Internal,290.5,755.5,60250,47,23.9,11.9,1.0,0.0,21.0,1.0,91.0,13,0,0,0,0,0,0,0,0,0,0,0,0,0,0,0,0,0,0,0,0,,,,0,,,,,,,,,
763,Internal,430.0,1192.0,60250,47,23.9,11.9,1.0,13.0,0.0,0.0,0.0,30,0,0,0,0,0,0,0,0,0,0,0,0,40,0,0,0,0,0,0,0,,,,0,,,,,,,,,
764,Internal,333.0,776.0,45625,47,20.4,14.4,18.0,4.0,5.0,0.0,14.0,18,0,0,0,0,0,0,0,0,0,0,0,0,0,0,0,0,0,0,0,0,,,,0,,,,,,,,,
765,Internal,329.0,800.0,45625,47,20.4,14.4,20.0,176.0,8.0,9.0,3.0,44,0,0,0,0,0,0,0,0,0,0,0,0,1560,0,0,0,0,0,0,0,,,,0,,,,,,,,,
766,Internal,352.5,1024.0,45625,47,20.4,14.4,104.0,74.0,5.0,0.0,3.0,46,0,0,0,0,0,0,0,0,0,0,0,0,1255,0,0,0,0,0,0,0,,,,0,,,,,,,,,
767,Internal,218.0,543.5,45625,47,20.4,14.4,0.0,4.0,1.0,0.0,0.0,30,0,0,0,0,0,0,0,0,0,0,0,0,0,0,0,0,0,0,0,0,,,,0,,,,,,,,,
768,Internal,197.5,543.0,45625,47,20.4,14.4,3.0,93.0,1.0,5.0,5.0,51,0,0,0,0,0,0,0,0,0,0,0,0,1089,0,0,0,0,0,0,0,,,,0,,,,,,,,,
769,Internal,91.5,215.5,45625,47,20.4,14.4,0.0,3.0,2.0,0.0,2.0,30,0,0,0,0,0,0,0,0,0,0,0,0,0,0,0,0,0,0,0,0,,,,0,,,,,,,,,
770,Internal,374.5,953.0,55926,47,17.0,16.2,0.0,12.0,4.0,0.0,0.0,15,0,0,0,0,0,0,0,0,0,0,0,0,0,0,0,0,0,0,0,0,,,,0,,,,,,,,,
771,Internal,604.5,1598.5,55926,47,17.0,16.2,45.0,29.0,5.0,0.0,7.0,22,0,0,0,0,0,0,0,0,0,0,0,0,0,0,0,0,0,0,0,0,,,,0,,,,,,,,,
772,Internal,89.5,241.0,41332,47,21.9,14.8,0.0,4.0,0.0,0.0,0.0,15,0,0,0,0,0,0,0,0,0,0,0,0,0,0,0,0,0,0,0,0,,,,0,,,,,,,,,
773,Internal,312.5,781.5,55926,47,17.0,16.2,4.0,2.0,4.0,0.0,2.0,15,0,0,0,0,0,0,0,0,0,0,0,0,0,0,0,0,0,0,0,0,,,,0,,,,,,,,,
774,Internal,212.0,638.5,41332,47,21.9,14.8,0.0,0.0,3.0,0.0,0.0,15,0,0,0,0,0,0,0,0,0,0,0,0,0,0,0,0,0,0,0,0,,,,0,,,,,,,,,
775,Internal,416.5,1059.5,41332,47,21.9,14.8,2.0,4.0,8.0,0.0,0.0,15,0,0,0,0,0,0,0,0,0,0,0,0,0,0,0,0,0,0,0,0,,,,0,,,,,,,,,
776,Internal,278.5,648.0,41332,47,21.9,14.8,0.0,7.0,2.0,0.0,0.0,15,0,0,0,0,0,0,0,0,0,0,0,0,0,0,0,0,0,0,0,0,,,,0,,,,,,,,,
777,Internal,152.5,419.5,41332,47,21.9,14.8,0.0,8.0,18.0,0.0,0.0,15,0,0,0,0,0,0,0,0,0,0,0,0,0,0,0,0,0,0,0,0,,,,0,,,,,,,,,
778,Internal,192.0,453.0,43094,35,13.9,31.5,21.0,17.0,9.0,1.0,9.0,15,0,0,0,0,0,0,0,0,0,0,0,0,0,0,0,0,0,0,0,0,,,,0,,,,,,,,,
779,Internal,693.0,1847.5,70441,50,26.6,11.9,2.0,6.0,4.0,0.0,0.0,48,0,0,0,0,0,0,0,0,0,0,0,0,0,0,0,0,0,0,0,0,,,,0,,,,,,,,,
780,Internal,381.0,1059.5,67768,49,21.7,10.7,48.0,83.0,0.0,0.0,3.0,36,0,0,0,0,0,0,0,0,0,0,0,0,607,0,0,0,0,0,0,0,,,,0,,,,,,,,,
781,Internal,112.0,252.0,67768,49,21.7,10.7,0.0,0.0,0.0,0.0,0.0,34,0,0,0,0,0,0,0,0,0,0,0,0,0,0,0,0,0,0,0,0,,,,0,,,,,,,,,
782,Internal,294.5,754.5,67768,49,21.7,10.7,14.0,24.0,0.0,0.0,0.0,34,0,0,0,0,0,0,0,0,0,0,0,0,0,0,0,0,0,0,0,0,,,,0,,,,,,,,,
783,Internal,334.5,813.0,70441,50,26.6,11.9,16.0,90.0,5.0,4.0,23.5,50,0,0,0,0,0,0,0,0,0,0,0,0,513,0,0,0,0,0,0,0,,,,0,,,,,,,,,
784,Internal,800.5,2082.0,67768,49,21.7,10.7,56.0,20.0,4.0,0.0,10.0,48,0,0,0,0,0,0,0,0,0,0,0,0,0,0,0,0,0,0,0,0,,,,0,,,,,,,,,
785,Internal,4.0,8.0,67768,49,21.7,10.7,0.0,0.0,40.0,0.0,3.0,56,0,0,0,0,0,0,0,0,0,0,0,0,423,0,0,0,0,0,0,0,,,,0,,,,,,,,,
786,Internal,43.0,93.0,67768,49,21.7,10.7,3.0,3.0,2.0,0.0,0.0,34,0,0,0,0,0,0,0,0,0,0,0,0,0,0,0,0,0,0,0,0,,,,0,,,,,,,,,
787,Internal,220.0,610.0,72969,49,17.3,13.4,58.0,20.0,2.0,0.0,7.0,21,0,0,0,0,0,0,0,0,0,0,0,0,0,0,0,0,0,0,0,0,,,,0,,,,,,,,,
788,Internal,211.0,621.5,72969,49,17.3,13.4,0.0,1.0,5.0,0.0,0.0,34,0,0,0,0,0,0,0,0,0,0,0,0,0,0,0,0,0,0,0,0,,,,0,,,,,,,,,
789,Internal,226.0,562.0,72969,49,17.3,13.4,1.0,22.0,0.0,0.0,0.0,34,0,0,0,0,0,0,0,0,0,0,0,0,0,0,0,0,0,0,0,0,,,,0,,,,,,,,,
790,Internal,125.0,277.0,72969,49,17.3,13.4,0.0,27.0,0.0,0.0,0.0,34,0,0,0,0,0,0,0,0,0,0,0,0,0,0,0,0,0,0,0,0,,,,0,,,,,,,,,
791,Internal,59.5,209.5,72969,49,17.3,13.4,7.0,12.0,0.0,0.0,0.0,34,0,0,0,0,0,0,0,0,0,0,0,0,0,0,0,0,0,0,0,0,,,,0,,,,,,,,,
792,Internal,379.0,921.0,76009,54,22.3,17.0,62.0,222.0,820.0,51.5,114.5,17,0,0,0,0,0,0,0,0,0,0,0,0,0,0,0,0,0,0,0,0,,,,0,,,,,,,,,
793,Internal,291.5,822.5,76009,54,22.3,17.0,48.0,56.0,114.0,88.0,129.5,16,0,0,0,0,0,0,0,0,0,0,0,0,1543,0,0,0,0,0,0,0,,,,0,,,,,,,,,
794,Internal,85.0,210.0,72969,49,17.3,13.4,0.0,0.0,0.0,0.0,0.0,34,0,0,0,0,0,0,0,0,0,0,0,0,0,0,0,0,0,0,0,0,,,,0,,,,,,,,,
795,Internal,52.5,163.5,72969,49,17.3,13.4,0.0,1.0,4.0,0.0,0.0,34,0,0,0,0,0,0,0,0,0,0,0,0,0,0,0,0,0,0,0,0,,,,0,,,,,,,,,
796,Internal,182.0,436.0,76009,54,22.3,17.0,0.0,0.0,1.0,1.0,0.0,51,0,0,0,0,0,0,0,0,0,0,0,0,0,0,0,0,0,0,0,0,,,,0,,,,,,,,,
797,Internal,121.5,263.0,76009,54,22.3,17.0,0.0,2.0,29.0,0.0,5.0,51,0,0,0,0,0,0,0,0,0,0,0,0,0,0,0,0,0,0,0,0,,,,0,,,,,,,,,
798,Internal,178.5,427.0,65865,54,28.4,8.5,19.0,2.0,22.0,0.0,0.0,9,0,0,0,0,0,0,0,0,0,0,0,0,0,0,0,0,0,0,0,0,,,,0,,,,,,,,,
799,Internal,1847.0,4692.0,65865,54,28.4,8.5,1119.0,160.5,406.0,107.0,301.0,70,0,0,0,0,0,0,0,0,0,0,0,0,1804,0,0,0,0,0,0,0,,,,0,,,,,,,,,
800,Internal,409.5,1139.0,65865,54,28.4,8.5,74.0,110.0,169.0,35.0,39.0,33,0,0,0,0,0,0,0,0,0,0,0,0,0,0,0,0,0,0,0,0,,,,0,,,,,,,,,
801,Internal,1766.5,4449.0,65865,54,28.4,8.5,85.0,41.0,50.5,33.0,1.0,51,0,0,0,0,0,0,0,0,0,0,0,0,0,0,0,0,0,0,0,0,,,,0,,,,,,,,,
802,Internal,408.0,1043.0,65472,54,8.1,21.4,72.0,121.0,142.0,28.0,45.0,12,0,0,0,0,0,0,0,0,0,0,0,0,873,0,0,0,0,0,0,0,,,,0,,,,,,,,,
803,Internal,293.0,728.0,65472,54,8.1,21.4,1.0,19.0,17.0,0.0,1.0,55,0,0,0,0,0,0,0,0,0,0,0,0,0,0,0,0,0,0,0,0,,,,0,,,,,,,,,
804,Internal,334.5,872.5,70441,50,26.6,11.9,2.0,40.0,0.0,2.0,0.0,62,0,0,0,0,0,0,0,0,0,0,0,0,0,0,0,0,0,0,0,0,,,,0,,,,,,,,,
805,Internal,464.0,1277.5,90230,50,20.3,13.1,6.0,17.0,7.0,0.0,0.0,50,0,0,0,0,0,0,0,0,0,0,0,0,0,0,0,0,0,0,0,0,,,,0,,,,,,,,,
806,Internal,384.5,982.0,70441,50,26.6,11.9,8.0,10.0,0.0,0.0,6.0,50,0,0,0,0,0,0,0,0,0,0,0,0,0,0,0,0,0,0,0,0,,,,0,,,,,,,,,
807,Internal,413.0,1112.0,90230,50,20.3,13.1,7.0,10.0,1.0,0.0,0.0,50,0,0,0,0,0,0,0,0,0,0,0,0,0,0,0,0,0,0,0,0,,,,0,,,,,,,,,
808,Internal,701.0,1807.5,90230,50,20.3,13.1,23.0,46.0,7.0,0.0,5.0,59,0,0,0,0,0,0,0,0,0,0,0,0,0,0,0,0,0,0,0,0,,,,0,,,,,,,,,
809,Internal,426.5,1212.0,90230,50,20.3,13.1,16.0,13.0,4.0,0.0,2.0,50,0,0,0,0,0,0,0,0,0,0,0,0,0,0,0,0,0,0,0,0,,,,0,,,,,,,,,
810,Internal,321.5,835.5,65865,54,28.4,8.5,2.0,1.0,2.0,0.0,0.0,51,0,0,0,0,0,0,0,0,0,0,0,0,0,0,0,0,0,0,0,0,,,,0,,,,,,,,,
811,Internal,163.0,467.0,72031,46,14.5,25.2,21.0,3.0,5.0,0.0,0.0,24,0,0,0,0,0,0,0,0,0,0,0,0,0,0,0,0,0,0,0,0,,,,0,,,,,,,,,
812,Internal,151.0,325.0,72031,46,14.5,25.2,0.0,5.0,8.0,0.0,0.0,24,0,0,0,0,0,0,0,0,0,0,0,0,0,0,0,0,0,0,0,0,,,,0,,,,,,,,,
813,Internal,123.0,273.0,72031,46,14.5,25.2,2.0,11.0,0.0,0.0,2.0,24,0,0,0,0,0,0,0,0,0,0,0,0,0,0,0,0,0,0,0,0,,,,0,,,,,,,,,
814,Internal,0.0,0.0,55628,45,23.0,14.0,0.0,45.0,300.0,0.0,0.0,0,0,0,0,0,0,0,0,0,0,0,0,0,0,0,0,0,0,0,0,0,,,,0,,,,,,,,,
815,Internal,580.5,1479.5,58100,46,23.7,12.4,23.0,34.0,4.0,4.0,3.0,24,0,0,0,0,0,0,0,0,0,0,0,0,0,0,0,0,0,0,0,0,,,,0,,,,,,,,,
816,Internal,97.5,257.5,103194,46,21.2,7.4,0.0,9.0,13.0,5.0,1.0,37,0,0,0,0,0,0,0,0,0,0,0,0,0,0,0,0,0,0,0,0,,,,0,,,,,,,,,
817,Internal,85.0,225.0,103194,46,21.2,7.4,21.0,9.0,0.0,0.0,0.0,24,0,0,0,0,0,0,0,0,0,0,0,0,0,0,0,0,0,0,0,0,,,,0,,,,,,,,,
818,Internal,414.0,1050.5,58100,46,23.7,12.4,3.0,24.0,51.0,0.0,2.0,24,0,0,0,0,0,0,0,0,0,0,0,0,0,0,0,0,0,0,0,0,,,,0,,,,,,,,,
819,Internal,426.0,1196.0,58100,46,23.7,12.4,0.0,81.0,1.0,0.0,0.0,38,0,0,0,0,0,0,0,0,0,0,0,0,936,0,0,0,0,0,0,0,,,,0,,,,,,,,,
820,Internal,426.5,1099.5,103194,46,21.2,7.4,498.5,70.0,127.0,39.0,29.0,11,0,0,0,0,0,0,0,0,0,0,0,0,0,0,0,0,0,0,0,0,,,,0,,,,,,,,,
821,Internal,480.0,1160.5,54821,37,19.6,24.0,5.0,5.0,1741.0,1.0,0.0,15,0,0,0,0,0,0,0,0,0,0,0,0,0,0,0,0,0,0,0,0,,,,0,,,,,,,,,
822,Internal,1465.5,3806.5,33309,37,30.8,6.6,421.0,48.5,597.0,48.5,277.0,40,0,0,0,0,0,0,0,0,0,0,0,0,0,0,0,0,0,0,0,0,,,,0,,,,,,,,,
823,Internal,34.5,85.0,54821,37,19.6,24.0,0.0,85.0,60.0,0.0,12.0,53,0,0,0,0,0,0,0,0,0,0,0,0,1322,0,0,0,0,0,0,0,,,,0,,,,,,,,,
824,Internal,944.0,2542.5,43281,35,30.4,16.8,293.0,46.5,379.5,91.5,109.0,73,0,0,0,0,0,0,0,0,0,0,0,0,0,0,0,0,0,0,0,0,,,,0,,,,,,,,,
825,Internal,36.5,132.0,75938,35,29.1,38.4,76.0,211.0,3017.0,0.0,66.0,57,0,0,0,0,0,0,0,0,0,0,0,0,0,0,0,0,0,0,0,0,,,,0,,,,,,,,,
826,Internal,588.5,1335.5,43281,35,30.4,16.8,211.0,144.5,128.0,54.0,82.0,38,0,0,0,0,0,0,0,0,0,0,0,0,0,0,0,0,0,0,0,0,,,,0,,,,,,,,,
827,Internal,357.5,878.5,43281,35,30.4,16.8,5.0,16.0,2.0,3.0,4.0,31,0,0,0,0,0,0,0,0,0,0,0,0,0,0,0,0,0,0,0,0,,,,0,,,,,,,,,
828,Internal,206.0,597.0,45491,41,22.4,11.8,0.0,7.0,6.0,0.0,0.0,42,0,0,0,0,0,0,0,0,0,0,0,0,0,0,0,0,0,0,0,0,,,,0,,,,,,,,,
829,Internal,238.0,622.5,40712,37,15.4,17.1,19.0,6.0,13.5,0.0,0.0,34,0,0,0,0,0,0,0,0,0,0,0,0,0,0,0,0,0,0,0,0,,,,0,,,,,,,,,
830,Internal,207.5,528.5,26875,37,29.4,26.9,37.0,1.0,47.0,31.0,19.0,9,0,0,0,0,0,0,0,0,0,0,0,0,0,0,0,0,0,0,0,0,,,,0,,,,,,,,,
831,Internal,838.5,2131.5,56289,47,28.9,13.8,15.5,0.0,21.0,0.0,17.5,17,0,0,0,0,0,0,0,0,0,0,0,0,33,0,0,0,0,0,0,0,,,,0,,,,,,,,,
832,Internal,1250.0,3487.5,52134,46,25.0,8.6,389.5,134.5,257.0,13.5,15.0,46,0,0,0,0,0,0,0,0,0,0,0,0,0,0,0,0,0,0,0,0,,,,0,,,,,,,,,
833,Internal,1301.0,3093.5,52134,46,25.0,8.6,66.0,559.0,399.5,158.5,149.0,16,0,0,0,0,0,0,0,0,0,0,0,0,0,0,0,0,0,0,0,0,,,,0,,,,,,,,,
834,Internal,564.0,1565.0,52134,46,25.0,8.6,729.0,2494.0,552.0,28.0,107.0,78,0,0,0,0,0,0,0,0,0,0,0,0,0,0,0,0,0,0,0,0,,,,0,,,,,,,,,
835,Internal,988.0,2770.0,81590,44,27.2,9.7,46.0,124.5,647.5,45.5,0.0,25,0,0,0,0,0,0,0,0,0,0,0,0,0,0,0,0,0,0,0,0,,,,0,,,,,,,,,
836,Internal,732.5,1991.0,69315,49,13.8,13.7,4.0,39.0,373.0,54.0,38.5,71,0,0,0,0,0,0,0,0,0,0,0,0,0,0,0,0,0,0,0,0,,,,0,,,,,,,,,
837,Internal,671.5,1664.0,83571,49,27.5,10.5,4.0,83.0,37.0,22.0,12.0,13,0,0,0,0,0,0,0,0,0,0,0,0,0,0,0,0,0,0,0,0,,,,0,,,,,,,,,
838,Internal,209.0,556.5,85027,44,31.8,10.1,78.0,86.0,266.0,66.0,355.0,14,0,0,0,0,0,0,0,0,0,0,0,0,0,0,0,0,0,0,0,0,,,,0,,,,,,,,,
839,Internal,91.5,259.0,53665,40,21.5,11.2,4.0,0.0,0.0,5.0,6.0,20,0,0,0,0,0,0,0,0,0,0,0,0,0,0,0,0,0,0,0,0,,,,0,,,,,,,,,
840,Internal,98.0,280.0,53665,40,21.5,11.2,21.0,3.0,0.0,0.0,0.0,20,0,0,0,0,0,0,0,0,0,0,0,0,0,0,0,0,0,0,0,0,,,,0,,,,,,,,,
841,Internal,289.5,809.5,38674,40,23.4,27.0,51.0,66.0,1.0,0.0,0.0,42,0,0,0,0,0,0,0,0,0,0,0,0,0,0,0,0,0,0,0,0,,,,0,,,,,,,,,
842,Internal,150.0,388.0,31042,40,23.9,15.6,11.0,1.0,13.0,0.0,0.0,11,0,0,0,0,0,0,0,0,0,0,0,0,0,0,0,0,0,0,0,0,,,,0,,,,,,,,,
843,Internal,316.0,881.0,49957,37,24.0,12.8,7.0,2.0,0.0,0.0,5.0,32,0,0,0,0,0,0,0,0,0,0,0,0,0,0,0,0,0,0,0,0,,,,0,,,,,,,,,
844,Internal,403.0,994.0,49957,37,24.0,12.8,6.0,8.0,5.0,0.0,0.0,42,0,0,0,0,0,0,0,0,0,0,0,0,0,0,0,0,0,0,0,0,,,,0,,,,,,,,,
845,Internal,361.0,998.5,46336,37,25.4,12.9,42.0,1.0,11.0,0.0,42.0,11,0,0,0,0,0,0,0,0,0,0,0,0,0,0,0,0,0,0,0,0,,,,0,,,,,,,,,
846,Internal,688.0,1783.5,28977,37,25.3,23.9,282.0,363.0,155.0,59.0,238.0,23,0,0,0,0,0,0,0,0,0,0,0,0,3046,0,0,0,0,0,0,0,,,,0,,,,,,,,,
847,Internal,651.5,1829.0,46336,37,25.4,12.9,32.0,40.0,9.0,0.0,1.0,21,0,0,0,0,0,0,0,0,0,0,0,0,0,0,0,0,0,0,0,0,,,,0,,,,,,,,,
848,Internal,335.0,882.0,46113,36,31.4,20.0,3.0,6.0,5.0,0.0,0.0,25,0,0,0,0,0,0,0,0,0,0,0,0,0,0,0,0,0,0,0,0,,,,0,,,,,,,,,
849,Internal,308.0,824.0,34403,37,8.3,38.0,3.0,2.0,5.0,2.0,2.0,12,0,0,0,0,0,0,0,0,0,0,0,0,0,0,0,0,0,0,0,0,,,,0,,,,,,,,,
850,Internal,259.5,717.0,49957,37,24.0,12.8,0.0,2.0,24.0,0.0,0.0,21,0,0,0,0,0,0,0,0,0,0,0,0,0,0,0,0,0,0,0,0,,,,0,,,,,,,,,
851,Internal,311.0,800.0,38674,40,23.4,27.0,5.0,5.0,10.0,0.0,4.0,20,0,0,0,0,0,0,0,0,0,0,0,0,0,0,0,0,0,0,0,0,,,,0,,,,,,,,,
852,Internal,318.0,814.0,53665,40,21.5,11.2,46.0,4.0,7.0,0.0,4.0,30,0,0,0,0,0,0,0,0,0,0,0,0,0,0,0,0,0,0,0,0,,,,0,,,,,,,,,
853,Internal,476.0,1256.0,50775,40,29.5,10.7,35.0,0.0,19.0,0.0,0.0,21,0,0,0,0,0,0,0,0,0,0,0,0,0,0,0,0,0,0,0,0,,,,0,,,,,,,,,
854,Internal,152.5,327.5,50775,40,29.5,10.7,12.0,0.0,3.0,0.0,0.0,18,0,0,0,0,0,0,0,0,0,0,0,0,0,0,0,0,0,0,0,0,,,,0,,,,,,,,,
855,Internal,318.0,799.5,41570,40,19.4,6.4,6.0,94.0,16.0,0.0,11.0,11,0,0,0,0,0,0,0,0,0,0,0,0,1067,0,0,0,0,0,0,0,,,,0,,,,,,,,,
856,Internal,751.0,1960.0,31042,40,23.9,15.6,49.0,6.0,27.0,0.0,12.0,5,0,0,0,0,0,0,0,0,0,0,0,0,0,0,0,0,0,0,0,0,,,,0,,,,,,,,,
857,Internal,243.5,600.0,26875,37,29.4,26.9,148.5,19.0,5.0,0.0,10.0,17,0,0,0,0,0,0,0,0,0,0,0,0,0,0,0,0,0,0,0,0,,,,0,,,,,,,,,
858,Internal,185.5,507.5,31290,39,15.9,16.1,5.0,0.0,21.0,0.0,17.0,32,0,0,0,0,0,0,0,0,0,0,0,0,0,0,0,0,0,0,0,0,,,,0,,,,,,,,,
859,Internal,357.0,908.0,36500,39,23.8,22.2,3.0,165.0,13.0,30.0,1.0,33,0,0,0,0,0,0,0,0,0,0,0,0,943,0,0,0,0,0,0,0,,,,0,,,,,,,,,
860,Internal,44.5,101.5,47778,39,20.1,12.8,370.5,2.0,450.0,0.0,0.0,68,0,0,0,0,0,0,0,0,0,0,0,0,0,0,0,0,0,0,0,0,,,,0,,,,,,,,,
861,Internal,103.5,281.0,31290,39,15.9,16.1,5.0,92.0,115.0,0.0,11.0,40,0,0,0,0,0,0,0,0,0,0,0,0,0,0,0,0,0,0,0,0,,,,0,,,,,,,,,
862,Internal,111.0,282.0,47778,39,20.1,12.8,0.0,1.0,0.0,0.0,0.0,32,0,0,0,0,0,0,0,0,0,0,0,0,0,0,0,0,0,0,0,0,,,,0,,,,,,,,,
863,Internal,68.0,169.0,47778,39,20.1,12.8,0.0,2.0,2.0,0.0,2.0,32,0,0,0,0,0,0,0,0,0,0,0,0,0,0,0,0,0,0,0,0,,,,0,,,,,,,,,
864,Internal,33.0,104.0,31290,39,15.9,16.1,0.0,200.0,4.0,0.0,0.0,19,0,0,0,0,0,0,0,0,0,0,0,0,0,0,0,0,0,0,0,0,,,,0,,,,,,,,,
865,Internal,159.0,411.0,31290,39,15.9,16.1,8.0,10.0,8.0,0.0,0.0,32,0,0,0,0,0,0,0,0,0,0,0,0,0,0,0,0,0,0,0,0,,,,0,,,,,,,,,
866,Internal,523.0,1380.0,45401,42,20.1,15.2,7.0,1.0,23.0,0.0,13.0,33,0,0,0,0,0,0,0,0,0,0,0,0,0,0,0,0,0,0,0,0,,,,0,,,,,,,,,
867,Internal,307.0,826.0,54911,42,20.4,22.4,10.0,52.0,7.0,0.0,0.0,28,0,0,0,0,0,0,0,0,0,0,0,0,0,0,0,0,0,0,0,0,,,,0,,,,,,,,,
868,Internal,183.0,518.0,47727,42,21.7,11.3,7.0,4.0,0.0,7.0,2.0,46,0,0,0,0,0,0,0,0,0,0,0,0,0,0,0,0,0,0,0,0,,,,0,,,,,,,,,
869,Internal,643.0,1700.0,54911,42,20.4,22.4,68.0,151.0,441.0,32.0,165.0,12,0,0,0,0,0,0,0,0,0,0,0,0,0,0,0,0,0,0,0,0,,,,0,,,,,,,,,
870,Internal,248.0,623.0,45491,41,22.4,11.8,3.0,2.0,82.0,0.0,0.0,7,0,0,0,0,0,0,0,0,0,0,0,0,0,0,0,0,0,0,0,0,,,,0,,,,,,,,,
871,Internal,444.5,1097.0,36500,39,23.8,22.2,2.0,3.0,26.0,3.0,128.0,12,0,0,0,0,0,0,0,0,0,0,0,0,0,0,0,0,0,0,0,0,,,,0,,,,,,,,,
872,Internal,60.0,139.0,31290,39,15.9,16.1,0.0,0.0,0.0,0.0,0.0,32,0,0,0,0,0,0,0,0,0,0,0,0,0,0,0,0,0,0,0,0,,,,0,,,,,,,,,
873,Internal,68.0,168.5,47778,39,20.1,12.8,138.0,157.0,162.0,0.0,0.0,18,0,0,0,0,0,0,0,0,0,0,0,0,0,0,0,0,0,0,0,0,,,,0,,,,,,,,,
874,Internal,517.5,1262.5,44148,36,29.2,14.3,65.0,13.0,65.5,30.0,156.0,26,0,0,0,0,0,0,0,0,0,0,0,0,0,0,0,0,0,0,0,0,,,,0,,,,,,,,,
875,Internal,175.5,427.0,44148,36,29.2,14.3,5.0,0.0,133.0,3.0,269.0,33,0,0,0,0,0,0,0,0,0,0,0,0,0,0,0,0,0,0,0,0,,,,0,,,,,,,,,
876,Internal,963.0,2648.5,41780,40,27.3,14.3,125.0,2.5,28.5,9.0,26.0,12,0,0,0,0,0,0,0,0,0,0,0,0,0,0,0,0,0,0,0,0,,,,0,,,,,,,,,
877,Internal,391.5,1071.5,50775,40,29.5,10.7,69.5,53.0,38.0,26.0,78.0,18,0,0,0,0,0,0,0,0,0,0,0,0,0,0,0,0,0,0,0,0,,,,0,,,,,,,,,
878,Internal,187.5,466.5,40712,37,15.4,17.1,271.5,11.0,51.5,1.0,30.0,25,0,0,0,0,0,0,0,0,0,0,0,0,0,0,0,0,0,0,0,0,,,,0,,,,,,,,,
879,Internal,534.0,1449.5,46113,36,31.4,20.0,42.0,1.0,79.5,0.0,4.0,4,0,0,0,0,0,0,0,0,0,0,0,0,0,0,0,0,0,0,0,0,,,,0,,,,,,,,,
880,Internal,649.5,1726.0,45446,47,28.9,15.2,20.5,6.0,16.0,0.0,0.0,20,0,0,0,0,0,0,0,0,0,0,0,0,0,0,0,0,0,0,0,0,,,,0,,,,,,,,,
881,Internal,980.5,2671.0,56289,47,28.9,13.8,206.0,19.5,382.5,17.0,26.0,25,0,0,0,0,0,0,0,0,0,0,0,0,652,0,0,0,0,0,0,0,,,,0,,,,,,,,,
882,Internal,2009.5,5435.5,63906,32,16.4,14.6,111.5,101.0,682.0,27.0,507.5,23,0,0,0,0,0,0,0,0,0,0,0,0,0,0,0,0,0,0,0,0,,,,0,,,,,,,,,
883,Internal,516.0,1356.0,33500,32,20.5,3.2,107.0,1.0,11.5,2.0,4.0,19,0,0,0,0,0,0,0,0,0,0,0,0,0,0,0,0,0,0,0,0,,,,0,,,,,,,,,
884,Internal,567.5,1412.5,49375,47,16.8,14.9,9.5,35.0,49.5,2.0,2.0,16,0,0,0,0,0,0,0,0,0,0,0,0,0,0,0,0,0,0,0,0,,,,0,,,,,,,,,
885,Internal,365.5,924.5,44148,36,29.2,14.3,0.0,3.0,20.0,0.0,9.0,36,0,0,0,0,0,0,0,0,0,0,0,0,0,0,0,0,0,0,0,0,,,,0,,,,,,,,,
886,Internal,485.5,1314.5,16492,36,34.5,13.2,37.0,4.0,94.0,12.0,7.0,45,0,0,0,0,0,0,0,0,0,0,0,0,920,0,0,0,0,0,0,0,,,,0,,,,,,,,,
887,Internal,7.0,22.0,44148,36,29.2,14.3,8.0,0.0,56.5,0.0,130.0,17,0,0,0,0,0,0,0,0,0,0,0,0,0,0,0,0,0,0,0,0,,,,0,,,,,,,,,
888,Internal,379.5,1048.5,40144,36,27.1,15.9,451.0,11.0,201.5,0.0,3.5,33,0,0,0,0,0,0,0,0,0,0,0,0,1310,0,0,0,0,0,0,0,,,,0,,,,,,,,,
889,Internal,225.0,662.5,40144,36,27.1,15.9,0.5,0.0,53.0,0.0,18.0,25,0,0,0,0,0,0,0,0,0,0,0,0,0,0,0,0,0,0,0,0,,,,0,,,,,,,,,
890,Internal,242.0,599.5,40144,36,27.1,15.9,18.0,77.0,71.0,0.0,6.0,5,0,0,0,0,0,0,0,0,0,0,0,0,1702,0,0,0,0,0,0,0,,,,0,,,,,,,,,
891,Internal,311.0,835.0,59265,36,16.2,23.1,7.0,8.0,9.0,0.0,4.0,25,0,0,0,0,0,0,0,0,0,0,0,0,0,0,0,0,0,0,0,0,,,,0,,,,,,,,,
892,Internal,84.0,194.0,59265,36,16.2,23.1,0.0,3.0,3.0,0.0,0.0,25,0,0,0,0,0,0,0,0,0,0,0,0,0,0,0,0,0,0,0,0,,,,0,,,,,,,,,
893,Internal,187.5,480.0,59265,36,16.2,23.1,5.0,6.0,3.0,0.0,0.0,25,0,0,0,0,0,0,0,0,0,0,0,0,0,0,0,0,0,0,0,0,,,,0,,,,,,,,,
894,Internal,337.5,896.5,51429,43,34.1,12.3,2.0,7.0,8.0,0.0,9.0,28,0,0,0,0,0,0,0,0,0,0,0,0,0,0,0,0,0,0,0,0,,,,0,,,,,,,,,
895,Internal,498.0,1308.0,53134,43,30.6,10.0,175.0,2.0,22.0,0.0,6.0,26,0,0,0,0,0,0,0,0,0,0,0,0,0,0,0,0,0,0,0,0,,,,0,,,,,,,,,
896,Internal,84.0,262.0,53134,43,30.6,10.0,0.0,3.0,1.0,0.0,0.0,26,0,0,0,0,0,0,0,0,0,0,0,0,0,0,0,0,0,0,0,0,,,,0,,,,,,,,,
897,Internal,16.0,57.0,53134,43,30.6,10.0,71.0,1.0,0.0,0.0,0.0,28,0,0,0,0,0,0,0,0,0,0,0,0,0,0,0,0,0,0,0,0,,,,0,,,,,,,,,
898,Internal,354.0,898.0,36875,39,32.6,15.3,35.0,28.0,5.0,0.0,2.0,27,0,0,0,0,0,0,0,0,0,0,0,0,0,0,0,0,0,0,0,0,,,,0,,,,,,,,,
899,Internal,251.0,659.0,36875,39,32.6,15.3,32.0,5.0,2.0,0.0,4.0,33,0,0,0,0,0,0,0,0,0,0,0,0,0,0,0,0,0,0,0,0,,,,0,,,,,,,,,
900,Internal,54.0,151.0,53134,43,30.6,10.0,18.0,1.0,0.0,0.0,0.0,28,0,0,0,0,0,0,0,0,0,0,0,0,0,0,0,0,0,0,0,0,,,,0,,,,,,,,,
901,Internal,2289.0,6831.0,92375,48,24.8,13.5,26.0,45.0,103.0,0.0,168.5,40,0,0,0,0,0,0,0,0,0,0,0,0,0,0,0,0,0,0,0,0,,,,0,,,,,,,,,
902,Internal,1864.0,5392.0,92375,48,24.8,13.5,58.0,15.0,272.0,0.0,11.0,41,0,0,0,0,0,0,0,0,0,0,0,0,0,0,0,0,0,0,0,0,,,,0,,,,,,,,,
903,Internal,2703.0,7524.5,92375,48,24.8,13.5,29.0,73.0,40.0,21.0,7.0,39,0,0,0,0,0,0,0,0,0,0,0,0,746,0,0,0,0,0,0,0,,,,0,,,,,,,,,
904,Internal,962.5,2633.0,92375,48,24.8,13.5,2.0,7.0,88.5,0.0,2.0,26,0,0,0,0,0,0,0,0,0,0,0,0,1072,0,0,0,0,0,0,0,,,,0,,,,,,,,,
905,Internal,751.5,2223.5,92375,48,24.8,13.5,43.0,67.0,110.0,42.0,90.0,25,0,0,0,0,0,0,0,0,0,0,0,0,0,0,0,0,0,0,0,0,,,,0,,,,,,,,,
906,Internal,119.5,350.5,36875,39,32.6,15.3,17.0,0.0,1.0,0.0,0.0,30,0,0,0,0,0,0,0,0,0,0,0,0,0,0,0,0,0,0,0,0,,,,0,,,,,,,,,
907,Internal,485.0,1429.5,70134,48,33.7,9.1,24.0,38.0,24.5,0.0,0.0,10,0,0,0,0,0,0,0,0,0,0,0,0,0,0,0,0,0,0,0,0,,,,0,,,,,,,,,
908,Internal,289.5,873.5,70134,48,33.7,9.1,11.0,18.0,0.0,0.0,5.0,21,0,0,0,0,0,0,0,0,0,0,0,0,0,0,0,0,0,0,0,0,,,,0,,,,,,,,,
909,Internal,450.0,1242.0,70134,48,33.7,9.1,42.0,14.0,1.0,0.0,0.0,69,0,0,0,0,0,0,0,0,0,0,0,0,0,0,0,0,0,0,0,0,,,,0,,,,,,,,,
910,Internal,2710.5,7972.5,70134,48,33.7,9.1,308.0,3.0,231.5,50.0,6.0,20,0,0,0,0,0,0,0,0,0,0,0,0,3807,0,0,0,0,0,0,0,,,,0,,,,,,,,,
911,Internal,556.0,1403.0,70134,48,33.7,9.1,35.0,10.0,34.0,2.0,69.0,30,0,0,0,0,0,0,0,0,0,0,0,0,0,0,0,0,0,0,0,0,,,,0,,,,,,,,,
912,Internal,606.0,1597.0,65222,39,32.5,8.3,25.0,7.0,7.0,0.0,0.0,36,0,0,0,0,0,0,0,0,0,0,0,0,1359,0,0,0,0,0,0,0,,,,0,,,,,,,,,
913,Internal,195.0,504.0,65222,39,32.5,8.3,5.0,86.0,2.0,0.0,0.0,36,0,0,0,0,0,0,0,0,0,0,0,0,1029,0,0,0,0,0,0,0,,,,0,,,,,,,,,
914,Internal,247.0,645.5,65222,39,32.5,8.3,50.0,30.0,4.0,0.0,0.0,37,0,0,0,0,0,0,0,0,0,0,0,0,0,0,0,0,0,0,0,0,,,,0,,,,,,,,,
915,Internal,197.5,608.5,65222,39,32.5,8.3,0.0,3.0,23.0,0.0,0.0,36,0,0,0,0,0,0,0,0,0,0,0,0,0,0,0,0,0,0,0,0,,,,0,,,,,,,,,
916,Internal,226.0,706.0,65222,39,32.5,8.3,33.0,110.0,95.0,5.0,1.0,41,0,0,0,0,0,0,0,0,0,0,0,0,3415,0,0,0,0,0,0,0,,,,0,,,,,,,,,
917,Internal,2331.0,6307.5,64800,48,36.4,2.5,7.0,47.0,157.0,0.0,2.0,35,0,0,0,0,0,0,0,0,0,0,0,0,1855,0,0,0,0,0,0,0,,,,0,,,,,,,,,
918,Internal,312.5,933.5,64800,48,36.4,2.5,21.0,68.0,93.0,0.0,0.0,46,0,0,0,0,0,0,0,0,0,0,0,0,2057,0,0,0,0,0,0,0,,,,0,,,,,,,,,
919,Internal,245.5,695.0,65222,39,32.5,8.3,35.0,54.0,1.0,0.0,0.0,40,0,0,0,0,0,0,0,0,0,0,0,0,0,0,0,0,0,0,0,0,,,,0,,,,,,,,,
920,Internal,323.0,840.0,60156,43,14.6,17.2,0.0,34.0,5.0,0.0,0.0,28,0,0,0,0,0,0,0,0,0,0,0,0,0,0,0,0,0,0,0,0,,,,0,,,,,,,,,
921,Internal,83.5,246.0,60156,43,14.6,17.2,8.0,17.0,0.0,0.0,0.0,28,0,0,0,0,0,0,0,0,0,0,0,0,0,0,0,0,0,0,0,0,,,,0,,,,,,,,,
922,Internal,89.0,286.0,60156,43,14.6,17.2,0.0,3.0,0.0,0.0,0.0,28,0,0,0,0,0,0,0,0,0,0,0,0,0,0,0,0,0,0,0,0,,,,0,,,,,,,,,
923,Internal,645.0,1766.0,50446,39,24.5,21.2,15.0,19.0,3.0,0.0,0.0,40,0,0,0,0,0,0,0,0,0,0,0,0,0,0,0,0,0,0,0,0,,,,0,,,,,,,,,
924,Internal,250.0,671.5,50446,39,24.5,21.2,0.0,15.0,0.0,0.0,0.0,42,0,0,0,0,0,0,0,0,0,0,0,0,0,0,0,0,0,0,0,0,,,,0,,,,,,,,,
925,Internal,261.5,665.0,60156,43,14.6,17.2,16.0,9.0,1.0,0.0,5.0,28,0,0,0,0,0,0,0,0,0,0,0,0,0,0,0,0,0,0,0,0,,,,0,,,,,,,,,
926,Internal,369.5,977.5,50558,43,26.5,13.6,36.0,5.0,2.0,2.0,0.0,45,0,0,0,0,0,0,0,0,0,0,0,0,0,0,0,0,0,0,0,0,,,,0,,,,,,,,,
927,Internal,219.0,657.0,50558,43,26.5,13.6,0.0,3.0,3.0,0.0,4.0,28,0,0,0,0,0,0,0,0,0,0,0,0,0,0,0,0,0,0,0,0,,,,0,,,,,,,,,
928,Internal,161.0,402.5,39722,38,19.6,19.9,5.5,8.0,4.0,0.0,0.0,24,0,0,0,0,0,0,0,0,0,0,0,0,0,0,0,0,0,0,0,0,,,,0,,,,,,,,,
929,Internal,354.5,985.5,52105,33,27.6,10.5,92.0,5.0,2.5,0.0,8.0,8,0,0,0,0,0,0,0,0,0,0,0,0,0,0,0,0,0,0,0,0,,,,0,,,,,,,,,
930,Internal,265.5,693.0,52105,33,27.6,10.5,43.0,21.0,22.0,17.0,17.0,54,0,0,0,0,0,0,0,0,0,0,0,0,0,0,0,0,0,0,0,0,,,,0,,,,,,,,,
931,Internal,0.0,0.0,52105,33,27.6,10.5,342.5,33.0,0.0,4.0,6.0,76,0,0,0,0,0,0,0,0,0,0,0,0,0,0,0,0,0,0,0,0,,,,0,,,,,,,,,
932,Internal,256.5,718.5,52105,33,27.6,10.5,39.0,3.0,11.5,0.0,0.0,56,0,0,0,0,0,0,0,0,0,0,0,0,0,0,0,0,0,0,0,0,,,,0,,,,,,,,,
933,Internal,355.0,981.5,39722,38,19.6,19.9,23.5,2.0,73.0,0.0,18.5,39,0,0,0,0,0,0,0,0,0,0,0,0,0,0,0,0,0,0,0,0,,,,0,,,,,,,,,
934,Internal,163.0,411.0,39722,38,19.6,19.9,11.0,3.0,20.0,0.0,0.5,24,0,0,0,0,0,0,0,0,0,0,0,0,0,0,0,0,0,0,0,0,,,,0,,,,,,,,,
935,Internal,518.0,1247.5,39722,38,19.6,19.9,31.0,47.5,58.5,9.0,17.0,24,0,0,0,0,0,0,0,0,0,0,0,0,0,0,0,0,0,0,0,0,,,,0,,,,,,,,,
936,Internal,421.5,1178.5,34524,33,21.6,17.5,33.5,2.0,125.5,0.0,101.0,54,0,0,0,0,0,0,0,0,0,0,0,0,947,0,0,0,0,0,0,0,,,,0,,,,,,,,,
937,Internal,69.5,211.5,39722,38,19.6,19.9,4.0,0.0,2.0,0.0,0.0,24,0,0,0,0,0,0,0,0,0,0,0,0,0,0,0,0,0,0,0,0,,,,0,,,,,,,,,
938,Internal,432.5,1226.5,34524,33,21.6,17.5,0.0,26.0,14.0,0.0,0.5,54,0,0,0,0,0,0,0,0,0,0,0,0,0,0,0,0,0,0,0,0,,,,0,,,,,,,,,
939,Internal,58.5,178.0,34524,33,21.6,17.5,31.0,0.0,155.0,20.0,20.0,54,0,0,0,0,0,0,0,0,0,0,0,0,1208,0,0,0,0,0,0,0,,,,0,,,,,,,,,
940,Internal,288.5,956.0,34524,33,21.6,17.5,224.0,49.0,59.0,6.0,0.0,45,0,0,0,0,0,0,0,0,0,0,0,0,0,0,0,0,0,0,0,0,,,,0,,,,,,,,,
941,Internal,540.5,1463.0,41780,40,27.3,14.3,216.0,3.0,7.0,0.0,4.0,18,0,0,0,0,0,0,0,0,0,0,0,0,0,0,0,0,0,0,0,0,,,,0,,,,,,,,,
942,Internal,481.5,1305.0,28327,38,35.7,15.4,85.0,110.0,24.0,23.5,1.0,24,0,0,0,0,0,0,0,0,0,0,0,0,0,0,0,0,0,0,0,0,,,,0,,,,,,,,,
943,Internal,320.0,852.5,28327,38,35.7,15.4,149.0,19.5,143.0,38.0,114.0,25,0,0,0,0,0,0,0,0,0,0,0,0,59,0,0,0,0,0,0,0,,,,0,,,,,,,,,
944,Internal,140.0,394.5,34524,33,21.6,17.5,21.0,51.0,9.5,3.0,5.5,48,0,0,0,0,0,0,0,0,0,0,0,0,0,0,0,0,0,0,0,0,,,,0,,,,,,,,,
945,Internal,115.5,340.5,14665,33,36.6,14.1,790.0,113.0,150.5,6.5,238.0,55,0,0,0,0,0,0,0,0,0,0,0,0,0,0,0,0,0,0,0,0,,,,0,,,,,,,,,
946,Internal,376.5,997.5,14665,33,36.6,14.1,12.0,107.0,10.0,18.5,4.0,14,0,0,0,0,0,0,0,0,0,0,0,0,0,0,0,0,0,0,0,0,,,,0,,,,,,,,,
947,Internal,460.0,1115.5,17986,38,41.9,9.8,2.5,105.0,253.5,39.0,275.5,13,0,0,0,0,0,0,0,0,0,0,0,0,0,0,0,0,0,0,0,0,,,,0,,,,,,,,,
948,Internal,208.0,523.0,17986,38,41.9,9.8,43.0,56.0,43.0,19.5,18.5,22,0,0,0,0,0,0,0,0,0,0,0,0,0,0,0,0,0,0,0,0,,,,0,,,,,,,,,
949,Internal,472.5,1229.5,20548,32,42.6,8.9,13.0,50.0,281.5,257.0,246.0,19,0,0,0,0,0,0,0,0,0,0,0,0,1072,0,5037,0,0,0,0,0,,,,0,,,,,,,,,
950,Internal,126.5,352.0,33500,32,20.5,3.2,812.5,0.0,168.5,3.0,20.0,20,0,0,0,0,0,0,0,0,0,0,0,0,0,0,0,0,0,0,0,0,,,,0,,,,,,,,,
951,Internal,580.0,1610.5,48712,38,23.8,17.1,7.0,179.5,494.5,72.5,141.0,36,0,0,0,0,0,0,0,0,0,0,0,0,1577,0,0,0,0,0,0,0,,,,0,,,,,,,,,
952,Internal,201.0,552.5,48712,38,23.8,17.1,350.0,0.0,209.0,51.0,2.0,41,0,0,0,0,0,0,0,0,0,0,0,0,1631,0,0,0,0,0,0,0,,,,0,,,,,,,,,
953,Internal,355.0,731.5,48712,38,23.8,17.1,34.0,81.0,645.0,56.0,92.0,25,0,0,0,0,0,0,0,0,0,0,0,0,0,0,0,0,0,0,0,0,,,,0,,,,,,,,,
954,Internal,598.5,1559.0,48712,38,23.8,17.1,14.0,208.0,640.5,123.0,692.0,24,0,0,0,0,0,0,0,0,0,0,0,0,2180,0,0,0,0,0,0,0,,,,0,,,,,,,,,
955,Internal,181.5,494.0,48712,38,23.8,17.1,24.5,3.0,5.0,0.0,0.0,23,0,0,0,0,0,0,0,0,0,0,0,0,0,0,0,0,0,0,0,0,,,,0,,,,,,,,,
956,Internal,14.0,86.0,48333,38,6.6,26.0,7.0,115.0,145.0,27.0,250.5,25,0,0,0,0,0,0,0,0,0,0,0,0,0,0,0,0,0,0,0,0,,,,0,,,,,,,,,
957,Internal,139.5,353.5,48333,38,6.6,26.0,521.5,311.0,613.5,161.5,1804.0,10,0,0,0,0,0,0,0,0,0,0,0,0,0,0,0,0,0,0,0,0,,,,0,,,,,,,,,
958,Internal,57.5,144.5,48333,38,6.6,26.0,12.0,32.0,207.0,127.5,65.0,34,0,0,0,0,0,0,0,0,0,0,0,0,0,0,0,0,0,0,0,0,,,,0,,,,,,,,,
959,Internal,79.0,214.0,48333,38,6.6,26.0,1.0,1.0,49.0,0.5,6.0,23,0,0,0,0,0,0,0,0,0,0,0,0,0,0,0,0,0,0,0,0,,,,0,,,,,,,,,
960,Internal,314.5,775.0,40000,38,12.6,29.8,174.0,159.0,1393.0,318.5,118.5,35,0,0,0,0,0,0,0,0,0,0,0,0,0,0,0,1,0,0,0,0,,,,0,,,,,,,,,
961,Internal,499.0,1121.5,27270,43,28.3,12.5,192.0,374.0,698.5,235.0,136.0,24,0,0,0,0,0,0,0,0,0,0,0,0,233,0,0,0,0,0,0,0,,,,0,,,,,,,,,
962,Internal,286.0,734.5,33029,43,20.5,16.0,10.0,51.0,98.0,0.0,0.0,31,0,0,0,0,0,0,0,0,0,0,0,0,0,0,0,0,0,0,0,0,,,,0,,,,,,,,,
963,Internal,352.5,914.0,33029,43,20.5,16.0,0.0,124.0,19.0,0.0,12.0,16,0,0,0,0,0,0,0,0,0,0,0,0,0,0,0,0,0,0,0,0,,,,0,,,,,,,,,
964,Internal,63.5,145.5,33029,43,20.5,16.0,31.0,1.0,0.0,0.0,2.0,24,0,0,0,0,0,0,0,0,0,0,0,0,0,0,0,0,0,0,0,0,,,,0,,,,,,,,,
965,Internal,297.0,686.5,80265,43,11.7,40.3,19.0,16.0,91.0,0.0,131.0,31,0,0,0,0,0,0,0,0,0,0,0,0,904,0,0,0,0,0,0,0,,,,0,,,,,,,,,
966,Internal,938.0,2687.5,74980,44,28.1,11.5,140.5,3.0,73.0,6.0,8.5,35,0,0,0,0,0,0,0,0,0,0,0,0,0,0,0,0,0,0,0,0,,,,0,,,,,,,,,
967,Internal,1591.0,4318.0,118359,44,29.2,8.8,56.0,192.0,97.0,34.0,29.0,47,0,0,0,0,0,0,0,0,0,0,0,0,0,0,0,0,0,0,0,0,,,,0,,,,,,,,,
968,Internal,227.0,729.5,74980,44,28.1,11.5,207.5,0.0,159.0,0.0,50.0,10,0,0,0,0,0,0,0,0,0,0,0,0,887,0,0,0,0,0,0,0,,,,0,,,,,,,,,
969,Internal,344.5,967.5,74980,44,28.1,11.5,16.0,4.0,89.0,0.0,3.0,30,0,0,0,0,0,0,0,0,0,0,0,0,1201,0,0,0,0,0,0,0,,,,0,,,,,,,,,
970,Internal,1383.0,3768.5,70729,46,26.4,9.5,37.0,341.0,7.0,0.0,4.0,32,0,0,0,0,0,0,0,0,0,0,0,0,0,0,0,0,0,0,0,0,,,,0,,,,,,,,,
971,Internal,1352.5,3573.5,70729,46,26.4,9.5,565.5,396.0,347.5,84.0,101.0,42,0,0,0,0,0,0,0,0,0,0,0,0,0,0,0,0,0,0,0,0,,,,0,,,,,,,,,
972,Internal,829.5,2008.0,74980,44,28.1,11.5,322.0,356.0,597.5,71.5,95.0,54,0,0,0,0,0,0,0,0,0,0,0,0,0,0,100,0,0,0,0,0,,,,0,,,,,,,,,
973,Internal,1020.0,2832.0,51875,44,27.4,11.0,407.5,22.5,314.0,98.0,0.5,28,0,0,0,0,0,0,0,0,0,0,0,0,0,0,0,0,0,0,0,0,,,,0,,,,,,,,,
974,Internal,950.5,2692.5,51875,44,27.4,11.0,298.0,38.0,485.0,31.5,20.5,35,0,0,0,0,0,0,0,0,0,0,0,0,119,0,0,0,0,0,0,0,,,,0,,,,,,,,,
975,Internal,859.5,2401.0,51875,44,27.4,11.0,298.5,5.5,342.0,287.5,33.0,36,0,0,0,0,0,0,0,0,0,0,0,0,0,0,0,0,0,0,0,0,,,,0,,,,,,,,,
976,Internal,552.0,1364.5,36778,44,4.5,25.0,162.0,51.5,51.5,2.0,65.0,27,0,0,0,0,0,0,0,0,0,0,0,0,0,0,0,0,0,0,0,0,,,,0,,,,,,,,,
977,Internal,1131.5,3047.5,65082,46,23.4,30.4,144.5,83.5,193.0,3.5,110.0,26,0,0,0,0,0,0,0,0,0,0,0,0,0,0,0,0,0,0,0,0,,,,0,,,,,,,,,
978,Internal,554.0,1429.0,36778,44,4.5,25.0,1109.5,22.0,254.0,21.0,28.0,22,0,0,0,0,0,0,0,0,0,0,0,0,0,0,0,0,0,0,0,0,,,,0,,,,,,,,,
979,Internal,244.5,573.0,65082,46,23.4,30.4,3.0,85.0,10.0,0.0,0.0,47,0,0,0,0,0,0,0,0,0,0,0,0,0,0,0,0,0,0,0,0,,,,0,,,,,,,,,
980,Internal,458.0,1279.0,51875,44,27.4,11.0,94.5,3.0,21.0,300.0,16.0,54,0,0,0,0,0,0,0,0,0,0,0,0,3007,0,0,0,0,0,0,0,,,,0,,,,,,,,,
981,Internal,877.0,2540.0,63895,46,27.5,8.2,32.0,9.0,2.0,0.0,0.0,38,0,0,0,0,0,0,0,0,0,0,0,0,0,0,0,0,0,0,0,0,,,,0,,,,,,,,,
982,Internal,1015.5,2938.5,63895,46,27.5,8.2,118.0,185.0,16.0,1.0,3.0,53,0,0,0,0,0,0,0,0,0,0,0,0,238,0,0,0,0,0,0,0,,,,0,,,,,,,,,
983,Internal,233.0,662.5,63895,46,27.5,8.2,26.0,8.0,37.0,0.0,0.0,36,0,0,0,0,0,0,0,0,0,0,0,0,1446,0,0,0,0,0,0,0,,,,0,,,,,,,,,
984,Internal,241.0,557.0,36000,45,15.3,21.5,228.0,97.0,554.0,125.0,77.5,31,0,0,0,0,0,0,0,0,0,0,0,0,14,0,0,0,0,0,0,0,,,,0,,,,,,,,,
985,Internal,245.0,533.5,52134,46,25.0,8.6,19.0,178.0,137.0,34.5,143.0,16,0,0,0,0,0,0,0,0,0,0,0,0,0,0,0,0,0,0,0,0,,,,0,,,,,,,,,
986,Internal,917.5,2319.0,60854,45,25.6,11.4,4.0,171.0,448.5,58.5,4.0,41,0,0,0,0,0,0,0,0,0,0,0,0,0,0,0,0,0,0,0,0,,,,0,,,,,,,,,
987,Internal,24.0,52.5,36000,45,15.3,21.5,0.0,0.0,160.0,0.0,25.0,38,0,0,0,0,0,0,0,0,0,0,0,0,3226,0,0,0,0,0,0,0,,,,0,,,,,,,,,
988,Internal,411.0,924.0,36000,45,15.3,21.5,122.0,11.5,60.0,8.0,80.0,21,0,0,0,0,0,0,0,0,0,0,0,0,0,0,0,0,0,0,0,0,,,,0,,,,,,,,,
989,Internal,475.5,898.0,60854,45,25.6,11.4,24.0,19.0,36.5,1.0,3.0,31,0,0,0,0,0,0,0,0,0,0,0,0,0,0,0,0,0,0,0,0,,,,0,,,,,,,,,
990,Internal,47.5,135.0,36000,45,15.3,21.5,43.0,11.0,31.0,1.0,28.0,41,0,0,0,0,0,0,0,0,0,0,0,0,0,0,0,0,0,0,0,0,,,,0,,,,,,,,,
991,Internal,15.5,35.5,36000,45,15.3,21.5,17.0,52.0,156.5,46.0,474.0,90,0,0,0,0,0,0,0,0,0,0,0,0,0,0,0,0,0,0,0,0,,,,0,,,,,,,,,
992,Internal,877.0,2177.5,60854,45,25.6,11.4,15.0,238.5,287.5,22.5,4.5,38,0,0,0,0,0,0,0,0,0,0,0,0,1393,0,0,0,0,0,0,0,,,,0,,,,,,,,,
993,Internal,222.0,536.5,60854,45,25.6,11.4,0.0,54.5,93.5,0.0,0.0,41,0,0,0,0,0,0,0,0,0,0,0,0,980,0,0,0,0,0,0,0,,,,0,,,,,,,,,
994,Internal,844.5,2095.0,36000,45,15.3,21.5,21.0,576.0,598.5,123.0,625.0,11,0,0,0,0,0,0,0,0,0,0,0,0,1053,0,0,0,0,0,0,0,,,,0,,,,,,,,,
995,Internal,1170.0,2445.5,36000,45,15.3,21.5,229.5,274.5,510.0,88.5,174.5,28,0,0,0,0,0,0,0,0,0,0,0,0,66,0,0,0,0,0,0,0,,,,0,,,,,,,,,
996,Internal,872.0,2044.0,36000,45,15.3,21.5,0.0,414.5,330.5,246.0,199.0,16,0,0,0,0,0,0,0,0,0,0,0,0,0,0,0,0,0,0,0,0,,,,0,,,,,,,,,
997,Internal,2414.0,6692.0,77946,45,28.4,12.8,7.0,51.0,14.0,0.0,0.0,26,0,0,0,0,0,0,0,0,0,0,0,0,0,0,0,0,0,0,0,0,,,,0,,,,,,,,,
998,Internal,1671.0,4718.0,77946,45,28.4,12.8,1.0,51.0,20.5,5.0,0.0,12,0,0,0,0,0,0,0,0,0,0,0,0,0,0,0,0,0,0,0,0,,,,0,,,,,,,,,
999,Internal,1018.0,2657.5,77946,45,28.4,12.8,18.0,63.0,65.0,3.0,5.0,63,0,0,0,0,0,0,0,0,0,0,0,0,0,0,0,0,0,0,0,0,,,,0,,,,,,,,,
1000,Internal,583.5,1537.0,77946,45,28.4,12.8,198.5,38.5,17.0,2.0,7.0,37,0,0,0,0,0,0,0,0,0,0,0,0,0,0,0,0,0,0,0,0,,,,0,,,,,,,,,
1001,Internal,971.5,2550.5,52134,46,25.0,8.6,0.0,0.5,27.5,0.5,0.0,46,0,0,0,0,0,0,0,0,0,0,0,0,0,0,0,0,0,0,0,0,,,,0,,,,,,,,,
1002,Internal,436.0,1052.5,52134,46,25.0,8.6,0.0,0.0,78.0,0.0,0.0,46,0,0,0,0,0,0,0,0,0,0,0,0,1042,0,0,0,0,0,0,0,,,,0,,,,,,,,,
1003,Internal,349.5,803.5,52134,46,25.0,8.6,0.0,63.0,16.0,30.0,9.0,46,0,0,0,0,0,0,0,0,0,0,0,0,0,0,0,0,0,0,0,0,,,,0,,,,,,,,,
1004,Internal,3282.0,8384.0,52134,46,25.0,8.6,816.5,2018.0,3381.0,781.0,880.5,52,0,0,0,0,0,0,0,0,0,0,0,0,0,0,0,0,0,0,0,0,,,,0,,,,,,,,,
1005,Internal,240.5,616.5,52134,46,25.0,8.6,14.0,1.0,4.0,0.0,0.5,46,0,0,0,0,0,0,0,0,0,0,0,0,0,0,0,0,0,0,0,0,,,,0,,,,,,,,,
1006,Internal,2393.0,5791.5,52134,46,25.0,8.6,339.0,1340.0,1261.0,262.5,207.0,28,0,0,0,0,0,0,0,0,0,0,0,0,0,0,0,0,0,0,0,0,,,,0,,,,,,,,,
1007,Internal,1548.5,4129.5,43900,46,24.4,16.5,11.0,123.0,174.0,53.0,210.0,16,0,0,0,0,0,0,0,0,0,0,0,0,0,0,0,0,0,0,0,0,,,,0,,,,,,,,,
1008,Internal,542.0,1465.0,43900,46,24.4,16.5,0.0,329.0,181.5,52.5,27.5,46,0,0,0,0,0,0,0,0,0,0,0,0,0,0,0,0,0,0,0,0,,,,0,,,,,,,,,
1009,Internal,205.0,584.5,63162,46,32.6,4.7,62.0,15.0,29.0,40.0,7.5,55,0,0,0,0,0,0,0,0,0,0,0,0,0,0,0,0,0,0,0,0,,,,0,,,,,,,,,
1010,Internal,974.5,2489.0,63162,46,32.6,4.7,16.0,195.0,257.5,38.0,5.5,24,0,0,0,0,0,0,0,0,0,0,0,0,0,0,0,0,0,0,0,0,,,,0,,,,,,,,,
1011,Internal,1280.5,3696.0,81590,44,27.2,9.7,4.0,48.0,81.5,71.0,33.0,53,0,0,0,0,0,0,0,0,0,0,0,0,0,0,0,0,0,0,0,0,,,,0,,,,,,,,,
1012,Internal,488.0,1361.0,81590,44,27.2,9.7,0.0,72.5,1352.0,34.0,81.0,45,0,0,0,0,0,0,0,0,0,0,0,0,0,0,0,1,0,0,0,0,,,,0,,,,,,,,,
1013,Internal,1415.5,3845.5,69315,49,13.8,13.7,32.0,69.5,394.5,22.0,491.5,55,0,0,0,0,0,0,0,0,0,0,0,0,0,0,0,0,0,0,0,0,,,,0,,,,,,,,,
1014,Internal,179.0,497.5,110461,49,33.3,16.4,4.0,26.0,0.0,0.0,2.0,46,0,0,0,0,0,0,0,0,0,0,0,0,0,0,0,0,0,0,0,0,,,,0,,,,,,,,,
1015,Internal,123.0,357.0,81590,44,27.2,9.7,19.0,172.5,338.5,126.5,313.5,29,0,0,0,0,0,0,0,0,0,0,0,0,0,0,0,0,0,0,0,0,,,,0,,,,,,,,,
1016,Internal,438.5,1229.0,110461,49,33.3,16.4,24.0,78.0,42.5,21.0,19.0,73,0,0,0,0,0,0,0,0,0,0,0,0,0,0,0,0,0,0,0,0,,,,0,,,,,,,,,
1017,Internal,910.5,2488.0,45688,49,22.8,7.8,1.0,14.0,2.0,2.0,14.0,55,0,0,0,0,0,0,0,0,0,0,0,0,0,0,0,0,0,0,0,0,,,,0,,,,,,,,,
1018,Internal,408.0,1017.0,81590,44,27.2,9.7,4.0,72.5,205.0,51.0,25.0,40,0,0,0,0,0,0,0,0,0,0,0,0,0,0,0,0,0,0,0,0,,,,0,,,,,,,,,
1019,Internal,505.0,1375.5,69315,49,13.8,13.7,0.0,1.0,17.5,2.0,38.0,12,0,0,0,0,0,0,0,0,0,0,0,0,0,0,0,0,0,0,0,0,,,,0,,,,,,,,,
1020,Internal,686.5,1882.0,45688,49,22.8,7.8,4.0,13.5,12.0,1.0,27.0,55,0,0,0,0,0,0,0,0,0,0,0,0,0,0,0,0,0,0,0,0,,,,0,,,,,,,,,
1021,Internal,140.5,396.5,81590,44,27.2,9.7,0.0,16.0,88.5,3.5,4.5,29,0,0,0,0,0,0,0,0,0,0,0,0,0,0,0,0,0,0,0,0,,,,0,,,,,,,,,
1022,Internal,739.0,1967.5,70345,49,28.0,6.5,0.0,54.0,6.0,0.0,0.0,55,0,0,0,0,0,0,0,0,0,0,0,0,1167,0,0,0,0,0,0,0,,,,0,,,,,,,,,
1023,Internal,1153.5,3354.0,70345,49,28.0,6.5,4.0,60.5,67.5,1.0,0.0,47,0,0,0,0,0,0,0,0,0,0,0,0,0,0,0,0,0,0,0,0,,,,0,,,,,,,,,
1024,Internal,815.5,2567.5,64451,49,25.1,7.3,20.0,15.0,2.0,0.0,12.0,46,0,0,0,0,0,0,0,0,0,0,0,0,0,0,0,0,0,0,0,0,,,,0,,,,,,,,,
1025,Internal,0.5,1.5,70345,49,28.0,6.5,0.0,0.0,2.0,1.5,1.5,55,0,0,0,0,0,0,0,0,0,0,0,0,0,0,0,0,0,0,0,0,,,,0,,,,,,,,,
1026,Internal,381.5,1039.0,65731,44,22.1,12.4,38.0,71.0,0.0,29.0,0.0,29,0,0,0,0,0,0,0,0,0,0,0,0,564,0,0,0,0,0,0,0,,,,0,,,,,,,,,
1027,Internal,402.5,1051.0,65731,44,22.1,12.4,39.0,45.0,28.0,0.0,0.0,42,0,0,0,0,0,0,0,0,0,0,0,0,0,0,0,0,0,0,0,0,,,,0,,,,,,,,,
1028,Internal,1347.0,4220.0,83571,49,27.5,10.5,21.0,180.0,314.0,15.0,23.0,38,0,0,0,0,0,0,0,0,0,0,0,0,1931,0,106,0,0,0,0,0,,,,0,,,,,,,,,
1029,Internal,881.5,2389.0,64451,49,25.1,7.3,67.0,20.0,4.0,0.0,10.0,35,0,0,0,0,0,0,0,0,0,0,0,0,0,0,0,0,0,0,0,0,,,,0,,,,,,,,,
1030,Internal,97.5,250.5,64451,49,25.1,7.3,3.0,3.0,8.0,0.0,4.0,25,0,0,0,0,0,0,0,0,0,0,0,0,0,0,0,0,0,0,0,0,,,,0,,,,,,,,,
1031,Internal,446.5,1278.0,85027,44,31.8,10.1,25.0,6.0,7.0,0.0,0.0,40,0,0,0,0,0,0,0,0,0,0,0,0,0,0,0,0,0,0,0,0,,,,0,,,,,,,,,
1032,Internal,154.5,377.5,83571,49,27.5,10.5,25.0,10.0,106.0,42.0,1767.0,0,0,0,0,0,0,0,0,0,0,0,0,0,0,0,0,0,0,0,0,0,,,,0,,,,,,,,,
1033,Internal,963.5,2833.5,85027,44,31.8,10.1,186.0,165.0,195.0,86.0,62.0,34,0,0,0,0,0,0,0,0,0,0,0,0,0,0,0,0,0,0,0,0,,,,0,,,,,,,,,
1034,Internal,672.0,1902.5,81090,49,25.7,14.4,21.0,165.0,267.0,10.0,0.0,31,0,0,0,0,0,0,0,0,0,0,0,0,1772,0,0,0,0,0,0,0,,,,0,,,,,,,,,
1035,Internal,473.0,1279.0,85027,44,31.8,10.1,435.0,33.0,43.0,0.0,6.0,33,0,0,0,0,0,0,0,0,0,0,0,0,0,0,0,0,0,0,0,0,,,,0,,,,,,,,,
1036,Internal,806.5,2136.5,85027,44,31.8,10.1,1.0,56.0,63.0,30.0,118.0,25,0,0,0,0,0,0,0,0,0,0,0,0,0,0,0,0,0,0,0,0,,,,0,,,,,,,,,
1037,Internal,352.5,921.0,85027,44,31.8,10.1,39.0,74.0,9.0,13.0,198.0,12,0,0,0,0,0,0,0,0,0,0,0,0,0,0,0,0,0,0,0,0,,,,0,,,,,,,,,
1038,Internal,460.0,1393.5,83571,49,27.5,10.5,1.0,44.0,24.0,3.0,0.0,21,0,0,0,0,0,0,0,0,0,0,0,0,0,0,0,0,0,0,0,0,,,,0,,,,,,,,,
1039,Internal,49.0,155.5,85027,44,31.8,10.1,1.0,14.0,15.0,0.0,0.0,29,0,0,0,0,0,0,0,0,0,0,0,0,0,0,0,0,0,0,0,0,,,,0,,,,,,,,,
1040,Internal,1104.5,3223.5,81090,49,25.7,14.4,15.0,47.0,16.0,0.0,7.0,48,0,0,0,0,0,0,0,0,0,0,0,0,0,0,0,0,0,0,0,0,,,,0,,,,,,,,,
1041,Internal,271.5,726.0,81090,49,25.7,14.4,0.0,30.0,102.0,72.0,5.0,7,0,0,0,0,0,0,0,0,0,0,0,0,1698,0,0,0,0,0,0,0,,,,0,,,,,,,,,
1042,Internal,81.0,264.0,64451,49,25.1,7.3,48.0,0.0,2.5,0.0,78.0,15,0,0,0,0,0,0,0,0,0,0,0,0,0,0,0,0,0,0,0,0,,,,0,,,,,,,,,
1043,Internal,129.0,436.0,81090,49,25.7,14.4,0.0,0.0,103.0,39.0,0.0,41,0,0,0,0,0,0,0,0,0,0,0,0,1500,0,0,0,0,0,0,0,,,,0,,,,,,,,,
1044,Internal,459.0,1170.0,65731,44,22.1,12.4,3.0,27.0,157.0,32.0,333.0,17,0,0,0,0,0,0,0,0,0,0,0,0,0,0,0,0,0,0,0,0,,,,0,,,,,,,,,
1045,Internal,27.0,74.0,110461,49,33.3,16.4,0.0,0.0,0.0,0.0,0.0,55,0,0,0,0,0,0,0,0,0,0,0,0,0,0,0,0,0,0,0,0,,,,0,,,,,,,,,
1046,Internal,29.0,75.0,65731,44,22.1,12.4,0.0,0.0,0.0,0.0,0.0,0,0,0,0,0,0,0,0,0,0,0,0,0,0,0,0,0,0,0,0,0,,,,0,,,,,,,,,
1047,Internal,431.5,1254.5,65731,44,22.1,12.4,3.0,7.0,4.5,4.0,0.0,29,0,0,0,0,0,0,0,0,0,0,0,0,0,0,0,0,0,0,0,0,,,,0,,,,,,,,,
1048,Internal,4.0,13.0,85027,44,31.8,10.1,133.0,51.0,75.0,16.0,180.0,22,0,0,0,0,0,0,0,0,0,0,0,0,0,0,0,0,0,0,0,0,,,,0,,,,,,,,,
1049,Internal,20.5,64.5,110461,49,33.3,16.4,0.0,0.0,0.0,0.0,8.0,55,0,0,0,0,0,0,0,0,0,0,0,0,0,0,0,0,0,0,0,0,,,,0,,,,,,,,,
1050,Internal,65.5,202.0,65731,44,22.1,12.4,0.0,0.0,2.0,0.0,0.0,29,0,0,0,0,0,0,0,0,0,0,0,0,0,0,0,0,0,0,0,0,,,,0,,,,,,,,,
1051,Internal,159.5,445.0,64451,49,25.1,7.3,0.0,207.0,0.0,0.0,0.0,25,0,0,0,0,0,0,0,0,0,0,0,0,2967,0,0,0,0,0,0,0,,,,0,,,,,,,,,
1052,Internal,347.0,1095.5,65731,44,22.1,12.4,0.0,14.0,0.0,0.0,17.0,39,0,0,0,0,0,0,0,0,0,0,0,0,0,0,0,0,0,0,0,0,,,,0,,,,,,,,,
1053,Internal,780.0,2133.5,51360,35,37.2,14.1,41.0,5.0,125.5,0.0,20.0,47,0,0,0,0,0,0,0,0,0,0,0,0,801,0,0,0,0,0,0,0,,,,0,,,,,,,,,
1054,Internal,459.0,1231.0,51360,35,37.2,14.1,33.0,42.0,24.5,21.0,0.0,9,0,0,0,0,0,0,0,0,0,0,0,0,0,0,0,0,0,0,0,0,,,,0,,,,,,,,,
1055,Internal,444.5,1127.0,54421,35,21.4,16.4,98.0,36.0,11.0,5.0,70.0,27,0,0,0,0,0,0,0,0,0,0,0,0,0,0,0,0,0,0,0,0,,,,0,,,,,,,,,
1056,Internal,100.0,337.5,41780,40,27.3,14.3,112.0,0.0,1.0,0.0,3.0,18,0,0,0,0,0,0,0,0,0,0,0,0,0,0,0,0,0,0,0,0,,,,0,,,,,,,,,
1057,Internal,1041.0,2915.5,54421,35,21.4,16.4,19.0,9.0,7.0,23.0,2.0,24,0,0,0,0,0,0,0,0,0,0,0,0,0,0,0,0,0,0,0,0,,,,0,,,,,,,,,
1058,Internal,164.0,466.0,54421,35,21.4,16.4,17.0,68.0,146.0,0.0,0.0,50,0,0,0,0,0,0,0,0,0,0,0,0,1745,0,0,0,0,0,0,0,,,,0,,,,,,,,,
1059,Internal,1466.5,4113.5,54421,35,21.4,16.4,7.0,6.0,101.0,1.0,0.0,46,0,0,0,0,0,0,0,0,0,0,0,0,0,0,0,0,0,0,0,0,,,,0,,,,,,,,,
1060,Internal,730.0,2039.5,50775,40,29.5,10.7,17.0,2.0,3.0,0.0,0.0,17,0,0,0,0,0,0,0,0,0,0,0,0,0,0,0,0,0,0,0,0,,,,0,,,,,,,,,
1061,Internal,122.5,309.5,54421,35,21.4,16.4,19.0,3.0,6.0,15.0,16.0,38,0,0,0,0,0,0,0,0,0,0,0,0,0,0,0,0,0,0,0,0,,,,0,,,,,,,,,
1062,Internal,131.5,342.0,50775,40,29.5,10.7,28.0,15.0,3.0,0.0,13.0,17,0,0,0,0,0,0,0,0,0,0,0,0,0,0,0,0,0,0,0,0,,,,0,,,,,,,,,
1063,Internal,1.0,2.0,16677,40,28.7,11.3,73.0,72.0,2.0,0.0,0.0,17,0,0,0,0,0,0,0,0,0,0,0,0,0,0,0,0,0,0,0,0,,,,0,,,,,,,,,
1064,Internal,374.5,940.5,54421,35,21.4,16.4,1.0,17.0,2.0,2.0,0.0,38,0,0,0,0,0,0,0,0,0,0,0,0,0,0,0,0,0,0,0,0,,,,0,,,,,,,,,
1065,Internal,370.5,973.5,16677,40,28.7,11.3,34.5,71.0,113.5,36.0,79.0,23,0,0,0,0,0,0,0,0,0,0,0,0,889,0,0,0,0,0,0,0,,,,0,,,,,,,,,
1066,Internal,113.5,313.5,54421,35,21.4,16.4,26.0,217.0,55.0,21.0,11.0,33,0,0,0,0,0,0,0,0,0,0,0,0,0,0,0,0,0,0,0,0,,,,0,,,,,,,,,
1067,Internal,136.5,327.0,16677,40,28.7,11.3,7.0,0.0,13.5,4.5,13.0,10,0,0,0,0,0,0,0,0,0,0,0,0,0,0,0,0,0,0,0,0,,,,0,,,,,,,,,
1068,Internal,537.0,1414.5,85667,37,15.6,24.5,20.0,418.5,116.0,17.5,53.0,19,0,0,0,0,0,0,0,0,0,0,0,0,1010,0,0,0,0,0,0,0,,,,0,,,,,,,,,
1069,Internal,742.0,2030.5,85667,37,15.6,24.5,0.0,69.0,2.5,7.5,0.0,23,0,0,0,0,0,0,0,0,0,0,0,0,0,0,0,0,0,0,0,0,,,,0,,,,,,,,,
1070,Internal,690.5,2000.5,85667,37,15.6,24.5,27.0,10.0,206.5,18.5,18.0,28,0,0,0,0,0,0,0,0,0,0,0,0,0,0,0,0,0,0,0,0,,,,0,,,,,,,,,
1071,Internal,371.0,923.5,42423,37,22.9,11.1,43.5,89.0,29.5,9.0,9.0,23,0,0,0,0,0,0,0,0,0,0,0,0,884,0,0,0,0,0,0,0,,,,0,,,,,,,,,
1072,Internal,422.5,1118.5,42423,37,22.9,11.1,5.0,32.0,323.5,0.5,0.0,32,0,0,0,0,0,0,0,0,0,0,0,0,0,0,0,0,0,0,0,0,,,,0,,,,,,,,,
1073,Internal,708.5,2002.0,42423,37,22.9,11.1,87.0,5.0,140.5,0.0,0.5,47,0,0,0,0,0,0,0,0,0,0,0,0,2102,0,0,0,0,0,0,0,,,,0,,,,,,,,,
1074,Internal,299.0,732.0,26875,37,29.4,26.9,743.0,3.0,195.0,26.5,94.5,57,0,0,0,0,0,0,0,0,0,0,0,0,0,0,0,0,0,0,0,0,,,,0,,,,,,,,,
1075,Internal,383.0,921.0,40712,37,24.6,14.7,23.0,44.0,170.0,111.0,108.0,25,0,0,0,0,0,0,0,0,0,0,0,0,0,0,0,0,0,0,0,0,,,,0,,,,,,,,,
1076,Internal,601.5,1686.0,38313,37,19.8,10.6,28.0,9.0,28.5,44.0,0.0,12,0,0,0,0,0,0,0,0,0,0,0,0,0,0,0,0,0,0,0,0,,,,0,,,,,,,,,
1077,Internal,406.5,1146.0,38313,37,19.8,10.6,42.5,0.0,26.0,11.5,3.0,34,0,0,0,0,0,0,0,0,0,0,0,0,0,0,0,0,0,0,0,0,,,,0,,,,,,,,,
1078,Internal,265.0,642.0,38313,37,19.8,10.6,60.0,55.0,172.0,14.0,118.0,16,0,0,0,0,0,0,0,0,0,0,0,0,0,0,0,0,0,0,0,0,,,,0,,,,,,,,,
1079,Internal,206.5,544.5,58603,50,19.9,15.3,18.0,0.0,4.0,0.0,0.0,23,0,0,0,0,0,0,0,0,0,0,0,0,0,0,0,0,0,0,0,0,,,,0,,,,,,,,,
1080,Internal,560.0,1491.5,58603,50,19.9,15.3,2.0,18.0,13.0,0.0,3.0,42,0,0,0,0,0,0,0,0,0,0,0,0,0,0,0,0,0,0,0,0,,,,0,,,,,,,,,
1081,Internal,486.5,1362.0,83810,44,23.5,11.8,0.0,21.0,1.0,0.0,0.0,28,0,0,0,0,0,0,0,0,0,0,0,0,0,0,0,0,0,0,0,0,,,,0,,,,,,,,,
1082,Internal,198.5,534.5,58603,50,19.9,15.3,11.0,22.0,1.0,0.0,0.0,23,0,0,0,0,0,0,0,0,0,0,0,0,0,0,0,0,0,0,0,0,,,,0,,,,,,,,,
1083,Internal,15.0,76.0,58603,50,19.9,15.3,14.0,0.0,0.0,0.0,0.0,23,0,0,0,0,0,0,0,0,0,0,0,0,0,0,0,0,0,0,0,0,,,,0,,,,,,,,,
1084,Internal,564.5,1636.5,74141,50,21.7,11.1,26.0,13.0,5.0,14.0,25.0,23,0,0,0,0,0,0,0,0,0,0,0,0,0,0,0,0,0,0,0,0,,,,0,,,,,,,,,
1085,Internal,934.0,2563.0,74141,50,21.7,11.1,14.0,114.0,14.0,0.0,5.0,47,0,0,0,0,0,0,0,0,0,0,0,0,0,0,0,0,0,0,0,0,,,,0,,,,,,,,,
1086,Internal,1028.5,2802.5,61852,46,21.5,6.6,273.0,26.0,57.0,11.0,110.0,22,0,0,0,0,0,0,0,0,0,0,0,0,0,0,0,0,0,0,0,0,,,,0,,,,,,,,,
1087,Internal,443.5,1268.5,66786,50,30.6,10.0,2.0,23.0,62.0,11.0,174.0,14,0,0,0,0,0,0,0,0,0,0,0,0,0,0,0,0,0,0,0,0,,,,0,,,,,,,,,
1088,Internal,619.5,1786.0,83810,44,23.5,11.8,34.0,85.0,14.0,3.0,45.0,35,0,0,0,0,0,0,0,0,0,0,0,0,0,0,0,0,0,0,0,0,,,,0,,,,,,,,,
1089,Internal,427.5,1169.0,66786,50,30.6,10.0,6.0,82.0,3.0,0.0,4.0,29,0,0,0,0,0,0,0,0,0,0,0,0,1003,0,0,0,0,0,0,0,,,,0,,,,,,,,,
1090,Internal,198.0,578.5,83810,44,23.5,11.8,6.0,37.0,9.0,0.0,0.0,9,0,0,0,0,0,0,0,0,0,0,0,0,0,0,0,0,0,0,0,0,,,,0,,,,,,,,,
1091,Internal,419.0,1238.5,62711,46,33.3,11.4,11.0,9.0,11.0,0.0,1.0,38,0,0,0,0,0,0,0,0,0,0,0,0,0,0,0,0,0,0,0,0,,,,0,,,,,,,,,
1092,Internal,673.0,1838.0,62711,46,33.3,11.4,30.0,29.0,13.0,3.0,0.0,24,0,0,0,0,0,0,0,0,0,0,0,0,0,0,0,0,0,0,0,0,,,,0,,,,,,,,,
1093,Internal,549.5,1510.5,62711,46,33.3,11.4,2.0,32.0,28.0,0.0,22.0,15,0,0,0,0,0,0,0,0,0,0,0,0,0,0,0,0,0,0,0,0,,,,0,,,,,,,,,
1094,Internal,56.0,124.0,62711,46,33.3,11.4,0.0,134.0,22.0,0.0,3.0,42,0,0,0,0,0,0,0,0,0,0,0,0,2356,0,0,0,0,0,0,0,,,,0,,,,,,,,,
1095,Internal,214.5,540.5,83810,44,23.5,11.8,20.0,0.0,251.0,0.0,56.0,22,0,0,0,0,0,0,0,0,0,0,0,0,2715,0,0,0,0,0,0,0,,,,0,,,,,,,,,
1096,Internal,383.0,964.0,50795,46,19.7,16.1,16.0,100.0,6.5,0.0,0.0,42,0,0,0,0,0,0,0,0,0,0,0,0,0,0,0,0,0,0,0,0,,,,0,,,,,,,,,
1097,Internal,391.0,1062.5,50176,44,31.3,6.7,106.0,65.0,11.0,0.0,0.0,29,0,0,0,0,0,0,0,0,0,0,0,0,0,0,0,0,0,0,0,0,,,,0,,,,,,,,,
1098,Internal,739.0,1987.0,50795,46,19.7,16.1,2.0,5.0,9.0,0.0,16.0,69,0,0,0,0,0,0,0,0,0,0,0,0,0,0,0,0,0,0,0,0,,,,0,,,,,,,,,
1099,Internal,398.5,1066.0,59390,44,24.4,7.9,28.0,15.0,22.0,5.0,1.0,28,0,0,0,0,0,0,0,0,0,0,0,0,0,0,0,0,0,0,0,0,,,,0,,,,,,,,,
1100,Internal,449.5,1246.0,59390,44,24.4,7.9,6.0,27.0,24.0,15.0,15.0,26,0,0,0,0,0,0,0,0,0,0,0,0,0,0,0,0,0,0,0,0,,,,0,,,,,,,,,
1101,Internal,358.0,972.0,50176,44,31.3,6.7,22.0,53.0,15.0,0.0,0.0,15,0,0,0,0,0,0,0,0,0,0,0,0,0,0,0,0,0,0,0,0,,,,0,,,,,,,,,
1102,Internal,176.5,474.5,59390,44,24.4,7.9,57.0,16.0,2.0,0.0,0.0,28,0,0,0,0,0,0,0,0,0,0,0,0,0,0,0,0,0,0,0,0,,,,0,,,,,,,,,
1103,Internal,484.0,1366.5,50558,43,26.5,13.6,34.0,14.0,2.0,1.0,0.0,28,0,0,0,0,0,0,0,0,0,0,0,0,0,0,0,0,0,0,0,0,,,,0,,,,,,,,,
1104,Internal,292.5,745.0,38821,35,16.7,15.3,15.5,13.0,52.0,2.0,7.0,26,0,0,0,0,0,0,0,0,0,0,0,0,0,0,0,0,0,0,0,0,,,,0,,,,,,,,,
1105,Internal,233.0,577.0,38821,35,16.7,15.3,2.0,6.0,10.0,0.0,4.0,33,0,0,0,0,0,0,0,0,0,0,0,0,0,0,0,0,0,0,0,0,,,,0,,,,,,,,,
1106,Internal,464.5,1322.0,41500,35,31.5,13.6,121.0,10.0,8.0,0.0,0.0,42,0,0,0,0,0,0,0,0,0,0,0,0,0,0,0,0,0,0,0,0,,,,0,,,,,,,,,
1107,Internal,429.5,1049.0,41500,35,31.5,13.6,34.0,64.5,40.5,5.0,27.0,41,0,0,0,0,0,0,0,0,0,0,0,0,361,0,0,0,0,0,0,0,,,,0,,,,,,,,,
1108,Internal,203.0,439.5,39857,35,36.9,12.1,402.5,55.0,21.0,6.0,5.0,32,0,0,0,0,0,0,0,0,0,0,0,0,0,0,0,0,0,0,0,0,,,,0,,,,,,,,,
1109,Internal,244.5,643.5,39857,35,36.9,12.1,0.0,0.0,9.0,0.0,8.0,33,0,0,0,0,0,0,0,0,0,0,0,0,0,0,0,0,0,0,0,0,,,,0,,,,,,,,,
1110,Internal,284.5,834.0,108851,42,24.0,18.1,12.0,47.0,23.0,0.0,0.0,60,0,0,0,0,0,73,0,0,0,0,0,0,0,0,0,0,0,0,0,0,,,,0,,,,,,,,,
1111,Internal,290.5,745.0,108851,42,24.0,18.1,0.0,37.0,5.0,0.0,4.0,65,0,0,0,0,0,111,0,0,0,0,0,0,0,0,0,0,0,0,0,0,,,,0,,,,,,,,,
1112,Internal,254.0,712.5,108851,42,24.0,18.1,3.0,24.0,10.0,0.0,6.0,41,0,0,0,0,0,73,0,0,0,0,0,0,0,0,0,0,0,0,0,0,,,,0,,,,,,,,,
1113,Internal,48.5,181.5,108851,42,24.0,18.1,0.0,12.0,0.0,0.0,0.0,41,0,0,0,0,0,50,0,0,0,0,0,0,0,0,0,0,0,0,0,0,,,,0,,,,,,,,,
1114,Internal,232.0,549.5,108851,42,24.0,18.1,6.0,29.0,11.0,0.0,15.0,20,0,0,0,0,0,38,0,0,0,0,0,0,0,0,0,0,0,0,0,0,,,,0,,,,,,,,,
1115,Internal,598.0,1809.0,142440,53,31.1,6.0,13.5,19.0,7.0,0.0,2.0,58,0,0,0,0,0,222,0,0,0,0,0,0,0,0,0,0,0,0,0,0,,,,0,,,,,,,,,
1116,Internal,118.5,222.5,36840,57,19.0,8.8,8.0,78.5,110.5,28.0,432.0,24,0,0,0,0,0,50,0,0,0,0,0,0,0,0,0,0,1,536,0,150,130,0,301,0,,,,,,,,,
1117,Internal,515.5,962.0,36840,57,19.0,8.8,0.0,35.0,9.0,0.0,0.0,32,0,0,0,0,0,137,0,0,0,0,0,0,0,0,0,0,0,0,0,0,,,,0,,,,,,,,,
1118,Internal,209.0,532.5,36840,57,19.0,8.8,0.0,16.0,1.0,2.0,2.0,32,0,0,0,0,0,160,0,0,0,0,0,0,0,0,0,0,0,0,0,0,,,,0,,,,,,,,,
1119,Internal,404.0,988.5,120139,53,26.0,12.7,0.0,20.0,28.0,0.0,0.0,39,0,0,0,0,0,149,0,0,0,0,0,0,0,0,0,0,0,0,0,0,,,,0,,,,,,,,,
1120,Internal,180.0,455.0,120139,53,26.0,12.7,0.0,0.0,4.0,0.0,0.0,46,0,0,0,0,0,73,0,0,0,0,0,0,0,0,0,0,0,0,0,0,,,,0,,,,,,,,,
1121,Internal,175.5,583.5,120139,53,26.0,12.7,10.0,35.0,399.0,5.0,2.0,46,0,0,0,0,0,50,0,0,0,0,0,0,3576,0,0,0,0,0,0,0,,,,0,,,,,,,,,
1122,Internal,225.0,503.0,81339,57,9.9,8.3,11.5,148.0,19.5,38.0,48.5,32,0,0,0,0,0,172,0,0,0,0,0,0,0,0,0,0,1,536,0,150,62,0,196,0,,,,,,,,,
1123,Internal,4.5,11.5,81339,57,9.9,8.3,32.0,81.5,28.5,28.0,199.0,11,0,0,0,0,0,0,0,0,0,0,0,0,0,0,0,0,1,536,0,150,155,0,451,0,,,,,,,,,
1124,Internal,111.0,263.5,81339,57,9.9,8.3,3.0,52.0,297.0,11.0,43.0,41,0,0,0,0,0,137,0,0,0,0,0,0,0,0,0,0,1,536,0,150,67,0,409,0,,,,,,,,,
1125,Internal,68.0,144.5,81339,57,9.9,8.3,28.0,65.0,122.5,52.0,201.5,17,0,0,0,0,0,24,0,0,0,0,0,0,0,0,0,0,1,536,0,150,106,0,713,0,,,,,,,,,
1126,Internal,201.0,481.0,81339,57,9.9,8.3,0.5,341.0,4.0,13.0,0.0,46,0,0,0,0,0,309,0,0,0,0,0,0,86,0,0,0,0,0,0,0,,,,0,,,,,,,,,
1127,Internal,228.5,636.5,80464,57,16.8,22.7,9.0,300.5,1.0,112.0,0.5,39,0,0,0,0,0,24,0,0,0,0,0,0,1530,0,0,0,0,0,0,0,,,,0,,,,,,,,,
1128,Internal,334.5,791.5,80464,57,16.8,22.7,8.0,14.5,23.0,0.0,1.0,37,0,0,0,0,0,210,0,0,0,0,0,0,0,0,0,0,0,0,0,0,,,,0,,,,,,,,,
1129,Internal,10.5,24.0,65764,57,2.5,16.6,25.0,34.0,111.5,6.0,76.0,26,0,0,0,0,0,12,0,0,0,0,0,0,0,0,0,0,1,536,0,150,41,0,314,0,,,,,,,,,
1130,Internal,102.0,219.5,65764,57,2.5,16.6,14.0,16.0,91.0,4.0,29.0,33,0,0,0,0,0,186,0,0,0,0,0,0,0,0,0,0,1,536,0,150,35,0,218,0,,,,,,,,,
1131,Internal,208.5,433.5,80464,57,16.8,22.7,3.0,130.5,8.0,0.0,3.5,51,0,0,0,0,0,321,0,0,0,0,0,0,610,0,0,0,0,0,0,0,,,,0,,,,,,,,,
1132,Internal,123.0,326.5,80464,57,16.8,22.7,0.0,0.0,6.0,0.0,0.0,32,0,0,0,0,0,160,0,0,0,0,0,0,0,0,0,0,0,0,0,0,,,,0,,,,,,,,,
1133,Internal,321.5,500.0,37133,53,11.7,7.7,22.0,247.5,70.0,24.0,135.0,29,0,0,0,0,0,24,0,0,0,0,0,0,0,0,0,0,0,0,0,0,,,,0,,,,,,,,,
1134,Internal,401.0,824.0,37133,53,11.7,7.7,3.0,44.0,116.0,20.0,124.0,40,0,0,0,0,0,50,0,0,0,0,0,0,0,0,0,0,0,0,0,0,,,,0,,,,,,,,,
1135,Internal,327.0,517.5,37133,53,11.7,7.7,3.0,2.5,17.0,0.0,14.0,18,0,0,0,0,0,137,0,0,0,0,0,0,0,0,0,0,0,0,0,0,,,,0,,,,,,,,,
1136,Internal,279.5,643.0,37133,53,11.7,7.7,7.0,15.0,11.5,0.0,10.0,36,0,0,0,0,0,333,0,0,0,0,0,0,0,0,0,0,0,0,0,0,,,,0,,,,,,,,,
1137,Internal,624.0,1331.0,32317,53,25.2,4.0,42.0,74.0,12.0,0.0,0.0,22,0,0,0,0,0,396,0,0,0,0,0,0,0,0,0,0,1,536,0,150,15,0,60,0,,,,,,,,,
1138,Internal,542.0,823.0,28304,53,17.6,5.7,166.0,128.5,128.0,60.0,25.5,44,0,0,0,0,0,359,0,0,0,0,0,0,0,0,0,0,1,536,0,150,316,0,331,0,,,,,,,,,
1139,Internal,553.0,1013.0,55995,59,17.9,7.4,38.0,37.0,7.0,0.0,4.0,70,0,0,0,0,0,466,0,0,0,0,0,0,0,0,0,0,0,0,0,0,,,,0,,,,,,,,,
1140,Internal,139.5,353.0,56806,59,12.9,7.1,6.0,134.0,0.5,0.0,0.0,51,0,0,0,0,0,0,0,0,0,0,0,0,1088,0,0,0,0,0,0,0,,,,0,,,,,,,,,
1141,Internal,465.0,901.0,56806,59,12.9,7.1,0.0,58.5,54.0,12.0,3.0,44,0,0,0,0,0,55,0,0,0,0,0,0,0,0,0,0,0,0,0,0,,,,0,,,,,,,,,
1142,Internal,118.0,297.0,123162,59,23.6,15.7,19.0,2.0,11.0,13.0,1.0,46,0,0,0,0,0,50,0,0,0,0,0,0,0,0,0,0,0,0,0,0,,,,0,,,,,,,,,
1143,Internal,76.0,220.5,123162,59,23.6,15.7,0.0,0.0,2.0,0.0,0.0,46,0,0,0,0,0,0,0,0,0,0,0,0,0,0,0,0,0,0,0,0,,,,0,,,,,,,,,
1144,Internal,62.5,215.5,123162,59,23.6,15.7,0.0,1.0,5.0,25.0,2.0,46,0,0,0,0,0,12,0,0,0,0,0,0,0,0,0,0,0,0,0,0,,,,0,,,,,,,,,
1145,Internal,163.5,406.5,123162,59,23.6,15.7,5.0,3.0,16.0,0.0,1.0,46,0,0,0,0,0,38,0,0,0,0,0,0,0,0,0,0,0,0,0,0,,,,0,,,,,,,,,
1146,Internal,201.5,525.5,123162,59,23.6,15.7,30.0,38.0,33.0,0.0,3.0,22,0,0,0,0,0,0,0,0,0,0,0,0,0,0,0,0,0,0,0,0,,,,0,,,,,,,,,
1147,Internal,103.0,242.5,123162,59,23.6,15.7,2.0,0.0,5.0,0.0,0.0,46,0,0,0,0,0,0,0,0,0,0,0,0,0,0,0,0,0,0,0,0,,,,0,,,,,,,,,
1148,Internal,1635.5,4371.5,94281,50,23.4,8.1,35.0,16.5,125.0,17.0,6.0,28,0,0,0,0,0,0,0,0,0,0,0,0,912,0,0,0,0,0,0,0,,,,0,,,,,,,,,
1149,Internal,87.0,209.0,69667,49,17.3,16.0,0.0,15.0,15.0,0.0,0.0,25,0,0,0,0,0,0,0,0,0,0,0,0,0,0,0,0,0,0,0,0,,,,0,,,,,,,,,
1150,Internal,148.0,373.0,69667,49,17.3,16.0,0.0,32.0,3.0,0.0,0.0,25,0,0,0,0,0,0,0,0,0,0,0,0,0,0,0,0,0,0,0,0,,,,0,,,,,,,,,
1151,Internal,124.0,271.0,69667,49,17.3,16.0,2.0,20.0,15.0,23.0,0.0,25,0,0,0,0,0,0,0,0,0,0,0,0,0,0,0,0,0,0,0,0,,,,0,,,,,,,,,
1152,Internal,192.5,482.0,67500,49,19.6,16.3,2.0,3.0,2.0,0.0,0.0,25,0,0,0,0,0,0,0,0,0,0,0,0,0,0,0,0,0,0,0,0,,,,0,,,,,,,,,
1153,Internal,56.0,134.5,67500,49,19.6,16.3,0.0,9.0,2.0,0.0,0.0,25,0,0,0,0,0,0,0,0,0,0,0,0,0,0,0,0,0,0,0,0,,,,0,,,,,,,,,
1154,Internal,261.0,617.0,67500,49,19.6,16.3,16.0,11.0,8.0,2.0,0.0,27,0,0,0,0,0,0,0,0,0,0,0,0,0,0,0,0,0,0,0,0,,,,0,,,,,,,,,
1155,Internal,248.0,575.0,60938,49,14.1,35.8,15.0,33.0,6.0,0.0,3.0,25,0,0,0,0,0,0,0,0,0,0,0,0,0,0,0,0,0,0,0,0,,,,0,,,,,,,,,
1156,Internal,93.5,236.5,60938,49,14.1,35.8,2.0,2.0,0.0,0.0,0.0,25,0,0,0,0,0,0,0,0,0,0,0,0,0,0,0,0,0,0,0,0,,,,0,,,,,,,,,
1157,Internal,286.0,720.0,64712,49,17.9,21.4,6.0,84.0,8.0,0.0,4.0,8,0,0,0,0,0,0,0,0,0,0,0,0,0,0,0,0,0,0,0,0,,,,0,,,,,,,,,
1158,Internal,129.0,289.0,64712,49,17.9,21.4,4.0,13.0,15.0,0.0,0.0,20,0,0,0,0,0,0,0,0,0,0,0,0,0,0,0,0,0,0,0,0,,,,0,,,,,,,,,
1159,Internal,143.0,394.0,64712,49,17.9,21.4,0.0,9.0,14.0,0.0,1.0,20,0,0,0,0,0,0,0,0,0,0,0,0,0,0,0,0,0,0,0,0,,,,0,,,,,,,,,
1160,Internal,266.0,633.0,64712,49,17.9,21.4,3.0,7.0,10.0,0.0,0.0,20,0,0,0,0,0,0,0,0,0,0,0,0,0,0,0,0,0,0,0,0,,,,0,,,,,,,,,
1161,Internal,234.0,576.0,79286,49,20.1,16.4,0.0,20.0,8.0,0.0,2.0,20,0,0,0,0,0,0,0,0,0,0,0,0,0,0,0,0,0,0,0,0,,,,0,,,,,,,,,
1162,Internal,172.0,474.0,79286,49,20.1,16.4,27.0,18.0,4.0,8.0,3.0,20,0,0,0,0,0,0,0,0,0,0,0,0,0,0,0,0,0,0,0,0,,,,0,,,,,,,,,
1163,Internal,373.0,834.5,79286,49,20.1,16.4,45.0,45.0,8.0,0.0,9.0,6,0,0,0,0,0,0,0,0,0,0,0,0,0,0,0,0,0,0,0,0,,,,0,,,,,,,,,
1164,Internal,212.0,536.0,79286,49,20.1,16.4,9.0,2.0,6.0,3.0,0.0,20,0,0,0,0,0,0,0,0,0,0,0,0,0,0,0,0,0,0,0,0,,,,0,,,,,,,,,
1165,Internal,156.5,371.5,79286,49,20.1,16.4,4.0,19.0,4.0,0.0,0.0,20,0,0,0,0,0,0,0,0,0,0,0,0,0,0,0,0,0,0,0,0,,,,0,,,,,,,,,
1166,Internal,284.5,710.5,73365,43,22.7,20.9,2.0,19.0,6.0,1.0,2.0,35,0,0,0,0,0,0,0,0,0,0,0,0,0,0,0,0,0,0,0,0,,,,0,,,,,,,,,
1167,Internal,113.5,275.5,48882,43,27.9,16.0,0.0,57.0,20.0,0.0,0.0,28,0,0,0,0,0,0,1,0,0,0,0,0,0,0,0,0,0,0,0,0,,,,0,,,,,,,,,
1168,Internal,253.0,682.5,48882,43,27.9,16.0,58.0,94.0,22.0,6.0,30.0,36,0,0,0,0,0,0,0,5,0,0,0,0,0,0,0,0,0,0,0,0,,,,0,,,,,,,,,
1169,Internal,82.5,195.5,48882,43,27.9,16.0,35.0,49.0,49.0,16.0,5.0,20,0,0,0,0,0,0,0,0,0,0,0,0,0,0,0,0,0,0,0,0,,,,0,,,,,,,,,
1170,Internal,35.0,102.0,48882,43,27.9,16.0,0.0,0.0,3.0,0.0,0.0,28,0,0,0,0,0,0,0,5,0,0,0,0,0,0,0,0,0,0,0,0,,,,0,,,,,,,,,
1171,Internal,275.5,811.0,73365,43,22.7,20.9,7.0,18.5,0.0,4.0,0.0,35,0,0,0,0,0,0,1,0,0,0,0,0,0,0,0,0,0,0,0,0,,,,0,,,,,,,,,
1172,Internal,181.0,498.0,74647,43,26.5,19.5,9.0,8.0,11.0,0.0,0.0,35,0,0,0,0,0,0,0,0,0,0,0,0,0,0,0,0,0,0,0,0,,,,0,,,,,,,,,
1173,Internal,93.0,227.5,73365,43,22.7,20.9,1.0,0.0,9.0,5.0,0.0,35,0,0,0,0,0,0,0,0,0,0,0,0,0,0,0,0,0,0,0,0,,,,0,,,,,,,,,
1174,Internal,150.5,329.5,74647,43,26.5,19.5,0.0,42.0,74.0,0.0,3.0,32,0,0,0,0,0,0,0,0,0,0,0,0,485,0,0,0,0,0,0,0,,,,0,,,,,,,,,
1175,Internal,162.5,403.0,74647,43,26.5,19.5,0.0,7.0,5.0,0.0,1.0,35,0,0,0,0,0,0,0,0,0,0,0,0,0,0,0,0,0,0,0,0,,,,0,,,,,,,,,
1176,Internal,263.0,716.5,74647,43,26.5,19.5,12.0,24.0,2.0,3.0,3.0,39,0,0,0,0,0,0,0,0,0,0,0,0,0,0,0,0,0,0,0,0,,,,0,,,,,,,,,
1177,Internal,58.0,175.0,74647,43,26.5,19.5,12.0,101.0,10.5,0.0,0.0,50,0,0,0,0,0,0,0,0,0,0,0,0,815,0,0,0,0,0,0,0,,,,0,,,,,,,,,
1178,Internal,203.0,505.0,74647,43,26.5,19.5,17.0,31.0,8.0,2.0,30.0,20,0,0,0,0,0,0,0,0,0,0,0,0,0,0,0,0,0,0,0,0,,,,0,,,,,,,,,
1179,Internal,259.5,721.0,39086,43,20.1,11.8,0.0,29.0,6.0,0.0,0.0,30,0,0,0,0,0,0,9,0,0,0,0,0,0,0,0,0,0,0,0,0,,,,0,,,,,,,,,
1180,Internal,318.5,906.0,39086,43,20.1,11.8,11.0,36.0,3.0,0.0,0.0,47,0,0,0,0,0,0,0,0,0,0,0,0,0,0,0,0,0,0,0,0,,,,0,,,,,,,,,
1181,Internal,138.0,354.0,39086,43,20.1,11.8,2.0,13.0,0.0,1.0,2.0,35,0,0,0,0,0,0,0,0,0,0,0,0,0,0,0,0,0,0,0,0,,,,0,,,,,,,,,
1182,Internal,634.5,1354.0,36059,53,14.1,5.6,59.0,125.0,63.0,20.0,334.0,20,0,0,0,0,0,147,0,0,0,0,0,0,0,0,0,0,1,536,0,150,132,0,21,0,,,,,,,,,
1183,Internal,300.0,552.0,55995,59,17.9,7.4,5.0,85.0,26.0,0.0,0.0,46,0,0,0,0,0,252,0,0,0,0,0,0,0,0,0,0,0,0,0,0,,,,0,,,,,,,,,
1184,Internal,36.5,140.5,79076,43,26.7,12.5,0.0,2.0,4.0,0.0,2.0,28,0,0,0,0,0,0,0,0,0,0,0,0,0,0,0,0,0,0,0,0,,,,0,,,,,,,,,
1185,Internal,372.0,1080.5,79076,43,26.7,12.5,16.0,12.0,11.0,3.0,83.0,53,0,0,0,0,0,0,0,0,0,0,0,0,0,0,0,0,0,0,0,0,,,,0,,,,,,,,,
1186,Internal,156.5,408.5,79076,43,26.7,12.5,16.0,2.0,7.5,0.0,0.0,28,0,0,0,0,0,24,0,0,0,0,0,0,0,0,0,0,0,0,0,0,,,,0,,,,,,,,,
1187,Internal,462.5,1190.0,95462,47,32.2,15.6,21.0,197.0,22.5,5.0,30.0,44,0,0,0,0,0,0,0,0,0,0,0,0,886,0,0,0,0,0,0,0,,,,0,,,,,,,,,
1188,Internal,335.5,835.5,95462,47,32.2,15.6,19.0,24.0,128.0,4.0,97.0,31,0,0,0,0,0,0,0,0,0,0,0,0,0,0,0,0,8,267,0,150,91,0,363,0,,,,,,,,,
1189,Internal,269.0,782.5,95462,47,32.2,15.6,1.0,0.0,7.0,0.0,2.0,22,0,0,0,0,0,0,0,0,0,0,0,0,0,0,0,0,0,0,0,0,,,,0,,,,,,,,,
1190,Internal,303.5,832.0,88250,47,22.4,17.7,20.0,3.0,18.0,0.0,2.0,21,0,0,0,0,0,0,0,0,0,0,0,0,0,0,0,0,0,0,0,0,,,,0,,,,,,,,,
1191,Internal,207.0,454.0,88250,47,22.4,17.7,9.0,46.0,8.0,18.0,27.0,23,0,0,0,0,0,0,0,0,0,0,0,0,0,0,0,0,0,0,0,0,,,,0,,,,,,,,,
1192,Internal,184.0,385.5,88250,47,22.4,17.7,509.0,170.0,367.5,24.0,42.0,42,0,0,0,0,0,0,0,0,0,0,0,0,0,0,0,0,0,0,0,0,,,,0,,,,,,,,,
1193,Internal,462.0,894.5,56806,59,12.9,7.1,0.0,3.0,89.0,2.0,0.0,46,0,0,0,0,0,55,0,0,0,0,0,0,0,0,0,0,0,0,0,0,,,,0,,,,,,,,,
1194,Internal,233.0,523.5,88250,47,22.4,17.7,125.5,427.0,107.5,60.0,4.0,44,0,0,0,0,0,0,0,0,0,0,0,0,750,0,0,0,8,267,0,150,375,0,544,0,,,,,,,,,
1195,Internal,402.0,766.5,69653,47,22.3,15.0,55.0,107.0,273.0,51.5,153.0,21,0,0,0,0,0,0,0,0,0,0,0,0,0,0,0,0,8,267,0,150,277,0,675,0,,,,,,,,,
1196,Internal,424.0,981.0,53250,47,8.6,17.5,5.0,131.0,273.5,0.0,48.0,23,0,0,0,0,0,0,0,0,0,0,0,0,1226,0,0,0,8,267,0,150,231,0,419,0,,,,,,,,,
1197,Internal,196.5,452.5,57955,47,6.2,17.6,0.0,5.0,6.0,0.0,4.0,35,0,0,0,0,0,0,0,0,0,0,0,0,0,0,0,0,0,0,0,0,,,,0,,,,,,,,,
1198,Internal,256.0,657.0,53250,47,8.6,17.5,143.0,21.0,304.0,28.5,57.0,30,0,0,0,0,0,0,0,0,0,0,0,0,396,0,0,0,0,0,0,0,,,,0,,,,,,,,,
1199,Internal,231.5,649.5,42232,45,17.0,12.4,5.5,21.0,38.0,0.0,0.0,31,0,0,0,0,0,0,0,0,0,0,0,0,0,0,0,0,0,0,0,0,,,,0,,,,,,,,,
1200,Internal,383.0,1074.5,42232,45,17.0,12.4,40.0,34.0,9.0,21.0,14.0,56,0,0,0,0,0,0,0,0,0,0,0,0,0,0,0,0,0,0,0,0,,,,0,,,,,,,,,
1201,Internal,152.5,386.5,42232,45,17.0,12.4,37.0,24.0,25.5,0.0,2.0,7,0,0,0,0,0,0,0,0,0,0,0,0,0,0,0,0,0,0,0,0,,,,0,,,,,,,,,
1202,Internal,95.0,216.5,42232,45,17.0,12.4,60.0,50.0,0.0,0.0,0.0,34,0,0,0,0,0,0,0,0,0,0,0,0,0,0,0,0,0,0,0,0,,,,0,,,,,,,,,
1203,Internal,366.0,942.5,63677,45,22.8,9.8,0.0,24.0,4.0,4.0,0.0,55,0,0,0,0,0,0,0,0,0,0,0,0,0,0,0,0,0,0,0,0,,,,0,,,,,,,,,
1204,Internal,425.5,1037.5,88393,45,17.5,17.9,5.5,81.0,21.0,7.0,0.0,40,0,0,0,0,0,0,0,0,0,0,0,0,576,0,0,0,0,0,0,0,,,,0,,,,,,,,,
1205,Internal,169.0,447.0,55982,45,25.6,9.6,363.5,11.0,123.0,0.0,7.0,38,0,0,0,0,0,0,0,0,0,0,0,0,0,0,0,0,0,0,0,0,,,,0,,,,,,,,,
1206,Internal,386.0,918.0,56250,45,27.2,12.9,25.0,4.0,6.0,0.0,3.0,55,0,0,0,0,0,0,0,0,0,0,0,0,0,0,0,0,0,0,0,0,,,,0,,,,,,,,,
1207,Internal,173.5,509.0,51442,44,24.8,11.1,12.0,182.0,18.5,0.0,0.0,50,0,0,0,0,0,0,0,0,0,0,0,0,1818,0,0,0,0,0,0,0,,,,0,,,,,,,,,
1208,Internal,165.0,426.5,72827,44,26.1,17.9,607.0,87.0,47.0,5.0,6.0,30,0,0,0,0,0,0,0,0,0,0,0,0,604,0,0,0,0,0,0,0,,,,0,,,,,,,,,
1209,Internal,182.5,505.5,72827,44,26.1,17.9,0.0,1.0,3.0,0.0,0.0,30,0,0,0,0,0,12,0,0,0,0,0,0,0,0,0,0,0,0,0,0,,,,0,,,,,,,,,
1210,Internal,118.0,246.0,72827,44,26.1,17.9,31.0,18.0,34.0,14.0,9.0,30,0,0,0,0,0,0,0,0,0,0,0,0,0,0,0,0,0,0,0,0,,,,0,,,,,,,,,
1211,Internal,181.5,410.0,72827,44,26.1,17.9,0.0,5.0,9.0,0.0,32.0,30,0,0,0,0,0,0,0,0,0,0,0,0,0,0,0,0,0,0,0,0,,,,0,,,,,,,,,
1212,Internal,363.5,904.5,51442,44,24.8,11.1,2.0,7.0,4.0,0.0,0.0,30,0,0,0,0,0,0,0,0,0,0,0,0,0,0,0,0,0,0,0,0,,,,0,,,,,,,,,
1213,Internal,270.5,630.5,51442,44,24.8,11.1,49.5,12.0,7.0,0.0,1.0,30,0,0,0,0,0,38,0,0,0,0,0,0,0,0,0,0,0,0,0,0,,,,0,,,,,,,,,
1214,Internal,450.5,1104.5,54864,44,28.5,7.2,3.0,60.5,203.5,38.0,99.0,13,0,0,0,0,0,20,0,0,0,0,0,0,0,0,0,0,0,0,0,0,,,,0,,,,,,,,,
1215,Internal,97.0,216.5,95750,52,22.0,17.8,4.0,113.0,0.0,0.0,0.0,50,0,0,0,0,0,12,1,0,0,0,0,0,579,0,0,0,0,0,0,0,,,,0,,,,,,,,,
1216,Internal,154.5,344.5,95750,52,22.0,17.8,0.0,2.0,5.0,0.0,5.0,36,0,0,0,0,0,12,0,0,0,0,0,0,0,0,0,0,0,0,0,0,,,,0,,,,,,,,,
1217,Internal,78.0,245.5,95750,52,22.0,17.8,5.0,11.0,10.0,7.0,60.0,0,0,0,0,0,0,12,0,0,0,0,0,0,0,0,0,0,0,0,0,0,,,,0,,,,,,,,,
1218,Internal,80.0,197.0,95750,52,22.0,17.8,2.0,4.0,7.0,0.0,4.0,36,0,0,0,0,0,0,1,0,0,0,0,0,0,0,0,0,0,0,0,0,,,,0,,,,,,,,,
1219,Internal,103.5,251.0,95750,52,22.0,17.8,0.0,2.0,3.0,0.0,0.0,36,0,0,0,0,0,12,4,5,0,0,0,0,0,0,0,0,0,0,0,0,,,,0,,,,,,,,,
1220,Internal,127.5,308.0,95750,52,22.0,17.8,0.0,5.0,11.0,0.0,4.0,36,0,0,0,0,0,24,0,0,0,0,0,0,0,0,0,0,0,0,0,0,,,,0,,,,,,,,,
1221,Internal,69.5,178.0,95750,52,22.0,17.8,0.0,1.0,0.0,0.0,0.0,36,0,0,0,0,0,0,4,0,0,0,0,0,0,0,0,0,0,0,0,0,,,,0,,,,,,,,,
1222,Internal,103.0,344.0,95750,52,22.0,17.8,12.0,15.0,27.0,2.0,0.0,27,0,0,0,0,0,0,1,5,0,0,0,0,0,0,0,0,0,0,0,0,,,,0,,,,,,,,,
1223,Internal,111.5,322.0,153438,52,19.0,26.6,0.0,7.0,7.5,0.0,2.0,36,0,0,0,0,0,24,0,5,0,0,0,0,0,0,0,0,0,0,0,0,,,,0,,,,,,,,,
1224,Internal,187.0,470.5,153438,52,19.0,26.6,18.0,5.0,6.0,3.0,0.0,16,0,0,0,0,0,38,0,0,0,0,0,0,0,0,0,0,0,0,0,0,,,,0,,,,,,,,,
1225,Internal,105.5,336.0,153438,52,19.0,26.6,1.0,26.0,7.5,38.0,0.0,36,0,0,0,0,0,38,0,0,0,0,0,0,0,0,0,0,0,0,0,0,,,,0,,,,,,,,,
1226,Internal,150.0,351.0,153438,52,19.0,26.6,0.0,6.0,21.0,0.0,2.0,56,0,0,0,0,0,12,1,0,0,0,0,0,0,0,0,0,0,0,0,0,,,,0,,,,,,,,,
1227,Internal,501.5,1299.0,133401,46,29.2,7.4,8.5,79.0,73.5,7.0,19.5,40,0,0,0,0,0,248,0,0,0,0,0,0,0,0,0,0,0,0,0,0,,,,0,,,,,,,,,
1228,Internal,511.5,898.5,133401,46,29.2,7.4,11.0,774.5,458.5,419.0,645.0,44,0,0,0,0,0,0,0,0,0,0,0,0,0,0,0,0,0,0,0,0,,,,0,,,,,,,,,
1229,Internal,181.0,347.0,98092,46,22.8,28.0,47.0,107.5,288.0,16.0,234.5,13,0,0,0,0,0,61,0,0,0,0,0,0,0,0,0,0,0,0,0,0,,,,0,,,,,,,,,
1230,Internal,4.0,9.0,98092,46,22.8,28.0,3.0,101.5,585.5,4.5,5.0,65,0,0,0,0,0,0,0,0,0,0,0,0,0,0,0,0,0,0,0,0,,,,0,,,,,,,,,
1231,Internal,315.5,541.0,98092,46,22.8,28.0,50.0,325.5,435.5,29.0,83.0,53,0,0,0,0,0,69,0,0,0,0,0,0,0,0,0,0,0,0,0,0,,,,0,,,,,,,,,
1232,Internal,727.5,1806.0,133401,46,29.2,7.4,9.0,46.0,44.0,15.5,13.5,40,0,0,0,0,0,277,0,0,0,0,0,0,0,0,0,0,0,0,0,0,,,,0,,,,,,,,,
1233,Internal,422.0,1110.5,98092,46,22.8,28.0,26.0,17.0,162.0,6.0,26.0,51,0,0,0,0,0,61,0,0,0,0,0,0,1846,0,0,0,0,0,0,0,,,,0,,,,,,,,,
1234,Internal,577.5,1575.0,98092,46,22.8,28.0,10.0,18.5,1.5,9.0,0.0,45,0,0,0,0,0,123,0,0,0,0,0,0,0,0,0,0,0,0,0,0,,,,0,,,,,,,,,
1235,Internal,595.0,1217.5,64447,46,29.7,10.9,8.0,89.5,260.0,14.0,13.0,46,0,0,0,0,0,309,0,9,0,0,0,0,0,0,0,0,0,0,0,0,,,,0,,,,,,,,,
1236,Internal,254.0,571.5,153438,52,19.0,26.6,2.0,40.5,14.5,13.0,1.0,36,0,0,0,0,0,0,0,0,0,0,0,0,0,0,0,0,0,0,0,0,,,,0,,,,,,,,,
1237,Internal,612.5,1109.5,64447,46,29.7,10.9,12.0,261.5,849.5,87.0,210.5,40,0,0,0,0,0,321,0,9,0,0,0,0,0,0,0,1,0,0,0,0,,,,0,,,,,,,,,
1238,Internal,533.0,1164.5,64447,46,29.7,10.9,7.0,166.0,407.0,9.0,4.5,43,0,0,0,0,0,222,0,13,0,0,0,0,0,0,0,0,0,0,0,0,,,,0,,,,,,,,,
1239,Internal,789.5,1870.0,94281,50,23.4,8.1,0.0,9.5,105.5,0.0,4.5,28,0,0,0,0,0,0,0,0,0,0,0,0,0,0,0,0,0,0,0,0,,,,0,,,,,,,,,
1240,Internal,652.0,1797.0,157422,48,31.3,10.3,7.0,10.0,6.5,0.0,0.0,75,0,0,0,0,0,73,0,0,0,0,0,0,0,0,0,0,0,0,0,0,,,,0,,,,,,,,,
1241,Internal,385.5,1095.5,157422,48,31.3,10.3,3.0,105.0,17.5,10.0,8.0,46,0,0,0,0,0,87,0,0,0,0,0,0,689,0,0,0,0,0,0,0,,,,0,,,,,,,,,
1242,Internal,420.0,1392.0,157422,48,31.3,10.3,7.0,18.0,13.0,0.0,6.0,51,0,0,0,0,0,236,0,0,0,0,0,0,0,0,0,0,0,0,0,0,,,,0,,,,,,,,,
1243,Internal,717.5,1912.5,157422,48,31.3,10.3,7.0,159.0,20.0,18.0,4.0,34,0,0,0,0,0,50,0,0,0,0,0,0,0,0,0,0,0,0,0,0,,,,0,,,,,,,,,
1244,Internal,69.5,133.0,89706,48,28.4,19.9,0.0,10.0,10.0,5.0,0.0,5,0,0,0,0,0,24,0,0,0,0,0,0,0,0,0,0,0,0,0,0,,,,0,,,,,,,,,
1245,Internal,106.0,239.5,89706,48,28.4,19.9,8.0,15.0,0.0,0.0,0.0,34,0,0,0,0,0,12,0,0,0,0,0,0,0,0,0,0,0,0,0,0,,,,0,,,,,,,,,
1246,Internal,155.5,387.5,89706,48,28.4,19.9,133.0,438.0,148.0,58.0,43.0,14,0,0,0,0,0,12,0,0,0,0,0,0,224,0,0,0,0,0,0,0,,,,0,,,,,,,,,
1247,Internal,82.5,198.5,89706,48,28.4,19.9,3.0,3.0,1.0,3.0,3.0,34,0,0,0,0,0,24,0,0,0,0,0,0,0,0,0,0,0,0,0,0,,,,0,,,,,,,,,
1248,Internal,82.5,228.0,89706,48,28.4,19.9,11.0,10.0,8.0,0.0,0.0,9,0,0,0,0,0,12,0,0,0,0,0,0,0,0,0,0,0,0,0,0,,,,0,,,,,,,,,
1249,Internal,253.0,701.0,89706,48,28.4,19.9,0.0,10.0,26.0,3.0,1.0,36,0,0,0,0,0,50,0,0,0,0,0,0,0,0,0,0,0,0,0,0,,,,0,,,,,,,,,
1250,Internal,58.5,178.0,89706,48,28.4,19.9,0.0,0.0,0.0,0.0,3.0,34,0,0,0,0,0,24,0,0,0,0,0,0,0,0,0,0,0,0,0,0,,,,0,,,,,,,,,
1251,Internal,383.0,775.5,61486,48,23.1,16.3,33.0,17.0,9.0,10.0,9.0,37,0,0,0,0,0,12,0,0,0,0,0,0,0,0,0,0,0,0,0,0,,,,0,,,,,,,,,
1252,Internal,116.5,288.0,61486,48,23.1,16.3,22.0,5.0,1.0,0.0,9.0,34,0,0,0,0,0,12,0,0,0,0,0,0,0,0,0,0,0,0,0,0,,,,0,,,,,,,,,
1253,Internal,48.0,88.0,61486,48,23.1,16.3,12.0,0.0,6.0,1.0,0.0,31,0,0,0,0,0,12,0,0,0,0,0,0,0,0,0,0,0,0,0,0,,,,0,,,,,,,,,
1254,Internal,163.0,462.0,61486,48,23.1,16.3,2.0,15.0,6.0,0.0,0.0,34,0,0,0,0,0,50,0,0,0,0,0,0,0,0,0,0,0,0,0,0,,,,0,,,,,,,,,
1255,Internal,169.5,457.5,61486,48,23.1,16.3,22.0,5.0,14.0,5.0,3.0,19,0,0,0,0,0,38,0,0,0,0,0,0,0,0,0,0,0,0,0,0,,,,0,,,,,,,,,
1256,Internal,42.5,117.5,61486,48,23.1,16.3,2.0,1.0,3.0,0.0,0.0,34,0,0,0,0,0,12,0,0,0,0,0,0,0,0,0,0,0,0,0,0,,,,0,,,,,,,,,
1257,Internal,59.0,133.5,61486,48,23.1,16.3,4.0,2.0,7.0,0.0,0.0,34,0,0,0,0,0,0,0,0,0,0,0,0,0,0,0,0,0,0,0,0,,,,0,,,,,,,,,
1258,Internal,336.0,785.0,79737,50,20.3,19.5,23.0,35.0,32.0,8.0,8.0,56,0,0,0,0,0,12,0,0,0,0,0,0,0,0,0,0,0,0,0,0,,,,0,,,,,,,,,
1259,Internal,174.5,450.5,79737,50,20.3,19.5,3.0,3.0,20.0,0.0,10.0,35,0,0,0,0,0,0,0,0,0,0,0,0,0,0,0,0,0,0,0,0,,,,0,,,,,,,,,
1260,Internal,82.0,180.0,79737,50,20.3,19.5,16.0,14.0,7.0,0.0,14.0,42,0,0,0,0,0,0,0,0,0,0,0,0,0,0,0,0,0,0,0,0,,,,0,,,,,,,,,
1261,Internal,111.0,260.0,79737,50,20.3,19.5,0.0,0.0,0.0,0.0,10.0,35,0,0,0,0,0,0,0,0,0,0,0,0,0,0,0,0,0,0,0,0,,,,0,,,,,,,,,
1262,Internal,133.0,323.0,79737,50,20.3,19.5,5.0,21.0,3.0,0.0,0.0,35,0,0,0,0,0,0,0,0,0,0,0,0,0,0,0,0,0,0,0,0,,,,0,,,,,,,,,
1263,Internal,251.5,580.5,59571,50,28.2,14.1,5.0,46.0,48.0,0.0,5.0,20,0,0,0,0,0,12,0,0,0,0,0,0,0,0,0,0,0,0,0,0,,,,0,,,,,,,,,
1264,Internal,182.0,473.0,59571,50,28.2,14.1,13.0,3.0,21.0,8.0,16.0,35,0,0,0,0,0,0,0,0,0,0,0,0,0,0,0,0,0,0,0,0,,,,0,,,,,,,,,
1265,Internal,229.5,575.5,79737,50,20.3,19.5,160.0,29.0,85.0,5.0,6.0,28,0,0,0,0,0,0,0,0,0,0,0,0,0,0,0,0,0,0,0,0,,,,0,,,,,,,,,
1266,Internal,347.0,928.0,68578,50,11.7,18.4,3.0,18.0,2.0,6.0,0.0,66,0,0,0,0,0,38,0,0,0,0,0,0,0,0,0,0,0,0,0,0,,,,0,,,,,,,,,
1267,Internal,199.5,439.5,68578,50,11.7,18.4,8.0,20.0,19.0,5.0,2.0,35,0,0,0,0,0,24,0,0,0,0,0,0,0,0,0,0,0,0,0,0,,,,0,,,,,,,,,
1268,Internal,79.0,162.0,68578,50,11.7,18.4,3.0,0.0,2.0,0.0,8.0,35,0,0,0,0,0,24,0,0,0,0,0,0,0,0,0,0,0,0,0,0,,,,0,,,,,,,,,
1269,Internal,88.0,197.0,68578,50,11.7,18.4,7.0,13.0,5.0,0.0,5.0,15,0,0,0,0,0,24,0,0,0,0,0,0,0,0,0,0,0,0,0,0,,,,0,,,,,,,,,
1270,Internal,354.0,771.5,30169,45,8.1,4.4,0.0,102.0,15.0,44.0,0.0,40,0,0,0,0,0,347,0,0,0,0,0,0,571,0,0,0,0,0,0,0,,,,0,,,,,,,,,
1271,Internal,168.0,469.0,30169,45,8.1,4.4,3.0,70.0,88.0,43.0,45.0,27,0,0,0,0,0,210,0,0,0,0,0,0,0,0,0,0,1,536,0,150,10,0,41,0,,,,,,,,,
1272,Internal,281.5,726.5,30169,45,8.1,4.4,0.0,121.5,78.0,21.5,24.5,52,0,0,0,0,0,370,0,0,0,0,0,0,0,0,0,0,2,120,120,0,130,64,0,0,,,,,,,,,
1273,Internal,167.0,394.0,30169,45,8.1,4.4,5.0,37.0,110.5,513.5,16.0,58,0,0,0,0,0,222,0,0,0,0,0,0,0,0,0,0,0,0,0,0,,,,0,,,,,,,,,
1274,Internal,205.5,479.5,30169,45,8.1,4.4,2.0,19.0,183.0,7.0,26.5,58,0,0,0,0,0,73,0,0,0,0,0,0,0,0,0,0,1,536,0,300,379,0,65,0,,,,,,,,,
1275,Internal,148.0,426.5,30169,45,8.1,4.4,3.0,43.0,97.5,7.0,34.5,19,0,0,0,0,0,333,0,0,0,0,0,0,0,0,0,0,1,536,0,150,44,0,44,0,,,,,,,,,
1276,Internal,71.0,203.0,30169,45,8.1,4.4,0.0,9.0,0.5,0.0,0.0,52,0,0,0,0,0,123,0,5,0,0,0,0,0,0,0,0,0,0,0,0,,,,0,,,,,,,,,
1277,Internal,456.0,1008.0,101250,50,16.1,20.5,76.0,58.5,91.0,15.0,60.5,32,0,86,0,0,0,382,0,5,0,0,0,0,0,0,0,0,0,0,0,0,,,,0,,,,,,,,,
1278,Internal,491.5,1001.0,101250,50,16.1,20.5,1.0,474.5,458.0,46.0,30.0,33,0,0,0,0,0,99,0,0,0,0,0,0,0,0,0,0,0,0,0,0,,,,0,,,,,,,,,
1279,Internal,300.0,752.5,101250,50,16.1,20.5,6.0,24.5,51.0,1.0,7.5,20,0,0,0,0,0,111,0,0,0,0,0,0,0,0,0,0,0,0,0,0,,,,0,,,,,,,,,
1280,Internal,18.0,78.5,21100,50,2.5,2.7,24.0,328.0,126.0,62.0,538.5,10,0,194,0,0,0,38,0,0,0,0,0,0,0,0,0,0,1,536,0,150,88,0,422,0,,,,,,,,,
1281,Internal,793.0,1602.0,21100,50,2.5,2.7,6.0,196.5,63.5,31.5,73.0,20,0,23,0,0,0,275,0,0,0,0,0,0,0,0,0,0,0,0,0,0,,,,0,,,,,,,,,
1282,Internal,168.0,381.0,21100,50,2.5,2.7,136.0,190.0,240.5,26.5,79.5,10,0,90,0,0,0,141,0,0,0,0,0,0,0,0,0,0,1,536,0,100,143,0,368,0,,,,,,,,,
1283,Internal,514.0,1147.5,126458,54,13.9,18.7,12.0,55.5,117.0,26.0,103.0,19,0,0,0,0,0,507,0,5,0,0,0,0,0,0,0,0,2,553,0,300,142,0,161,0,,,,,,,,,
1284,Internal,269.0,587.5,126458,54,13.9,18.7,0.0,48.5,96.0,23.0,26.5,35,0,0,0,0,0,50,0,0,0,0,0,0,0,0,0,0,0,0,0,0,,,,0,,,,,,,,,
1285,Internal,121.5,309.5,126458,54,13.9,18.7,0.0,295.5,25.5,28.0,6.5,33,0,0,0,0,0,111,0,0,0,0,0,0,350,0,0,0,2,553,0,300,118,0,3,0,,,,,,,,,
1286,Internal,29.0,59.0,126458,54,13.9,18.7,0.0,5.0,2.0,0.0,0.5,65,0,282,0,0,0,0,0,0,0,0,0,0,0,0,0,0,2,553,147,300,11,33,19,0,,,,,,,,,
1287,Internal,138.5,184.5,126458,54,13.9,18.7,0.0,1.5,36.0,40.0,0.0,33,0,0,0,0,0,99,0,5,0,0,0,0,0,0,0,0,0,0,0,0,,,,0,,,,,,,,,
1288,Internal,44.0,93.0,126458,54,13.9,18.7,0.0,0.0,12.0,0.0,0.0,33,0,0,0,0,0,73,0,0,0,0,0,0,0,0,0,0,0,0,0,0,,,,0,,,,,,,,,
1289,Internal,0.5,2.0,126458,54,13.9,18.7,10.0,26.0,97.5,0.0,158.0,32,0,0,0,0,0,0,0,0,0,0,0,0,0,0,0,0,0,0,0,0,,,,0,,,,,,,,,
1290,Internal,10.5,15.5,68211,48,22.0,14.0,0.0,73.0,63.0,0.0,1.0,22,0,1188,0,0,0,12,0,0,0,5,0,0,0,0,0,0,2,553,147,300,502,5,104,0,,,,,,,,,
1291,Internal,7.5,20.5,68211,48,22.0,14.0,20.0,1187.5,216.0,46.0,252.5,22,0,238,0,0,0,0,0,0,0,650,0,0,0,0,0,0,2,553,147,300,282,21,88,0,,,,,,,,,
1292,Internal,1.0,2.5,68211,48,22.0,14.0,0.0,93.0,91.0,540.0,48.0,23,0,0,0,0,0,0,0,0,0,41,0,0,0,0,0,0,2,553,0,0,1,0,0,0,,,,,,,,,
1293,Internal,2.0,10.0,68211,48,22.0,14.0,16.0,1235.0,382.0,42.0,293.0,22,0,408,0,0,0,0,0,0,0,2744,0,0,0,0,0,0,2,553,147,300,369,53,93,0,,,,,,,,,
1294,Internal,0.0,0.0,68211,48,22.0,14.0,0.0,935.0,34.0,0.0,3.0,22,0,58,0,0,0,0,0,0,0,617,0,0,0,0,0,0,2,553,147,300,177,16,33,0,,,,,,,,,
1295,Internal,7.5,21.5,30865,40,22.0,2.5,0.0,34.5,22.0,0.0,0.0,0,0,1065,0,0,0,12,0,0,0,0,0,0,0,0,0,0,2,553,147,300,138,195,15,0,,,,,,,,,
1296,Internal,7.0,21.0,30865,40,22.0,2.5,0.0,697.0,43.0,0.0,20.5,23,0,1031,0,0,0,12,0,0,0,712,0,0,0,0,0,0,2,553,147,300,478,13,104,0,,,,,,,,,
1297,Internal,116.0,211.5,31442,40,23.0,2.5,0.0,409.0,133.0,0.0,15.0,23,0,2047,0,0,0,24,0,0,0,782,0,0,0,0,0,0,2,553,147,300,3690,35,64,0,,,,,,,,,
1298,Internal,78.0,129.0,31442,40,23.0,2.5,0.0,447.5,260.0,12.0,11.5,32,0,1843,0,0,0,61,0,0,0,592,0,0,0,0,0,0,2,553,147,300,1322,41,208,0,,,,,,,,,
1299,Internal,2.0,5.5,11250,40,22.0,2.5,0.0,411.0,707.0,0.0,41.0,23,0,224,0,0,0,0,0,0,0,526,0,0,0,0,0,1,2,553,147,300,2323,46,1656,0,,,,,,,,,
1300,Internal,285.5,713.0,67500,49,19.6,16.3,0.0,1.0,3.0,0.0,0.0,25,0,0,0,0,0,0,0,0,0,0,0,0,0,0,0,0,0,0,0,0,,,,0,,,,,,,,,
1301,Internal,7.0,16.5,11250,40,22.0,2.5,0.0,360.0,1368.0,0.0,42.0,23,0,0,0,0,0,0,0,0,0,122,0,0,0,0,0,0,2,553,147,300,85,16,11,0,,,,,,,,,
1302,Internal,93.0,241.5,52344,41,4.2,5.5,126.5,12.0,91.0,9.0,53.0,39,0,0,0,0,0,50,0,0,0,0,0,0,0,0,0,0,1,536,0,300,140,0,34,0,,,,,,,,,
1303,Internal,187.5,564.0,52344,41,4.2,5.5,4.0,153.0,194.5,37.0,428.0,24,0,0,0,0,0,12,0,0,0,0,0,0,0,0,0,0,1,536,0,300,311,0,263,0,,,,,,,,,
1304,Internal,103.5,177.5,52344,41,4.2,5.5,41.0,152.0,122.0,0.0,132.0,46,0,0,0,0,0,24,0,0,0,0,0,0,0,0,0,0,1,536,0,150,16,0,15,0,,,,,,,,,
1305,Internal,345.5,782.0,52344,41,4.2,5.5,50.0,227.0,329.5,33.5,268.0,37,0,1452,0,0,0,111,0,0,0,35,0,0,0,0,0,0,1,536,0,150,370,0,211,0,,,,,,,,,
1306,Internal,139.0,226.0,52344,41,4.2,5.5,11.0,102.0,205.5,0.0,142.0,29,0,0,0,0,0,24,0,0,0,0,0,0,0,0,0,0,1,536,0,150,111,0,216,0,,,,,,,,,
1307,Internal,184.0,449.5,52344,41,4.2,5.5,21.0,70.0,105.5,194.5,361.5,8,0,0,0,0,0,149,0,0,0,0,0,0,0,0,0,0,1,536,0,150,65,0,167,0,,,,,,,,,
1308,Internal,280.0,625.5,43478,41,8.9,7.4,0.0,473.5,198.5,2.0,20.0,30,0,0,0,0,0,309,0,0,0,428,0,0,0,0,0,0,0,0,0,0,,,,0,,,,,,,,,
1309,Internal,420.0,874.5,43478,41,8.9,7.4,0.0,135.5,4.5,0.0,0.0,30,0,0,0,0,0,420,0,0,0,0,0,0,0,0,0,0,1,553,0,300,88,0,27,0,,,,,,,,,
1310,Internal,136.0,317.0,52344,41,4.2,5.5,0.0,97.5,68.0,65.0,2.5,48,0,77,0,0,0,283,0,0,0,187,0,0,0,0,0,0,2,553,147,300,255,1,14,0,,,,,,,,,
1311,Internal,423.0,1070.5,43478,41,8.9,7.4,0.0,135.5,72.0,0.0,19.0,30,0,0,0,0,0,729,0,0,0,0,0,0,0,0,0,0,0,0,0,0,,,,0,,,,,,,,,
1312,Internal,259.5,536.5,43478,41,8.9,7.4,14.0,1321.0,657.0,51.0,90.5,20,0,440,0,0,0,260,0,0,0,956,0,0,0,0,0,0,2,553,147,300,253,26,304,0,,,,,,,,,
1313,Internal,209.0,430.5,72303,50,17.7,15.1,0.0,12.0,0.0,15.0,0.0,72,0,0,0,0,0,309,0,0,0,0,0,0,0,0,0,0,0,0,0,0,,,,0,,,,,,,,,
1314,Internal,165.5,470.0,72303,50,17.7,15.1,2.0,0.5,9.5,0.0,0.0,89,0,0,0,0,0,50,0,5,0,0,0,0,0,0,0,0,0,0,0,0,,,,0,,,,,,,,,
1315,Internal,550.5,1192.0,28281,50,9.6,2.5,0.0,686.5,184.0,145.5,31.5,18,0,0,0,0,0,420,0,9,0,0,0,0,0,0,0,0,0,0,0,0,,,,0,,,,,,,,,
1316,Internal,48.5,130.0,72303,50,17.7,15.1,70.0,227.0,317.0,0.0,50.5,72,0,0,0,0,0,87,0,0,0,19,0,0,0,0,0,0,2,553,147,300,937,17,184,0,,,,,,,,,
1317,Internal,198.5,404.5,28281,50,9.6,2.5,41.0,28.0,7.5,0.0,1.0,29,0,0,0,0,0,12,0,0,0,0,0,0,0,0,0,0,2,553,147,300,213,1158,6,0,,,,,,,,,
1318,Internal,336.5,910.0,72303,50,17.7,15.1,10.0,75.5,17.5,3.0,3.5,80,0,0,0,0,0,222,0,5,0,0,0,0,0,0,0,0,0,0,0,0,,,,0,,,,,,,,,
1319,Internal,148.5,277.5,72303,50,17.7,15.1,4.0,14.5,42.5,4.0,1.0,72,0,0,0,0,0,87,0,0,0,0,0,0,0,0,0,0,0,0,0,0,,,,0,,,,,,,,,
1320,Internal,187.0,533.0,77109,48,20.2,23.0,0.0,3.0,6.0,0.0,3.0,36,0,0,0,0,0,38,0,5,0,0,0,0,0,0,0,0,0,0,0,0,,,,0,,,,,,,,,
1321,Internal,288.5,758.0,77109,48,20.2,23.0,3.0,4.0,17.0,0.0,0.0,36,0,0,0,0,0,61,0,9,0,0,0,0,0,0,0,0,0,0,0,0,,,,0,,,,,,,,,
1322,Internal,264.5,517.5,77109,48,20.2,23.0,21.0,39.0,258.5,35.5,11.0,3,0,0,0,0,0,321,0,5,0,0,0,0,0,0,0,0,0,0,0,0,,,,0,,,,,,,,,
1323,Internal,1091.5,2144.0,44444,51,10.0,12.4,0.0,178.5,165.0,0.0,9.5,51,0,0,0,0,0,260,0,17,0,0,0,0,1411,0,0,0,0,0,0,0,,,,0,,,,,,,,,
1324,Internal,497.5,848.5,122361,48,24.1,13.6,9.0,96.0,288.0,182.0,159.0,29,0,0,0,0,0,73,0,0,0,0,0,0,0,0,0,0,0,0,0,0,,,,0,,,,,,,,,
1325,Internal,150.5,450.5,122361,48,24.1,13.6,24.0,15.5,75.0,0.0,43.5,15,0,0,0,0,0,61,0,0,0,0,0,0,0,0,0,0,0,0,0,0,,,,0,,,,,,,,,
1326,Internal,130.5,345.5,122361,48,24.1,13.6,13.0,29.0,14.0,0.0,0.0,36,0,0,0,0,0,38,0,0,0,0,0,0,0,0,0,0,0,0,0,0,,,,0,,,,,,,,,
1327,Internal,561.5,1095.0,77109,48,20.2,23.0,24.0,314.0,630.0,77.0,58.5,51,0,0,0,0,0,878,0,0,0,0,0,0,0,0,0,0,0,0,0,0,,,,0,,,,,,,,,
1328,Internal,356.0,891.5,91518,51,12.5,15.9,1.0,13.0,43.0,0.0,23.0,25,0,0,0,0,0,38,0,0,0,0,0,0,0,0,0,0,0,0,0,0,,,,0,,,,,,,,,
1329,Internal,494.0,1040.0,91518,51,12.5,15.9,12.0,121.0,18.5,6.0,11.5,11,0,0,0,0,0,210,0,5,0,0,0,0,0,0,0,0,0,0,0,0,,,,0,,,,,,,,,
1330,Internal,352.0,835.5,70583,51,33.1,10.2,5.0,9.0,14.0,7.0,1.0,34,0,0,0,0,0,111,0,5,0,0,0,0,0,0,0,0,0,0,0,0,,,,0,,,,,,,,,
1331,Internal,60.0,215.0,70583,51,33.1,10.2,0.0,0.0,2.0,0.0,0.0,41,0,0,0,0,0,12,0,0,0,0,0,0,0,0,0,0,0,0,0,0,,,,0,,,,,,,,,
1332,Internal,173.0,401.0,70583,51,33.1,10.2,0.0,180.5,100.5,48.5,13.0,41,0,0,0,0,0,12,0,5,0,0,0,0,0,0,0,0,0,0,0,0,,,,0,,,,,,,,,
1333,Internal,142.5,386.0,70583,51,33.1,10.2,1.0,110.5,1.5,0.0,3.5,50,0,0,0,0,0,24,0,0,0,0,0,0,0,0,0,0,0,0,0,0,,,,0,,,,,,,,,
1334,Internal,538.0,1115.5,70583,51,33.1,10.2,2.0,90.5,118.5,19.5,8.0,41,0,0,0,0,0,388,0,5,0,0,0,0,0,0,0,0,0,0,0,0,,,,0,,,,,,,,,
1335,Internal,104.5,276.5,70583,51,33.1,10.2,32.0,216.0,388.0,0.0,11.0,91,0,0,0,0,0,61,0,0,0,0,0,0,0,0,0,0,0,0,0,0,,,,0,,,,,,,,,
1336,Internal,68.5,220.5,70583,51,33.1,10.2,0.0,5.0,18.0,0.0,0.0,41,0,0,0,0,0,0,0,0,0,0,0,0,0,0,0,0,0,0,0,0,,,,0,,,,,,,,,
1337,Internal,467.0,962.0,73200,48,29.6,14.7,1.0,194.0,499.0,39.5,41.0,0,0,0,0,0,0,87,0,5,0,0,0,0,554,0,0,0,0,0,0,0,,,,0,,,,,,,,,
1338,Internal,4.5,8.0,73200,48,29.6,14.7,9.0,160.5,161.5,126.5,50.0,35,0,0,0,0,0,0,0,0,0,0,0,0,0,0,0,0,0,0,0,0,,,,0,,,,,,,,,
1339,Internal,685.5,1630.0,73200,48,29.6,14.7,6.0,83.5,188.0,49.5,17.5,38,0,0,0,0,0,446,0,13,0,0,0,0,0,0,0,0,0,0,0,0,,,,0,,,,,,,,,
1340,Internal,73.5,155.0,73200,48,29.6,14.7,0.0,996.5,737.5,138.5,179.0,31,0,0,0,0,0,0,0,0,0,0,0,0,0,0,0,0,0,0,0,0,,,,0,,,,,,,,,
1341,Internal,181.0,316.0,73200,48,29.6,14.7,15.0,8.0,34.0,0.0,62.0,31,0,0,0,0,0,12,0,0,0,0,0,0,0,0,0,0,0,0,0,0,,,,0,,,,,,,,,
1342,Internal,813.5,1537.5,73200,48,29.6,14.7,73.0,238.5,1064.5,40.0,296.0,51,0,0,0,0,0,0,0,0,0,0,0,0,0,0,0,0,0,0,0,0,,,,0,,,,,,,,,
1343,Internal,159.0,456.0,73200,48,29.6,14.7,6.0,14.0,4.0,0.0,0.0,31,0,0,0,0,0,61,0,0,0,0,0,0,0,0,0,0,0,0,0,0,,,,0,,,,,,,,,
1344,Internal,516.5,923.5,41088,48,23.8,4.4,82.0,259.0,1300.5,178.5,243.5,42,0,0,0,0,0,143,0,12,0,0,0,0,0,0,0,0,0,0,0,0,,,,0,,,,,,,,,
1345,Internal,21.0,40.0,41088,48,23.8,4.4,16.0,269.5,150.0,92.0,748.0,20,0,0,0,0,0,0,0,0,0,0,0,0,0,0,0,0,0,0,0,0,,,,0,,,,,,,,,
1346,Internal,287.5,542.0,41088,48,23.8,4.4,91.0,34.5,1010.0,33.0,1042.0,27,0,0,0,0,0,12,0,5,0,0,0,0,0,0,0,0,0,0,0,0,,,,0,,,,,,,,,
1347,Internal,960.5,1784.0,59798,48,18.2,12.7,5.0,256.0,1097.0,91.5,252.0,21,0,0,0,0,0,557,0,17,0,0,0,0,0,0,0,0,0,0,0,0,,,,0,,,,,,,,,
1348,Internal,409.5,1195.5,59798,48,18.2,12.7,0.0,54.0,178.5,46.0,5.5,44,0,0,0,0,0,111,0,0,0,0,0,0,566,0,0,0,0,0,0,0,,,,0,,,,,,,,,
1349,Internal,124.0,236.5,59798,48,18.2,12.7,10.0,136.5,559.0,40.0,232.5,31,0,0,0,0,0,38,0,0,0,0,0,0,0,0,0,0,0,0,0,0,,,,0,,,,,,,,,
1350,Internal,251.0,590.0,59798,48,18.2,12.7,0.0,24.5,98.5,20.0,0.5,31,0,0,0,0,0,297,0,0,0,0,0,0,0,0,0,0,0,0,0,0,,,,0,,,,,,,,,
1351,Internal,90.0,343.0,41088,48,23.8,4.4,0.0,8.0,21.0,18.0,33.0,15,0,0,0,0,0,73,0,0,0,0,0,0,0,0,0,0,0,0,0,0,,,,0,,,,,,,,,
1352,Internal,350.0,951.0,89750,48,24.8,17.0,1.0,9.0,20.0,0.0,0.0,40,0,0,0,0,0,99,0,5,0,0,0,0,0,0,0,0,0,0,0,0,,,,0,,,,,,,,,
1353,Internal,163.5,518.0,89750,48,24.8,17.0,2.0,19.0,62.0,0.0,13.0,26,0,0,0,0,0,38,0,0,0,0,0,0,0,0,0,0,0,0,0,0,,,,0,,,,,,,,,
1354,Internal,514.5,973.5,89750,48,24.8,17.0,6.0,23.0,292.5,50.0,33.0,73,0,0,0,0,0,24,0,9,0,0,0,0,0,0,0,0,0,0,0,0,,,,0,,,,,,,,,
1355,Internal,170.0,525.0,114375,45,18.9,18.7,3.0,227.0,139.0,8.0,21.5,62,0,0,0,0,0,149,0,0,0,0,0,0,0,0,0,0,0,0,0,0,,,,0,,,,,,,,,
1356,Internal,5.0,22.5,114375,45,18.9,18.7,0.0,0.0,60.0,0.0,0.0,62,0,0,0,0,0,0,0,0,0,0,0,0,0,0,0,0,0,0,0,0,,,,0,,,,,,,,,
1357,Internal,161.0,251.0,114375,45,18.9,18.7,24.0,123.5,379.5,42.5,117.0,44,0,0,0,0,0,222,0,0,0,0,0,0,0,0,0,0,0,0,0,0,,,,0,,,,,,,,,
1358,Internal,93.0,177.0,114375,45,18.9,18.7,0.0,46.0,376.0,119.0,178.0,62,0,0,0,0,0,0,0,0,0,0,0,0,607,0,0,0,0,0,0,0,,,,0,,,,,,,,,
1359,Internal,69.0,130.0,114375,45,18.9,18.7,15.0,411.0,373.5,126.5,8.0,0,0,0,0,0,0,0,0,0,0,0,0,0,0,0,0,0,0,0,0,0,,,,0,,,,,,,,,
1360,Internal,21.0,38.5,114375,45,18.9,18.7,62.0,81.5,266.0,12.0,2.0,34,0,0,0,0,0,12,0,0,0,0,0,0,0,0,0,0,0,0,0,0,,,,0,,,,,,,,,
1361,Internal,28.5,83.0,114375,45,18.9,18.7,0.0,17.0,21.5,31.0,0.0,62,0,0,0,0,0,12,0,0,0,0,0,0,0,0,0,0,0,0,0,0,,,,0,,,,,,,,,
1362,Internal,135.0,334.5,79583,45,33.7,18.7,17.0,13.5,31.0,0.0,22.0,62,0,0,0,0,0,38,0,0,0,0,0,0,0,0,0,0,0,0,0,0,,,,0,,,,,,,,,
1363,Internal,23.5,55.5,114375,45,18.9,18.7,0.0,9.0,15.0,0.0,0.0,0,0,0,0,0,0,0,0,0,0,0,0,0,9,0,0,0,0,0,0,0,,,,0,,,,,,,,,
1364,Internal,543.0,1393.5,114375,45,18.9,18.7,21.5,59.0,59.5,1.0,13.5,14,0,0,0,0,0,347,0,0,0,0,0,0,0,0,0,0,0,0,0,0,,,,0,,,,,,,,,
1365,Internal,28.5,53.5,114375,45,18.9,18.7,0.0,70.5,110.5,12.0,1.5,68,0,0,0,0,0,0,0,0,0,0,0,0,0,0,0,0,0,0,0,0,,,,0,,,,,,,,,
1366,Internal,145.5,233.5,114375,45,18.9,18.7,0.0,255.5,216.0,201.0,0.0,62,0,0,0,0,0,210,0,0,0,0,0,0,0,0,0,0,2,120,120,0,1075,1075,0,1,,,,,,,,,
1367,Internal,120.5,320.0,28220,48,9.4,22.3,1.0,2.0,4.0,0.0,0.0,54,0,0,0,0,0,61,0,0,0,0,0,0,0,0,0,0,0,0,0,0,,,,0,,,,,,,,,
1368,Internal,1178.5,2457.5,79583,45,33.7,18.7,158.0,86.5,10.5,1.0,47.5,52,0,0,0,0,0,61,0,0,0,0,0,0,0,0,0,0,0,0,0,0,,,,0,,,,,,,,,
1369,Internal,286.5,673.0,96171,48,33.3,8.9,4.0,5.0,3.0,0.0,5.0,49,0,0,0,0,0,73,0,0,0,0,0,0,0,0,0,0,0,0,0,0,,,,0,,,,,,,,,
1370,Internal,486.0,1035.5,28220,48,9.4,22.3,4.0,268.0,63.0,10.0,0.0,36,0,0,0,0,0,99,0,0,0,0,0,0,772,0,0,0,0,0,0,0,,,,0,,,,,,,,,
1371,Internal,35.0,114.0,178864,48,34.2,6.8,0.0,88.0,0.0,0.0,0.0,51,0,0,0,0,0,32,0,0,0,0,0,0,921,0,0,0,0,0,0,0,,,,0,,,,,,,,,
1372,Internal,348.0,1008.5,178864,48,34.2,6.8,4.0,17.5,15.0,10.0,54.0,63,0,0,0,0,0,172,0,0,0,0,0,0,0,0,0,0,0,0,0,0,,,,0,,,,,,,,,
1373,Internal,790.0,1722.0,96171,48,33.3,8.9,11.0,498.5,396.0,46.5,235.5,57,0,0,0,0,0,436,0,0,0,0,0,0,592,0,0,0,0,0,0,0,,,,0,,,,,,,,,
1374,Internal,38.5,137.5,79583,45,33.7,18.7,0.0,0.0,0.0,0.0,1.0,62,0,0,0,0,0,12,0,0,0,0,0,0,0,0,0,0,0,0,0,0,,,,0,,,,,,,,,
1375,Internal,219.5,568.0,72827,44,26.1,17.9,2.0,3.0,0.0,1.0,0.0,30,0,0,0,0,0,0,0,0,0,0,0,0,0,0,0,0,0,0,0,0,,,,0,,,,,,,,,
1376,Internal,31.0,76.0,79737,50,20.3,19.5,0.0,0.0,0.0,0.0,0.0,35,0,0,0,0,0,0,0,0,0,0,0,0,0,0,0,0,0,0,0,0,,,,0,,,,,,,,,
1377,Internal,72.0,200.0,72827,44,26.1,17.9,0.0,0.0,3.0,0.0,0.0,37,0,0,0,0,0,0,0,0,0,0,0,0,0,0,0,0,0,0,0,0,,,,0,,,,,,,,,
1378,Internal,307.0,776.5,67500,49,19.6,16.3,13.0,18.0,12.0,0.0,0.0,21,0,0,0,0,0,0,0,0,0,0,0,0,0,0,0,0,0,0,0,0,,,,0,,,,,,,,,
1379,Internal,318.5,797.0,63677,45,22.8,9.8,6.0,5.0,4.0,0.0,3.0,33,0,0,0,0,0,0,0,0,0,0,0,0,0,0,0,0,0,0,0,0,,,,0,,,,,,,,,
1380,Internal,273.5,678.0,55982,45,25.6,9.6,883.0,73.0,3.5,0.0,5.0,58,0,0,0,0,0,0,0,0,0,0,0,0,0,0,0,0,0,0,0,0,,,,0,,,,,,,,,
1381,Internal,676.5,1896.5,72827,44,26.1,17.9,704.5,7.0,122.0,0.0,97.0,19,0,0,0,0,0,0,0,0,0,0,0,0,0,0,0,0,0,0,0,0,,,,0,,,,,,,,,
1382,Internal,98.5,334.0,56250,45,27.2,12.9,24.0,0.0,3.5,13.0,0.0,18,0,0,0,0,0,0,0,0,0,0,0,0,0,0,0,0,0,0,0,0,,,,0,,,,,,,,,
1383,Internal,323.0,786.5,56250,45,27.2,12.9,0.0,0.0,1.0,9.0,9.0,55,0,0,0,0,0,0,0,0,0,0,0,0,0,0,0,0,0,0,0,0,,,,0,,,,,,,,,
1384,Internal,198.5,540.5,63677,45,22.8,9.8,0.0,1.0,3.0,0.0,0.0,100,0,0,0,0,0,0,0,0,0,0,0,0,0,0,0,0,0,0,0,0,,,,0,,,,,,,,,
1385,Internal,607.0,1426.5,56250,45,27.2,12.9,4.0,3.0,20.0,13.0,48.0,14,0,0,0,0,0,0,0,0,0,0,0,0,0,0,0,0,0,0,0,0,,,,0,,,,,,,,,
1386,Internal,46.0,93.5,55982,45,25.6,9.6,913.5,11.0,15.5,0.0,16.0,67,0,0,0,0,0,0,0,0,0,0,0,0,0,0,0,0,0,0,0,0,,,,0,,,,,,,,,
1387,Internal,173.0,409.0,67500,49,19.6,16.3,2.0,5.0,7.0,0.0,1.0,25,0,0,0,0,0,0,0,0,0,0,0,0,0,0,0,0,0,0,0,0,,,,0,,,,,,,,,
1388,Internal,106.0,247.0,69667,49,17.3,16.0,6.0,3.0,8.0,0.0,0.0,25,0,0,0,0,0,0,0,0,0,0,0,0,0,0,0,0,0,0,0,0,,,,0,,,,,,,,,
1389,Internal,405.5,1178.0,95462,47,32.2,15.6,0.0,0.0,10.0,3.0,128.0,35,0,0,0,0,0,0,0,0,0,0,0,0,0,0,0,0,0,0,0,0,,,,0,,,,,,,,,
1390,Internal,441.5,1011.0,69653,47,22.3,15.0,4.0,299.0,230.0,43.0,94.0,24,0,0,0,0,0,0,0,0,0,0,0,0,1226,0,0,0,8,267,0,150,154,0,280,0,,,,,,,,,
1391,Internal,507.5,1140.0,57955,47,6.2,17.6,85.0,27.0,240.5,178.0,151.0,17,0,0,0,0,0,0,0,0,0,0,0,0,44,0,0,0,0,0,0,0,,,,0,,,,,,,,,
1392,Internal,107.0,296.5,42232,45,17.0,12.4,0.0,36.0,39.5,3.0,0.0,55,0,0,0,0,0,0,0,0,0,0,0,0,0,0,0,0,0,0,0,0,,,,0,,,,,,,,,
1393,Internal,212.5,495.5,56250,45,27.2,12.9,5.0,43.0,2.0,0.0,4.0,11,0,0,0,0,0,0,0,0,0,0,0,0,0,0,0,0,0,0,0,0,,,,0,,,,,,,,,
1394,Internal,409.5,999.5,54864,44,28.5,7.2,1.5,17.0,24.0,27.0,0.0,62,0,0,0,0,0,18,0,0,0,0,0,0,0,0,0,0,0,0,0,0,,,,0,,,,,,,,,
1395,Internal,283.5,472.5,98092,46,22.8,28.0,6.0,0.0,581.0,0.0,20.0,28,0,0,0,0,0,67,0,0,0,0,0,0,0,0,0,0,0,0,0,0,,,,0,,,,,,,,,
1396,Internal,372.5,942.5,133401,46,29.2,7.4,19.0,565.5,136.5,179.5,27.0,32,0,0,0,0,0,119,0,0,0,0,0,0,0,0,0,0,0,0,0,0,,,,0,,,,,,,,,
1397,Internal,66.5,126.5,64447,46,29.7,10.9,22.0,1259.0,1801.0,92.0,292.5,49,0,0,0,0,0,0,0,0,0,0,0,0,0,0,0,0,0,0,0,0,,,,0,,,,,,,,,
1398,Internal,166.5,359.5,21100,50,2.5,2.7,22.0,160.5,328.5,5.5,126.5,0,0,0,0,0,0,91,0,0,0,0,0,0,0,0,0,0,0,0,0,0,,,,0,,,,,,,,,
1399,Internal,319.5,1042.5,178864,48,34.2,6.8,4.0,69.0,8.0,7.0,0.0,75,0,0,0,0,0,277,0,0,0,0,0,0,0,0,0,0,0,0,0,0,,,,0,,,,,,,,,
1400,Internal,195.5,382.5,36151,55,21.0,6.9,235.0,293.0,1080.0,214.0,353.0,65,0,0,0,0,0,0,0,0,0,0,0,0,0,0,0,0,0,0,0,0,,,,0,,,,,,,,,
1401,Internal,396.0,756.5,36151,55,21.0,6.9,403.0,314.5,1235.5,298.0,160.0,57,0,0,0,0,0,0,0,0,0,0,0,0,0,0,0,0,0,0,0,0,,,,0,,,,,,,,,
1402,Internal,51.5,132.0,36151,55,21.0,6.9,32.0,118.0,180.0,24.5,296.0,19,0,0,0,0,0,0,0,0,0,0,0,0,238,0,0,0,0,0,0,0,,,,0,,,,,,,,,
1403,Internal,189.5,414.0,36151,55,21.0,6.9,130.0,191.0,741.0,196.0,346.0,32,0,0,0,0,0,0,0,0,0,0,0,0,563,0,181,0,0,0,0,0,,,,0,,,,,,,,,
1404,Internal,79.0,203.0,36151,55,21.0,6.9,173.0,831.5,181.0,6.0,8.0,65,0,0,0,0,0,0,0,0,0,0,0,0,0,0,0,0,0,0,0,0,,,,0,,,,,,,,,
1405,Internal,1039.5,2370.0,81641,55,23.7,3.1,15.0,445.0,1160.5,238.5,764.5,33,0,0,0,0,0,0,0,0,0,0,0,0,0,0,0,0,0,0,0,0,,,,0,,,,,,,,,
1406,Internal,664.5,1831.5,39000,46,34.5,17.2,0.0,39.5,102.5,0.5,2.0,31,0,0,0,0,0,0,0,0,0,0,0,0,0,0,0,0,0,0,0,0,,,,0,,,,,,,,,
1407,Internal,284.5,799.0,52566,42,28.7,17.9,553.5,103.0,28.0,0.0,24.0,68,0,0,0,0,0,0,0,0,0,0,0,0,0,0,0,0,0,0,0,0,,,,0,,,,,,,,,
1408,Internal,459.0,1131.0,50053,48,26.2,10.1,0.0,27.5,129.5,0.0,3.0,22,0,0,0,0,0,0,0,0,0,0,0,0,0,0,0,0,0,0,0,0,,,,0,,,,,,,,,
1409,Internal,841.0,1697.0,65568,44,23.7,20.2,0.0,19.5,312.5,84.0,886.0,13,0,0,0,0,0,0,0,0,0,0,0,0,0,0,0,0,0,0,0,0,,,,0,,,,,,,,,
1410,Internal,351.0,852.5,65568,44,23.7,20.2,1.0,199.0,550.5,14.0,331.0,10,0,0,0,0,0,0,0,0,0,0,0,0,0,0,0,0,0,0,0,0,,,,0,,,,,,,,,
1411,Internal,423.5,1261.0,72075,45,24.2,15.0,1.0,8.0,36.5,16.0,0.0,50,0,0,0,0,0,0,0,0,0,0,0,0,0,0,0,0,0,0,0,0,,,,0,,,,,,,,,
1412,Internal,759.5,2192.5,80094,45,31.6,16.5,0.0,0.0,73.5,0.0,0.0,32,0,0,0,0,0,0,0,0,0,0,0,0,0,0,0,0,0,0,0,0,,,,0,,,,,,,,,
1413,Internal,128.0,393.0,125080,51,22.6,11.1,5.0,13.0,64.5,0.0,0.0,15,0,0,0,0,0,0,0,0,0,0,0,0,0,0,0,0,0,0,0,0,,,,0,,,,,,,,,
1414,Internal,684.5,1970.0,82731,52,24.0,17.4,4.0,297.0,494.0,8.0,3.5,47,0,0,0,0,0,0,0,0,0,0,0,0,263,0,0,0,0,0,0,0,,,,0,,,,,,,,,
1415,Internal,305.5,887.0,83947,51,31.4,6.5,182.0,144.5,211.5,18.0,28.0,29,0,0,0,0,0,0,0,0,0,0,0,0,0,0,0,0,0,0,0,0,,,,0,,,,,,,,,
1416,Internal,606.0,1695.5,78750,45,24.8,12.7,17.0,145.5,191.0,17.0,327.0,20,0,0,0,0,0,0,0,0,0,0,0,0,0,0,0,0,0,0,0,0,,,,0,,,,,,,,,
1417,Internal,34.5,110.5,90436,46,31.5,7.5,0.0,243.5,9.5,0.0,0.0,44,0,0,0,0,0,0,0,0,0,0,0,0,7386,0,0,0,0,0,0,0,,,,0,,,,,,,,,
1418,Internal,91.0,172.0,85694,69,6.4,13.1,0.0,653.5,256.5,162.5,70.0,46,0,0,0,0,0,0,0,0,0,0,0,0,0,0,0,0,7,625,0,563,500,0,371,0,,,,,,,,,
1419,Internal,965.5,1771.0,85694,69,6.4,13.1,144.0,3502.5,962.5,1712.5,589.0,56,0,0,0,0,27,0,0,0,0,0,0,0,0,0,0,0,7,625,0,563,1625,0,682,0,,,,,,,,,
1420,Internal,300.5,568.5,85694,69,6.4,13.1,4.0,3351.0,770.5,496.0,326.5,24,0,0,0,0,0,0,0,0,0,0,0,0,0,0,0,0,7,100,0,300,3234,0,29,0,,,,,,,,,
1421,Internal,1552.0,2660.0,85694,69,6.4,13.1,43.0,2270.5,1764.5,1399.0,1064.5,48,0,0,0,0,60,0,0,0,0,0,0,0,688,0,0,0,7,625,0,563,331,0,485,0,,,,,,,,,
1422,Internal,163.0,315.5,85694,69,6.4,13.1,68.0,2361.0,764.5,292.0,150.5,36,0,0,0,0,0,0,0,0,0,0,0,0,342,0,613,0,7,100,0,300,121,0,54,0,,,,,,,,,
1423,Internal,703.5,1281.0,85694,69,6.4,13.1,42.0,3408.0,1079.0,844.0,682.5,45,0,0,0,0,27,0,0,0,0,0,0,0,0,0,0,0,7,625,0,563,512,0,674,0,,,,,,,,,
1424,Internal,2556.0,4521.0,85694,69,6.4,13.1,182.0,3026.5,1145.0,1242.0,1061.5,36,0,0,0,0,33,0,0,0,0,0,0,0,0,0,0,0,7,625,0,563,201,0,357,0,,,,,,,,,
1425,Internal,63.0,120.5,85694,69,6.4,13.1,3.0,2810.5,492.0,259.5,52.5,22,0,0,0,0,0,0,0,0,0,0,0,0,0,0,0,0,7,100,0,300,1480,0,95,0,,,,,,,,,
1426,Internal,13.5,25.0,85694,69,6.4,13.1,0.0,878.5,151.5,893.0,39.0,44,0,0,0,0,0,0,0,0,0,0,0,0,0,0,0,0,7,100,0,300,670,0,140,0,,,,,,,,,
1427,Internal,382.0,836.0,85694,69,6.4,13.1,2.0,275.5,255.0,141.0,117.5,53,0,0,0,0,20,0,0,0,0,0,0,0,0,0,0,0,7,0,0,300,0,0,26,0,,,,,,,,,
1428,Internal,229.0,413.0,85694,69,6.4,13.1,22.0,2583.5,220.5,201.5,94.5,37,0,0,0,0,7,0,0,0,0,0,0,0,0,0,0,0,7,100,0,300,633,0,462,0,,,,,,,,,
1429,Internal,175.5,341.0,85694,69,6.4,13.1,21.0,348.5,408.0,185.0,387.0,37,0,0,0,0,0,0,0,0,0,0,0,0,0,0,0,0,7,625,0,563,1221,0,536,0,,,,,,,,,
1430,Internal,515.0,933.5,85694,69,6.4,13.1,25.0,1457.5,380.5,297.5,240.5,90,0,0,0,0,0,0,0,0,0,0,0,0,0,0,0,0,7,625,0,563,3182,0,308,0,,,,,,,,,
1431,Internal,808.5,1539.0,85694,69,6.4,13.1,39.0,2031.5,869.5,828.0,650.0,29,0,0,0,0,7,0,0,0,0,0,0,0,935,0,0,0,7,625,0,563,96,0,278,0,,,,,,,,,
1432,Internal,74.5,124.5,85694,69,6.4,13.1,2054.0,3526.5,540.5,506.0,299.0,72,0,0,0,0,7,0,0,0,0,0,0,0,0,0,0,0,7,625,0,563,900,0,1086,0,,,,,,,,,
1433,Internal,59.0,124.5,85694,69,6.4,13.1,48.0,1683.0,1344.5,635.5,393.5,55,0,0,0,0,0,0,0,0,0,0,0,0,0,0,0,0,7,625,0,563,495,0,384,0,,,,,,,,,
1434,Internal,81.0,154.0,85694,69,6.4,13.1,404.0,1057.0,235.5,299.5,154.0,63,0,0,0,0,0,0,0,0,0,0,0,0,0,0,0,0,7,625,0,563,303,0,98,0,,,,,,,,,
1435,Internal,745.0,1035.0,85694,69,6.4,13.1,170.0,1584.5,326.0,422.5,116.0,62,0,0,0,0,113,0,0,0,0,0,0,0,0,0,0,0,7,625,0,563,1007,0,771,0,,,,,,,,,
1436,Internal,380.5,635.5,85694,69,6.4,13.1,24.0,443.5,284.5,339.5,128.5,41,0,0,0,0,40,0,0,0,0,0,0,0,0,0,0,0,7,625,0,563,358,0,155,0,,,,,,,,,
1437,Internal,443.0,735.5,85694,69,6.4,13.1,6.0,706.0,357.0,462.0,99.5,56,0,0,0,0,73,0,0,0,0,0,0,0,0,0,0,0,7,100,0,300,509,0,123,0,,,,,,,,,
1438,Internal,87.5,165.5,85694,69,6.4,13.1,32.0,6962.5,228.0,252.0,100.5,54,0,0,0,0,0,0,0,0,0,0,0,0,0,0,0,0,7,100,0,0,1030,0,0,0,,,,,,,,,
1439,Internal,376.0,815.5,63977,63,12.3,11.5,11.0,51.5,277.0,8.5,78.5,53,0,0,0,0,0,0,0,0,0,0,0,0,0,0,0,0,0,0,0,0,,,,0,,,,,,,,,
1440,Internal,825.0,1457.5,63977,63,12.3,11.5,28.0,311.0,329.5,80.0,66.5,38,0,0,0,0,113,0,0,0,0,0,0,0,1334,0,0,0,7,0,0,300,0,0,49,0,,,,,,,,,
1441,Internal,984.0,1743.5,41625,63,2.5,31.7,58.0,1394.5,1305.0,816.0,653.5,40,0,0,0,0,33,0,0,0,0,0,0,0,0,0,0,0,7,625,0,563,684,0,479,0,,,,,,,,,
1442,Internal,1745.0,2594.0,41625,63,2.5,31.7,79.0,1188.5,877.5,433.5,823.5,27,0,0,0,0,198,0,0,0,0,0,0,0,0,0,0,0,7,625,0,563,991,0,679,0,,,,,,,,,
1443,Internal,687.5,1290.0,103173,66,15.0,6.1,593.0,2052.0,825.0,802.5,485.5,40,0,0,0,0,13,0,0,0,0,0,0,0,0,0,0,0,0,0,0,0,,,,0,,,,,,,,,
1444,Internal,171.5,345.0,103173,66,15.0,6.1,167.0,168.5,1155.0,135.5,96.5,40,0,0,0,0,0,0,0,0,0,0,0,0,0,0,0,0,0,0,0,0,,,,0,,,,,,,,,
1445,Internal,2318.0,4633.0,36875,66,15.4,19.7,91.0,1785.0,1427.5,1449.5,640.5,32,0,0,0,0,13,0,0,0,0,0,0,0,0,462,266,0,7,0,0,300,0,0,51,0,,,,,,,,,
1446,Internal,253.5,521.0,44050,59,13.2,12.1,267.0,54.0,914.0,94.0,77.5,37,0,0,0,0,0,0,0,0,0,0,0,0,0,0,0,0,0,0,0,0,,,,0,,,,,,,,,
1447,Internal,617.0,1532.5,44050,59,13.2,12.1,147.0,238.0,559.0,29.5,44.0,35,0,0,0,0,0,0,0,0,0,0,0,0,2885,0,0,0,0,0,0,0,,,,0,,,,,,,,,
1448,Internal,790.5,1964.0,67250,59,21.0,3.0,28.0,142.5,194.5,27.0,26.5,16,0,0,0,0,0,0,0,0,0,0,0,0,702,0,0,0,0,0,0,0,,,,0,,,,,,,,,
1449,Internal,391.5,932.0,67250,59,21.0,3.0,0.0,44.5,70.5,34.0,37.0,33,0,0,0,0,0,0,0,0,0,0,0,0,0,0,0,0,0,0,0,0,,,,0,,,,,,,,,
1450,Internal,224.0,530.5,54028,59,15.6,11.7,8.0,6.5,6.0,5.0,6.0,19,0,0,0,0,7,0,0,0,0,0,0,0,0,0,0,0,0,0,0,0,,,,0,,,,,,,,,
1451,Internal,759.5,1698.5,54028,59,15.6,11.7,3.0,98.5,171.5,127.5,24.0,50,0,0,0,0,13,0,0,0,0,0,0,0,14,0,0,0,0,0,0,0,,,,0,,,,,,,,,
1452,Internal,496.0,1033.0,19375,45,34.0,17.6,9.0,79.0,112.5,443.0,2.0,33,0,0,0,0,0,0,0,0,0,0,0,0,187,767,0,0,0,0,0,0,,,,0,,,,,,,,,
1453,Internal,706.5,1591.0,37337,45,30.7,8.6,2.0,120.0,313.0,70.0,220.0,12,0,0,0,0,7,0,0,0,0,0,0,0,0,0,0,0,0,0,0,0,,,,0,,,,,,,,,
1454,Internal,388.0,873.0,47969,45,18.1,11.2,6.0,31.0,69.5,21.0,3.0,27,0,0,0,0,0,0,0,0,0,0,0,0,0,0,0,0,0,0,0,0,,,,0,,,,,,,,,
1455,Internal,337.5,746.0,47969,45,18.1,11.2,50.0,6.5,153.0,2.5,6.0,27,0,0,0,0,0,0,0,0,0,0,0,0,0,0,0,0,0,0,0,0,,,,0,,,,,,,,,
1456,Internal,670.5,1710.5,48646,43,15.5,18.4,71.0,93.0,266.5,90.5,113.0,10,0,0,0,0,0,0,0,0,0,0,0,0,0,0,0,0,0,0,0,0,,,,0,,,,,,,,,
1457,Internal,111.5,268.5,34329,43,40.4,5.7,8.0,95.0,36.0,0.0,0.0,50,0,0,0,0,7,0,0,0,0,0,0,0,988,0,0,0,0,0,0,0,,,,0,,,,,,,,,
1458,Internal,377.0,790.0,34329,43,40.4,5.7,6.0,891.0,128.0,26.5,36.0,36,0,0,0,0,0,0,0,0,0,0,0,0,0,0,0,0,0,0,0,0,,,,0,,,,,,,,,
1459,Internal,493.5,1203.5,28658,43,16.8,16.5,6.0,191.5,169.0,142.0,78.0,6,0,0,0,0,0,0,0,0,0,0,0,0,0,0,0,0,0,0,0,0,,,,0,,,,,,,,,
1460,Internal,237.0,479.5,28658,43,16.8,16.5,0.0,51.5,201.0,1.5,25.0,64,0,0,0,0,0,0,0,0,0,0,0,0,0,0,0,0,0,0,0,0,,,,0,,,,,,,,,
1461,Internal,177.0,274.5,28658,43,16.8,16.5,0.0,96.0,124.0,80.5,24.5,36,0,0,0,0,20,0,0,0,0,0,0,0,399,0,0,0,0,0,0,0,,,,0,,,,,,,,,
1462,Internal,18.5,60.5,27885,37,26.2,7.4,17.0,4.0,739.0,60.5,0.0,36,0,0,0,0,0,0,0,0,0,0,0,0,0,0,0,0,0,0,0,0,,,,0,,,,,,,,,
1463,Internal,131.0,360.0,27885,37,26.2,7.4,34.0,7.0,30.5,0.0,7.0,6,0,0,0,0,13,0,0,0,0,0,0,0,0,0,0,0,0,0,0,0,,,,0,,,,,,,,,
1464,Internal,726.5,1642.5,30072,37,35.0,8.0,17.0,131.5,65.5,1.0,7.5,42,0,0,0,0,7,0,0,0,0,0,0,0,1376,0,0,0,0,0,0,0,,,,0,,,,,,,,,
1465,Internal,105.5,240.5,30072,37,35.0,8.0,88.0,370.0,149.0,13.0,39.0,46,0,0,0,0,0,0,0,0,0,0,0,0,0,0,0,0,0,0,0,0,,,,0,,,,,,,,,
1466,Internal,480.5,1045.5,25398,37,25.0,11.3,0.0,114.5,19.0,88.0,0.0,33,0,0,0,0,7,0,0,0,0,0,0,0,1464,0,0,0,0,0,0,0,,,,0,,,,,,,,,
1467,Internal,1142.5,2176.0,50078,40,38.1,6.5,92.0,1755.5,1572.0,1202.0,549.5,52,0,0,0,0,0,0,0,0,0,0,0,0,0,302,494,0,7,625,0,563,375,0,2039,0,,,,,,,,,
1468,Internal,903.0,1860.5,50078,40,38.1,6.5,0.0,1491.5,801.5,304.0,636.5,37,0,0,0,0,0,0,0,0,0,0,0,0,0,0,0,0,7,625,0,563,125,0,125,0,,,,,,,,,
1469,Internal,223.5,474.0,41875,55,26.1,5.8,6.0,49.5,66.0,15.0,43.0,48,0,0,0,0,0,0,0,0,0,0,0,0,0,0,0,0,0,0,0,0,,,,0,,,,,,,,,
1470,Internal,164.0,387.0,50078,40,38.1,6.5,0.0,207.5,257.5,358.5,78.5,22,0,0,0,0,0,0,0,0,0,0,0,0,0,300,494,0,7,625,0,563,7,0,34,0,,,,,,,,,
1471,Internal,149.5,322.0,35150,40,27.2,7.3,0.0,116.0,122.5,78.5,32.0,42,0,0,0,0,0,0,0,0,0,0,0,0,0,0,0,0,0,0,0,0,,,,0,,,,,,,,,
1472,Internal,287.0,748.5,24688,40,21.5,12.8,0.0,37.0,20.0,2.5,7.0,42,0,0,0,0,0,0,0,0,0,0,0,0,0,0,0,0,0,0,0,0,,,,0,,,,,,,,,
1473,Internal,101.5,191.0,24688,40,21.5,12.8,5.0,4.0,7.0,3.0,0.5,42,0,0,0,0,0,0,0,0,0,0,0,0,0,0,0,0,0,0,0,0,,,,0,,,,,,,,,
1474,Internal,55.5,106.5,24688,40,21.5,12.8,0.0,9.5,15.0,22.0,6.0,42,0,0,0,0,0,0,0,0,0,0,0,0,0,0,0,0,0,0,0,0,,,,0,,,,,,,,,
1475,Internal,756.0,1321.5,35150,40,27.2,7.3,30.0,414.5,451.0,128.5,96.0,71,0,0,0,0,7,0,0,0,0,0,0,0,855,0,0,0,0,0,0,0,,,,0,,,,,,,,,
1476,Internal,213.0,512.0,35150,40,27.2,7.3,0.0,98.5,57.5,13.5,22.5,26,0,0,0,0,0,0,0,0,0,0,0,0,0,0,0,0,0,0,0,0,,,,0,,,,,,,,,
1477,Internal,1242.5,2186.0,53661,72,2.8,2.8,47.0,95.0,158.5,166.0,115.0,13,27,0,0,0,1212,0,0,0,0,0,0,0,0,0,0,0,0,0,0,0,,,,0,,,,,,,,,
1478,Internal,1205.0,2092.0,53661,72,2.8,2.8,41.0,992.5,805.5,478.0,414.5,47,0,0,0,0,178,0,0,0,0,0,0,0,0,0,0,0,7,625,0,563,982,0,562,0,,,,,,,,,
1479,Internal,826.0,1574.0,44500,72,11.1,8.0,63.0,1048.0,282.5,317.5,233.5,61,0,0,0,0,0,0,0,0,0,0,0,0,0,0,0,0,7,0,0,300,0,0,35,0,,,,,,,,,
1480,Internal,773.5,1642.0,44500,72,11.1,8.0,47.0,715.5,419.0,226.0,271.5,35,0,0,0,0,0,0,0,0,0,0,0,0,0,0,0,0,7,0,0,300,0,0,48,0,,,,,,,,,
1481,Internal,295.5,647.0,44500,72,11.1,8.0,7.0,268.0,79.5,94.0,34.5,42,0,0,0,0,7,0,0,0,0,0,0,0,0,0,0,0,0,0,0,0,,,,0,,,,,,,,,
1482,Internal,6.0,15.0,22361,82,2.5,3.2,0.0,1.5,82.5,477.5,0.5,28,0,0,0,0,0,0,0,0,0,0,0,0,0,0,0,0,0,0,0,0,,,,0,,,,,,,,,
1483,Internal,97.5,191.5,22361,82,2.5,3.2,5.0,15.5,18.5,106.0,0.0,28,0,0,0,0,80,0,0,0,0,0,0,0,0,0,0,0,0,0,0,0,,,,0,,,,,,,,,
1484,Internal,23.0,67.0,22361,82,2.5,3.2,0.0,326.0,1096.5,76.5,9.0,61,0,0,0,0,0,0,0,0,0,0,0,0,490,0,0,0,0,0,0,0,,,,0,,,,,,,,,
1485,Internal,537.5,1210.0,90436,46,31.5,7.5,13.0,40.5,522.5,43.5,477.0,10,0,0,0,0,0,0,0,0,0,0,0,0,0,0,0,0,0,0,0,0,,,,0,,,,,,,,,
1486,Internal,2.5,4.5,22361,82,25.0,11.0,20.0,2207.0,51.5,18.5,26.5,28,0,0,0,0,0,0,0,0,716,0,0,0,0,0,0,0,5,518,0,200,663,0,83,0,,,,,,,,,
1487,Internal,32.5,69.5,22361,82,25.0,11.0,26.0,297.0,66.0,20.0,19.5,28,351,0,0,0,0,0,0,0,109,0,0,0,0,0,0,0,5,203,0,200,254,0,9,0,,,,,,,,,
1488,Internal,372.0,1069.0,101164,46,29.3,10.0,0.0,0.0,3.0,0.0,0.0,0,0,0,0,0,0,0,0,0,0,0,0,0,929,0,0,0,0,0,0,0,,,,0,,,,,,,,,
1489,Internal,418.5,703.5,34563,40,23.0,7.0,0.0,36.0,212.0,16.0,64.5,17,284,0,0,0,7,0,0,0,28,0,0,0,0,0,0,0,5,192,106,0,12,389,0,0,,,,,,,,,
1490,Internal,591.0,1417.0,101164,46,29.3,10.0,509.0,150.5,145.5,14.0,96.0,49,0,0,0,0,0,0,0,0,0,0,0,0,1909,0,0,0,0,0,0,0,,,,0,,,,,,,,,
1491,Internal,891.5,2056.0,94474,52,26.1,8.2,3.0,657.5,2800.5,299.0,451.0,13,0,0,0,0,0,0,0,0,0,0,0,0,0,0,0,0,0,0,0,0,,,,0,,,,,,,,,
1492,Internal,364.5,741.5,82727,66,3.9,11.3,0.0,38.0,38.5,2.0,1.0,34,0,0,0,0,13,0,0,0,0,0,0,0,0,0,0,0,0,0,0,0,,,,0,,,,,,,,,
1493,Internal,707.0,1046.0,82727,66,3.9,11.3,9.0,765.5,640.5,75.0,131.5,61,0,0,0,0,278,0,0,0,0,0,0,0,0,0,0,0,0,0,0,0,,,,0,,,,,,,,,
1494,Internal,728.0,1296.0,50694,66,21.1,5.1,151.0,72.0,281.5,107.0,1151.0,17,0,0,0,0,185,0,0,0,0,0,0,0,0,0,0,0,0,0,0,0,,,,0,,,,,,,,,
1495,Internal,461.0,750.5,50694,66,21.1,5.1,4.0,217.5,102.5,2.0,0.0,45,0,0,0,0,140,0,0,0,0,0,0,0,3066,0,0,0,0,0,0,0,,,,0,,,,,,,,,
1496,Internal,302.5,751.0,50694,66,21.1,5.1,10.0,138.0,95.5,2.5,26.0,50,0,0,0,0,20,0,0,0,0,0,0,0,1024,0,0,0,0,0,0,0,,,,0,,,,,,,,,
1497,Internal,468.5,1007.0,68750,66,7.6,14.1,3.0,101.0,105.5,69.0,25.0,59,0,0,0,0,13,0,0,0,0,0,0,0,0,0,0,0,0,0,0,0,,,,0,,,,,,,,,
1498,Internal,693.0,1345.5,68750,66,7.6,14.1,26.0,407.5,352.0,95.0,441.5,18,329,0,0,0,774,0,0,0,0,0,0,0,0,0,0,0,5,192,0,200,248,0,211,0,,,,,,,,,
1499,Internal,144.5,337.0,97235,53,13.0,10.6,0.0,3.0,5.5,0.0,2.0,36,0,0,0,0,0,0,0,0,0,0,0,0,0,0,0,0,0,0,0,0,,,,0,,,,,,,,,
1500,Internal,302.0,719.5,97235,53,13.0,10.6,2.0,12.0,9.5,0.0,0.5,36,0,0,0,0,0,0,0,0,0,0,0,0,37,0,0,0,0,0,0,0,,,,0,,,,,,,,,
1501,Internal,551.0,1363.0,44973,53,6.8,6.9,4.0,103.0,93.0,4.5,77.0,29,0,0,0,0,127,0,0,0,3,0,0,0,451,0,0,0,5,203,0,0,177,0,0,0,,,,,,,,,
1502,Internal,381.5,802.5,52750,53,2.5,14.4,10.0,17.5,91.0,14.5,157.5,20,0,0,0,0,318,0,0,0,0,0,0,0,0,0,0,0,0,0,0,0,,,,0,,,,,,,,,
1503,Internal,77.5,148.0,52750,53,2.5,14.4,0.0,10.0,72.5,0.0,89.0,16,272,0,0,0,2226,0,0,0,0,0,0,0,0,0,0,0,5,140,101,0,225,1015,0,0,,,,,,,,,
1504,Internal,274.0,564.5,52750,53,2.5,14.4,125.0,73.5,151.0,20.0,185.5,28,600,0,0,0,703,0,0,0,0,0,0,0,0,0,0,0,0,0,0,0,,,,0,,,,,,,,,
1505,Internal,615.5,1319.0,82969,53,22.8,6.3,18.0,31.5,139.0,0.5,3.0,12,0,0,0,0,113,0,0,0,0,0,0,0,0,0,0,0,0,0,0,0,,,,0,,,,,,,,,
1506,Internal,405.0,987.5,77097,53,28.9,9.2,10.0,71.0,165.5,3.5,23.0,70,0,0,0,0,27,0,0,0,0,0,0,0,0,0,0,0,0,0,0,0,,,,0,,,,,,,,,
1507,Internal,577.0,1009.0,77097,53,28.9,9.2,0.0,0.0,8.0,0.0,0.0,36,0,0,0,0,0,0,0,0,0,0,0,0,0,0,0,0,0,0,0,0,,,,0,,,,,,,,,
1508,Internal,112.0,283.0,77097,53,28.9,9.2,0.0,10.0,68.5,1019.0,0.0,53,0,0,0,0,0,0,0,0,0,0,0,0,0,0,0,0,0,0,0,0,,,,0,,,,,,,,,
1509,Internal,941.0,2096.5,91771,51,14.5,25.6,15.0,312.0,901.0,0.5,38.0,71,0,0,0,0,33,0,0,0,0,0,0,0,0,0,0,0,0,0,0,0,,,,0,,,,,,,,,
1510,Internal,7.5,32.5,91771,51,14.5,25.6,0.0,28.0,213.5,270.0,80.0,19,0,0,0,0,0,0,0,0,0,0,0,0,0,0,0,0,0,0,0,0,,,,0,,,,,,,,,
1511,Internal,600.0,1734.0,157371,51,28.4,22.4,7.0,45.0,90.0,2.0,51.0,41,0,0,0,0,0,0,0,0,0,0,0,0,0,0,0,0,0,0,0,0,,,,0,,,,,,,,,
1512,Internal,312.5,840.5,157371,51,28.4,22.4,10.0,31.0,21.5,35.0,10.0,56,0,0,0,0,0,0,0,0,0,0,0,0,0,0,0,0,0,0,0,0,,,,0,,,,,,,,,
1513,Internal,383.5,1041.0,106172,55,22.3,14.0,11.0,32.0,197.5,0.5,55.0,38,0,0,0,0,7,0,0,0,0,0,0,0,1067,0,0,0,0,0,0,0,,,,0,,,,,,,,,
1514,Internal,424.5,1118.0,106172,55,22.3,14.0,0.0,43.0,75.0,7.5,442.0,18,0,0,0,0,7,0,0,0,0,0,0,0,0,0,0,0,0,0,0,0,,,,0,,,,,,,,,
1515,Internal,313.5,582.0,72303,55,17.7,24.7,1.0,66.0,103.5,0.5,12.0,34,0,0,0,0,47,0,0,0,0,0,0,0,0,0,0,0,0,0,0,0,,,,0,,,,,,,,,
1516,Internal,310.5,558.5,72303,55,17.7,24.7,0.0,116.5,14.0,102.0,0.0,45,0,0,0,0,73,0,0,0,0,0,0,0,1633,0,0,0,0,0,0,0,,,,0,,,,,,,,,
1517,Internal,885.5,1902.0,92656,54,13.3,17.4,17.0,138.0,165.5,1.5,180.0,31,0,0,0,0,20,0,0,0,0,0,0,0,1869,0,0,0,0,0,0,0,,,,0,,,,,,,,,
1518,Internal,458.5,1234.0,176111,54,27.4,26.2,175.0,240.5,303.0,50.5,50.0,47,0,0,0,0,0,0,0,0,0,0,0,0,0,0,0,0,0,0,0,0,,,,0,,,,,,,,,
1519,Internal,238.5,611.0,115833,54,21.5,16.7,2.0,47.5,108.0,0.0,6.0,56,0,0,0,0,0,0,0,0,0,0,0,0,0,0,0,0,0,0,0,0,,,,0,,,,,,,,,
1520,Internal,288.5,766.0,115833,54,21.5,16.7,10.0,1518.5,167.0,25.5,91.5,52,0,0,0,0,0,0,0,0,0,0,0,0,0,0,0,0,0,0,0,0,,,,0,,,,,,,,,
1521,Internal,178.5,386.0,115833,54,21.5,16.7,10.0,0.0,12.0,0.0,1.0,47,0,0,0,0,0,0,0,0,0,0,0,0,0,0,0,0,0,0,0,0,,,,0,,,,,,,,,
1522,Internal,378.0,1041.5,208375,54,33.1,10.2,8.0,1.0,13.5,0.0,0.0,47,0,0,0,0,0,0,0,0,0,0,0,0,0,0,0,0,0,0,0,0,,,,0,,,,,,,,,
1523,Internal,590.0,1433.5,150515,54,19.2,14.8,6.0,38.5,194.0,32.0,191.0,35,0,0,0,0,0,0,0,0,0,0,0,0,0,0,0,0,0,0,0,0,,,,0,,,,,,,,,
1524,Internal,218.5,643.0,160795,48,29.7,21.5,2.0,101.0,10.0,0.0,3.0,43,0,0,0,0,0,0,0,0,0,0,0,0,731,0,0,0,0,0,0,0,,,,0,,,,,,,,,
1525,Internal,242.5,678.0,160795,48,29.7,21.5,7.0,118.5,52.0,0.0,0.0,53,0,0,0,0,0,0,0,0,0,0,0,0,925,0,0,0,0,0,0,0,,,,0,,,,,,,,,
1526,Internal,350.0,951.5,191944,48,24.0,14.6,6.0,43.0,105.0,6.0,1.5,41,0,0,0,0,0,0,0,0,0,0,0,0,0,0,0,0,0,0,0,0,,,,0,,,,,,,,,
1527,Internal,358.0,956.0,191944,48,24.0,14.6,0.0,15.5,22.5,0.0,0.5,25,0,0,0,0,0,0,0,0,0,0,0,0,0,0,0,0,0,0,0,0,,,,0,,,,,,,,,
1528,Internal,961.5,2005.5,183750,48,23.9,22.4,135.0,1309.5,1062.5,78.5,87.0,43,0,0,0,0,0,0,0,0,0,0,0,0,0,0,0,0,0,0,0,0,,,,0,,,,,,,,,
1529,Internal,461.5,1063.5,183750,48,23.9,22.4,21.0,252.5,604.5,1.5,9.0,43,0,0,0,0,33,0,0,0,0,0,0,0,724,0,0,0,0,0,0,0,,,,0,,,,,,,,,
1530,Internal,40.0,81.5,183750,48,23.9,22.4,0.0,63.0,8.5,65.0,21.0,23,0,0,0,0,0,0,0,0,0,0,0,0,0,0,0,0,0,0,0,0,,,,0,,,,,,,,,
1531,Internal,698.0,1645.0,95735,56,17.5,9.8,30.0,19.5,121.0,0.5,3.0,31,0,0,0,0,7,0,0,0,0,0,0,0,0,0,0,0,0,0,0,0,,,,0,,,,,,,,,
1532,Internal,711.5,1358.5,95735,56,17.5,9.8,487.0,552.5,1113.5,52.0,246.5,49,0,0,0,0,0,0,0,0,0,0,0,0,0,0,0,0,0,0,0,0,,,,0,,,,,,,,,
1533,Internal,391.0,871.0,95735,56,17.5,9.8,269.0,287.5,587.5,80.5,121.0,37,0,0,0,0,7,0,0,0,0,0,0,0,0,0,0,0,0,0,0,0,,,,0,,,,,,,,,
1534,Internal,609.0,1500.0,136161,56,26.9,5.8,3.0,43.0,34.5,34.0,0.0,60,0,0,0,0,7,0,0,0,0,0,0,0,0,0,0,0,0,0,0,0,,,,0,,,,,,,,,
1535,Internal,265.0,689.5,136161,56,26.9,5.8,0.0,84.0,140.0,7.0,81.0,49,0,0,0,0,13,0,0,0,0,0,0,0,685,0,0,0,0,0,0,0,,,,0,,,,,,,,,
1536,Internal,866.0,1684.5,62312,56,11.4,22.4,12.0,131.0,620.5,211.5,116.5,31,0,0,0,0,13,0,0,0,0,0,0,0,1016,0,0,0,0,0,0,0,,,,0,,,,,,,,,
1537,Internal,213.0,450.5,62312,56,11.4,22.4,56.0,92.0,315.0,46.5,54.0,17,0,0,0,0,13,0,0,0,0,0,0,0,0,0,0,0,0,0,0,0,,,,0,,,,,,,,,
1538,Internal,821.5,1850.0,37950,40,23.4,13.2,7.0,3.5,62.5,5.0,88.0,5,0,0,0,0,7,0,0,0,0,0,0,0,0,0,0,0,0,0,0,0,,,,0,,,,,,,,,
1539,Internal,486.5,1200.5,37734,40,20.9,24.2,12.0,85.5,49.5,2.0,2.5,42,0,0,0,0,0,0,0,0,0,0,0,0,465,0,0,0,0,0,0,0,,,,0,,,,,,,,,
1540,Internal,66.0,123.0,61125,40,21.7,12.0,0.0,97.5,644.0,44.0,48.0,41,0,0,0,0,0,0,0,0,0,0,0,0,0,0,0,0,0,0,0,0,,,,0,,,,,,,,,
1541,Internal,85.5,183.0,61125,40,21.7,12.0,0.0,256.5,3.0,18.0,0.0,37,0,0,0,0,0,0,0,0,0,0,0,0,3716,0,0,0,0,0,0,0,,,,0,,,,,,,,,
1542,Internal,710.0,1734.5,61125,40,21.7,12.0,8.0,99.0,103.0,36.5,28.5,29,0,0,0,0,0,0,0,0,0,0,0,0,88,0,0,0,0,0,0,0,,,,0,,,,,,,,,
1543,Internal,375.5,948.0,61125,40,21.7,12.0,12.0,102.0,95.5,14.5,9.5,32,0,0,0,0,0,0,0,0,0,0,0,0,0,0,0,0,0,0,0,0,,,,0,,,,,,,,,
1544,Internal,470.5,1213.0,37950,40,23.4,13.2,8.0,5.0,3.5,12.0,20.0,32,0,0,0,0,0,0,0,0,0,0,0,0,0,0,0,0,0,0,0,0,,,,0,,,,,,,,,
1545,Internal,108.0,313.5,37734,40,20.9,24.2,0.0,0.0,0.0,0.0,0.0,32,0,0,0,0,0,0,0,0,0,0,0,0,0,0,0,0,0,0,0,0,,,,0,,,,,,,,,
1546,Internal,707.5,1633.0,24007,42,35.3,7.8,25.0,568.5,930.5,105.5,247.5,58,0,0,0,0,13,0,0,0,0,0,0,0,0,0,0,0,0,0,0,0,,,,0,,,,,,,,,
1547,Internal,115.5,258.0,24007,42,35.3,7.8,0.0,117.5,10286.0,131.5,101.5,58,0,0,0,0,0,0,0,0,0,0,0,0,489,0,2192,1,0,0,0,0,,,,0,,,,,,,,,
1548,Internal,1022.0,2433.5,33435,42,35.0,2.5,17.0,139.5,1562.5,126.5,281.5,34,0,0,0,0,20,0,0,0,0,0,0,0,0,0,0,0,0,0,0,0,,,,0,,,,,,,,,
1549,Internal,536.5,1371.5,24007,42,35.3,7.8,2.0,667.0,1540.0,51.5,39.0,26,0,0,0,0,0,0,0,0,0,0,0,0,0,0,0,0,0,0,0,0,,,,0,,,,,,,,,
1550,Internal,193.0,451.5,33435,42,35.0,2.5,0.0,17.0,157.0,0.0,10.0,57,0,0,0,0,0,0,0,0,0,0,0,0,0,0,0,0,0,0,0,0,,,,0,,,,,,,,,
1551,Internal,439.0,1180.5,25284,32,39.9,11.6,0.0,105.5,146.0,34.0,33.0,40,0,0,0,0,0,0,0,0,0,0,0,0,529,0,0,0,0,0,0,0,,,,0,,,,,,,,,
1552,Internal,581.5,1805.0,32000,32,29.8,12.0,0.0,10.0,30.0,93.5,11.0,38,0,0,0,0,0,0,0,0,0,0,0,0,0,0,0,0,0,0,0,0,,,,0,,,,,,,,,
1553,Internal,171.0,289.5,48646,43,15.5,18.4,0.0,3.5,102.5,0.0,49.0,39,0,0,0,0,0,0,0,0,0,0,0,0,0,0,0,0,0,0,0,0,,,,0,,,,,,,,,
1554,Internal,74.5,234.0,46442,37,32.2,6.0,506.0,99.0,62.5,15.0,0.5,48,0,0,0,0,0,0,0,0,0,0,0,0,319,0,0,0,0,0,0,0,,,,0,,,,,,,,,
1555,Internal,239.0,660.0,40903,32,32.1,15.2,5.0,100.5,4.5,9.0,3.0,44,0,0,0,0,0,0,0,0,0,0,0,0,547,0,0,0,0,0,0,0,,,,0,,,,,,,,,
1556,Internal,146.5,473.5,32000,32,29.8,12.0,0.0,59.5,34.0,0.5,0.0,38,0,0,0,0,0,0,0,0,0,0,0,0,0,0,0,0,0,0,0,0,,,,0,,,,,,,,,
1557,Internal,718.5,1899.0,44722,32,13.3,29.0,1.0,20.0,43.5,7.0,3.0,38,0,0,0,0,0,0,0,0,0,0,0,0,0,0,0,0,0,0,0,0,,,,0,,,,,,,,,
1558,Internal,273.0,734.0,40903,32,32.1,15.2,0.0,0.0,11.5,11.0,6.0,38,0,0,0,0,0,0,0,0,0,0,0,0,0,0,0,0,0,0,0,0,,,,0,,,,,,,,,
1559,Internal,436.0,1368.5,46442,37,32.2,6.0,2.0,2.5,30.0,7.5,0.0,45,0,0,0,0,0,0,0,0,0,0,0,0,17,0,0,0,0,0,0,0,,,,0,,,,,,,,,
1560,Internal,179.0,505.5,31864,43,19.5,19.6,2.0,93.0,17.0,296.0,13.5,46,0,0,0,0,0,0,0,0,0,0,0,0,804,0,0,0,0,0,0,0,,,,0,,,,,,,,,
1561,Internal,710.5,1721.0,31864,43,19.5,19.6,11.0,151.5,69.0,9.0,147.0,5,0,0,0,0,0,0,0,0,0,0,0,0,0,0,0,0,0,0,0,0,,,,0,,,,,,,,,
1562,Internal,655.5,1717.0,42969,43,2.5,27.3,1.0,27.0,95.0,31.5,0.0,10,0,0,0,0,0,0,0,0,0,0,0,0,0,0,0,0,0,0,0,0,,,,0,,,,,,,,,
1563,Internal,1244.0,3663.5,54025,43,29.0,10.0,3.0,52.5,313.5,25.5,6.0,25,0,0,0,0,0,0,0,0,0,0,0,0,0,0,0,0,0,0,0,0,,,,0,,,,,,,,,
1564,Internal,424.0,1265.5,32738,43,36.2,4.3,319.0,336.5,360.5,11.0,4.0,49,0,0,0,0,7,0,0,0,0,0,0,0,0,0,0,0,0,0,0,0,,,,0,,,,,,,,,
1565,Internal,532.5,1383.5,32738,43,36.2,4.3,15.0,200.5,174.0,186.0,2.0,25,0,0,0,0,0,0,0,0,0,0,0,0,0,0,0,0,0,0,0,0,,,,0,,,,,,,,,
1566,Internal,539.0,1426.5,54025,43,29.0,10.0,3.0,353.0,115.0,119.5,6.0,18,0,0,0,0,7,0,0,0,0,0,0,0,0,0,0,0,0,0,0,0,,,,0,,,,,,,,,
1567,Internal,563.0,1691.0,54025,43,29.0,10.0,5.0,128.5,32.5,4.0,2.0,25,0,0,0,0,0,0,0,0,0,0,0,0,558,0,0,0,0,0,0,0,,,,0,,,,,,,,,
1568,Internal,122.0,235.5,31864,43,19.5,19.6,0.0,0.0,6.5,11.0,3.5,25,0,0,0,0,0,0,0,0,0,0,0,0,928,0,0,0,0,0,0,0,,,,0,,,,,,,,,
1569,Internal,848.5,2434.5,46442,37,32.2,6.0,6.0,107.0,195.5,19.0,21.5,6,0,0,0,0,0,0,0,0,0,0,0,0,0,0,0,0,0,0,0,0,,,,0,,,,,,,,,
1570,Internal,647.5,1905.0,46296,37,29.7,11.9,16.0,35.0,64.5,30.5,7.0,14,0,0,0,0,0,0,0,0,0,0,0,0,37,0,0,0,0,0,0,0,,,,0,,,,,,,,,
1571,Internal,460.0,1194.0,46442,37,32.2,6.0,6.0,5.0,64.5,12.0,19.5,45,0,0,0,0,33,0,0,0,0,0,0,0,0,0,0,0,0,0,0,0,,,,0,,,,,,,,,
1572,Internal,1062.0,2284.0,41875,55,26.1,5.8,42.0,692.5,1182.0,190.5,369.0,46,0,0,0,0,0,0,0,0,0,0,0,0,0,0,0,0,0,0,0,0,,,,0,,,,,,,,,
1573,Internal,363.5,702.5,35150,40,27.2,7.3,121.0,137.5,904.5,70.0,46.5,37,0,0,0,0,0,0,0,0,0,0,0,0,0,0,0,0,0,0,0,0,,,,0,,,,,,,,,
1574,Internal,4.0,20.0,41875,55,26.1,5.8,5.0,6.5,30.5,0.5,14.0,37,0,0,0,0,0,0,0,0,0,0,0,0,0,0,0,0,0,0,0,0,,,,0,,,,,,,,,
1575,Internal,977.5,2088.0,41875,55,26.1,5.8,477.0,296.5,395.5,41.5,166.0,48,0,0,0,0,0,0,0,0,0,0,0,0,0,0,0,0,0,0,0,0,,,,0,,,,,,,,,
1576,Internal,322.0,633.0,41875,55,26.1,5.8,296.0,216.0,242.5,72.0,200.5,74,0,0,0,0,7,0,0,0,0,0,0,0,0,0,0,0,0,0,0,0,,,,0,,,,,,,,,
1577,Internal,624.5,1293.0,36151,55,21.0,6.9,4.0,216.0,606.0,96.0,74.5,49,0,0,0,0,0,0,0,0,0,0,0,0,0,0,0,0,0,0,0,0,,,,0,,,,,,,,,
1578,Internal,325.0,628.5,36151,55,21.0,6.9,374.0,1055.5,1864.5,521.5,695.5,47,0,0,0,0,0,0,0,0,0,0,0,0,506,0,4314,0,0,0,0,0,,,,0,,,,,,,,,
1579,Internal,215.0,397.0,36151,55,21.0,6.9,448.5,576.5,2263.5,268.0,453.5,25,0,0,0,0,7,0,0,0,0,0,0,0,0,0,0,0,0,0,0,0,,,,0,,,,,,,,,
1580,Internal,149.0,328.5,36151,55,21.0,6.9,55.0,242.0,1084.5,124.0,356.5,47,0,0,0,0,0,0,0,0,0,0,0,0,0,0,0,0,0,0,0,0,,,,0,,,,,,,,,
1581,Internal,136.0,303.0,32199,55,18.3,11.8,1.0,13.0,35.0,5.0,7.0,56,0,0,0,0,0,0,0,0,0,0,0,0,0,0,0,0,0,0,0,0,,,,0,,,,,,,,,
1582,Internal,179.0,412.0,36151,55,21.0,6.9,1.0,101.5,160.0,44.5,117.5,48,0,0,0,0,0,0,0,0,0,0,0,0,0,0,0,0,0,0,0,0,,,,0,,,,,,,,,
1583,Internal,254.0,565.0,36151,55,21.0,6.9,639.5,92.5,208.0,24.5,25.0,48,0,0,0,0,7,0,0,0,0,0,0,0,0,0,0,0,0,0,0,0,,,,0,,,,,,,,,
1584,Internal,188.5,479.0,32199,55,18.3,11.8,18.0,18.5,29.0,0.0,0.0,48,0,0,0,0,0,0,0,0,0,0,0,0,0,0,0,0,0,0,0,0,,,,0,,,,,,,,,
1585,Internal,270.5,535.5,36151,55,21.0,6.9,358.0,95.0,57.5,11.5,36.0,48,0,0,0,0,0,0,0,0,0,0,0,0,0,0,0,0,0,0,0,0,,,,0,,,,,,,,,
1586,Internal,7.5,14.5,41875,55,26.1,5.8,0.0,8.0,83.0,17.5,0.0,48,0,0,0,0,7,0,0,0,0,0,0,0,0,0,0,0,0,0,0,0,,,,0,,,,,,,,,
1587,Internal,11.0,28.0,31864,43,19.5,19.6,3.0,27.5,14.0,5.5,3.5,28,0,0,0,0,0,0,0,0,0,0,0,0,0,0,0,0,0,0,0,0,,,,0,,,,,,,,,
1588,Internal,977.0,2209.0,32199,55,18.3,11.8,1.0,40.5,92.0,110.0,6.5,48,0,0,0,0,0,0,0,0,0,0,0,0,0,0,0,0,0,0,0,0,,,,0,,,,,,,,,
1589,Internal,534.5,1035.0,81641,55,23.7,3.1,0.0,31.5,126.5,3.0,22.5,8,9,0,0,0,205,0,0,0,0,0,0,0,0,0,0,0,0,0,0,0,,,,0,,,,,,,,,
1590,Internal,1204.0,2768.0,81641,55,23.7,3.1,14.0,189.5,910.5,208.5,333.0,14,0,0,0,0,67,0,0,0,0,0,0,0,0,0,0,0,0,0,0,0,,,,0,,,,,,,,,
1591,Internal,472.5,890.5,66250,63,4.2,9.6,80.0,20.5,45.5,80.0,51.0,46,0,0,0,0,245,0,0,0,0,0,0,0,22,0,0,0,0,0,0,0,,,,0,,,,,,,,,
1592,Internal,389.5,679.0,66250,63,4.2,9.6,0.0,0.0,29.5,0.0,3.0,32,0,0,0,0,345,0,0,0,0,0,0,0,0,0,0,0,0,0,0,0,,,,0,,,,,,,,,
1593,Internal,139.5,270.0,66250,63,4.2,9.6,0.0,1.5,24.5,0.0,0.5,32,0,0,0,0,73,0,0,0,0,0,0,0,0,0,0,0,0,0,0,0,,,,0,,,,,,,,,
1594,Internal,470.0,1101.5,36495,63,9.6,2.5,0.0,4.5,55.5,0.0,7.0,32,0,0,0,0,398,0,0,0,0,0,0,0,0,0,0,0,0,0,0,0,,,,0,,,,,,,,,
1595,Internal,63.0,132.0,36495,63,9.6,2.5,3.0,7.0,25.0,0.0,27.0,54,0,0,0,0,7,0,0,0,0,0,0,0,0,0,0,0,0,0,0,0,,,,0,,,,,,,,,
1596,Internal,719.5,1443.5,38692,63,2.5,2.5,8.0,138.0,131.5,8.0,198.0,11,135,0,0,0,888,0,0,0,0,0,0,0,0,0,0,0,0,0,0,0,,,,0,,,,,,,,,
1597,Internal,472.5,962.0,36495,63,9.6,2.5,0.0,92.0,116.5,18.0,0.0,32,0,0,0,0,901,0,0,0,0,0,0,0,0,0,0,0,0,0,0,0,,,,0,,,,,,,,,
1598,Internal,326.5,577.5,36495,63,9.6,2.5,0.0,6.5,36.0,0.0,1.0,32,0,0,0,0,251,0,0,0,0,0,0,0,0,0,0,0,0,0,0,0,,,,0,,,,,,,,,
1599,Internal,367.0,771.5,36495,63,9.6,2.5,0.0,7.0,44.5,37.5,15.0,20,0,0,0,0,828,0,0,0,0,0,0,0,0,0,0,0,0,0,0,0,,,,0,,,,,,,,,
1600,Internal,266.0,464.0,38692,63,2.5,2.5,0.0,41.0,90.5,0.0,25.5,32,0,0,0,0,291,0,0,0,0,0,0,0,0,0,0,0,0,0,0,0,,,,0,,,,,,,,,
1601,Internal,887.0,1661.5,65902,68,8.7,8.9,163.0,365.0,757.5,183.5,99.0,40,0,0,0,0,0,0,0,0,0,0,0,0,0,0,0,0,0,0,0,0,,,,0,,,,,,,,,
1602,Internal,391.5,808.5,36458,57,5.3,2.5,0.0,4234.0,410.0,42.5,29.0,58,0,0,0,0,0,0,0,0,0,0,0,0,0,0,0,0,0,0,0,0,,,,0,,,,,,,,,
1603,Internal,82.0,191.5,36458,57,5.3,2.5,0.0,444.0,796.0,97.5,54.5,58,0,0,0,0,0,0,0,0,180,0,0,0,0,0,0,0,5,140,0,0,259,0,0,0,,,,,,,,,
1604,Internal,990.5,2564.0,53952,57,5.7,5.0,9.0,8.5,60.5,22.0,4.5,58,243,0,0,0,1742,0,0,0,0,0,0,0,0,0,0,0,0,0,0,0,,,,0,,,,,,,,,
1605,Internal,848.0,2198.5,47794,57,13.6,7.7,0.0,27.5,277.0,0.5,4.0,28,0,0,0,0,470,0,0,0,0,0,0,0,0,0,0,0,0,0,0,0,,,,0,,,,,,,,,
1606,Internal,91.0,149.5,36458,57,5.3,2.5,0.0,11.0,58.0,2.5,130.0,18,330,0,0,0,0,0,0,0,9,0,0,0,0,0,0,0,5,0,0,200,0,0,69,0,,,,,,,,,
1607,Internal,386.0,879.0,47794,57,13.6,7.7,10.0,16.0,57.0,4.0,1.0,22,0,0,0,0,696,0,0,0,0,0,0,0,0,0,0,0,0,0,0,0,,,,0,,,,,,,,,
1608,Internal,611.5,1510.0,53952,57,5.7,5.0,9.0,14.5,126.0,20.5,115.0,14,0,0,0,0,311,0,0,0,0,0,0,0,0,0,0,0,0,0,0,0,,,,0,,,,,,,,,
1609,Internal,195.5,470.5,65902,68,8.7,8.9,0.0,467.0,437.5,137.5,68.0,14,0,0,0,0,0,0,0,0,0,0,0,0,405,0,0,0,0,0,0,0,,,,0,,,,,,,,,
1610,Internal,493.5,984.5,61518,47,13.0,18.0,112.0,460.0,1262.0,203.0,702.5,15,0,0,0,0,0,0,0,0,0,0,0,0,0,0,0,0,0,0,0,0,,,,0,,,,,,,,,
1611,Internal,350.0,864.5,57891,51,16.0,18.1,11.0,123.5,615.0,85.5,255.5,17,0,0,0,0,0,0,0,0,0,0,0,0,0,0,0,0,0,0,0,0,,,,0,,,,,,,,,
1612,Internal,54.0,133.0,36458,57,5.3,2.5,173.0,2940.0,3418.5,724.0,477.0,22,0,0,0,0,0,0,0,0,4227,0,0,0,0,0,0,0,0,0,0,0,,,,0,,,,,,,,,
1613,Internal,315.0,593.5,65902,68,8.7,8.9,76.0,1080.0,2460.5,592.5,953.0,37,0,0,0,0,20,0,0,0,0,0,0,0,0,0,0,0,5,203,101,0,400,920,0,0,,,,,,,,,
1614,Internal,217.0,443.0,65902,68,8.7,8.9,0.0,353.0,146.0,47.5,101.0,50,0,0,0,0,0,0,0,0,0,0,0,0,0,0,0,0,0,0,0,0,,,,0,,,,,,,,,
1615,Internal,3.0,10.0,65902,68,8.7,8.9,231.0,2213.0,31.5,6.5,0.0,73,0,0,0,0,0,0,0,0,0,0,0,0,0,0,0,0,0,0,0,0,,,,0,,,,,,,,,
1616,Internal,148.0,410.5,65902,68,8.7,8.9,136.0,1723.0,28.5,142.5,0.0,16,0,0,0,0,0,0,0,0,6,0,0,0,0,0,0,0,0,0,0,0,,,,0,,,,,,,,,
1617,Internal,1768.0,2961.0,65902,68,8.7,8.9,24.0,645.5,471.5,7.5,39.5,66,0,0,0,0,438,0,0,0,0,0,0,0,2369,0,0,0,0,0,0,0,,,,0,,,,,,,,,
1618,Internal,116.0,226.5,65902,68,8.7,8.9,301.0,1022.0,539.5,399.5,168.5,41,0,0,0,0,158,0,0,0,0,0,0,0,0,0,0,0,0,0,0,0,,,,0,,,,,,,,,
1619,Internal,873.5,1646.0,65902,68,8.7,8.9,3.0,916.0,257.5,112.0,101.5,53,0,0,0,0,178,0,0,0,0,0,0,0,0,0,0,0,0,0,0,0,,,,0,,,,,,,,,
1620,Internal,450.0,1053.5,65902,68,8.7,8.9,67.0,283.0,554.0,98.5,168.5,39,0,0,0,0,0,0,0,0,0,0,0,0,203,0,0,0,0,0,0,0,,,,0,,,,,,,,,
1621,Internal,771.5,1454.0,65902,68,8.7,8.9,215.0,3117.0,1122.0,69.0,91.0,60,0,0,0,0,218,0,0,0,0,0,0,0,0,0,0,0,0,0,0,0,,,,0,,,,,,,,,
1622,Internal,245.5,499.0,65902,68,8.7,8.9,262.0,498.5,1857.0,321.5,499.5,55,0,0,0,0,0,0,0,0,0,0,0,0,0,0,0,0,0,0,0,0,,,,0,,,,,,,,,
1623,Internal,45.0,121.0,65902,68,9.0,9.0,53.0,21.0,56.5,574.5,90.5,38,0,0,0,0,33,0,0,0,0,0,0,0,0,729,799,0,0,0,0,0,,,,0,,,,,,,,,
1624,Internal,374.0,706.5,65902,68,9.0,9.0,48.0,1197.5,440.0,180.0,155.5,19,0,0,0,0,7,0,0,0,961,0,0,0,0,0,0,0,5,203,101,200,393,637,275,0,,,,,,,,,
1625,Internal,869.5,1927.5,44816,60,17.3,6.8,17.0,390.5,1635.0,164.5,368.5,57,0,0,0,0,33,0,0,0,0,0,0,0,0,0,0,0,0,0,0,0,,,,0,,,,,,,,,
1626,Internal,875.0,1871.5,48312,60,16.5,8.6,3.0,377.5,862.0,293.5,208.5,42,0,0,0,0,192,0,0,0,0,0,0,0,0,0,0,0,0,0,0,0,,,,0,,,,,,,,,
1627,Internal,208.5,504.5,48312,60,16.5,8.6,5.0,51.0,40.0,13.5,9.5,49,0,0,0,0,20,0,0,0,0,0,0,0,0,0,0,0,0,0,0,0,,,,0,,,,,,,,,
1628,Internal,1065.5,2255.5,44816,60,17.3,6.8,751.0,1273.0,2603.5,672.5,1067.0,66,0,0,0,0,93,0,0,0,0,0,0,0,0,0,0,0,0,0,0,0,,,,0,,,,,,,,,
1629,Internal,440.0,980.5,48312,60,16.5,8.6,26.0,227.5,905.5,116.0,350.0,45,0,0,0,0,0,0,0,0,0,0,0,0,0,0,0,0,0,0,0,0,,,,0,,,,,,,,,
1630,Internal,702.5,1205.0,44816,60,17.3,6.8,1241.0,1088.0,1562.0,317.0,736.0,45,0,0,0,0,20,0,0,0,121,0,0,0,0,0,0,0,0,0,0,0,,,,0,,,,,,,,,
1631,Internal,1301.5,2994.5,40546,55,17.1,5.1,2.0,415.5,1542.5,261.0,529.0,47,0,0,0,0,814,0,0,0,0,0,0,0,0,0,0,0,0,0,0,0,,,,0,,,,,,,,,
1632,Internal,1027.5,2462.5,39623,55,21.1,3.3,0.0,306.0,479.5,92.0,58.0,53,0,0,0,0,113,0,0,0,0,0,0,0,0,0,0,0,0,0,0,0,,,,0,,,,,,,,,
1633,Internal,518.0,1255.0,40546,55,17.1,5.1,4.0,483.5,864.0,299.5,380.5,44,0,0,0,0,7,0,0,0,0,0,0,0,0,0,0,0,0,0,0,0,,,,0,,,,,,,,,
1634,Internal,267.0,644.0,66364,58,16.0,7.6,0.0,177.0,60.0,4.0,3.5,55,0,0,0,0,27,0,0,0,0,0,0,0,1161,0,0,0,0,0,0,0,,,,0,,,,,,,,,
1635,Internal,143.0,361.5,48312,60,16.5,8.6,50.0,90.5,283.5,28.5,82.0,46,0,0,0,0,0,0,0,0,0,0,0,0,49,0,0,0,0,0,0,0,,,,0,,,,,,,,,
1636,Internal,49.0,104.0,40546,55,17.1,5.1,7.0,120.5,472.5,73.0,158.0,22,0,0,0,0,0,0,0,0,0,0,0,0,0,0,0,0,0,0,0,0,,,,0,,,,,,,,,
1637,Internal,1202.0,2476.0,52694,55,17.1,4.6,0.0,1552.0,1195.0,379.0,393.5,43,0,0,0,0,133,0,0,0,0,0,0,0,0,0,0,0,0,0,0,0,,,,0,,,,,,,,,
1638,Internal,747.5,1503.0,52694,55,17.1,4.6,6.0,109.5,279.0,35.5,57.5,43,0,0,0,0,285,0,0,0,0,0,0,0,0,0,0,0,0,0,0,0,,,,0,,,,,,,,,
1639,Internal,565.0,1092.5,52694,55,17.1,4.6,2.0,90.0,68.0,5.5,10.5,43,0,0,0,0,133,0,0,0,0,0,0,0,0,0,0,0,0,0,0,0,,,,0,,,,,,,,,
1640,Internal,184.0,487.0,76082,49,24.0,12.8,3.0,27.5,46.0,12.0,4.0,61,0,0,0,0,0,0,0,0,0,0,0,0,0,0,0,0,0,0,0,0,,,,0,,,,,,,,,
1641,Internal,364.0,925.0,76082,49,24.0,12.8,0.0,189.0,20.5,134.0,1.5,66,0,0,0,0,20,0,0,0,0,0,0,0,3055,0,0,0,0,0,0,0,,,,0,,,,,,,,,
1642,Internal,226.0,619.0,76082,49,24.0,12.8,0.0,9.0,20.0,0.0,0.0,61,0,0,0,0,0,0,0,0,0,0,0,0,0,0,0,0,0,0,0,0,,,,0,,,,,,,,,
1643,Internal,208.5,562.0,76082,49,24.0,12.8,0.0,0.0,5.0,0.0,0.0,61,0,0,0,0,0,0,0,0,0,0,0,0,0,0,0,0,0,0,0,0,,,,0,,,,,,,,,
1644,Internal,671.0,1475.0,38295,49,2.5,4.5,3.0,103.0,71.5,7.0,15.0,61,0,0,0,0,1001,0,0,0,0,0,0,0,0,0,0,0,0,0,0,0,,,,0,,,,,,,,,
1645,Internal,379.0,983.5,96359,49,13.5,16.2,4.0,131.0,28.0,5.0,0.0,44,0,0,0,0,0,0,0,0,0,0,0,0,1324,0,0,0,0,0,0,0,,,,0,,,,,,,,,
1646,Internal,839.0,1950.0,36250,43,28.5,6.1,3.0,289.5,1379.0,232.0,569.0,15,0,0,0,0,623,0,0,0,0,0,0,0,31,0,0,0,0,0,0,0,,,,0,,,,,,,,,
1647,Internal,689.0,1972.5,73921,42,31.1,8.6,0.0,107.5,270.0,7.0,154.5,8,0,0,0,0,0,0,0,0,0,0,0,0,0,0,0,0,0,0,0,0,,,,0,,,,,,,,,
1648,Internal,10.5,41.0,29087,48,10.2,2.5,48.0,917.5,39.5,1.0,12.5,32,0,0,0,0,7,0,0,0,0,0,0,0,0,0,0,0,5,203,106,200,1327,15,27,0,,,,,,,,,
1649,Internal,1001.5,2298.5,31607,43,31.0,2.5,2.0,121.5,348.5,23.5,86.0,15,0,0,0,0,318,0,0,0,0,0,0,0,0,0,0,0,0,0,0,0,,,,0,,,,,,,,,
1650,Internal,905.0,2176.5,29087,48,10.2,2.5,0.0,68.0,81.5,2.5,2.5,32,36,0,0,0,2411,0,0,0,0,0,0,0,0,0,0,0,0,0,0,0,,,,0,,,,,,,,,
1651,Internal,461.0,1047.5,25571,48,18.5,2.5,0.0,7.0,46.0,0.0,9.0,10,0,0,0,0,1259,0,0,0,0,0,0,0,0,0,0,0,0,0,0,0,,,,0,,,,,,,,,
1652,Internal,435.5,1075.0,34563,40,22.7,7.3,442.0,77.0,112.5,75.0,58.5,27,0,0,0,0,80,0,0,0,0,0,0,0,490,0,0,0,5,0,101,0,0,136,0,0,,,,,,,,,
1653,Internal,555.0,1287.5,34563,40,22.7,7.3,8.0,227.0,1218.5,133.5,592.5,9,0,0,0,0,251,0,0,0,0,0,0,0,0,0,0,0,5,0,101,0,0,136,0,0,,,,,,,,,
1654,Internal,1062.5,2385.0,82673,58,17.7,9.8,14.0,22.0,95.0,2.0,10.5,51,0,0,0,0,53,0,0,0,0,0,0,0,0,0,0,0,0,0,0,0,,,,0,,,,,,,,,
1655,Internal,1100.0,2063.5,55893,58,26.9,11.8,3.0,73.0,86.0,6.5,128.0,13,0,0,0,0,127,0,0,0,0,0,0,0,0,0,0,0,0,0,0,0,,,,0,,,,,,,,,
1656,Internal,242.5,603.0,87446,50,16.1,35.9,4.0,118.0,130.5,2.5,97.0,12,0,0,0,0,0,0,0,0,0,0,0,0,0,0,0,0,0,0,0,0,,,,0,,,,,,,,,
1657,Internal,857.5,1655.0,55893,58,26.9,11.8,0.0,501.0,169.5,312.5,91.5,27,0,0,0,0,0,0,0,0,0,0,0,0,0,0,0,0,0,0,0,0,,,,0,,,,,,,,,
1658,Internal,418.0,1040.0,82673,58,17.7,9.8,15.0,9.0,110.5,21.0,3.0,9,0,0,0,0,13,0,0,0,0,0,0,0,0,0,0,0,0,0,0,0,,,,0,,,,,,,,,
1659,Internal,521.5,1100.5,87446,50,16.1,35.9,12.0,168.0,534.5,72.0,166.0,34,0,0,0,0,0,0,0,0,0,0,0,0,680,0,0,0,0,0,0,0,,,,0,,,,,,,,,
1660,Internal,204.5,557.0,58627,45,27.9,9.5,4.0,11.0,21.0,0.0,0.0,42,0,0,0,0,0,0,0,0,0,0,0,0,0,0,0,0,0,0,0,0,,,,0,,,,,,,,,
1661,Internal,723.0,1423.5,59022,45,22.7,15.5,113.0,916.5,559.0,33.0,82.0,45,0,0,0,0,40,0,0,0,0,0,0,0,0,0,0,0,0,0,0,0,,,,0,,,,,,,,,
1662,Internal,711.5,1275.5,56818,50,13.5,8.6,10.0,108.5,245.5,14.0,12.5,62,0,0,0,0,87,0,0,0,0,0,0,0,0,0,0,0,0,0,0,0,,,,0,,,,,,,,,
1663,Internal,352.5,800.5,58627,45,27.9,9.5,73.0,382.5,444.0,150.5,509.5,36,0,0,0,0,20,0,0,0,0,0,0,0,0,0,0,0,0,0,0,0,,,,0,,,,,,,,,
1664,Internal,483.0,1218.0,58627,45,27.9,9.5,138.0,109.0,276.0,19.5,62.0,34,0,0,0,0,0,0,0,0,0,0,0,0,0,0,0,0,0,0,0,0,,,,0,,,,,,,,,
1665,Internal,0.0,0.0,59022,45,22.7,15.5,123.0,64.0,223.0,47.0,22.0,42,0,0,0,0,0,0,0,0,0,0,0,0,0,0,0,0,0,0,0,0,,,,0,,,,,,,,,
1666,Internal,407.0,809.5,56818,50,13.5,8.6,18.0,273.5,330.0,29.0,304.5,22,0,0,0,0,0,0,0,0,0,0,0,0,0,0,0,0,0,0,0,0,,,,0,,,,,,,,,
1667,Internal,91.5,169.5,81250,60,15.7,16.6,87.0,991.5,1606.0,87.0,55.0,52,0,0,0,0,0,0,0,0,0,0,0,0,0,0,0,0,0,0,0,0,,,,0,,,,,,,,,
1668,Internal,913.0,1921.0,81250,60,15.7,16.6,8.0,680.0,386.5,10.5,2.0,49,0,0,0,0,127,0,0,0,0,0,0,0,0,0,0,0,0,0,0,0,,,,0,,,,,,,,,
1669,Internal,1109.0,2220.5,49978,60,14.7,9.3,190.0,6.0,68.0,3.0,0.0,26,0,0,0,0,133,0,0,0,0,0,0,0,0,0,0,0,0,0,0,0,,,,0,,,,,,,,,
1670,Internal,856.0,1809.5,93816,60,17.4,14.5,17.0,328.0,869.0,5.0,274.5,22,0,0,0,0,47,0,0,0,0,0,0,0,17,0,0,0,0,0,0,0,,,,0,,,,,,,,,
1671,Internal,323.5,705.5,93816,60,17.4,14.5,6.0,35.0,62.0,2.5,0.0,33,0,0,0,0,0,0,0,0,0,0,0,0,0,0,0,0,0,0,0,0,,,,0,,,,,,,,,
1672,Internal,937.5,1828.5,93816,60,17.4,14.5,38.0,1002.5,304.0,49.0,62.0,74,0,0,0,0,87,0,0,0,0,0,0,0,0,0,0,0,0,0,0,0,,,,0,,,,,,,,,
1673,Internal,176.5,464.5,56731,53,24.7,8.8,58.0,309.0,1259.5,49.5,132.0,63,0,0,0,0,0,0,0,0,0,0,0,0,110,0,0,0,0,0,0,0,,,,0,,,,,,,,,
1674,Internal,93.0,214.0,56731,53,24.7,8.8,5.0,163.0,280.5,7.0,0.5,33,0,0,0,0,0,0,0,0,0,0,0,0,110,0,0,0,0,0,0,0,,,,0,,,,,,,,,
1675,Internal,65.0,122.5,55893,58,26.9,11.8,26.0,5.5,391.0,31.5,3141.0,14,0,0,0,0,0,0,0,0,0,0,0,0,0,0,0,0,0,0,0,0,,,,0,,,,,,,,,
1676,Internal,1139.0,1978.0,72950,53,10.9,21.8,3.0,139.5,317.0,39.5,25.0,27,0,0,0,0,47,0,0,0,0,0,0,0,0,0,0,0,0,0,0,0,,,,0,,,,,,,,,
1677,Internal,637.0,1293.5,90870,53,5.8,31.7,230.0,659.5,127.0,47.0,262.0,62,0,0,0,0,7,0,0,0,0,0,0,0,0,0,0,0,0,0,0,0,,,,0,,,,,,,,,
1678,Internal,394.0,815.0,72950,53,10.9,21.8,13.0,134.5,417.0,34.0,126.0,47,0,0,0,0,20,0,0,0,0,0,0,0,112,0,0,0,0,0,0,0,,,,0,,,,,,,,,
1679,Internal,1245.0,2050.5,72950,53,10.9,21.8,155.0,1543.5,805.5,94.5,213.0,64,0,0,0,0,67,0,0,0,0,0,0,0,615,0,0,0,0,0,0,0,,,,0,,,,,,,,,
1680,Internal,329.0,842.5,73921,42,31.1,8.6,105.5,151.5,87.0,0.0,9.0,47,0,0,0,0,0,0,0,0,0,0,0,0,0,0,0,0,0,0,0,0,,,,0,,,,,,,,,
1681,Internal,411.0,1094.5,142386,52,27.8,13.0,3.0,99.0,15.0,17.0,5.0,48,0,0,0,0,0,0,0,0,0,0,0,0,1010,0,0,0,0,0,0,0,,,,0,,,,,,,,,
1682,Internal,239.5,737.5,142386,52,27.8,13.0,1.0,95.0,38.0,60.0,18.0,32,0,0,0,0,0,0,0,0,0,0,0,0,0,0,0,0,0,0,0,0,,,,0,,,,,,,,,
1683,Internal,282.0,804.5,142386,52,27.8,13.0,0.0,4.0,48.5,0.0,5.0,18,0,0,0,0,0,0,0,0,0,0,0,0,0,0,0,0,0,0,0,0,,,,0,,,,,,,,,
1684,Internal,493.5,1148.5,56495,42,31.2,7.0,65.0,371.0,521.0,13.0,97.0,47,0,0,0,0,0,0,0,0,0,0,0,0,0,0,0,0,0,0,0,0,,,,0,,,,,,,,,
1685,Internal,963.5,2303.5,93951,51,22.6,21.5,117.0,75.0,343.5,15.0,199.5,17,0,0,0,0,0,0,0,0,0,0,0,0,0,0,0,0,0,0,0,0,,,,0,,,,,,,,,
1686,Internal,630.0,1216.0,22388,51,16.2,29.9,12.0,170.0,479.0,1.0,96.5,41,0,0,0,0,7,0,0,0,0,0,0,0,1568,0,0,0,0,0,0,0,,,,0,,,,,,,,,
1687,Internal,2887.5,4886.0,92969,51,12.1,27.3,29.0,3572.5,1155.0,327.5,557.5,55,0,0,0,0,60,0,0,0,0,0,0,0,0,0,0,0,0,0,0,0,,,,0,,,,,,,,,
1688,Internal,217.5,667.5,92969,51,12.1,27.3,3.0,113.0,27.0,0.0,0.0,55,0,0,0,0,0,0,0,0,0,0,0,0,1106,0,0,0,0,0,0,0,,,,0,,,,,,,,,
1689,Internal,976.5,2100.5,96833,52,22.6,15.0,3.0,37.5,79.5,14.5,65.5,60,0,0,0,0,20,0,0,0,0,0,0,0,0,0,0,0,0,0,0,0,,,,0,,,,,,,,,
1690,Internal,227.5,612.5,96833,52,22.6,15.0,11.0,44.0,70.5,2.5,18.0,40,0,0,0,0,0,0,0,0,0,0,0,0,0,0,0,0,0,0,0,0,,,,0,,,,,,,,,
1691,Internal,297.0,606.5,80265,52,22.7,11.6,431.0,1173.5,2209.0,74.5,89.0,41,0,0,0,0,0,0,0,0,0,0,0,0,110,0,0,0,0,0,0,0,,,,0,,,,,,,,,
1692,Internal,212.0,629.0,80265,52,22.7,11.6,1.0,0.0,71.5,6.5,1.0,40,0,0,0,0,0,0,0,0,0,0,0,0,0,0,0,0,0,0,0,0,,,,0,,,,,,,,,
1693,Internal,484.0,977.0,51569,48,21.2,8.8,55.0,641.0,615.5,72.0,287.0,66,0,0,0,0,20,0,0,0,0,0,0,0,768,0,0,0,0,0,0,0,,,,0,,,,,,,,,
1694,Internal,101.5,278.0,51569,48,21.2,8.8,64.0,25.0,110.5,0.0,5.0,62,0,0,0,0,0,0,0,0,0,0,0,0,0,0,0,0,0,0,0,0,,,,0,,,,,,,,,
1695,Internal,126.5,308.0,51569,48,21.2,8.8,42.5,507.0,935.5,51.0,40.5,44,0,0,0,0,0,0,0,0,0,0,0,0,0,0,0,0,0,0,0,0,,,,0,,,,,,,,,
1696,Internal,177.5,430.5,51569,48,21.2,8.8,218.0,956.5,902.0,44.0,101.5,49,0,0,0,0,0,0,0,0,0,0,0,0,0,0,5853,0,0,0,0,0,,,,0,,,,,,,,,
1697,Internal,40.0,117.5,51569,48,21.2,8.8,29.0,166.0,395.5,72.0,912.0,18,0,0,0,0,0,0,0,0,0,0,0,0,0,0,0,0,0,0,0,0,,,,0,,,,,,,,,
1698,Internal,406.0,1017.0,51569,48,21.2,8.8,17.0,321.0,3489.0,57.5,134.5,66,0,0,0,0,0,0,0,0,0,0,0,0,0,0,0,1,0,0,0,0,,,,0,,,,,,,,,
1699,Internal,11.0,36.0,51569,48,21.2,8.8,5.0,256.5,258.0,8.0,418.0,27,0,0,0,0,0,0,0,0,0,0,0,0,0,0,0,0,0,0,0,0,,,,0,,,,,,,,,
1700,Internal,530.5,1467.0,69271,48,25.7,20.7,368.0,128.5,175.0,91.5,155.0,71,0,0,0,0,0,0,0,0,0,0,0,0,0,0,0,0,0,0,0,0,,,,0,,,,,,,,,
1701,Internal,87.0,182.5,42125,48,32.0,5.2,16.0,77.5,578.5,9.5,392.5,52,0,0,0,0,0,0,0,0,0,0,0,0,0,0,0,0,0,0,0,0,,,,0,,,,,,,,,
1702,Internal,550.5,1162.0,42125,48,32.0,5.2,25.0,336.0,817.0,147.5,393.0,46,0,0,0,0,7,0,0,0,0,0,0,0,0,0,0,0,0,0,0,0,,,,0,,,,,,,,,
1703,Internal,701.0,1304.0,42125,48,32.0,5.2,63.0,517.0,1410.0,77.0,264.0,39,0,0,0,0,13,0,0,0,0,0,0,0,0,0,0,0,0,0,0,0,,,,0,,,,,,,,,
1704,Internal,1238.5,2558.5,42125,48,32.0,5.2,23.0,1718.0,1643.5,528.5,706.0,48,0,0,0,0,13,0,0,0,0,0,0,0,0,0,0,0,0,0,0,0,,,,0,,,,,,,,,
1705,Internal,366.5,495.0,80265,52,22.7,11.6,7.0,45.5,132.0,22.0,8.0,22,0,0,0,0,40,0,0,0,0,0,0,0,0,0,0,0,0,0,0,0,,,,0,,,,,,,,,
1706,Internal,493.5,1153.5,42125,48,32.0,5.2,258.0,795.5,942.5,252.0,746.5,23,0,0,0,0,0,0,0,0,0,0,0,0,0,0,0,0,0,0,0,0,,,,0,,,,,,,,,
1707,Internal,564.0,1172.5,69271,48,25.7,20.7,5.0,6.5,69.5,6.0,150.0,58,0,0,0,0,13,0,0,0,0,0,0,0,0,0,0,0,0,0,0,0,,,,0,,,,,,,,,
1708,Internal,947.5,2574.5,60000,45,27.7,10.8,62.0,17.0,29.0,10.0,5.0,13,0,0,0,0,0,0,0,0,0,0,0,0,0,0,0,0,0,0,0,0,,,,0,,,,,,,,,
1709,Internal,993.5,2277.5,67894,45,26.4,12.0,37.0,143.0,405.5,15.0,170.0,15,0,0,0,0,0,0,0,0,0,0,0,0,0,0,0,0,0,0,0,0,,,,0,,,,,,,,,
1710,Internal,570.0,1401.0,40363,45,21.3,14.5,8.0,20.5,17.5,12.0,2.5,19,0,0,0,0,0,0,0,0,0,0,0,0,59,0,0,0,0,0,0,0,,,,0,,,,,,,,,
1711,Internal,1830.0,4081.5,60000,45,27.7,10.8,25.0,795.5,3599.0,338.0,1374.5,31,0,0,0,0,0,0,0,0,0,0,0,0,331,0,0,0,0,0,0,0,,,,0,,,,,,,,,
1712,Internal,360.5,934.0,40363,45,21.3,14.5,0.0,13.0,52.0,0.0,4.0,23,0,0,0,0,0,0,0,0,0,0,0,0,0,0,0,0,0,0,0,0,,,,0,,,,,,,,,
1713,Internal,98.0,290.5,40363,45,21.3,14.5,9.0,30.0,585.5,17.0,371.5,22,0,0,0,0,0,0,0,0,0,0,0,0,0,0,0,0,0,0,0,0,,,,0,,,,,,,,,
1714,Internal,59.0,135.5,40363,45,21.3,14.5,11.0,105.0,8.5,20.0,0.0,42,0,0,0,0,0,0,0,0,0,0,0,0,971,0,0,0,0,0,0,0,,,,0,,,,,,,,,
1715,Internal,856.0,2368.5,47717,47,30.7,4.0,0.0,10.0,41.0,13.0,0.5,44,0,0,0,0,7,0,0,0,0,0,0,0,0,0,0,0,0,0,0,0,,,,0,,,,,,,,,
1716,Internal,721.5,1829.0,61518,47,13.0,18.0,9.0,86.0,370.0,2.0,52.0,20,0,0,0,0,0,0,0,0,0,0,0,0,0,0,0,0,0,0,0,0,,,,0,,,,,,,,,
1717,Internal,201.5,382.0,47717,47,30.7,4.0,145.0,84.5,1393.0,42.5,24.0,68,0,0,0,0,0,0,0,0,0,0,0,0,0,0,0,0,0,0,0,0,,,,0,,,,,,,,,
1718,Internal,210.0,441.0,47717,47,30.7,4.0,67.0,142.5,521.5,112.5,136.0,30,0,0,0,0,0,0,0,0,0,0,0,0,0,0,0,0,0,0,0,0,,,,0,,,,,,,,,
1719,Internal,19.0,52.0,61518,47,13.0,18.0,29.0,12.0,355.5,51.0,0.5,12,0,0,0,0,0,0,0,0,0,0,0,0,0,0,0,0,0,0,0,0,,,,0,,,,,,,,,
1720,Internal,485.5,1101.5,55536,47,22.5,5.9,294.0,122.0,308.0,1.0,113.0,54,0,0,0,0,7,0,0,0,0,0,0,0,0,0,0,0,0,0,0,0,,,,0,,,,,,,,,
1721,Internal,14.5,54.5,55536,47,22.5,5.9,473.5,71.0,87.5,0.5,23.5,58,0,0,0,0,0,0,0,0,0,0,0,0,0,0,0,0,0,0,0,0,,,,0,,,,,,,,,
1722,Internal,54.5,153.0,61518,47,13.0,18.0,92.0,440.5,796.0,139.0,69.5,30,0,0,0,0,0,0,0,0,0,0,0,0,0,0,0,0,0,0,0,0,,,,0,,,,,,,,,
1723,Internal,137.5,377.0,55536,47,22.5,5.9,28.0,1.5,17.0,8.0,0.0,44,0,0,0,0,0,0,0,0,0,0,0,0,0,0,0,0,0,0,0,0,,,,0,,,,,,,,,
1724,Internal,19.5,55.0,47717,47,30.7,4.0,206.0,91.5,188.0,1.0,57.5,51,0,0,0,0,0,0,0,0,0,0,0,0,0,0,0,0,0,0,0,0,,,,0,,,,,,,,,
1725,Internal,274.5,804.5,37153,46,34.3,2.5,14.0,3.5,16.0,1.0,0.5,22,0,0,0,0,0,0,0,0,0,0,0,0,0,0,0,0,0,0,0,0,,,,0,,,,,,,,,
1726,Internal,956.0,2223.5,37153,46,34.3,2.5,2.0,20.5,76.0,62.5,31.0,30,0,0,0,0,20,0,0,0,0,0,0,0,0,0,0,0,0,0,0,0,,,,0,,,,,,,,,
1727,Internal,350.0,751.5,26814,46,41.3,4.3,72.0,60.0,172.5,10.0,80.0,37,0,0,0,0,0,0,0,0,0,0,0,0,0,0,0,0,0,0,0,0,,,,0,,,,,,,,,
1728,Internal,554.5,1582.5,26814,46,41.3,4.3,0.0,4.5,19.0,24.0,7.0,19,0,0,0,0,7,0,0,0,0,0,0,0,0,0,0,0,0,0,0,0,,,,0,,,,,,,,,
1729,Internal,214.0,550.0,26814,46,41.3,4.3,475.5,130.5,296.5,22.5,112.5,44,0,0,0,0,7,0,0,0,0,0,0,0,0,0,0,0,0,0,0,0,,,,0,,,,,,,,,
1730,Internal,504.5,1392.0,58628,46,16.7,10.1,0.0,6.0,13.0,8.0,5.0,43,0,0,0,0,0,0,0,0,0,0,0,0,0,0,0,0,0,0,0,0,,,,0,,,,,,,,,
1731,Internal,549.0,1161.0,58628,46,16.7,10.1,23.0,62.5,518.5,38.5,204.0,40,0,0,0,0,0,0,0,0,0,0,0,0,0,0,0,0,0,0,0,0,,,,0,,,,,,,,,
1732,Internal,1312.5,2118.0,62722,51,18.8,11.2,170.0,210.0,1017.0,94.5,166.5,50,0,0,0,0,147,0,0,0,0,0,0,0,0,0,0,0,0,0,0,0,,,,0,,,,,,,,,
1733,Internal,418.0,1113.0,56495,42,31.2,7.0,6.0,140.0,314.5,3.0,1.5,47,0,0,0,0,0,0,0,0,0,0,0,0,0,0,0,0,0,0,0,0,,,,0,,,,,,,,,
1734,Internal,516.5,1104.0,57891,51,16.0,18.1,5.0,96.5,208.5,27.0,213.5,28,0,0,0,0,0,0,0,0,0,0,0,0,611,0,0,0,0,0,0,0,,,,0,,,,,,,,,
1735,Internal,292.0,738.0,57891,51,16.0,18.1,5.0,15.5,277.0,27.0,450.5,12,0,0,0,0,0,0,0,0,0,0,0,0,0,0,0,0,0,0,0,0,,,,0,,,,,,,,,
1736,Internal,390.0,1086.5,62722,51,18.8,11.2,1.0,3.5,6.5,0.0,0.0,52,0,0,0,0,0,0,0,0,0,0,0,0,0,0,0,0,0,0,0,0,,,,0,,,,,,,,,
1737,Internal,72.0,189.5,62722,51,18.8,11.2,5.0,92.0,525.0,74.0,18.5,59,0,0,0,0,0,0,0,0,0,0,0,0,894,0,0,0,0,0,0,0,,,,0,,,,,,,,,
1738,Internal,392.0,1016.5,62722,51,18.8,11.2,0.0,15.5,15.0,16.0,1.0,73,0,0,0,0,0,0,0,0,0,0,0,0,0,0,0,0,0,0,0,0,,,,0,,,,,,,,,
1739,Internal,331.0,846.5,106833,48,16.8,20.1,13.0,25.0,5.0,4.0,0.0,31,0,0,0,0,0,0,0,0,0,0,0,0,0,0,0,0,0,0,0,0,,,,0,,,,,,,,,
1740,Internal,247.5,686.5,106833,48,16.8,20.1,0.0,14.0,32.5,0.0,0.0,2,0,0,0,0,0,0,0,0,0,0,0,0,0,0,0,0,0,0,0,0,,,,0,,,,,,,,,
1741,Internal,206.5,539.5,93137,48,20.8,15.4,4.0,8.0,10.5,0.0,15.0,10,0,0,0,0,0,0,0,0,0,0,0,0,0,0,0,0,0,0,0,0,,,,0,,,,,,,,,
1742,Internal,120.5,337.5,93137,48,20.8,15.4,0.0,0.0,5.5,0.0,0.0,31,0,0,0,0,0,0,0,0,0,0,0,0,0,0,0,0,0,0,0,0,,,,0,,,,,,,,,
1743,Internal,799.5,1835.5,64420,48,28.2,17.2,5.0,95.5,105.0,0.0,6.0,18,0,0,0,0,7,0,0,0,0,0,0,0,0,0,0,0,0,0,0,0,,,,0,,,,,,,,,
1744,Internal,208.5,520.0,93137,48,20.8,15.4,1.0,12.0,1.0,0.0,0.0,31,0,0,0,0,0,0,0,0,0,0,0,0,0,0,0,0,0,0,0,0,,,,0,,,,,,,,,
1745,Internal,8.0,25.5,93137,48,20.8,15.4,0.0,23.0,113.0,21.5,0.0,43,0,0,0,0,0,0,0,0,0,0,0,0,637,0,0,0,0,0,0,0,,,,0,,,,,,,,,
1746,Internal,241.0,588.0,43580,48,9.8,31.6,2.0,5.0,4.0,0.0,0.0,31,0,0,0,0,0,0,0,0,0,0,0,0,0,0,0,0,0,0,0,0,,,,0,,,,,,,,,
1747,Internal,26.5,78.0,43580,48,9.8,31.6,0.0,0.0,75.0,0.0,0.0,48,0,0,0,0,0,0,0,0,0,0,0,0,895,0,0,0,0,0,0,0,,,,0,,,,,,,,,
1748,Internal,411.0,843.0,20737,48,28.0,3.5,0.0,36.5,154.0,0.0,0.0,30,0,0,0,0,13,0,0,0,0,0,0,0,0,0,0,0,0,0,0,0,,,,0,,,,,,,,,
1749,Internal,5.0,15.0,20737,48,28.0,3.5,2.0,265.5,86.0,83.0,214.0,39,0,0,0,0,0,0,0,0,0,0,0,0,0,0,0,0,0,0,0,0,,,,0,,,,,,,,,
1750,Internal,288.0,737.5,51967,42,23.0,13.7,14.0,26.5,129.0,0.0,13.0,28,0,0,0,0,0,0,0,0,0,0,0,0,0,0,0,0,0,0,0,0,,,,0,,,,,,,,,
1751,Internal,214.0,492.5,51967,42,23.0,13.7,31.0,432.0,238.5,55.0,369.0,47,0,0,0,0,0,0,0,0,0,0,0,0,0,0,0,0,0,0,0,0,,,,0,,,,,,,,,
1752,Internal,493.0,992.5,51967,42,23.0,13.7,27.0,39.5,74.0,0.0,61.0,27,0,0,0,0,13,0,0,0,0,0,0,0,0,0,0,0,0,0,0,0,,,,0,,,,,,,,,
1753,Internal,64.5,148.5,54091,42,30.6,9.5,0.0,9.0,13.5,0.0,0.0,28,0,0,0,0,0,0,0,0,0,0,0,0,0,0,0,0,0,0,0,0,,,,0,,,,,,,,,
1754,Internal,74.5,210.5,51967,42,23.0,13.7,0.0,97.5,20.5,0.0,0.0,46,0,0,0,0,0,0,0,0,0,0,0,0,708,0,0,0,0,0,0,0,,,,0,,,,,,,,,
1755,Internal,5.5,28.0,51967,42,23.0,13.7,3.0,41.5,134.0,35.0,723.0,20,0,0,0,0,0,0,0,0,0,0,0,0,0,0,0,0,0,0,0,0,,,,0,,,,,,,,,
1756,Internal,573.0,1363.0,43934,42,23.6,5.5,7.0,225.0,228.0,11.5,206.0,29,0,0,0,0,33,0,0,0,0,0,0,0,0,0,0,0,0,0,0,0,,,,0,,,,,,,,,
1757,Internal,37.5,82.5,43934,42,23.6,5.5,0.0,75.5,25.0,0.0,11.0,28,0,0,0,0,0,0,0,0,0,0,0,0,0,0,0,0,0,0,0,0,,,,0,,,,,,,,,
1758,Internal,304.0,826.0,54091,42,30.6,9.5,10.0,55.0,55.0,0.0,29.0,18,0,0,0,0,0,0,0,0,0,0,0,0,0,0,0,0,0,0,0,0,,,,0,,,,,,,,,
1759,Internal,278.0,704.5,54091,42,30.6,9.5,2.0,3.0,15.0,1.0,0.0,28,0,0,0,0,0,0,0,0,0,0,0,0,0,0,0,0,0,0,0,0,,,,0,,,,,,,,,
1760,Internal,44.5,109.5,54091,42,30.6,9.5,0.0,300.5,17.0,0.0,0.0,44,0,0,0,0,0,0,0,0,0,0,0,0,3572,0,0,0,0,0,0,0,,,,0,,,,,,,,,
1761,Internal,362.5,925.0,56939,42,13.5,20.8,4.0,152.0,32.0,0.0,4.0,28,0,0,0,0,0,0,0,0,0,0,0,0,0,0,0,0,0,0,0,0,,,,0,,,,,,,,,
1762,Internal,280.0,660.0,56939,42,13.5,20.8,0.0,1.0,2.0,0.0,5.0,4,0,0,0,0,0,0,0,0,0,0,0,0,0,0,0,0,0,0,0,0,,,,0,,,,,,,,,
1763,Internal,967.0,2946.0,59604,42,38.4,6.9,3.0,121.5,135.5,2.0,13.5,37,0,0,0,0,0,0,0,0,0,0,0,0,883,0,0,0,0,0,0,0,,,,0,,,,,,,,,
1764,Internal,490.0,1563.0,59604,42,38.4,6.9,129.0,16.5,471.5,23.0,170.0,52,0,0,0,0,0,0,0,0,0,0,0,0,0,0,0,0,0,0,0,0,,,,0,,,,,,,,,
1765,Internal,581.5,1518.0,41648,42,29.2,9.0,1157.0,111.5,111.5,5.0,34.0,38,0,0,0,0,0,0,0,0,0,0,0,0,0,0,0,0,0,0,0,0,,,,0,,,,,,,,,
1766,Internal,803.0,2038.5,39722,42,23.3,15.0,913.0,818.5,1026.5,54.0,44.5,58,0,0,0,0,0,0,0,0,0,0,0,0,832,0,0,0,0,0,0,0,,,,0,,,,,,,,,
1767,Internal,256.5,686.0,41648,42,29.2,9.0,0.0,0.0,22.0,0.0,0.0,39,0,0,0,0,0,0,0,0,0,0,0,0,0,0,0,0,0,0,0,0,,,,0,,,,,,,,,
1768,Internal,115.0,363.0,39722,42,23.3,15.0,2651.5,96.5,129.5,4.0,11.5,40,0,0,0,0,0,0,0,0,0,0,0,0,849,0,0,0,0,0,0,0,,,,0,,,,,,,,,
1769,Internal,14.5,38.5,39722,42,23.3,15.0,2.5,192.0,21.0,0.5,6.0,44,0,0,0,0,0,0,0,0,0,0,0,0,2009,0,0,0,0,0,0,0,,,,0,,,,,,,,,
1770,Internal,199.0,487.0,54025,43,29.0,10.0,16.0,24.5,36.0,0.5,0.0,25,0,0,0,0,0,0,0,0,0,0,0,0,0,0,0,0,0,0,0,0,,,,0,,,,,,,,,
1771,Internal,383.5,1077.5,59604,42,38.4,6.9,0.0,164.5,306.0,23.0,7.0,39,0,0,0,0,0,0,0,0,0,0,0,0,0,0,0,0,0,0,0,0,,,,0,,,,,,,,,
1772,Internal,727.0,2141.5,59604,42,38.4,6.9,8.0,155.0,128.0,22.0,38.0,5,0,0,0,0,0,0,0,0,0,0,0,0,281,0,0,0,0,0,0,0,,,,0,,,,,,,,,
1773,Internal,520.0,1426.0,39722,42,23.3,15.0,66.0,165.5,444.0,30.0,14.0,14,0,0,0,0,0,0,0,0,0,0,0,0,0,0,0,0,0,0,0,0,,,,0,,,,,,,,,
1774,Internal,28.5,103.5,59604,42,38.4,6.9,0.0,173.0,3.5,0.0,0.0,46,0,0,0,0,0,0,0,0,0,0,0,0,2302,0,0,0,0,0,0,0,,,,0,,,,,,,,,
1775,Internal,655.0,1613.5,41648,42,29.2,9.0,10.0,256.0,227.5,7.0,7.5,41,0,0,0,0,0,0,0,0,0,0,0,0,1330,0,0,0,0,0,0,0,,,,0,,,,,,,,,
1776,Internal,392.0,942.5,39722,42,23.3,15.0,264.0,117.0,256.0,8.0,147.0,38,0,0,0,0,0,0,0,0,0,0,0,0,0,0,0,0,0,0,0,0,,,,0,,,,,,,,,
1777,Internal,143.0,393.5,73921,42,31.1,8.6,12.0,18.0,385.0,2.0,2.5,47,0,0,0,0,0,0,0,0,0,0,0,0,0,0,0,0,0,0,0,0,,,,0,,,,,,,,,
1778,Internal,344.5,930.0,73921,42,31.1,8.6,884.0,40.0,180.0,3.0,10.0,47,0,0,0,0,0,0,0,0,0,0,0,0,0,0,0,0,0,0,0,0,,,,0,,,,,,,,,
1779,Internal,595.0,1644.5,73921,42,31.1,8.6,2.0,83.5,246.5,2.0,41.0,47,0,0,0,0,0,0,0,0,0,0,0,0,0,0,0,0,0,0,0,0,,,,0,,,,,,,,,
1780,Internal,687.5,2254.0,61146,46,34.2,2.8,4.0,158.0,182.5,82.5,11.5,41,0,0,0,0,0,0,0,0,0,0,0,0,1047,0,0,0,0,0,0,0,,,,0,,,,,,,,,
1781,Internal,230.0,724.0,61146,46,34.2,2.8,5.0,4.5,34.0,15.0,0.0,31,0,0,0,0,0,0,0,0,0,0,0,0,0,0,0,0,0,0,0,0,,,,0,,,,,,,,,
1782,Internal,886.0,2718.0,61146,46,34.2,2.8,12.0,24.0,153.5,13.0,3.5,31,0,0,0,0,0,0,0,0,0,0,0,0,0,0,0,0,0,0,0,0,,,,0,,,,,,,,,
1783,Internal,202.0,548.5,61146,46,34.2,2.8,1.0,7.0,36.0,6.0,12.0,32,0,0,0,0,0,0,0,0,0,0,0,0,0,0,0,0,0,0,0,0,,,,0,,,,,,,,,
1784,Internal,1022.5,3216.0,61146,46,34.2,2.8,5.0,9.0,18.5,2.5,6.0,31,0,0,0,0,0,0,0,0,0,0,0,0,0,0,0,0,0,0,0,0,,,,0,,,,,,,,,
1785,Internal,922.5,2493.0,73921,42,31.1,8.6,70.0,0.0,29.0,0.0,0.0,0,0,0,0,0,0,0,0,0,0,0,0,0,0,0,0,0,0,0,0,0,,,,0,,,,,,,,,
1786,Internal,200.5,522.0,56495,42,31.2,7.0,6113.5,200.0,784.5,11.0,14.0,43,0,0,0,0,0,0,0,0,0,0,0,0,0,0,0,0,0,0,0,0,,,,0,,,,,,,,,
1787,Internal,12.0,35.0,56495,42,31.2,7.0,1549.5,323.0,78.0,0.0,54.0,55,0,0,0,0,0,0,0,0,0,0,0,0,0,0,0,0,0,0,0,0,,,,0,,,,,,,,,
1788,Internal,1415.0,3873.0,56495,42,31.2,7.0,34.5,92.0,47.5,1.5,0.0,47,0,0,0,0,0,0,0,0,0,0,0,0,0,0,0,0,0,0,0,0,,,,0,,,,,,,,,
1789,Internal,293.0,656.5,56495,42,31.2,7.0,357.5,164.5,485.0,16.5,40.0,69,0,0,0,0,0,0,0,0,0,0,0,0,0,0,0,0,0,0,0,0,,,,0,,,,,,,,,
1790,Internal,20.0,23.5,56495,42,31.2,7.0,1519.0,0.0,28.0,0.0,6.0,53,0,0,0,0,0,0,0,0,0,0,0,0,0,0,0,0,0,0,0,0,,,,0,,,,,,,,,
1791,Internal,1258.5,2984.5,56495,42,31.2,7.0,163.5,618.0,973.0,98.5,37.5,23,0,0,0,0,0,0,0,0,0,0,0,0,0,0,0,0,0,0,0,0,,,,0,,,,,,,,,
1792,Internal,153.0,415.5,56495,42,31.2,7.0,205.0,6.0,134.0,0.0,0.0,0,0,0,0,0,0,0,0,0,0,0,0,0,0,0,0,0,0,0,0,0,,,,0,,,,,,,,,
1793,Internal,1161.5,3354.0,56495,42,31.2,7.0,14.0,88.5,168.5,11.0,19.5,25,0,0,0,0,0,0,0,0,0,0,0,0,5,0,0,0,0,0,0,0,,,,0,,,,,,,,,
1794,Internal,538.0,1162.0,39000,46,34.5,17.2,100.0,41.0,47.0,75.0,19.0,36,0,0,0,0,0,0,0,0,0,0,0,0,957,0,0,0,0,0,0,0,,,,0,,,,,,,,,
1795,Internal,1068.5,2675.0,39000,46,34.5,17.2,0.0,9.0,82.0,0.0,8.5,31,0,0,0,0,0,0,0,0,0,0,0,0,0,0,0,0,0,0,0,0,,,,0,,,,,,,,,
1796,Internal,322.5,941.5,39000,46,34.5,17.2,6.0,13.5,46.5,2.0,0.5,31,0,0,0,0,0,0,0,0,0,0,0,0,0,0,0,0,0,0,0,0,,,,0,,,,,,,,,
1797,Internal,309.0,679.5,52124,46,30.5,2.9,27.0,13.5,115.5,15.0,249.0,8,0,0,0,0,0,0,0,0,0,0,0,0,0,0,0,0,0,0,0,0,,,,0,,,,,,,,,
1798,Internal,1435.5,4362.0,52124,46,30.5,2.9,89.0,100.0,316.0,9.5,0.0,56,0,0,0,0,13,0,0,0,0,0,0,0,0,0,0,0,0,0,0,0,,,,0,,,,,,,,,
1799,Internal,947.0,2577.5,54940,46,21.0,9.1,13.0,14.0,41.0,2.5,0.0,31,0,0,0,0,0,0,0,0,0,0,0,0,0,0,0,0,0,0,0,0,,,,0,,,,,,,,,
1800,Internal,107.5,283.5,54940,46,21.0,9.1,12.0,2.0,60.0,3.0,0.0,31,0,0,0,0,0,0,0,0,0,0,0,0,2918,0,0,0,0,0,0,0,,,,0,,,,,,,,,
1801,Internal,539.0,1493.0,52124,46,30.5,2.9,31.0,1.0,18.0,0.0,2.0,31,0,0,0,0,13,0,0,0,0,0,0,0,0,0,0,0,0,0,0,0,,,,0,,,,,,,,,
1802,Internal,77.5,225.5,63379,48,20.3,8.1,0.0,0.0,0.0,0.0,0.0,22,0,0,0,0,0,0,0,0,0,0,0,0,0,0,0,0,0,0,0,0,,,,0,,,,,,,,,
1803,Internal,1217.5,3293.0,63379,48,20.3,8.1,0.0,1.0,2.0,0.0,0.0,22,0,0,0,0,0,0,0,0,0,0,0,0,0,0,0,0,0,0,0,0,,,,0,,,,,,,,,
1804,Internal,425.5,1216.0,63379,48,20.3,8.1,4.0,8.0,1.0,0.0,0.0,22,0,0,0,0,0,0,0,0,0,0,0,0,1140,0,0,0,0,0,0,0,,,,0,,,,,,,,,
1805,Internal,550.0,1567.5,73580,42,28.6,8.8,19.0,30.0,96.5,1.0,6.0,53,0,0,0,0,0,0,0,0,0,0,0,0,0,0,0,0,0,0,0,0,,,,0,,,,,,,,,
1806,Internal,285.5,780.0,52566,42,28.7,17.9,75.5,16.0,106.0,3.0,30.0,41,0,0,0,0,0,0,0,0,0,0,0,0,0,0,0,0,0,0,0,0,,,,0,,,,,,,,,
1807,Internal,1123.5,2427.0,63379,48,20.3,8.1,28.0,1.0,3.5,6.0,68.0,19,0,0,0,0,0,0,0,0,0,0,0,0,0,0,0,0,0,0,0,0,,,,0,,,,,,,,,
1808,Internal,495.5,923.0,63379,48,20.3,8.1,10.5,180.5,194.5,14.0,1555.0,14,0,0,0,0,0,0,0,0,0,0,0,0,0,0,0,0,0,0,0,0,,,,0,,,,,,,,,
1809,Internal,615.5,1824.0,63379,48,20.3,8.1,2.0,5.0,4.5,0.0,1.0,46,0,0,0,0,7,0,0,0,0,0,0,0,4428,0,0,0,0,0,0,0,,,,0,,,,,,,,,
1810,Internal,210.5,508.5,88583,48,15.1,28.5,0.0,61.5,53.0,4.0,198.0,10,0,0,0,0,0,0,0,0,0,0,0,0,0,0,0,0,0,0,0,0,,,,0,,,,,,,,,
1811,Internal,208.5,572.5,88583,48,15.1,28.5,0.0,12.0,11.5,0.0,0.0,22,0,0,0,0,0,0,0,0,0,0,0,0,0,0,0,0,0,0,0,0,,,,0,,,,,,,,,
1812,Internal,117.0,360.0,88583,48,15.1,28.5,0.0,18.0,35.0,0.0,0.0,22,0,0,0,0,0,0,0,0,0,0,0,0,0,0,0,0,0,0,0,0,,,,0,,,,,,,,,
1813,Internal,146.5,361.0,52566,42,28.7,17.9,2014.5,115.0,262.5,10.5,255.0,46,0,0,0,0,0,0,0,0,0,0,0,0,83,0,0,0,0,0,0,0,,,,0,,,,,,,,,
1814,Internal,309.0,874.5,52566,42,28.7,17.9,164.5,280.5,272.0,1.5,34.5,35,0,0,0,0,0,0,0,0,0,0,0,0,0,0,0,0,0,0,0,0,,,,0,,,,,,,,,
1815,Internal,108.0,284.0,39722,42,23.3,15.0,206.5,246.5,199.5,49.5,905.5,28,0,0,0,0,0,0,0,0,0,0,0,0,0,0,0,0,0,0,0,0,,,,0,,,,,,,,,
1816,Internal,504.0,1371.0,50053,48,26.2,10.1,10.0,310.5,1038.5,190.5,361.0,22,0,0,0,0,20,0,0,0,0,0,0,0,0,0,0,0,0,0,0,0,,,,0,,,,,,,,,
1817,Internal,584.0,1459.5,88583,48,15.1,28.5,3.0,33.0,58.0,10.0,193.0,10,0,0,0,0,0,0,0,0,0,0,0,0,0,0,0,0,0,0,0,0,,,,0,,,,,,,,,
1818,Internal,853.5,1643.0,60913,48,27.3,15.0,89.0,362.0,383.5,159.5,95.0,28,0,0,0,0,0,0,0,0,0,0,0,0,728,0,0,0,0,0,0,0,,,,0,,,,,,,,,
1819,Internal,283.0,752.0,50053,48,26.2,10.1,49.0,100.0,101.5,0.5,43.0,49,0,0,0,0,0,0,0,0,0,0,0,0,0,0,0,0,0,0,0,0,,,,0,,,,,,,,,
1820,Internal,379.5,886.0,50053,48,26.2,10.1,2.0,11.0,35.0,0.0,0.0,22,0,0,0,0,0,0,0,0,0,0,0,0,0,0,0,0,0,0,0,0,,,,0,,,,,,,,,
1821,Internal,398.5,1144.0,50053,48,26.2,10.1,0.0,7.0,0.0,0.0,0.0,22,0,0,0,0,0,0,0,0,0,0,0,0,0,0,0,0,0,0,0,0,,,,0,,,,,,,,,
1822,Internal,151.5,449.0,50053,48,26.2,10.1,230.0,133.0,263.5,5.5,90.0,43,0,0,0,0,0,0,0,0,0,0,0,0,0,0,0,0,0,0,0,0,,,,0,,,,,,,,,
1823,Internal,156.0,372.0,50053,48,26.2,10.1,9.0,20.0,19.5,13.0,0.0,69,0,0,0,0,0,0,0,0,0,0,0,0,0,0,0,0,0,0,0,0,,,,0,,,,,,,,,
1824,Internal,315.5,696.5,50053,48,26.2,10.1,3.0,34.0,69.0,35.0,3.0,22,0,0,0,0,0,0,0,0,0,0,0,0,0,0,0,0,0,0,0,0,,,,0,,,,,,,,,
1825,Internal,214.5,548.5,60913,48,27.3,15.0,32.0,179.5,145.5,9.5,43.0,26,0,0,0,0,0,0,0,0,0,0,0,0,0,0,0,0,0,0,0,0,,,,0,,,,,,,,,
1826,Internal,304.5,787.0,89309,53,21.6,18.4,27.0,36.0,15.0,0.0,14.0,43,0,0,0,0,0,0,0,0,0,0,0,0,0,0,0,0,0,0,0,0,,,,0,,,,,,,,,
1827,Internal,544.0,1469.0,89309,53,21.6,18.4,21.0,28.0,63.0,10.0,24.0,44,0,0,0,0,7,0,0,0,0,0,0,0,0,0,0,0,0,0,0,0,,,,0,,,,,,,,,
1828,Internal,304.0,941.0,89309,53,21.6,18.4,3.0,83.0,24.0,0.0,3.0,44,0,0,0,0,0,0,0,0,0,0,0,0,832,0,0,0,0,0,0,0,,,,0,,,,,,,,,
1829,Internal,155.5,411.0,89309,53,21.6,18.4,7.0,16.0,0.0,30.0,0.0,43,0,0,0,0,0,0,0,0,0,0,0,0,0,0,0,0,0,0,0,0,,,,0,,,,,,,,,
1830,Internal,66.0,136.0,89309,53,21.6,18.4,11.0,12.0,2.0,0.0,1.0,43,0,0,0,0,0,0,0,0,0,0,0,0,0,0,0,0,0,0,0,0,,,,0,,,,,,,,,
1831,Internal,359.0,1016.5,74545,47,23.7,10.7,0.0,31.0,21.0,10.0,21.0,34,0,0,0,0,0,0,0,0,0,0,0,0,0,0,0,0,0,0,0,0,,,,0,,,,,,,,,
1832,Internal,297.0,936.5,86027,47,29.5,9.9,63.0,9.0,7.0,0.0,15.0,34,0,0,0,0,0,0,0,0,0,0,0,0,0,0,0,0,0,0,0,0,,,,0,,,,,,,,,
1833,Internal,149.5,400.5,67868,47,14.5,14.3,3.0,7.0,24.0,0.0,0.0,34,0,0,0,0,0,0,0,0,0,0,0,0,0,0,0,0,0,0,0,0,,,,0,,,,,,,,,
1834,Internal,445.0,1210.5,67868,47,14.5,14.3,4.0,5.0,16.5,11.0,5.0,34,0,0,0,0,0,0,0,0,0,0,0,0,0,0,0,0,0,0,0,0,,,,0,,,,,,,,,
1835,Internal,836.0,2182.0,74545,47,23.7,10.7,52.0,37.0,102.0,30.0,10.0,37,0,0,0,0,0,0,0,0,0,0,0,0,0,0,0,0,0,0,0,0,,,,0,,,,,,,,,
1836,Internal,434.0,1187.0,86027,47,29.5,9.9,16.0,29.0,19.5,5.0,15.0,34,0,0,0,0,0,0,0,0,0,0,0,0,0,0,0,0,0,0,0,0,,,,0,,,,,,,,,
1837,Internal,245.0,702.5,86027,47,29.5,9.9,13.0,14.0,8.0,20.0,28.0,44,0,0,0,0,0,0,0,0,0,0,0,0,0,0,0,0,0,0,0,0,,,,0,,,,,,,,,
1838,Internal,184.5,503.5,86027,47,29.5,9.9,2.0,6.0,0.0,2.0,0.0,34,0,0,0,0,0,0,0,0,0,0,0,0,0,0,0,0,0,0,0,0,,,,0,,,,,,,,,
1839,Internal,186.0,484.0,67868,47,14.5,14.3,5.0,12.0,19.0,0.0,12.0,34,0,0,0,0,0,0,0,0,0,0,0,0,0,0,0,0,0,0,0,0,,,,0,,,,,,,,,
1840,Internal,298.0,834.5,105362,51,29.8,12.4,43.5,3.5,81.0,0.0,2.0,25,0,0,0,0,0,0,0,0,0,0,0,0,0,0,0,0,0,0,0,0,,,,0,,,,,,,,,
1841,Internal,401.0,1091.0,105362,51,29.8,12.4,13.0,66.0,7.5,0.0,4.0,53,0,0,0,0,0,0,0,0,0,0,0,0,0,0,0,0,0,0,0,0,,,,0,,,,,,,,,
1842,Internal,173.5,481.5,69191,51,22.2,12.6,10.0,4.0,13.5,0.0,0.0,25,0,0,0,0,0,0,0,0,0,0,0,0,0,0,0,0,0,0,0,0,,,,0,,,,,,,,,
1843,Internal,503.5,1369.5,69191,51,22.2,12.6,128.0,24.0,48.5,0.0,93.0,14,0,0,0,0,0,0,0,0,0,0,0,0,0,0,0,0,0,0,0,0,,,,0,,,,,,,,,
1844,Internal,332.5,844.5,69191,51,22.2,12.6,0.0,36.0,10.0,0.0,0.0,17,0,0,0,0,0,0,0,0,0,0,0,0,0,0,0,0,0,0,0,0,,,,0,,,,,,,,,
1845,Internal,138.0,382.0,69191,51,22.2,12.6,7.0,15.0,121.5,0.0,51.0,0,0,0,0,0,0,0,0,0,0,0,0,0,0,0,0,0,0,0,0,0,,,,0,,,,,,,,,
1846,Internal,357.5,980.0,105362,51,29.8,12.4,10.0,29.0,11.0,2.0,27.0,23,0,0,0,0,0,0,0,0,0,0,0,0,0,0,0,0,0,0,0,0,,,,0,,,,,,,,,
1847,Internal,303.5,796.0,69191,51,22.2,12.6,4.0,11.0,14.0,7.0,0.0,25,0,0,0,0,0,0,0,0,0,0,0,0,0,0,0,0,0,0,0,0,,,,0,,,,,,,,,
1848,Internal,208.0,555.0,78214,44,25.4,13.7,2.0,13.0,0.0,0.0,0.0,27,0,0,0,0,0,0,0,0,0,0,0,0,0,0,0,0,0,0,0,0,,,,0,,,,,,,,,
1849,Internal,141.0,421.0,78214,44,25.4,13.7,2.0,23.0,16.0,0.0,9.0,27,0,0,0,0,0,0,0,0,0,0,0,0,0,0,0,0,0,0,0,0,,,,0,,,,,,,,,
1850,Internal,202.5,602.5,78214,44,25.4,13.7,3.0,3.0,8.5,0.0,5.0,27,0,0,0,0,0,0,0,0,0,0,0,0,0,0,0,0,0,0,0,0,,,,0,,,,,,,,,
1851,Internal,180.0,567.5,78214,44,25.4,13.7,76.0,67.0,17.0,0.0,94.0,32,0,0,0,0,0,0,0,0,0,0,0,0,0,0,0,0,0,0,0,0,,,,0,,,,,,,,,
1852,Internal,162.5,446.5,78214,44,25.4,13.7,19.0,37.0,0.0,0.0,0.0,27,0,0,0,0,0,0,0,0,0,0,0,0,0,0,0,0,0,0,0,0,,,,0,,,,,,,,,
1853,Internal,261.0,742.0,78214,44,25.4,13.7,5.0,27.0,65.0,0.0,9.0,9,0,0,0,0,0,0,0,0,0,0,0,0,0,0,0,0,0,0,0,0,,,,0,,,,,,,,,
1854,Internal,180.5,506.5,112917,48,13.2,24.8,2.0,2.0,38.0,0.0,2.0,32,0,0,0,0,0,0,0,0,0,0,0,0,0,0,0,0,0,0,0,0,,,,0,,,,,,,,,
1855,Internal,155.0,384.0,105875,58,15.5,19.5,34.0,14.0,17.0,0.0,0.0,14,0,0,0,0,13,0,0,0,0,0,0,0,0,0,0,0,0,0,0,0,,,,0,,,,,,,,,
1856,Internal,230.0,605.0,112917,48,13.2,24.8,4.0,32.0,112.0,0.0,1.0,32,0,0,0,0,0,0,0,0,0,0,0,0,70,0,0,0,0,0,0,0,,,,0,,,,,,,,,
1857,Internal,493.5,1408.5,147798,48,30.1,13.4,80.0,36.5,160.0,4.0,209.0,24,0,0,0,0,0,0,0,0,0,0,0,0,0,0,0,0,0,0,0,0,,,,0,,,,,,,,,
1858,Internal,281.0,708.0,112917,48,13.2,24.8,14.0,21.0,24.0,2.0,6.0,44,0,0,0,0,0,0,0,0,0,0,0,0,0,0,0,0,0,0,0,0,,,,0,,,,,,,,,
1859,Internal,66.0,184.0,78782,58,23.7,8.8,11.0,0.0,0.0,1.0,0.0,55,0,0,0,0,0,0,0,0,0,0,0,0,0,0,0,0,0,0,0,0,,,,0,,,,,,,,,
1860,Internal,382.5,1060.0,132375,49,22.4,13.8,53.0,42.0,71.0,0.0,4.0,72,0,0,0,0,0,0,0,0,0,0,0,0,0,0,0,0,0,0,0,0,,,,0,,,,,,,,,
1861,Internal,365.5,966.5,132375,49,22.4,13.8,134.0,22.0,32.0,0.0,13.0,23,0,0,0,0,13,0,0,0,0,0,0,0,0,0,0,0,0,0,0,0,,,,0,,,,,,,,,
1862,Internal,374.0,1104.5,132375,49,22.4,13.8,19.0,42.0,17.0,0.0,0.0,56,0,0,0,0,7,0,0,0,0,0,0,0,0,0,0,0,0,0,0,0,,,,0,,,,,,,,,
1863,Internal,201.0,501.0,147798,48,30.1,13.4,7.0,330.0,15.0,0.0,27.0,45,0,0,0,0,0,0,0,0,0,0,0,0,1616,0,0,0,0,0,0,0,,,,0,,,,,,,,,
1864,Internal,329.5,740.5,98875,50,14.1,52.4,10.0,307.0,40.0,41.0,38.0,28,0,0,0,0,0,0,0,0,0,0,0,0,0,0,0,0,0,0,0,0,,,,0,,,,,,,,,
1865,Internal,372.0,911.0,91389,49,17.4,23.8,4.0,41.5,61.0,17.5,21.0,71,0,0,0,0,0,0,0,0,0,0,0,0,0,0,0,0,0,0,0,0,,,,0,,,,,,,,,
1866,Internal,117.5,303.0,158095,50,19.8,14.3,13.0,9.0,16.5,53.0,0.0,46,0,0,0,0,0,0,0,0,0,0,0,0,0,0,0,0,0,0,0,0,,,,0,,,,,,,,,
1867,Internal,375.5,721.5,91389,49,17.4,23.8,14.0,192.5,666.5,41.0,265.0,39,0,0,0,0,0,0,0,0,0,0,0,0,0,0,0,0,0,0,0,0,,,,0,,,,,,,,,
1868,Internal,344.5,952.0,166875,50,26.0,10.5,1.0,2.0,38.0,0.0,3.0,79,0,0,0,0,0,0,0,0,0,0,0,0,0,0,0,0,0,0,0,0,,,,0,,,,,,,,,
1869,Internal,364.5,1080.0,166875,50,26.0,10.5,0.0,38.0,37.0,3.0,4.0,61,0,0,0,0,0,0,0,0,0,0,0,0,0,0,0,0,0,0,0,0,,,,0,,,,,,,,,
1870,Internal,164.0,417.5,158095,50,19.8,14.3,79.0,47.0,16.0,10.0,52.0,55,0,0,0,0,0,0,0,0,0,0,0,0,0,0,0,0,0,0,0,0,,,,0,,,,,,,,,
1871,Internal,466.0,1370.0,158095,50,19.8,14.3,35.0,6.0,68.0,3.0,44.0,40,0,0,0,0,0,0,0,0,0,0,0,0,0,0,0,0,0,0,0,0,,,,0,,,,,,,,,
1872,Internal,88.0,250.0,158095,50,19.8,14.3,0.0,82.0,7.5,0.0,0.0,51,0,0,0,0,0,0,0,0,0,0,0,0,1034,0,0,0,0,0,0,0,,,,0,,,,,,,,,
1873,Internal,103.5,203.5,91389,49,17.4,23.8,0.0,108.0,473.0,172.0,379.0,35,0,0,0,0,0,0,0,0,0,0,0,0,0,0,0,0,0,0,0,0,,,,0,,,,,,,,,
1874,Internal,430.5,769.0,55481,58,20.9,7.6,21.0,431.0,1945.5,281.0,2201.5,24,0,0,0,0,7,0,0,0,0,0,0,0,0,0,0,0,0,0,0,0,,,,0,,,,,,,,,
1875,Internal,469.0,1127.5,55481,58,20.9,7.6,6.0,27.0,308.5,15.0,112.5,35,0,0,0,0,0,0,0,0,0,0,0,0,0,0,0,0,0,0,0,0,,,,0,,,,,,,,,
1876,Internal,1313.0,2371.0,55481,58,20.9,7.6,48.0,90.5,240.5,8.0,354.5,13,0,0,0,0,40,0,0,0,0,0,0,0,0,0,0,0,0,0,0,0,,,,0,,,,,,,,,
1877,Internal,495.5,1333.5,55481,58,20.9,7.6,24.0,144.0,81.0,6.0,27.0,19,0,0,0,0,0,0,0,0,0,0,0,0,0,0,0,0,0,0,0,0,,,,0,,,,,,,,,
1878,Internal,56.5,115.5,55481,58,20.9,7.6,35.0,93.5,423.5,90.0,339.0,12,0,0,0,0,0,0,0,0,0,0,0,0,0,0,0,0,0,0,0,0,,,,0,,,,,,,,,
1879,Internal,516.5,1399.5,66364,58,16.0,7.6,6.0,68.0,53.0,8.0,5.5,45,0,0,0,0,13,0,0,0,0,0,0,0,0,0,0,0,0,0,0,0,,,,0,,,,,,,,,
1880,Internal,120.0,319.5,55481,58,20.9,7.6,7.0,56.5,1347.0,149.0,1210.0,16,0,0,0,0,7,0,0,0,0,0,0,0,0,0,0,0,0,0,0,0,,,,0,,,,,,,,,
1881,Internal,147.5,430.0,148542,58,18.5,15.3,7.0,7.0,71.0,0.0,3.0,31,0,0,0,0,0,0,0,0,0,0,0,0,0,0,0,0,0,0,0,0,,,,0,,,,,,,,,
1882,Internal,666.0,1512.0,126406,49,21.6,16.6,6.0,271.0,336.0,0.0,23.0,45,0,0,0,0,7,0,0,0,0,0,0,0,0,0,0,0,0,0,0,0,,,,0,,,,,,,,,
1883,Internal,243.5,711.5,148542,58,18.5,15.3,5.0,110.0,17.0,25.0,1.0,80,0,0,0,0,20,0,0,0,0,0,0,0,0,0,0,0,0,0,0,0,,,,0,,,,,,,,,
1884,Internal,50.0,116.5,148542,58,18.5,15.3,0.0,0.0,0.0,0.0,0.0,31,0,0,0,0,0,0,0,0,0,0,0,0,0,0,0,0,0,0,0,0,,,,0,,,,,,,,,
1885,Internal,356.0,724.5,55481,58,20.9,7.6,2.0,11.0,43.5,0.0,1.0,58,0,0,0,0,27,0,0,0,0,0,0,0,0,0,0,0,0,0,0,0,,,,0,,,,,,,,,
1886,Internal,33.0,105.0,55481,58,20.9,7.6,457.0,725.5,678.5,32.0,25.0,56,0,0,0,0,0,0,0,0,0,0,0,0,745,0,0,0,0,0,0,0,,,,0,,,,,,,,,
1887,Internal,283.0,740.0,78782,58,23.7,8.8,14.0,16.0,64.0,0.0,161.0,55,0,0,0,0,0,0,0,0,0,0,0,0,1945,0,0,0,0,0,0,0,,,,0,,,,,,,,,
1888,Internal,486.0,1282.0,105875,58,15.5,19.5,30.0,29.0,73.0,16.0,6.0,24,0,0,0,0,0,0,0,0,0,0,0,0,0,0,0,0,0,0,0,0,,,,0,,,,,,,,,
1889,Internal,1037.0,2733.0,78782,58,23.7,8.8,8.0,619.0,870.5,57.5,63.0,24,0,0,0,0,0,0,0,0,0,0,0,0,0,0,0,0,0,0,0,0,,,,0,,,,,,,,,
1890,Internal,538.5,943.5,66364,58,16.0,7.6,3.0,210.5,32.0,5.0,5.0,54,0,0,0,0,318,0,0,0,0,0,0,0,2732,0,0,0,0,0,0,0,,,,0,,,,,,,,,
1891,Internal,115.0,301.0,66364,58,16.0,7.6,2.0,16.0,12.0,0.0,0.0,55,0,0,0,0,0,0,0,0,0,0,0,0,0,0,0,0,0,0,0,0,,,,0,,,,,,,,,
1892,Internal,478.0,948.0,66364,58,16.0,7.6,0.0,109.5,367.5,6.5,12.5,54,0,0,0,0,140,0,0,0,0,0,0,0,0,0,0,0,0,0,0,0,,,,0,,,,,,,,,
1893,Internal,390.5,686.5,66364,58,16.0,7.6,91.0,1444.5,949.0,38.0,40.0,57,0,0,0,0,231,0,0,0,0,0,0,0,0,0,0,0,0,0,0,0,,,,0,,,,,,,,,
1894,Internal,406.0,1134.5,35591,50,39.3,8.3,149.0,265.5,610.5,24.0,15.5,39,0,0,0,0,0,0,0,0,7,0,0,0,0,0,0,0,0,0,0,0,,,,0,,,,,,,,,
1895,Internal,1361.0,2742.0,35591,50,39.3,8.3,1751.5,1134.0,1332.5,180.5,1135.5,47,0,0,0,0,0,0,0,0,0,0,0,0,0,0,0,0,0,0,0,0,,,,0,,,,,,,,,
1896,Internal,419.5,1118.0,35591,50,39.3,8.3,26.0,190.5,32.0,0.0,10.0,80,0,0,0,0,0,0,0,0,0,0,0,0,1217,0,0,0,0,0,0,0,,,,0,,,,,,,,,
1897,Internal,221.5,561.5,35591,50,39.3,8.3,157.0,42.5,275.5,37.0,106.0,42,0,0,0,0,7,0,0,0,0,0,0,0,0,0,0,0,0,0,0,0,,,,0,,,,,,,,,
1898,Internal,237.5,660.0,68667,50,17.0,20.5,0.0,24.5,106.0,6.0,0.0,46,0,0,0,0,0,0,0,0,0,0,0,0,0,0,0,0,0,0,0,0,,,,0,,,,,,,,,
1899,Internal,559.0,1398.5,68667,50,17.0,20.5,227.0,378.5,970.0,66.5,87.0,24,0,0,0,0,0,0,0,0,0,0,0,0,0,0,0,0,0,0,0,0,,,,0,,,,,,,,,
1900,Internal,472.0,1275.5,68667,50,17.0,20.5,26.0,20.0,106.0,1.0,0.0,65,0,0,0,0,0,0,0,0,0,0,0,0,0,0,0,0,0,0,0,0,,,,0,,,,,,,,,
1901,Internal,217.0,550.5,100313,50,26.0,9.9,10.0,11.0,30.0,0.0,0.0,27,0,0,0,0,0,0,0,0,0,0,0,0,0,0,0,0,0,0,0,0,,,,0,,,,,,,,,
1902,Internal,2367.0,4800.0,100313,50,26.0,9.9,15.0,65.0,359.0,39.0,249.5,15,0,0,0,0,0,0,0,0,0,0,0,0,0,0,0,0,0,0,0,0,,,,0,,,,,,,,,
1903,Internal,714.0,2037.5,100313,50,26.0,9.9,4.0,16.0,66.5,0.0,0.0,17,0,0,0,0,0,0,0,0,0,0,0,0,0,0,0,0,0,0,0,0,,,,0,,,,,,,,,
1904,Internal,360.0,1259.0,100313,50,26.0,9.9,8.0,0.0,13.5,0.0,2.0,46,0,0,0,0,0,0,0,0,0,0,0,0,0,0,0,0,0,0,0,0,,,,0,,,,,,,,,
1905,Internal,414.5,1149.0,104300,58,27.0,11.9,28.0,43.0,33.0,40.0,10.0,44,0,0,0,0,0,0,0,0,0,0,0,0,0,0,0,0,0,0,0,0,,,,0,,,,,,,,,
1906,Internal,674.5,1739.5,56818,50,4.4,24.3,40.0,26.0,112.5,2.0,18.5,30,0,0,0,0,0,0,0,0,0,0,0,0,0,0,0,0,0,0,0,0,,,,0,,,,,,,,,
1907,Internal,869.0,2305.0,56818,50,4.4,24.3,25.0,290.5,869.0,226.0,311.0,18,0,0,0,0,0,0,0,0,0,0,0,0,0,0,0,0,0,0,0,0,,,,0,,,,,,,,,
1908,Internal,846.0,2047.5,65568,44,23.7,20.2,0.0,202.0,592.5,82.0,233.0,43,0,0,0,0,0,0,0,0,0,0,0,0,0,0,0,0,0,0,0,0,,,,0,,,,,,,,,
1909,Internal,225.0,591.5,65568,44,23.7,20.2,0.0,20.0,216.5,1.5,13.0,5,0,0,0,0,0,0,0,0,0,0,0,0,0,0,0,0,0,0,0,0,,,,0,,,,,,,,,
1910,Internal,606.0,1737.5,65568,44,23.7,20.2,0.0,6.0,24.5,5.0,4.0,14,0,0,0,0,0,0,0,0,0,0,0,0,0,0,0,0,0,0,0,0,,,,0,,,,,,,,,
1911,Internal,1235.0,2844.5,65568,44,23.7,20.2,0.0,149.5,365.0,7.0,170.5,8,0,0,0,0,0,0,0,0,0,0,0,0,0,0,0,0,0,0,0,0,,,,0,,,,,,,,,
1912,Internal,276.0,717.0,65568,44,23.7,20.2,0.0,291.0,233.5,79.5,116.5,36,0,0,0,0,0,0,0,0,0,0,0,0,0,0,0,0,0,0,0,0,,,,0,,,,,,,,,
1913,Internal,810.5,2163.0,80094,45,31.6,16.5,599.5,437.0,649.5,191.5,239.0,37,0,0,0,0,0,0,0,0,0,0,0,0,0,0,0,0,0,0,0,0,,,,0,,,,,,,,,
1914,Internal,132.0,317.0,42589,45,28.4,13.9,1.0,172.5,160.5,28.5,34.0,42,0,0,0,0,0,0,0,0,0,0,0,0,0,0,0,0,0,0,0,0,,,,0,,,,,,,,,
1915,Internal,481.0,1103.5,42589,45,28.4,13.9,4.0,98.0,391.0,69.5,195.5,24,0,0,0,0,0,0,0,0,0,0,0,0,15,0,0,1,0,0,0,0,,,,0,,,,,,,,,
1916,Internal,1.5,1.5,42589,45,28.4,13.9,0.0,103.0,0.0,0.0,0.0,32,0,0,0,0,0,0,0,0,0,0,0,0,1576,0,0,0,0,0,0,0,,,,0,,,,,,,,,
1917,Internal,439.5,1202.0,42589,45,28.4,13.9,2.0,44.0,152.5,8.5,1.5,21,0,0,0,0,0,0,0,0,0,0,0,0,0,0,0,0,0,0,0,0,,,,0,,,,,,,,,
1918,Internal,402.0,892.5,42589,45,28.4,13.9,0.0,34.5,66.5,7.5,58.0,32,0,0,0,0,0,0,0,0,0,0,0,0,0,0,0,0,0,0,0,0,,,,0,,,,,,,,,
1919,Internal,100.5,249.0,42589,45,28.4,13.9,59.0,25.5,173.0,3.0,80.0,35,0,0,0,0,0,0,0,0,0,0,0,0,0,0,0,0,0,0,0,0,,,,0,,,,,,,,,
1920,Internal,308.0,857.5,72075,45,24.2,15.0,62.5,110.5,177.5,2.0,0.0,27,0,0,0,0,0,0,0,0,0,0,0,0,600,0,0,0,0,0,0,0,,,,0,,,,,,,,,
1921,Internal,385.0,1061.0,72075,45,24.2,15.0,21.5,18.5,127.5,19.0,49.0,27,0,0,0,0,0,0,0,0,0,0,0,0,0,0,0,0,0,0,0,0,,,,0,,,,,,,,,
1922,Internal,454.5,1186.5,72075,45,24.2,15.0,44.0,8.5,35.0,0.0,0.0,27,0,0,0,0,0,0,0,0,0,0,0,0,0,0,0,0,0,0,0,0,,,,0,,,,,,,,,
1923,Internal,863.5,2433.5,72075,45,24.2,15.0,0.0,0.0,15.0,0.0,3.0,27,0,0,0,0,0,0,0,0,0,0,0,0,0,0,0,0,0,0,0,0,,,,0,,,,,,,,,
1924,Internal,515.5,1297.0,72075,45,24.2,15.0,8.5,21.5,292.5,17.0,6.0,12,0,0,0,0,0,0,0,0,0,0,0,0,0,0,0,0,0,0,0,0,,,,0,,,,,,,,,
1925,Internal,47.0,108.0,72075,45,24.2,15.0,1.0,7.5,107.0,26.0,99.5,25,0,0,0,0,0,0,0,0,0,0,0,0,0,0,0,0,0,0,0,0,,,,0,,,,,,,,,
1926,Internal,325.5,873.0,67997,45,26.3,11.2,275.0,3.0,9.0,0.0,0.0,32,0,0,0,0,0,0,0,0,0,0,0,0,0,0,0,0,0,0,0,0,,,,0,,,,,,,,,
1927,Internal,856.5,2406.5,67997,45,26.3,11.2,1038.0,1.5,133.5,5.0,1.0,32,0,0,0,0,0,0,0,0,0,0,0,0,0,0,0,0,0,0,0,0,,,,0,,,,,,,,,
1928,Internal,537.0,1428.5,67997,45,26.3,11.2,49.5,60.0,79.0,0.0,0.0,13,0,0,0,0,0,0,0,0,0,0,0,0,0,0,0,0,0,0,0,0,,,,0,,,,,,,,,
1929,Internal,404.0,1130.5,67997,45,26.3,11.2,10.0,124.0,101.0,0.0,56.5,37,0,0,0,0,0,0,0,0,0,0,0,0,0,0,0,0,0,0,0,0,,,,0,,,,,,,,,
1930,Internal,447.0,1021.5,67997,45,26.3,11.2,0.0,53.0,181.0,1.0,2.0,32,0,0,0,0,0,0,0,0,0,0,0,0,0,0,0,0,0,0,0,0,,,,0,,,,,,,,,
1931,Internal,881.0,2660.0,67997,45,26.3,11.2,0.0,23.5,162.5,9.5,8.0,16,0,0,0,0,0,0,0,0,0,0,0,0,0,0,0,0,0,0,0,0,,,,0,,,,,,,,,
1932,Internal,359.5,1092.0,80094,45,31.6,16.5,6.0,62.0,54.0,22.5,1.0,32,0,0,0,0,0,0,0,0,0,0,0,0,0,0,0,0,0,0,0,0,,,,0,,,,,,,,,
1933,Internal,1544.0,4164.0,80094,45,31.6,16.5,25.5,136.5,192.0,18.0,13.5,20,0,0,0,0,0,0,0,0,0,0,0,0,3198,0,0,0,0,0,0,0,,,,0,,,,,,,,,
1934,Internal,363.5,950.0,80094,45,31.6,16.5,0.0,33.0,33.0,0.0,0.5,27,0,0,0,0,0,0,0,0,0,0,0,0,0,0,0,0,0,0,0,0,,,,0,,,,,,,,,
1935,Internal,168.0,447.5,125080,51,22.6,11.1,21.0,42.0,242.0,2223.5,53.0,46,0,0,0,0,0,0,0,0,0,0,0,0,0,0,8695,0,0,0,0,0,,,,0,,,,,,,,,
1936,Internal,522.5,1539.5,125080,51,22.6,11.1,44.0,81.0,285.0,0.0,32.5,29,0,0,0,0,0,0,0,0,0,0,0,0,0,0,0,0,0,0,0,0,,,,0,,,,,,,,,
1937,Internal,189.5,541.0,125080,51,22.6,11.1,0.0,157.0,110.0,17.0,0.0,0,0,0,0,0,0,0,0,0,0,0,0,0,660,0,0,0,0,0,0,0,,,,0,,,,,,,,,
1938,Internal,405.0,996.5,125080,51,22.6,11.1,98.0,25.0,36.0,4.0,10.0,9,0,0,0,0,0,0,0,0,0,0,0,0,0,0,0,0,0,0,0,0,,,,0,,,,,,,,,
1939,Internal,299.0,894.5,91875,52,22.9,6.7,1.0,0.0,3.5,0.0,0.5,47,0,0,0,0,0,0,0,0,0,0,0,0,0,0,0,0,0,0,0,0,,,,0,,,,,,,,,
1940,Internal,831.0,2011.0,91875,52,22.9,6.7,229.5,106.5,243.0,31.0,33.5,46,0,0,0,0,0,0,0,0,0,0,0,0,0,0,0,0,0,0,0,0,,,,0,,,,,,,,,
1941,Internal,174.0,435.5,91875,52,22.9,6.7,6.0,4.0,4.0,0.0,6.0,47,0,0,0,0,0,0,0,0,0,0,0,0,0,0,0,0,0,0,0,0,,,,0,,,,,,,,,
1942,Internal,500.0,1301.5,91875,52,22.9,6.7,6.0,2.0,16.0,0.0,0.0,47,0,0,0,0,0,0,0,0,0,0,0,0,0,0,0,0,0,0,0,0,,,,0,,,,,,,,,
1943,Internal,151.0,467.0,91875,52,22.9,6.7,0.0,0.0,2.0,0.0,0.0,47,0,0,0,0,0,0,0,0,0,0,0,0,0,0,0,0,0,0,0,0,,,,0,,,,,,,,,
1944,Internal,342.5,995.0,125080,51,22.6,11.1,2.5,28.5,454.5,17.5,356.0,10,0,0,0,0,0,0,0,0,0,0,0,0,0,0,0,0,0,0,0,0,,,,0,,,,,,,,,
1945,Internal,214.0,545.5,105508,52,30.8,12.1,0.0,8.0,2.0,0.0,1.0,47,0,0,0,0,0,0,0,0,0,0,0,0,0,0,0,0,0,0,0,0,,,,0,,,,,,,,,
1946,Internal,837.5,2517.5,105508,52,30.8,12.1,4.0,5.5,37.0,0.0,0.0,41,0,0,0,0,0,0,0,0,0,0,0,0,0,0,0,0,0,0,0,0,,,,0,,,,,,,,,
1947,Internal,798.5,2124.5,82731,52,24.0,17.4,108.5,120.5,236.5,16.0,21.0,55,0,0,0,0,0,0,0,0,0,0,0,0,247,0,0,0,0,0,0,0,,,,0,,,,,,,,,
1948,Internal,179.0,520.0,82731,52,24.0,17.4,0.0,3.0,27.0,0.0,0.0,47,0,0,0,0,0,0,0,0,0,0,0,0,0,0,0,0,0,0,0,0,,,,0,,,,,,,,,
1949,Internal,93.0,255.5,91875,52,22.9,6.7,0.0,8.0,44.5,0.0,0.0,0,0,0,0,0,0,0,0,0,0,0,0,0,0,0,0,0,0,0,0,0,,,,0,,,,,,,,,
1950,Internal,103.0,283.5,83947,51,31.4,6.5,130.5,115.0,52.5,2.0,0.5,46,0,0,0,0,0,0,0,0,0,0,0,0,1215,0,0,0,0,0,0,0,,,,0,,,,,,,,,
1951,Internal,1533.5,4292.0,95819,51,32.9,7.6,44.0,30.0,82.0,21.0,17.0,37,0,0,0,0,0,0,0,0,0,0,0,0,0,0,0,0,0,0,0,0,,,,0,,,,,,,,,
1952,Internal,304.0,792.0,83947,51,31.4,6.5,47.0,128.0,169.5,8.0,129.5,35,0,0,0,0,0,0,0,0,0,0,0,0,0,0,0,0,0,0,0,0,,,,0,,,,,,,,,
1953,Internal,710.0,1890.5,95819,51,32.9,7.6,3.0,36.5,404.0,4.0,3.5,60,0,0,0,0,0,0,0,0,0,0,0,0,0,0,0,0,0,0,0,0,,,,0,,,,,,,,,
1954,Internal,366.0,966.0,83947,51,31.4,6.5,41.0,45.0,11.0,0.0,1.0,37,0,0,0,0,0,0,0,0,0,0,0,0,0,0,0,0,0,0,0,0,,,,0,,,,,,,,,
1955,Internal,634.0,1994.5,96681,45,30.2,10.2,15.0,89.5,67.5,0.5,17.0,21,0,0,0,0,0,0,0,0,0,0,0,0,1058,0,0,0,0,0,0,0,,,,0,,,,,,,,,
1956,Internal,648.5,1706.5,96681,45,30.2,10.2,31.0,216.0,1069.0,72.5,115.0,49,0,0,0,0,0,0,0,0,0,0,0,0,0,0,0,0,0,0,0,0,,,,0,,,,,,,,,
1957,Internal,264.5,656.0,96681,45,30.2,10.2,4.0,65.0,55.0,0.0,0.0,13,0,0,0,0,0,0,0,0,0,0,0,0,0,0,0,0,0,0,0,0,,,,0,,,,,,,,,
1958,Internal,295.5,831.5,78750,45,24.8,12.7,10.0,185.0,216.0,19.5,343.0,15,0,0,0,0,0,0,0,0,0,0,0,0,0,0,0,0,0,0,0,0,,,,0,,,,,,,,,
1959,Internal,1529.0,4052.0,96681,45,30.2,10.2,104.0,477.0,655.5,54.5,78.5,34,0,0,0,0,0,0,0,0,0,0,0,0,1160,0,0,0,0,0,0,0,,,,0,,,,,,,,,
1960,Internal,884.5,2370.5,78750,45,24.8,12.7,170.5,381.0,453.0,51.5,123.0,35,0,0,0,0,0,0,0,0,0,0,0,0,0,0,0,0,0,0,0,0,,,,0,,,,,,,,,
1961,Internal,1085.5,3164.0,78750,45,24.8,12.7,475.5,111.5,247.0,2.5,3.5,33,0,0,0,0,0,0,0,0,0,0,0,0,6502,0,0,0,0,0,0,0,,,,0,,,,,,,,,
1962,Internal,540.0,1417.0,96681,45,30.2,10.2,0.0,165.5,273.5,10.0,96.0,25,0,0,0,0,0,0,0,0,0,0,0,0,1117,0,0,0,0,0,0,0,,,,0,,,,,,,,,
1963,Internal,666.5,1906.5,96681,45,30.2,10.2,5.0,1072.0,1017.0,736.0,1309.0,27,0,0,0,0,0,0,0,0,0,0,0,0,0,0,0,0,0,0,0,0,,,,0,,,,,,,,,
1964,Internal,835.5,2113.0,96681,45,30.2,10.2,80.0,497.5,854.5,83.0,64.0,45,0,0,0,0,0,0,0,0,0,0,0,0,0,0,0,0,0,0,0,0,,,,0,,,,,,,,,
1965,Internal,492.5,1502.0,96681,45,30.2,10.2,0.0,9.5,37.0,0.0,0.0,27,0,0,0,0,0,0,0,0,0,0,0,0,0,0,0,0,0,0,0,0,,,,0,,,,,,,,,
1966,Internal,262.0,744.0,96681,45,30.2,10.2,0.0,10.5,31.0,0.0,0.0,27,0,0,0,0,0,0,0,0,0,0,0,0,0,0,0,0,0,0,0,0,,,,0,,,,,,,,,
1967,Internal,58.5,162.5,96681,45,30.2,10.2,4.5,125.0,191.5,12.0,193.0,20,0,0,0,0,0,0,0,0,0,0,0,0,0,0,0,0,0,0,0,0,,,,0,,,,,,,,,
1968,Internal,199.5,447.5,96681,45,30.2,10.2,0.0,0.0,10.5,36.0,0.5,4,0,0,0,0,0,0,0,0,0,0,0,0,0,0,0,0,0,0,0,0,,,,0,,,,,,,,,
1969,Internal,35.0,88.5,96681,45,30.2,10.2,0.0,116.5,75.0,0.0,0.0,28,0,0,0,0,0,0,0,0,0,0,0,0,1314,0,0,0,0,0,0,0,,,,0,,,,,,,,,
1970,Internal,32.0,107.5,66875,45,28.7,6.4,0.0,0.0,0.0,0.0,0.0,24,0,0,0,0,0,0,0,0,0,0,0,0,0,0,0,0,0,0,0,0,,,,0,,,,,,,,,
1971,Internal,484.5,1346.0,78750,45,24.8,12.7,0.0,17.0,157.0,0.0,10.0,24,0,0,0,0,0,0,0,0,0,0,0,0,0,0,0,0,0,0,0,0,,,,0,,,,,,,,,
1972,Internal,1175.0,3363.0,78750,45,24.8,12.7,12.0,25.0,249.5,0.5,15.5,39,0,0,0,0,0,0,0,0,0,0,0,0,0,0,0,0,0,0,0,0,,,,0,,,,,,,,,
1973,Internal,479.5,1321.5,78750,45,24.8,12.7,4.0,143.0,179.5,1.5,17.0,24,0,0,0,0,0,0,0,0,0,0,0,0,0,0,0,0,0,0,0,0,,,,0,,,,,,,,,
1974,Internal,140.5,413.0,58420,45,27.9,15.3,346.0,60.0,4.0,0.0,0.0,27,0,0,0,0,0,0,0,0,0,0,0,0,0,0,0,0,0,0,0,0,,,,0,,,,,,,,,
1975,Internal,426.0,1173.5,66875,45,28.7,6.4,18.0,20.0,8.0,0.0,0.0,24,0,0,0,0,0,0,0,0,0,0,0,0,0,0,0,0,0,0,0,0,,,,0,,,,,,,,,
1976,Internal,409.5,1213.5,58420,45,27.9,15.3,33.0,24.0,38.0,0.0,3.0,11,0,0,0,0,0,0,0,0,0,0,0,0,0,0,0,0,0,0,0,0,,,,0,,,,,,,,,
1977,Internal,232.0,588.5,58420,45,27.9,15.3,9.0,21.0,10.0,0.0,6.0,27,0,0,0,0,0,0,0,0,0,0,0,0,0,0,0,0,0,0,0,0,,,,0,,,,,,,,,
1978,Internal,213.0,663.5,66875,45,28.7,6.4,3.0,4.0,4.0,0.0,0.0,24,0,0,0,0,0,0,0,0,0,0,0,0,0,0,0,0,0,0,0,0,,,,0,,,,,,,,,
1979,Internal,96.0,309.5,66875,45,28.7,6.4,4.0,3.0,3.0,0.0,0.0,24,0,0,0,0,0,0,0,0,0,0,0,0,0,0,0,0,0,0,0,0,,,,0,,,,,,,,,
1980,Internal,473.5,1313.5,58420,45,27.9,15.3,5.5,15.0,1.0,0.0,2.0,27,0,0,0,0,0,0,0,0,0,0,0,0,0,0,0,0,0,0,0,0,,,,0,,,,,,,,,
1981,Internal,314.0,894.5,66875,45,28.7,6.4,17.0,170.5,129.5,2.5,6.0,6,0,0,0,0,0,0,0,0,0,0,0,0,1259,0,0,0,0,0,0,0,,,,0,,,,,,,,,
1982,Internal,78.0,191.5,66875,45,28.7,6.4,21.0,0.0,0.0,0.0,0.0,24,0,0,0,0,0,0,0,0,0,0,0,0,0,0,0,0,0,0,0,0,,,,0,,,,,,,,,
1983,Internal,668.5,1836.5,78750,45,24.8,12.7,12.0,12.0,427.0,0.0,0.0,24,0,0,0,0,0,0,0,0,0,0,0,0,0,0,0,0,0,0,0,0,,,,0,,,,,,,,,
1984,Internal,265.0,712.0,66875,45,28.7,6.4,190.0,7.0,30.0,2.5,11.0,24,0,0,0,0,0,0,0,0,0,0,0,0,0,0,0,0,0,0,0,0,,,,0,,,,,,,,,
1985,Internal,23.5,81.0,58420,45,27.9,15.3,0.0,70.0,7.5,0.0,0.0,52,0,0,0,0,0,0,0,0,0,0,0,0,1330,0,0,0,0,0,0,0,,,,0,,,,,,,,,
1986,Internal,40.5,137.5,112458,46,27.8,11.2,1164.5,3.0,21.5,3.0,2.0,84,0,0,0,0,0,0,0,0,0,0,0,0,0,0,0,0,0,0,0,0,,,,0,,,,,,,,,
1987,Internal,0.0,0.0,112458,46,27.8,11.2,358.5,0.0,0.0,0.0,0.0,67,0,0,0,0,0,0,0,0,0,0,0,0,0,0,0,0,0,0,0,0,,,,0,,,,,,,,,
1988,Internal,1010.5,3012.5,112458,46,27.8,11.2,11.0,0.5,60.0,0.0,42.0,67,0,0,0,0,0,0,0,0,0,0,0,0,1117,0,0,0,0,0,0,0,,,,0,,,,,,,,,
1989,Internal,366.5,1018.0,112458,46,27.8,11.2,20.0,8.0,7.0,0.0,3.0,68,0,0,0,0,0,0,0,0,0,0,0,0,0,0,0,0,0,0,0,0,,,,0,,,,,,,,,
1990,Internal,83.0,236.5,112458,46,27.8,11.2,5.0,7.0,14.0,0.0,0.0,71,0,0,0,0,0,0,0,0,0,0,0,0,0,0,0,0,0,0,0,0,,,,0,,,,,,,,,
1991,Internal,655.5,1908.0,112458,46,27.8,11.2,10.5,7.0,47.0,6.0,2.0,25,0,0,0,0,0,0,0,0,0,0,0,0,0,0,0,0,0,0,0,0,,,,0,,,,,,,,,
1992,Internal,790.0,2223.0,112458,46,27.8,11.2,4.5,37.0,66.5,4.0,3.0,67,0,0,0,0,0,0,0,0,0,0,0,0,0,0,0,0,0,0,0,0,,,,0,,,,,,,,,
1993,Internal,480.0,1349.5,90436,46,31.5,7.5,0.0,4.0,17.5,0.0,0.0,23,0,0,0,0,0,0,0,0,0,0,0,0,894,0,0,0,0,0,0,0,,,,0,,,,,,,,,
1994,Internal,450.5,1425.0,112458,46,27.8,11.2,6.0,3.0,4.0,0.0,3.0,67,0,0,0,0,0,0,0,0,0,0,0,0,0,0,0,0,0,0,0,0,,,,0,,,,,,,,,
1995,Internal,415.5,1221.5,90436,46,31.5,7.5,0.0,0.0,12.0,0.0,3.0,23,0,0,0,0,0,0,0,0,0,0,0,0,0,0,0,0,0,0,0,0,,,,0,,,,,,,,,
1996,Internal,346.0,1082.0,90436,46,31.5,7.5,1.0,8.0,56.5,0.0,0.0,23,0,0,0,0,0,0,0,0,0,0,0,0,0,0,0,0,0,0,0,0,,,,0,,,,,,,,,
1997,Internal,338.0,814.5,64560,44,24.9,13.5,9.0,209.0,222.0,123.5,60.0,52,0,0,0,0,0,0,0,0,0,0,0,0,0,0,0,0,0,0,0,0,,,,0,,,,,,,,,
1998,Internal,2785.5,8855.0,118772,46,35.4,5.0,993.0,126.0,264.0,5.5,64.0,33,0,0,0,0,0,0,0,0,0,0,0,0,0,0,0,0,0,0,0,0,,,,0,,,,,,,,,
1999,Internal,601.0,1672.0,118772,46,35.4,5.0,1382.5,1085.0,773.5,45.5,139.5,65,0,0,0,0,0,0,0,0,0,0,0,0,0,0,0,0,0,0,0,0,,,,0,,,,,,,,,
2000,Internal,123.0,368.0,118772,46,35.4,5.0,2792.5,0.0,83.5,0.0,0.0,67,0,0,0,0,0,0,0,0,0,0,0,0,0,0,0,0,0,0,0,0,,,,0,,,,,,,,,
2001,Internal,318.0,855.0,64560,44,24.9,13.5,5.0,366.0,123.0,1.5,26.0,19,0,0,0,0,0,0,0,0,0,0,0,0,0,0,0,0,0,0,0,0,,,,0,,,,,,,,,
2002,Internal,2046.5,6018.5,118772,46,35.4,5.0,222.5,355.0,1841.5,36.5,44.5,49,0,0,0,0,0,0,0,0,0,0,0,0,3802,0,0,0,0,0,0,0,,,,0,,,,,,,,,
2003,Internal,321.5,835.0,78472,44,34.7,5.4,1.0,117.0,21.5,6.0,1.5,38,0,0,0,0,0,0,0,0,0,0,0,0,0,0,0,0,0,0,0,0,,,,0,,,,,,,,,
2004,Internal,20.0,116.5,64560,44,24.9,13.5,7.0,58.0,167.5,5.0,66.0,57,0,0,0,0,0,0,0,0,0,0,0,0,0,0,0,0,0,0,0,0,,,,0,,,,,,,,,
2005,Internal,305.0,848.5,90436,46,31.5,7.5,0.0,4.0,14.5,0.0,0.0,23,0,0,0,0,0,0,0,0,0,0,0,0,0,0,0,0,0,0,0,0,,,,0,,,,,,,,,
2006,Internal,396.5,1088.5,90436,46,31.5,7.5,0.0,1.5,74.0,77.5,12.5,23,0,0,0,0,0,0,0,0,0,0,0,0,0,0,0,0,0,0,0,0,,,,0,,,,,,,,,
2007,Internal,1049.0,2954.0,90436,46,31.5,7.5,5.0,573.5,582.0,144.0,558.5,23,0,0,0,0,0,0,0,0,0,0,0,0,0,0,0,0,0,0,0,0,,,,0,,,,,,,,,
2008,Internal,324.0,1089.5,101164,46,29.3,10.0,3.0,0.5,14.5,12.0,1.5,48,0,0,0,0,0,0,0,0,0,0,0,0,0,0,0,0,0,0,0,0,,,,0,,,,,,,,,
2009,Internal,181.0,522.0,101164,46,29.3,10.0,65.0,0.0,0.0,11.0,0.0,48,0,0,0,0,0,0,0,0,0,0,0,0,0,0,0,0,0,0,0,0,,,,0,,,,,,,,,
2010,Internal,168.5,477.5,101164,46,29.3,10.0,0.0,42.5,53.0,51.0,68.5,48,0,0,0,0,0,0,0,0,0,0,0,0,430,0,0,0,0,0,0,0,,,,0,,,,,,,,,
2011,Internal,479.5,1276.5,90436,46,31.5,7.5,0.0,13.0,75.5,33.5,33.0,10,0,0,0,0,0,0,0,0,0,0,0,0,0,0,0,0,0,0,0,0,,,,0,,,,,,,,,
2012,Internal,646.5,1668.0,90436,46,31.5,7.5,0.0,11.0,276.0,9.0,15.5,23,0,0,0,0,0,0,0,0,0,0,0,0,0,0,0,0,0,0,0,0,,,,0,,,,,,,,,
2013,Internal,402.5,1303.5,101164,46,29.3,10.0,0.0,0.0,0.0,0.0,0.0,48,0,0,0,0,0,0,0,0,0,0,0,0,0,0,0,0,0,0,0,0,,,,0,,,,,,,,,
2014,Internal,699.5,1737.0,90436,46,31.5,7.5,15.0,22.0,197.0,28.5,24.0,51,0,0,0,0,0,0,0,0,0,0,0,0,1124,0,0,0,0,0,0,0,,,,0,,,,,,,,,
2015,Internal,385.0,922.0,64560,44,24.9,13.5,6.0,32.0,69.0,0.5,9.0,35,0,0,0,0,0,0,0,0,0,0,0,0,0,0,0,0,0,0,0,0,,,,0,,,,,,,,,
2016,Internal,269.0,761.5,78472,44,34.7,5.4,5.0,18.0,131.5,31.0,0.5,38,0,0,0,0,0,0,0,0,0,0,0,0,0,0,0,0,0,0,0,0,,,,0,,,,,,,,,
2017,Internal,296.5,772.5,78472,44,34.7,5.4,2.0,0.0,5.5,0.0,0.0,38,0,0,0,0,0,0,0,0,0,0,0,0,0,0,0,0,0,0,0,0,,,,0,,,,,,,,,
2018,Internal,1400.0,3520.0,101164,46,29.3,10.0,9.0,33.5,402.5,16.0,40.0,47,0,0,0,0,0,0,0,0,0,0,0,0,0,0,0,0,0,0,0,0,,,,0,,,,,,,,,
2019,Internal,31.0,82.5,64560,44,24.9,13.5,0.0,39.0,30.5,0.0,31.5,38,0,0,0,0,0,0,0,0,0,0,0,0,0,0,0,0,0,0,0,0,,,,0,,,,,,,,,
2020,Internal,133.5,276.0,64560,44,24.9,13.5,0.0,17.0,171.0,9.0,232.0,9,0,0,0,0,0,0,0,0,0,0,0,0,0,0,0,0,0,0,0,0,,,,0,,,,,,,,,
2021,Internal,107.5,357.0,131071,44,32.8,11.4,4.0,5.5,69.0,15.0,0.0,35,0,0,0,0,0,0,0,0,0,0,0,0,0,0,0,0,0,0,0,0,,,,0,,,,,,,,,
2022,Internal,426.0,1311.0,131071,44,32.8,11.4,10.0,4.0,68.0,0.0,3.0,29,0,0,0,0,0,0,0,0,0,0,0,0,0,0,0,0,0,0,0,0,,,,0,,,,,,,,,
2023,Internal,467.0,1282.0,135536,44,23.3,15.3,25.0,21.0,21.0,2.0,7.0,39,0,0,0,0,0,0,0,0,0,0,0,0,0,0,0,0,0,0,0,0,,,,0,,,,,,,,,
2024,Internal,214.5,666.0,131071,44,32.8,11.4,6.0,167.0,13.5,0.0,18.0,26,0,0,0,0,0,0,0,0,0,0,0,0,0,0,0,0,0,0,0,0,,,,0,,,,,,,,,
2025,Internal,220.5,647.0,135536,44,23.3,15.3,2.0,16.0,24.0,2.0,4.0,26,0,0,0,0,0,0,0,0,0,0,0,0,0,0,0,0,0,0,0,0,,,,0,,,,,,,,,
2026,Internal,343.5,1130.5,85809,45,31.9,8.3,2.0,9.5,48.0,4.0,1.0,64,0,0,0,0,0,0,0,0,0,0,0,0,0,0,0,0,0,0,0,0,,,,0,,,,,,,,,
2027,Internal,854.5,2789.0,85809,45,31.9,8.3,20.0,60.0,335.5,49.0,14.0,14,0,0,0,0,0,0,0,0,0,0,0,0,0,0,0,0,0,0,0,0,,,,0,,,,,,,,,
2028,Internal,581.5,1588.0,85809,45,31.9,8.3,39.0,6.0,63.5,12.0,9.5,52,0,0,0,0,0,0,0,0,0,0,0,0,0,0,0,0,0,0,0,0,,,,0,,,,,,,,,
2029,Internal,680.0,2073.5,126629,45,38.7,6.3,29.0,180.5,172.0,122.0,41.5,59,0,0,0,0,0,0,0,0,0,0,0,0,0,0,0,0,0,0,0,0,,,,0,,,,,,,,,
2030,Internal,327.0,1033.0,126629,45,38.7,6.3,5.0,3.0,77.5,0.0,3.0,24,0,0,0,0,0,0,0,0,0,0,0,0,0,0,0,0,0,0,0,0,,,,0,,,,,,,,,
2031,Internal,401.0,926.5,126629,45,38.7,6.3,0.0,102.5,178.0,2.0,69.5,57,0,0,0,0,0,0,0,0,0,0,0,0,0,0,0,0,0,0,0,0,,,,0,,,,,,,,,
2032,Internal,186.0,489.5,126629,45,38.7,6.3,0.0,127.5,6.0,0.0,4.0,46,0,0,0,0,0,0,0,0,0,0,0,0,1271,0,0,0,0,0,0,0,,,,0,,,,,,,,,
2033,Internal,469.5,1383.0,85809,45,31.9,8.3,3.0,77.5,85.0,20.5,45.0,28,0,0,0,0,0,0,0,0,0,0,0,0,0,0,0,0,0,0,0,0,,,,0,,,,,,,,,
2034,Internal,55.5,186.0,131071,44,32.8,11.4,0.0,110.5,6.5,1.0,0.0,43,0,0,0,0,0,0,0,0,0,0,0,0,2966,0,0,0,0,0,0,0,,,,0,,,,,,,,,
2035,Internal,70.0,216.0,109813,47,28.6,11.2,0.0,33.5,876.5,0.0,46.5,21,0,0,0,0,0,0,0,0,0,0,0,0,0,0,0,0,0,0,0,0,,,,0,,,,,,,,,
2036,Internal,553.5,1666.5,135431,48,28.2,9.1,12.0,41.5,155.5,13.0,220.5,24,0,0,0,0,0,0,0,0,0,0,0,0,0,0,0,0,0,0,0,0,,,,0,,,,,,,,,
2037,Internal,112.0,272.5,135536,44,23.3,15.3,0.0,0.0,1.5,19.5,31.5,35,0,0,0,0,0,0,0,0,0,0,0,0,0,0,0,0,0,0,0,0,,,,0,,,,,,,,,
2038,Internal,488.5,1767.0,118780,48,31.0,7.0,0.0,5.0,16.0,23.0,0.0,70,0,0,0,0,0,0,0,0,0,0,0,0,0,0,0,0,0,0,0,0,,,,0,,,,,,,,,
2039,Internal,415.0,1369.0,118780,48,31.0,7.0,6.0,97.0,121.0,18.0,0.0,57,0,0,0,0,0,0,0,0,0,0,0,0,3111,0,0,0,0,0,0,0,,,,0,,,,,,,,,
2040,Internal,518.5,1536.0,118780,48,31.0,7.0,94.0,7.0,42.0,19.0,4.0,32,0,0,0,0,7,0,0,0,0,0,0,0,0,0,0,0,0,0,0,0,,,,0,,,,,,,,,
2041,Internal,1179.0,3486.5,118780,48,31.0,7.0,8.0,7.0,28.0,2.0,22.0,43,0,0,0,0,0,0,0,0,0,0,0,0,0,0,0,0,0,0,0,0,,,,0,,,,,,,,,
2042,Internal,252.5,742.5,118780,48,31.0,7.0,1.0,10.0,4.0,0.0,0.0,40,0,0,0,0,0,0,0,0,0,0,0,0,0,0,0,0,0,0,0,0,,,,0,,,,,,,,,
2043,Internal,654.0,2002.0,135431,48,28.2,9.1,143.0,51.0,36.0,100.0,141.0,17,0,0,0,0,27,0,0,0,0,0,0,0,0,0,0,0,0,0,0,0,,,,0,,,,,,,,,
2044,Internal,380.5,1160.0,135431,48,28.2,9.1,3.0,4.0,3.0,4.0,7.0,40,0,0,0,0,0,0,0,0,0,0,0,0,0,0,0,0,0,0,0,0,,,,0,,,,,,,,,
2045,Internal,103.5,290.5,135431,48,28.2,9.1,10.0,6.0,21.5,0.0,8.0,40,0,0,0,0,0,0,0,0,0,0,0,0,0,0,0,0,0,0,0,0,,,,0,,,,,,,,,
2046,Internal,255.5,846.0,118780,48,31.0,7.0,4.0,2.0,52.0,0.0,6.0,19,0,0,0,0,0,0,0,0,0,0,0,0,193,0,0,0,0,0,0,0,,,,0,,,,,,,,,
2047,Internal,131.5,356.0,135431,48,28.2,9.1,1.0,10.0,0.0,0.0,12.0,40,0,0,0,0,0,0,0,0,0,0,0,0,0,0,0,0,0,0,0,0,,,,0,,,,,,,,,
2048,Internal,53.5,165.0,135431,48,28.2,9.1,0.0,0.0,306.0,36.0,0.0,55,0,0,0,0,0,0,0,0,0,0,0,0,6353,0,0,0,0,0,0,0,,,,0,,,,,,,,,
2049,Internal,600.0,1704.5,135431,48,28.2,9.1,17.0,21.0,46.5,13.0,4.0,65,0,0,0,0,0,0,0,0,0,0,0,0,0,0,0,0,0,0,0,0,,,,0,,,,,,,,,
2050,Internal,665.5,2207.5,140714,49,34.5,4.5,0.0,151.0,94.5,20.5,3.0,25,0,0,0,0,0,0,0,0,0,0,0,0,3481,0,0,0,0,0,0,0,,,,0,,,,,,,,,
2051,Internal,144.0,483.5,126011,52,29.0,5.0,0.0,54.0,72.0,14.0,4.5,25,0,0,0,0,0,0,0,0,0,0,0,0,0,0,0,0,0,0,0,0,,,,0,,,,,,,,,
2052,Internal,381.0,1308.5,126011,52,29.0,5.0,5.0,6.0,3.5,0.0,0.0,35,0,0,0,0,0,0,0,0,0,0,0,0,0,0,0,0,0,0,0,0,,,,0,,,,,,,,,
2053,Internal,277.5,802.0,126011,52,29.0,5.0,4.0,0.0,4.0,0.0,3.0,34,0,0,0,0,0,0,0,0,0,0,0,0,0,0,0,0,0,0,0,0,,,,0,,,,,,,,,
2054,Internal,50.0,147.0,126011,52,29.0,5.0,0.0,329.5,60.0,12.5,64.5,44,0,0,0,0,0,0,0,0,0,0,0,0,2667,0,0,0,0,0,0,0,,,,0,,,,,,,,,
2055,Internal,478.0,1528.0,149000,49,30.9,5.4,0.0,8.0,70.5,0.0,171.0,33,0,0,0,0,0,0,0,0,0,0,0,0,0,0,0,0,0,0,0,0,,,,0,,,,,,,,,
2056,Internal,218.0,630.5,140714,49,34.5,4.5,9.0,10.5,32.5,1.0,0.0,31,0,0,0,0,0,0,0,0,0,0,0,0,0,0,0,0,0,0,0,0,,,,0,,,,,,,,,
2057,Internal,551.5,1697.0,132386,52,29.6,7.3,10.0,98.0,26.5,0.0,6.0,28,0,0,0,0,0,0,0,0,0,0,0,0,0,0,0,0,0,0,0,0,,,,0,,,,,,,,,
2058,Internal,583.5,1640.0,145781,52,26.6,5.5,19.5,23.5,21.5,7.0,49.0,44,0,0,0,0,0,0,0,0,0,0,0,0,0,0,0,0,0,0,0,0,,,,0,,,,,,,,,
2059,Internal,264.5,811.0,145781,52,26.6,5.5,2.0,5.5,26.5,38.0,0.0,31,0,0,0,0,0,0,0,0,0,0,0,0,0,0,0,0,0,0,0,0,,,,0,,,,,,,,,
2060,Internal,152.5,445.5,132386,52,29.6,7.3,1.0,6.5,43.5,6.0,12.0,35,0,0,0,0,0,0,0,0,0,0,0,0,0,0,0,0,0,0,0,0,,,,0,,,,,,,,,
2061,Internal,56.0,175.0,73500,48,21.5,17.2,866.0,12.0,2.0,0.0,0.0,48,0,0,0,0,0,0,0,0,0,0,0,0,0,0,0,0,0,0,0,0,,,,0,,,,,,,,,
2062,Internal,345.0,945.5,128636,48,35.8,6.0,0.0,3.0,14.0,7.0,2.0,48,0,0,0,0,0,0,0,0,0,0,0,0,0,0,0,0,0,0,0,0,,,,0,,,,,,,,,
2063,Internal,1316.0,4146.0,128636,48,35.8,6.0,66.0,29.0,27.5,0.0,0.0,74,0,0,0,0,0,0,0,0,0,0,0,0,0,0,0,0,0,0,0,0,,,,0,,,,,,,,,
2064,Internal,1430.0,4194.0,145795,47,33.6,6.9,2.0,20.5,55.5,17.0,7.0,32,0,0,0,0,0,0,0,0,0,0,0,0,0,0,0,0,0,0,0,0,,,,0,,,,,,,,,
2065,Internal,909.5,2674.5,128636,48,35.8,6.0,239.0,19.0,212.0,0.5,28.5,23,0,0,0,0,0,0,0,0,0,0,0,0,0,0,0,0,0,0,0,0,,,,0,,,,,,,,,
2066,Internal,445.0,1487.0,128636,48,35.8,6.0,27.0,12.0,132.0,0.5,0.0,48,0,0,0,0,0,0,0,0,0,0,0,0,0,0,0,0,0,0,0,0,,,,0,,,,,,,,,
2067,Internal,317.0,885.0,128636,48,35.8,6.0,4.0,2.0,30.5,24.0,0.0,65,0,0,0,0,0,0,0,0,0,0,0,0,0,0,0,0,0,0,0,0,,,,0,,,,,,,,,
2068,Internal,2328.5,5714.5,145795,47,33.6,6.9,176.0,232.0,402.5,3.0,1088.0,34,0,0,0,0,0,0,0,0,0,0,0,0,1029,0,0,0,0,0,0,0,,,,0,,,,,,,,,
2069,Internal,2239.5,5675.0,73500,48,21.5,17.2,33.0,170.5,146.0,7.0,0.0,46,0,0,0,0,0,0,0,0,0,0,0,0,6287,0,0,0,0,0,0,0,,,,0,,,,,,,,,
2070,Internal,66.0,167.5,73500,48,21.5,17.2,88.0,3.0,6.0,2.0,0.0,48,0,0,0,0,0,0,0,0,0,0,0,0,0,0,0,0,0,0,0,0,,,,0,,,,,,,,,
2071,Internal,61.5,142.5,73500,48,21.5,17.2,244.5,0.0,7.5,0.0,6.0,48,0,0,0,0,0,0,0,0,0,0,0,0,0,0,0,0,0,0,0,0,,,,0,,,,,,,,,
2072,Internal,164.5,438.5,73500,48,21.5,17.2,16.0,17.0,0.5,0.0,0.0,48,0,0,0,0,0,0,0,0,0,0,0,0,0,0,0,0,0,0,0,0,,,,0,,,,,,,,,
2073,Internal,363.0,995.0,73500,48,21.5,17.2,3.0,0.0,71.0,6.0,0.0,43,0,0,0,0,0,0,0,0,0,0,0,0,0,0,0,0,0,0,0,0,,,,0,,,,,,,,,
2074,Internal,682.0,2043.5,73500,48,21.5,17.2,63.5,7.0,24.5,2.0,3.0,48,0,0,0,0,0,0,0,0,0,0,0,0,1037,0,0,0,0,0,0,0,,,,0,,,,,,,,,
2075,Internal,1133.0,3412.0,73500,48,21.5,17.2,55.0,39.0,43.5,9.0,10.0,48,0,0,0,0,0,0,0,0,0,0,0,0,0,0,0,0,0,0,0,0,,,,0,,,,,,,,,
2076,Internal,283.0,893.0,128636,48,35.8,6.0,0.0,0.0,1.0,0.0,0.0,48,0,0,0,0,0,0,0,0,0,0,0,0,0,0,0,0,0,0,0,0,,,,0,,,,,,,,,
2077,Internal,206.0,507.5,115061,49,36.1,2.7,3.0,2.5,177.5,0.0,0.0,60,0,0,0,0,0,0,0,0,0,0,0,0,0,0,0,0,0,0,0,0,,,,0,,,,,,,,,
2078,Internal,82.5,194.0,115061,49,36.1,2.7,0.0,0.0,10.0,0.0,2.0,60,0,0,0,0,0,0,0,0,0,0,0,0,0,0,0,0,0,0,0,0,,,,0,,,,,,,,,
2079,Internal,0.0,0.0,115061,49,36.1,2.7,0.0,130.0,7.5,0.0,0.0,45,0,0,0,0,0,0,0,0,0,0,0,0,1521,0,0,0,0,0,0,0,,,,0,,,,,,,,,
2080,Internal,129.5,388.0,127240,46,29.3,8.7,0.0,5.0,48.5,9.0,219.0,0,0,0,0,0,0,0,0,0,0,0,0,0,0,0,0,0,0,0,0,0,,,,0,,,,,,,,,
2081,Internal,268.5,904.5,151339,48,33.8,7.9,7.0,6.0,12.0,0.0,9.0,39,0,0,0,0,0,0,0,0,0,0,0,0,0,0,0,0,0,0,0,0,,,,0,,,,,,,,,
2082,Internal,932.0,2822.0,151339,48,33.8,7.9,30.0,3.0,27.5,0.0,0.0,61,0,0,0,0,0,0,0,0,0,0,0,0,0,0,0,0,0,0,0,0,,,,0,,,,,,,,,
2083,Internal,576.5,1944.5,164323,47,35.3,4.4,7.0,11.0,25.5,2.0,5.0,17,0,0,0,0,0,0,0,0,0,0,0,0,0,0,0,0,0,0,0,0,,,,0,,,,,,,,,
2084,Internal,407.0,1151.5,76750,47,36.3,9.6,5.0,5.0,1.0,15.0,0.0,32,0,0,0,0,0,0,0,0,0,0,0,0,0,0,0,0,0,0,0,0,,,,0,,,,,,,,,
2085,Internal,653.5,1825.0,76750,47,36.3,9.6,0.0,30.5,33.0,2.0,50.0,32,0,0,0,0,0,0,0,0,0,0,0,0,0,0,0,0,0,0,0,0,,,,0,,,,,,,,,
2086,Internal,557.5,1268.0,76750,47,36.3,9.6,129.0,165.0,149.0,0.0,39.0,32,0,0,0,0,0,0,0,0,0,0,0,0,0,0,0,0,0,0,0,0,,,,0,,,,,,,,,
2087,Internal,1590.5,3946.0,164323,47,35.3,4.4,4.0,66.0,128.0,6.0,180.0,27,0,0,0,0,0,0,0,0,0,0,0,0,4085,0,0,0,0,0,0,0,,,,0,,,,,,,,,
2088,Internal,350.5,897.5,164323,47,35.3,4.4,1.0,4.0,0.0,0.0,0.0,37,0,0,0,0,0,0,0,0,0,0,0,0,983,0,0,0,0,0,0,0,,,,0,,,,,,,,,
2089,Internal,352.5,693.5,76750,47,36.3,9.6,281.5,21.5,104.0,28.0,67.0,32,0,0,0,0,0,0,0,0,0,0,0,0,0,0,0,0,0,0,0,0,,,,0,,,,,,,,,
2090,Internal,240.0,765.5,76750,47,36.3,9.6,1.0,12.0,2.0,0.0,3.0,32,0,0,0,0,0,0,0,0,0,0,0,0,0,0,0,0,0,0,0,0,,,,0,,,,,,,,,
2091,Internal,568.5,1852.0,151339,48,33.8,7.9,4.0,3.0,16.0,0.0,0.0,50,0,0,0,0,0,0,0,0,0,0,0,0,0,0,0,0,0,0,0,0,,,,0,,,,,,,,,
2092,Internal,486.0,1602.5,151339,48,33.8,7.9,5.0,10.0,13.0,0.0,2.0,40,0,0,0,0,0,0,0,0,0,0,0,0,0,0,0,0,0,0,0,0,,,,0,,,,,,,,,
2093,Internal,159.5,565.5,164323,47,35.3,4.4,0.0,0.0,7.0,0.0,0.0,25,0,0,0,0,0,0,0,0,0,0,0,0,0,0,0,0,0,0,0,0,,,,0,,,,,,,,,
2094,Internal,445.5,1388.0,155789,47,36.2,6.0,0.0,279.5,1200.5,136.0,0.0,45,0,0,0,0,0,0,0,0,0,0,0,0,0,0,0,0,0,0,0,0,,,,0,,,,,,,,,
2095,Internal,1907.5,5508.0,164323,47,35.3,4.4,29.5,21.5,67.5,3.0,1.0,52,0,0,0,0,0,0,0,0,0,0,0,0,0,0,0,0,0,0,0,0,,,,0,,,,,,,,,
2096,Internal,1879.5,5543.5,155789,47,36.2,6.0,23.5,126.5,744.0,50.0,17.0,57,0,0,0,0,0,0,0,0,0,0,0,0,1518,0,0,0,0,0,0,0,,,,0,,,,,,,,,
2097,Internal,1782.5,3903.5,137214,50,36.7,5.2,0.0,343.5,336.5,13.0,219.0,41,0,0,0,0,0,0,0,0,0,0,0,0,4302,0,0,0,0,0,0,0,,,,0,,,,,,,,,
2098,Internal,605.5,1338.5,82715,56,19.3,8.4,63.0,68.5,66.0,6.5,10.5,49,0,0,0,0,0,0,0,0,0,0,0,0,764,0,0,0,0,0,0,0,,,,0,,,,,,,,,
2099,Internal,620.5,1351.5,82715,56,19.3,8.4,47.0,567.5,381.5,70.0,87.0,51,0,0,0,0,0,0,0,0,0,0,0,0,14,0,0,0,0,0,0,0,,,,0,,,,,,,,,
2100,Internal,42.5,126.0,127344,47,31.5,9.8,0.0,5.0,544.0,2.0,0.0,32,0,0,0,0,0,0,0,0,0,0,0,0,0,0,0,0,0,0,0,0,,,,0,,,,,,,,,
2101,Internal,199.5,578.5,127344,47,31.5,9.8,24.0,98.0,307.0,36.5,210.0,27,0,0,0,0,0,0,0,0,0,0,0,0,0,0,0,0,0,0,0,0,,,,0,,,,,,,,,
2102,Internal,664.5,1575.0,82715,56,19.3,8.4,17.0,1069.5,840.0,170.0,155.5,27,0,0,0,0,0,0,0,0,0,0,0,0,0,0,0,0,0,0,0,0,,,,0,,,,,,,,,
2103,Internal,451.0,1236.0,115898,56,31.5,9.2,29.0,264.5,662.5,15.5,291.0,40,0,0,0,0,0,0,0,0,0,0,0,0,1059,0,0,0,0,0,0,0,,,,0,,,,,,,,,
2104,Internal,424.0,1553.5,127344,47,31.5,9.8,23.0,100.0,14.0,4.0,0.0,47,0,0,0,0,0,0,0,0,0,0,0,0,1183,0,0,0,0,0,0,0,,,,0,,,,,,,,,
2105,Internal,529.0,1150.0,82715,56,19.3,8.4,3.0,36.0,60.0,0.0,101.0,23,0,0,0,0,0,0,0,0,0,0,0,0,0,0,0,0,0,0,0,0,,,,0,,,,,,,,,
2106,Internal,318.0,845.0,127240,46,29.3,8.7,32.0,15.5,948.5,46.0,1894.0,11,0,0,0,0,0,0,0,0,0,0,0,0,0,0,0,1,0,0,0,0,,,,0,,,,,,,,,
2107,Internal,315.5,1041.0,127240,46,29.3,8.7,2.0,17.5,155.5,2.0,37.0,13,0,0,0,0,0,0,0,0,0,0,0,0,0,0,0,0,0,0,0,0,,,,0,,,,,,,,,
2108,Internal,468.5,1595.0,100345,49,33.8,9.0,0.0,26.0,17.0,19.0,14.0,44,0,0,0,0,0,0,0,0,0,0,0,0,0,0,0,0,0,0,0,0,,,,0,,,,,,,,,
2109,Internal,33.0,64.5,127240,46,29.3,8.7,0.0,5.5,25.5,2.0,0.0,13,0,0,0,0,0,0,0,0,0,0,0,0,0,0,0,0,0,0,0,0,,,,0,,,,,,,,,
2110,Internal,1296.0,3335.5,127240,46,29.3,8.7,36.0,19.5,80.5,115.0,280.0,19,0,0,0,0,0,0,0,0,0,0,0,0,0,0,0,0,0,0,0,0,,,,0,,,,,,,,,
2111,Internal,499.5,1467.0,100345,49,33.8,9.0,3.0,136.5,29.0,0.0,5.5,78,0,0,0,0,0,0,0,0,0,0,0,0,806,0,0,0,0,0,0,0,,,,0,,,,,,,,,
2112,Internal,122.0,281.0,127240,46,29.3,8.7,2.0,252.5,95.5,0.0,0.0,13,0,0,0,0,0,0,0,0,0,0,0,0,0,0,0,0,0,0,0,0,,,,0,,,,,,,,,
2113,Internal,662.0,1857.5,115061,49,36.1,2.7,4.0,6.0,19.0,0.0,0.0,44,0,0,0,0,0,0,0,0,0,0,0,0,0,0,0,0,0,0,0,0,,,,0,,,,,,,,,
2114,Internal,841.0,2441.5,115061,49,36.1,2.7,5.0,10.0,44.0,0.0,24.0,51,0,0,0,0,0,0,0,0,0,0,0,0,0,0,0,0,0,0,0,0,,,,0,,,,,,,,,
2115,Internal,850.5,2733.5,127344,47,31.5,9.8,5.0,132.0,8.5,0.0,0.0,32,0,0,0,0,0,0,0,0,0,0,0,0,0,0,0,0,0,0,0,0,,,,0,,,,,,,,,
2116,Internal,384.0,979.5,127344,47,31.5,9.8,15.5,1.0,19.5,15.0,23.0,32,0,0,0,0,0,0,0,0,0,0,0,0,0,0,0,0,0,0,0,0,,,,0,,,,,,,,,
2117,Internal,227.5,595.0,115898,56,31.5,9.2,17.0,3.0,72.0,7.5,292.5,16,0,0,0,0,0,0,0,0,0,0,0,0,0,0,0,0,0,0,0,0,,,,0,,,,,,,,,
2118,Internal,264.5,801.0,115898,56,31.5,9.2,1.0,121.5,78.0,5.0,20.5,36,0,0,0,0,0,0,0,0,0,0,0,0,687,0,0,0,0,0,0,0,,,,0,,,,,,,,,
2119,Internal,618.5,1689.0,100345,49,33.8,9.0,23.0,77.5,290.5,7.0,5.0,56,0,0,0,0,0,0,0,0,0,0,0,0,0,0,0,0,0,0,0,0,,,,0,,,,,,,,,
2120,Internal,233.5,508.0,100345,49,33.8,9.0,0.0,4.0,64.0,55.0,45.0,16,0,0,0,0,0,0,0,0,0,0,0,0,0,0,0,0,0,0,0,0,,,,0,,,,,,,,,
2121,Internal,30.0,69.5,115898,56,31.5,9.2,0.0,100.0,9.0,2.5,0.0,50,0,0,0,0,0,0,0,0,0,0,0,0,999,0,0,0,0,0,0,0,,,,0,,,,,,,,,
2122,Internal,409.0,1145.0,115898,56,31.5,9.2,0.0,124.0,226.0,1.0,79.0,29,0,0,0,0,0,0,0,0,0,0,0,0,0,0,0,0,0,0,0,0,,,,0,,,,,,,,,
2123,Internal,133.0,348.5,115898,56,31.5,9.2,47.0,98.5,148.0,50.0,21.0,53,0,0,0,0,0,0,0,0,0,0,0,0,0,0,0,0,0,0,0,0,,,,0,,,,,,,,,
2124,Internal,185.0,414.5,87446,56,38.1,13.1,139.0,50.0,186.0,30.0,29.0,45,0,0,0,0,0,0,0,0,0,0,0,0,0,0,0,0,0,0,0,0,,,,0,,,,,,,,,
2125,Internal,197.5,492.0,87446,56,38.1,13.1,49.0,164.5,272.0,14.5,261.5,28,0,0,0,0,0,0,0,0,0,0,0,0,0,0,0,0,0,0,0,0,,,,0,,,,,,,,,
2126,Internal,187.5,429.5,70268,52,21.7,7.6,2.0,12.5,30.5,4.0,18.0,12,0,0,0,0,0,0,0,0,0,0,0,0,0,0,0,0,0,0,0,0,,,,0,,,,,,,,,
2127,Internal,292.5,772.5,70268,52,21.7,7.6,0.0,16.0,148.0,59.0,132.5,47,0,0,0,0,0,0,0,0,0,0,0,0,0,0,0,0,0,0,0,0,,,,0,,,,,,,,,
2128,Internal,1075.5,2254.0,79453,49,23.4,14.3,192.0,173.5,1073.5,36.5,145.0,42,0,0,0,0,0,0,0,0,0,0,0,0,0,0,0,0,0,0,0,0,,,,0,,,,,,,,,
2129,Internal,666.0,1619.0,79453,49,23.4,14.3,237.0,23.5,142.0,8.0,92.5,35,0,0,0,0,0,0,0,0,0,0,0,0,0,0,0,0,0,0,0,0,,,,0,,,,,,,,,
2130,Internal,149.0,436.5,79453,49,23.4,14.3,0.0,149.0,13.0,0.0,0.0,52,0,0,0,0,0,0,0,0,0,0,0,0,977,0,0,0,0,0,0,0,,,,0,,,,,,,,,
2131,Internal,375.5,1079.0,94474,52,26.1,8.2,13.0,66.5,133.0,28.0,213.5,12,0,0,0,0,0,0,0,0,0,0,0,0,0,0,0,0,0,0,0,0,,,,0,,,,,,,,,
2132,Internal,292.0,752.0,94474,52,26.1,8.2,0.0,30.0,61.5,16.0,7.5,36,0,0,0,0,0,0,0,0,0,0,0,0,0,0,0,0,0,0,0,0,,,,0,,,,,,,,,
2133,Internal,458.0,916.0,79453,49,23.4,14.3,96.0,280.5,571.5,89.5,267.0,24,0,0,0,0,0,0,0,0,0,0,0,0,0,0,0,0,0,0,0,0,,,,0,,,,,,,,,
2134,Internal,1500.0,2970.5,115061,49,36.1,2.7,0.0,78.0,34.0,0.0,1661.0,60,0,0,0,0,0,0,0,0,0,0,0,0,2355,0,0,0,0,0,0,0,,,,0,,,,,,,,,
2135,Internal,1116.0,3279.5,79453,49,23.4,14.3,2.0,651.5,2172.0,69.0,255.0,41,0,0,0,0,0,0,0,0,0,0,0,0,0,0,0,0,0,0,0,0,,,,0,,,,,,,,,
2136,Internal,1170.0,2643.5,94474,52,26.1,8.2,38.0,1825.0,4348.0,345.5,736.5,66,0,0,0,0,0,0,0,0,0,0,0,0,0,0,0,0,0,0,0,0,,,,0,,,,,,,,,
2137,Internal,812.0,1957.5,94474,52,26.1,8.2,34.5,141.0,404.0,7.5,819.5,10,0,0,0,0,0,0,0,0,0,0,0,0,0,0,0,0,0,0,0,0,,,,0,,,,,,,,,
2138,Internal,316.5,744.0,94474,52,26.1,8.2,0.0,393.0,1421.5,245.0,387.0,36,0,0,0,0,0,0,0,0,0,0,0,0,0,0,0,0,0,0,0,0,,,,0,,,,,,,,,
2139,Internal,319.0,925.5,94474,52,26.1,8.2,7.0,113.5,263.0,68.0,23.0,13,0,0,0,0,0,0,0,0,0,0,0,0,934,0,0,0,0,0,0,0,,,,0,,,,,,,,,
2140,Internal,55.5,144.5,94474,52,26.1,8.2,13.0,122.0,108.5,1.5,38.0,36,0,0,0,0,0,0,0,0,0,0,0,0,175,0,0,0,0,0,0,0,,,,0,,,,,,,,,
2141,Internal,124.0,330.5,79453,49,23.4,14.3,32.0,11.5,137.5,0.0,0.0,35,0,0,0,0,0,0,0,0,0,0,0,0,0,0,0,0,0,0,0,0,,,,0,,,,,,,,,
2142,Internal,660.0,1772.0,94474,52,26.1,8.2,1194.0,42.0,970.0,13.0,56.0,36,0,0,0,0,0,0,0,0,0,0,0,0,0,0,0,0,0,0,0,0,,,,0,,,,,,,,,
2143,Internal,2121.0,4581.0,94474,52,26.1,8.2,0.0,2838.0,6402.5,992.5,2119.5,36,0,0,0,0,0,0,0,0,0,0,0,0,0,0,0,0,0,0,0,0,,,,0,,,,,,,,,
2144,Internal,184.5,488.0,70268,52,21.7,7.6,27.0,105.0,47.0,13.5,40.0,19,0,0,0,0,0,0,0,0,0,0,0,0,0,0,0,0,0,0,0,0,,,,0,,,,,,,,,
2145,Internal,7.0,16.0,70268,52,21.7,7.6,0.0,112.0,13.0,5.0,11.0,31,0,0,0,0,0,0,0,0,0,0,0,0,1585,0,0,0,0,0,0,0,,,,0,,,,,,,,,
2146,Internal,540.0,1787.5,109813,47,28.6,11.2,39.0,14.0,133.0,12.0,210.0,21,0,0,0,0,7,0,0,0,0,0,0,0,0,0,0,0,0,0,0,0,,,,0,,,,,,,,,
2147,Internal,328.0,797.5,95613,52,32.0,7.3,12.0,119.5,180.5,66.5,26.5,70,0,0,0,0,0,0,0,0,0,0,0,0,0,0,0,0,0,0,0,0,,,,0,,,,,,,,,
2148,Internal,279.0,687.5,95613,52,32.0,7.3,6.0,146.0,103.5,18.0,78.0,23,0,0,0,0,0,0,0,0,0,0,0,0,0,0,0,0,0,0,0,0,,,,0,,,,,,,,,
2149,Internal,19.0,84.0,95613,52,32.0,7.3,0.0,190.0,0.0,0.0,0.0,44,0,0,0,0,0,0,0,0,0,0,0,0,3159,0,0,0,0,0,0,0,,,,0,,,,,,,,,
2150,Internal,396.5,938.5,120824,52,17.0,10.7,7.0,18.5,97.0,33.5,29.0,19,0,0,0,0,0,0,0,0,0,0,0,0,0,0,0,0,0,0,0,0,,,,0,,,,,,,,,
2151,Internal,150.5,396.5,95613,52,32.0,7.3,118.0,13.5,38.5,2.0,14.0,61,0,0,0,0,0,0,0,0,0,0,0,0,0,0,0,0,0,0,0,0,,,,0,,,,,,,,,
2152,Internal,95.0,201.5,70268,52,21.7,7.6,357.0,67.0,450.0,84.0,86.0,54,0,0,0,0,0,0,0,0,0,0,0,0,0,0,0,0,0,0,0,0,,,,0,,,,,,,,,
2153,Internal,151.5,353.5,87679,52,30.0,5.1,2028.0,330.0,226.5,57.0,63.5,57,0,0,0,0,0,0,0,0,0,0,0,0,0,0,0,0,0,0,0,0,,,,0,,,,,,,,,
2154,Internal,352.5,1051.0,120824,52,17.0,10.7,44.0,4.0,19.0,64.5,3.0,29,0,0,0,0,0,0,0,0,0,0,0,0,0,0,0,0,0,0,0,0,,,,0,,,,,,,,,
2155,Internal,204.0,591.0,87679,52,30.0,5.1,432.0,68.5,332.5,738.0,13.5,28,0,0,0,0,0,0,0,0,0,0,0,0,0,0,0,0,0,0,0,0,,,,0,,,,,,,,,
2156,Internal,354.5,978.5,85809,45,31.9,8.3,3.0,4.5,147.0,7.0,1.0,45,0,0,0,0,0,0,0,0,0,0,0,0,0,0,0,0,0,0,0,0,,,,0,,,,,,,,,
2157,Internal,757.0,2071.5,109813,47,28.6,11.2,12.0,170.0,260.5,37.5,3.0,75,0,0,0,0,0,0,0,0,0,0,0,0,0,0,0,0,0,0,0,0,,,,0,,,,,,,,,
2158,Internal,299.5,840.5,87679,52,30.0,5.1,1.0,15.5,51.5,0.0,0.0,36,0,0,0,0,0,0,0,0,0,0,0,0,0,0,0,0,0,0,0,0,,,,0,,,,,,,,,
2159,Internal,985.5,2590.0,87679,52,30.0,5.1,40.0,62.5,142.5,4.0,19.5,64,0,0,0,0,0,0,0,0,0,0,0,0,0,0,0,0,0,0,0,0,,,,0,,,,,,,,,
2160,Internal,496.5,1427.0,109813,47,28.6,11.2,15.0,16.5,211.0,30.0,45.0,46,0,0,0,0,7,0,0,0,0,0,0,0,0,0,0,0,0,0,0,0,,,,0,,,,,,,,,
2161,Internal,1660.0,4682.5,87679,52,30.0,5.1,5.0,207.5,718.5,27.5,13.5,37,0,0,0,0,0,0,0,0,0,0,0,0,3160,0,0,0,0,0,0,0,,,,0,,,,,,,,,
2162,Internal,288.5,741.0,87679,52,30.0,5.1,62.0,367.5,617.0,3.0,36.5,18,0,0,0,0,0,0,0,0,0,0,0,0,0,0,0,0,0,0,0,0,,,,0,,,,,,,,,
2163,Internal,635.5,1545.0,109813,47,28.6,11.2,22.0,10.0,25.0,0.0,10.0,42,0,0,0,0,0,0,0,0,0,0,0,0,0,0,0,0,0,0,0,0,,,,0,,,,,,,,,
2164,Internal,228.0,599.0,147857,54,28.4,10.2,481.0,2648.0,965.5,104.5,42.0,62,0,0,0,0,0,0,0,0,0,0,0,0,1392,0,0,0,0,0,0,0,,,,0,,,,,,,,,
2165,Internal,292.5,929.0,95613,52,32.0,7.3,4.0,69.5,197.5,10.5,3.5,75,0,0,0,0,0,0,0,0,0,0,0,0,0,0,0,0,0,0,0,0,,,,0,,,,,,,,,
2166,Internal,4.0,18.5,95613,52,32.0,7.3,0.0,2.5,229.0,1.0,79.0,34,0,0,0,0,0,0,0,0,0,0,0,0,0,0,0,0,0,0,0,0,,,,0,,,,,,,,,
2167,Internal,40.5,136.0,147857,54,28.4,10.2,236.0,187.0,1078.0,64.5,208.5,47,0,0,0,0,0,0,0,0,0,0,0,0,0,0,0,0,0,0,0,0,,,,0,,,,,,,,,
2168,Internal,711.5,1364.0,95613,52,32.0,7.3,0.0,3.0,90.0,1.0,382.0,43,0,0,0,0,0,0,0,0,0,0,0,0,0,0,0,0,0,0,0,0,,,,0,,,,,,,,,
2169,Internal,296.0,598.5,95613,52,32.0,7.3,1.0,3.0,174.5,8.0,295.0,12,0,0,0,0,0,0,0,0,0,0,0,0,0,0,0,0,0,0,0,0,,,,0,,,,,,,,,
2170,Internal,577.5,1686.0,120833,54,27.3,7.8,4.0,39.0,77.5,3.0,1.0,64,0,0,0,0,0,0,0,0,0,0,0,0,0,0,0,0,0,0,0,0,,,,0,,,,,,,,,
2171,Internal,274.0,842.5,147857,54,28.4,10.2,2.0,21.0,29.5,23.0,1.5,55,0,0,0,0,0,0,0,0,0,0,0,0,0,0,0,0,0,0,0,0,,,,0,,,,,,,,,
2172,Internal,220.5,576.0,120833,54,27.3,7.8,5.0,3.0,14.0,0.0,1.0,59,0,0,0,0,0,0,0,0,0,0,0,0,0,0,0,0,0,0,0,0,,,,0,,,,,,,,,
2173,Internal,45.0,103.0,87679,52,30.0,5.1,586.0,187.0,134.5,16.5,61.5,43,0,0,0,0,0,0,0,0,0,0,0,0,1480,0,0,0,0,0,0,0,,,,0,,,,,,,,,
2174,Internal,17.5,47.5,147857,54,28.4,10.2,0.0,4.0,79.5,5.0,48.0,21,0,0,0,0,0,0,0,0,0,0,0,0,0,0,0,0,0,0,0,0,,,,0,,,,,,,,,
2175,Internal,575.5,1588.0,132917,49,24.8,10.0,938.0,1905.0,2193.5,153.5,21.5,79,0,0,0,0,0,0,0,0,0,0,0,0,0,0,0,0,0,0,0,0,,,,0,,,,,,,,,
2176,Internal,341.0,718.0,78304,49,10.5,33.3,3.0,118.0,161.0,45.0,107.0,18,0,0,0,0,7,0,0,0,0,0,0,0,863,0,0,0,0,0,0,0,,,,0,,,,,,,,,
2177,Internal,394.0,1164.0,132917,49,24.8,10.0,14.0,3.0,30.0,0.0,46.0,82,0,0,0,0,0,0,0,0,0,0,0,0,0,0,0,0,0,0,0,0,,,,0,,,,,,,,,
2178,Internal,565.5,1004.5,132917,49,24.8,10.0,0.0,3.0,68.5,9.0,51.0,28,0,0,0,0,0,0,0,0,0,0,0,0,0,0,0,0,0,0,0,0,,,,0,,,,,,,,,
2179,Internal,440.5,1303.0,155938,49,26.1,11.4,34.0,52.0,64.5,37.0,408.0,46,0,0,0,0,0,0,0,0,0,0,0,0,0,0,1986,0,0,0,0,0,,,,0,,,,,,,,,
2180,Internal,563.5,1150.5,78304,49,10.5,33.3,198.0,4270.0,1026.0,299.0,795.5,44,0,0,0,0,20,0,0,0,0,0,0,0,229,0,0,0,0,0,0,0,,,,0,,,,,,,,,
2181,Internal,342.0,1024.0,127054,54,24.5,8.4,14.0,5.0,12.0,232.0,2.0,10,0,0,0,0,7,0,0,0,0,0,0,0,0,0,0,0,0,0,0,0,,,,0,,,,,,,,,
2182,Internal,291.0,789.0,127054,54,24.5,8.4,5.0,1.0,5.0,0.0,8.0,14,0,0,0,0,0,0,0,0,0,0,0,0,0,0,0,0,0,0,0,0,,,,0,,,,,,,,,
2183,Internal,208.0,494.0,72000,55,22.3,8.9,1.0,18.0,10.0,0.0,0.0,83,0,0,0,0,0,0,0,0,0,0,0,0,0,0,0,0,0,0,0,0,,,,0,,,,,,,,,
2184,Internal,121.0,345.0,136964,54,29.3,5.5,0.0,0.0,0.0,2.0,0.0,14,0,0,0,0,0,0,0,0,0,0,0,0,0,0,0,0,0,0,0,0,,,,0,,,,,,,,,
2185,Internal,426.5,1022.5,84922,55,18.6,10.3,30.0,67.5,236.5,26.0,190.5,13,0,0,0,0,0,0,0,0,0,0,0,0,0,0,0,0,0,0,0,0,,,,0,,,,,,,,,
2186,Internal,105.0,291.0,136964,54,29.3,5.5,6.0,3.0,8.0,0.0,0.0,14,0,0,0,0,0,0,0,0,0,0,0,0,0,0,0,0,0,0,0,0,,,,0,,,,,,,,,
2187,Internal,120.0,285.0,72000,55,22.3,8.9,3.0,4.0,14.0,0.0,25.0,8,0,0,0,0,0,0,0,0,0,0,0,0,0,0,0,0,0,0,0,0,,,,0,,,,,,,,,
2188,Internal,331.0,667.0,84922,55,18.6,10.3,6.0,0.0,12.0,0.0,0.0,19,0,0,0,0,13,0,0,0,0,0,0,0,0,0,0,0,0,0,0,0,,,,0,,,,,,,,,
2189,Internal,684.0,1836.0,141910,51,26.1,10.5,8.0,31.0,112.0,25.0,1.0,27,0,0,0,0,0,0,0,0,0,0,0,0,0,0,0,0,0,0,0,0,,,,0,,,,,,,,,
2190,Internal,478.5,1439.0,100363,47,29.5,7.9,11.0,24.5,354.0,66.0,233.0,28,0,0,0,0,0,0,0,0,0,0,0,0,12,0,0,0,0,0,0,0,,,,0,,,,,,,,,
2191,Internal,220.0,661.5,139943,47,25.5,13.9,0.0,34.5,339.5,74.0,157.0,44,0,0,0,0,0,0,0,0,0,0,0,0,459,0,0,0,0,0,0,0,,,,0,,,,,,,,,
2192,Internal,634.0,1243.5,139943,47,25.5,13.9,4.0,93.0,249.5,3.5,146.5,16,0,0,0,0,0,0,0,0,0,0,0,0,0,0,0,0,0,0,0,0,,,,0,,,,,,,,,
2193,Internal,234.0,717.5,139943,47,25.5,13.9,4.0,7.0,84.5,0.0,24.0,81,0,0,0,0,7,0,0,0,0,0,0,0,0,0,0,0,0,0,0,0,,,,0,,,,,,,,,
2194,Internal,265.0,757.0,122938,51,23.0,15.5,3.0,57.0,38.0,0.0,0.0,31,0,0,0,0,0,0,0,0,0,0,0,0,0,0,0,0,0,0,0,0,,,,0,,,,,,,,,
2195,Internal,349.0,994.5,122938,51,23.0,15.5,1.0,279.0,158.0,28.5,14.5,31,0,0,0,0,0,0,0,0,0,0,0,0,0,0,0,0,0,0,0,0,,,,0,,,,,,,,,
2196,Internal,711.5,1741.5,122938,51,23.0,15.5,20.0,83.0,97.0,81.0,56.0,33,0,0,0,0,0,0,0,0,0,0,0,0,11,0,0,0,0,0,0,0,,,,0,,,,,,,,,
2197,Internal,508.5,1081.5,65833,47,19.0,2.5,0.0,205.0,577.0,200.5,324.5,16,0,0,0,0,7,0,0,0,0,0,0,0,0,0,0,0,0,0,0,0,,,,0,,,,,,,,,
2198,Internal,179.0,361.0,65833,47,19.0,2.5,31.0,341.5,760.5,106.5,287.0,42,0,0,0,0,0,0,0,0,0,0,0,0,0,0,0,0,0,0,0,0,,,,0,,,,,,,,,
2199,Internal,477.5,914.0,65833,47,19.0,2.5,209.0,144.5,524.5,122.5,211.5,40,0,0,0,0,0,0,0,0,0,0,0,0,0,0,0,0,0,0,0,0,,,,0,,,,,,,,,
2200,Internal,296.5,625.0,65833,47,19.0,2.5,15.0,81.0,136.5,55.5,44.0,64,0,0,0,0,0,0,0,0,0,0,0,0,0,0,0,0,0,0,0,0,,,,0,,,,,,,,,
2201,Internal,466.5,1051.5,84722,47,26.2,10.9,2.0,56.5,66.5,24.0,87.5,48,0,0,0,0,7,0,0,0,0,0,0,0,0,0,0,0,0,0,0,0,,,,0,,,,,,,,,
2202,Internal,117.5,253.0,84722,47,26.2,10.9,35.0,283.0,108.5,10.5,318.5,17,0,0,0,0,0,0,0,0,0,0,0,0,1240,0,0,0,0,0,0,0,,,,0,,,,,,,,,
2203,Internal,550.5,1354.5,44489,47,26.2,19.1,80.0,678.0,1402.5,151.5,566.5,24,0,0,0,0,0,0,0,0,0,0,0,0,26,0,0,0,0,0,0,0,,,,0,,,,,,,,,
2204,Internal,751.0,1873.5,37728,47,37.8,3.7,44.0,4712.0,2486.0,300.5,1467.0,27,0,0,0,0,0,0,0,0,0,0,0,0,0,0,0,0,0,0,0,0,,,,0,,,,,,,,,
2205,Internal,1231.0,2461.0,37728,47,37.8,3.7,0.0,1388.0,1136.5,672.0,1219.0,53,0,0,0,0,0,0,0,0,0,0,0,0,0,0,0,0,0,0,0,0,,,,0,,,,,,,,,
2206,Internal,693.0,1392.0,51643,50,24.0,4.7,15.0,302.0,205.0,123.5,158.0,13,0,0,0,0,147,0,0,0,0,0,0,0,604,0,0,0,0,0,0,0,,,,0,,,,,,,,,
2207,Internal,364.5,992.5,51643,50,24.0,4.7,33.0,84.5,427.0,94.0,231.5,21,0,0,0,0,47,0,0,0,0,0,0,0,99,0,0,0,0,0,0,0,,,,0,,,,,,,,,
2208,Internal,685.5,1258.5,86563,50,13.6,31.5,56.0,776.0,2503.5,414.5,2410.0,15,0,0,0,0,0,0,0,0,0,0,0,0,0,0,0,0,0,0,0,0,,,,0,,,,,,,,,
2209,Internal,408.0,1149.0,86563,50,13.6,31.5,8.0,32.5,103.5,13.5,51.5,17,0,0,0,0,7,0,0,0,0,0,0,0,0,0,0,0,0,0,0,0,,,,0,,,,,,,,,
2210,Internal,266.0,670.0,104306,53,18.4,17.1,0.0,14.0,11.0,0.0,0.0,16,0,0,0,0,0,0,0,0,0,0,0,0,0,0,0,0,0,0,0,0,,,,0,,,,,,,,,
2211,Internal,131.0,363.0,91111,53,21.7,25.3,3.0,9.0,1.0,0.0,0.0,16,0,0,0,0,0,0,0,0,0,0,0,0,0,0,0,0,0,0,0,0,,,,0,,,,,,,,,
2212,Internal,326.0,795.5,91111,53,21.7,25.3,28.0,92.5,157.5,8.5,201.0,13,0,0,0,0,0,0,0,0,0,0,0,0,0,0,0,0,0,0,0,0,,,,0,,,,,,,,,
2213,Internal,251.0,668.0,104306,53,18.4,17.1,0.0,93.0,91.5,303.0,46.0,12,0,0,0,0,0,0,0,0,0,0,0,0,0,0,0,0,0,0,0,0,,,,0,,,,,,,,,
2214,Internal,276.5,612.0,104167,53,21.9,17.5,2.0,5.5,98.5,0.0,245.0,9,0,0,0,0,13,0,0,0,0,0,0,0,0,0,0,0,0,0,0,0,,,,0,,,,,,,,,
2215,Internal,628.5,1582.0,104167,53,21.9,17.5,7.0,44.5,539.0,21.0,217.0,37,0,0,0,0,0,0,0,0,0,0,0,0,2885,0,0,0,0,0,0,0,,,,0,,,,,,,,,
2216,Internal,451.0,1010.0,62628,50,3.9,26.4,0.0,190.5,186.5,46.5,99.0,47,0,0,0,0,0,0,0,0,0,0,0,0,0,0,0,0,0,0,0,0,,,,0,,,,,,,,,
2217,Internal,136.5,339.5,62628,50,3.9,26.4,0.0,11.5,6.5,21.5,10.5,34,0,0,0,0,0,0,0,0,0,0,0,0,0,0,0,0,0,0,0,0,,,,0,,,,,,,,,
2218,Internal,265.5,634.0,115027,50,22.8,17.9,3.0,98.0,166.5,22.5,44.0,41,0,0,0,0,0,0,0,0,0,0,0,0,0,0,0,0,0,0,0,0,,,,0,,,,,,,,,
2219,Internal,158.0,459.0,115027,50,22.8,17.9,0.0,0.5,32.0,0.0,0.0,17,0,0,0,0,0,0,0,0,0,0,0,0,0,0,0,0,0,0,0,0,,,,0,,,,,,,,,
2220,Internal,39.5,109.0,115027,50,22.8,17.9,0.0,204.0,31.5,16.0,37.5,46,0,0,0,0,0,0,0,0,0,0,0,0,3405,0,0,0,0,0,0,0,,,,0,,,,,,,,,
2221,Internal,257.0,560.0,100588,50,22.2,29.2,7.0,553.0,483.5,137.0,84.0,44,0,0,0,0,0,0,0,0,0,0,0,0,5,0,0,0,0,0,0,0,,,,0,,,,,,,,,
2222,Internal,298.0,780.0,100588,50,22.2,29.2,0.0,10.0,0.0,87.0,2.0,64,0,0,0,0,0,0,0,0,0,0,0,0,1101,0,0,0,0,0,0,0,,,,0,,,,,,,,,
2223,Internal,181.5,338.0,100588,50,22.2,29.2,0.0,28.0,133.5,2.0,1.5,34,0,0,0,0,0,0,0,0,0,0,0,0,0,0,0,0,0,0,0,0,,,,0,,,,,,,,,
2224,Internal,141.0,394.0,91111,53,21.7,25.3,1.0,3.0,0.0,0.0,0.0,16,0,0,0,0,0,0,0,0,0,0,0,0,0,0,0,0,0,0,0,0,,,,0,,,,,,,,,
2225,Internal,393.0,1195.5,100219,50,10.9,24.6,0.0,134.5,444.5,59.0,18.0,44,0,0,0,0,0,0,0,0,0,0,0,0,0,0,0,0,0,0,0,0,,,,0,,,,,,,,,
2226,Internal,355.5,727.0,100219,50,10.9,24.6,3.0,34.0,206.5,7.0,15.0,22,0,0,0,0,0,0,0,0,0,0,0,0,0,0,0,0,0,0,0,0,,,,0,,,,,,,,,
2227,Internal,230.5,456.0,100219,50,10.9,24.6,0.0,3.0,6.5,0.0,0.0,34,0,0,0,0,7,0,0,0,0,0,0,0,0,0,0,0,0,0,0,0,,,,0,,,,,,,,,
2228,Internal,336.0,663.0,100219,50,10.9,24.6,28.0,412.0,693.5,103.5,175.5,50,0,0,0,0,0,0,0,0,0,0,0,0,0,0,0,0,0,0,0,0,,,,0,,,,,,,,,
2229,Internal,373.0,693.5,100219,50,10.9,24.6,8.0,96.5,308.0,62.5,22.0,39,0,0,0,0,0,0,0,0,0,0,0,0,0,0,0,0,0,0,0,0,,,,0,,,,,,,,,
2230,Internal,125.0,318.5,100219,50,10.9,24.6,0.0,31.5,56.5,0.0,0.5,68,0,0,0,0,0,0,0,0,0,0,0,0,0,0,0,0,0,0,0,0,,,,0,,,,,,,,,
2231,Internal,175.5,451.0,86042,53,13.3,25.5,1.0,112.0,133.5,24.0,56.0,29,0,0,0,0,0,0,0,0,0,0,0,0,810,0,0,0,0,0,0,0,,,,0,,,,,,,,,
2232,Internal,381.0,873.0,86042,53,13.3,25.5,17.0,170.0,353.0,121.5,256.0,25,0,0,0,0,0,0,0,0,0,0,0,0,0,0,0,0,0,0,0,0,,,,0,,,,,,,,,
2233,Internal,283.5,622.5,86042,53,13.3,25.5,0.0,133.0,379.0,87.0,261.0,38,0,0,0,0,0,0,0,0,0,0,0,0,0,0,0,0,0,0,0,0,,,,0,,,,,,,,,
2234,Internal,331.0,761.0,76607,53,18.7,30.8,0.0,59.0,56.0,8.5,156.0,26,0,0,0,0,0,0,0,0,0,0,0,0,0,0,0,0,0,0,0,0,,,,0,,,,,,,,,
2235,Internal,426.5,669.5,76607,53,18.7,30.8,4.0,9.5,460.5,3.0,2.0,19,0,0,0,0,0,0,0,0,0,0,0,0,0,0,0,0,0,0,0,0,,,,0,,,,,,,,,
2236,Internal,213.5,558.0,76607,53,18.7,30.8,0.0,8.0,8.0,0.0,0.0,27,0,0,0,0,0,0,0,0,0,0,0,0,0,0,0,0,0,0,0,0,,,,0,,,,,,,,,
2237,Internal,355.0,665.0,41429,53,17.8,14.3,25.0,243.0,148.5,14.5,43.0,16,0,0,0,0,7,0,0,0,0,0,0,0,0,0,0,0,0,0,0,0,,,,0,,,,,,,,,
2238,Internal,245.5,564.5,41429,53,17.8,14.3,12.0,18.0,84.0,56.5,5.0,3,0,0,0,0,0,0,0,0,0,0,0,0,0,0,0,0,0,0,0,0,,,,0,,,,,,,,,
2239,Internal,397.0,703.5,41429,53,17.8,14.3,33.0,18.0,143.5,12.5,23.0,51,0,0,0,0,0,0,0,0,0,0,0,0,0,0,0,0,0,0,0,0,,,,0,,,,,,,,,
2240,Internal,193.0,512.0,94438,54,20.3,23.6,16.0,28.5,38.5,4.5,4.0,23,0,0,0,0,0,0,0,0,0,0,0,0,0,0,0,0,0,0,0,0,,,,0,,,,,,,,,
2241,Internal,207.0,405.0,74156,51,16.9,17.9,0.0,2.0,11.0,0.0,2.0,32,0,0,0,0,0,0,0,0,0,0,0,0,0,0,0,0,0,0,0,0,,,,0,,,,,,,,,
2242,Internal,191.0,329.0,94438,54,20.3,23.6,0.0,5.0,0.0,0.0,0.0,34,0,0,0,0,0,0,0,0,0,0,0,0,0,0,0,0,0,0,0,0,,,,0,,,,,,,,,
2243,Internal,481.0,1050.0,54844,51,23.2,14.9,0.0,4.0,5.0,0.0,0.0,32,0,0,0,0,0,0,0,0,0,0,0,0,0,0,0,0,0,0,0,0,,,,0,,,,,,,,,
2244,Internal,475.5,1170.5,31143,51,28.3,2.5,43.0,419.5,804.0,158.5,449.5,34,0,0,0,0,13,0,0,0,0,0,0,0,789,0,0,0,0,0,0,0,,,,0,,,,,,,,,
2245,Internal,335.0,685.0,54844,51,23.2,14.9,5.0,2.5,60.0,0.0,25.0,0,0,0,0,0,7,0,0,0,0,0,0,0,0,0,0,0,0,0,0,0,,,,0,,,,,,,,,
2246,Internal,495.5,994.0,74156,51,16.9,17.9,2.0,141.0,153.0,25.0,106.5,28,0,0,0,0,0,0,0,0,0,0,0,0,0,0,0,0,0,0,0,0,,,,0,,,,,,,,,
2247,Internal,83.0,203.0,100588,50,22.2,29.2,101.0,150.5,170.0,75.0,880.5,10,0,0,0,0,0,0,0,0,0,0,0,0,0,0,0,0,0,0,0,0,,,,0,,,,,,,,,
2248,Internal,128.5,311.5,81974,54,11.8,16.4,0.0,2.5,2.5,0.0,0.0,34,0,0,0,0,0,0,0,0,0,0,0,0,0,0,0,0,0,0,0,0,,,,0,,,,,,,,,
2249,Internal,309.5,577.0,81974,54,11.8,16.4,0.0,3.0,2.5,20.5,0.0,34,0,0,0,0,0,0,0,0,0,0,0,0,0,0,0,0,0,0,0,0,,,,0,,,,,,,,,
2250,Internal,141.0,301.0,82794,54,20.7,12.7,77.0,161.0,215.0,0.0,10.0,33,0,0,0,0,0,0,0,0,0,0,0,0,0,0,0,0,0,0,0,0,,,,0,,,,,,,,,
2251,Internal,147.0,387.0,81974,54,11.8,16.4,0.0,10.0,0.0,0.0,0.0,34,0,0,0,0,0,0,0,0,0,0,0,0,0,0,0,0,0,0,0,0,,,,0,,,,,,,,,
2252,Internal,438.0,1143.0,82794,54,20.7,12.7,11.0,26.5,18.5,0.0,6.0,47,0,0,0,0,7,0,0,0,0,0,0,0,0,0,0,0,0,0,0,0,,,,0,,,,,,,,,
2253,Internal,298.5,763.5,127500,50,14.1,35.5,9.5,60.0,234.5,20.5,26.5,32,0,0,0,0,0,0,0,0,0,0,0,0,0,0,0,0,0,0,0,0,,,,0,,,,,,,,,
2254,Internal,80.5,200.5,127500,50,14.1,35.5,29.5,335.5,1984.5,219.5,357.0,38,0,0,0,0,0,0,0,0,0,0,0,0,0,0,0,1,0,0,0,0,,,,0,,,,,,,,,
2255,Internal,143.0,382.0,127500,50,14.1,35.5,0.0,8.0,18.0,0.0,0.0,47,0,0,0,0,7,0,0,0,0,0,0,0,0,0,0,0,0,0,0,0,,,,0,,,,,,,,,
2256,Internal,159.0,436.0,127500,50,14.1,35.5,4.0,64.5,142.0,33.0,11.0,42,0,0,0,0,7,0,0,0,0,0,0,0,0,0,0,0,0,0,0,0,,,,0,,,,,,,,,
2257,Internal,202.5,597.0,207574,50,22.8,15.6,0.0,4.0,48.5,0.0,3.0,47,0,0,0,0,0,0,0,0,0,0,0,0,0,0,0,0,0,0,0,0,,,,0,,,,,,,,,
2258,Internal,489.5,1399.0,207574,50,22.8,15.6,2.0,30.5,78.5,0.0,3.0,62,0,0,0,0,20,0,0,0,0,0,0,0,0,0,0,0,0,0,0,0,,,,0,,,,,,,,,
2259,Internal,159.0,464.5,108929,50,28.2,7.8,3.0,4.0,250.0,0.5,1.0,36,0,0,0,0,0,0,0,0,0,0,0,0,0,0,0,0,0,0,0,0,,,,0,,,,,,,,,
2260,Internal,491.5,1313.5,108929,50,28.2,7.8,9.0,130.0,75.0,0.5,1.5,46,0,0,0,0,20,0,0,0,0,0,0,0,1390,0,0,0,0,0,0,0,,,,0,,,,,,,,,
2261,Internal,466.5,1201.0,55190,56,27.5,5.3,0.0,29.0,15.5,3.0,187.0,6,0,0,0,0,7,0,0,0,0,0,0,0,0,0,0,0,0,0,0,0,,,,0,,,,,,,,,
2262,Internal,189.0,503.0,70435,56,18.4,9.8,0.0,57.0,24.0,4.0,4.0,46,0,0,0,0,0,0,0,0,0,0,0,0,0,0,0,0,0,0,0,0,,,,0,,,,,,,,,
2263,Internal,245.5,522.0,70435,56,18.4,9.8,138.0,243.0,731.0,122.5,149.0,48,0,0,0,0,0,0,0,0,0,0,0,0,0,0,0,0,0,0,0,0,,,,0,,,,,,,,,
2264,Internal,260.0,628.0,70435,56,18.4,9.8,33.0,137.0,154.5,52.0,53.5,41,0,0,0,0,0,0,0,0,0,0,0,0,0,0,0,0,0,0,0,0,,,,0,,,,,,,,,
2265,Internal,157.0,369.5,70435,56,18.4,9.8,40.0,74.5,87.5,31.0,58.5,41,0,0,0,0,0,0,0,0,0,0,0,0,0,0,0,0,0,0,0,0,,,,0,,,,,,,,,
2266,Internal,176.0,533.5,55190,56,27.5,5.3,0.0,4.5,7.5,0.0,2.0,43,0,0,0,0,0,0,0,0,0,0,0,0,0,0,0,0,0,0,0,0,,,,0,,,,,,,,,
2267,Internal,194.0,492.0,70435,56,18.4,9.8,0.0,70.5,60.5,15.0,40.5,43,0,0,0,0,0,0,0,0,0,0,0,0,1371,0,0,0,0,0,0,0,,,,0,,,,,,,,,
2268,Internal,334.0,729.0,70435,56,18.4,9.8,30.0,255.5,355.0,85.5,181.5,30,0,0,0,0,0,0,0,0,0,0,0,0,605,0,0,0,0,0,0,0,,,,0,,,,,,,,,
2269,Internal,795.5,1544.0,70435,56,18.4,9.8,18.0,692.0,1254.5,156.0,368.0,54,0,0,0,0,0,0,0,0,0,0,0,0,0,0,0,0,0,0,0,0,,,,0,,,,,,,,,
2270,Internal,249.0,645.5,48951,56,21.8,7.0,0.0,155.0,56.5,14.0,0.5,43,0,0,0,0,7,0,0,0,0,0,0,0,0,0,0,0,0,0,0,0,,,,0,,,,,,,,,
2271,Internal,823.0,1521.0,48951,56,21.8,7.0,0.0,105.0,86.5,8.0,1.0,43,0,0,0,0,67,0,0,0,0,0,0,0,0,0,0,0,0,0,0,0,,,,0,,,,,,,,,
2272,Internal,268.5,415.5,48951,56,21.8,7.0,0.0,59.0,101.5,16.5,418.5,12,0,0,0,0,40,0,0,0,0,0,0,0,0,0,0,0,0,0,0,0,,,,0,,,,,,,,,
2273,Internal,602.5,1489.5,90208,49,18.3,17.8,0.0,669.0,393.5,144.0,84.0,46,0,0,0,0,0,0,0,0,0,0,0,0,2460,0,0,0,0,0,0,0,,,,0,,,,,,,,,
2274,Internal,143.5,370.0,90208,49,18.3,17.8,0.0,30.0,26.5,0.0,0.0,66,0,0,0,0,0,0,0,0,0,0,0,0,0,0,0,0,0,0,0,0,,,,0,,,,,,,,,
2275,Internal,269.0,681.0,90208,49,18.3,17.8,14.0,22.5,164.0,34.0,18.5,42,0,0,0,0,0,0,0,0,0,0,0,0,0,0,0,0,0,0,0,0,,,,0,,,,,,,,,
2276,Internal,139.5,387.5,55190,56,27.5,5.3,30.0,97.5,136.5,37.0,10.5,16,0,0,0,0,0,0,0,0,0,0,0,0,0,0,0,0,0,0,0,0,,,,0,,,,,,,,,
2277,Internal,108.0,259.5,90208,49,18.3,17.8,0.0,6.5,10.5,0.5,0.0,66,0,0,0,0,0,0,0,0,0,0,0,0,0,0,0,0,0,0,0,0,,,,0,,,,,,,,,
2278,Internal,251.5,651.0,90208,49,18.3,17.8,0.0,44.0,58.5,8.5,21.0,66,0,0,0,0,7,0,0,0,0,0,0,0,0,0,0,0,0,0,0,0,,,,0,,,,,,,,,
2279,Internal,419.5,971.0,90208,49,18.3,17.8,0.0,744.5,531.5,122.5,108.5,91,0,0,0,0,0,0,0,0,0,0,0,0,0,0,0,0,0,0,0,0,,,,0,,,,,,,,,
2280,Internal,23.0,58.5,90208,49,18.3,17.8,0.0,5643.5,27.5,513.0,10.5,32,0,0,0,0,0,0,0,0,0,0,0,0,0,0,0,0,0,0,0,0,,,,0,,,,,,,,,
2281,Internal,166.5,397.5,90208,49,18.3,17.8,0.0,264.0,146.0,23.5,62.0,64,0,0,0,0,0,0,0,0,0,0,0,0,1214,0,0,0,0,0,0,0,,,,0,,,,,,,,,
2282,Internal,4.0,11.0,76956,25,25.0,11.0,1.0,5.0,4.5,1.0,0.0,40,0,0,0,0,0,0,0,0,0,0,0,0,0,0,0,0,0,0,0,0,,,,0,,,,,,,,,
2283,Internal,3.0,8.0,84549,55,18.3,9.4,66.0,6.5,4.0,0.5,0.0,76,0,0,0,0,0,0,0,0,0,0,0,0,0,0,0,0,0,0,0,0,,,,0,,,,,,,,,
2284,Internal,190.5,529.0,122596,49,24.3,11.5,0.0,71.0,677.5,60.5,14.5,52,0,0,0,0,0,0,0,0,0,0,0,0,0,0,0,0,0,0,0,0,,,,0,,,,,,,,,
2285,Internal,388.5,1070.0,122596,49,24.3,11.5,35.0,259.0,538.5,30.5,30.5,20,0,0,0,0,0,0,0,0,0,0,0,0,0,0,0,0,0,0,0,0,,,,0,,,,,,,,,
2286,Internal,74.0,211.0,122596,49,24.3,11.5,12.0,7.5,42.0,1.0,1.0,17,0,0,0,0,0,0,0,0,0,0,0,0,0,0,0,0,0,0,0,0,,,,0,,,,,,,,,
2287,Internal,219.0,687.5,122596,49,24.3,11.5,4.0,174.0,60.0,7.5,15.0,66,0,0,0,0,0,0,0,0,0,0,0,0,0,0,0,0,0,0,0,0,,,,0,,,,,,,,,
2288,Internal,420.0,891.5,122596,49,24.3,11.5,449.5,670.0,1305.0,282.5,422.0,45,0,0,0,0,0,0,0,0,0,0,0,0,0,0,0,0,0,0,0,0,,,,0,,,,,,,,,
2289,Internal,201.5,469.5,122596,49,24.3,11.5,2.0,19.0,32.5,0.0,0.0,66,0,0,0,0,0,0,0,0,0,0,0,0,0,0,0,0,0,0,0,0,,,,0,,,,,,,,,
2290,Internal,11.0,24.5,122596,49,24.3,11.5,0.0,0.0,3.0,2.0,0.0,66,0,0,0,0,0,0,0,0,0,0,0,0,0,0,0,0,0,0,0,0,,,,0,,,,,,,,,
2291,Internal,51.5,114.0,84549,55,18.3,9.4,4.0,2911.5,2056.0,33.5,13.5,92,0,0,0,0,0,0,0,0,0,0,0,0,0,0,0,0,0,0,0,0,,,,0,,,,,,,,,
2292,Internal,224.5,566.0,95809,55,29.7,10.4,0.0,39.0,28.0,1.0,1.0,76,0,0,0,0,13,0,0,0,0,0,0,0,0,0,0,0,0,0,0,0,,,,0,,,,,,,,,
2293,Internal,196.0,411.0,95809,55,29.7,10.4,0.0,87.0,137.5,3.0,17.0,18,0,0,0,0,0,0,0,0,0,0,0,0,0,0,0,0,0,0,0,0,,,,0,,,,,,,,,
2294,Internal,1123.5,2462.0,95809,55,29.7,10.4,15.0,1550.0,331.5,22.5,47.5,84,0,0,0,0,0,0,0,0,0,0,0,0,29,0,0,0,0,0,0,0,,,,0,,,,,,,,,
2295,Internal,40.0,167.0,95809,55,29.7,10.4,384.0,421.0,98.0,0.0,20.0,78,0,0,0,0,0,0,0,0,0,0,0,0,0,0,0,0,0,0,0,0,,,,0,,,,,,,,,
2296,Internal,108.0,240.0,95809,55,29.7,10.4,0.0,0.0,0.0,0.0,0.0,76,0,0,0,0,0,0,0,0,0,0,0,0,0,0,0,0,0,0,0,0,,,,0,,,,,,,,,
2297,Internal,97.5,221.0,84549,55,18.3,9.4,64.0,441.5,603.5,331.5,522.5,29,0,0,0,0,0,0,0,0,0,0,0,0,0,0,0,0,0,0,0,0,,,,0,,,,,,,,,
2298,Internal,965.5,2050.0,84549,55,18.3,9.4,4.0,229.5,600.5,57.0,437.5,24,0,0,0,0,47,0,0,0,0,0,0,0,0,0,0,0,0,0,0,0,,,,0,,,,,,,,,
2299,Internal,527.5,833.0,84549,55,18.3,9.4,160.0,613.0,17.0,0.5,10.0,84,0,0,0,0,13,0,0,0,0,0,0,0,0,0,0,0,0,0,0,0,,,,0,,,,,,,,,
2300,Internal,217.5,449.0,79306,55,12.6,16.3,1.0,115.5,35.0,10.5,0.5,76,0,0,0,0,0,0,0,0,0,0,0,0,0,0,0,0,0,0,0,0,,,,0,,,,,,,,,
2301,Internal,365.5,732.0,79306,55,12.6,16.3,2.0,55.0,52.0,4.0,3.0,78,0,0,0,0,0,0,0,0,0,0,0,0,0,0,0,0,0,0,0,0,,,,0,,,,,,,,,
2302,Internal,334.5,801.5,78638,54,17.6,8.4,0.0,159.0,71.0,15.0,36.5,42,0,0,0,0,13,0,0,0,0,0,0,0,1936,0,0,0,0,0,0,0,,,,0,,,,,,,,,
2303,Internal,210.0,367.0,79306,55,12.6,16.3,0.0,4.0,0.0,0.0,0.0,76,0,0,0,0,20,0,0,0,0,0,0,0,0,0,0,0,0,0,0,0,,,,0,,,,,,,,,
2304,Internal,474.0,1006.0,78638,54,17.6,8.4,0.0,6.0,17.0,0.0,0.5,26,0,0,0,0,33,0,0,0,0,0,0,0,0,0,0,0,0,0,0,0,,,,0,,,,,,,,,
2305,Internal,332.5,725.5,78638,54,17.6,8.4,0.0,27.0,8.5,10.0,218.0,23,0,0,0,0,7,0,0,0,0,0,0,0,0,0,0,0,0,0,0,0,,,,0,,,,,,,,,
2306,Internal,686.5,1582.0,55743,54,26.0,12.9,6.0,397.0,617.5,200.5,483.0,47,0,0,0,0,0,0,0,0,0,0,0,0,0,0,0,0,0,0,0,0,,,,0,,,,,,,,,
2307,Internal,66.0,186.0,55743,54,26.0,12.9,0.0,40.0,47.0,8.5,172.0,13,0,0,0,0,0,0,0,0,0,0,0,0,0,0,0,0,0,0,0,0,,,,0,,,,,,,,,
2308,Internal,174.0,489.5,55743,54,26.0,12.9,4.0,84.5,92.0,4.0,132.5,15,0,0,0,0,0,0,0,0,0,0,0,0,0,0,0,0,0,0,0,0,,,,0,,,,,,,,,
2309,Internal,99.5,243.0,55743,54,26.0,12.9,0.0,0.0,85.5,0.5,0.5,45,0,0,0,0,0,0,0,0,0,0,0,0,918,0,0,0,0,0,0,0,,,,0,,,,,,,,,
2310,Internal,381.5,952.0,55743,54,26.0,12.9,0.0,222.5,171.5,60.0,183.5,26,0,0,0,0,0,0,0,0,0,0,0,0,0,0,0,0,0,0,0,0,,,,0,,,,,,,,,
2311,Internal,80.0,269.5,89279,53,24.6,3.8,589.0,186.0,51.0,15.0,3.0,53,0,0,0,0,0,0,0,0,0,0,0,0,0,0,0,0,0,0,0,0,,,,0,,,,,,,,,
2312,Internal,366.0,697.5,89279,53,24.6,3.8,123.0,87.5,226.0,10.0,93.5,15,0,0,0,0,0,0,0,0,0,0,0,0,0,0,0,0,0,0,0,0,,,,0,,,,,,,,,
2313,Internal,327.0,816.5,89279,53,24.6,3.8,45.0,373.5,269.0,89.0,27.0,86,0,0,0,0,0,0,0,0,0,0,0,0,0,0,0,0,0,0,0,0,,,,0,,,,,,,,,
2314,Internal,373.5,1159.0,133203,53,23.6,14.9,23.0,109.5,213.5,50.0,106.0,60,0,0,0,0,0,0,0,0,0,0,0,0,0,0,0,0,0,0,0,0,,,,0,,,,,,,,,
2315,Internal,961.5,2212.5,89279,53,24.6,3.8,14.0,117.0,213.0,30.0,100.0,70,0,0,0,0,0,0,0,0,0,0,0,0,0,0,0,0,0,0,0,0,,,,0,,,,,,,,,
2316,Internal,542.0,1115.0,89279,53,24.6,3.8,519.0,155.0,163.5,15.0,781.0,70,0,0,0,0,33,0,0,0,0,0,0,0,27,0,0,0,0,0,0,0,,,,0,,,,,,,,,
2317,Internal,299.5,667.0,133203,53,23.6,14.9,2.0,149.0,102.5,26.5,62.5,40,0,0,0,0,0,0,0,0,0,0,0,0,0,0,0,0,0,0,0,0,,,,0,,,,,,,,,
2318,Internal,605.0,1634.0,133203,53,23.6,14.9,59.0,18.5,123.5,26.5,20.5,36,0,0,0,0,0,0,0,0,0,0,0,0,0,0,0,0,0,0,0,0,,,,0,,,,,,,,,
2319,Internal,140.0,376.0,133203,53,23.6,14.9,0.0,51.0,121.5,12.5,22.5,15,0,0,0,0,0,0,0,0,0,0,0,0,0,0,0,0,0,0,0,0,,,,0,,,,,,,,,
2320,Internal,656.0,1034.0,89279,53,24.6,3.8,13.0,126.5,414.0,10.0,1227.0,9,0,0,0,0,33,0,0,0,0,0,0,0,0,0,0,0,0,0,0,0,,,,0,,,,,,,,,
2321,Internal,349.5,879.0,89279,53,24.6,3.8,0.0,57.5,56.5,22.5,75.5,43,0,0,0,0,0,0,0,0,0,0,0,0,0,0,0,0,0,0,0,0,,,,0,,,,,,,,,
2322,Internal,382.5,833.5,133203,53,23.6,14.9,0.0,382.0,320.5,101.0,374.0,8,0,0,0,0,0,0,0,0,0,0,0,0,0,0,0,0,0,0,0,0,,,,0,,,,,,,,,
2323,Internal,458.0,1187.0,133203,53,23.6,14.9,3.0,119.0,265.0,59.0,119.5,40,0,0,0,0,0,0,0,0,0,0,0,0,0,0,0,0,0,0,0,0,,,,0,,,,,,,,,
2324,Internal,423.5,926.0,120372,52,26.6,11.0,0.0,12.5,14.5,0.0,0.0,48,0,0,0,0,0,0,0,0,0,0,0,0,0,0,0,0,0,0,0,0,,,,0,,,,,,,,,
2325,Internal,1125.0,2394.0,85625,52,20.1,6.8,667.0,1181.0,1141.5,308.0,757.0,41,0,0,0,0,0,0,0,0,0,0,0,0,0,0,0,0,0,0,0,0,,,,0,,,,,,,,,
2326,Internal,522.5,1036.5,65040,52,19.8,18.0,2.0,0.5,98.5,12.0,56.0,26,0,0,0,0,0,0,0,0,0,0,0,0,0,0,0,0,0,0,0,0,,,,0,,,,,,,,,
2327,Internal,36.0,118.5,85625,52,20.1,6.8,0.0,127.5,11.0,0.0,0.0,44,0,0,0,0,7,0,0,0,0,0,0,0,1350,0,0,0,0,0,0,0,,,,0,,,,,,,,,
2328,Internal,287.5,761.5,120372,52,26.6,11.0,108.0,114.0,397.0,55.0,200.0,41,0,0,0,0,7,0,0,0,0,0,0,0,0,0,0,0,0,0,0,0,,,,0,,,,,,,,,
2329,Internal,221.0,592.0,120372,52,26.6,11.0,0.0,34.5,4.0,0.5,0.5,32,0,0,0,0,0,0,0,0,0,0,0,0,0,0,0,0,0,0,0,0,,,,0,,,,,,,,,
2330,Internal,442.0,999.0,85625,52,20.1,6.8,14.0,126.0,176.0,38.0,189.0,26,0,0,0,0,7,0,0,0,0,0,0,0,806,0,0,0,0,0,0,0,,,,0,,,,,,,,,
2331,Internal,152.0,435.0,120372,52,26.6,11.0,0.0,14.5,4.5,0.5,4.5,51,0,0,0,0,0,0,0,0,0,0,0,0,0,0,0,0,0,0,0,0,,,,0,,,,,,,,,
2332,Internal,507.0,1183.0,85625,52,20.1,6.8,14.0,7.5,36.0,0.5,10.0,40,0,0,0,0,0,0,0,0,0,0,0,0,0,0,0,0,0,0,0,0,,,,0,,,,,,,,,
2333,Internal,219.0,737.0,85625,52,20.1,6.8,1.0,8.0,39.0,0.0,0.0,54,0,0,0,0,0,0,0,0,0,0,0,0,0,0,0,0,0,0,0,0,,,,0,,,,,,,,,
2334,Internal,5.0,35.5,85625,52,20.1,6.8,0.0,10.0,112.5,49.5,432.0,78,0,0,0,0,0,0,0,0,0,0,0,0,0,0,0,0,0,0,0,0,,,,0,,,,,,,,,
2335,Internal,577.0,1296.5,89750,52,19.3,8.4,124.0,363.0,491.5,149.0,379.0,24,0,0,0,0,0,0,0,0,0,0,0,0,0,0,0,0,0,0,0,0,,,,0,,,,,,,,,
2336,Internal,619.5,1498.5,89750,52,19.3,8.4,21.0,79.5,266.0,12.0,152.0,27,0,0,0,0,0,0,0,0,0,0,0,0,0,0,0,0,0,0,0,0,,,,0,,,,,,,,,
2337,Internal,212.0,479.0,89750,52,19.3,8.4,0.0,54.5,33.0,6.5,13.0,24,0,0,0,0,0,0,0,0,0,0,0,0,0,0,0,0,0,0,0,0,,,,0,,,,,,,,,
2338,Internal,263.5,701.5,95726,58,19.8,5.8,0.0,21.5,21.0,0.0,2.0,28,0,0,0,0,0,0,0,0,0,0,0,0,0,0,0,0,0,0,0,0,,,,0,,,,,,,,,
2339,Internal,314.0,672.0,65040,52,19.8,18.0,24.0,43.5,187.5,0.0,0.0,17,0,0,0,0,0,0,0,0,0,0,0,0,0,0,0,0,0,0,0,0,,,,0,,,,,,,,,
2340,Internal,84.0,212.0,90912,58,32.8,5.9,0.0,1.0,58.0,60.0,24.0,39,0,0,0,0,0,0,0,0,0,0,0,0,0,0,0,0,0,0,0,0,,,,0,,,,,,,,,
2341,Internal,595.0,1423.0,95726,58,19.8,5.8,7.0,132.0,183.5,7.0,2.0,38,0,0,0,0,40,0,0,0,0,0,0,0,1206,0,0,0,0,0,0,0,,,,0,,,,,,,,,
2342,Internal,206.0,607.0,90912,58,32.8,5.9,272.0,3.0,2.0,0.0,4.0,38,0,0,0,0,0,0,0,0,0,0,0,0,0,0,0,0,0,0,0,0,,,,0,,,,,,,,,
2343,Internal,324.0,894.0,122083,52,22.0,14.0,8.0,30.0,21.0,40.0,4.0,72,0,0,0,0,0,0,0,0,0,0,0,0,0,0,0,0,0,0,0,0,,,,0,,,,,,,,,
2344,Internal,998.0,2023.5,71514,56,14.2,7.2,0.0,21.0,24.0,12.0,0.0,45,0,0,0,0,40,0,0,0,0,0,0,0,0,0,0,0,0,0,0,0,,,,0,,,,,,,,,
2345,Internal,566.0,1243.0,110729,51,28.7,7.9,0.0,79.5,23.5,25.0,65.0,21,0,0,0,0,0,0,0,0,0,0,0,0,0,0,0,0,0,0,0,0,,,,0,,,,,,,,,
2346,Internal,141.0,423.0,123750,56,22.5,23.8,1.0,6.0,400.0,25.0,0.0,22,0,0,0,0,0,0,0,0,0,0,0,0,0,0,0,0,0,0,0,0,,,,0,,,,,,,,,
2347,Internal,513.0,1703.0,110729,51,28.7,7.9,0.0,10.0,13.0,0.0,0.0,61,0,0,0,0,0,0,0,0,0,0,0,0,0,0,0,0,0,0,0,0,,,,0,,,,,,,,,
2348,Internal,612.5,1918.0,110729,51,28.7,7.9,0.0,25.5,37.0,0.0,11.0,50,0,0,0,0,0,0,0,0,0,0,0,0,0,0,0,0,0,0,0,0,,,,0,,,,,,,,,
2349,Internal,1284.0,3147.5,110729,51,28.7,7.9,275.0,889.0,627.0,368.0,320.0,53,0,0,0,0,0,0,0,0,0,0,0,0,0,0,0,0,0,0,0,0,,,,0,,,,,,,,,
2350,Internal,356.0,1001.5,110729,51,28.7,7.9,0.0,87.5,18.0,29.0,21.5,46,0,0,0,0,0,0,0,0,0,0,0,0,2537,0,0,0,0,0,0,0,,,,0,,,,,,,,,
2351,Internal,799.5,1733.5,122083,52,22.0,14.0,4.0,23.5,42.5,3.0,311.0,57,0,0,0,0,13,0,0,0,0,0,0,0,0,0,0,0,0,0,0,0,,,,0,,,,,,,,,
2352,Internal,1086.5,2294.5,63750,56,14.3,7.5,1738.0,5005.5,941.0,266.5,228.5,54,0,0,0,0,0,0,0,0,0,0,0,0,0,0,0,0,0,0,0,0,,,,0,,,,,,,,,
2353,Internal,4.0,20.0,122083,52,22.0,14.0,0.0,110.0,0.0,0.0,0.0,48,0,0,0,0,0,0,0,0,0,0,0,0,1107,0,0,0,0,0,0,0,,,,0,,,,,,,,,
2354,Internal,626.5,1845.5,110729,51,28.7,7.9,4.0,53.5,145.5,51.5,35.0,35,0,0,0,0,0,0,0,0,0,0,0,0,0,0,0,0,0,0,0,0,,,,0,,,,,,,,,
2355,Internal,714.0,1583.0,110729,51,28.7,7.9,3.0,171.5,90.0,75.5,264.5,19,0,0,0,0,0,0,0,0,0,0,0,0,9,0,0,0,0,0,0,0,,,,0,,,,,,,,,
2356,Internal,209.0,437.5,110729,51,28.7,7.9,0.0,29.0,81.0,26.5,220.0,15,0,0,0,0,0,0,0,0,0,0,0,0,26,0,0,0,0,0,0,0,,,,0,,,,,,,,,
2357,Internal,18.5,38.0,110729,51,28.7,7.9,0.0,11.0,39.5,19.0,236.0,8,0,0,0,0,0,0,0,0,0,0,0,0,0,0,0,0,0,0,0,0,,,,0,,,,,,,,,
2358,Internal,56.5,150.5,63750,56,14.3,7.5,536.0,259.0,229.0,24.5,22.5,69,0,0,0,0,0,0,0,0,0,0,0,0,0,0,0,0,0,0,0,0,,,,0,,,,,,,,,
2359,Internal,137.0,435.0,123750,56,22.5,23.8,0.0,16.0,47.0,0.0,0.0,28,0,0,0,0,0,0,0,0,0,0,0,0,0,0,0,0,0,0,0,0,,,,0,,,,,,,,,
2360,Internal,700.0,1684.5,63750,56,14.3,7.5,759.0,1323.0,385.5,83.0,124.5,42,0,0,0,0,0,0,0,0,0,0,0,0,0,0,0,0,0,0,0,0,,,,0,,,,,,,,,
2361,Internal,602.5,1712.5,110729,51,28.7,7.9,0.0,17.0,89.0,0.0,0.0,56,0,0,0,0,7,0,0,0,0,0,0,0,0,0,0,0,0,0,0,0,,,,0,,,,,,,,,
2362,Internal,73.5,190.0,110729,51,28.7,7.9,0.0,197.5,368.0,0.0,1.5,57,0,0,0,0,0,0,0,0,0,0,0,0,0,0,0,0,0,0,0,0,,,,0,,,,,,,,,
2363,Internal,122.5,258.5,63750,56,14.3,7.5,102.0,737.0,124.5,190.5,247.5,59,0,0,0,0,0,0,0,0,0,0,0,0,0,0,0,0,0,0,0,0,,,,0,,,,,,,,,
2364,Internal,1209.0,2657.0,81955,50,24.7,2.5,420.5,62.0,155.5,2.0,0.0,44,0,0,0,0,0,61,0,13,0,0,0,0,1974,0,0,0,0,0,0,0,,,,0,,,,,,,,,
2365,Internal,277.0,973.0,135500,50,36.1,6.6,2.0,71.0,18.0,0.0,0.0,32,0,0,0,0,0,0,0,0,0,0,0,0,0,0,0,0,0,0,0,0,,,,0,,,,,,,,,
2366,Internal,1264.5,3281.5,81955,50,24.7,2.5,12.0,8.0,145.0,2.0,15.0,42,0,0,0,0,0,38,0,22,0,0,0,0,0,0,0,0,0,0,0,0,,,,0,,,,,,,,,
2367,Internal,1096.5,3670.0,135500,50,36.1,6.6,0.0,7.0,29.0,0.0,0.0,34,0,0,0,0,0,0,0,5,0,0,0,0,1535,0,0,0,0,0,0,0,,,,0,,,,,,,,,
2368,Internal,513.0,1331.5,135500,50,36.1,6.6,13.0,2.0,15.0,5.0,0.0,42,0,0,0,0,0,0,0,0,0,0,0,0,0,0,0,0,0,0,0,0,,,,0,,,,,,,,,
2369,Internal,116.0,303.5,76956,50,25.0,11.0,756.5,3270.0,1138.0,3472.5,337.0,46,0,0,0,0,0,0,0,0,0,0,0,0,0,0,0,0,0,0,0,0,,,,0,35700,,,,,,,,
2370,Internal,193.0,444.0,63750,56,14.3,7.5,392.0,736.5,386.0,47.5,99.5,58,0,0,0,0,0,0,0,5,0,0,0,0,0,0,0,0,0,0,0,0,,,,0,,,,,,,,,
2371,Internal,383.0,901.5,63750,56,14.3,7.5,488.0,1367.0,471.5,170.0,138.5,69,0,0,0,0,0,0,0,0,0,0,0,0,0,0,0,0,0,0,0,0,,,,0,,,,,,,,,
2372,Internal,372.0,729.5,117697,50,30.8,3.7,0.0,6566.5,475.5,14.0,945.0,95,0,0,0,0,0,0,0,5,0,0,0,0,0,0,0,0,0,0,0,0,,,,0,,,,,,,,,
2373,Internal,939.0,2337.0,118281,50,31.3,5.7,2.0,1967.0,222.0,71.0,111.5,70,0,0,0,0,0,0,0,9,0,0,0,0,2061,0,0,0,0,0,0,0,,,,0,,,,,,,,,
2374,Internal,17.5,46.5,63750,56,14.3,7.5,808.0,859.0,225.0,286.5,306.0,49,0,0,0,0,0,0,0,0,0,0,0,0,0,0,0,0,0,0,0,0,,,,0,,,,,,,,,
2375,Internal,30.0,83.0,63750,56,14.3,7.5,320.0,4304.5,235.0,8.0,44.0,45,0,0,0,0,0,0,0,0,0,0,0,0,0,0,0,0,0,0,0,0,,,,0,,,,,,,,,
2376,Internal,258.0,533.5,63750,56,14.3,7.5,5.0,2752.5,109.0,88.5,80.0,94,0,0,0,0,0,0,0,0,0,0,0,0,0,0,2263,0,0,0,0,0,,,,0,,,,,,,,,
2377,Internal,3193.0,9052.0,117697,50,30.8,3.7,21.0,1690.5,1037.5,113.5,318.5,41,0,0,0,0,0,0,0,17,0,0,0,0,3163,0,0,0,0,0,0,0,,,,0,,,,,,,,,
2378,Internal,289.5,574.5,63750,56,14.3,7.5,0.0,53.0,458.0,254.5,242.5,0,0,0,0,0,0,0,0,0,0,0,0,0,0,0,0,0,0,0,0,0,,,,0,,,,,,,,,
2379,Internal,1454.0,3816.5,118281,50,31.3,5.7,78.0,668.5,564.5,266.0,402.0,64,0,0,0,0,0,0,0,13,0,0,0,0,66,0,0,0,0,0,0,0,,,,0,,,,,,,,,
2380,Internal,496.5,939.5,63750,56,14.3,7.5,0.0,8687.0,123.5,32.5,173.5,70,0,0,0,0,0,0,0,0,0,0,0,0,0,0,0,0,0,0,0,0,,,,0,,,,,,,,,
2381,Internal,998.0,2571.5,110347,46,28.3,15.2,3.0,64.0,83.0,62.0,19.0,42,0,0,0,0,0,0,0,0,0,0,0,0,0,0,0,0,0,0,0,0,,,,0,,,,,,,,,
2382,Internal,881.5,2598.5,156806,53,28.4,12.4,14.0,153.0,41.5,0.0,0.0,71,0,0,0,0,0,0,0,0,0,0,0,0,1140,0,0,0,0,0,0,0,,,,0,,,,,,,,,
2383,Internal,311.0,988.5,110347,46,28.3,15.2,6.0,116.0,96.5,0.0,3.0,48,0,0,0,0,0,0,0,0,0,0,0,0,1311,0,0,0,0,0,0,0,,,,0,,,,,,,,,
2384,Internal,1639.0,4369.5,137214,50,36.7,5.2,4.0,1.5,38.5,50.0,49.0,34,0,0,0,0,0,0,0,0,0,0,0,0,0,0,0,0,0,0,0,0,,,,0,,,,,,,,,
2385,Internal,320.5,644.5,110347,46,28.3,15.2,78.5,67.5,175.0,60.0,0.0,42,0,0,0,0,0,0,0,0,0,0,0,0,4317,0,0,0,0,0,0,0,,,,0,,,,,,,,,
2386,Internal,603.0,1902.0,187917,53,26.7,9.3,6.0,108.5,272.0,4.5,481.5,23,0,0,0,0,0,0,0,0,0,0,0,0,0,0,0,0,0,0,0,0,,,,0,,,,,,,,,
2387,Internal,384.5,1136.5,110347,46,28.3,15.2,61.0,50.0,223.0,26.0,78.0,26,0,0,0,0,0,0,0,0,0,0,0,0,0,0,0,0,0,0,0,0,,,,0,,,,,,,,,
2388,Internal,364.0,927.0,110347,46,28.3,15.2,10.0,125.0,230.5,3.0,8.0,39,0,0,0,0,0,0,0,0,0,0,0,0,0,0,0,0,0,0,0,0,,,,0,,,,,,,,,
2389,Internal,1147.5,3020.5,117697,50,30.8,3.7,1.0,885.0,585.0,184.0,198.0,31,0,0,0,0,0,0,0,0,0,0,0,0,0,0,0,0,0,0,0,0,,,,0,,,,,,,,,
2390,Internal,104.0,423.0,117697,50,30.8,3.7,2.0,10.0,10.0,5.5,44.0,87,0,0,0,0,0,0,0,0,0,0,0,0,0,0,0,0,0,0,0,0,,,,0,,,,,,,,,
2391,Internal,56.0,154.0,117697,50,30.8,3.7,79.5,6048.5,446.0,6.0,56.0,60,0,0,0,0,0,0,0,0,0,0,0,0,0,0,0,0,0,0,0,0,,,,0,,,,,,,,,
2392,Internal,337.0,884.0,118281,50,31.3,5.7,15.0,1491.5,415.5,26.5,3.0,67,0,0,0,0,0,0,0,0,0,0,0,0,0,0,0,0,0,0,0,0,,,,0,,,,,,,,,
2393,Internal,1042.5,3399.5,118281,50,31.3,5.7,6.0,129.5,72.0,5.5,7.5,64,0,0,0,0,0,0,0,22,0,0,0,0,0,0,0,0,0,0,0,0,,,,0,,,,,,,,,
2394,Internal,13.5,38.0,76956,50,25.0,11.0,194.5,15.5,65.5,12.0,0.0,26,0,0,0,0,0,0,0,0,0,0,0,0,0,0,0,0,0,0,0,0,,,,0,,,,,,,,,
2395,Internal,120.0,291.5,63750,56,14.3,7.5,341.0,602.0,223.5,173.5,104.0,50,0,0,0,0,0,0,0,0,0,0,0,0,0,0,0,0,0,0,0,0,,,,0,,,,,,,,,
2396,Internal,149.0,356.0,63750,56,14.3,7.5,37.0,1645.0,554.5,111.5,203.0,48,0,0,0,0,0,0,0,0,0,0,0,0,0,0,0,0,0,0,0,0,,,,0,,,,,,,,,
2397,Internal,178.0,399.0,63750,56,14.3,7.5,0.0,2276.0,137.5,68.0,50.5,84,0,0,0,0,0,0,0,0,0,0,0,0,1646,0,0,0,0,0,0,0,,,,0,,,,,,,,,
2398,Internal,5.0,16.0,63750,56,14.3,7.5,166.0,1121.0,96.5,2.0,106.0,87,0,0,0,0,0,0,0,0,0,0,0,0,0,0,0,0,0,0,0,0,,,,0,,,,,,,,,
2399,Internal,0.0,0.0,63750,56,14.3,7.5,0.0,0.0,0.0,0.0,0.0,64,0,0,0,0,0,0,0,0,0,0,0,0,0,0,0,0,0,0,0,0,,,,0,,,,,,,,,
2400,Internal,863.0,2090.0,82924,66,20.0,10.2,9.0,13.5,44.0,5.0,17.0,57,0,0,0,0,0,0,0,9,0,0,0,0,0,0,0,0,0,0,0,0,,,,0,,,,,,,,,
2401,Internal,1078.5,1853.5,82924,66,20.0,10.2,6.0,85.0,239.0,5.0,184.0,14,0,0,0,0,0,0,0,13,0,0,0,0,15,0,0,0,0,0,0,0,,,,0,,,,,,,,,
2402,Internal,786.0,2162.0,82924,66,20.0,10.2,68.0,82.0,502.0,1.0,30.5,67,0,0,0,0,0,0,0,0,0,0,0,0,0,0,0,0,0,0,0,0,,,,0,,,,,,,,,
2403,Internal,49.0,127.5,76956,50,25.0,11.0,291.5,206.5,123.0,8.5,39.5,55,0,0,0,0,0,0,0,0,0,0,0,0,0,0,0,0,0,0,0,0,,,,0,,,,,,,,,
2404,Internal,353.5,698.5,84878,66,8.5,2.5,10.0,1300.5,1199.0,185.0,1612.5,52,0,0,0,0,0,0,0,0,0,0,0,0,0,0,0,0,0,0,0,0,,,,0,,,,,,,,,
2405,Internal,2703.5,5067.5,84878,66,8.5,2.5,711.5,118.5,936.5,102.0,264.5,39,0,0,0,0,0,0,0,66,0,0,0,0,2029,0,0,0,0,0,0,0,,,,0,,,,,,,,,
2406,Internal,757.0,1473.5,82924,66,20.0,10.2,24.0,22.0,218.5,1.5,54.0,47,0,0,0,0,0,0,0,17,0,0,0,0,0,0,0,0,0,0,0,0,,,,0,,,,,,,,,
2407,Internal,1.0,4.0,84878,66,8.5,2.5,1740.5,363.0,446.0,0.0,196.0,59,0,0,0,0,0,0,0,0,0,0,0,0,0,0,0,0,0,0,0,0,,,,0,,,,,,,,,
2408,Internal,729.5,1726.0,82924,66,20.0,10.2,0.0,40.0,755.0,38.0,67.5,5,0,0,0,0,0,0,0,5,0,0,0,0,0,0,0,0,0,0,0,0,,,,0,,,,,,,,,
2409,Internal,1320.5,3833.0,115588,51,30.0,8.4,665.0,259.0,274.5,33.0,85.0,57,0,0,0,0,0,0,0,13,0,0,0,0,2718,0,0,0,0,0,0,0,,,,0,,,,,,,,,
2410,Internal,2926.5,6028.0,73422,63,18.7,6.5,490.5,816.5,2077.5,483.0,1514.0,30,0,0,0,0,0,0,0,66,0,0,0,0,0,0,0,0,0,0,0,0,,,,0,,,,,,,,,
2411,Internal,37.0,71.5,147917,49,26.9,16.5,32.0,0.0,11.0,0.0,11.0,64,0,0,0,0,0,0,0,0,0,0,0,0,0,0,0,0,0,0,0,0,,,,0,,,,,,,,,
2412,Internal,237.0,702.5,147917,49,26.9,16.5,13.0,16.0,93.5,24.0,309.0,17,0,0,0,0,0,0,0,0,0,0,0,0,0,0,0,0,0,0,0,0,,,,0,,,,,,,,,
2413,Internal,152.5,440.5,147917,49,26.9,16.5,167.0,67.0,5.0,2.0,0.0,32,0,0,0,0,0,0,0,0,0,0,0,0,611,0,0,0,0,0,0,0,,,,0,,,,,,,,,
2414,Internal,292.0,759.0,147917,49,26.9,16.5,22.0,27.0,131.5,0.0,10.0,38,0,0,0,0,0,0,0,0,0,0,0,0,745,0,0,0,0,0,0,0,,,,0,,,,,,,,,
2415,Internal,683.5,1615.5,37728,47,37.8,3.7,36.0,648.0,554.5,155.0,312.5,49,0,0,0,0,13,0,0,0,0,0,0,0,971,0,0,0,0,0,0,0,,,,0,,,,,,,,,
2416,Internal,398.0,1142.0,157969,49,21.3,20.6,21.0,170.0,32.0,0.0,18.0,53,0,0,0,0,0,0,0,0,0,0,0,0,0,0,0,0,0,0,0,0,,,,0,,,,,,,,,
2417,Internal,360.0,973.0,126923,49,23.4,9.4,31.0,110.0,41.0,52.0,11.0,51,0,0,0,0,0,0,0,0,0,0,0,0,0,0,0,0,0,0,0,0,,,,0,,,,,,,,,
2418,Internal,87.0,245.0,147917,49,26.9,16.5,48.0,7.0,4.0,0.0,0.0,24,0,0,0,0,0,0,0,0,0,0,0,0,1945,0,0,0,0,0,0,0,,,,0,,,,,,,,,
2419,Internal,480.0,1417.0,146458,49,19.9,18.7,6.0,38.0,85.0,26.0,15.0,47,0,0,0,0,0,0,0,0,0,0,0,0,0,0,0,0,0,0,0,0,,,,0,,,,,,,,,
2420,Internal,721.0,2210.0,156111,49,32.2,9.4,80.0,50.0,83.0,3.0,20.0,48,0,0,0,0,0,0,0,5,0,0,0,0,0,0,0,0,0,0,0,0,,,,0,,,,,,,,,
2421,Internal,368.5,1217.0,111726,54,27.5,8.3,1.0,1.0,41.0,5.0,1.0,35,0,0,0,0,0,0,0,0,0,0,0,0,0,0,0,0,0,0,0,0,,,,0,,,,,,,,,
2422,Internal,438.5,1170.0,111726,54,27.5,8.3,5.0,4.0,19.0,0.0,0.0,21,0,0,0,0,0,0,0,0,0,0,0,0,0,0,0,0,0,0,0,0,,,,0,,,,,,,,,
2423,Internal,456.0,1296.5,128077,54,27.4,3.9,10.0,4.0,21.0,1.0,3.0,42,0,0,0,0,0,0,0,9,0,0,0,0,0,0,0,0,0,0,0,0,,,,0,,,,,,,,,
2424,Internal,178.5,484.5,128077,54,27.4,3.9,0.0,6.0,10.0,0.0,0.0,42,0,0,0,0,0,0,0,0,0,0,0,0,0,0,0,0,0,0,0,0,,,,0,,,,,,,,,
2425,Internal,173.0,530.0,146458,49,19.9,18.7,1.0,9.0,65.0,12.0,4.0,8,0,0,0,0,0,0,0,0,0,0,0,0,0,0,0,0,0,0,0,0,,,,0,,,,,,,,,
2426,Internal,791.0,1590.0,61490,48,12.3,26.7,586.0,1092.0,1036.5,95.5,150.0,83,0,0,0,0,7,0,0,0,0,0,0,0,0,0,0,0,0,0,0,0,,,,0,,,,,,,,,
2427,Internal,957.5,1747.0,69509,49,19.5,31.7,88.0,58.5,949.0,74.0,575.0,26,0,0,0,0,27,0,0,0,0,0,0,0,0,0,0,0,0,0,0,0,,,,0,,,,,,,,,
2428,Internal,495.0,1172.5,95417,49,8.7,50.5,33.0,206.0,318.5,33.5,119.0,45,0,0,0,0,0,0,0,0,0,0,0,0,0,0,0,0,0,0,0,0,,,,0,,,,,,,,,
2429,Internal,739.0,1546.5,56125,49,10.2,33.1,5.0,16.5,170.5,33.0,20.5,26,0,0,0,0,7,0,0,0,0,0,0,0,0,0,0,0,0,0,0,0,,,,0,,,,,,,,,
2430,Internal,500.5,1108.0,74125,48,18.0,30.9,37.0,123.5,310.5,65.0,64.0,45,0,0,0,0,7,0,0,0,0,0,0,0,770,0,0,0,0,0,0,0,,,,0,,,,,,,,,
2431,Internal,383.0,754.0,86071,49,11.6,4.7,0.0,2.0,52.0,7.0,160.0,14,0,0,0,0,7,0,0,0,0,0,0,0,0,0,0,0,0,0,0,0,,,,0,,,,,,,,,
2432,Internal,30.0,87.5,74125,48,18.0,30.9,7.0,47.0,161.0,0.0,627.0,18,0,0,0,0,0,0,0,0,0,0,0,0,317,0,0,0,0,0,0,0,,,,0,,,,,,,,,
2433,Internal,429.5,691.5,74125,48,18.0,30.9,12.0,7.5,50.0,0.0,27.0,14,0,0,0,0,0,0,0,0,0,0,0,0,0,0,0,0,0,0,0,0,,,,0,,,,,,,,,
2434,Internal,1049.5,1849.5,56473,53,15.4,5.0,1.0,12.5,273.5,1.0,8.0,91,0,0,0,0,20,0,0,0,0,0,0,0,0,0,0,0,0,0,0,0,,,,0,,,,,,,,,
2435,Internal,278.5,614.0,56473,53,15.4,5.0,13.0,27.0,152.5,84.0,238.0,15,0,0,0,0,13,0,0,0,0,0,0,0,0,0,0,0,0,0,0,0,,,,0,,,,,,,,,
2436,Internal,396.5,855.5,79704,53,23.4,16.7,0.0,13.0,6.0,0.0,4.0,64,0,0,0,0,0,0,0,0,0,0,0,0,0,0,0,0,0,0,0,0,,,,0,,,,,,,,,
2437,Internal,157.0,368.0,79704,53,23.4,16.7,1.0,8.0,4.0,0.0,0.0,51,0,0,0,0,0,0,0,0,0,0,0,0,0,0,0,0,0,0,0,0,,,,0,,,,,,,,,
2438,Internal,518.5,1134.5,79704,53,23.4,16.7,3.0,17.0,26.0,1.0,5.0,52,0,0,0,0,0,0,0,0,0,0,0,0,0,0,0,0,0,0,0,0,,,,0,,,,,,,,,
2439,Internal,500.0,1159.5,110528,53,17.9,37.3,4.0,9.5,47.0,6.0,3.0,43,0,0,0,0,0,0,0,0,0,0,0,0,0,0,0,0,0,0,0,0,,,,0,,,,,,,,,
2440,Internal,282.0,517.5,110528,53,17.9,37.3,0.0,77.0,26.0,0.0,1.0,40,0,0,0,0,0,0,0,0,0,0,0,0,368,0,0,0,0,0,0,0,,,,0,,,,,,,,,
2441,Internal,350.5,742.0,110528,53,17.9,37.3,14.0,47.5,100.0,20.5,9.0,20,0,0,0,0,0,0,0,0,0,0,0,0,0,0,0,0,0,0,0,0,,,,0,,,,,,,,,
2442,Internal,7.0,20.5,76956,25,25.0,11.0,0.0,0.0,0.0,0.0,0.0,40,0,0,0,0,0,0,0,0,0,0,0,0,0,0,0,0,0,0,0,0,,,,0,,,,,,,,,
2443,Internal,224.0,534.0,64052,70,15.2,2.5,18.0,17.0,14.0,1.0,0.0,58,0,0,0,0,0,0,0,0,0,0,0,0,0,0,0,0,0,0,0,0,,,,0,,,,,,,,,
2444,Internal,786.0,1783.0,76961,70,15.6,12.0,74.0,49.0,385.0,3.0,44.5,52,0,0,0,0,47,0,0,0,0,0,0,0,0,0,0,0,0,0,0,0,,,,0,,,,,,,,,
2445,Internal,293.0,639.5,76961,70,15.6,12.0,623.0,465.5,325.0,4.0,35.5,56,0,0,0,0,20,0,0,0,0,0,0,0,0,0,0,0,0,0,0,0,,,,0,,,,,,,,,
2446,Internal,5.5,16.5,76956,25,25.0,11.0,0.0,0.5,16.5,4.0,0.0,40,0,0,0,0,0,0,0,0,0,0,0,0,0,0,0,0,0,0,0,0,,,,0,,,,,,,,,
2447,Internal,0.5,2.0,76956,50,25.0,11.0,0.0,0.5,5.0,0.5,0.0,47,0,0,0,0,0,0,0,0,0,0,0,0,0,0,0,0,0,0,0,0,,,,0,,,,,,,,,
2448,Internal,583.0,1339.0,76961,70,15.6,12.0,117.0,45.0,138.0,1.0,47.0,49,0,0,0,0,0,0,0,0,0,0,0,0,0,0,0,0,0,0,0,0,,,,0,,,,,,,,,
2449,Internal,1012.0,1935.5,60926,70,7.7,2.5,17.0,137.5,286.5,26.0,62.0,33,0,0,0,0,40,0,0,0,0,0,0,0,0,0,0,0,0,0,0,0,,,,0,,,,,,,,,
2450,Internal,730.0,1131.5,60926,70,7.7,2.5,0.0,31.5,28.5,5.5,0.0,49,0,0,0,0,133,0,0,0,0,0,0,0,0,0,0,0,0,0,0,0,,,,0,,,,,,,,,
2451,Internal,740.0,1440.0,64052,70,15.2,2.5,13.0,39.5,334.5,2.0,45.0,34,0,0,0,0,27,0,0,0,0,0,0,0,0,0,0,0,0,0,0,0,,,,0,,,,,,,,,
2452,Internal,1362.0,3022.5,78580,56,25.6,5.5,3.0,104.0,64.0,13.0,10.5,46,0,0,0,0,13,0,0,0,0,0,0,0,1143,0,0,0,0,0,0,0,,,,0,,,,,,,,,
2453,Internal,695.5,1941.5,90075,49,29.2,7.5,56.0,5.0,28.0,3.0,0.0,42,0,0,0,0,0,0,0,0,0,0,0,0,0,0,0,0,0,0,0,0,,,,0,,,,,,,,,
2454,Internal,1065.5,2247.0,77121,56,19.8,11.4,37.0,157.5,288.5,72.0,32.0,49,0,0,0,0,87,0,0,0,0,0,0,0,0,0,0,0,0,0,0,0,,,,0,,,,,,,,,
2455,Internal,1107.0,2647.5,105107,52,27.6,6.4,47.0,1.0,56.0,8.0,3.0,36,0,0,0,0,13,0,0,0,0,0,0,0,0,0,0,0,0,0,0,0,,,,0,,,,,,,,,
2456,Internal,631.0,1658.0,105107,52,27.6,6.4,4.0,1.0,34.0,1.0,2.0,30,0,0,0,0,0,0,0,0,0,0,0,0,0,0,0,0,0,0,0,0,,,,0,,,,,,,,,
2457,Internal,248.5,729.0,77121,56,19.8,11.4,1.0,12.0,107.0,34.0,148.0,19,0,0,0,0,0,0,0,0,0,0,0,0,0,0,0,0,0,0,0,0,,,,0,,,,,,,,,
2458,Internal,807.5,1917.5,105107,52,27.6,6.4,0.0,6.5,315.0,11.0,99.0,40,0,0,0,0,0,0,0,0,0,0,0,0,0,0,0,0,0,0,0,0,,,,0,,,,,,,,,
2459,Internal,27.5,101.0,77121,56,19.8,11.4,0.0,408.0,0.5,0.0,0.0,49,0,0,0,0,0,0,0,0,0,0,0,0,6259,0,0,0,0,0,0,0,,,,0,,,,,,,,,
2460,Internal,675.5,1296.0,46364,57,20.0,6.4,13.0,246.0,361.0,32.5,588.0,19,0,0,0,0,67,0,0,0,0,0,0,0,0,0,0,0,0,0,0,0,,,,0,,,,,,,,,
2461,Internal,654.5,1483.5,75469,57,29.4,9.7,8.0,225.5,250.5,36.5,122.0,31,0,0,0,0,0,0,0,0,0,0,0,0,0,0,0,0,0,0,0,0,,,,0,,,,,,,,,
2462,Internal,50.0,116.5,75469,57,29.4,9.7,3.0,108.5,189.0,2.5,520.0,22,0,0,0,0,0,0,0,0,0,0,0,0,0,0,0,0,0,0,0,0,,,,0,,,,,,,,,
2463,Internal,583.5,1397.5,46364,57,20.0,6.4,10.0,22.0,8.5,0.5,0.0,23,0,0,0,0,7,0,0,0,0,0,0,0,0,0,0,0,0,0,0,0,,,,0,,,,,,,,,
2464,Internal,1041.0,2091.0,69255,57,18.8,10.4,4.0,10.5,54.0,0.0,4.0,64,0,0,0,0,33,0,0,0,0,0,0,0,0,0,0,0,0,0,0,0,,,,0,,,,,,,,,
2465,Internal,396.5,1171.0,139338,57,16.5,18.5,9.0,11.0,8.0,123.0,5.0,60,0,0,0,0,0,0,0,0,0,0,0,0,0,0,0,0,0,0,0,0,,,,0,,,,,,,,,
2466,Internal,173.0,479.0,139338,57,16.5,18.5,0.0,2.0,5.0,5.0,0.0,60,0,0,0,0,0,0,0,0,0,0,0,0,0,0,0,0,0,0,0,0,,,,0,,,,,,,,,
2467,Internal,396.0,1159.0,123625,57,27.5,12.5,6.0,23.0,13.0,0.0,29.0,57,0,0,0,0,0,0,0,0,0,0,0,0,0,0,0,0,0,0,0,0,,,,0,,,,,,,,,
2468,Internal,394.0,971.0,123625,57,27.5,12.5,13.0,13.0,19.0,2.0,43.0,58,0,0,0,0,0,0,0,0,0,0,0,0,0,0,0,0,0,0,0,0,,,,0,,,,,,,,,
2469,Internal,251.0,711.0,111806,50,23.1,21.4,0.0,2.5,78.5,85.0,45.0,31,0,0,0,0,13,0,0,0,0,0,0,0,0,0,0,0,0,0,0,0,,,,0,,,,,,,,,
2470,Internal,863.0,2159.0,111806,50,23.1,21.4,11.0,23.0,63.5,2.0,55.0,32,0,0,0,0,0,0,0,0,0,0,0,0,0,0,0,0,0,0,0,0,,,,0,,,,,,,,,
2471,Internal,195.0,434.0,111806,50,23.1,21.4,15.0,156.5,341.0,36.5,606.0,11,0,0,0,0,13,0,0,0,0,0,0,0,0,0,0,0,0,0,0,0,,,,0,,,,,,,,,
2472,Internal,911.5,1544.0,45583,64,19.7,6.2,0.0,9.5,55.0,0.0,6.0,38,0,0,0,0,107,0,0,0,0,0,0,0,0,0,0,0,0,0,0,0,,,,0,,,,,,,,,
2473,Internal,448.0,882.0,48005,64,18.2,3.2,1.0,7.5,28.0,0.0,1.0,38,0,0,0,0,60,0,0,0,0,0,0,0,0,0,0,0,0,0,0,0,,,,0,,,,,,,,,
2474,Internal,372.5,665.0,48005,64,18.2,3.2,14.0,4.0,42.5,5.0,2.0,38,0,0,0,0,73,0,0,0,0,0,0,0,0,0,0,0,0,0,0,0,,,,0,,,,,,,,,
2475,Internal,375.0,729.0,45583,64,19.7,6.2,0.0,7.5,19.0,0.0,0.0,38,0,0,0,0,20,0,0,0,0,0,0,0,0,0,0,0,0,0,0,0,,,,0,,,,,,,,,
2476,Internal,141.0,278.0,45583,64,19.7,6.2,0.0,0.0,1.0,0.0,0.0,38,0,0,0,0,0,0,0,0,0,0,0,0,0,0,0,0,0,0,0,0,,,,0,,,,,,,,,
2477,Internal,697.0,1481.5,77054,56,6.6,17.9,48.0,30.5,298.5,5.0,61.0,39,0,0,0,0,13,0,0,0,0,0,0,0,0,0,0,0,0,0,0,0,,,,0,,,,,,,,,
2478,Internal,748.5,1874.0,115564,56,23.7,19.3,13.0,6.5,75.5,14.0,5.0,27,0,0,0,0,0,0,0,0,0,0,0,0,0,0,0,0,0,0,0,0,,,,0,,,,,,,,,
2479,Internal,725.5,1733.0,77391,56,17.2,19.8,3.0,17.0,122.0,4.5,36.0,36,0,0,0,0,53,0,0,0,0,0,0,0,5,0,0,0,0,0,0,0,,,,0,,,,,,,,,
2480,Internal,436.0,921.5,77391,56,17.2,19.8,0.0,10.5,12.0,0.5,20.0,27,0,0,0,0,0,0,0,0,0,0,0,0,0,0,0,0,0,0,0,0,,,,0,,,,,,,,,
2481,Internal,2.0,5.5,77391,56,17.2,19.8,31.0,79.0,13.0,16.5,0.0,41,0,0,0,0,0,0,0,0,0,0,0,0,843,0,0,0,0,0,0,0,,,,0,,,,,,,,,
2482,Internal,819.0,1845.5,69464,53,24.1,16.7,14.0,28.0,246.0,5.0,36.5,65,0,0,0,0,7,0,0,0,0,0,0,0,0,0,0,0,0,0,0,0,,,,0,,,,,,,,,
2483,Internal,470.0,1253.0,130875,53,23.0,18.0,139.0,115.0,162.5,5.0,16.0,35,0,0,0,0,0,0,0,0,0,0,0,0,0,0,0,0,0,0,0,0,,,,0,,,,,,,,,
2484,Internal,397.5,931.0,130875,53,23.0,18.0,40.0,103.0,69.0,9.0,173.0,26,0,0,0,0,0,0,0,0,0,0,0,0,779,0,0,0,0,0,0,0,,,,0,,,,,,,,,
2485,Internal,888.0,1679.0,54188,56,8.7,12.0,6.0,13.5,47.0,3.5,32.5,28,0,0,0,0,13,0,0,0,0,0,0,0,0,0,0,0,0,0,0,0,,,,0,,,,,,,,,
2486,Internal,444.0,998.0,51064,56,30.8,12.8,82.0,2769.0,880.0,91.0,28.0,47,0,0,0,0,13,0,0,0,0,0,0,0,2794,0,0,0,0,0,0,0,,,,0,,,,,,,,,
2487,Internal,287.0,821.0,51064,56,30.8,12.8,12.0,89.5,233.0,10.5,36.0,47,0,0,0,0,0,0,0,0,0,0,0,0,855,0,0,0,0,0,0,0,,,,0,,,,,,,,,
2488,Internal,222.5,472.0,57839,56,10.8,21.3,0.0,5.0,4.0,0.0,0.0,45,0,0,0,0,0,0,0,0,0,0,0,0,0,0,0,0,0,0,0,0,,,,0,,,,,,,,,
2489,Internal,458.0,784.5,57839,56,10.8,21.3,7.0,3.0,14.0,0.0,0.0,45,0,0,0,0,13,0,0,0,0,0,0,0,0,0,0,0,0,0,0,0,,,,0,,,,,,,,,
2490,Internal,160.0,497.0,179688,41,27.8,10.9,57.0,40.0,42.0,3.0,6.0,51,0,0,0,0,0,0,0,0,0,0,0,0,0,0,0,0,0,0,0,0,,,,0,,,,,,,,,
2491,Internal,506.0,1437.0,115208,44,20.1,23.2,46.0,125.0,61.0,9.0,37.0,49,0,0,0,0,0,0,0,0,0,0,0,0,1167,0,0,0,0,0,0,0,,,,0,,,,,,,,,
2492,Internal,239.0,593.0,115208,44,20.1,23.2,31.0,9.0,37.0,0.0,17.0,32,0,0,0,0,0,0,0,0,0,0,0,0,0,0,0,0,0,0,0,0,,,,0,,,,,,,,,
2493,Internal,286.0,774.0,179688,41,27.8,10.9,5.0,45.0,30.0,0.0,6.0,24,0,0,0,0,0,0,0,0,0,0,0,0,0,0,0,0,0,0,0,0,,,,0,,,,,,,,,
2494,Internal,266.0,736.0,140938,41,14.7,29.4,7.0,24.0,33.0,0.0,22.0,77,0,0,0,0,0,0,0,0,0,0,0,0,0,0,0,0,0,0,0,0,,,,0,,,,,,,,,
2495,Internal,547.0,1644.0,137500,48,29.6,11.1,25.0,45.0,49.0,30.0,28.0,78,0,0,0,0,0,0,0,0,0,0,0,0,0,0,0,0,0,0,0,0,,,,0,,,,,,,,,
2496,Internal,272.0,776.0,137500,48,29.6,11.1,8.0,47.0,55.0,9.0,0.0,49,0,0,0,0,0,0,0,0,0,0,0,0,0,0,0,0,0,0,0,0,,,,0,,,,,,,,,
2497,Internal,154.0,496.0,137500,48,29.6,11.1,12.0,55.0,31.0,0.0,2.0,53,0,0,0,0,0,0,0,0,0,0,0,0,0,0,0,0,0,0,0,0,,,,0,,,,,,,,,
2498,Internal,225.0,608.0,146842,45,27.7,11.5,36.0,24.0,16.0,0.0,2.0,46,0,0,0,0,0,0,0,0,0,0,0,0,0,0,0,0,0,0,0,0,,,,0,,,,,,,,,
2499,Internal,449.0,1380.0,146842,45,27.7,11.5,33.0,34.0,65.0,5.0,26.0,43,0,0,0,0,0,0,0,0,0,0,0,0,0,0,0,0,0,0,0,0,,,,0,,,,,,,,,
2500,Internal,145.0,411.0,171979,45,28.9,14.8,0.0,2.0,65.0,0.0,47.0,20,0,0,0,0,0,0,0,0,0,0,0,0,0,0,0,0,0,0,0,0,,,,0,,,,,,,,,
2501,Internal,276.0,818.0,171979,45,28.9,14.8,87.0,12.0,18.0,0.0,14.0,77,0,0,0,0,0,0,0,0,0,0,0,0,0,0,0,0,0,0,0,0,,,,0,,,,,,,,,
2502,Internal,17.0,67.0,137500,48,29.6,11.1,0.0,167.0,2.0,16.0,0.0,47,0,0,0,0,0,0,0,0,0,0,0,0,1024,0,0,0,0,0,0,0,,,,0,,,,,,,,,
2503,Internal,162.0,445.0,146842,45,27.7,11.5,7.0,9.0,20.0,0.0,8.0,58,0,0,0,0,0,0,0,0,0,0,0,0,0,0,0,0,0,0,0,0,,,,0,,,,,,,,,
2504,Internal,73.0,219.0,171979,45,28.9,14.8,5.0,3.0,2.0,0.0,4.0,52,0,0,0,0,0,0,0,0,0,0,0,0,0,0,0,0,0,0,0,0,,,,0,,,,,,,,,
2505,Internal,128.0,415.0,115208,44,20.1,23.2,8.0,0.0,10.0,0.0,0.0,65,0,0,0,0,0,0,0,0,0,0,0,0,0,0,0,0,0,0,0,0,,,,0,,,,,,,,,
2506,Internal,137.0,363.0,137500,48,29.6,11.1,2.0,25.0,44.0,3.0,114.0,14,0,0,0,0,0,0,0,0,0,0,0,0,0,0,0,0,0,0,0,0,,,,0,,,,,,,,,
2507,Internal,149.0,462.0,130104,47,25.0,18.3,0.0,18.0,28.0,6.0,2.0,25,0,0,0,0,0,0,0,0,0,0,0,0,0,0,0,0,0,0,0,0,,,,0,,,,,,,,,
2508,Internal,120.0,364.0,130104,47,25.0,18.3,3.0,9.0,19.0,0.0,3.0,25,0,0,0,0,0,0,0,0,0,0,0,0,0,0,0,0,0,0,0,0,,,,0,,,,,,,,,
2509,Internal,276.0,788.0,130104,47,25.0,18.3,7.0,82.0,13.0,0.0,64.0,21,0,0,0,0,0,0,0,0,0,0,0,0,0,0,0,0,0,0,0,0,,,,0,,,,,,,,,
2510,Internal,232.0,592.5,130104,47,25.0,18.3,20.0,120.0,125.5,29.0,18.0,25,0,0,0,0,0,0,0,0,0,0,0,0,0,0,0,0,0,0,0,0,,,,0,,,,,,,,,
2511,Internal,480.0,1321.0,163688,48,26.2,16.8,21.0,93.0,187.0,2.0,32.0,42,0,0,0,0,0,0,0,0,0,0,0,0,0,0,0,0,0,0,0,0,,,,0,,,,,,,,,
2512,Internal,354.0,1005.0,163688,48,26.2,16.8,62.0,34.0,18.0,10.0,8.0,25,0,0,0,0,0,0,0,0,0,0,0,0,0,0,0,0,0,0,0,0,,,,0,,,,,,,,,
2513,Internal,51.0,138.5,99861,48,19.4,16.9,6.0,3.0,2.0,0.0,3.0,25,0,0,0,0,0,0,0,0,0,0,0,0,0,0,0,0,0,0,0,0,,,,0,,,,,,,,,
2514,Internal,211.5,637.0,99861,48,19.4,16.9,0.0,90.0,23.5,1.0,2.0,44,0,0,0,0,0,0,0,0,0,0,0,0,965,0,0,0,0,0,0,0,,,,0,,,,,,,,,
2515,Internal,116.5,334.0,99861,48,19.4,16.9,0.0,6.0,34.5,6.0,11.0,25,0,0,0,0,0,0,0,0,0,0,0,0,0,0,0,0,0,0,0,0,,,,0,,,,,,,,,
2516,Internal,385.5,736.0,99861,48,19.4,16.9,233.0,13.0,338.5,7.0,429.0,26,0,0,0,0,33,0,0,0,0,0,0,0,0,0,0,0,0,0,0,0,,,,0,,,,,,,,,
2517,Internal,112.5,329.5,99861,48,19.4,16.9,2.0,46.5,136.5,15.0,29.0,6,0,0,0,0,0,0,0,0,0,0,0,0,618,0,0,0,0,0,0,0,,,,0,,,,,,,,,
2518,Internal,425.5,1163.5,172813,47,23.0,19.8,5.0,24.0,122.5,164.5,230.5,14,0,0,0,0,0,0,0,0,0,0,0,0,0,0,0,0,0,0,0,0,,,,0,,,,,,,,,
2519,Internal,194.0,565.5,172813,47,23.0,19.8,0.0,36.0,95.5,29.0,0.0,31,0,0,0,0,0,0,0,0,0,0,0,0,0,0,0,0,0,0,0,0,,,,0,,,,,,,,,
2520,Internal,243.0,617.0,160000,47,18.5,19.3,25.0,35.0,34.0,3.0,3.0,54,0,0,0,0,0,0,0,0,0,0,0,0,0,0,0,0,0,0,0,0,,,,0,,,,,,,,,
2521,Internal,123.5,411.5,160000,47,18.5,19.3,62.0,23.0,15.5,0.0,2.0,59,0,0,0,0,0,0,0,0,0,0,0,0,0,0,0,0,0,0,0,0,,,,0,,,,,,,,,
2522,Internal,75.5,217.5,147614,47,25.7,20.9,65.0,77.0,13.0,14.0,3.0,25,0,0,0,0,0,0,0,0,0,0,0,0,0,0,0,0,0,0,0,0,,,,0,,,,,,,,,
2523,Internal,36.5,108.0,147614,47,25.7,20.9,17.0,7.0,262.0,18.0,114.0,24,0,0,0,0,0,0,0,0,0,0,0,0,0,0,0,0,0,0,0,0,,,,0,,,,,,,,,
2524,Internal,244.0,637.0,147614,47,25.7,20.9,33.0,28.0,36.0,5.0,49.0,29,0,0,0,0,0,0,0,0,0,0,0,0,0,0,0,0,0,0,0,0,,,,0,,,,,,,,,
2525,Internal,105.0,234.0,137500,48,29.6,11.1,3.0,4.0,6.0,0.0,7.0,49,0,0,0,0,0,0,0,0,0,0,0,0,0,0,0,0,0,0,0,0,,,,0,,,,,,,,,
2526,Internal,141.0,360.0,137500,48,29.6,11.1,7.0,2.0,43.0,0.0,7.0,49,0,0,0,0,0,0,0,0,0,0,0,0,0,0,0,0,0,0,0,0,,,,0,,,,,,,,,
2527,Internal,399.0,1137.0,130375,44,23.0,9.7,53.0,85.0,45.0,3.0,5.0,48,0,0,0,0,0,0,0,0,0,0,0,0,0,0,0,0,0,0,0,0,,,,0,,,,,,,,,
2528,Internal,205.0,536.0,64911,47,4.6,26.4,46.0,7.0,4.0,0.0,0.0,15,0,0,0,0,0,0,0,0,0,0,0,0,0,0,0,0,0,0,0,0,,,,0,,,,,,,,,
2529,Internal,78.0,233.0,64911,47,4.6,26.4,20.0,3.0,8.0,3.0,0.0,29,0,0,0,0,0,0,0,0,0,0,0,0,0,0,0,0,0,0,0,0,,,,0,,,,,,,,,
2530,Internal,132.5,291.5,64911,47,4.6,26.4,38.0,40.0,4.0,0.0,0.0,29,0,0,0,0,0,0,0,0,0,0,0,0,0,0,0,0,0,0,0,0,,,,0,,,,,,,,,
2531,Internal,43.5,133.5,64911,47,4.6,26.4,0.0,5.0,7.0,0.0,4.0,29,0,0,0,0,0,0,0,0,0,0,0,0,0,0,0,0,0,0,0,0,,,,0,,,,,,,,,
2532,Internal,374.0,1110.0,158047,47,28.1,10.3,29.0,163.0,39.0,0.0,24.0,42,0,0,0,0,0,0,0,0,0,0,0,0,0,0,0,0,0,0,0,0,,,,0,,,,,,,,,
2533,Internal,525.0,1604.0,158047,47,28.1,10.3,108.0,53.0,152.0,4.0,19.0,29,0,0,0,0,0,0,0,0,0,0,0,0,0,0,0,0,0,0,0,0,,,,0,,,,,,,,,
2534,Internal,273.0,836.0,112375,47,24.2,7.5,16.0,22.0,13.0,3.0,0.0,29,0,0,0,0,0,0,0,0,0,0,0,0,0,0,0,0,0,0,0,0,,,,0,,,,,,,,,
2535,Internal,224.0,648.0,167206,47,29.4,13.8,8.0,12.0,34.0,0.0,63.0,38,0,0,0,0,0,0,0,0,0,0,0,0,0,0,0,0,0,0,0,0,,,,0,,,,,,,,,
2536,Internal,399.0,1143.0,167206,47,29.4,13.8,37.0,18.0,25.0,87.0,9.0,28,0,0,0,0,0,0,0,0,0,0,0,0,0,0,0,0,0,0,0,0,,,,0,,,,,,,,,
2537,Internal,582.5,1709.5,167206,47,29.4,13.8,20.0,15.0,155.0,56.0,2.0,24,0,0,0,0,0,0,0,0,0,0,0,0,0,0,0,0,0,0,0,0,,,,0,,,,,,,,,
2538,Internal,357.0,1040.0,112375,47,24.2,7.5,41.0,6.0,12.0,0.0,6.0,29,0,0,0,0,0,0,0,0,0,0,0,0,0,0,0,0,0,0,0,0,,,,0,,,,,,,,,
2539,Internal,255.5,811.0,167206,47,29.4,13.8,24.0,45.0,32.0,0.0,4.0,32,0,0,0,0,0,0,0,0,0,0,0,0,0,0,0,0,0,0,0,0,,,,0,,,,,,,,,
2540,Internal,90.5,278.5,167206,47,29.4,13.8,6.0,5.0,3.0,0.0,4.0,29,0,0,0,0,0,0,0,0,0,0,0,0,0,0,0,0,0,0,0,0,,,,0,,,,,,,,,
2541,Internal,118.0,328.0,112375,47,24.2,7.5,31.0,13.0,5.0,0.0,0.0,29,0,0,0,0,0,0,0,0,0,0,0,0,0,0,0,0,0,0,0,0,,,,0,,,,,,,,,
2542,Internal,149.5,324.5,31294,53,15.1,7.4,173.0,417.0,1023.5,7.0,129.0,57,0,0,0,0,0,0,0,0,0,0,0,0,0,0,0,0,0,0,0,0,,,,0,,,,,,,,,
2543,Internal,1663.0,3148.0,31294,53,15.1,7.4,12.0,40.0,662.5,10.5,553.0,13,0,0,0,0,47,0,0,0,0,0,0,0,0,0,0,0,0,0,0,0,,,,0,,,,,,,,,
2544,Internal,958.0,1997.5,63924,53,18.0,23.1,9.0,244.0,658.0,46.0,28.0,30,0,0,0,0,27,0,0,0,0,0,0,0,213,0,0,0,0,0,0,0,,,,0,,,,,,,,,
2545,Internal,856.5,1916.0,54000,53,11.5,20.7,29.0,78.0,178.5,41.0,17.0,11,0,0,0,0,0,0,0,0,0,0,0,0,666,0,0,0,0,0,0,0,,,,0,,,,,,,,,
2546,Internal,453.5,1070.5,97991,46,17.5,24.4,6.0,227.0,67.0,62.5,40.0,40,0,0,0,0,0,0,0,0,0,0,0,0,3522,0,0,0,0,0,0,0,,,,0,,,,,,,,,
2547,Internal,311.0,860.0,99625,46,20.8,23.4,0.0,0.0,36.0,0.0,0.0,30,0,0,0,0,0,0,0,0,0,0,0,0,0,0,0,0,0,0,0,0,,,,0,,,,,,,,,
2548,Internal,193.0,509.0,102344,46,29.3,15.8,3.0,1.5,22.5,0.0,3.0,43,0,0,0,0,0,0,0,0,0,0,0,0,0,0,0,0,0,0,0,0,,,,0,,,,,,,,,
2549,Internal,195.0,594.0,99625,46,20.8,23.4,0.0,27.0,27.0,0.0,0.0,30,0,0,0,0,0,0,0,0,0,0,0,0,0,0,0,0,0,0,0,0,,,,0,,,,,,,,,
2550,Internal,298.5,649.0,99625,46,20.8,23.4,4.0,108.5,51.5,7.0,0.0,43,0,0,0,0,0,0,0,0,0,0,0,0,962,0,0,0,0,0,0,0,,,,0,,,,,,,,,
2551,Internal,594.5,1496.0,113194,46,28.0,18.0,41.0,67.5,557.0,6.0,37.5,21,0,0,0,0,0,0,0,0,0,0,0,0,0,0,0,0,0,0,0,0,,,,0,,,,,,,,,
2552,Internal,323.0,828.0,102344,46,29.3,15.8,1.0,2.5,11.0,0.0,3.0,20,0,0,0,0,0,0,0,0,0,0,0,0,0,0,0,0,0,0,0,0,,,,0,,,,,,,,,
2553,Internal,594.0,1557.5,84375,46,18.9,22.5,112.0,505.0,551.0,74.0,38.0,43,0,0,0,0,0,0,0,0,0,0,0,0,475,0,0,0,0,0,0,0,,,,0,,,,,,,,,
2554,Internal,140.0,405.5,102344,46,29.3,15.8,14.0,25.0,487.5,10.5,34.0,54,0,0,0,0,0,0,0,0,0,0,0,0,0,0,0,0,0,0,0,0,,,,0,,,,,,,,,
2555,Internal,33.0,101.5,102344,46,29.3,15.8,0.0,9.5,3.5,20.0,10.0,0,0,0,0,0,0,0,0,0,0,0,0,0,0,0,0,0,0,0,0,0,,,,0,,,,,,,,,
2556,Internal,453.5,1047.0,37686,51,26.9,3.2,3.0,32.0,255.5,16.5,0.0,45,0,0,0,0,13,0,0,0,0,0,0,0,0,0,0,0,0,0,0,0,,,,0,,,,,,,,,
2557,Internal,716.0,1228.5,38371,51,7.1,53.1,9.0,74.5,156.5,73.0,393.0,23,0,0,0,0,0,0,0,0,0,0,0,0,0,0,0,0,0,0,0,0,,,,0,,,,,,,,,
2558,Internal,436.5,959.0,44968,51,19.1,16.8,23.0,82.5,49.5,12.0,8.0,26,0,0,0,0,13,0,0,0,0,0,0,0,421,0,0,0,0,0,0,0,,,,0,,,,,,,,,
2559,Internal,156.5,323.5,38371,51,7.1,53.1,0.0,6.0,3.0,0.0,0.0,33,0,0,0,0,0,0,0,0,0,0,0,0,0,0,0,0,0,0,0,0,,,,0,,,,,,,,,
2560,Internal,169.5,380.0,44968,51,19.1,16.8,0.0,12.0,3.5,0.0,0.0,24,0,0,0,0,7,0,0,0,0,0,0,0,0,0,0,0,0,0,0,0,,,,0,,,,,,,,,
2561,Internal,487.5,1094.5,56412,51,23.7,5.5,124.0,52.0,185.5,0.5,26.5,18,0,0,0,0,0,0,0,0,0,0,0,0,0,0,0,0,0,0,0,0,,,,0,,,,,,,,,
2562,Internal,287.0,664.5,56412,51,23.7,5.5,0.0,6.0,99.0,29.0,69.0,12,0,0,0,0,0,0,0,0,0,0,0,0,0,0,0,0,0,0,0,0,,,,0,,,,,,,,,
2563,Internal,177.5,327.0,51406,58,26.4,5.9,79.5,30.5,211.5,0.0,54.5,30,0,0,0,0,13,0,0,0,0,0,0,0,0,0,0,0,0,0,0,0,,,,0,,,,,,,,,
2564,Internal,324.0,639.5,51875,52,27.3,3.8,57.0,309.0,1323.5,72.0,167.0,42,0,0,0,0,20,0,0,0,0,0,0,0,0,0,0,0,0,0,0,0,,,,0,,,,,,,,,
2565,Internal,618.0,1804.0,51875,52,27.3,3.8,30.0,23.0,577.0,45.0,287.0,20,0,0,0,0,13,0,0,0,0,0,0,0,0,0,0,0,0,0,0,0,,,,0,,,,,,,,,
2566,Internal,459.0,1160.5,114483,52,17.3,21.6,105.0,72.5,561.0,33.0,61.0,32,0,0,0,0,0,0,0,0,0,0,0,0,0,0,0,0,0,0,0,0,,,,0,,,,,,,,,
2567,Internal,1101.0,2325.5,70625,55,18.9,5.7,81.0,703.5,1602.5,103.0,321.5,43,0,0,0,0,7,0,0,0,0,0,0,0,0,0,0,0,0,0,0,0,,,,0,,,,,,,,,
2568,Internal,922.0,1903.0,60921,55,23.3,19.2,7.0,19.0,155.5,3.0,99.0,41,0,0,0,0,7,0,0,0,0,0,0,0,0,0,0,0,0,0,0,0,,,,0,,,,,,,,,
2569,Internal,3.5,19.5,60921,55,23.3,19.2,0.0,176.0,145.0,33.0,27.0,45,0,0,0,0,0,0,0,0,0,0,0,0,1794,0,0,0,0,0,0,0,,,,0,,,,,,,,,
2570,Internal,86.5,193.0,60921,55,23.3,19.2,17.0,100.5,179.5,542.0,10.0,52,0,0,0,0,0,0,0,0,0,0,0,0,1322,0,0,0,0,0,0,0,,,,0,,,,,,,,,
2571,Internal,768.0,1744.5,31129,50,21.4,2.5,18.0,342.5,754.5,170.0,471.5,12,0,0,0,0,27,0,0,0,0,0,0,0,0,0,0,0,0,0,0,0,,,,0,,,,,,,,,
2572,Internal,706.0,1725.5,40983,50,18.6,2.5,0.0,38.0,68.5,7.5,6.5,19,0,0,0,0,7,0,0,0,0,0,0,0,0,0,0,0,0,0,0,0,,,,0,,,,,,,,,
2573,Internal,728.0,2006.5,64932,50,20.0,4.3,10.0,6.0,58.5,1.0,132.0,12,0,0,0,0,0,0,0,0,0,0,0,0,0,0,0,0,0,0,0,0,,,,0,,,,,,,,,
2574,Internal,419.0,861.0,34771,50,24.0,5.6,23.0,52.0,728.0,26.5,149.5,37,0,0,0,0,0,0,0,0,0,0,0,0,0,0,0,0,0,0,0,0,,,,0,,,,,,,,,
2575,Internal,540.0,1311.0,34771,50,24.0,5.6,3.0,39.5,50.0,0.0,6.5,19,0,0,0,0,7,0,0,0,0,0,0,0,0,0,0,0,0,0,0,0,,,,0,,,,,,,,,
2576,Internal,638.0,1782.0,90075,49,29.2,7.5,66.0,109.0,92.0,73.0,24.5,43,0,0,0,0,0,0,0,0,0,0,0,0,1019,0,0,0,0,0,0,0,,,,0,,,,,,,,,
2577,Internal,1203.5,2505.0,56875,53,26.0,8.8,165.0,800.5,689.0,134.5,514.0,45,0,0,0,0,7,0,0,0,0,0,0,0,1225,0,0,0,0,0,0,0,,,,0,,,,,,,,,
2578,Internal,1194.0,3206.0,76680,49,34.0,7.9,69.0,55.5,184.5,15.0,7.0,17,0,0,0,0,0,0,0,0,0,0,0,0,0,0,0,0,0,0,0,0,,,,0,,,,,,,,,
2579,Internal,511.5,1510.5,44798,49,32.1,10.2,490.0,19.0,77.0,0.0,51.0,46,0,0,0,0,0,0,0,0,0,0,0,0,0,0,0,0,0,0,0,0,,,,0,,,,,,,,,
2580,Internal,210.5,440.5,76680,49,34.0,7.9,3.0,129.0,6.0,0.0,0.0,46,0,0,0,0,0,0,0,0,0,0,0,0,696,0,0,0,0,0,0,0,,,,0,,,,,,,,,
2581,Internal,1474.0,3698.5,109375,53,29.6,9.1,2306.0,17.5,409.0,90.0,45.0,33,0,0,0,0,13,0,0,0,0,0,0,0,1277,0,0,0,0,0,0,0,,,,0,,,,,,,,,
2582,Internal,797.0,2254.0,110556,53,23.6,15.1,4.0,66.0,140.0,78.0,3.0,51,0,0,0,0,0,0,0,0,0,0,0,0,0,0,0,0,0,0,0,0,,,,0,,,,,,,,,
2583,Internal,538.0,903.0,110556,53,23.6,15.1,26.0,21.0,879.5,45.0,402.0,23,0,0,0,0,13,0,0,0,0,0,0,0,0,0,0,1,0,0,0,0,,,,0,,,,,,,,,
2584,Internal,583.5,1518.5,90075,49,29.2,7.5,161.0,7.0,30.5,0.0,15.0,9,0,0,0,0,7,0,0,0,0,0,0,0,0,0,0,0,0,0,0,0,,,,0,,,,,,,,,
2585,Internal,875.0,2445.5,90075,49,29.2,7.5,15.5,4.0,219.0,6.0,34.0,36,0,0,0,0,7,0,0,0,0,0,0,0,0,0,0,0,0,0,0,0,,,,0,,,,,,,,,
2586,Internal,719.0,1838.5,90075,49,29.2,7.5,566.0,7.0,105.0,6.0,30.0,69,0,0,0,0,0,0,0,0,0,0,0,0,0,0,0,0,0,0,0,0,,,,0,,,,,,,,,
2587,Internal,1075.5,2156.5,45262,58,22.4,3.3,195.5,245.0,462.5,55.0,130.0,28,0,0,0,0,27,0,0,0,0,0,0,0,0,0,0,0,0,0,0,0,,,,0,,,,,,,,,
2588,Internal,326.0,894.5,90075,49,29.2,7.5,50.0,10.5,27.0,0.0,1.0,42,0,0,0,0,0,0,0,0,0,0,0,0,0,0,0,0,0,0,0,0,,,,0,,,,,,,,,
2589,Internal,1.0,4.0,109375,53,29.6,9.1,1025.5,0.0,8.5,0.0,14.0,87,0,0,0,0,0,0,0,0,0,0,0,0,0,0,0,0,0,0,0,0,,,,0,,,,,,,,,
2590,Internal,178.0,536.5,140647,53,29.5,7.7,8.0,14.0,0.0,0.0,8.0,47,0,0,0,0,0,0,0,0,0,0,0,0,0,0,0,0,0,0,0,0,,,,0,,,,,,,,,
2591,Internal,393.5,1298.5,110556,53,23.6,15.1,15.0,9.0,9.0,1.0,0.0,62,0,0,0,0,0,0,0,0,0,0,0,0,0,0,0,0,0,0,0,0,,,,0,,,,,,,,,
2592,Internal,504.5,1216.5,110556,53,23.6,15.1,7.0,0.0,32.0,35.0,1.0,48,0,0,0,0,0,0,0,0,0,0,0,0,0,0,0,0,0,0,0,0,,,,0,,,,,,,,,
2593,Internal,969.0,2777.5,140647,53,29.5,7.7,13.0,7.0,50.0,8.0,30.0,43,0,0,0,0,0,0,0,0,0,0,0,0,0,0,0,0,0,0,0,0,,,,0,,,,,,,,,
2594,Internal,613.0,1410.0,67414,53,26.4,8.3,26.0,6.0,50.0,0.0,3.0,47,0,0,0,0,0,0,0,0,0,0,0,0,0,0,0,0,0,0,0,0,,,,0,,,,,,,,,
2595,Internal,785.0,1650.5,81094,58,17.6,22.7,770.5,93.0,336.5,15.0,64.0,49,0,0,0,0,7,0,0,0,0,0,0,0,43,0,0,0,0,0,0,0,,,,0,,,,,,,,,
2596,Internal,321.0,827.5,84844,58,10.3,7.9,6.5,123.0,33.0,0.0,3.0,53,0,0,0,0,0,0,0,0,0,0,0,0,1246,0,0,0,0,0,0,0,,,,0,,,,,,,,,
2597,Internal,421.5,1075.5,84844,58,10.3,7.9,13.0,0.0,2.0,0.0,3.0,43,0,0,0,0,0,0,0,0,0,0,0,0,0,0,0,0,0,0,0,0,,,,0,,,,,,,,,
2598,Internal,36.5,77.0,45262,58,22.4,3.3,82.0,89.0,210.5,112.5,312.0,42,0,0,0,0,0,0,0,0,0,0,0,0,781,0,0,0,0,0,0,0,,,,0,,,,,,,,,
2599,Internal,368.0,966.0,65789,55,22.7,5.7,592.0,65.5,423.5,19.0,9.5,52,0,0,0,0,0,0,0,0,0,0,0,0,0,0,0,0,0,0,0,0,,,,0,,,,,,,,,
2600,Internal,592.5,1261.5,65789,55,22.7,5.7,533.5,208.5,223.0,1.5,16.0,54,0,0,0,0,0,0,0,0,0,0,0,0,0,0,0,0,0,0,0,0,,,,0,,,,,,,,,
2601,Internal,573.5,1163.5,65789,55,22.7,5.7,34.5,70.5,71.0,10.0,0.0,46,0,0,0,0,20,0,0,0,0,0,0,0,0,0,0,0,0,0,0,0,,,,0,,,,,,,,,
2602,Internal,542.5,1527.5,81094,58,17.6,22.7,6.0,7.0,11.5,0.0,2.0,72,0,0,0,0,0,0,0,0,0,0,0,0,0,0,0,0,0,0,0,0,,,,0,,,,,,,,,
2603,Internal,285.0,758.0,84436,58,26.0,9.8,3.0,126.0,2.0,0.0,0.0,49,0,0,0,0,0,0,0,0,0,0,0,0,1512,0,0,0,0,0,0,0,,,,0,,,,,,,,,
2604,Internal,513.5,1018.5,84436,58,26.0,9.8,22.0,21.0,156.0,4.0,580.0,16,0,0,0,0,13,0,0,0,0,0,0,0,0,0,0,0,0,0,0,0,,,,0,,,,,,,,,
2605,Internal,436.0,1050.5,65789,55,22.7,5.7,5.0,146.0,236.0,0.0,105.0,18,0,0,0,0,13,0,0,0,0,0,0,0,0,0,0,0,0,0,0,0,,,,0,,,,,,,,,
2606,Internal,381.0,734.5,81094,58,17.6,22.7,490.0,28.5,508.5,10.0,113.0,49,0,0,0,0,0,0,0,0,0,0,0,0,0,0,0,0,0,0,0,0,,,,0,,,,,,,,,
2607,Internal,424.0,756.5,51406,58,26.4,5.9,393.0,188.5,399.0,37.0,139.5,27,0,0,0,0,0,0,0,0,0,0,0,0,0,0,0,0,0,0,0,0,,,,0,,,,,,,,,
2608,Internal,34.5,94.0,51406,58,26.4,5.9,605.5,163.5,849.5,43.5,119.5,42,0,0,0,0,0,0,0,0,0,0,0,0,0,0,0,0,0,0,0,0,,,,0,,,,,,,,,
2609,Internal,74.5,174.5,51406,58,26.4,5.9,0.0,43.0,315.5,35.5,958.0,16,0,0,0,0,7,0,0,0,0,0,0,0,0,0,0,0,0,0,0,0,,,,0,,,,,,,,,
2610,Internal,271.0,631.5,51406,58,26.4,5.9,27.0,74.5,944.5,80.5,330.5,53,0,0,0,0,0,0,0,0,0,0,0,0,0,0,0,0,0,0,0,0,,,,0,,,,,,,,,
2611,Internal,312.0,643.5,51406,58,26.4,5.9,50.0,39.0,123.0,15.0,59.0,13,0,0,0,0,0,0,0,0,0,0,0,0,0,0,0,0,0,0,0,0,,,,0,,,,,,,,,
2612,Internal,52.5,124.5,51406,58,26.4,5.9,269.0,414.5,320.0,19.5,96.0,52,0,0,0,0,0,0,0,0,0,0,0,0,0,0,0,0,0,0,0,0,,,,0,,,,,,,,,
2613,Internal,136.5,386.0,51406,58,26.4,5.9,341.5,103.5,434.0,18.0,255.5,66,0,0,0,0,0,0,0,0,0,0,0,0,308,0,0,0,0,0,0,0,,,,0,,,,,,,,,
2614,Internal,120.5,278.0,51406,58,26.4,5.9,53.0,105.5,766.5,152.0,501.5,16,0,0,0,0,0,0,0,0,0,0,0,0,0,0,0,0,0,0,0,0,,,,0,,,,,,,,,
2615,Internal,433.0,945.0,80341,53,30.1,8.5,0.0,59.0,4.0,3.0,0.0,45,0,0,0,0,0,0,0,0,0,0,0,0,0,0,0,0,0,0,0,0,,,,0,,,,,,,,,
2616,Internal,730.0,1972.0,80341,53,30.1,8.5,41.0,32.0,5.0,1.0,11.0,39,0,0,0,0,0,0,0,0,0,0,0,0,0,0,0,0,0,0,0,0,,,,0,,,,,,,,,
2617,Internal,738.5,2170.5,83750,53,27.2,2.5,4.0,16.0,11.5,2.0,2.0,30,0,0,0,0,0,0,0,0,0,0,0,0,0,0,0,0,0,0,0,0,,,,0,,,,,,,,,
2618,Internal,739.0,2008.5,41786,53,22.6,16.8,0.0,0.0,30.0,0.0,3.0,16,0,0,0,0,0,0,0,0,0,0,0,0,0,0,0,0,0,0,0,0,,,,0,,,,,,,,,
2619,Internal,577.0,1541.5,80341,53,30.1,8.5,4.0,113.0,28.5,15.0,20.5,52,0,0,0,0,0,0,0,0,0,0,0,0,1467,0,0,0,0,0,0,0,,,,0,,,,,,,,,
2620,Internal,79.0,218.5,41786,53,22.6,16.8,4.0,6.0,1.0,1.0,0.0,16,0,0,0,0,0,0,0,0,0,0,0,0,0,0,0,0,0,0,0,0,,,,0,,,,,,,,,
2621,Internal,719.0,1582.0,110848,53,28.3,6.6,0.0,12.5,27.0,0.0,4.0,17,0,0,0,0,0,0,0,0,0,0,0,0,0,0,0,0,0,0,0,0,,,,0,,,,,,,,,
2622,Internal,27.0,74.0,110848,53,28.3,6.6,2.0,1.0,3.0,0.0,9.0,45,0,0,0,0,0,0,0,0,0,0,0,0,0,0,0,0,0,0,0,0,,,,0,,,,,,,,,
2623,Internal,375.5,981.0,41786,53,22.6,16.8,7.0,56.5,26.5,3.0,9.5,16,0,0,0,0,0,0,0,0,0,0,0,0,0,0,0,0,0,0,0,0,,,,0,,,,,,,,,
2624,Internal,286.5,801.0,41786,53,22.6,16.8,1.0,49.5,13.5,16.0,0.0,16,0,0,0,0,0,0,0,0,0,0,0,0,1923,0,0,0,0,0,0,0,,,,0,,,,,,,,,
2625,Internal,357.0,766.5,66987,53,17.3,8.2,2.0,0.0,82.0,0.0,0.0,16,0,0,0,0,13,0,0,0,0,0,0,0,0,0,0,0,0,0,0,0,,,,0,,,,,,,,,
2626,Internal,884.5,2107.0,41786,53,22.6,16.8,5.0,2.5,71.5,0.0,0.0,0,0,0,0,0,0,0,0,0,0,0,0,0,0,0,0,0,0,0,0,0,,,,0,,,,,,,,,
2627,Internal,1752.0,5382.0,110848,53,28.3,6.6,9.0,23.0,39.0,0.0,5.0,53,0,0,0,0,0,0,0,0,0,0,0,0,0,0,0,0,0,0,0,0,,,,0,,,,,,,,,
2628,Internal,543.5,1513.0,66042,51,23.4,10.2,12.0,13.0,11.0,0.0,9.0,21,0,0,0,0,0,0,0,0,0,0,0,0,0,0,0,0,0,0,0,0,,,,0,,,,,,,,,
2629,Internal,223.0,562.0,66042,51,23.4,10.2,25.0,7.0,20.0,0.0,7.0,28,0,0,0,0,0,0,0,0,0,0,0,0,0,0,0,0,0,0,0,0,,,,0,,,,,,,,,
2630,Internal,1422.5,3947.5,66042,51,23.4,10.2,90.0,151.5,50.0,0.0,3.0,18,0,0,0,0,0,0,0,0,0,0,0,0,0,0,0,0,0,0,0,0,,,,0,,,,,,,,,
2631,Internal,344.0,904.0,80341,53,30.1,8.5,28.0,23.0,12.0,3.0,0.0,24,0,0,0,0,0,0,0,0,0,0,0,0,0,0,0,0,0,0,0,0,,,,0,,,,,,,,,
2632,Internal,358.0,940.0,66042,51,23.4,10.2,12.0,17.0,9.0,0.0,0.0,21,0,0,0,0,0,0,0,0,0,0,0,0,0,0,0,0,0,0,0,0,,,,0,,,,,,,,,
2633,Internal,402.0,1005.5,66987,53,17.3,8.2,27.0,512.0,807.0,252.5,332.5,28,0,0,0,0,0,0,0,0,0,0,0,0,0,0,0,0,0,0,0,0,,,,0,,,,,,,,,
2634,Internal,1001.0,2784.5,66987,53,17.3,8.2,6.5,103.0,33.5,2.0,0.0,37,0,0,0,0,0,0,0,0,0,0,0,0,1038,0,0,0,0,0,0,0,,,,0,,,,,,,,,
2635,Internal,1791.5,4506.5,66987,53,17.3,8.2,1032.0,986.5,1541.0,310.5,386.5,32,0,0,0,0,20,0,0,0,0,0,0,0,0,0,0,0,0,0,0,0,,,,0,,,,,,,,,
2636,Internal,837.0,2407.5,63857,44,28.6,8.1,23.0,18.0,73.0,10.5,0.0,23,0,0,0,0,0,0,0,0,0,0,0,0,0,0,0,0,0,0,0,0,,,,0,,,,,,,,,
2637,Internal,375.5,1007.5,63857,44,28.6,8.1,10.0,274.0,6.5,3.0,3.0,47,0,0,0,0,0,0,0,0,0,0,0,0,3314,0,0,0,0,0,0,0,,,,0,,,,,,,,,
2638,Internal,593.5,1671.0,63857,44,28.6,8.1,12.0,0.0,6.5,0.0,0.0,48,0,0,0,0,0,0,0,0,0,0,0,0,0,0,0,0,0,0,0,0,,,,0,,,,,,,,,
2639,Internal,643.5,1507.0,63857,44,28.6,8.1,134.0,420.0,487.0,70.5,103.5,35,0,0,0,0,0,0,0,0,0,0,0,0,871,0,0,0,0,0,0,0,,,,0,,,,,,,,,
2640,Internal,759.5,2241.0,63857,44,28.6,8.1,601.0,118.0,257.0,13.5,56.0,68,0,0,0,0,0,0,0,0,0,0,0,0,0,0,0,0,0,0,0,0,,,,0,,,,,,,,,
2641,Internal,450.5,1158.0,72132,48,21.8,13.4,2.0,10.0,8.0,0.0,3.0,14,0,0,0,0,7,0,0,0,0,0,0,0,0,0,0,0,0,0,0,0,,,,0,,,,,,,,,
2642,Internal,670.5,2447.0,59750,48,26.9,6.9,9.0,16.0,21.0,0.0,10.0,18,0,0,0,0,7,0,0,0,0,0,0,0,0,0,0,0,0,0,0,0,,,,0,,,,,,,,,
2643,Internal,315.0,799.5,59750,48,26.9,6.9,4.0,10.0,16.0,1.0,0.0,13,0,0,0,0,0,0,0,0,0,0,0,0,0,0,0,0,0,0,0,0,,,,0,,,,,,,,,
2644,Internal,435.0,1214.0,71071,48,31.5,3.1,2.0,0.0,11.0,5.0,0.0,18,0,0,0,0,13,0,0,0,0,0,0,0,0,0,0,0,0,0,0,0,,,,0,,,,,,,,,
2645,Internal,96.0,286.0,71071,48,31.5,3.1,0.0,0.0,13.5,0.0,0.0,18,0,0,0,0,0,0,0,0,0,0,0,0,0,0,0,0,0,0,0,0,,,,0,,,,,,,,,
2646,Internal,791.0,2361.0,72132,48,21.8,13.4,3.0,6.5,461.5,0.0,0.0,48,0,0,0,0,0,0,0,0,0,0,0,0,0,0,0,0,0,0,0,0,,,,0,,,,,,,,,
2647,Internal,1140.0,3580.5,71071,48,31.5,3.1,7.0,14.0,54.5,3.0,13.0,8,0,0,0,0,0,0,0,0,0,0,0,0,0,0,0,0,0,0,0,0,,,,0,,,,,,,,,
2648,Internal,833.5,2225.5,65278,48,23.5,2.5,6.0,54.0,80.5,6.5,5.0,24,0,0,0,0,0,0,0,0,0,0,0,0,0,0,0,0,0,0,0,0,,,,0,,,,,,,,,
2649,Internal,152.0,437.0,59750,48,26.9,6.9,0.0,0.0,13.0,0.0,0.0,18,0,0,0,0,0,0,0,0,0,0,0,0,0,0,0,0,0,0,0,0,,,,0,,,,,,,,,
2650,Internal,156.5,428.5,41786,53,22.6,16.8,0.0,1.0,1.5,0.0,0.0,16,0,0,0,0,0,0,0,0,0,0,0,0,0,0,0,0,0,0,0,0,,,,0,,,,,,,,,
2651,Internal,86.0,179.5,72132,48,21.8,13.4,3.0,134.5,28.5,7.5,82.0,18,0,0,0,0,0,0,0,0,0,0,0,0,1138,0,8813,0,0,0,0,0,,,,0,,,,,,,,,
2652,Internal,633.5,1442.5,72132,48,21.8,13.4,0.0,11.0,128.5,3.5,73.5,18,0,0,0,0,20,0,0,0,0,0,0,0,1848,0,0,0,0,0,0,0,,,,0,,,,,,,,,
2653,Internal,389.5,1019.0,100096,53,10.3,18.2,12.0,17.0,24.0,1.0,0.0,44,0,0,0,0,0,0,0,0,0,0,0,0,0,0,0,0,0,0,0,0,,,,0,,,,,,,,,
2654,Internal,1110.0,2834.0,86314,53,21.8,8.9,65.0,154.5,349.5,67.5,131.5,30,0,0,0,0,0,0,0,0,0,0,0,0,0,0,0,0,0,0,0,0,,,,0,,,,,,,,,
2655,Internal,1215.0,2918.0,74387,53,29.5,10.2,5.0,19.0,228.0,9.0,0.0,42,0,0,0,0,0,0,0,0,0,0,0,0,0,0,0,0,0,0,0,0,,,,0,,,,,,,,,
2656,Internal,1297.0,3269.0,63776,53,12.2,19.5,6.0,69.0,174.5,52.5,34.5,17,0,0,0,0,0,0,0,0,0,0,0,0,0,0,0,0,0,0,0,0,,,,0,,,,,,,,,
2657,Internal,1505.0,3240.5,64223,53,21.5,9.2,1.0,18.0,14.0,1.0,2.0,32,0,0,0,0,0,0,0,0,0,0,0,0,0,0,0,0,0,0,0,0,,,,0,,,,,,,,,
2658,Internal,114.0,323.0,64223,53,21.5,9.2,0.0,19.0,14.0,0.0,0.0,20,0,0,0,0,7,0,0,0,0,0,0,0,0,0,0,0,0,0,0,0,,,,0,,,,,,,,,
2659,Internal,366.0,1040.5,74387,53,29.5,10.2,1.0,20.0,23.0,5.0,5.0,59,0,0,0,0,0,0,0,0,0,0,0,0,0,0,0,0,0,0,0,0,,,,0,,,,,,,,,
2660,Internal,365.0,1094.5,86314,53,21.8,8.9,2.0,2.0,18.0,0.0,8.0,20,0,0,0,0,27,0,0,0,0,0,0,0,0,0,0,0,0,0,0,0,,,,0,,,,,,,,,
2661,Internal,207.0,398.0,86314,53,21.8,8.9,8.0,204.5,910.0,18.5,741.5,12,0,0,0,0,0,0,0,0,0,0,0,0,0,0,0,0,0,0,0,0,,,,0,,,,,,,,,
2662,Internal,198.0,411.5,31909,52,21.9,8.5,4.0,24.0,316.0,47.5,6.0,8,0,0,0,0,0,0,0,0,0,0,0,0,0,0,0,0,0,0,0,0,,,,0,,,,,,,,,
2663,Internal,1136.0,3143.0,31909,52,21.9,8.5,512.5,325.5,843.0,43.5,215.0,35,0,0,0,0,0,0,0,0,0,0,0,0,125,0,0,0,0,0,0,0,,,,0,,,,,,,,,
2664,Internal,1161.5,2507.0,31909,52,21.9,8.5,131.0,1117.5,1314.5,112.0,486.5,14,0,0,0,0,0,0,0,0,0,0,0,0,0,0,0,0,0,0,0,0,,,,0,,,,,,,,,
2665,Internal,256.0,619.0,55417,52,23.3,21.7,1052.5,413.0,578.0,108.5,69.0,63,0,0,0,0,0,0,0,0,0,0,0,0,0,0,0,0,0,0,0,0,,,,0,,,,,,,,,
2666,Internal,1203.0,3157.5,68875,52,23.0,5.8,0.0,99.0,173.0,5.5,5.0,14,0,0,0,0,27,0,0,0,0,0,0,0,0,0,0,0,0,0,0,0,,,,0,,,,,,,,,
2667,Internal,553.5,1548.5,68875,52,23.0,5.8,2.0,50.0,139.0,16.5,194.0,16,0,0,0,0,27,0,0,0,0,0,0,0,1324,0,0,0,0,0,0,0,,,,0,,,,,,,,,
2668,Internal,365.0,824.0,55417,52,23.3,21.7,0.0,36.0,137.0,0.0,5.0,47,0,0,0,0,0,0,0,0,0,0,0,0,0,0,0,0,0,0,0,0,,,,0,,,,,,,,,
2669,Internal,409.5,972.0,63776,53,12.2,19.5,1.0,469.0,403.5,37.5,50.0,26,0,0,0,0,0,0,0,0,0,0,0,0,0,0,0,0,0,0,0,0,,,,0,,,,,,,,,
2670,Internal,773.0,2018.5,55417,52,23.3,21.7,1551.5,317.0,624.5,91.0,61.0,58,0,0,0,0,0,0,0,0,0,0,0,0,0,0,0,0,0,0,0,0,,,,0,,,,,,,,,
2671,Internal,697.0,1678.0,62614,51,35.7,5.9,6.5,108.0,26.0,0.5,9.0,42,0,0,0,0,0,0,0,0,0,0,0,0,751,0,0,0,0,0,0,0,,,,0,,,,,,,,,
2672,Internal,1199.5,3092.5,88355,51,20.0,17.5,7.5,113.0,177.5,39.0,52.5,25,0,0,0,0,0,0,0,0,0,0,0,0,0,0,0,0,0,0,0,0,,,,0,,,,,,,,,
2673,Internal,556.0,1477.5,88355,51,20.0,17.5,10.0,314.5,488.5,70.0,91.0,27,0,0,0,0,0,0,0,0,0,0,0,0,0,0,0,0,0,0,0,0,,,,0,,,,,,,,,
2674,Internal,576.0,1481.0,95500,51,14.2,17.6,2.0,122.0,431.0,146.0,96.0,26,0,0,0,0,0,0,0,0,0,0,0,0,0,0,0,1,0,0,0,0,,,,0,,,,,,,,,
2675,Internal,1554.0,4172.5,62614,51,35.7,5.9,48.0,0.5,122.0,8.0,3.0,9,0,0,0,0,0,0,0,0,0,0,0,0,0,0,0,0,0,0,0,0,,,,0,,,,,,,,,
2676,Internal,1707.0,3993.0,53724,51,34.1,5.0,18.0,477.0,782.0,162.5,1052.5,18,0,0,0,0,0,0,0,0,0,0,0,0,0,0,0,0,0,0,0,0,,,,0,,,,,,,,,
2677,Internal,512.0,1617.5,79093,51,27.9,6.8,28.0,50.0,41.5,3.0,33.0,14,0,0,0,0,0,0,0,0,0,0,0,0,0,0,0,0,0,0,0,0,,,,0,,,,,,,,,
2678,Internal,562.0,1794.5,79093,51,27.9,6.8,2.0,1.0,11.0,13.0,0.0,19,0,0,0,0,0,0,0,0,0,0,0,0,2,0,0,0,0,0,0,0,,,,0,,,,,,,,,
2679,Internal,277.0,866.0,62614,51,35.7,5.9,1025.5,3.5,11.0,0.0,18.0,14,0,0,0,0,0,0,0,0,0,0,0,0,0,0,0,0,0,0,0,0,,,,0,,,,,,,,,
2680,Internal,391.5,1048.5,49423,51,28.1,11.3,36.0,7.0,21.0,0.0,0.0,42,0,0,0,0,0,0,0,0,0,0,0,0,0,0,0,0,0,0,0,0,,,,0,,,,,,,,,
2681,Internal,230.5,665.5,49423,51,28.1,11.3,18.0,2.0,1.5,12.0,0.0,19,0,0,0,0,0,0,0,0,0,0,0,0,0,0,0,0,0,0,0,0,,,,0,,,,,,,,,
2682,Internal,267.5,812.0,62614,51,35.7,5.9,22.0,0.0,0.0,0.0,0.0,37,0,0,0,0,0,0,0,0,0,0,0,0,0,0,0,0,0,0,0,0,,,,0,,,,,,,,,
2683,Internal,328.5,901.5,49423,51,28.1,11.3,14.0,7.0,128.0,18.0,0.0,11,0,0,0,0,0,0,0,0,0,0,0,0,0,0,0,0,0,0,0,0,,,,0,,,,,,,,,
2684,Internal,167.5,427.0,49423,51,28.1,11.3,0.0,0.0,16.5,0.0,5.5,19,0,0,0,0,0,0,0,0,0,0,0,0,0,0,0,0,0,0,0,0,,,,0,,,,,,,,,
2685,Internal,194.0,537.0,79093,51,27.9,6.8,1.0,2.0,1.5,0.0,0.0,19,0,0,0,0,0,0,0,0,0,0,0,0,0,0,0,0,0,0,0,0,,,,0,,,,,,,,,
2686,Internal,1472.5,3749.5,46723,47,30.3,16.7,240.0,105.0,460.0,44.5,150.5,16,0,0,0,0,0,0,0,0,0,0,0,0,603,0,0,0,0,0,0,0,,,,0,,,,,,,,,
2687,Internal,704.5,1729.0,46723,47,30.3,16.7,1.0,891.0,667.5,124.0,314.0,21,0,0,0,0,0,0,0,0,0,0,0,0,0,0,0,0,0,0,0,0,,,,0,,,,,,,,,
2688,Internal,972.5,2745.5,54344,47,24.2,5.1,18.0,22.0,35.0,5.0,15.0,17,0,0,0,0,0,0,0,0,0,0,0,0,0,0,0,0,0,0,0,0,,,,0,,,,,,,,,
2689,Internal,1412.5,3631.0,54344,47,24.2,5.1,50.0,78.5,147.0,4.5,0.0,26,0,0,0,0,0,0,0,0,0,0,0,0,0,0,0,0,0,0,0,0,,,,0,,,,,,,,,
2690,Internal,8.5,52.5,46723,47,30.3,16.7,0.0,125.0,1.0,0.0,0.0,46,0,0,0,0,0,0,0,0,0,0,0,0,968,0,0,0,0,0,0,0,,,,0,,,,,,,,,
2691,Internal,841.5,2261.0,50452,47,25.0,6.3,21.0,37.5,24.0,0.0,0.0,39,0,0,0,0,0,0,0,0,0,0,0,0,0,0,0,0,0,0,0,0,,,,0,,,,,,,,,
2692,Internal,689.5,1800.5,54344,47,24.2,5.1,2.0,5.0,9.5,0.0,2.0,39,0,0,0,0,0,0,0,0,0,0,0,0,0,0,0,0,0,0,0,0,,,,0,,,,,,,,,
2693,Internal,270.0,708.5,46723,47,30.3,16.7,29.0,4.0,45.0,2.0,17.5,84,0,0,0,0,0,0,0,0,0,0,0,0,0,0,0,0,0,0,0,0,,,,0,,,,,,,,,
2694,Internal,996.0,2688.0,111771,47,24.3,10.6,46.0,38.0,64.0,2.0,9.0,24,0,0,0,0,0,0,0,0,0,0,0,0,0,0,0,0,0,0,0,0,,,,0,,,,,,,,,
2695,Internal,545.0,1708.5,111771,47,24.3,10.6,16.0,27.0,13.0,0.0,0.0,24,0,0,0,0,0,0,0,0,0,0,0,0,0,0,0,0,0,0,0,0,,,,0,,,,,,,,,
2696,Internal,183.0,480.0,111771,47,24.3,10.6,12.0,20.0,18.0,0.0,12.0,24,0,0,0,0,0,0,0,0,0,0,0,0,0,0,0,0,0,0,0,0,,,,0,,,,,,,,,
2697,Internal,292.5,802.5,49286,47,16.4,12.5,9.0,11.0,20.0,0.0,0.0,24,0,0,0,0,0,0,0,0,0,0,0,0,0,0,0,0,0,0,0,0,,,,0,,,,,,,,,
2698,Internal,394.5,995.0,49286,47,16.4,12.5,110.5,17.0,85.0,0.0,2.0,24,0,0,0,0,0,0,0,0,0,0,0,0,0,0,0,0,0,0,0,0,,,,0,,,,,,,,,
2699,Internal,152.5,454.5,49286,47,16.4,12.5,2.0,18.0,2.0,10.0,5.0,24,0,0,0,0,0,0,0,0,0,0,0,0,0,0,0,0,0,0,0,0,,,,0,,,,,,,,,
2700,Internal,548.0,1559.0,49286,47,16.4,12.5,4.0,48.0,2.0,60.0,2.0,24,0,0,0,0,0,0,0,0,0,0,0,0,0,0,0,0,0,0,0,0,,,,0,,,,,,,,,
2701,Internal,346.0,1034.0,69744,50,27.0,13.4,0.0,154.0,185.5,22.5,16.5,35,0,0,0,0,0,0,0,0,0,0,0,0,888,0,0,0,0,0,0,0,,,,0,,,,,,,,,
2702,Internal,0.0,0.0,69744,50,27.0,13.4,0.0,11.0,22.5,0.0,222.0,22,0,0,0,0,0,0,0,0,0,0,0,0,0,0,0,0,0,0,0,0,,,,0,,,,,,,,,
2703,Internal,1548.0,3559.5,69744,50,27.0,13.4,0.0,325.0,815.0,70.5,1234.0,24,0,0,0,0,0,0,0,0,0,0,0,0,1872,0,0,0,0,0,0,0,,,,0,,,,,,,,,
2704,Internal,808.0,1605.0,69744,50,27.0,13.4,0.0,246.5,113.0,106.0,527.0,48,0,0,0,0,0,0,0,0,0,0,0,0,0,0,0,0,0,0,0,0,,,,0,,,,,,,,,
2705,Internal,374.5,945.5,69744,50,27.0,13.4,0.0,139.0,132.5,0.0,34.5,65,0,0,0,0,0,0,0,0,0,0,0,0,0,0,0,0,0,0,0,0,,,,0,,,,,,,,,
2706,Internal,456.0,1193.0,54893,47,26.3,10.8,14.0,14.0,12.5,1.0,0.0,43,0,0,0,0,0,0,0,0,0,0,0,0,0,0,0,0,0,0,0,0,,,,0,,,,,,,,,
2707,Internal,374.5,1113.0,82386,47,32.8,9.7,0.0,0.5,146.5,1.5,138.0,18,0,0,0,0,0,0,0,0,0,0,0,0,683,0,0,0,0,0,0,0,,,,0,,,,,,,,,
2708,Internal,350.5,836.0,41875,50,27.2,6.4,0.0,13.0,317.0,10.0,774.0,13,0,0,0,0,0,0,0,0,0,0,0,0,0,0,0,0,0,0,0,0,,,,0,,,,,,,,,
2709,Internal,306.0,863.0,128365,48,24.6,17.5,3.0,246.5,210.0,37.0,360.0,21,0,0,0,0,0,0,0,0,0,0,0,0,0,0,0,0,0,0,0,0,,,,0,,,,,,,,,
2710,Internal,225.0,613.5,128365,48,24.6,17.5,12.0,20.0,3.0,0.0,1.0,29,0,0,0,0,0,0,0,0,0,0,0,0,0,0,0,0,0,0,0,0,,,,0,,,,,,,,,
2711,Internal,448.0,1365.0,128365,48,24.6,17.5,48.0,14.0,5.0,7.0,1.0,53,0,0,0,0,0,0,0,0,0,0,0,0,0,0,0,0,0,0,0,0,,,,0,,,,,,,,,
2712,Internal,228.0,658.0,128365,48,24.6,17.5,4.0,47.0,38.0,20.0,0.0,58,0,0,0,0,0,0,0,0,0,0,0,0,0,0,0,0,0,0,0,0,,,,0,,,,,,,,,
2713,Internal,90.5,235.0,128365,48,24.6,17.5,0.0,3.0,15.0,0.0,8.0,29,0,0,0,0,0,0,0,0,0,0,0,0,0,0,0,0,0,0,0,0,,,,0,,,,,,,,,
2714,Internal,255.0,634.5,54893,47,26.3,10.8,0.0,11.0,18.5,0.0,2.0,43,0,0,0,0,0,0,0,0,0,0,0,0,0,0,0,0,0,0,0,0,,,,0,,,,,,,,,
2715,Internal,340.0,922.5,128365,48,24.6,17.5,0.0,5.0,46.5,21.0,3.0,29,0,0,0,0,0,0,0,0,0,0,0,0,0,0,0,0,0,0,0,0,,,,0,,,,,,,,,
2716,Internal,686.5,1491.5,58289,44,29.7,8.5,0.0,0.0,73.0,0.5,0.0,41,0,0,0,0,0,0,0,0,0,0,0,0,1095,0,0,0,0,0,0,0,,,,0,,,,,,,,,
2717,Internal,662.5,1664.5,58289,44,29.7,8.5,91.0,77.5,95.5,0.0,27.0,51,0,0,0,0,0,0,0,0,0,0,0,0,0,0,0,0,0,0,0,0,,,,0,,,,,,,,,
2718,Internal,533.5,1628.5,82386,47,32.8,9.7,0.0,0.0,21.0,0.0,0.0,43,0,0,0,0,0,0,0,0,0,0,0,0,0,0,0,0,0,0,0,0,,,,0,,,,,,,,,
2719,Internal,204.5,591.0,82386,47,32.8,9.7,0.0,0.0,6.0,0.0,0.0,71,0,0,0,0,0,0,0,0,0,0,0,0,0,0,0,0,0,0,0,0,,,,0,,,,,,,,,
2720,Internal,188.5,415.0,82386,47,32.8,9.7,0.0,4.0,43.0,3.0,5.5,43,0,0,0,0,0,0,0,0,0,0,0,0,0,0,0,0,0,0,0,0,,,,0,,,,,,,,,
2721,Internal,1.0,1.0,54893,47,26.3,10.8,0.0,0.0,225.0,0.0,0.0,43,0,0,0,0,0,0,0,0,0,0,0,0,3515,0,0,0,0,0,0,0,,,,0,,,,,,,,,
2722,Internal,396.0,1014.5,54893,47,26.3,10.8,0.0,14.0,24.0,0.0,11.0,45,0,0,0,0,0,0,0,0,0,0,0,0,0,0,0,0,0,0,0,0,,,,0,,,,,,,,,
2723,Internal,33.0,90.0,41875,50,27.2,6.4,0.0,0.0,10.0,451.0,8.0,48,0,0,0,0,0,0,0,0,0,0,0,0,0,1756,3459,0,0,0,0,0,,,,0,,,,,,,,,
2724,Internal,92.0,298.0,54893,47,26.3,10.8,0.0,1.0,6.0,0.0,31.0,43,0,0,0,0,0,0,0,0,0,0,0,0,0,0,0,0,0,0,0,0,,,,0,,,,,,,,,
2725,Internal,389.0,1116.5,58289,44,29.7,8.5,0.0,0.0,9.0,3.0,0.0,41,0,0,0,0,0,0,0,0,0,0,0,0,0,0,0,0,0,0,0,0,,,,0,,,,,,,,,
2726,Internal,334.0,905.0,44400,44,27.4,17.7,0.0,31.5,323.0,1.0,17.0,23,0,0,0,0,0,0,0,0,0,0,0,0,0,0,0,0,0,0,0,0,,,,0,,,,,,,,,
2727,Internal,370.5,1055.0,58289,44,29.7,8.5,0.0,34.0,29.0,8.0,0.0,41,0,0,0,0,0,0,0,0,0,0,0,0,0,0,0,0,0,0,0,0,,,,0,,,,,,,,,
2728,Internal,157.0,317.0,57724,45,24.6,14.4,1043.5,8.0,87.0,0.0,13.0,33,0,0,0,0,0,0,0,0,0,0,0,0,0,0,0,0,0,0,0,0,,,,0,,,,,,,,,
2729,Internal,451.0,1255.0,57724,45,24.6,14.4,0.0,1.0,61.0,0.5,83.0,16,0,0,0,0,0,0,0,0,0,0,0,0,0,0,0,0,0,0,0,0,,,,0,,,,,,,,,
2730,Internal,14.5,30.0,57724,45,24.6,14.4,63.5,4.0,153.0,0.5,5.0,49,0,0,0,0,0,0,0,0,0,0,0,0,0,0,0,0,0,0,0,0,,,,0,,,,,,,,,
2731,Internal,2115.0,5310.0,57724,45,24.6,14.4,95.0,55.0,211.0,41.0,37.5,13,0,0,0,0,0,0,0,0,0,0,0,0,0,0,0,0,0,0,0,0,,,,0,,,,,,,,,
2732,Internal,690.0,1754.0,57724,45,24.6,14.4,76.0,347.0,1403.5,191.5,178.0,42,0,0,0,0,0,0,0,0,0,0,0,0,3909,0,0,0,0,0,0,0,,,,0,,,,,,,,,
2733,Internal,509.5,1054.5,44400,44,27.4,17.7,42.0,862.0,468.0,64.0,416.0,45,0,0,0,0,0,0,0,0,0,0,0,0,0,0,0,0,0,0,0,0,,,,0,,,,,,,,,
2734,Internal,872.0,2099.0,99076,51,26.2,12.9,10.0,445.0,143.5,70.0,25.0,31,0,0,0,0,0,0,0,0,0,0,0,0,5302,0,0,0,0,0,0,0,,,,0,,,,,,,,,
2735,Internal,1289.5,3422.0,99076,51,26.2,12.9,10.0,272.5,89.5,2.0,132.0,49,0,0,0,0,0,0,0,0,0,0,0,0,0,0,0,0,0,0,0,0,,,,0,,,,,,,,,
2736,Internal,665.5,1706.0,99076,51,26.2,12.9,24.0,56.0,82.5,0.0,7.0,39,0,0,0,0,0,0,0,0,0,0,0,0,0,0,0,0,0,0,0,0,,,,0,,,,,,,,,
2737,Internal,61.0,201.5,57724,45,24.6,14.4,2067.5,242.5,173.0,17.5,17.0,47,0,0,0,0,0,0,0,0,0,0,0,0,781,0,0,0,0,0,0,0,,,,0,,,,,,,,,
2738,Internal,641.0,1615.0,57724,45,24.6,14.4,124.0,228.5,986.0,26.0,211.0,35,0,0,0,0,0,0,0,0,0,0,0,0,0,0,0,0,0,0,0,0,,,,0,,,,,,,,,
2739,Internal,1407.0,3136.0,99076,51,26.2,12.9,6.0,233.0,607.5,41.5,140.0,45,0,0,0,0,0,0,0,0,0,0,0,0,1981,0,0,0,0,0,0,0,,,,0,,,,,,,,,
2740,Internal,625.5,1637.5,99076,51,26.2,12.9,0.0,63.0,333.0,17.0,926.0,14,0,0,0,0,0,0,0,0,0,0,0,0,339,0,64,0,0,0,0,0,,,,0,,,,,,,,,
2741,Internal,376.5,751.0,57724,45,24.6,14.4,0.0,307.5,490.0,229.5,348.5,26,0,0,0,0,0,0,0,0,0,0,0,0,6,0,0,1,0,0,0,0,,,,0,,,,,,,,,
2742,Internal,480.5,829.5,57724,45,24.6,14.4,13.0,4.0,256.5,46.0,475.0,17,0,0,0,0,0,0,0,0,0,0,0,0,20,0,0,0,0,0,0,0,,,,0,,,,,,,,,
2743,Internal,488.0,1264.5,57724,45,24.6,14.4,14.0,161.0,169.5,105.0,287.0,28,0,0,0,0,0,0,0,0,0,0,0,0,0,0,0,0,0,0,0,0,,,,0,,,,,,,,,
2744,Internal,331.0,1000.0,57724,45,24.6,14.4,1.0,2.5,75.0,2.0,0.0,10,0,0,0,0,0,0,0,0,0,0,0,0,0,0,0,0,0,0,0,0,,,,0,,,,,,,,,
2745,Internal,564.5,1416.0,44400,44,27.4,17.7,0.0,31.0,238.0,4.5,6.0,18,0,0,0,0,0,0,0,0,0,0,0,0,0,0,0,0,0,0,0,0,,,,0,,,,,,,,,
2746,Internal,505.5,1373.5,57724,45,24.6,14.4,0.0,53.0,267.0,7.5,294.5,10,0,0,0,0,0,0,0,0,0,0,0,0,1160,0,0,0,0,0,0,0,,,,0,,,,,,,,,
2747,Internal,596.5,1636.0,99006,45,29.4,11.0,9.0,146.0,175.0,0.0,6.0,31,0,0,0,0,0,0,0,0,0,0,0,0,0,0,0,0,0,0,0,0,,,,0,,,,,,,,,
2748,Internal,325.5,1005.5,128824,49,33.9,10.3,0.0,26.0,0.5,0.0,2.0,36,0,0,0,0,0,0,0,0,0,0,0,0,0,0,0,0,0,0,0,0,,,,0,,,,,,,,,
2749,Internal,192.0,603.5,128824,49,33.9,10.3,0.0,3.0,0.0,0.0,0.0,23,0,0,0,0,0,0,0,0,0,0,0,0,0,0,0,0,0,0,0,0,,,,0,,,,,,,,,
2750,Internal,410.0,1265.5,92222,49,27.9,5.9,0.0,5.5,21.5,0.0,0.0,28,0,0,0,0,0,0,0,0,0,0,0,0,0,0,0,0,0,0,0,0,,,,0,,,,,,,,,
2751,Internal,566.5,1949.5,92222,49,27.9,5.9,4.0,7.0,7.0,0.0,0.0,39,0,0,0,0,0,0,0,0,0,0,0,0,0,0,0,0,0,0,0,0,,,,0,,,,,,,,,
2752,Internal,1382.5,3893.5,92222,49,27.9,5.9,51.0,19.5,27.5,0.0,8.0,40,0,0,0,0,0,0,0,0,0,0,0,0,0,0,0,0,0,0,0,0,,,,0,,,,,,,,,
2753,Internal,163.5,403.5,92222,49,27.9,5.9,8.0,5.0,2.0,0.0,20.0,28,0,0,0,0,0,0,0,0,0,0,0,0,0,0,0,0,0,0,0,0,,,,0,,,,,,,,,
2754,Internal,353.0,749.5,90075,49,29.2,7.5,0.0,135.0,41.5,0.0,11.0,44,0,0,0,0,0,0,0,0,0,0,0,0,2137,0,0,0,0,0,0,0,,,,0,,,,,,,,,
2755,Internal,237.0,621.5,128824,49,33.9,10.3,16.0,7.0,13.5,0.0,5.0,28,0,0,0,0,0,0,0,0,0,0,0,0,0,0,0,0,0,0,0,0,,,,0,,,,,,,,,
2756,Internal,553.0,1957.0,128824,49,33.9,10.3,58.0,16.0,79.0,0.0,5.0,43,0,0,0,0,0,0,0,0,0,0,0,0,0,0,0,0,0,0,0,0,,,,0,,,,,,,,,
2757,Internal,0.0,0.0,128824,49,33.9,10.3,0.0,159.0,33.0,8.0,292.0,28,0,0,0,0,0,0,0,0,0,0,0,0,2840,0,0,0,0,0,0,0,,,,0,,,,,,,,,
2758,Internal,81.0,198.5,128824,49,33.9,10.3,0.0,0.0,139.5,0.0,0.0,28,0,0,0,0,0,0,0,0,0,0,0,0,0,0,0,0,0,0,0,0,,,,0,,,,,,,,,
2759,Internal,164.5,484.5,128824,49,33.9,10.3,32.0,55.0,28.5,0.0,2.0,28,0,0,0,0,0,0,0,0,0,0,0,0,0,0,0,0,0,0,0,0,,,,0,,,,,,,,,
2760,Internal,461.0,1270.0,99006,45,29.4,11.0,0.0,3.0,63.5,0.0,0.0,31,0,0,0,0,0,0,0,0,0,0,0,0,874,0,0,0,0,0,0,0,,,,0,,,,,,,,,
2761,Internal,259.5,810.0,99006,45,29.4,11.0,0.0,0.0,0.0,0.0,2.0,31,0,0,0,0,0,0,0,0,0,0,0,0,0,0,0,0,0,0,0,0,,,,0,,,,,,,,,
2762,Internal,300.0,615.5,99006,45,29.4,11.0,81.0,44.5,186.5,25.0,151.5,17,0,0,0,0,0,0,0,0,0,0,0,0,0,0,0,0,0,0,0,0,,,,0,,,,,,,,,
2763,Internal,1332.0,3894.5,93859,47,25.0,11.5,24.0,24.5,79.0,0.0,0.5,33,0,0,0,0,0,0,0,0,0,0,0,0,0,0,0,0,0,0,0,0,,,,0,,,,,,,,,
2764,Internal,721.0,2065.5,93859,47,25.0,11.5,28.0,62.5,394.5,0.0,28.5,35,0,0,0,0,0,0,0,0,0,0,0,0,0,0,0,0,0,0,0,0,,,,0,,,,,,,,,
2765,Internal,64.0,193.5,93859,47,25.0,11.5,0.0,15.0,2.0,0.0,0.0,37,0,0,0,0,0,0,0,0,0,0,0,0,0,0,0,0,0,0,0,0,,,,0,,,,,,,,,
2766,Internal,752.0,1968.5,93859,47,25.0,11.5,61.0,71.0,4.0,0.0,9.0,34,0,0,0,0,0,0,0,0,0,0,0,0,34,0,0,0,0,0,0,0,,,,0,,,,,,,,,
2767,Internal,2699.0,7938.5,106661,47,36.8,6.7,25.0,356.5,383.5,7.5,23.0,59,0,0,0,0,0,0,0,0,0,0,0,0,0,0,0,0,0,0,0,0,,,,0,,,,,,,,,
2768,Internal,1401.0,3700.5,106661,47,36.8,6.7,10.0,113.5,67.5,17.0,339.5,29,0,0,0,0,0,0,0,0,0,0,0,0,0,0,0,0,0,0,0,0,,,,0,,,,,,,,,
2769,Internal,1162.5,3471.5,106661,47,36.8,6.7,3.0,696.5,426.5,89.5,14.0,41,0,0,0,0,0,0,0,0,0,0,0,0,3498,0,0,0,0,0,0,0,,,,0,,,,,,,,,
2770,Internal,1155.0,3639.0,106661,47,36.8,6.7,0.0,152.0,401.0,13.5,30.5,61,0,0,0,0,0,0,0,0,0,0,0,0,0,0,0,0,0,0,0,0,,,,0,,,,,,,,,
2771,Internal,982.5,2721.0,99006,45,29.4,11.0,0.0,0.0,71.0,8.0,277.0,38,0,0,0,0,0,0,0,0,0,0,0,0,0,0,0,0,0,0,0,0,,,,0,,,,,,,,,
2772,Internal,275.0,617.0,106661,47,36.8,6.7,5.0,104.5,137.5,109.5,118.5,35,0,0,0,0,0,0,0,0,0,0,0,0,1039,0,0,0,0,0,0,0,,,,0,,,,,,,,,
2773,Internal,14.0,40.0,93859,47,25.0,11.5,0.0,10.0,6.0,0.0,7.0,37,0,0,0,0,0,0,0,0,0,0,0,0,0,0,0,0,0,0,0,0,,,,0,,,,,,,,,
2774,Internal,191.0,479.0,71339,45,22.5,13.7,6.0,6.0,12.0,0.0,4.0,31,0,0,0,0,0,0,0,0,0,0,0,0,0,0,0,0,0,0,0,0,,,,0,,,,,,,,,
2775,Internal,660.0,1752.0,71339,45,22.5,13.7,13.0,327.5,703.0,61.5,20.0,34,0,0,0,0,0,0,0,0,0,0,0,0,0,0,0,0,0,0,0,0,,,,0,,,,,,,,,
2776,Internal,236.5,658.5,71339,45,22.5,13.7,80.0,4.0,212.0,0.0,10.0,49,0,0,0,0,0,0,0,0,0,0,0,0,4400,0,0,0,0,0,0,0,,,,0,,,,,,,,,
2777,Internal,105.0,288.0,71339,45,22.5,13.7,5.0,8.0,2.0,0.0,0.0,31,0,0,0,0,0,0,0,0,0,0,0,0,0,0,0,0,0,0,0,0,,,,0,,,,,,,,,
2778,Internal,102.5,281.0,71339,45,22.5,13.7,21.0,5.0,0.0,0.0,0.0,31,0,0,0,0,0,0,0,0,0,0,0,0,0,0,0,0,0,0,0,0,,,,0,,,,,,,,,
2779,Internal,1556.5,4641.0,82781,45,35.0,10.5,25.0,294.0,331.0,5.5,233.0,24,0,0,0,0,0,0,0,0,0,0,0,0,884,0,0,0,0,0,0,0,,,,0,,,,,,,,,
2780,Internal,556.5,1529.0,82781,45,35.0,10.5,6.0,17.0,34.0,0.0,0.0,31,0,0,0,0,0,0,0,0,0,0,0,0,0,0,0,0,0,0,0,0,,,,0,,,,,,,,,
2781,Internal,806.0,2018.5,92222,49,27.9,5.9,6.0,11.0,45.5,27.0,238.0,15,0,0,0,0,0,0,0,0,0,0,0,0,0,0,0,0,0,0,0,0,,,,0,,,,,,,,,
2782,Internal,102.5,274.5,82781,45,35.0,10.5,32.0,0.0,0.5,0.0,4.0,31,0,0,0,0,0,0,0,0,0,0,0,0,0,0,0,0,0,0,0,0,,,,0,,,,,,,,,
2783,Internal,159.0,420.5,82781,45,35.0,10.5,57.5,59.5,426.5,0.0,5.0,31,0,0,0,0,0,0,0,0,0,0,0,0,0,0,0,0,0,0,0,0,,,,0,,,,,,,,,
2784,Internal,589.5,1611.5,82781,45,35.0,10.5,4.0,1.0,230.0,3.0,10.5,30,0,0,0,0,0,0,0,0,0,0,0,0,0,0,0,0,0,0,0,0,,,,0,,,,,,,,,
2785,Internal,232.0,592.0,74766,46,13.5,20.5,27.0,6.0,8.0,1.0,0.0,58,0,0,0,0,0,0,0,0,0,0,0,0,0,0,0,0,0,0,0,0,,,,0,,,,,,,,,
2786,Internal,275.5,747.5,74766,46,13.5,20.5,4.0,6.0,3.5,0.0,0.0,58,0,0,0,0,0,0,0,0,0,0,0,0,0,0,0,0,0,0,0,0,,,,0,,,,,,,,,
2787,Internal,107.0,290.0,74766,46,13.5,20.5,0.0,21.0,15.0,0.0,3.0,58,0,0,0,0,0,0,0,0,0,0,0,0,0,0,0,0,0,0,0,0,,,,0,,,,,,,,,
2788,Internal,102.0,308.0,74766,46,13.5,20.5,1.0,59.0,12.0,0.0,0.0,40,0,0,0,0,0,0,0,0,0,0,0,0,0,0,0,0,0,0,0,0,,,,0,,,,,,,,,
2789,Internal,220.5,570.5,48839,46,27.6,5.4,48.0,37.0,2.0,0.0,6.0,58,0,0,0,0,0,0,0,0,0,0,0,0,0,0,0,0,0,0,0,0,,,,0,,,,,,,,,
2790,Internal,70.0,162.5,48839,46,27.6,5.4,4.0,14.0,0.0,0.0,0.0,30,0,0,0,0,0,0,0,0,0,0,0,0,0,0,0,0,0,0,0,0,,,,0,,,,,,,,,
2791,Internal,75.0,203.0,48839,46,27.6,5.4,99.0,19.0,2.0,3.0,0.0,58,0,0,0,0,0,0,0,0,0,0,0,0,0,0,0,0,0,0,0,0,,,,0,,,,,,,,,
2792,Internal,152.5,429.5,48839,46,27.6,5.4,2.0,8.0,5.0,0.0,0.0,58,0,0,0,0,0,0,0,0,0,0,0,0,0,0,0,0,0,0,0,0,,,,0,,,,,,,,,
2793,Internal,393.5,1107.5,81953,46,30.5,14.7,6.0,170.0,26.0,0.0,0.0,16,0,0,0,0,0,0,0,0,0,0,0,0,0,0,0,0,0,0,0,0,,,,0,,,,,,,,,
2794,Internal,201.5,543.5,81953,46,30.5,14.7,62.0,45.0,127.0,3.0,48.0,80,0,0,0,0,0,0,0,0,0,0,0,0,0,0,0,0,0,0,0,0,,,,0,,,,,,,,,
2795,Internal,416.0,1142.0,81953,46,30.5,14.7,2.0,30.5,154.5,3.0,32.0,12,0,0,0,0,0,0,0,0,0,0,0,0,0,0,0,0,0,0,0,0,,,,0,,,,,,,,,
2796,Internal,1161.5,3300.0,81953,46,30.5,14.7,4.0,96.0,11.0,0.0,3.0,25,0,0,0,0,0,0,0,0,0,0,0,0,778,0,0,0,0,0,0,0,,,,0,,,,,,,,,
2797,Internal,186.5,589.5,87059,46,26.1,18.2,0.0,5.0,339.5,0.0,3.0,58,0,0,0,0,0,0,0,0,0,0,0,0,0,0,0,0,0,0,0,0,,,,0,,,,,,,,,
2798,Internal,1031.0,2868.0,87059,46,26.1,18.2,50.0,44.5,431.5,0.0,1.0,58,0,0,0,0,0,0,0,0,0,0,0,0,0,0,0,0,0,0,0,0,,,,0,,,,,,,,,
2799,Internal,259.0,695.0,87059,46,26.1,18.2,28.0,1.0,32.0,0.0,0.0,53,0,0,0,0,0,0,0,0,0,0,0,0,0,0,0,0,0,0,0,0,,,,0,,,,,,,,,
2800,Internal,308.0,802.0,87059,46,26.1,18.2,8.0,19.0,11.0,0.0,0.0,58,0,0,0,0,0,0,0,0,0,0,0,0,0,0,0,0,0,0,0,0,,,,0,,,,,,,,,
2801,Internal,60.0,172.5,87059,46,26.1,18.2,11.0,102.0,243.5,104.0,69.0,31,0,0,0,0,0,0,0,0,0,0,0,0,818,0,0,0,0,0,0,0,,,,0,,,,,,,,,
2802,Internal,140.0,367.0,87059,46,26.1,18.2,0.0,6.0,6.0,0.0,0.0,58,0,0,0,0,0,0,0,0,0,0,0,0,0,0,0,0,0,0,0,0,,,,0,,,,,,,,,
2803,Internal,171.5,501.5,69435,41,31.8,18.3,1.0,9.0,53.5,1.0,87.0,38,0,0,0,0,0,0,0,0,0,0,0,0,0,0,0,0,0,0,0,0,,,,0,,,,,,,,,
2804,Internal,546.0,1390.5,69435,41,31.8,18.3,0.0,3.0,21.5,0.0,0.0,41,0,0,0,0,0,0,0,0,0,0,0,0,0,0,0,0,0,0,0,0,,,,0,,,,,,,,,
2805,Internal,374.5,983.5,40964,41,34.0,10.0,30.0,9.0,41.0,0.0,2.0,24,0,0,0,0,0,0,0,0,0,0,0,0,0,0,0,0,0,0,0,0,,,,0,,,,,,,,,
2806,Internal,667.5,1640.0,40964,41,34.0,10.0,12.5,6.0,264.0,5.0,64.0,20,0,0,0,0,0,0,0,0,0,0,0,0,0,0,0,0,0,0,0,0,,,,0,,,,,,,,,
2807,Internal,230.5,603.0,69435,41,31.8,18.3,0.0,645.0,260.5,0.0,166.0,37,0,0,0,0,0,0,0,0,0,0,0,0,0,0,0,0,0,0,0,0,,,,0,,,,,,,,,
2808,Internal,101.0,270.0,74918,41,22.8,23.2,8.0,19.0,50.0,6.0,0.0,44,0,0,0,0,0,0,0,0,0,0,0,0,0,0,0,0,0,0,0,0,,,,0,,,,,,,,,
2809,Internal,8.5,27.0,74918,41,22.8,23.2,0.0,2.0,82.0,0.0,434.0,8,0,0,0,0,0,0,0,0,0,0,0,0,0,0,0,0,0,0,0,0,,,,0,,,,,,,,,
2810,Internal,1151.0,3183.0,74918,41,22.8,23.2,27.5,19.0,146.5,0.0,0.0,13,0,0,0,0,0,0,0,0,0,0,0,0,0,0,0,0,0,0,0,0,,,,0,,,,,,,,,
2811,Internal,8.0,21.0,74918,41,22.8,23.2,515.5,123.0,20.5,4.0,453.0,35,0,0,0,0,0,0,0,0,0,0,0,0,1851,0,530,0,0,0,0,0,,,,0,,,,,,,,,
2812,Internal,132.5,373.0,52888,41,35.3,4.0,52.0,0.0,2.0,0.0,0.0,41,0,0,0,0,0,0,0,0,0,0,0,0,0,0,0,0,0,0,0,0,,,,0,,,,,,,,,
2813,Internal,992.0,2699.5,52888,41,35.3,4.0,870.5,44.0,305.5,30.0,23.0,77,0,0,0,0,0,0,0,0,0,0,0,0,0,0,0,0,0,0,0,0,,,,0,,,,,,,,,
2814,Internal,103.0,251.0,52888,41,35.3,4.0,195.0,21.0,84.0,27.0,18.0,21,0,0,0,0,0,0,0,0,0,0,0,0,0,0,0,0,0,0,0,0,,,,0,,,,,,,,,
2815,Internal,308.5,846.5,25543,41,22.7,12.6,34.5,10.0,15.0,4.0,2.0,41,0,0,0,0,0,0,0,0,0,0,0,0,0,0,0,0,0,0,0,0,,,,0,,,,,,,,,
2816,Internal,254.5,699.0,25543,41,22.7,12.6,0.0,6.0,8.0,0.0,0.0,41,0,0,0,0,0,0,0,0,0,0,0,0,0,0,0,0,0,0,0,0,,,,0,,,,,,,,,
2817,Internal,94.5,277.0,25543,41,22.7,12.6,2.5,19.0,80.5,13.0,98.0,32,0,0,0,0,0,0,0,0,0,0,0,0,0,0,0,0,0,0,0,0,,,,0,,,,,,,,,
2818,Internal,206.5,601.5,25543,41,22.7,12.6,22.0,4.0,30.0,0.0,3.0,41,0,0,0,0,0,0,0,0,0,0,0,0,0,0,0,0,0,0,0,0,,,,0,,,,,,,,,
2819,Internal,60.0,144.5,25543,41,22.7,12.6,288.0,51.0,18.5,8.0,16.0,19,0,0,0,0,0,0,0,0,0,0,0,0,144,0,0,0,0,0,0,0,,,,0,,,,,,,,,
2820,Internal,394.0,1114.0,66111,48,19.4,10.5,8.0,40.0,33.0,0.0,2.0,38,0,0,0,0,0,0,0,0,0,0,0,0,0,0,0,0,0,0,0,0,,,,0,,,,,,,,,
2821,Internal,38.5,114.5,47521,42,12.6,13.5,795.0,4.0,62.5,0.0,0.0,81,0,0,0,0,0,0,0,0,0,0,0,0,0,0,0,0,0,0,0,0,,,,0,,,,,,,,,
2822,Internal,523.5,1373.0,85288,48,19.2,17.2,46.5,120.0,313.5,93.0,0.5,24,0,0,0,0,0,0,0,0,0,0,0,0,0,0,0,0,0,0,0,0,,,,0,,,,,,,,,
2823,Internal,450.5,1272.0,85288,48,19.2,17.2,37.5,45.0,12.0,0.0,2.0,42,0,0,0,0,0,0,0,0,0,0,0,0,0,0,0,0,0,0,0,0,,,,0,,,,,,,,,
2824,Internal,64.5,153.0,66111,48,19.4,10.5,2.0,6.0,3.0,0.0,2.0,38,0,0,0,0,0,0,0,0,0,0,0,0,0,0,0,0,0,0,0,0,,,,0,,,,,,,,,
2825,Internal,55.0,194.0,47521,42,12.6,13.5,12.5,88.0,370.5,0.0,0.0,72,0,0,0,0,0,0,0,0,0,0,0,0,0,0,0,0,0,0,0,0,,,,0,,,,,,,,,
2826,Internal,589.5,1664.5,47521,42,12.6,13.5,171.5,15.5,244.0,189.0,28.0,38,0,0,0,0,0,0,0,0,0,0,0,0,5,0,0,0,0,0,0,0,,,,0,,,,,,,,,
2827,Internal,127.0,344.5,66111,48,19.4,10.5,11.0,6.0,13.0,0.0,6.0,22,0,0,0,0,0,0,0,0,0,0,0,0,0,0,0,0,0,0,0,0,,,,0,,,,,,,,,
2828,Internal,144.5,320.0,66111,48,19.4,10.5,203.0,100.0,230.0,11.0,5.0,47,0,0,0,0,0,0,0,0,0,0,0,0,1914,0,0,0,0,0,0,0,,,,0,,,,,,,,,
2829,Internal,306.5,1004.0,50625,48,27.1,12.2,2.0,15.0,1.0,0.0,9.0,38,0,0,0,0,0,0,0,0,0,0,0,0,0,0,0,0,0,0,0,0,,,,0,,,,,,,,,
2830,Internal,214.0,550.0,58281,42,37.6,9.9,12.0,5.0,21.5,29.0,0.0,51,0,0,0,0,0,0,0,0,0,0,0,0,0,0,0,0,0,0,0,0,,,,0,,,,,,,,,
2831,Internal,173.5,597.0,58281,42,37.6,9.9,445.5,33.0,60.5,4.0,35.0,78,0,0,0,0,0,0,0,0,0,0,0,0,0,0,0,0,0,0,0,0,,,,0,,,,,,,,,
2832,Internal,108.0,316.0,58281,42,37.6,9.9,0.0,0.0,2.0,0.0,0.0,51,0,0,0,0,0,0,0,0,0,0,0,0,0,0,0,0,0,0,0,0,,,,0,,,,,,,,,
2833,Internal,75.0,203.0,50625,48,27.1,12.2,0.0,20.0,0.0,0.0,0.0,38,0,0,0,0,0,0,0,0,0,0,0,0,0,0,0,0,0,0,0,0,,,,0,,,,,,,,,
2834,Internal,855.5,1982.5,47521,42,12.6,13.5,621.5,223.5,137.5,5.0,35.0,32,0,0,0,0,0,0,0,0,0,0,0,0,3326,0,0,0,0,0,0,0,,,,0,,,,,,,,,
2835,Internal,627.5,1715.0,47521,42,12.6,13.5,203.0,296.0,45.0,221.0,70.0,35,0,0,0,0,0,0,0,0,0,0,0,0,674,0,0,0,0,0,0,0,,,,0,,,,,,,,,
2836,Internal,219.5,576.5,47521,42,12.6,13.5,31.5,14.0,91.0,0.0,3.0,19,0,0,0,0,0,0,0,0,0,0,0,0,0,0,0,0,0,0,0,0,,,,0,,,,,,,,,
2837,Internal,232.5,312.0,47521,42,12.6,13.5,3.0,6.0,96.0,46.0,173.0,27,0,0,0,0,0,0,0,0,0,0,0,0,0,0,0,0,0,0,0,0,,,,0,,,,,,,,,
2838,Internal,39.5,113.0,54234,42,34.2,12.5,11.5,44.0,128.0,23.0,22.0,56,0,0,0,0,0,0,0,0,0,0,0,0,0,0,0,0,0,0,0,0,,,,0,,,,,,,,,
2839,Internal,78.5,176.5,54234,42,34.2,12.5,43.5,28.0,23.0,0.0,2.0,47,0,0,0,0,0,0,0,0,0,0,0,0,0,0,0,0,0,0,0,0,,,,0,,,,,,,,,
2840,Internal,318.5,902.0,54234,42,34.2,12.5,65.0,22.0,65.0,29.0,19.0,27,0,0,0,0,0,0,0,0,0,0,0,0,0,0,0,0,0,0,0,0,,,,0,,,,,,,,,
2841,Internal,657.0,1836.5,54234,42,34.2,12.5,0.5,7.0,27.0,2.0,3.0,18,0,0,0,0,0,0,0,0,0,0,0,0,0,0,0,0,0,0,0,0,,,,0,,,,,,,,,
2842,Internal,446.5,1224.0,54234,42,34.2,12.5,0.0,2.0,21.0,0.0,3.0,51,0,0,0,0,0,0,0,0,0,0,0,0,0,0,0,0,0,0,0,0,,,,0,,,,,,,,,
2843,Internal,158.5,442.5,54234,42,34.2,12.5,123.0,11.0,20.5,0.0,9.0,31,0,0,0,0,0,0,0,0,0,0,0,0,0,0,0,0,0,0,0,0,,,,0,,,,,,,,,
2844,Internal,385.5,1121.5,54234,42,34.2,12.5,2.0,126.0,30.5,11.5,2.0,51,0,0,0,0,0,0,0,0,0,0,0,0,813,0,0,0,0,0,0,0,,,,0,,,,,,,,,
2845,Internal,165.5,387.0,74918,41,22.8,23.2,16.0,120.0,8.5,3.0,23.0,41,0,0,0,0,0,0,0,0,0,0,0,0,996,0,0,0,0,0,0,0,,,,0,,,,,,,,,
2846,Internal,945.0,2532.0,60875,50,36.8,15.3,2.0,23.0,0.0,0.0,3.0,28,0,0,0,0,0,0,0,0,0,0,0,0,0,0,0,0,0,0,0,0,,,,0,,,,,,,,,
2847,Internal,507.5,1416.5,60875,50,36.8,15.3,67.5,28.0,111.5,17.0,27.0,26,0,0,0,0,0,0,0,0,0,0,0,0,0,0,0,0,0,0,0,0,,,,0,,,,,,,,,
2848,Internal,139.5,399.5,60875,50,36.8,15.3,3.5,5.0,2.0,0.0,0.0,28,0,0,0,0,0,0,0,0,0,0,0,0,0,0,0,0,0,0,0,0,,,,0,,,,,,,,,
2849,Internal,197.0,546.5,54321,50,28.1,14.0,0.0,11.0,0.0,0.0,0.0,28,0,0,0,0,0,0,0,0,0,0,0,0,0,0,0,0,0,0,0,0,,,,0,,,,,,,,,
2850,Internal,925.0,2554.0,54321,50,28.1,14.0,0.0,7.0,98.0,0.0,7.5,28,0,0,0,0,0,0,0,0,0,0,0,0,0,0,0,0,0,0,0,0,,,,0,,,,,,,,,
2851,Internal,140.5,288.5,54321,50,28.1,14.0,0.0,21.0,18.0,0.0,16.0,64,0,0,0,0,0,0,0,0,0,0,0,0,0,0,0,0,0,0,0,0,,,,0,,,,,,,,,
2852,Internal,404.0,1135.0,54321,50,28.1,14.0,43.0,2.0,55.0,0.0,0.0,28,0,0,0,0,0,0,0,0,0,0,0,0,0,0,0,0,0,0,0,0,,,,0,,,,,,,,,
2853,Internal,364.5,934.0,54321,50,28.1,14.0,0.0,7.0,3.0,3.0,0.0,28,0,0,0,0,0,0,0,0,0,0,0,0,0,0,0,0,0,0,0,0,,,,0,,,,,,,,,
2854,Internal,135.5,329.0,54321,50,28.1,14.0,24.0,37.5,131.5,12.0,89.0,20,0,0,0,0,0,0,0,0,0,0,0,0,0,0,0,0,0,0,0,0,,,,0,,,,,,,,,
2855,Internal,836.5,1963.5,94281,50,23.4,8.1,8.0,66.0,56.0,0.0,73.0,43,0,0,0,0,0,0,0,0,0,0,0,0,971,0,0,0,0,0,0,0,,,,0,,,,,,,,,
2856,Internal,502.0,1330.5,94281,50,23.4,8.1,2.0,51.0,4.5,0.0,18.5,28,0,0,0,0,0,0,0,0,0,0,0,0,0,0,0,0,0,0,0,0,,,,0,,,,,,,,,
2857,Internal,358.0,972.5,94281,50,23.4,8.1,12.0,23.0,15.0,0.0,4.0,28,0,0,0,0,0,0,0,0,0,0,0,0,0,0,0,0,0,0,0,0,,,,0,,,,,,,,,
2858,Internal,228.0,649.0,41092,37,28.2,10.7,6.0,5.0,1.0,0.0,0.0,25,0,0,0,0,0,0,0,0,0,0,0,0,0,0,0,0,0,0,0,0,,,,0,,,,,,,,,
2859,Internal,328.5,920.0,41092,37,28.2,10.7,0.0,13.0,4.0,0.0,0.0,25,0,0,0,0,0,0,0,0,0,0,0,0,0,0,0,0,0,0,0,0,,,,0,,,,,,,,,
2860,Internal,631.5,1744.0,41092,37,28.2,10.7,32.0,3.0,8.0,1.0,4.0,25,0,0,0,0,0,0,0,0,0,0,0,0,0,0,0,0,0,0,0,0,,,,0,,,,,,,,,
2861,Internal,245.0,743.0,41092,37,28.2,10.7,0.0,13.0,14.0,0.0,8.0,23,0,0,0,0,0,0,0,0,0,0,0,0,0,0,0,0,0,0,0,0,,,,0,,,,,,,,,
2862,Internal,143.5,359.5,41092,37,28.2,10.7,0.0,1.0,0.0,0.0,107.0,25,0,0,0,0,0,0,0,0,0,0,0,0,0,0,0,0,0,0,0,0,,,,0,,,,,,,,,
2863,Internal,321.0,884.5,46649,39,25.7,9.8,0.0,106.0,5.0,1.0,0.0,23,0,0,0,0,0,0,0,0,0,0,0,0,0,0,0,0,0,0,0,0,,,,0,,,,,,,,,
2864,Internal,405.5,1036.0,46649,39,25.7,9.8,6.5,30.0,21.0,6.0,43.0,9,0,0,0,0,0,0,0,0,0,0,0,0,0,0,0,0,0,0,0,0,,,,0,,,,,,,,,
2865,Internal,49.0,141.0,37778,43,8.2,11.2,4.0,0.0,1.0,0.0,0.0,32,0,0,0,0,0,0,0,0,0,0,0,0,0,0,0,0,0,0,0,0,,,,0,,,,,,,,,
2866,Internal,378.0,854.0,46649,39,25.7,9.8,20.0,123.0,51.0,48.0,366.0,25,0,0,0,0,0,0,0,0,0,0,0,0,1014,0,0,0,0,0,0,0,,,,0,,,,,,,,,
2867,Internal,498.5,1368.5,36705,39,22.4,21.6,8.0,29.0,11.0,50.5,3.0,26,0,0,0,0,0,0,0,0,0,0,0,0,531,0,0,0,0,0,0,0,,,,0,,,,,,,,,
2868,Internal,434.5,1172.0,36705,39,22.4,21.6,4.0,5.0,7.0,0.0,0.0,23,0,0,0,0,0,0,0,0,0,0,0,0,0,0,0,0,0,0,0,0,,,,0,,,,,,,,,
2869,Internal,270.0,703.5,36705,39,22.4,21.6,0.0,1.0,12.0,0.0,1.0,23,0,0,0,0,0,0,0,0,0,0,0,0,0,0,0,0,0,0,0,0,,,,0,,,,,,,,,
2870,Internal,266.5,678.5,37917,37,30.8,11.9,38.0,119.0,10.0,23.5,8.0,25,0,0,0,0,0,0,0,0,0,0,0,0,928,0,0,0,0,0,0,0,,,,0,,,,,,,,,
2871,Internal,88.5,202.0,37917,37,30.8,11.9,2.0,15.0,0.0,0.0,0.0,25,0,0,0,0,0,0,0,0,0,0,0,0,0,0,0,0,0,0,0,0,,,,0,,,,,,,,,
2872,Internal,144.0,384.0,57784,37,15.3,15.1,10.0,18.0,2.0,0.0,0.0,25,0,0,0,0,0,0,0,0,0,0,0,0,0,0,0,0,0,0,0,0,,,,0,,,,,,,,,
2873,Internal,283.0,720.0,37917,37,30.8,11.9,45.0,5.0,39.0,2.5,3.0,25,0,0,0,0,0,0,0,0,0,0,0,0,0,0,0,0,0,0,0,0,,,,0,,,,,,,,,
2874,Internal,169.5,434.0,37917,37,30.8,11.9,0.0,0.0,0.5,2.0,1.0,25,0,0,0,0,0,0,0,0,0,0,0,0,0,0,0,0,0,0,0,0,,,,0,,,,,,,,,
2875,Internal,150.0,410.0,37917,37,30.8,11.9,0.0,41.0,48.0,29.0,33.0,13,0,0,0,0,0,0,0,0,0,0,0,0,0,0,0,0,0,0,0,0,,,,0,,,,,,,,,
2876,Internal,363.0,1026.0,57784,37,15.3,15.1,13.0,63.0,31.0,0.0,0.0,35,0,0,0,0,0,0,0,0,0,0,0,0,0,0,0,0,0,0,0,0,,,,0,,,,,,,,,
2877,Internal,62.0,149.5,57784,37,15.3,15.1,0.0,0.0,1.0,0.0,0.0,25,0,0,0,0,0,0,0,0,0,0,0,0,0,0,0,0,0,0,0,0,,,,0,,,,,,,,,
2878,Internal,1090.5,2840.5,49537,43,22.4,18.4,34.0,31.5,264.0,64.0,151.0,34,0,0,0,0,0,0,0,0,0,0,0,0,0,0,0,0,0,0,0,0,,,,0,,,,,,,,,
2879,Internal,799.5,2121.5,49200,39,25.9,13.8,32.0,7.0,22.0,0.0,1.0,28,0,0,0,0,0,0,0,0,0,0,0,0,0,0,0,0,0,0,0,0,,,,0,,,,,,,,,
2880,Internal,1986.0,5506.0,49200,39,25.9,13.8,84.0,0.0,547.0,0.0,31.0,30,0,0,0,0,0,0,0,0,0,0,0,0,0,0,0,0,0,0,0,0,,,,0,,,,,,,,,
2881,Internal,191.0,417.0,37778,43,8.2,11.2,0.0,0.0,1.0,17.0,0.0,32,0,0,0,0,0,0,0,0,0,0,0,0,0,0,0,0,0,0,0,0,,,,0,,,,,,,,,
2882,Internal,353.0,793.0,37778,43,8.2,11.2,0.0,5.0,51.0,0.0,27.0,0,0,0,0,0,0,0,0,0,0,0,0,0,0,0,0,0,0,0,0,0,,,,0,,,,,,,,,
2883,Internal,147.0,352.0,49200,39,25.9,13.8,24.0,4.0,10.0,0.0,0.0,30,0,0,0,0,0,0,0,0,0,0,0,0,0,0,0,0,0,0,0,0,,,,0,,,,,,,,,
2884,Internal,144.0,341.5,49200,39,25.9,13.8,2.0,5.0,0.0,1.0,0.0,30,0,0,0,0,0,0,0,0,0,0,0,0,0,0,0,0,0,0,0,0,,,,0,,,,,,,,,
2885,Internal,408.5,935.5,37778,43,8.2,11.2,0.0,41.0,34.0,41.0,6.0,24,0,0,0,0,0,0,0,0,0,0,0,0,385,0,0,0,0,0,0,0,,,,0,,,,,,,,,
2886,Internal,364.5,707.5,37778,43,8.2,11.2,2.0,41.0,34.0,1202.0,125.0,18,0,0,0,0,0,0,0,0,0,0,0,0,0,4570,0,0,0,0,0,0,,,,0,,,,,,,,,
2887,Internal,2180.0,5823.0,35625,37,23.5,26.6,22.0,469.0,1022.0,227.5,549.5,11,0,0,0,0,0,0,0,0,0,0,0,0,0,0,0,0,0,0,0,0,,,,0,,,,,,,,,
2888,Internal,973.0,2708.5,67656,37,26.0,9.8,12.5,4.5,27.5,29.5,18.0,25,0,0,0,0,0,0,0,0,0,0,0,0,0,0,0,0,0,0,0,0,,,,0,,,,,,,,,
2889,Internal,315.5,833.5,47109,38,26.7,13.3,13.0,42.0,44.0,4.5,8.5,36,0,0,0,0,0,0,0,0,0,0,0,0,0,0,0,0,0,0,0,0,,,,0,,,,,,,,,
2890,Internal,496.0,1236.5,35625,37,23.5,26.6,18.0,97.5,167.0,47.0,246.0,23,0,0,0,0,0,0,0,0,0,0,0,0,0,0,0,0,0,0,0,0,,,,0,,,,,,,,,
2891,Internal,139.0,399.5,47109,38,26.7,13.3,0.0,245.0,1.0,0.0,0.0,45,0,0,0,0,0,0,0,0,0,0,0,0,3712,0,0,0,0,0,0,0,,,,0,,,,,,,,,
2892,Internal,94.0,276.5,67656,37,26.0,9.8,107.0,7.0,113.0,28.0,82.5,31,0,0,0,0,0,0,0,0,0,0,0,0,0,0,0,0,0,0,0,0,,,,0,,,,,,,,,
2893,Internal,788.0,2057.5,47109,38,26.7,13.3,7.0,144.5,116.0,147.5,104.0,6,0,0,0,0,0,0,0,0,0,0,0,0,0,0,0,0,0,0,0,0,,,,0,,,,,,,,,
2894,Internal,993.0,2519.5,47093,46,26.3,11.5,71.0,395.0,276.0,41.5,66.0,42,0,0,0,0,0,0,0,0,0,0,0,0,0,0,0,0,0,0,0,0,,,,0,,,,,,,,,
2895,Internal,618.5,1705.0,47093,46,26.3,11.5,2.0,1.0,59.0,0.0,2.0,21,0,0,0,0,0,0,0,0,0,0,0,0,0,0,0,0,0,0,0,0,,,,0,,,,,,,,,
2896,Internal,304.5,815.0,47109,38,26.7,13.3,65.0,14.0,9.0,0.0,4.0,40,0,0,0,0,0,0,0,0,0,0,0,0,0,0,0,0,0,0,0,0,,,,0,,,,,,,,,
2897,Internal,588.5,1362.0,45682,36,26.9,13.3,8.0,15.0,4.0,0.0,5.5,20,0,0,0,0,0,0,0,0,0,0,0,0,0,0,0,0,0,0,0,0,,,,0,,,,,,,,,
2898,Internal,122.5,352.0,45682,36,26.9,13.3,64.0,5.0,9.0,2.0,35.0,28,0,0,0,0,0,0,0,0,0,0,0,0,0,0,0,0,0,0,0,0,,,,0,,,,,,,,,
2899,Internal,361.5,982.0,45682,36,26.9,13.3,10.0,66.0,64.0,50.5,51.0,28,0,0,0,0,0,0,0,0,0,0,0,0,597,0,0,0,0,0,0,0,,,,0,,,,,,,,,
2900,Internal,483.0,1265.0,47093,46,26.3,11.5,52.0,154.5,170.5,22.5,77.0,16,0,0,0,0,0,0,0,0,0,0,0,0,0,0,0,0,0,0,0,0,,,,0,,,,,,,,,
2901,Internal,136.0,323.0,45682,36,26.9,13.3,65.0,0.0,26.0,0.0,2.0,9,0,0,0,0,0,0,0,0,0,0,0,0,0,0,0,0,0,0,0,0,,,,0,,,,,,,,,
2902,Internal,146.0,440.0,45682,36,26.9,13.3,1.0,2.0,3.0,0.0,4.0,23,0,0,0,0,0,0,0,0,0,0,0,0,0,0,0,0,0,0,0,0,,,,0,,,,,,,,,
2903,Internal,137.0,396.0,66776,47,20.0,14.3,4.0,18.0,8.0,0.0,0.0,26,0,0,0,0,0,0,0,0,0,0,0,0,0,0,0,0,0,0,0,0,,,,0,,,,,,,,,
2904,Internal,694.0,1690.5,66776,47,20.0,14.3,47.0,89.0,15.5,0.0,24.0,31,0,0,0,0,0,0,0,0,0,0,0,0,0,0,0,0,0,0,0,0,,,,0,,,,,,,,,
2905,Internal,219.0,619.0,66776,47,20.0,14.3,1.0,13.0,4.0,2.0,0.0,26,0,0,0,0,0,0,0,0,0,0,0,0,0,0,0,0,0,0,0,0,,,,0,,,,,,,,,
2906,Internal,954.5,2676.5,74172,48,20.7,13.3,84.0,16.0,60.0,0.0,24.0,42,0,0,0,0,0,0,0,0,0,0,0,0,0,0,0,0,0,0,0,0,,,,0,,,,,,,,,
2907,Internal,280.5,727.0,74172,48,20.7,13.3,49.0,24.0,95.0,33.0,0.0,34,0,0,0,0,0,0,0,0,0,0,0,0,276,0,0,0,0,0,0,0,,,,0,,,,,,,,,
2908,Internal,1804.5,4945.0,74172,48,20.7,13.3,24.0,46.0,186.0,10.5,10.0,38,0,0,0,0,0,0,0,0,0,0,0,0,1280,0,0,0,0,0,0,0,,,,0,,,,,,,,,
2909,Internal,698.5,1876.0,74172,48,20.7,13.3,5.0,16.0,22.0,0.0,0.0,33,0,0,0,0,0,0,0,0,0,0,0,0,0,0,0,0,0,0,0,0,,,,0,,,,,,,,,
2910,Internal,190.5,510.5,66354,47,34.5,17.1,125.0,13.0,12.0,0.0,10.0,26,0,0,0,0,0,0,0,0,0,0,0,0,0,0,0,0,0,0,0,0,,,,0,,,,,,,,,
2911,Internal,158.0,406.0,66354,47,34.5,17.1,27.0,9.0,5.0,0.0,0.0,26,0,0,0,0,0,0,0,0,0,0,0,0,0,0,0,0,0,0,0,0,,,,0,,,,,,,,,
2912,Internal,414.5,1055.0,66406,48,30.6,8.0,2.0,20.0,22.0,5.0,3.0,33,0,0,0,0,0,0,0,0,0,0,0,0,0,0,0,0,0,0,0,0,,,,0,,,,,,,,,
2913,Internal,420.0,1170.0,66406,48,30.6,8.0,0.0,24.0,4.0,0.0,2.0,10,0,0,0,0,0,0,0,0,0,0,0,0,0,0,0,0,0,0,0,0,,,,0,,,,,,,,,
2914,Internal,1128.0,3117.5,66406,48,30.6,8.0,5.0,90.0,42.0,8.0,0.0,9,0,0,0,0,0,0,0,0,0,0,0,0,0,0,0,0,0,0,0,0,,,,0,,,,,,,,,
2915,Internal,40.5,101.0,57784,37,15.3,15.1,112.0,1.0,0.0,0.0,0.0,25,0,0,0,0,0,0,0,0,0,0,0,0,0,0,0,0,0,0,0,0,,,,0,,,,,,,,,
2916,Internal,228.5,584.5,49013,42,14.1,27.9,202.0,45.0,12.0,0.0,0.0,26,0,0,0,0,0,0,0,0,0,0,0,0,201,0,0,0,0,0,0,0,,,,0,,,,,,,,,
2917,Internal,210.0,507.5,49013,42,14.1,27.9,4.0,3.0,11.0,0.0,3.0,23,0,0,0,0,0,0,0,0,0,0,0,0,0,0,0,0,0,0,0,0,,,,0,,,,,,,,,
2918,Internal,402.0,1081.5,49031,42,27.2,13.3,2.0,11.0,18.0,0.0,0.0,23,0,0,0,0,0,0,0,0,0,0,0,0,0,0,0,0,0,0,0,0,,,,0,,,,,,,,,
2919,Internal,213.0,487.5,49031,42,27.2,13.3,9.0,106.5,14.5,0.0,1.0,30,0,0,0,0,0,0,0,0,0,0,0,0,0,0,0,0,0,0,0,0,,,,0,,,,,,,,,
2920,Internal,392.0,1003.0,55694,42,25.8,18.4,28.0,15.0,6.0,0.0,5.0,15,0,0,0,0,0,0,0,0,0,0,0,0,0,0,0,0,0,0,0,0,,,,0,,,,,,,,,
2921,Internal,243.0,561.5,43080,46,9.4,17.6,89.0,1.0,7.0,0.0,11.0,38,0,0,0,0,0,0,0,0,0,0,0,0,0,0,0,0,0,0,0,0,,,,0,,,,,,,,,
2922,Internal,174.5,428.5,43080,46,9.4,17.6,251.0,3.0,6.5,0.0,0.0,66,0,0,0,0,0,0,0,0,0,0,0,0,0,0,0,0,0,0,0,0,,,,0,,,,,,,,,
2923,Internal,570.5,1277.5,81736,46,20.4,21.6,8.0,20.5,135.0,9.0,2.0,27,0,0,0,0,0,0,0,0,0,0,0,0,446,0,0,0,0,0,0,0,,,,0,,,,,,,,,
2924,Internal,216.0,448.5,26929,37,11.9,13.6,72.0,85.5,381.5,199.5,412.0,22,0,0,0,0,0,0,0,0,0,0,0,0,0,0,0,0,0,0,0,0,,,,0,,,,,,,,,
2925,Internal,421.5,927.0,26929,37,11.9,13.6,4.0,17.0,101.0,14.0,225.0,27,0,0,0,0,0,0,0,0,0,0,0,0,0,0,0,0,0,0,0,0,,,,0,,,,,,,,,
2926,Internal,647.0,1540.5,26471,37,44.5,7.5,24.0,28.5,64.0,0.0,30.0,60,0,0,0,0,0,0,0,0,0,0,0,0,211,0,0,0,0,0,0,0,,,,0,,,,,,,,,
2927,Internal,251.5,553.0,17647,37,12.5,42.8,0.0,14.0,7.0,0.0,0.0,30,0,0,0,0,0,0,0,0,0,0,0,0,0,0,0,0,0,0,0,0,,,,0,,,,,,,,,
2928,Internal,493.5,1042.0,28611,37,5.9,20.4,16.0,97.5,243.0,7.0,129.5,30,0,0,0,0,0,0,0,0,0,0,0,0,1154,0,0,0,0,0,0,0,,,,0,,,,,,,,,
2929,Internal,283.0,698.5,27500,37,12.1,22.6,3.0,6.0,542.0,14.0,0.0,42,0,0,0,0,0,0,0,0,0,0,0,0,637,0,0,0,0,0,0,0,,,,0,,,,,,,,,
2930,Internal,213.5,511.0,27500,37,12.1,22.6,117.0,0.0,0.0,7.0,0.0,29,0,0,0,0,0,0,0,0,0,0,0,0,0,0,0,0,0,0,0,0,,,,0,,,,,,,,,
2931,Internal,306.5,799.5,27500,37,12.1,22.6,339.0,501.0,615.0,305.0,196.0,84,0,0,0,0,0,0,0,0,0,0,0,0,0,0,0,0,0,0,0,0,,,,0,,,,,,,,,
2932,Internal,424.5,887.5,32231,40,29.2,12.5,11.0,44.5,22.5,0.0,18.5,25,0,0,0,0,0,0,0,0,0,0,0,0,706,0,0,0,0,0,0,0,,,,0,,,,,,,,,
2933,Internal,152.0,345.0,33705,40,28.2,23.3,3.0,26.0,356.0,88.5,42.5,28,0,0,0,0,0,0,0,0,0,0,0,0,0,0,0,0,0,0,0,0,,,,0,,,,,,,,,
2934,Internal,187.5,475.5,33705,40,28.2,23.3,0.0,5.0,26.0,6.0,3.5,61,0,0,0,0,0,0,0,0,0,0,0,0,0,0,0,0,0,0,0,0,,,,0,,,,,,,,,
2935,Internal,331.0,747.0,45163,40,19.1,26.1,42.0,30.0,171.0,80.0,0.0,32,0,0,0,0,0,0,0,0,0,0,0,0,48,0,0,0,0,0,0,0,,,,0,,,,,,,,,
2936,Internal,299.5,667.0,45163,40,19.1,26.1,50.0,41.5,87.0,12.5,80.0,18,0,0,0,0,0,0,0,0,0,0,0,0,44,0,0,0,0,0,0,0,,,,0,,,,,,,,,
2937,Internal,190.5,394.0,54583,47,9.8,13.8,25.0,0.0,2.0,0.0,13.0,47,0,0,0,0,0,0,0,0,0,0,0,0,0,0,0,0,0,0,0,0,,,,0,,,,,,,,,
2938,Internal,45.0,129.0,54583,47,9.8,13.8,0.0,8.0,2.0,0.0,0.0,47,0,0,0,0,0,0,0,0,0,0,0,0,0,0,0,0,0,0,0,0,,,,0,,,,,,,,,
2939,Internal,165.5,377.0,54583,47,9.8,13.8,14.0,29.0,2.0,0.0,0.0,47,0,0,0,0,0,0,0,0,0,0,0,0,0,0,0,0,0,0,0,0,,,,0,,,,,,,,,
2940,Internal,341.5,825.0,54583,47,9.8,13.8,57.0,2.0,7.0,0.0,0.0,47,0,0,0,0,0,0,0,0,0,0,0,0,0,0,0,0,0,0,0,0,,,,0,,,,,,,,,
2941,Internal,690.0,1659.5,55703,47,10.8,22.5,27.0,66.0,96.0,25.5,17.0,32,0,0,0,0,0,0,0,0,0,0,0,0,0,0,0,0,0,0,0,0,,,,0,,,,,,,,,
2942,Internal,455.5,1124.0,59302,47,30.7,12.1,0.0,27.0,4.0,0.0,3.0,47,0,0,0,0,0,0,0,0,0,0,0,0,0,0,0,0,0,0,0,0,,,,0,,,,,,,,,
2943,Internal,506.5,1327.0,59302,47,30.7,12.1,232.0,97.0,44.0,7.0,30.5,55,0,0,0,0,0,0,0,0,0,0,0,0,581,0,0,0,0,0,0,0,,,,0,,,,,,,,,
2944,Internal,802.0,1991.5,51701,47,27.3,20.2,28.0,14.0,49.5,5.0,27.5,27,0,0,0,0,0,0,0,0,0,0,0,0,0,0,0,0,0,0,0,0,,,,0,,,,,,,,,
2945,Internal,323.0,761.5,51701,47,27.3,20.2,76.0,67.5,94.5,5.0,138.0,35,0,0,0,0,0,0,0,0,0,0,0,0,0,0,0,0,0,0,0,0,,,,0,,,,,,,,,
2946,Internal,467.0,1062.0,36377,43,28.7,12.7,0.0,90.5,22.5,0.0,3.5,8,0,0,0,0,0,0,0,0,0,0,0,0,459,0,0,0,0,0,0,0,,,,0,,,,,,,,,
2947,Internal,280.5,669.5,36377,43,28.7,12.7,20.0,3.0,10.0,0.0,1.0,63,0,0,0,0,0,0,0,0,0,0,0,0,0,0,0,0,0,0,0,0,,,,0,,,,,,,,,
2948,Internal,278.5,597.5,36377,43,28.7,12.7,353.0,13.5,72.0,7.0,115.0,33,0,0,0,0,0,0,0,0,0,0,0,0,0,0,0,0,0,0,0,0,,,,0,,,,,,,,,
2949,Internal,122.0,286.0,33705,40,28.2,23.3,3.0,6.0,12.5,48.5,5.0,17,0,0,0,0,0,0,0,0,0,0,0,0,0,0,0,0,0,0,0,0,,,,0,,,,,,,,,
2950,Internal,27.5,101.5,36377,43,28.7,12.7,0.0,65.5,75.0,0.0,635.0,18,0,0,0,0,0,0,0,0,0,0,0,0,295,0,0,0,0,0,0,0,,,,0,,,,,,,,,
2951,Internal,992.5,2556.5,64387,48,18.7,12.9,11.0,18.0,76.5,5.0,31.0,25,0,0,0,0,0,0,0,0,0,0,0,0,0,0,0,0,0,0,0,0,,,,0,,,,,,,,,
2952,Internal,349.0,823.5,67500,43,23.0,18.0,5.0,17.0,226.5,13.0,127.5,21,0,0,0,0,0,0,0,0,0,0,0,0,0,0,0,0,0,0,0,0,,,,0,,,,,,,,,
2953,Internal,356.0,853.5,64387,48,18.7,12.9,1.0,425.5,57.5,14.0,22.0,6,0,0,0,0,0,0,0,0,0,0,0,0,0,0,0,0,0,0,0,0,,,,0,,,,,,,,,
2954,Internal,89.5,271.5,67500,43,23.0,18.0,0.0,2.0,0.0,0.0,11.0,22,0,0,0,0,0,0,0,0,0,0,0,0,0,0,0,0,0,0,0,0,,,,0,,,,,,,,,
2955,Internal,307.0,731.0,49922,48,19.2,21.1,21.0,13.0,6.0,7.0,16.0,19,0,0,0,0,0,0,0,0,0,0,0,0,0,0,0,0,0,0,0,0,,,,0,,,,,,,,,
2956,Internal,297.0,727.0,49922,48,19.2,21.1,18.0,31.0,5.0,6.0,0.0,28,0,0,0,0,0,0,0,0,0,0,0,0,234,0,0,0,0,0,0,0,,,,0,,,,,,,,,
2957,Internal,629.5,1538.0,45508,43,28.5,19.6,8.0,39.0,52.0,9.5,16.0,17,0,0,0,0,0,0,0,0,0,0,0,0,0,0,0,0,0,0,0,0,,,,0,,,,,,,,,
2958,Internal,337.0,817.0,81705,43,7.2,34.4,47.0,15.0,9.0,0.0,20.0,12,0,0,0,0,0,0,0,0,0,0,0,0,0,0,0,0,0,0,0,0,,,,0,,,,,,,,,
2959,Internal,318.0,779.0,57012,43,22.4,11.0,21.0,72.0,54.0,8.0,160.0,43,0,0,0,0,0,0,0,0,0,0,0,0,548,0,0,0,0,0,0,0,,,,0,,,,,,,,,
2960,Internal,776.0,1876.0,41399,45,29.5,11.2,21.0,343.0,167.0,70.0,561.0,6,0,0,0,0,0,0,0,0,0,0,0,0,1913,0,0,0,0,0,0,0,,,,0,,,,,,,,,
2961,Internal,402.0,971.0,53906,54,28.8,10.3,4.0,0.0,46.0,0.0,2.0,17,0,0,0,0,0,0,0,0,0,0,0,0,0,0,0,0,0,0,0,0,,,,0,,,,,,,,,
2962,Internal,36.0,87.0,58266,44,25.5,11.5,51.0,16.0,32.0,0.0,29.0,41,0,0,0,0,0,0,0,0,0,0,0,0,0,0,0,0,0,0,0,0,,,,0,,,,,,,,,
2963,Internal,173.0,419.0,41399,45,29.5,11.2,16.0,49.0,4.0,11.0,338.0,16,0,0,0,0,0,0,0,0,0,0,0,0,0,0,0,0,0,0,0,0,,,,0,,,,,,,,,
2964,Internal,447.0,1149.0,41008,46,18.6,24.0,117.0,49.0,84.0,5.0,106.0,27,0,0,0,0,0,0,0,0,0,0,0,0,0,0,0,0,0,0,0,0,,,,0,,,,,,,,,
2965,Internal,309.0,750.0,61042,49,27.5,8.9,14.0,41.0,13.0,0.0,17.0,37,0,0,0,0,0,0,0,0,0,0,0,0,0,0,0,0,0,0,0,0,,,,0,,,,,,,,,
2966,Internal,166.0,397.0,61042,49,27.5,8.9,3.0,9.0,2.0,1.0,4.0,13,0,0,0,0,0,0,0,0,0,0,0,0,0,0,0,0,0,0,0,0,,,,0,,,,,,,,,
2967,Internal,240.0,574.0,54375,46,18.0,19.1,8.0,28.0,22.0,0.0,8.0,48,0,0,0,0,0,0,0,0,0,0,0,0,460,0,0,0,0,0,0,0,,,,0,,,,,,,,,
2968,Internal,263.0,573.0,41008,46,18.6,24.0,8.0,4.0,5.0,1.0,7.0,55,0,0,0,0,0,0,0,0,0,0,0,0,0,0,0,0,0,0,0,0,,,,0,,,,,,,,,
2969,Internal,291.0,705.0,48281,46,27.0,12.4,28.0,2.0,2.0,0.0,34.0,71,0,0,0,0,0,0,0,0,0,0,0,0,0,0,0,0,0,0,0,0,,,,0,,,,,,,,,
2970,Internal,296.0,714.0,54375,46,18.0,19.1,181.0,10.0,10.0,1.0,130.0,23,0,0,0,0,0,0,0,0,0,0,0,0,0,0,0,0,0,0,0,0,,,,0,,,,,,,,,
2971,Internal,431.0,1044.0,48281,46,27.0,12.4,35.0,3.0,32.0,21.0,10.0,73,0,0,0,0,0,0,0,0,0,0,0,0,0,0,0,0,0,0,0,0,,,,0,,,,,,,,,
2972,Internal,131.0,301.0,45357,54,21.0,11.3,190.0,166.0,168.0,73.0,87.0,7,0,0,0,0,0,0,0,0,0,0,0,0,0,0,0,0,0,0,0,0,,,,0,,,,,,,,,
2973,Internal,310.0,746.0,78125,54,8.5,24.8,12.0,0.0,17.0,2.0,9.0,49,0,0,0,0,0,0,0,0,0,0,0,0,0,0,0,0,0,0,0,0,,,,0,,,,,,,,,
2974,Internal,71.0,164.0,48281,46,27.0,12.4,1.0,2.0,0.0,1.0,1.0,55,0,0,0,0,0,0,0,0,0,0,0,0,0,0,0,0,0,0,0,0,,,,0,,,,,,,,,
2975,Internal,257.0,619.0,78125,54,8.5,24.8,37.0,11.0,7.0,0.0,58.0,41,0,0,0,0,0,0,0,0,0,0,0,0,0,0,0,0,0,0,0,0,,,,0,,,,,,,,,
2976,Internal,315.0,762.0,41399,45,29.5,11.2,15.0,22.0,97.0,5.0,470.0,12,0,0,0,0,0,0,0,0,0,0,0,0,0,0,0,0,0,0,0,0,,,,0,,,,,,,,,
2977,Internal,71.0,199.0,50825,45,21.9,15.4,1.0,30.0,18.0,7.0,10.0,28,0,0,0,0,0,0,0,0,0,0,0,0,0,0,0,0,0,0,0,0,,,,0,,,,,,,,,
2978,Internal,25.0,61.0,45357,54,21.0,11.3,811.0,0.0,5.0,0.0,23.0,64,0,0,0,0,0,0,0,0,0,0,0,0,0,0,0,0,0,0,0,0,,,,0,,,,,,,,,
2979,Internal,468.0,1101.0,64286,49,17.1,22.6,39.0,21.0,22.0,0.0,42.0,38,0,0,0,0,0,0,0,0,0,0,0,0,0,0,0,0,0,0,0,0,,,,0,,,,,,,,,
2980,Internal,173.0,417.0,58266,44,25.5,11.5,9.0,2.0,9.0,0.0,11.0,6,0,0,0,0,0,0,0,0,0,0,0,0,0,0,0,0,0,0,0,0,,,,0,,,,,,,,,
2981,Internal,282.0,669.0,58266,44,25.5,11.5,3.0,1.0,3.0,0.0,0.0,36,0,0,0,0,0,0,0,0,0,0,0,0,0,0,0,0,0,0,0,0,,,,0,,,,,,,,,
2982,Internal,0.0,0.0,50825,45,21.9,15.4,93.0,11.0,107.0,8.0,435.0,10,0,0,0,0,0,0,0,0,0,0,0,0,0,0,0,0,0,0,0,0,,,,0,,,,,,,,,
2983,Internal,268.0,610.0,41399,45,29.5,11.2,32.0,0.0,82.0,36.0,104.0,5,0,0,0,0,0,0,0,0,0,0,0,0,0,0,0,0,0,0,0,0,,,,0,,,,,,,,,
2984,Internal,211.0,511.0,49583,43,25.7,20.3,4.0,2.0,11.0,0.0,4.0,27,0,0,0,0,0,0,0,0,0,0,0,0,0,0,0,0,0,0,0,0,,,,0,,,,,,,,,
2985,Internal,334.0,787.0,49583,43,25.7,20.3,13.0,7.0,31.0,6.0,64.0,10,0,0,0,0,0,0,0,0,0,0,0,0,0,0,0,0,0,0,0,0,,,,0,,,,,,,,,
2986,Internal,73.0,173.0,49583,43,25.7,20.3,27.0,55.0,67.0,8.0,113.0,16,0,0,0,0,0,0,0,0,0,0,0,0,0,0,0,0,0,0,0,0,,,,0,,,,,,,,,
2987,Internal,361.0,840.0,50825,45,21.9,15.4,7.0,120.0,2.0,0.0,4.0,28,0,0,0,0,0,0,0,0,0,0,0,0,0,0,0,0,0,0,0,0,,,,0,,,,,,,,,
2988,Internal,760.0,1877.0,50825,45,21.9,15.4,106.0,3.0,17.0,1.0,63.0,16,0,0,0,0,0,0,0,0,0,0,0,0,0,0,0,0,0,0,0,0,,,,0,,,,,,,,,
2989,Internal,57.0,107.0,45357,54,21.0,11.3,736.0,126.0,444.0,0.0,187.0,42,0,0,0,0,0,0,0,0,0,0,0,0,0,0,0,0,0,0,0,0,,,,0,,,,,,,,,
2990,Internal,144.0,402.0,45357,54,21.0,11.3,9.0,1.0,6.0,0.0,2.0,49,0,0,0,0,0,0,0,0,0,0,0,0,0,0,0,0,0,0,0,0,,,,0,,,,,,,,,
2991,Internal,724.0,1745.0,53906,54,28.8,10.3,9.0,36.0,13.0,56.0,20.0,19,0,0,0,0,0,0,0,0,0,0,0,0,1213,0,0,0,0,0,0,0,,,,0,,,,,,,,,
2992,Internal,137.0,332.0,64286,49,17.1,22.6,5.0,1.0,4.0,1.0,2.0,15,0,0,0,0,0,0,0,0,0,0,0,0,0,0,0,0,0,0,0,0,,,,0,,,,,,,,,
2993,Internal,400.0,965.0,61042,49,27.5,8.9,47.0,8.0,11.0,2.0,15.0,42,0,0,0,0,0,0,0,0,0,0,0,0,0,0,0,0,0,0,0,0,,,,0,,,,,,,,,
2994,Internal,177.0,418.0,57012,43,22.4,11.0,0.0,0.0,6.0,3.0,0.0,27,0,0,0,0,0,0,0,0,0,0,0,0,0,0,0,0,0,0,0,0,,,,0,,,,,,,,,
2995,Internal,614.0,1491.0,41399,45,29.5,11.2,22.0,83.0,134.0,13.0,440.0,13,0,0,0,0,0,0,0,0,0,0,0,0,0,0,0,0,0,0,0,0,,,,0,,,,,,,,,
2996,Internal,477.0,1153.0,88875,45,6.7,15.6,8.0,45.0,37.0,10.0,69.0,30,0,0,0,0,0,0,0,0,0,0,0,0,260,0,0,0,0,0,0,0,,,,0,,,,,,,,,
2997,Internal,241.0,568.0,41399,45,29.5,11.2,533.0,18.0,181.0,5.0,112.0,67,0,0,0,0,0,0,0,0,0,0,0,0,0,0,0,0,0,0,0,0,,,,0,,,,,,,,,
2998,Internal,20.0,59.0,36639,44,34.7,15.6,7.0,63.0,54.0,0.0,167.0,53,0,0,0,0,0,0,0,0,0,0,0,0,0,0,0,0,0,0,0,0,,,,0,,,,,,,,,
2999,Internal,90.0,210.0,36639,44,34.7,15.6,0.0,0.0,0.0,0.0,1.0,36,0,0,0,0,0,0,0,0,0,0,0,0,0,0,0,0,0,0,0,0,,,,0,,,,,,,,,
3000,Internal,3.0,5.0,50825,45,21.9,15.4,42.0,4.0,35.0,2.0,137.0,16,0,0,0,0,0,0,0,0,0,0,0,0,0,0,0,0,0,0,0,0,,,,0,,,,,,,,,
3001,Internal,521.0,1303.0,62036,44,30.2,5.0,337.0,66.0,124.0,0.0,89.0,50,0,0,0,0,0,0,0,0,0,0,0,0,0,0,0,0,0,0,0,0,,,,0,,,,,,,,,
3002,Internal,161.0,392.0,62036,44,30.2,5.0,15.0,3.0,6.0,0.0,4.0,49,0,0,0,0,0,0,0,0,0,0,0,0,0,0,0,0,0,0,0,0,,,,0,,,,,,,,,
3003,Internal,219.0,554.0,36639,44,34.7,15.6,84.0,17.0,20.0,12.0,23.0,41,0,0,0,0,0,0,0,0,0,0,0,0,952,0,0,0,0,0,0,0,,,,0,,,,,,,,,
3004,Internal,522.0,1222.0,62036,44,30.2,5.0,386.0,76.0,73.0,73.0,104.0,29,0,0,0,0,0,0,0,0,0,0,0,0,0,0,0,0,0,0,0,0,,,,0,,,,,,,,,
3005,Internal,341.0,801.0,62036,44,30.2,5.0,16.0,3.0,4.0,2.0,4.0,36,0,0,0,0,0,0,0,0,0,0,0,0,0,0,0,0,0,0,0,0,,,,0,,,,,,,,,
3006,Internal,372.0,899.0,64286,49,17.1,22.6,8.0,7.0,3.0,0.0,0.0,37,0,0,0,0,0,0,0,0,0,0,0,0,0,0,0,0,0,0,0,0,,,,0,,,,,,,,,
3007,Internal,311.0,709.0,57012,43,22.4,11.0,6.0,165.0,16.0,0.0,3.0,47,0,0,0,0,0,0,0,0,0,0,0,0,2637,0,0,0,0,0,0,0,,,,0,,,,,,,,,
3008,Internal,178.0,442.0,102500,47,26.5,17.3,10.0,12.0,34.0,0.0,8.0,8,0,0,0,0,0,0,0,0,0,0,0,0,0,0,0,0,0,0,0,0,,,,0,,,,,,,,,
3009,Internal,471.0,1136.0,102500,47,26.5,17.3,29.0,20.0,113.0,5.0,7.0,17,0,0,0,0,0,0,0,0,0,0,0,0,0,0,0,0,0,0,0,0,,,,0,,,,,,,,,
3010,Internal,300.0,714.0,57012,43,22.4,11.0,33.0,5.0,33.0,1.0,76.0,23,0,0,0,0,0,0,0,0,0,0,0,0,0,0,0,0,0,0,0,0,,,,0,,,,,,,,,
3011,Internal,290.0,708.0,108533,48,27.9,13.8,12.0,34.0,2.0,2.0,7.0,43,0,0,0,0,0,59,0,0,0,0,0,0,0,0,0,0,0,0,0,0,,,,0,,,,,,,,,
3012,Internal,3.0,8.0,11250,40,22.0,2.5,4.0,237.0,3232.0,12.0,12.0,0,0,724,0,0,0,24,0,0,0,949,0,0,0,0,0,0,2,553,147,300,662,54,486,0,,,,,,,,,
3013,Internal,1.0,1.0,11250,40,22.0,2.5,3.0,3414.0,7153.0,0.0,43.0,18,0,13,0,0,0,0,0,0,0,762,0,0,0,0,0,1,2,553,147,300,235,18,106,0,,,,,,,,,
3014,Internal,1.0,3.0,11250,40,22.0,2.5,50.0,271.0,149.0,0.0,16.0,23,0,239,0,0,0,0,0,0,0,325,0,0,0,0,0,0,2,553,147,300,782,13,56,0,,,,,,,,,
3015,Internal,1537.0,4109.5,105691,50,26.3,13.9,13.0,116.0,9.0,0.0,0.0,43,0,0,0,0,0,337,0,0,0,0,0,0,0,0,0,0,0,0,0,0,,,,0,,,,,,,,,
3016,Internal,1136.0,1957.0,56905,31,10.0,62.9,0.0,194.0,31.0,219.0,81.0,25,0,0,0,0,0,44,0,0,0,0,0,0,0,0,0,0,0,0,0,0,,,,0,,,,,,,,,
3017,Internal,0.0,0.0,58190,47,22.0,12.0,0.0,643.5,233.0,31.0,17.0,38,0,0,0,0,0,0,0,0,0,0,790,0,0,0,0,1,4,544,0,200,167,0,63,0,,,,,,,,,
3018,Internal,4.0,8.0,58190,47,22.0,12.0,0.0,128.5,129.5,32.0,47.0,74,0,0,0,0,0,0,0,0,0,0,968,0,0,0,0,0,4,544,0,200,1112,0,89,0,,,,,,,,,
3019,Internal,807.0,1982.5,100714,40,21.7,26.9,43.0,40.0,66.0,17.0,16.0,22,0,0,0,0,0,67,0,0,0,0,0,0,0,0,0,0,0,0,0,0,,,,0,,,,,,,,,
3020,Internal,0.0,0.0,58190,47,22.0,12.0,0.0,3536.0,205.0,46.0,20.0,0,0,0,0,0,0,0,4,0,0,0,371,0,0,0,0,0,4,544,0,200,233,0,15,0,,,,,,,,,
3021,Internal,747.5,1454.5,82833,33,13.9,42.3,0.0,3.0,3.0,0.0,3.0,40,0,0,0,0,0,20,0,0,0,0,0,0,0,0,0,0,0,0,0,0,,,,0,,,,,,,,,
3022,Internal,43.5,88.5,70583,51,33.1,10.2,30.0,183.0,619.5,63.5,286.0,10,0,0,0,0,0,20,0,0,0,0,0,0,0,0,0,0,0,0,0,0,,,,0,,,,,,,,,
3023,Internal,1.0,9.0,58190,47,22.0,12.0,0.0,493.0,132.0,793.0,1.0,74,0,0,0,0,0,0,0,0,0,0,473,0,0,0,0,0,4,544,81,200,444,352,813,0,,,,,,,,,
3024,Internal,0.0,0.0,58190,47,22.0,12.0,0.0,145.0,3.0,5.0,221.0,0,0,0,0,0,0,0,0,0,0,0,379,0,0,0,0,0,4,544,0,200,544,0,61,0,,,,,,,,,
3025,Internal,0.0,0.0,58190,47,22.0,12.0,0.0,2943.0,0.0,265.0,5.0,74,0,0,0,0,0,0,0,0,0,0,402,0,0,0,0,0,4,544,0,200,217,0,14,0,,,,,,,,,
3026,Internal,233.0,421.0,58190,47,22.0,12.0,0.0,364.0,99.0,25.0,42.0,0,0,0,3579,0,0,0,9,0,0,0,927,0,0,0,0,0,4,544,81,200,29,22,81,0,,,,,,,,,
3027,Internal,32.0,58.5,56793,54,12.6,10.5,0.0,611.0,848.0,289.5,555.0,13,0,0,0,0,0,0,0,0,0,0,0,0,0,0,0,0,0,0,0,0,,,,0,,,,,,,,,
3028,Internal,63.5,114.0,41088,48,23.8,4.4,44.0,162.5,845.0,23.0,149.0,49,0,0,0,0,0,18,0,1,0,0,0,0,0,0,0,0,0,0,0,0,,,,0,,,,,,,,,
3029,Internal,0.5,1.0,58190,47,22.0,12.0,49.0,2585.0,7335.5,137.0,127.0,0,0,0,0,0,0,0,1,0,0,0,414,0,0,0,0,1,4,544,0,200,4845,0,184,0,,,,,,,,,
3030,Internal,0.0,0.0,58190,47,22.0,12.0,1.0,1222.0,5553.0,0.0,5.0,74,0,0,0,0,0,0,4,0,0,0,262,0,0,0,0,1,4,544,0,200,1146,0,122,0,,,,,,,,,
3031,Internal,50.5,103.5,36458,57,5.3,2.5,530.0,2174.0,106.0,34.0,9.0,88,0,0,0,0,100,0,0,0,195,0,0,0,0,0,0,0,5,203,106,200,176,406,13,0,,,,,,,,,
3032,Internal,372.0,851.0,36458,57,5.3,2.5,0.0,36.0,194.5,10.0,4.0,9,0,0,0,0,311,0,0,0,358,0,0,0,0,0,0,0,5,73,0,200,152,0,332,0,,,,,,,,,
3033,Internal,211.5,484.0,96171,48,33.3,8.9,0.0,3.0,10.0,0.0,3.5,54,0,0,0,0,0,157,0,0,0,0,0,0,0,0,0,0,0,0,0,0,,,,0,,,,,,,,,
3034,Internal,524.5,1257.0,79076,43,26.7,12.5,195.0,4.0,242.5,72.0,0.0,9,0,0,0,0,0,89,0,0,0,0,0,0,0,0,537,0,0,0,0,0,,,,0,,,,,,,,,
3035,Internal,395.5,912.5,55729,41,29.9,12.2,4.5,41.0,80.0,8.5,50.0,43,0,0,0,0,0,0,0,11,0,0,0,0,0,0,0,0,0,0,0,0,,,,0,,,,,,,,,
3036,Internal,1229.0,2171.0,36458,57,5.3,2.5,1.0,805.5,372.0,48.0,124.0,87,929,0,0,0,147,0,0,0,696,0,0,0,0,0,0,0,5,192,106,200,415,627,630,0,,,,,,,,,
3037,Internal,416.5,880.5,32297,41,34.4,6.9,13.0,157.0,789.5,176.0,30.0,38,0,0,0,0,0,0,1,31,0,0,0,0,2556,0,0,0,0,0,0,0,,,,0,,,,,,,,,
3038,Internal,141.0,322.5,36458,57,5.3,2.5,0.0,490.5,453.0,48.0,22.0,50,0,0,0,0,0,0,0,0,303,0,0,0,731,0,0,0,5,140,0,0,39,0,0,0,,,,,,,,,
3039,Internal,82.5,138.5,36458,57,5.3,2.5,0.0,13.0,17.5,3.0,2.0,0,238,0,0,0,523,0,0,0,162,0,0,0,0,0,0,0,5,0,134,0,0,69,0,0,,,,,,,,,
3040,Internal,350.5,641.5,36458,57,5.3,2.5,663.0,1696.0,444.0,116.0,47.5,86,471,0,0,0,0,0,0,0,1099,0,0,0,0,0,0,0,5,203,127,200,409,415,757,0,,,,,,,,,
3041,Internal,678.0,1293.0,36458,57,5.3,2.5,1.0,479.0,414.5,49.5,30.0,58,246,0,0,0,13,0,0,0,167,0,0,0,0,0,0,0,5,140,106,200,443,49,60,0,,,,,,,,,
3042,Internal,4.0,9.0,32297,41,34.4,6.9,0.0,76.5,1039.5,50.5,305.0,34,0,0,0,0,0,0,0,0,0,0,0,0,0,0,0,0,0,0,0,0,,,,0,,,,,,,,,
3043,Internal,430.0,978.5,32297,41,34.4,6.9,0.0,282.0,832.5,107.0,176.0,17,0,0,0,0,0,0,13,22,0,0,0,0,0,0,0,0,0,0,0,0,,,,0,,,,,,,,,
3044,Internal,143.5,275.0,25746,48,2.5,2.5,1.0,349.5,41.5,6.0,22.0,32,563,0,0,0,7,0,0,0,0,0,0,0,0,0,0,0,5,140,101,0,743,256,0,0,,,,,,,,,
3045,Internal,297.0,491.0,25746,48,2.5,2.5,0.0,62.0,168.0,40.5,21.5,53,283,0,0,0,73,0,0,0,0,0,0,0,0,0,0,0,5,0,106,0,0,305,0,0,,,,,,,,,
3046,Internal,385.5,615.5,25746,48,2.5,2.5,0.0,375.0,184.5,21.0,28.5,32,299,0,0,0,483,0,0,0,0,0,0,0,0,0,0,0,5,140,106,0,181,357,0,0,,,,,,,,,
3047,Internal,614.5,1568.5,47935,50,32.2,8.3,5.0,11.0,154.5,0.0,0.0,24,0,0,0,0,0,0,21,28,0,0,0,0,0,0,0,0,0,0,0,0,,,,0,,,,,,,,,
3048,Internal,366.5,1026.5,53203,43,38.1,7.8,334.0,18.5,124.5,0.5,0.0,55,0,0,0,0,0,0,0,28,0,0,0,0,0,0,0,0,0,0,0,0,,,,0,,,,,,,,,
3049,Internal,108.5,173.0,36458,57,5.3,2.5,0.0,653.0,593.0,66.0,231.0,35,0,0,0,0,53,0,0,0,0,0,0,0,0,0,0,0,0,0,0,0,,,,0,,,,,,,,,
3050,Internal,65.0,129.5,36458,57,5.3,2.5,0.0,997.0,402.0,46.0,157.0,58,0,0,0,0,93,0,0,0,0,0,0,0,0,0,0,0,0,0,0,0,,,,0,,,,,,,,,
3051,Internal,1.5,2.5,36458,57,5.3,2.5,0.0,1138.0,1282.5,283.0,143.0,58,0,0,0,0,0,0,0,0,2693,0,0,0,391,0,0,0,5,0,106,0,0,38,0,0,,,,,,,,,
3052,Internal,1.0,10.0,22361,82,25.0,11.0,41.0,784.0,38.0,9.0,3.0,28,1229,0,0,0,0,0,0,0,257,0,0,0,0,0,0,0,5,203,0,200,56,0,17,0,,,,,,,,,
3053,Internal,619.5,1822.0,27099,42,31.8,7.9,12.5,27.0,143.5,1.5,0.0,35,0,0,0,0,0,0,4,49,0,0,0,0,0,0,0,0,0,0,0,0,,,,0,,,,,,,,,
3054,Internal,2.0,19.0,22361,82,25.0,11.0,14.0,252.0,2.0,0.0,0.0,28,989,0,0,0,7,0,0,0,175,0,0,0,0,0,0,0,5,203,134,200,589,2020,100,0,,,,,,,,,
3055,Internal,2.5,6.5,22361,82,25.0,11.0,48.0,3877.0,102.5,22.5,52.5,28,0,0,0,0,0,0,0,0,1582,0,0,0,0,0,0,0,5,192,134,200,89,83,338,0,,,,,,,,,
3056,Internal,4.0,12.5,22361,82,25.0,11.0,63.0,3786.0,3.5,2.5,3.5,1,343,0,0,0,0,0,0,0,1503,0,0,0,0,0,0,0,5,203,343,200,520,96,92,0,,,,,,,,,
3057,Internal,5.0,16.5,34563,40,23.0,7.0,146.0,70.0,4.5,3.0,2.0,0,0,0,0,0,0,0,0,0,24,0,0,0,0,0,0,0,5,140,101,200,56,200,192,0,,,,,,,,,
3058,Internal,2398.5,4547.5,34563,40,23.0,7.0,48.0,46.5,26.0,6.5,3.0,17,2422,0,0,0,0,0,0,0,711,0,0,0,0,0,0,0,5,203,106,200,254,101,471,0,,,,,,,,,
3059,Internal,3.5,18.5,34563,40,23.0,7.0,883.0,2949.5,14.0,1.5,3.5,17,1071,0,0,0,33,0,0,0,146,0,0,0,0,0,0,0,5,203,106,200,888,275,116,0,,,,,,,,,
3060,Internal,24.5,46.5,34563,40,23.0,7.0,177.0,854.5,6.0,0.0,5.0,17,0,0,0,0,0,0,0,0,80,0,0,0,0,0,0,0,5,203,106,200,384,260,1043,0,,,,,,,,,
3061,Internal,240.0,418.5,56731,53,24.7,8.8,0.0,18.0,12508.0,75.5,0.5,58,0,0,0,0,13,0,0,0,0,0,0,0,0,0,0,1,0,0,0,0,,,,0,,,,,,,,,
3062,Internal,872.5,1976.5,56731,53,24.7,8.8,6.0,46.0,215.5,5.5,2.0,57,0,0,0,0,158,0,0,0,0,0,0,0,0,0,0,0,0,0,0,0,,,,0,,,,,,,,,
3063,Internal,401.0,1048.0,76500,52,16.0,25.0,73.0,435.0,599.0,15.0,250.0,75,0,0,0,0,0,0,0,0,0,0,0,0,779,0,0,0,0,0,0,0,,,,0,,,,,,,,,
3064,Internal,901.5,1558.0,76500,52,16.0,25.4,5.0,1601.0,1666.0,480.0,2632.0,19,0,0,0,0,7,0,0,0,0,0,0,0,0,0,0,0,0,0,0,0,,,,0,,,,,,,,,
3065,Internal,468.0,1307.0,74874,46,34.6,4.5,0.0,25.0,130.0,0.0,3.0,23,0,0,0,0,0,0,1,44,0,0,0,0,0,0,0,0,0,0,0,0,,,,0,,,,,,,,,
3066,Internal,224.5,623.0,74874,46,34.6,4.5,4.0,271.0,195.0,1.0,0.0,23,0,0,0,0,0,0,0,20,0,0,0,0,1609,0,0,0,0,0,0,0,,,,0,,,,,,,,,
3067,Internal,475.0,1215.5,71573,53,22.4,6.3,0.0,209.0,267.0,17.5,26.0,12,0,0,0,0,0,0,3,44,0,0,0,0,0,0,0,0,0,0,0,0,,,,0,,,,,,,,,
3068,Internal,117.0,219.0,56875,53,26.0,9.0,5.0,32.0,215.0,31.0,668.0,7,0,0,0,0,0,0,0,0,0,0,0,0,0,0,0,0,0,0,0,0,,,,0,,,,,,,,,
3069,Internal,684.0,1239.5,56875,53,26.0,8.8,0.0,8.0,161.0,9.5,391.5,8,0,0,0,0,0,0,0,0,0,0,0,0,0,0,0,0,0,0,0,0,,,,0,,,,,,,,,
3070,Internal,1244.0,2987.0,56875,53,26.0,8.8,16.0,58.5,90.5,14.5,5.0,43,0,0,0,0,0,0,0,0,0,0,0,0,0,0,0,0,0,0,0,0,,,,0,,,,,,,,,
3071,Internal,351.0,673.0,56875,53,26.0,8.8,7.0,13.5,116.5,91.5,106.5,20,0,0,0,0,0,0,0,0,0,0,0,0,0,0,0,0,0,0,0,0,,,,0,,,,,,,,,
3072,Internal,128.5,242.5,56875,53,26.0,8.8,18.0,127.5,645.0,103.5,2446.0,11,0,0,0,0,0,0,0,0,0,0,0,0,0,0,0,0,0,0,0,0,,,,0,,,,,,,,,
3073,Internal,159.0,324.5,62722,51,18.8,11.2,141.0,2235.0,1026.0,70.0,208.5,65,0,0,0,0,0,0,0,0,0,0,0,0,0,0,0,0,0,0,0,0,,,,0,,,,,,,,,
3074,Internal,118.0,278.0,47888,54,21.9,3.9,24.5,99.5,224.5,0.5,2.5,67,0,0,0,0,0,0,0,1,0,0,0,0,0,0,0,0,0,0,0,0,,,,0,,,,,,,,,
3075,Internal,192.0,474.0,62722,51,18.8,11.2,35.0,2127.5,509.0,53.0,182.5,56,0,0,0,0,0,0,0,0,0,0,0,0,0,0,0,0,0,0,0,0,,,,0,,,,,,,,,
3076,Internal,304.5,607.0,62722,51,18.8,11.2,0.0,35.5,89.5,0.0,48.5,44,0,0,0,0,0,0,0,0,0,0,0,0,0,0,0,0,0,0,0,0,,,,0,,,,,,,,,
3077,Internal,143.0,381.5,79076,43,26.7,12.5,0.0,0.0,99.5,0.0,0.0,28,0,0,0,0,0,0,0,0,0,0,0,0,0,0,0,0,0,0,0,0,,,,0,,,,,,,,,
3078,Internal,76.5,187.5,71058,54,31.5,11.6,7.0,6.0,32.0,0.0,0.0,38,0,0,0,0,0,0,1,2,0,0,0,0,0,0,0,0,0,0,0,0,,,,0,,,,,,,,,
3079,Internal,70.0,169.5,71058,54,31.5,11.6,0.0,86.0,14.0,0.0,9.0,67,0,0,0,0,0,0,0,1,0,0,0,0,909,0,0,0,0,0,0,0,,,,0,,,,,,,,,
3080,Internal,409.0,987.5,71058,54,31.5,11.6,220.0,120.5,228.0,0.0,140.0,63,0,0,0,0,0,0,3,11,0,0,0,0,0,0,0,0,0,0,0,0,,,,0,,,,,,,,,
3081,Internal,1726.5,4039.0,102321,55,27.9,5.8,74.0,46.5,56.5,5.5,44.0,41,0,0,0,0,0,0,19,60,0,0,0,0,0,0,0,0,0,0,0,0,,,,0,,,,,,,,,
3082,Internal,397.5,986.5,102321,55,27.9,5.8,30.0,0.0,0.0,0.0,0.0,31,0,0,0,0,0,0,0,1,0,0,0,0,0,0,0,0,0,0,0,0,,,,0,,,,,,,,,
3083,Internal,20.5,50.5,79076,43,26.7,12.5,167.0,111.5,161.0,64.0,40.0,39,0,0,0,0,0,0,0,0,0,0,0,0,66,0,0,0,0,0,0,0,,,,0,,,,,,,,,
3084,Internal,774.5,1906.0,102321,55,27.9,5.8,0.0,104.0,132.0,10.0,30.0,62,0,0,0,0,0,0,12,37,0,0,0,0,805,0,0,0,0,0,0,0,,,,0,,,,,,,,,
3085,Internal,275.5,688.5,71058,54,31.5,11.6,21.0,1.5,39.0,0.0,48.0,23,0,0,0,0,0,0,0,2,0,0,0,0,0,0,0,0,0,0,0,0,,,,0,,,,,,,,,
3086,Internal,381.5,1103.0,102321,55,27.9,5.8,0.0,5.0,30.0,1.0,0.0,20,0,0,0,0,0,0,0,22,0,0,0,0,7,0,0,0,0,0,0,0,,,,0,,,,,,,,,
3087,Internal,728.5,1734.5,79076,43,26.7,12.5,0.0,15.0,9.5,0.0,3.0,28,0,0,0,0,0,133,0,0,0,0,0,0,0,0,0,0,0,0,0,0,,,,0,,,,,,,,,
3088,Internal,45.0,122.0,79076,43,26.7,12.5,0.0,6.0,84.0,13.0,677.0,13,0,0,0,0,0,0,0,0,0,0,0,0,0,0,0,0,0,0,0,0,,,,0,,,,,,,,,
3089,Internal,288.0,768.0,79076,43,26.7,12.5,32.0,284.0,18.0,13.0,0.0,41,0,0,0,0,0,24,0,0,0,0,0,0,1588,0,0,0,0,0,0,0,,,,0,,,,,,,,,
3090,Internal,845.0,1952.0,88250,47,22.4,17.7,3.5,134.5,417.0,26.0,277.0,16,0,0,0,0,0,0,0,0,0,0,0,0,0,0,0,0,0,0,0,0,,,,0,,,,,,,,,
3091,Internal,41.5,102.5,88250,47,22.4,17.7,929.0,33.0,104.5,8.0,36.0,46,0,0,0,0,0,0,0,0,0,0,0,0,0,0,0,0,0,0,0,0,,,,0,,,,,,,,,
3092,Internal,65.5,152.5,73422,63,18.7,6.5,1607.0,283.0,471.0,25.0,133.5,42,0,0,0,0,0,0,0,0,0,0,0,0,0,0,0,0,0,0,0,0,,,,0,,,,,,,,,
3093,Internal,706.5,1723.0,73422,63,18.7,6.5,91.0,23.0,95.0,77.0,19.0,42,0,0,0,0,20,0,0,0,0,0,0,0,0,0,0,0,0,0,0,0,,,,0,,,,,,,,,
3094,Internal,34.0,83.5,105107,52,27.6,6.4,348.5,141.0,392.5,7.0,319.0,46,0,0,0,0,0,0,0,0,0,0,0,0,0,0,0,0,0,0,0,0,,,,0,,,,,,,,,
3095,Internal,237.5,533.0,105107,52,27.6,6.4,1360.5,200.0,744.0,21.5,217.5,46,0,0,0,0,0,0,0,0,0,0,0,0,0,0,0,0,0,0,0,0,,,,0,,,,,,,,,
3096,Internal,337.5,857.0,102321,55,27.9,5.8,22.0,9.0,3.0,0.0,1.0,37,0,0,0,0,0,0,0,6,0,0,0,0,0,0,0,0,0,0,0,0,,,,0,,,,,,,,,
3097,Internal,102.5,272.5,92813,55,12.1,18.2,8.0,123.0,285.5,0.0,0.0,37,0,0,0,0,0,0,0,6,0,0,0,0,742,0,0,0,0,0,0,0,,,,0,,,,,,,,,
3098,Internal,510.5,1235.5,77917,50,3.5,49.2,135.0,2.0,127.5,0.0,17.0,64,0,0,0,0,0,0,0,0,0,0,0,0,0,0,0,0,0,0,0,0,,,,0,,,,,,,,,
3099,Internal,512.5,1249.5,77917,50,3.5,49.2,0.0,0.0,0.0,0.0,0.0,45,0,0,0,0,0,0,0,0,0,0,0,0,0,0,0,0,0,0,0,0,,,,0,,,,,,,,,
3100,Internal,850.5,2118.5,77917,50,3.5,49.2,0.0,1.0,8.0,0.0,0.0,45,0,0,0,0,0,0,0,0,0,0,0,0,0,0,0,0,0,0,0,0,,,,0,,,,,,,,,
3101,Internal,545.5,1364.5,36860,34,25.4,15.2,0.0,40.5,48.5,23.0,5.0,11,0,0,0,0,0,18,0,22,0,0,0,0,58,0,0,0,0,0,0,0,,,,0,,,,,,,,,
3102,Internal,547.5,1233.0,45809,51,25.4,7.4,22.0,35.5,199.0,0.5,0.0,41,0,0,0,0,0,30,19,27,0,0,0,0,0,0,0,0,0,0,0,0,,,,0,,,,,,,,,
3103,Internal,532.5,1283.5,63667,50,31.3,10.3,163.5,230.5,208.5,4.0,5.0,41,0,0,0,0,0,61,7,48,0,0,0,0,1069,0,0,0,0,0,0,0,,,,0,,,,,,,,,
3104,Internal,368.0,748.0,87569,63,11.7,11.9,53.0,73.5,729.5,95.0,135.0,62,0,0,0,0,0,0,0,0,0,0,0,0,0,0,0,0,0,0,0,0,,,,0,,,,,,,,,
3105,Internal,637.0,1296.0,67300,63,20.9,7.5,4.0,2.5,39.0,30.0,3.0,84,0,0,0,0,0,0,0,0,0,0,0,0,0,0,0,0,0,0,0,0,,,,0,,,,,,,,,
3106,Internal,656.0,1253.0,78333,60,10.1,21.0,52.0,1.0,25.0,0.0,3.0,27,0,0,0,0,0,0,0,0,0,0,0,0,0,0,0,0,0,0,0,0,,,,0,,,,,,,,,
3107,Internal,493.5,943.5,50238,60,8.3,27.1,0.0,0.0,10.0,1.5,2.5,45,0,0,0,0,0,0,0,0,0,0,0,0,0,0,0,0,0,0,0,0,,,,0,,,,,,,,,
3108,Internal,420.5,974.0,88788,60,21.5,9.2,1.0,0.0,43.0,51.0,8.0,17,0,0,0,0,0,73,15,17,0,0,0,0,0,0,0,0,0,0,0,0,,,,0,,,,,,,,,
3109,Internal,1138.5,2036.5,54110,56,25.0,11.2,13.0,71.0,68.5,1.0,54.0,27,0,0,0,0,0,182,16,79,0,0,0,0,0,0,0,0,0,0,0,0,,,,0,,,,,,,,,
3110,Internal,461.5,1309.0,149261,58,22.1,9.2,0.0,12.0,107.0,7.5,0.0,49,0,0,0,0,0,93,6,24,0,0,0,0,0,0,0,0,0,0,0,0,,,,0,,,,,,,,,
3111,Internal,459.0,1305.0,149261,58,22.1,9.2,0.0,10.0,5.0,0.0,10.0,38,0,0,0,0,0,93,6,24,0,0,0,0,0,0,0,0,0,0,0,0,,,,0,,,,,,,,,
3112,Internal,690.5,1901.0,123160,58,28.5,8.6,5.0,27.5,93.0,1.0,2.0,46,0,0,0,0,0,224,6,18,0,0,0,0,0,0,0,0,0,0,0,0,,,,0,,,,,,,,,
3113,Internal,200.5,412.0,62574,57,15.3,6.7,5.0,214.5,461.0,85.0,819.0,13,0,0,0,0,0,14,10,2,0,0,0,0,0,0,0,0,0,0,0,0,,,,0,,,,,,,,,
3114,Internal,333.0,761.0,82303,54,15.8,17.1,2.0,37.0,23.5,35.5,6.0,37,0,0,0,0,0,63,4,11,0,0,0,0,110,0,0,0,0,0,0,0,,,,0,,,,,,,,,
3115,Internal,976.0,1687.0,42163,56,8.9,9.8,0.0,2.0,7.0,8.0,0.0,67,0,0,0,0,0,230,9,56,0,0,0,0,0,0,0,0,0,0,0,0,,,,0,,,,,,,,,
3116,Internal,900.0,1956.5,55727,56,28.3,7.9,6.0,7.0,164.0,0.0,0.0,85,0,0,0,0,0,200,41,38,0,0,0,0,0,0,0,0,0,0,0,0,,,,0,,,,,,,,,
3117,Internal,8.5,21.0,77485,72,9.3,3.6,353.0,1606.0,23.5,1.0,5.0,42,0,0,0,0,0,0,0,0,0,0,0,0,0,0,0,0,0,0,0,0,,,,0,,,,,,,,,
3118,Internal,99.0,246.0,58190,50,22.0,12.0,621.0,718.5,1120.5,7.5,1.5,91,0,0,0,0,0,0,0,0,0,0,0,0,0,0,0,0,0,0,0,0,,,,0,,,,,,,,,
3119,Internal,994.5,1902.5,103304,72,18.4,8.9,4.5,38.5,82.5,6.0,86.0,13,0,0,0,0,0,0,0,26,0,0,0,0,0,0,0,0,0,0,0,0,,,,0,,,,,,,,,
3120,Internal,183.0,484.0,103304,72,18.4,8.9,1166.5,573.0,110.5,45.0,112.0,51,0,0,0,0,0,0,1,17,0,0,0,0,121,0,0,0,0,0,0,0,,,,0,,,,,,,,,
3121,Internal,1.5,3.5,103304,72,18.4,8.9,638.0,450.0,2.0,0.0,0.0,58,0,0,0,0,0,0,0,0,0,0,0,0,0,0,0,0,0,0,0,0,,,,0,,,,,,,,,
3122,Internal,613.0,1109.0,38854,54,16.0,2.5,0.0,20.0,29.0,10.0,3.0,20,0,0,0,0,0,50,181,38,0,0,0,0,0,0,0,0,0,0,0,0,,,,0,,,,,,,,,
3123,Internal,844.0,1499.0,61788,50,15.8,17.7,1.0,28.5,109.5,0.5,233.0,8,0,0,0,0,0,73,240,31,0,0,0,0,0,0,0,0,0,0,0,0,,,,0,,,,,,,,,
3124,Internal,239.0,641.0,45491,41,22.4,11.8,0.0,2.0,11.0,0.0,13.0,17,0,0,0,0,0,0,0,0,0,0,0,0,0,0,0,0,0,0,0,0,,,,0,,,,,,,,,
3125,Internal,1050.5,2514.5,52083,45,19.3,16.9,4.0,74.0,119.0,9.0,43.0,40,0,0,0,0,0,0,0,0,0,0,0,0,397,0,0,0,0,0,0,0,,,,0,,,,,,,,,
3126,Internal,251.0,587.0,103671,45,21.7,25.6,35.0,137.0,50.0,2.5,0.0,30,0,0,0,0,0,0,0,0,0,0,0,0,0,0,0,0,0,0,0,0,,,,0,,,,,,,,,
3127,Internal,134.5,278.5,26759,33,20.3,24.0,0.0,3.0,4.0,0.0,2.0,43,0,0,0,0,0,0,0,0,0,0,0,0,0,0,0,0,0,0,0,0,,,,0,,,,,,,,,
3128,Internal,168.0,425.0,66987,53,17.3,8.2,813.0,875.0,956.0,217.5,2366.0,8,0,0,0,0,0,0,0,0,0,0,0,0,0,0,0,0,0,0,0,0,,,,0,,,,,,,,,
3129,Internal,489.0,1143.0,72132,48,21.8,13.4,8.0,5.0,161.5,770.0,127.0,9,0,0,0,0,0,0,0,0,0,0,0,0,0,0,0,0,0,0,0,0,,,,0,,,,,,,,,
3130,Internal,1132.0,2256.5,31909,52,21.9,8.5,810.5,427.5,1870.0,177.5,621.0,35,0,0,0,0,0,0,0,0,0,0,0,0,0,0,0,0,0,0,0,0,,,,0,,,,,,,,,
3131,Internal,73.0,187.5,69744,50,27.0,13.4,0.0,24.5,215.5,23.0,65.0,20,0,0,0,0,0,0,0,0,0,0,0,0,0,0,0,0,0,0,0,0,,,,0,,,,,,,,,
3132,Internal,418.5,1240.5,99006,45,29.4,11.0,19.0,158.0,378.0,67.0,124.5,29,0,0,0,0,0,0,0,0,0,0,0,0,2666,0,0,0,0,0,0,0,,,,0,,,,,,,,,
3133,Internal,1524.0,4172.0,82781,45,35.0,10.5,0.0,3.0,130.0,0.0,12.5,31,0,0,0,0,0,0,0,0,0,0,0,0,0,0,0,0,0,0,0,0,,,,0,,,,,,,,,
3134,Internal,241.0,652.0,82781,45,35.0,10.5,0.0,14.5,31.0,0.0,2.0,31,0,0,0,0,0,0,0,0,0,0,0,0,0,0,0,0,0,0,0,0,,,,0,,,,,,,,,
3135,Internal,131.0,397.0,45491,41,22.4,11.8,0.0,14.0,10.0,0.0,0.0,22,0,0,0,0,0,0,0,0,0,0,0,0,0,0,0,0,0,0,0,0,,,,0,,,,,,,,,
3136,Internal,207.0,577.5,49200,39,25.9,13.8,188.0,139.5,891.0,301.0,345.0,30,0,0,0,0,0,0,0,0,0,0,0,0,0,0,0,0,0,0,0,0,,,,0,,,,,,,,,
3137,Internal,19.0,53.5,37778,43,8.2,11.2,70.0,39.0,75.0,4.0,17.0,28,0,0,0,0,0,0,0,0,0,0,0,0,0,0,0,0,0,0,0,0,,,,0,,,,,,,,,
3138,Internal,1029.5,2866.0,67656,37,26.0,9.8,0.0,80.0,2.0,6.0,8.0,25,0,0,0,0,0,0,0,0,0,0,0,0,583,0,0,0,0,0,0,0,,,,0,,,,,,,,,
3139,Internal,358.5,989.5,67656,37,26.0,9.8,54.0,2.0,27.5,4.5,15.0,39,0,0,0,0,0,0,0,0,0,0,0,0,0,0,0,0,0,0,0,0,,,,0,,,,,,,,,
3140,Internal,399.0,1038.5,47109,38,26.7,13.3,6.0,20.0,31.0,0.0,0.0,55,0,0,0,0,0,0,0,0,0,0,0,0,0,0,0,0,0,0,0,0,,,,0,,,,,,,,,
3141,Internal,114.0,222.5,47778,39,20.1,12.8,3.0,2.0,33.0,0.0,0.0,32,0,0,0,0,0,0,0,0,0,0,0,0,0,0,0,0,0,0,0,0,,,,0,,,,,,,,,
3142,Internal,82.5,177.5,36500,39,23.8,22.2,34.0,1.0,169.5,5.0,5.5,35,0,0,0,0,0,0,0,0,0,0,0,0,0,0,0,0,0,0,0,0,,,,0,,,,,,,,,
3143,Internal,174.5,513.5,36500,39,23.8,22.2,6.0,5.0,1.0,0.0,0.0,32,0,0,0,0,0,0,0,0,0,0,0,0,0,0,0,0,0,0,0,0,,,,0,,,,,,,,,
3144,Internal,300.5,621.0,36500,39,23.8,22.2,0.0,31.0,2.0,9.0,2.0,28,0,0,0,0,0,0,0,0,0,0,0,0,185,0,0,0,0,0,0,0,,,,0,,,,,,,,,
3145,Internal,89.5,230.5,36500,39,23.8,22.2,8.0,49.0,110.0,20.0,75.0,9,0,0,0,0,0,0,0,0,0,0,0,0,0,0,0,0,0,0,0,0,,,,0,,,,,,,,,
3146,Internal,425.0,1069.0,47727,42,21.7,11.3,13.0,79.0,37.0,0.0,10.0,12,0,0,0,0,0,0,0,0,0,0,0,0,853,0,0,0,0,0,0,0,,,,0,,,,,,,,,
3147,Internal,452.5,1126.0,45491,41,22.4,11.8,3.0,15.0,17.0,0.0,0.0,26,0,0,0,0,0,0,0,0,0,0,0,0,0,0,0,0,0,0,0,0,,,,0,,,,,,,,,
3501,External,,,,,,,,,,,,,,,,,,,,,,,,,,,,,,,,,,,,,,671,Short,30.114181,29.033555,17.347476,3.45184,16.724974,3.327973
3502,External,,,,,,,,,,,,,,,,,,,,,,,,,,,,,,,,,,,,,,7807,Short,23.850638,55.350046,1.782195,15.972727,1.669645,1.37475
3503,External,,,,,,,,,,,,,,,,,,,,,,,,,,,,,,,,,,,,,,2243,Short,21.107867,66.140195,0.929627,7.234837,4.010627,0.576847
3504,External,,,,,,,,,,,,,,,,,,,,,,,,,,,,,,,,,,,,,,5743,Short,20.480578,70.933982,0.483893,4.863568,2.260894,0.977085
3505,External,,,,,,,,,,,,,,,,,,,,,,,,,,,,,,,,,,,,,,1171,Short,38.415178,43.170256,5.194611,3.47604,5.837606,3.906308
3506,External,,,,,,,,,,,,,,,,,,,,,,,,,,,,,,,,,,,,,,871,Short,38.415178,43.170256,5.194611,3.47604,5.837606,3.906308
3507,External,,,,,,,,,,,,,,,,,,,,,,,,,,,,,,,,,,,,,,1571,Short,38.415178,43.170256,5.194611,3.47604,5.837606,3.906308
3508,External,,,,,,,,,,,,,,,,,,,,,,,,,,,,,,,,,,,,,,471,Short,38.415178,43.170256,5.194611,3.47604,5.837606,3.906308
3509,External,,,,,,,,,,,,,,,,,,,,,,,,,,,,,,,,,,,,,,4186,Short,20.902172,66.053013,0.476592,7.011016,3.505636,2.05157
3510,External,,,,,,,,,,,,,,,,,,,,,,,,,,,,,,,,,,,,,,2743,Very Short,35.084332,56.245017,1.09171,3.528244,2.38433,1.666367
3511,External,,,,,,,,,,,,,,,,,,,,,,,,,,,,,,,,,,,,,,1371,Very Short,38.415178,43.170256,5.194611,3.47604,5.837606,3.906308
3512,External,,,,,,,,,,,,,,,,,,,,,,,,,,,,,,,,,,,,,,1757,Very Short,15.030485,82.9447,0.558103,0.039112,1.22789,0.19971
3513,External,,,,,,,,,,,,,,,,,,,,,,,,,,,,,,,,,,,,,,179,Very Short,15.030485,82.9447,0.558103,0.039112,1.22789,0.19971
3514,External,,,,,,,,,,,,,,,,,,,,,,,,,,,,,,,,,,,,,,471,Very Short,15.030485,82.9447,0.558103,0.039112,1.22789,0.19971
3515,External,,,,,,,,,,,,,,,,,,,,,,,,,,,,,,,,,,,,,,3214,Short,19.437666,53.007717,0.815092,6.949453,2.993792,16.79628
3516,External,,,,,,,,,,,,,,,,,,,,,,,,,,,,,,,,,,,,,,1100,Very Short,26.830786,22.50375,23.745733,3.808884,19.916227,3.19462
3517,External,,,,,,,,,,,,,,,,,,,,,,,,,,,,,,,,,,,,,,2300,Very Short,26.830786,22.50375,23.745733,3.808884,19.916227,3.19462
3518,External,,,,,,,,,,,,,,,,,,,,,,,,,,,,,,,,,,,,,,1843,Very Short,26.830786,22.50375,23.745733,3.808884,19.916227,3.19462
3519,External,,,,,,,,,,,,,,,,,,,,,,,,,,,,,,,,,,,,,,40200,Long,46.151071,40.06058,2.376696,9.510893,0.600982,1.299777
3520,External,,,,,,,,,,,,,,,,,,,,,,,,,,,,,,,,,,,,,,6400,Very Short,7.52147,76.402664,0.485999,10.293142,4.371149,0.925576
3521,External,,,,,,,,,,,,,,,,,,,,,,,,,,,,,,,,,,,,,,5129,Very Short,7.141389,83.455998,0.522182,4.911957,2.001004,1.967469
3522,External,,,,,,,,,,,,,,,,,,,,,,,,,,,,,,,,,,,,,,1143,Very Short,7.141389,83.455998,0.522182,4.911957,2.001004,1.967469
3523,External,,,,,,,,,,,,,,,,,,,,,,,,,,,,,,,,,,,,,,1014,Very Short,7.141389,83.455998,0.522182,4.911957,2.001004,1.967469
3524,External,,,,,,,,,,,,,,,,,,,,,,,,,,,,,,,,,,,,,,19100,Medium,7.421853,77.660276,0.245955,9.432864,1.570691,3.668361
3525,External,,,,,,,,,,,,,,,,,,,,,,,,,,,,,,,,,,,,,,1071,Medium,7.141389,83.455998,0.522182,4.911957,2.001004,1.967469
3526,External,,,,,,,,,,,,,,,,,,,,,,,,,,,,,,,,,,,,,,1071,Medium,7.141389,83.455998,0.522182,4.911957,2.001004,1.967469
3527,External,,,,,,,,,,,,,,,,,,,,,,,,,,,,,,,,,,,,,,7271,Medium,41.152015,50.704608,1.229669,2.936514,2.177282,1.799912
3528,External,,,,,,,,,,,,,,,,,,,,,,,,,,,,,,,,,,,,,,4086,Medium,46.591422,43.483878,2.302073,4.9316,1.407881,1.283146
3529,External,,,,,,,,,,,,,,,,,,,,,,,,,,,,,,,,,,,,,,871,Medium,51.72497,32.176485,6.214746,3.709954,3.865999,2.307846
3530,External,,,,,,,,,,,,,,,,,,,,,,,,,,,,,,,,,,,,,,6429,Medium,8.065283,81.552519,0.239971,4.530663,3.699501,1.912063
3531,External,,,,,,,,,,,,,,,,,,,,,,,,,,,,,,,,,,,,,,971,Medium,56.491652,26.649019,9.538477,1.916944,4.499621,0.904287
3532,External,,,,,,,,,,,,,,,,,,,,,,,,,,,,,,,,,,,,,,3314,Medium,50.020296,38.524284,0.312876,7.000959,1.604068,2.537518
3533,External,,,,,,,,,,,,,,,,,,,,,,,,,,,,,,,,,,,,,,671,Medium,16.155821,71.390492,0.516558,5.196224,4.969653,1.771252
3534,External,,,,,,,,,,,,,,,,,,,,,,,,,,,,,,,,,,,,,,1686,Medium,16.155821,71.390492,0.516558,5.196224,4.969653,1.771252
3535,External,,,,,,,,,,,,,,,,,,,,,,,,,,,,,,,,,,,,,,200,Very Short,16.155821,71.390492,0.516558,5.196224,4.969653,1.771252
3536,External,,,,,,,,,,,,,,,,,,,,,,,,,,,,,,,,,,,,,,200,Very Short,14.03,50.33,4.61,3.17,16.52,11.35
3537,External,,,,,,,,,,,,,,,,,,,,,,,,,,,,,,,,,,,,,,100,Very Short,14.03,50.33,4.61,3.17,16.52,11.35
3538,External,,,,,,,,,,,,,,,,,,,,,,,,,,,,,,,,,,,,,,1071,Very Short,14.03,50.33,4.61,3.17,16.52,11.35
3539,External,,,,,,,,,,,,,,,,,,,,,,,,,,,,,,,,,,,,,,4079,Very Short,3.671242,84.795575,0.114299,1.794868,6.70645,2.917566
3540,External,,,,,,,,,,,,,,,,,,,,,,,,,,,,,,,,,,,,,,34786,Long,26.410177,58.738719,1.42776,11.149353,0.959432,1.314559
3541,External,,,,,,,,,,,,,,,,,,,,,,,,,,,,,,,,,,,,,,3257,Very Short,2.363251,89.717781,0.104147,0.477083,4.480367,2.85737
3542,External,,,,,,,,,,,,,,,,,,,,,,,,,,,,,,,,,,,,,,1514,Very Short,66.315061,28.711493,1.407442,0.885594,1.446753,1.233658
3543,External,,,,,,,,,,,,,,,,,,,,,,,,,,,,,,,,,,,,,,1000,Very Short,73.982918,22.998244,1.901363,0.031264,1.086211,0.0
3544,External,,,,,,,,,,,,,,,,,,,,,,,,,,,,,,,,,,,,,,47814,Long,32.299463,52.691949,1.334396,11.548374,0.766744,1.359073
3545,External,,,,,,,,,,,,,,,,,,,,,,,,,,,,,,,,,,,,,,2357,Very Short,0.0,83.159493,0.0,0.0,10.777031,6.063476
3546,External,,,,,,,,,,,,,,,,,,,,,,,,,,,,,,,,,,,,,,671,Very Short,14.03,50.33,4.61,3.17,16.52,11.35
3547,External,,,,,,,,,,,,,,,,,,,,,,,,,,,,,,,,,,,,,,4729,Short,0.0,95.505096,0.007905,0.006465,2.327557,2.152977
3548,External,,,,,,,,,,,,,,,,,,,,,,,,,,,,,,,,,,,,,,34814,Long,69.488945,14.197825,3.464845,12.011358,0.428387,0.408641
3549,External,,,,,,,,,,,,,,,,,,,,,,,,,,,,,,,,,,,,,,9371,Very Short,30.893249,59.425065,1.600382,3.626302,1.44445,3.010552
3550,External,,,,,,,,,,,,,,,,,,,,,,,,,,,,,,,,,,,,,,2300,Very Short,34.617882,58.09608,1.80779,1.131365,2.136964,2.209919
3551,External,,,,,,,,,,,,,,,,,,,,,,,,,,,,,,,,,,,,,,2471,Very Short,3.0,27.0,4.0,2.0,40.0,24.0
3552,External,,,,,,,,,,,,,,,,,,,,,,,,,,,,,,,,,,,,,,39400,Medium,18.0,70.0,2.0,5.0,3.0,2.0
3553,External,,,,,,,,,,,,,,,,,,,,,,,,,,,,,,,,,,,,,,1314,Short,14.03,50.33,4.61,3.17,16.52,11.35
3554,External,,,,,,,,,,,,,,,,,,,,,,,,,,,,,,,,,,,,,,1014,Very Short,3.0,27.0,4.0,2.0,40.0,24.0
3555,External,,,,,,,,,,,,,,,,,,,,,,,,,,,,,,,,,,,,,,4871,Very Short,12.941564,79.287329,0.593997,0.636571,2.571691,3.968848
3556,External,,,,,,,,,,,,,,,,,,,,,,,,,,,,,,,,,,,,,,36229,Medium,35.516554,55.356373,1.370765,4.886108,0.713754,2.156446
3557,External,,,,,,,,,,,,,,,,,,,,,,,,,,,,,,,,,,,,,,1543,Very Short,42.916036,48.759469,2.366364,3.736373,1.417212,0.804545
3558,External,,,,,,,,,,,,,,,,,,,,,,,,,,,,,,,,,,,,,,1014,Very Short,13.0,79.0,1.0,1.0,2.0,4.0
3559,External,,,,,,,,,,,,,,,,,,,,,,,,,,,,,,,,,,,,,,2929,Very Short,9.353698,83.230032,0.873519,2.913822,1.094483,2.534446
3560,External,,,,,,,,,,,,,,,,,,,,,,,,,,,,,,,,,,,,,,1171,Very Short,12.941564,79.287329,0.593997,0.636571,2.571691,3.968848
3561,External,,,,,,,,,,,,,,,,,,,,,,,,,,,,,,,,,,,,,,73829,Long,55.393226,28.164876,2.773132,12.273348,0.578473,0.816944
3562,External,,,,,,,,,,,,,,,,,,,,,,,,,,,,,,,,,,,,,,8057,Short,15.049995,78.634902,0.66051,0.172632,5.030526,0.451434
3563,External,,,,,,,,,,,,,,,,,,,,,,,,,,,,,,,,,,,,,,1371,Very Short,0.031458,0.898384,1.173673,2.178006,33.51818,62.2003
3564,External,,,,,,,,,,,,,,,,,,,,,,,,,,,,,,,,,,,,,,5314,Very Short,0.0,98.544555,0.008537,0.022735,1.126365,0.297808
3565,External,,,,,,,,,,,,,,,,,,,,,,,,,,,,,,,,,,,,,,5729,Short,0.030403,96.617918,0.002415,0.001122,2.175591,1.172551
3566,External,,,,,,,,,,,,,,,,,,,,,,,,,,,,,,,,,,,,,,13029,Short,33.915234,58.715077,0.693612,2.423154,3.073276,1.179647
3567,External,,,,,,,,,,,,,,,,,,,,,,,,,,,,,,,,,,,,,,900,Very Short,0.030403,96.617918,0.002415,0.001122,2.175591,1.172551
3568,External,,,,,,,,,,,,,,,,,,,,,,,,,,,,,,,,,,,,,,1471,Very Short,3.0,27.0,4.0,2.0,40.0,24.0
3569,External,,,,,,,,,,,,,,,,,,,,,,,,,,,,,,,,,,,,,,1000,Very Short,3.0,27.0,4.0,2.0,40.0,24.0
3570,External,,,,,,,,,,,,,,,,,,,,,,,,,,,,,,,,,,,,,,5814,Short,18.195981,75.137702,0.356896,1.696156,2.277377,2.335888
3571,External,,,,,,,,,,,,,,,,,,,,,,,,,,,,,,,,,,,,,,11229,Short,15.0,78.0,1.0,2.0,2.0,2.0
3572,External,,,,,,,,,,,,,,,,,,,,,,,,,,,,,,,,,,,,,,6500,Short,15.0,78.0,1.0,2.0,2.0,2.0
3573,External,,,,,,,,,,,,,,,,,,,,,,,,,,,,,,,,,,,,,,1714,Very Short,8.0,86.0,1.0,2.0,1.0,2.0
3574,External,,,,,,,,,,,,,,,,,,,,,,,,,,,,,,,,,,,,,,11114,Short,18.195981,75.137702,0.356896,1.696156,2.277377,2.335888
3575,External,,,,,,,,,,,,,,,,,,,,,,,,,,,,,,,,,,,,,,3414,Very Short,3.0,27.0,4.0,2.0,40.0,24.0
3576,External,,,,,,,,,,,,,,,,,,,,,,,,,,,,,,,,,,,,,,3614,Short,1.280436,88.993593,0.093641,2.329144,4.04021,3.262977
3577,External,,,,,,,,,,,,,,,,,,,,,,,,,,,,,,,,,,,,,,2543,Very Short,1.418388,11.309017,5.592121,4.133851,44.586814,32.95981
3578,External,,,,,,,,,,,,,,,,,,,,,,,,,,,,,,,,,,,,,,60307,Long,10.714766,78.263214,0.801551,6.145335,1.152165,2.922969
3579,External,,,,,,,,,,,,,,,,,,,,,,,,,,,,,,,,,,,,,,8814,Medium,22.213185,67.745208,0.532472,5.330979,1.888354,2.289802
3580,External,,,,,,,,,,,,,,,,,,,,,,,,,,,,,,,,,,,,,,1371,Short,2.598573,26.347008,3.972654,2.406216,40.278857,24.396693
3581,External,,,,,,,,,,,,,,,,,,,,,,,,,,,,,,,,,,,,,,1886,Short,2.432813,91.188317,0.26164,2.16429,2.144576,1.808364
3582,External,,,,,,,,,,,,,,,,,,,,,,,,,,,,,,,,,,,,,,400,Short,65.260343,10.815836,15.877723,4.644822,2.631473,0.769803
3583,External,,,,,,,,,,,,,,,,,,,,,,,,,,,,,,,,,,,,,,31229,Long,13.113495,74.007437,0.547293,6.257607,1.209541,4.864627
3584,External,,,,,,,,,,,,,,,,,,,,,,,,,,,,,,,,,,,,,,2400,Short,65.260343,10.815836,15.877723,4.644822,2.631473,0.769803
3585,External,,,,,,,,,,,,,,,,,,,,,,,,,,,,,,,,,,,,,,671,Very Short,65.260343,10.815836,15.877723,4.644822,2.631473,0.769803
3586,External,,,,,,,,,,,,,,,,,,,,,,,,,,,,,,,,,,,,,,193,Very Short,65.260343,10.815836,15.877723,4.644822,2.631473,0.769803
3587,External,,,,,,,,,,,,,,,,,,,,,,,,,,,,,,,,,,,,,,3800,Very Short,51.867259,27.610196,1.394327,14.233252,3.250495,1.64447
3588,External,,,,,,,,,,,,,,,,,,,,,,,,,,,,,,,,,,,,,,3586,Short,1.466684,92.617326,0.034446,0.546877,4.274363,1.060303
3589,External,,,,,,,,,,,,,,,,,,,,,,,,,,,,,,,,,,,,,,5014,Short,1.816866,79.79659,0.107203,1.699325,9.03095,7.549066
3590,External,,,,,,,,,,,,,,,,,,,,,,,,,,,,,,,,,,,,,,5157,Short,26.77,70.83,0.49,0.17,0.94,0.8
3591,External,,,,,,,,,,,,,,,,,,,,,,,,,,,,,,,,,,,,,,20100,Medium,26.768929,70.831571,0.494398,0.171807,0.937721,0.795574
3592,External,,,,,,,,,,,,,,,,,,,,,,,,,,,,,,,,,,,,,,2786,Very Short,41.551965,55.995679,0.764668,0.271851,1.410807,0.005029
3593,External,,,,,,,,,,,,,,,,,,,,,,,,,,,,,,,,,,,,,,177400,Long,33.084946,54.512534,1.542284,8.217794,0.905796,1.736646
3594,External,,,,,,,,,,,,,,,,,,,,,,,,,,,,,,,,,,,,,,3629,Very Short,3.704933,89.414632,0.102592,0.0,3.882793,2.895051
3595,External,,,,,,,,,,,,,,,,,,,,,,,,,,,,,,,,,,,,,,3757,Very Short,3.704933,89.414632,0.102592,0.0,3.882793,2.895051
3596,External,,,,,,,,,,,,,,,,,,,,,,,,,,,,,,,,,,,,,,10200,Very Short,3.704933,89.414632,0.102592,0.0,3.882793,2.895051
3597,External,,,,,,,,,,,,,,,,,,,,,,,,,,,,,,,,,,,,,,5114,Very Short,3.704933,89.414632,0.102592,0.0,3.882793,2.895051
3598,External,,,,,,,,,,,,,,,,,,,,,,,,,,,,,,,,,,,,,,4000,Very Short,37.984963,50.66984,0.920441,7.201404,2.477747,0.745606
3599,External,,,,,,,,,,,,,,,,,,,,,,,,,,,,,,,,,,,,,,2643,Very Short,32.820855,54.631286,0.916349,7.143726,1.439687,3.048097
3600,External,,,,,,,,,,,,,,,,,,,,,,,,,,,,,,,,,,,,,,786,Short,30.114181,29.033555,17.347476,3.45184,16.724974,3.327973
