node_id,zone_id,x_coord,y_coord
1,1,-79.207968,35.858511
2,2,-79.16262,35.82148
3,3,-79.144215,35.853835
4,4,-79.108711,35.853376
5,5,-79.09874,35.836521
6,6,-79.112692,35.819797
7,7,-79.090478,35.819931
8,8,-79.144562,35.789827
9,9,-79.102143,35.803909
10,10,-79.129335,35.805639
11,11,-79.071072,35.750109
12,12,-79.070123,35.763635
13,13,-79.042124,35.796036
14,14,-79.083942,35.791732
15,15,-79.074671,35.811282
16,16,-79.043953,35.820393
17,17,-79.076843,35.828291
18,18,-79.041604,35.846486
19,19,-79.079044,35.846432
20,20,-79.235975,35.807838
21,21,-79.274174,35.79369
22,22,-79.338036,35.793682
23,23,-79.189401,35.779442
24,24,-79.222011,35.769687
25,25,-79.351774,35.765976
26,26,-79.283457,35.752926
27,27,-79.365843,35.740129
28,28,-79.310452,35.719226
29,29,-79.259665,35.706352
30,30,-79.151549,35.653589
31,31,-79.203915,35.637915
32,32,-78.976319,35.728532
33,33,-78.921506,35.840109
34,34,-78.963921,35.854267
35,35,-78.924338,35.857134
36,36,-78.943088,35.806867
37,37,-78.952624,35.771855
38,38,-78.987878,35.768026
39,39,-78.984583,35.740537
40,40,-78.985521,35.788657
41,41,-79.019779,35.857498
42,42,-79.009813,35.818572
43,43,-78.990902,35.85566
44,44,-78.973854,35.701066
45,45,-79.057721,35.657151
46,46,-79.044154,35.628376
47,47,-78.995762,35.635919
48,48,-79.002927,35.58244
49,49,-79.025864,35.609154
50,50,-79.013183,35.668143
51,51,-78.994828,35.55344
52,52,-78.946066,35.566879
53,53,-79.065947,35.613475
54,54,-79.090165,35.657386
55,55,-79.077484,35.634855
56,56,-79.178533,35.768709
57,57,-79.182124,35.725375
58,58,-79.205116,35.753986
59,59,-79.191209,35.73765
60,60,-79.207868,35.733409
61,61,-79.216587,35.743349
62,62,-79.143576,35.726012
63,63,-79.154081,35.762223
64,64,-79.110203,35.779428
65,65,-79.170283,35.726774
66,66,-79.138356,35.735248
67,67,-79.122036,35.767663
68,68,-79.095337,35.739761
69,69,-79.1483,35.711978
70,70,-79.171895,35.715282
71,71,-79.182741,35.717622
72,72,-79.21583,35.71366
73,73,-79.210089,35.678012
74,74,-79.169739,35.691362
75,75,-79.117843,35.685041
76,76,-79.111348,35.717053
77,77,-79.069176,35.716527
78,78,-79.005431,35.911415
79,79,-79.001874,35.896877
80,80,-78.993609,35.895912
81,81,-78.838317,35.8728
82,82,-78.853944,35.868542
83,83,-78.8473,35.882499
84,84,-78.851704,35.879844
85,85,-78.858843,35.891773
86,86,-78.944932,36.009393
87,87,-78.891068,36.023878
88,88,-78.887323,36.017417
89,89,-78.890811,36.018395
90,90,-78.887552,36.024105
91,91,-78.883394,36.030376
92,92,-78.882985,36.025155
93,93,-78.900745,36.036734
94,94,-78.898331,36.032199
95,95,-78.893096,36.024898
96,96,-78.893441,36.016576
97,97,-78.902732,36.026578
98,98,-78.903083,36.023286
99,99,-78.908695,36.032099
100,100,-78.910524,36.023808
101,101,-78.909439,36.026764
102,102,-78.907226,36.038279
103,103,-78.88843,36.010758
104,104,-78.881431,36.010364
105,105,-78.873357,36.009283
106,106,-78.883311,36.006842
107,107,-78.890421,36.006848
108,108,-78.888704,36.004945
109,109,-78.898389,36.004304
110,110,-78.90198,36.004352
111,111,-78.894269,36.01475
112,112,-78.892962,36.006057
113,113,-78.895147,36.006699
114,114,-78.898518,36.007378
115,115,-78.90252,36.018259
116,116,-78.909253,36.018959
117,117,-78.915888,36.018873
118,118,-78.914464,36.022126
119,119,-78.915448,36.015115
120,120,-78.915685,36.011043
121,121,-78.902226,36.014875
122,122,-78.906784,36.015054
123,123,-78.897166,36.011626
124,124,-78.901463,36.011454
125,125,-78.90711,36.011504
126,126,-78.902388,36.008652
127,127,-78.908713,36.00693
128,128,-78.931869,36.025039
129,129,-78.926088,36.025973
130,130,-78.926157,36.022945
131,131,-78.920976,36.02259
132,132,-78.918899,36.025076
133,133,-78.931685,36.01992
134,134,-78.922111,36.019391
135,135,-78.925583,36.019817
136,136,-78.939691,36.024989
137,137,-78.945086,36.02108
138,138,-78.938607,36.019923
139,139,-78.930021,36.016536
140,140,-78.922963,36.016392
141,141,-78.926023,36.008217
142,142,-78.923509,36.00765
143,143,-78.920418,36.006815
144,144,-78.947273,36.018206
145,145,-78.929226,36.009854
146,146,-78.931681,36.011736
147,147,-78.927244,36.014547
148,148,-78.923649,36.014774
149,149,-78.932321,36.015125
150,150,-78.920295,36.014063
151,151,-78.923323,36.011085
152,152,-78.920779,36.008593
153,153,-78.929815,36.014448
154,154,-78.920904,36.005289
155,155,-78.925912,36.00654
156,156,-78.932786,36.008163
157,157,-78.92337,36.001574
158,158,-78.928539,36.003227
159,159,-78.920539,36.001303
160,160,-78.918045,36.004157
161,161,-78.918005,35.998866
162,162,-78.915184,36.001893
163,163,-78.91595,35.993641
164,164,-78.922398,35.988782
165,165,-78.927015,35.979118
166,166,-78.923243,35.983882
167,167,-78.939847,35.979448
168,168,-78.944242,35.982666
169,169,-78.936658,35.987449
170,170,-78.949881,35.991207
171,171,-78.932401,35.998627
172,172,-78.933839,35.994609
173,173,-78.937531,35.995908
174,174,-78.926715,35.994645
175,175,-78.929604,35.988743
176,176,-78.925781,35.998878
177,177,-78.910852,35.999969
178,178,-78.90941,35.997896
179,179,-78.90949,35.99558
180,180,-78.910273,35.990389
181,181,-78.906598,35.993649
182,182,-78.912965,35.993041
183,183,-78.911121,35.995608
184,184,-78.906784,35.995875
185,185,-78.913587,35.997673
186,186,-78.91174,35.977471
187,187,-78.909736,35.984179
188,188,-78.914813,35.988251
189,189,-78.910597,35.987794
190,190,-78.911024,35.985941
191,191,-78.915336,35.983931
192,192,-78.920272,35.971749
193,193,-78.917912,35.979222
194,194,-78.904253,35.997478
195,195,-78.903392,35.996218
196,196,-78.90126,35.994971
197,197,-78.901948,35.99625
198,198,-78.900294,35.996284
199,199,-78.899718,35.994208
200,200,-78.90219,35.997449
201,201,-78.89881,35.99522
202,202,-78.896539,35.993163
203,203,-78.899283,35.994641
204,204,-78.897373,35.992136
205,205,-78.897436,35.991503
206,206,-78.904945,36.003129
207,207,-78.905957,36.001048
208,208,-78.907009,36.002545
209,209,-78.910004,36.002448
210,210,-78.90617,35.99884
211,211,-78.902066,35.999251
212,212,-78.908243,35.999914
213,213,-78.903258,36.004092
214,214,-78.90697,35.99793
215,215,-78.8952,35.999453
216,216,-78.899515,35.999024
217,217,-78.898855,36.000612
218,218,-78.898363,36.002971
219,219,-78.896973,35.996455
220,220,-78.900722,36.002782
221,221,-78.902408,36.002875
222,222,-78.883717,36.002336
223,223,-78.879903,36.001061
224,224,-78.883543,35.999956
225,225,-78.883946,35.997063
226,226,-78.892511,35.999768
227,227,-78.887965,36.001898
228,228,-78.888847,35.998348
229,229,-78.891052,35.999608
230,230,-78.886585,35.997309
231,231,-78.887292,35.995763
232,232,-78.880189,35.995428
233,233,-78.879881,35.993229
234,234,-78.882408,35.990922
235,235,-78.884387,35.991611
236,236,-78.879919,35.990228
237,237,-78.872835,35.987113
238,238,-78.87615,35.986687
239,239,-78.883405,35.987708
240,240,-78.879309,35.986737
241,241,-78.869195,35.979994
242,242,-78.87899,35.981316
243,243,-78.871103,35.983288
244,244,-78.871911,35.976845
245,245,-78.876004,35.983329
246,246,-78.880948,35.98419
247,247,-78.869503,36.005963
248,248,-78.871141,35.999655
249,249,-78.86863,35.993925
250,250,-78.867775,36.000863
251,251,-78.863846,35.998627
252,252,-78.864749,35.989554
253,253,-78.865924,35.983237
254,254,-78.868545,35.988441
255,255,-78.876914,35.990333
256,256,-78.872818,35.992321
257,257,-78.876932,35.993055
258,258,-78.872837,35.994321
259,259,-78.877806,36.00085
260,260,-78.87677,35.99693
261,261,-78.894428,35.996766
262,262,-78.891999,35.996314
263,263,-78.891992,35.993781
264,264,-78.889615,35.995888
265,265,-78.97026,36.020837
266,266,-78.887724,35.993563
267,267,-78.887462,35.98919
268,268,-78.889068,35.990588
269,269,-78.892915,35.992066
270,270,-78.887125,35.984097
271,271,-78.886325,35.986009
272,272,-78.894921,35.987749
273,273,-78.894782,35.990349
274,274,-78.888295,35.988343
275,275,-78.892722,35.988065
276,276,-78.890073,35.987395
277,277,-78.890436,35.985958
278,278,-78.896218,35.989717
279,279,-78.892213,35.987209
280,280,-78.905576,35.981125
281,281,-78.904496,35.985042
282,282,-78.90515,35.989232
283,283,-78.907098,35.985664
284,284,-78.904635,35.99317
285,285,-78.903428,35.991619
286,286,-78.901075,35.992375
287,287,-78.89887,35.991552
288,288,-78.901588,35.990941
289,289,-78.901233,35.983667
290,290,-78.896163,35.984366
291,291,-78.899928,35.988236
292,292,-78.897515,35.989006
293,293,-78.893192,35.984684
294,294,-78.900871,35.985112
295,295,-78.895391,35.980842
296,296,-78.897678,35.978735
297,297,-78.89443,35.97775
298,298,-78.902322,35.980117
299,299,-78.900333,35.968766
300,300,-78.904914,35.977626
301,301,-78.899704,35.973241
302,302,-78.904896,35.972589
303,303,-78.902393,35.965504
304,304,-78.91026,35.968162
305,305,-78.888075,35.971228
306,306,-78.89223,35.981371
307,307,-78.878865,35.978758
308,308,-78.879489,35.975781
309,309,-78.888315,35.977484
310,310,-78.886263,35.981398
311,311,-78.947985,35.999674
312,312,-78.945502,36.011892
313,313,-78.90144,36.099629
314,314,-78.914177,36.114603
315,315,-78.921474,36.02973
316,316,-78.931767,36.004723
317,317,-78.944528,36.014001
318,318,-78.935083,36.015803
319,319,-78.934954,36.010224
320,320,-78.940361,36.011692
321,321,-78.939697,36.009426
322,322,-78.955901,36.00387
323,323,-78.952785,36.00701
324,324,-78.950719,36.013542
325,325,-78.949263,36.006425
326,326,-78.915986,36.005962
327,327,-78.888224,36.117282
328,328,-78.863264,36.106491
329,329,-78.873335,36.094082
330,330,-78.859606,36.080929
331,331,-78.892024,36.085838
332,332,-78.888036,36.07901
333,333,-78.906634,36.074826
334,334,-78.891048,36.103222
335,335,-78.905455,36.089217
336,336,-78.921415,36.072835
337,337,-78.919467,36.089641
338,338,-78.926479,36.08626
339,339,-78.92315,36.100695
340,340,-78.913339,36.106812
341,341,-78.936965,36.133704
342,342,-78.956897,36.131748
343,343,-78.939775,36.075919
344,344,-78.973765,36.065383
345,345,-78.954982,36.072294
346,346,-78.977022,36.074922
347,347,-78.953182,36.082044
348,348,-78.963819,36.088536
349,349,-78.9695,36.077566
350,350,-78.958418,36.113211
351,351,-78.941251,36.099165
352,352,-78.903644,36.044242
353,353,-78.924239,36.045232
354,354,-78.908348,36.044545
355,355,-78.913153,36.044548
356,356,-78.910504,36.041725
357,357,-78.925874,36.041619
358,358,-78.946663,36.035086
359,359,-78.941546,36.027304
360,360,-78.932433,36.040928
361,361,-78.932117,36.033907
362,362,-78.937081,36.035852
363,363,-78.913604,36.031011
364,364,-78.924815,36.034714
365,365,-78.911252,36.037959
366,366,-78.962339,36.021166
367,367,-78.96248,36.012615
368,368,-78.954659,36.015459
369,369,-78.952526,36.065227
370,370,-78.963377,36.052306
371,371,-78.94841,36.044358
372,372,-78.939303,36.044113
373,373,-78.977816,36.049284
374,374,-78.965614,36.038725
375,375,-78.982848,36.035791
376,376,-78.955995,36.025428
377,377,-78.950631,36.023272
378,378,-78.97921,36.031493
379,379,-78.968835,36.031324
380,380,-78.974725,36.03569
381,381,-78.876275,36.067967
382,382,-78.902857,36.069317
383,383,-78.888812,36.062494
384,384,-78.876777,36.062646
385,385,-78.870266,36.034326
386,386,-78.876737,36.040551
387,387,-78.87986,36.035377
388,388,-78.897871,36.054405
389,389,-78.88455,36.054032
390,390,-78.894219,36.048727
391,391,-78.889032,36.042153
392,392,-78.883421,36.044101
393,393,-78.874584,36.054437
394,394,-78.906283,36.052998
395,395,-78.904407,36.049044
396,396,-78.907389,36.058821
397,397,-78.915071,36.050709
398,398,-78.926561,36.066989
399,399,-78.937632,36.061326
400,400,-78.923776,36.053837
401,401,-78.932522,36.052091
402,402,-78.932017,36.047264
403,403,-78.844241,36.019461
404,404,-78.821059,36.032178
405,405,-78.850114,36.009714
406,406,-78.862219,36.009686
407,407,-78.85528,36.01349
408,408,-78.853378,36.037482
409,409,-78.864357,36.035078
410,410,-78.872452,36.020521
411,411,-78.832934,36.04223
412,412,-78.829823,36.033553
413,413,-78.853891,36.020511
414,414,-78.865934,36.023686
415,415,-78.861422,36.026058
416,416,-78.847296,36.066998
417,417,-78.812419,36.084201
418,418,-78.810402,36.056441
419,419,-78.798627,36.044469
420,420,-78.783932,36.05824
421,421,-78.836305,35.99826
422,422,-78.847912,35.990994
423,423,-78.855835,35.998438
424,424,-78.85162,35.982914
425,425,-78.859972,35.988995
426,426,-78.846265,35.976563
427,427,-78.864202,35.973503
428,428,-78.853619,35.968929
429,429,-78.804027,36.030036
430,430,-78.781679,36.03331
431,431,-78.77208,36.021425
432,432,-78.784858,35.984577
433,433,-78.794676,35.993299
434,434,-78.79576,36.017562
435,435,-78.755642,36.060242
436,436,-78.801546,35.982481
437,437,-78.808525,35.991512
438,438,-78.826847,36.019832
439,439,-78.812339,36.0103
440,440,-78.822675,35.991216
441,441,-78.831918,35.981149
442,442,-78.830735,35.975947
443,443,-78.839926,35.974725
444,444,-78.843,35.95043
445,445,-78.847212,35.936255
446,446,-78.848032,35.929124
447,447,-78.854451,35.944578
448,448,-78.843522,35.945127
449,449,-78.851249,35.961617
450,450,-78.864389,35.946373
451,451,-78.82326,35.930306
452,452,-78.82751,35.937097
453,453,-78.809611,35.940558
454,454,-78.789597,35.971801
455,455,-78.838685,35.963214
456,456,-78.825528,35.960768
457,457,-78.813874,35.972588
458,458,-78.801843,35.973164
459,459,-78.788167,35.932574
460,460,-78.769483,35.924717
461,461,-78.786771,35.946815
462,462,-78.765721,35.953245
463,463,-78.773621,35.971831
464,464,-78.753326,35.953185
465,465,-78.751662,35.932821
466,466,-78.742008,35.946213
467,467,-78.743009,36.001661
468,468,-78.74286,35.974787
469,469,-78.714043,35.989407
470,470,-78.725727,35.968322
471,471,-78.712648,35.980184
472,472,-78.928008,35.961891
473,473,-78.937104,35.964483
474,474,-78.950062,35.929577
475,475,-78.952495,35.924536
476,476,-78.956512,35.920904
477,477,-78.937665,35.94482
478,478,-78.932875,35.954373
479,479,-78.927641,35.955938
480,480,-78.941396,35.953834
481,481,-78.946035,35.947483
482,482,-78.952148,35.954022
483,483,-78.952202,35.938382
484,484,-78.958792,35.946396
485,485,-78.955908,35.930208
486,486,-78.888513,35.960482
487,487,-78.884587,35.964028
488,488,-78.87474,35.96619
489,489,-78.879592,35.971968
490,490,-78.902057,35.957371
491,491,-78.919231,35.947635
492,492,-78.920105,35.961465
493,493,-78.883132,35.952296
494,494,-78.889297,35.940731
495,495,-78.90363,35.924324
496,496,-78.897653,35.919691
497,497,-78.898145,35.939315
498,498,-78.911038,35.947151
499,499,-78.919836,35.93762
500,500,-78.91372,35.929843
501,501,-78.937915,35.913643
502,502,-78.936636,35.9287
503,503,-78.927425,35.933163
504,504,-78.930679,35.941941
505,505,-78.969736,35.877279
506,506,-78.986952,35.902834
507,507,-78.997394,35.903182
508,508,-78.987777,35.873118
509,509,-79.002889,35.884064
510,510,-79.002064,35.901219
511,511,-78.963982,35.891509
512,512,-78.974805,35.899161
513,513,-78.964992,35.911744
514,514,-78.958069,35.916355
515,515,-78.955798,35.902854
516,516,-78.976215,35.911341
517,517,-78.95537,35.899803
518,518,-78.942049,35.908878
519,519,-78.941757,35.904513
520,520,-78.94697,35.89795
521,521,-78.923094,35.91206
522,522,-78.91838,35.9201
523,523,-78.919161,35.907441
524,524,-78.933783,35.909757
525,525,-78.927461,35.905823
526,526,-78.928127,35.973632
527,527,-78.931678,35.87044
528,528,-78.921944,35.891132
529,529,-78.941875,35.886301
530,530,-78.9569,35.871347
531,531,-78.931971,35.902483
532,532,-78.936781,35.886757
533,533,-78.917102,35.896698
534,534,-78.908392,35.888717
535,535,-78.896624,35.886554
536,536,-78.903384,35.880831
537,537,-78.904553,35.90503
538,538,-78.892013,35.903238
539,539,-78.910515,35.919581
540,540,-78.903557,35.912278
541,541,-78.889838,35.910308
542,542,-78.884952,35.923226
543,543,-78.8825,35.931764
544,544,-78.881693,35.937838
545,545,-78.858781,35.959039
546,546,-78.877077,35.950419
547,547,-78.870575,35.964747
548,548,-78.868211,35.954498
549,549,-78.867404,35.962923
550,550,-78.865732,35.970021
551,551,-78.897299,35.903844
552,552,-78.900837,35.871465
553,553,-78.889307,35.883019
554,554,-78.875174,35.872318
555,555,-78.894034,35.887365
556,556,-78.895566,35.897296
557,557,-78.889364,35.889968
558,558,-78.898979,35.895529
559,559,-78.885289,35.902167
560,560,-78.892109,35.897379
561,561,-78.866391,35.895586
562,562,-78.884964,35.893419
563,563,-78.874382,35.912971
564,564,-78.863489,35.903181
565,565,-78.85409,35.898673
566,566,-78.880706,35.915764
567,567,-78.855566,35.933248
568,568,-78.860865,35.913711
569,569,-78.868632,35.920853
570,570,-78.877097,35.881713
571,571,-78.877356,35.892793
572,572,-78.865943,35.881162
573,573,-78.853275,35.889397
574,574,-78.860891,35.875321
575,575,-78.856518,35.883679
576,576,-78.868115,35.889864
577,577,-78.859288,35.880147
578,578,-78.86073,35.932181
579,579,-78.88392,35.886603
580,580,-78.815646,35.914929
581,581,-78.821685,35.902824
582,582,-78.827857,35.92393
583,583,-78.930186,35.975889
584,584,-78.844022,35.919504
585,585,-78.849184,35.907372
586,586,-78.837224,35.90175
587,587,-78.84412,35.893835
588,588,-78.84789,35.885963
589,589,-78.846745,35.869988
590,590,-78.838641,35.878592
591,591,-78.833845,35.867915
592,592,-78.84906,35.880054
593,593,-78.85313,35.874251
594,594,-78.826257,35.88412
595,595,-78.832556,35.889748
596,596,-78.843407,35.874796
597,597,-78.843125,35.879382
598,598,-78.960161,35.969591
599,599,-78.952014,35.971624
600,600,-78.939708,35.972068
601,601,-78.934945,35.971694
602,602,-78.942923,35.96281
603,603,-78.959088,35.972359
604,604,-78.949494,35.973699
605,605,-78.94633,35.968697
606,606,-78.952871,35.969031
607,607,-78.953515,35.964068
608,608,-78.957565,35.966709
609,609,-78.950786,35.958423
610,610,-78.973643,35.960194
611,611,-78.966748,35.960128
612,612,-78.959551,35.958276
613,613,-78.968221,35.953776
614,614,-78.962087,35.966422
615,615,-78.975955,35.957337
616,616,-78.958731,35.963855
617,617,-78.989237,35.96798
618,618,-78.971009,35.969491
619,619,-78.962794,35.993796
620,620,-78.9816,36.00969
621,621,-78.974808,35.982173
622,622,-78.982126,35.986077
623,623,-78.985207,35.996964
624,624,-78.992736,35.981159
625,625,-79.000671,35.951147
626,626,-78.997863,35.95353
627,627,-78.992519,35.959805
628,628,-78.96555,35.980593
629,629,-78.940606,35.974827
630,630,-78.949595,35.977109
631,631,-78.999063,35.908265
632,632,-79.005456,35.905493
633,633,-78.998317,35.947636
634,634,-78.995892,35.950215
635,635,-78.998487,35.928368
636,636,-79.002234,35.926911
637,637,-79.000805,35.937419
638,638,-78.9984,35.943606
639,639,-78.990804,35.914024
640,640,-78.978185,35.920504
641,641,-78.972726,35.951079
642,642,-78.980659,35.952145
643,643,-78.971098,35.939712
644,644,-78.987249,35.941005
645,645,-78.967755,35.928373
646,646,-78.983072,35.931906
647,647,-78.994531,35.942442
648,648,-78.99502,35.93309
649,649,-78.992797,35.920991
650,650,-78.987304,35.950488
651,651,-78.988792,35.946041
652,652,-78.978992,35.945225
653,653,-78.879652,36.147144
654,654,-78.8977,36.145038
655,655,-78.86194,36.159074
656,656,-78.866044,36.120633
657,657,-78.856683,36.12511
658,658,-78.835478,36.090084
659,659,-78.826976,36.108724
660,660,-78.816946,36.216594
661,661,-78.841003,36.187805
662,662,-78.87673,36.212143
663,663,-78.825714,36.168573
664,664,-78.807003,36.119762
665,665,-78.894662,36.174302
666,666,-78.935053,36.157747
667,667,-78.934191,36.197463
668,668,-78.944452,36.216105
669,669,-78.916021,36.231292
670,670,-78.911803,36.213383
671,671,-78.196688,36.097097
672,672,-78.310979,36.150898
673,673,-78.297264,36.118191
674,674,-78.313654,36.127533
675,675,-78.299619,36.110515
676,676,-78.302248,36.103556
677,677,-78.282417,36.154026
678,678,-78.257726,36.117929
679,679,-78.249338,36.139759
680,680,-78.283643,36.104292
681,681,-78.289184,36.111544
682,682,-78.284494,36.128024
683,683,-78.263781,36.071104
684,684,-78.255838,36.101693
685,685,-78.254689,36.079084
686,686,-78.294122,36.095526
687,687,-78.295221,36.103633
688,688,-78.30359,36.090167
689,689,-78.332252,36.078877
690,690,-78.335313,36.095108
691,691,-78.312661,36.090121
692,692,-78.323331,36.108396
693,693,-78.318149,36.068701
694,694,-78.283832,36.049641
695,695,-78.30731,36.08017
696,696,-78.295895,36.086739
697,697,-78.301717,36.07843
698,698,-78.468636,36.134381
699,699,-78.501975,36.139349
700,700,-78.523219,36.095645
701,701,-78.479994,36.097744
702,702,-78.458436,36.104066
703,703,-78.453225,36.104676
704,704,-78.463121,36.100526
705,705,-78.451419,36.100494
706,706,-78.41979,36.158234
707,707,-78.362608,36.130426
708,708,-78.445892,36.110365
709,709,-78.411531,36.110326
710,710,-78.368772,36.103216
711,711,-78.386578,36.08072
712,712,-78.4523,36.080917
713,713,-78.44194,36.096801
714,714,-78.46838,36.091669
715,715,-78.4224,36.089278
716,716,-78.538639,36.036327
717,717,-78.527584,36.060545
718,718,-78.488872,36.049903
719,719,-78.491749,36.066951
720,720,-78.513216,36.073841
721,721,-78.50935,36.033424
722,722,-78.510167,36.012453
723,723,-78.480138,36.019946
724,724,-78.488852,36.020276
725,725,-78.482336,36.035137
726,726,-78.489884,36.031266
727,727,-78.500475,36.03219
728,728,-78.473395,36.073022
729,729,-78.401316,36.041137
730,730,-78.436995,36.029451
731,731,-78.462828,36.037407
732,732,-78.466097,36.050101
733,733,-78.443575,36.051533
734,734,-78.426097,35.992602
735,735,-78.449128,35.997944
736,736,-78.471848,36.001288
737,737,-78.474115,36.026614
738,738,-78.472369,36.023517
739,739,-78.453491,36.067841
740,740,-78.469961,36.067921
741,741,-78.379613,36.033614
742,742,-78.323373,36.019286
743,743,-78.26612,36.007892
744,744,-78.289049,35.999404
745,745,-78.381062,35.998131
746,746,-78.379924,35.958953
747,747,-78.363604,35.984898
748,748,-78.384445,35.946072
749,749,-78.415126,35.981212
750,750,-78.339644,35.955944
751,751,-78.318838,35.959946
752,752,-78.309546,35.985485
753,753,-78.326361,35.980394
754,754,-78.184261,35.960714
755,755,-78.210022,36.023481
756,756,-78.228542,36.002025
757,757,-78.191401,36.069611
758,758,-78.20285,35.987698
759,759,-78.196015,35.955991
760,760,-78.184425,35.98892
761,761,-78.223225,35.93712
762,762,-78.226283,35.954569
763,763,-78.241509,35.978223
764,764,-78.245346,35.927815
765,765,-78.253526,35.954001
766,766,-78.275988,35.969066
767,767,-78.298479,35.95245
768,768,-78.278768,35.943543
769,769,-78.276956,35.929192
770,770,-78.288203,35.911269
771,771,-78.327457,35.921971
772,772,-78.25898,35.91035
773,773,-78.284307,35.889807
774,774,-78.232583,35.887571
775,775,-78.2535,35.852127
776,776,-78.257073,35.878061
777,777,-78.242644,35.898826
778,778,-78.746774,36.318843
779,779,-78.649789,36.114912
780,780,-78.564031,36.154226
781,781,-78.589593,36.168989
782,782,-78.524549,36.152878
783,783,-78.611384,36.120486
784,784,-78.54934,36.119817
785,785,-78.582114,36.144826
786,786,-78.612965,36.144687
787,787,-78.62918,36.190271
788,788,-78.648469,36.125888
789,789,-78.658284,36.205049
790,790,-78.636923,36.142433
791,791,-78.659321,36.134199
792,792,-78.710574,36.140173
793,793,-78.672063,36.124845
794,794,-78.686446,36.161856
795,795,-78.66621,36.16196
796,796,-78.689664,36.144902
797,797,-78.687492,36.126248
798,798,-78.730262,36.089601
799,799,-78.726169,36.123646
800,800,-78.692587,36.116774
801,801,-78.744512,36.102916
802,802,-78.677931,36.117484
803,803,-78.675226,36.09949
804,804,-78.629633,36.086484
805,805,-78.589569,36.053976
806,806,-78.607599,36.05229
807,807,-78.553951,36.040517
808,808,-78.577894,36.095601
809,809,-78.551439,36.070207
810,810,-78.702038,36.094741
811,811,-78.748461,36.283453
812,812,-78.782729,36.317193
813,813,-78.685976,36.26434
814,814,-78.79422,36.150154
815,815,-78.704693,36.201333
816,816,-78.74787,36.191991
817,817,-78.771007,36.218115
818,818,-78.735461,36.233886
819,819,-78.700103,36.222809
820,820,-78.737497,36.172803
821,821,-78.752627,36.146989
822,822,-78.748806,36.136056
823,823,-78.755151,36.140551
824,824,-78.769903,36.097349
825,825,-78.779014,36.138139
826,826,-78.762331,36.13191
827,827,-78.78802,36.112623
828,828,-78.999624,35.461725
829,829,-78.483254,35.398839
830,830,-78.530954,35.365161
831,831,-78.240977,35.496526
832,832,-78.423341,35.659073
833,833,-78.442744,35.645657
834,834,-78.415891,35.625842
835,835,-78.508774,35.638598
836,836,-78.496687,35.624785
837,837,-78.554064,35.596569
838,838,-78.572133,35.607438
839,839,-78.319328,35.414796
840,840,-78.24887,35.362114
841,841,-78.388157,35.319919
842,842,-78.472628,35.359218
843,843,-78.233783,35.456223
844,844,-78.209484,35.432194
845,845,-78.122981,35.503792
846,846,-78.170176,35.466891
847,847,-78.175194,35.493254
848,848,-78.125474,35.536103
849,849,-78.170401,35.413742
850,850,-78.217245,35.463248
851,851,-78.331767,35.335707
852,852,-78.342371,35.379853
853,853,-78.399087,35.383169
854,854,-78.457194,35.381897
855,855,-78.429764,35.292394
856,856,-78.475384,35.323429
857,857,-78.512329,35.34333
858,858,-78.819319,35.381336
859,859,-78.840066,35.38234
860,860,-78.799908,35.384376
861,861,-78.813514,35.395139
862,862,-78.766015,35.35146
863,863,-78.782226,35.377196
864,864,-78.796298,35.343211
865,865,-78.814621,35.366396
866,866,-79.009693,35.415435
867,867,-78.930621,35.370673
868,868,-78.958077,35.367559
869,869,-78.870436,35.384399
870,870,-78.862337,35.421461
871,871,-78.841329,35.399765
872,872,-78.825463,35.357843
873,873,-78.800626,35.394823
874,874,-78.125766,35.593249
875,875,-78.151037,35.567773
876,876,-78.399875,35.43597
877,877,-78.444895,35.400218
878,878,-78.524312,35.376885
879,879,-78.185658,35.551405
880,880,-78.217975,35.527901
881,881,-78.259269,35.505068
882,882,-78.302332,35.482499
883,883,-78.342991,35.459652
884,884,-78.241371,35.526872
885,885,-78.103799,35.584521
886,886,-78.142654,35.592588
887,887,-78.150908,35.582157
888,888,-78.185848,35.573309
889,889,-78.213148,35.572086
890,890,-78.202087,35.562388
891,891,-78.18011,35.628904
892,892,-78.162963,35.658998
893,893,-78.215296,35.60313
894,894,-78.196465,35.699582
895,895,-78.213623,35.658696
896,896,-78.231912,35.685454
897,897,-78.253217,35.682169
898,898,-78.265369,35.646054
899,899,-78.243764,35.628007
900,900,-78.210394,35.638541
901,901,-78.36644,35.667661
902,902,-78.407427,35.683996
903,903,-78.349489,35.635794
904,904,-78.393002,35.66112
905,905,-78.385169,35.652895
906,906,-78.309558,35.641566
907,907,-78.393233,35.694842
908,908,-78.371144,35.71625
909,909,-78.377642,35.738818
910,910,-78.433203,35.688539
911,911,-78.419705,35.709391
912,912,-78.323165,35.677553
913,913,-78.320557,35.740499
914,914,-78.316296,35.757726
915,915,-78.314764,35.724021
916,916,-78.342799,35.720471
917,917,-78.344899,35.675654
918,918,-78.355384,35.703549
919,919,-78.354341,35.746405
920,920,-78.279508,35.793105
921,921,-78.300109,35.771849
922,922,-78.262295,35.717628
923,923,-78.294185,35.676865
924,924,-78.280333,35.711799
925,925,-78.278545,35.757289
926,926,-78.240878,35.714946
927,927,-78.217102,35.719049
928,928,-78.25328,35.588199
929,929,-78.281422,35.591178
930,930,-78.305271,35.599298
931,931,-78.307426,35.551839
932,932,-78.293402,35.575148
933,933,-78.240875,35.550965
934,934,-78.237011,35.570553
935,935,-78.271987,35.543071
936,936,-78.277252,35.560746
937,937,-78.265854,35.558282
938,938,-78.287463,35.543143
939,939,-78.280899,35.543397
940,940,-78.29797,35.548602
941,941,-78.401651,35.415003
942,942,-78.258743,35.53771
943,943,-78.280932,35.537004
944,944,-78.286999,35.538918
945,945,-78.298137,35.529464
946,946,-78.291653,35.534257
947,947,-78.291977,35.523214
948,948,-78.285364,35.531608
949,949,-78.342641,35.499601
950,950,-78.356044,35.490565
951,951,-78.313775,35.536739
952,952,-78.342876,35.519164
953,953,-78.323129,35.519083
954,954,-78.32116,35.526555
955,955,-78.324591,35.543412
956,956,-78.308989,35.5186
957,957,-78.321676,35.509231
958,958,-78.326342,35.513769
959,959,-78.331448,35.508152
960,960,-78.340837,35.512201
961,961,-78.34466,35.506256
962,962,-78.354015,35.507163
963,963,-78.368232,35.492128
964,964,-78.364708,35.502475
965,965,-78.359591,35.498038
966,966,-78.358487,35.607724
967,967,-78.394402,35.637532
968,968,-78.36474,35.591767
969,969,-78.386279,35.621979
970,970,-78.432646,35.589741
971,971,-78.431818,35.608355
972,972,-78.407088,35.612689
973,973,-78.358455,35.563817
974,974,-78.344315,35.584985
975,975,-78.374709,35.572305
976,976,-78.359875,35.528398
977,977,-78.380701,35.527231
978,978,-78.36304,35.53804
979,979,-78.371369,35.515708
980,980,-78.388146,35.569942
981,981,-78.443026,35.536273
982,982,-78.412083,35.563935
983,983,-78.418508,35.545095
984,984,-78.461352,35.649876
985,985,-78.456583,35.64661
986,986,-78.494734,35.65365
987,987,-78.465768,35.65118
988,988,-78.467921,35.654636
989,989,-78.477752,35.651513
990,990,-78.467958,35.647498
991,991,-78.475785,35.653951
992,992,-78.476418,35.645329
993,993,-78.489271,35.645244
994,994,-78.495326,35.661608
995,995,-78.485446,35.664439
996,996,-78.474708,35.658631
997,997,-78.462571,35.687487
998,998,-78.465503,35.670248
999,999,-78.456678,35.662171
1000,1000,-78.485454,35.679053
1001,1001,-78.431019,35.665598
1002,1002,-78.44669,35.655491
1003,1003,-78.456292,35.654872
1004,1004,-78.426343,35.634734
1005,1005,-78.451148,35.619181
1006,1006,-78.439748,35.631365
1007,1007,-78.458174,35.636472
1008,1008,-78.454601,35.622978
1009,1009,-78.47938,35.63606
1010,1010,-78.466097,35.635187
1011,1011,-78.51334,35.652269
1012,1012,-78.507367,35.630466
1013,1013,-78.500942,35.612031
1014,1014,-78.502012,35.587349
1015,1015,-78.519142,35.623283
1016,1016,-78.516088,35.611696
1017,1017,-78.472195,35.620882
1018,1018,-78.488598,35.639821
1019,1019,-78.484771,35.630944
1020,1020,-78.476289,35.608591
1021,1021,-78.496036,35.643738
1022,1022,-78.481546,35.577732
1023,1023,-78.458062,35.58526
1024,1024,-78.480933,35.555122
1025,1025,-78.459413,35.612404
1026,1026,-78.530386,35.644588
1027,1027,-78.548513,35.622717
1028,1028,-78.523146,35.578338
1029,1029,-78.505644,35.543623
1030,1030,-78.517058,35.562052
1031,1031,-78.624858,35.577401
1032,1032,-78.554337,35.606907
1033,1033,-78.58723,35.585763
1034,1034,-78.565184,35.582857
1035,1035,-78.587817,35.601608
1036,1036,-78.575976,35.6166
1037,1037,-78.602248,35.581882
1038,1038,-78.531175,35.594897
1039,1039,-78.605362,35.593861
1040,1040,-78.544677,35.562291
1041,1041,-78.549567,35.578938
1042,1042,-78.527633,35.56038
1043,1043,-78.540888,35.576653
1044,1044,-78.56239,35.614472
1045,1045,-78.540399,35.612123
1046,1046,-78.551447,35.628833
1047,1047,-78.544362,35.638827
1048,1048,-78.56727,35.602855
1049,1049,-78.532043,35.613099
1050,1050,-78.53044,35.634725
1051,1051,-78.500775,35.55929
1052,1052,-78.529286,35.625101
1053,1053,-78.41122,35.484552
1054,1054,-78.413053,35.507576
1055,1055,-78.387798,35.474137
1056,1056,-78.38084,35.471706
1057,1057,-78.433478,35.454824
1058,1058,-78.427924,35.449083
1059,1059,-78.452245,35.443713
1060,1060,-78.444924,35.430681
1061,1061,-78.433711,35.444866
1062,1062,-78.431313,35.44096
1063,1063,-78.386069,35.464962
1064,1064,-78.402795,35.455471
1065,1065,-78.416602,35.445421
1066,1066,-78.423491,35.447193
1067,1067,-78.426145,35.442875
1068,1068,-78.550162,35.391127
1069,1069,-78.569538,35.408508
1070,1070,-78.551103,35.415736
1071,1071,-78.52982,35.394302
1072,1072,-78.533447,35.414221
1073,1073,-78.489887,35.411649
1074,1074,-78.547452,35.376533
1075,1075,-78.539718,35.381592
1076,1076,-78.566624,35.392163
1077,1077,-78.564974,35.381111
1078,1078,-78.553573,35.380858
1079,1079,-78.646412,35.554385
1080,1080,-78.636513,35.539328
1081,1081,-78.619589,35.511546
1082,1082,-78.661807,35.5448
1083,1083,-78.660653,35.526087
1084,1084,-78.615693,35.533512
1085,1085,-78.619328,35.547036
1086,1086,-78.552833,35.53216
1087,1087,-78.576305,35.535242
1088,1088,-78.592219,35.506168
1089,1089,-78.590737,35.532464
1090,1090,-78.569661,35.477253
1091,1091,-78.515181,35.520197
1092,1092,-78.481294,35.49918
1093,1093,-78.533191,35.495334
1094,1094,-78.540608,35.521379
1095,1095,-78.564002,35.497921
1096,1096,-78.520372,35.450179
1097,1097,-78.550661,35.440125
1098,1098,-78.493361,35.456513
1099,1099,-78.662013,35.506846
1100,1100,-78.6416,35.487384
1101,1101,-78.589995,35.445654
1102,1102,-78.61581,35.470925
1103,1103,-78.244354,35.75845
1104,1104,-78.213314,35.823955
1105,1105,-78.223808,35.853076
1106,1106,-78.238529,35.79433
1107,1107,-78.208426,35.794576
1108,1108,-78.194522,35.792771
1109,1109,-78.183246,35.758753
1110,1110,-79.127328,35.893932
1111,1111,-79.105776,35.913033
1112,1112,-79.127418,35.916527
1113,1113,-79.107634,35.925221
1114,1114,-79.122864,35.934218
1115,1115,-79.094724,35.934704
1116,1116,-79.071253,35.913786
1117,1117,-79.071318,35.919038
1118,1118,-79.075333,35.92239
1119,1119,-79.085981,35.925436
1120,1120,-79.081004,35.935191
1121,1121,-79.078913,35.947449
1122,1122,-79.07088,35.90727
1123,1123,-79.071307,35.910042
1124,1124,-79.06862,35.913239
1125,1125,-79.066866,35.909604
1126,1126,-79.066428,35.905205
1127,1127,-79.098157,35.926282
1128,1128,-79.088426,35.919586
1129,1129,-79.074027,35.910626
1130,1130,-79.074892,35.912379
1131,1131,-79.076974,35.915753
1132,1132,-79.081132,35.91879
1133,1133,-79.095178,35.915172
1134,1134,-79.091658,35.908722
1135,1135,-79.089936,35.914834
1136,1136,-79.08693,35.91096
1137,1137,-79.081344,35.905262
1138,1138,-79.080458,35.911039
1139,1139,-79.083795,35.901134
1140,1140,-79.091431,35.884603
1141,1141,-79.081637,35.8933
1142,1142,-79.13172,35.875436
1143,1143,-79.10461,35.89247
1144,1144,-79.100007,35.869598
1145,1145,-79.116761,35.884356
1146,1146,-79.086282,35.864395
1147,1147,-79.087733,35.875277
1148,1148,-78.424735,35.781592
1149,1149,-79.220591,36.232177
1150,1150,-79.194269,36.206181
1151,1151,-79.151678,36.176716
1152,1152,-79.212258,36.133343
1153,1153,-79.24847,36.188136
1154,1154,-79.136162,36.148412
1155,1155,-79.117251,36.193441
1156,1156,-79.116803,36.167402
1157,1157,-79.059628,36.20793
1158,1158,-78.992897,36.191573
1159,1159,-78.962438,36.210056
1160,1160,-79.006831,36.220047
1161,1161,-79.072529,36.173413
1162,1162,-79.091611,36.145848
1163,1163,-79.016606,36.162504
1164,1164,-78.975568,36.148486
1165,1165,-79.047652,36.13389
1166,1166,-78.98174,36.100674
1167,1167,-79.033853,36.02453
1168,1168,-79.012112,36.025824
1169,1169,-78.996097,36.036269
1170,1170,-78.997151,36.021047
1171,1171,-78.990793,36.053984
1172,1172,-79.025054,36.09548
1173,1173,-78.998088,36.097609
1174,1174,-79.097892,36.12548
1175,1175,-78.994905,36.126581
1176,1176,-79.058797,36.115013
1177,1177,-79.104271,36.097072
1178,1178,-79.030094,36.117674
1179,1179,-79.010558,36.06393
1180,1180,-79.034804,36.044042
1181,1181,-79.041839,36.069132
1182,1182,-79.076566,35.906191
1183,1183,-79.08832,35.90123
1184,1184,-79.082644,36.021272
1185,1185,-79.051025,36.041695
1186,1186,-79.096142,36.008215
1187,1187,-79.093077,36.092346
1188,1188,-79.095029,36.080799
1189,1189,-79.073169,36.093942
1190,1190,-79.075421,36.06599
1191,1191,-79.065796,36.080485
1192,1192,-79.074791,36.058895
1193,1193,-79.079885,35.897172
1194,1194,-79.086218,36.074905
1195,1195,-79.105444,36.073175
1196,1196,-79.114925,36.081124
1197,1197,-79.125711,36.077212
1198,1198,-79.111005,36.068716
1199,1199,-79.16068,36.098414
1200,1200,-79.112575,36.091464
1201,1201,-79.162093,36.077511
1202,1202,-79.118677,36.118189
1203,1203,-79.214703,36.115909
1204,1204,-79.195454,36.092948
1205,1205,-79.191942,36.078323
1206,1206,-79.236933,36.096798
1207,1207,-79.147201,36.059582
1208,1208,-79.220163,36.076685
1209,1209,-79.16931,36.040722
1210,1210,-79.198762,36.03628
1211,1211,-79.239133,36.046983
1212,1212,-79.11963,36.056706
1213,1213,-79.124733,36.033367
1214,1214,-79.109477,36.053936
1215,1215,-79.034634,36.008032
1216,1216,-79.053324,36.007237
1217,1217,-79.067586,35.977722
1218,1218,-79.023148,35.992186
1219,1219,-79.010795,36.00605
1220,1220,-79.060487,35.98883
1221,1221,-78.999781,36.00678
1222,1222,-78.999393,35.986042
1223,1223,-79.044563,35.970953
1224,1224,-79.044167,35.97938
1225,1225,-79.056498,35.979044
1226,1226,-79.020126,35.97134
1227,1227,-79.068606,35.964221
1228,1228,-79.069887,35.971836
1229,1229,-79.052681,35.966787
1230,1230,-79.055824,35.965228
1231,1231,-79.0481,35.965201
1232,1232,-79.062267,35.959958
1233,1233,-79.027441,35.962584
1234,1234,-79.018891,35.955719
1235,1235,-79.01675,35.945943
1236,1236,-79.006438,35.96637
1237,1237,-79.010816,35.948514
1238,1238,-79.011242,35.951811
1239,1239,-78.412603,35.772603
1240,1240,-79.102023,35.957158
1241,1241,-79.093126,35.959136
1242,1242,-79.09421,35.950189
1243,1243,-79.080423,35.957887
1244,1244,-79.075998,36.009091
1245,1245,-79.058645,36.017807
1246,1246,-79.085088,35.982338
1247,1247,-79.088194,36.001408
1248,1248,-79.130184,35.979725
1249,1249,-79.115403,35.957074
1250,1250,-79.113846,35.977291
1251,1251,-79.156736,35.954613
1252,1252,-79.151212,36.004557
1253,1253,-79.149703,35.984215
1254,1254,-79.138181,35.958085
1255,1255,-79.113737,36.018155
1256,1256,-79.13508,35.996936
1257,1257,-79.128278,35.953266
1258,1258,-79.182136,35.949466
1259,1259,-79.244283,35.997772
1260,1260,-79.173623,35.983063
1261,1261,-79.187962,36.011552
1262,1262,-79.220741,36.013778
1263,1263,-79.199147,35.912685
1264,1264,-79.240107,35.923102
1265,1265,-79.217406,35.958058
1266,1266,-79.161567,35.877616
1267,1267,-79.161758,35.916494
1268,1268,-79.139672,35.918859
1269,1269,-79.218702,35.884349
1270,1270,-79.06393,35.918514
1271,1271,-79.065212,35.913294
1272,1272,-79.057401,35.922442
1273,1273,-79.057343,35.918963
1274,1274,-79.060951,35.913356
1275,1275,-79.058125,35.914415
1276,1276,-79.06128,35.914756
1277,1277,-79.04479,35.920825
1278,1278,-79.052376,35.931088
1279,1279,-79.042468,35.930686
1280,1280,-79.052968,35.914752
1281,1281,-79.053218,35.919142
1282,1282,-79.053632,35.916003
1283,1283,-79.034086,35.917995
1284,1284,-79.029178,35.912729
1285,1285,-79.035374,35.904133
1286,1286,-79.04687,35.914885
1287,1287,-79.033314,35.925747
1288,1288,-79.037245,35.923113
1289,1289,-79.03307,35.928031
1290,1290,-79.04473,35.912218
1291,1291,-79.051766,35.913198
1292,1292,-79.054267,35.908987
1293,1293,-79.051011,35.91053
1294,1294,-79.05411,35.906554
1295,1295,-79.042244,35.90463
1296,1296,-79.044019,35.908532
1297,1297,-79.0466,35.900656
1298,1298,-79.04316,35.899205
1299,1299,-79.051014,35.901906
1300,1300,-79.190767,36.148528
1301,1301,-79.054341,35.902964
1302,1302,-79.063517,35.908568
1303,1303,-79.06075,35.91176
1304,1304,-79.064571,35.910452
1305,1305,-79.056858,35.911792
1306,1306,-79.057184,35.913159
1307,1307,-79.061713,35.909867
1308,1308,-79.049147,35.896532
1309,1309,-79.061843,35.905922
1310,1310,-79.056326,35.906932
1311,1311,-79.060493,35.900804
1312,1312,-79.054989,35.900312
1313,1313,-79.067517,35.921446
1314,1314,-79.071178,35.927383
1315,1315,-79.062294,35.949147
1316,1316,-79.057352,35.932032
1317,1317,-79.06499,35.934543
1318,1318,-79.06489,35.926304
1319,1319,-79.05644,35.927256
1320,1320,-79.028913,35.955972
1321,1321,-79.027607,35.948744
1322,1322,-79.021686,35.94637
1323,1323,-79.050685,35.93811
1324,1324,-79.035566,35.933618
1325,1325,-79.036602,35.938806
1326,1326,-79.033075,35.941901
1327,1327,-79.024851,35.941606
1328,1328,-79.041965,35.947087
1329,1329,-79.054368,35.943219
1330,1330,-79.048954,35.954325
1331,1331,-79.040164,35.953697
1332,1332,-79.056421,35.947301
1333,1333,-79.05386,35.949102
1334,1334,-79.05417,35.959137
1335,1335,-79.045646,35.960703
1336,1336,-79.040278,35.959672
1337,1337,-79.017166,35.934752
1338,1338,-79.016627,35.941157
1339,1339,-79.006873,35.942523
1340,1340,-79.005611,35.946205
1341,1341,-79.013402,35.942852
1342,1342,-79.020716,35.938056
1343,1343,-79.007179,35.934639
1344,1344,-79.028716,35.93123
1345,1345,-79.027163,35.927518
1346,1346,-79.027049,35.933975
1347,1347,-79.025045,35.912111
1348,1348,-79.013028,35.90957
1349,1349,-79.011466,35.905167
1350,1350,-79.01931,35.916036
1351,1351,-79.02191,35.927222
1352,1352,-79.017548,35.930515
1353,1353,-79.011396,35.923862
1354,1354,-79.022055,35.933042
1355,1355,-79.045871,35.893479
1356,1356,-79.031407,35.89829
1357,1357,-79.020387,35.905573
1358,1358,-79.025716,35.907242
1359,1359,-79.015461,35.903744
1360,1360,-79.021658,35.903091
1361,1361,-79.027964,35.902357
1362,1362,-79.047022,35.872154
1363,1363,-79.023666,35.86714
1364,1364,-79.039103,35.887842
1365,1365,-79.017517,35.900402
1366,1366,-79.012897,35.898039
1367,1367,-79.062221,35.894033
1368,1368,-79.059606,35.878277
1369,1369,-79.074647,35.876183
1370,1370,-79.071503,35.896361
1371,1371,-79.067294,35.889859
1372,1372,-79.075458,35.890083
1373,1373,-79.067294,35.880818
1374,1374,-79.059314,35.887917
1375,1375,-79.237993,36.060548
1376,1376,-79.26128,36.02171
1377,1377,-79.182316,36.070002
1378,1378,-79.20408,36.154092
1379,1379,-79.236374,36.125677
1380,1380,-79.249205,36.08189
1381,1381,-79.257369,36.071356
1382,1382,-79.258182,36.095124
1383,1383,-79.257526,36.105622
1384,1384,-79.254117,36.141136
1385,1385,-79.247708,36.097569
1386,1386,-79.239331,36.082277
1387,1387,-79.154258,36.150898
1388,1388,-79.154323,36.221387
1389,1389,-79.078147,36.087348
1390,1390,-79.106208,36.079808
1391,1391,-79.106233,36.061875
1392,1392,-79.117474,36.089559
1393,1393,-79.220487,36.099178
1394,1394,-79.108625,36.047171
1395,1395,-79.038147,35.965546
1396,1396,-79.062729,35.954456
1397,1397,-79.005973,35.950259
1398,1398,-79.053661,35.923022
1399,1399,-79.070704,35.887439
1400,1400,-78.639796,35.750299
1401,1401,-78.644954,35.738969
1402,1402,-78.640959,35.722227
1403,1403,-78.645737,35.750589
1404,1404,-78.629446,35.725254
1405,1405,-78.65298,35.739752
1406,1406,-78.552987,35.744545
1407,1407,-78.558445,35.675563
1408,1408,-78.588499,35.684558
1409,1409,-78.785185,35.594742
1410,1410,-78.777229,35.59723
1411,1411,-78.81809,35.593079
1412,1412,-78.781414,35.55622
1413,1413,-78.680674,35.64238
1414,1414,-78.721508,35.636053
1415,1415,-78.713309,35.619517
1416,1416,-78.762671,35.591376
1417,1417,-78.849533,35.628176
1418,1418,-78.642615,35.779009
1419,1419,-78.64167,35.774798
1420,1420,-78.641246,35.785884
1421,1421,-78.643932,35.78196
1422,1422,-78.642474,35.78192
1423,1423,-78.643468,35.787483
1424,1424,-78.644885,35.777351
1425,1425,-78.640774,35.781875
1426,1426,-78.63898,35.782129
1427,1427,-78.633558,35.782768
1428,1428,-78.636646,35.781917
1429,1429,-78.635911,35.778412
1430,1430,-78.637285,35.774437
1431,1431,-78.635875,35.774408
1432,1432,-78.639424,35.774283
1433,1433,-78.639271,35.778419
1434,1434,-78.640966,35.778895
1435,1435,-78.638478,35.776198
1436,1436,-78.633627,35.778617
1437,1437,-78.637048,35.785194
1438,1438,-78.638777,35.785422
1439,1439,-78.645587,35.793097
1440,1440,-78.648542,35.792727
1441,1441,-78.648654,35.783433
1442,1442,-78.648447,35.786604
1443,1443,-78.642714,35.792075
1444,1444,-78.636774,35.800185
1445,1445,-78.634344,35.793277
1446,1446,-78.618434,35.804538
1447,1447,-78.616587,35.803
1448,1448,-78.620132,35.79597
1449,1449,-78.626621,35.796114
1450,1450,-78.624034,35.78904
1451,1451,-78.628521,35.790542
1452,1452,-78.618419,35.7887
1453,1453,-78.617902,35.781594
1454,1454,-78.630638,35.783035
1455,1455,-78.626579,35.781516
1456,1456,-78.619953,35.775291
1457,1457,-78.623856,35.773692
1458,1458,-78.624231,35.776819
1459,1459,-78.628721,35.774642
1460,1460,-78.625964,35.778928
1461,1461,-78.630523,35.777677
1462,1462,-78.620028,35.763781
1463,1463,-78.621797,35.770239
1464,1464,-78.629429,35.763527
1465,1465,-78.633493,35.761298
1466,1466,-78.626872,35.770498
1467,1467,-78.639212,35.771131
1468,1468,-78.646797,35.771669
1469,1469,-78.64745,35.769757
1470,1470,-78.634127,35.771055
1471,1471,-78.638061,35.768465
1472,1472,-78.634065,35.767257
1473,1473,-78.629897,35.766812
1474,1474,-78.630601,35.769647
1475,1475,-78.640597,35.765406
1476,1476,-78.633733,35.764564
1477,1477,-78.658906,35.782914
1478,1478,-78.651159,35.780255
1479,1479,-78.646894,35.77501
1480,1480,-78.64935,35.772871
1481,1481,-78.64958,35.775307
1482,1482,-78.66296,35.781312
1483,1483,-78.661864,35.784621
1484,1484,-78.655963,35.777474
1485,1485,-78.838153,35.637033
1486,1486,-78.674462,35.784092
1487,1487,-78.669968,35.781246
1488,1488,-78.807019,35.626382
1489,1489,-78.688999,35.78799
1490,1490,-78.805034,35.620375
1491,1491,-78.843553,35.704638
1492,1492,-78.656488,35.794532
1493,1493,-78.660367,35.795223
1494,1494,-78.659599,35.790337
1495,1495,-78.65367,35.791245
1496,1496,-78.65305,35.786223
1497,1497,-78.659,35.786606
1498,1498,-78.666385,35.788711
1499,1499,-78.669453,35.801861
1500,1500,-78.670425,35.799164
1501,1501,-78.671713,35.793521
1502,1502,-78.678401,35.791623
1503,1503,-78.675691,35.78864
1504,1504,-78.680114,35.790254
1505,1505,-78.679581,35.796382
1506,1506,-78.663793,35.794436
1507,1507,-78.662414,35.801463
1508,1508,-78.663758,35.79847
1509,1509,-78.671388,35.827907
1510,1510,-78.674902,35.835473
1511,1511,-78.674241,35.818063
1512,1512,-78.68198,35.820571
1513,1513,-78.675451,35.811038
1514,1514,-78.682425,35.804673
1515,1515,-78.688264,35.806131
1516,1516,-78.684888,35.814049
1517,1517,-78.653306,35.810463
1518,1518,-78.649455,35.801617
1519,1519,-78.657923,35.80501
1520,1520,-78.655583,35.799759
1521,1521,-78.661896,35.804617
1522,1522,-78.666232,35.80707
1523,1523,-78.661326,35.81324
1524,1524,-78.636522,35.817285
1525,1525,-78.64123,35.820813
1526,1526,-78.648388,35.817101
1527,1527,-78.646933,35.809936
1528,1528,-78.660024,35.829967
1529,1529,-78.657052,35.825966
1530,1530,-78.66848,35.83803
1531,1531,-78.639183,35.803594
1532,1532,-78.61819,35.809645
1533,1533,-78.629013,35.805414
1534,1534,-78.638576,35.809688
1535,1535,-78.64298,35.802822
1536,1536,-78.62862,35.812317
1537,1537,-78.62338,35.811667
1538,1538,-78.60846,35.794479
1539,1539,-78.597698,35.792992
1540,1540,-78.589448,35.788291
1541,1541,-78.601253,35.782412
1542,1542,-78.609272,35.786812
1543,1543,-78.596494,35.784795
1544,1544,-78.607315,35.790902
1545,1545,-78.599925,35.789263
1546,1546,-78.605838,35.776537
1547,1547,-78.586679,35.783478
1548,1548,-78.581506,35.787278
1549,1549,-78.58604,35.776765
1550,1550,-78.58176,35.778611
1551,1551,-78.608704,35.773446
1552,1552,-78.606036,35.766379
1553,1553,-78.612915,35.769034
1554,1554,-78.606378,35.759912
1555,1555,-78.589334,35.762183
1556,1556,-78.60191,35.770333
1557,1557,-78.588235,35.769143
1558,1558,-78.596852,35.76855
1559,1559,-78.585787,35.75641
1560,1560,-78.626354,35.75453
1561,1561,-78.620566,35.752172
1562,1562,-78.617753,35.746079
1563,1563,-78.615121,35.734129
1564,1564,-78.633951,35.74508
1565,1565,-78.627148,35.744801
1566,1566,-78.631974,35.735794
1567,1567,-78.619723,35.739037
1568,1568,-78.615681,35.760202
1569,1569,-78.607928,35.751792
1570,1570,-78.6095,35.742303
1571,1571,-78.590765,35.750351
1572,1572,-78.64612,35.759439
1573,1573,-78.636945,35.758847
1574,1574,-78.660167,35.75904
1575,1575,-78.653018,35.762842
1576,1576,-78.651155,35.758432
1577,1577,-78.641936,35.746018
1578,1578,-78.645196,35.734608
1579,1579,-78.643393,35.726496
1580,1580,-78.647461,35.746277
1581,1581,-78.664201,35.750645
1582,1582,-78.653048,35.749375
1583,1583,-78.660437,35.753384
1584,1584,-78.659091,35.747337
1585,1585,-78.635829,35.719097
1586,1586,-78.640281,35.75541
1587,1587,-78.63341,35.75552
1588,1588,-78.668552,35.744795
1589,1589,-78.661389,35.742756
1590,1590,-78.65429,35.734088
1591,1591,-78.714987,35.751727
1592,1592,-78.706915,35.765712
1593,1593,-78.706287,35.754743
1594,1594,-78.697367,35.749336
1595,1595,-78.704649,35.750275
1596,1596,-78.699709,35.765292
1597,1597,-78.693599,35.762028
1598,1598,-78.703422,35.755356
1599,1599,-78.697017,35.75461
1600,1600,-78.702241,35.760015
1601,1601,-78.737737,35.792974
1602,1602,-78.655471,35.768437
1603,1603,-78.662304,35.774173
1604,1604,-78.689355,35.747518
1605,1605,-78.673029,35.753145
1606,1606,-78.674152,35.760213
1607,1607,-78.689784,35.751013
1608,1608,-78.681477,35.748357
1609,1609,-78.722954,35.795569
1610,1610,-78.580408,35.799224
1611,1611,-78.586304,35.834086
1612,1612,-78.666139,35.766056
1613,1613,-78.719636,35.80383
1614,1614,-78.710252,35.795683
1615,1615,-78.712042,35.808784
1616,1616,-78.736783,35.823715
1617,1617,-78.73233,35.807217
1618,1618,-78.742191,35.794451
1619,1619,-78.736381,35.798537
1620,1620,-78.717418,35.793429
1621,1621,-78.729718,35.799043
1622,1622,-78.726343,35.787799
1623,1623,-78.68858,35.79819
1624,1624,-78.701876,35.798827
1625,1625,-78.709294,35.782898
1626,1626,-78.717127,35.781576
1627,1627,-78.714388,35.777185
1628,1628,-78.708955,35.789508
1629,1629,-78.714736,35.78701
1630,1630,-78.69952,35.791857
1631,1631,-78.731535,35.784839
1632,1632,-78.72677,35.775964
1633,1633,-78.738711,35.78609
1634,1634,-78.73456,35.771528
1635,1635,-78.720925,35.77601
1636,1636,-78.72009,35.785775
1637,1637,-78.742927,35.78354
1638,1638,-78.738701,35.777011
1639,1639,-78.742345,35.775624
1640,1640,-78.700952,35.778688
1641,1641,-78.71472,35.767969
1642,1642,-78.710385,35.77118
1643,1643,-78.706964,35.77442
1644,1644,-78.69495,35.772971
1645,1645,-78.699699,35.771701
1646,1646,-78.691312,35.781963
1647,1647,-78.54291,35.720534
1648,1648,-78.68548,35.78275
1649,1649,-78.690068,35.776706
1650,1650,-78.68737,35.773279
1651,1651,-78.683602,35.775199
1652,1652,-78.69047,35.791594
1653,1653,-78.692747,35.78588
1654,1654,-78.668476,35.849057
1655,1655,-78.676864,35.85155
1656,1656,-78.684042,35.846984
1657,1657,-78.675965,35.843718
1658,1658,-78.667337,35.841245
1659,1659,-78.687125,35.859579
1660,1660,-78.707148,35.846167
1661,1661,-78.697655,35.847578
1662,1662,-78.69564,35.853504
1663,1663,-78.707053,35.858192
1664,1664,-78.703228,35.85298
1665,1665,-78.683489,35.843504
1666,1666,-78.702183,35.857547
1667,1667,-78.707642,35.814631
1668,1668,-78.718983,35.827037
1669,1669,-78.718762,35.835966
1670,1670,-78.708295,35.833072
1671,1671,-78.701647,35.834149
1672,1672,-78.692393,35.841136
1673,1673,-78.696577,35.813434
1674,1674,-78.701998,35.807868
1675,1675,-78.678356,35.838848
1676,1676,-78.684124,35.829561
1677,1677,-78.68782,35.825079
1678,1678,-78.703169,35.823316
1679,1679,-78.688525,35.835362
1680,1680,-78.50503,35.691113
1681,1681,-78.657482,35.847147
1682,1682,-78.648511,35.84815
1683,1683,-78.657303,35.841123
1684,1684,-78.553598,35.691216
1685,1685,-78.632922,35.84847
1686,1686,-78.639576,35.843441
1687,1687,-78.638117,35.836722
1688,1688,-78.631822,35.840713
1689,1689,-78.642595,35.829397
1690,1690,-78.652009,35.832819
1691,1691,-78.630895,35.829044
1692,1692,-78.636957,35.827674
1693,1693,-78.610461,35.848233
1694,1694,-78.606863,35.843678
1695,1695,-78.611833,35.834519
1696,1696,-78.609853,35.828602
1697,1697,-78.609035,35.838179
1698,1698,-78.615495,35.829305
1699,1699,-78.613103,35.84051
1700,1700,-78.61939,35.847833
1701,1701,-78.62286,35.817157
1702,1702,-78.62654,35.821273
1703,1703,-78.621979,35.835093
1704,1704,-78.624444,35.830069
1705,1705,-78.631431,35.820847
1706,1706,-78.619452,35.820826
1707,1707,-78.620274,35.839048
1708,1708,-78.572398,35.814983
1709,1709,-78.574941,35.834873
1710,1710,-78.574508,35.827302
1711,1711,-78.570428,35.803947
1712,1712,-78.581509,35.822082
1713,1713,-78.584197,35.826159
1714,1714,-78.574838,35.821603
1715,1715,-78.585875,35.815523
1716,1716,-78.583037,35.806719
1717,1717,-78.606486,35.810202
1718,1718,-78.598614,35.814501
1719,1719,-78.589562,35.795131
1720,1720,-78.596928,35.809557
1721,1721,-78.598267,35.804148
1722,1722,-78.587113,35.801271
1723,1723,-78.589323,35.809807
1724,1724,-78.590903,35.818522
1725,1725,-78.597682,35.845114
1726,1726,-78.590832,35.845651
1727,1727,-78.602654,35.846882
1728,1728,-78.59506,35.837956
1729,1729,-78.600007,35.837752
1730,1730,-78.586959,35.841495
1731,1731,-78.583128,35.839589
1732,1732,-78.611796,35.817454
1733,1733,-78.540509,35.695917
1734,1734,-78.595456,35.826398
1735,1735,-78.589253,35.826499
1736,1736,-78.596606,35.833456
1737,1737,-78.605472,35.829308
1738,1738,-78.602791,35.825594
1739,1739,-78.639932,35.674119
1740,1740,-78.645472,35.686061
1741,1741,-78.626851,35.681615
1742,1742,-78.635808,35.68273
1743,1743,-78.622936,35.691896
1744,1744,-78.630906,35.693723
1745,1745,-78.636496,35.69023
1746,1746,-78.622098,35.700362
1747,1747,-78.626893,35.700846
1748,1748,-78.623229,35.70463
1749,1749,-78.622298,35.707822
1750,1750,-78.644442,35.716199
1751,1751,-78.648483,35.722358
1752,1752,-78.6502,35.71627
1753,1753,-78.653365,35.708276
1754,1754,-78.652997,35.711433
1755,1755,-78.637524,35.715899
1756,1756,-78.628399,35.710274
1757,1757,-78.633417,35.714886
1758,1758,-78.647196,35.705517
1759,1759,-78.634367,35.703555
1760,1760,-78.63743,35.709627
1761,1761,-78.644623,35.696308
1762,1762,-78.635569,35.698488
1763,1763,-78.583196,35.740644
1764,1764,-78.57971,35.732894
1765,1765,-78.618521,35.722886
1766,1766,-78.596937,35.720828
1767,1767,-78.605582,35.722839
1768,1768,-78.585761,35.706043
1769,1769,-78.585133,35.701256
1770,1770,-78.620208,35.729409
1771,1771,-78.599773,35.735687
1772,1772,-78.600191,35.742345
1773,1773,-78.590361,35.723985
1774,1774,-78.603899,35.745429
1775,1775,-78.609352,35.714573
1776,1776,-78.617261,35.70969
1777,1777,-78.516669,35.716776
1778,1778,-78.497743,35.717548
1779,1779,-78.535925,35.716645
1780,1780,-78.546176,35.73242
1781,1781,-78.53394,35.743784
1782,1782,-78.536339,35.727216
1783,1783,-78.522009,35.725773
1784,1784,-78.536527,35.735177
1785,1785,-78.515405,35.695559
1786,1786,-78.572119,35.708881
1787,1787,-78.570244,35.726938
1788,1788,-78.55289,35.714851
1789,1789,-78.564361,35.693565
1790,1790,-78.526166,35.68098
1791,1791,-78.547593,35.698502
1792,1792,-78.531331,35.690098
1793,1793,-78.563494,35.729427
1794,1794,-78.57666,35.74936
1795,1795,-78.557821,35.739796
1796,1796,-78.540566,35.745974
1797,1797,-78.578151,35.766637
1798,1798,-78.568754,35.760427
1799,1799,-78.552501,35.755659
1800,1800,-78.539348,35.75235
1801,1801,-78.556062,35.759746
1802,1802,-78.603026,35.661919
1803,1803,-78.583892,35.643975
1804,1804,-78.571013,35.657675
1805,1805,-78.555564,35.654451
1806,1806,-78.531397,35.663224
1807,1807,-78.571652,35.678179
1808,1808,-78.579278,35.692589
1809,1809,-78.585852,35.67035
1810,1810,-78.60833,35.682476
1811,1811,-78.609282,35.673105
1812,1812,-78.621152,35.669428
1813,1813,-78.555026,35.684755
1814,1814,-78.545583,35.680132
1815,1815,-78.59235,35.700327
1816,1816,-78.588596,35.690503
1817,1817,-78.617207,35.678111
1818,1818,-78.61308,35.69201
1819,1819,-78.607098,35.700542
1820,1820,-78.600742,35.67314
1821,1821,-78.594977,35.664552
1822,1822,-78.596461,35.699302
1823,1823,-78.605219,35.694053
1824,1824,-78.599801,35.690283
1825,1825,-78.61551,35.703508
1826,1826,-78.650106,35.666541
1827,1827,-78.628372,35.648448
1828,1828,-78.620829,35.652454
1829,1829,-78.64358,35.649599
1830,1830,-78.623135,35.660313
1831,1831,-78.654877,35.6433
1832,1832,-78.65602,35.592481
1833,1833,-78.649122,35.597529
1834,1834,-78.644857,35.608927
1835,1835,-78.651871,35.627594
1836,1836,-78.681733,35.593469
1837,1837,-78.671734,35.623404
1838,1838,-78.670879,35.608298
1839,1839,-78.656727,35.614998
1840,1840,-78.608157,35.647733
1841,1841,-78.596394,35.612471
1842,1842,-78.61797,35.595185
1843,1843,-78.626848,35.613026
1844,1844,-78.610847,35.614164
1845,1845,-78.613912,35.627719
1846,1846,-78.60175,35.636781
1847,1847,-78.631907,35.632672
1848,1848,-78.658651,35.579749
1849,1849,-78.641039,35.582222
1850,1850,-78.686335,35.581552
1851,1851,-78.683799,35.548135
1852,1852,-78.663757,35.564298
1853,1853,-78.628558,35.586442
1854,1854,-78.727408,35.72457
1855,1855,-78.700347,35.71305
1856,1856,-78.743841,35.71178
1857,1857,-78.741757,35.728113
1858,1858,-78.718802,35.710381
1859,1859,-78.710436,35.718182
1860,1860,-78.748408,35.700143
1861,1861,-78.754608,35.69263
1862,1862,-78.732183,35.686797
1863,1863,-78.730617,35.733603
1864,1864,-78.763649,35.723629
1865,1865,-78.769705,35.734444
1866,1866,-78.774806,35.700844
1867,1867,-78.776166,35.734405
1868,1868,-78.764253,35.715787
1869,1869,-78.779874,35.718224
1870,1870,-78.775364,35.708579
1871,1871,-78.788238,35.706062
1872,1872,-78.785252,35.713066
1873,1873,-78.777668,35.738988
1874,1874,-78.737106,35.759147
1875,1875,-78.737074,35.749699
1876,1876,-78.747405,35.749829
1877,1877,-78.747471,35.740928
1878,1878,-78.73907,35.767937
1879,1879,-78.730276,35.749319
1880,1880,-78.744589,35.754862
1881,1881,-78.755868,35.733556
1882,1882,-78.760317,35.736285
1883,1883,-78.749862,35.733826
1884,1884,-78.751451,35.727722
1885,1885,-78.753183,35.742228
1886,1886,-78.735819,35.752834
1887,1887,-78.719514,35.732715
1888,1888,-78.702422,35.701671
1889,1889,-78.699816,35.739156
1890,1890,-78.727148,35.75427
1891,1891,-78.720102,35.752548
1892,1892,-78.723019,35.760294
1893,1893,-78.729476,35.763946
1894,1894,-78.67318,35.729566
1895,1895,-78.659627,35.723191
1896,1896,-78.679216,35.707111
1897,1897,-78.663074,35.712426
1898,1898,-78.659476,35.689255
1899,1899,-78.668833,35.692417
1900,1900,-78.658506,35.701191
1901,1901,-78.672143,35.661307
1902,1902,-78.683504,35.67176
1903,1903,-78.669479,35.668904
1904,1904,-78.660778,35.677825
1905,1905,-78.714554,35.682919
1906,1906,-78.67938,35.696421
1907,1907,-78.690441,35.684786
1908,1908,-78.783108,35.608387
1909,1909,-78.790262,35.594725
1910,1910,-78.781573,35.621166
1911,1911,-78.795425,35.609837
1912,1912,-78.794237,35.599468
1913,1913,-78.776664,35.578485
1914,1914,-78.796672,35.587426
1915,1915,-78.785869,35.588711
1916,1916,-78.793825,35.586212
1917,1917,-78.789323,35.580856
1918,1918,-78.796763,35.5776
1919,1919,-78.79526,35.582799
1920,1920,-78.811496,35.595079
1921,1921,-78.802918,35.587274
1922,1922,-78.836814,35.579605
1923,1923,-78.826299,35.588427
1924,1924,-78.805302,35.596563
1925,1925,-78.796204,35.593311
1926,1926,-78.841898,35.564316
1927,1927,-78.828985,35.572789
1928,1928,-78.814806,35.559459
1929,1929,-78.806372,35.581761
1930,1930,-78.803975,35.576294
1931,1931,-78.809176,35.570488
1932,1932,-78.781695,35.567992
1933,1933,-78.79567,35.560274
1934,1934,-78.794746,35.570891
1935,1935,-78.702704,35.648806
1936,1936,-78.695073,35.642689
1937,1937,-78.674547,35.650699
1938,1938,-78.682673,35.627506
1939,1939,-78.716066,35.668993
1940,1940,-78.707349,35.662374
1941,1941,-78.734041,35.673942
1942,1942,-78.734716,35.666331
1943,1943,-78.722636,35.661936
1944,1944,-78.698207,35.658431
1945,1945,-78.735809,35.655066
1946,1946,-78.731689,35.645923
1947,1947,-78.715297,35.647908
1948,1948,-78.736408,35.63526
1949,1949,-78.711885,35.657245
1950,1950,-78.709886,35.622602
1951,1951,-78.702431,35.60391
1952,1952,-78.720642,35.623388
1953,1953,-78.730786,35.610498
1954,1954,-78.698201,35.627525
1955,1955,-78.766927,35.615453
1956,1956,-78.762003,35.601772
1957,1957,-78.766422,35.626699
1958,1958,-78.770732,35.591469
1959,1959,-78.746253,35.58636
1960,1960,-78.763257,35.576323
1961,1961,-78.746377,35.57235
1962,1962,-78.736352,35.625098
1963,1963,-78.742441,35.602881
1964,1964,-78.749005,35.611034
1965,1965,-78.746628,35.621445
1966,1966,-78.753593,35.625813
1967,1967,-78.766752,35.595426
1968,1968,-78.754864,35.605671
1969,1969,-78.758126,35.604193
1970,1970,-78.698682,35.532616
1971,1971,-78.767957,35.56343
1972,1972,-78.765588,35.547472
1973,1973,-78.770576,35.541289
1974,1974,-78.712503,35.563837
1975,1975,-78.715305,35.543887
1976,1976,-78.703524,35.582781
1977,1977,-78.71072,35.57767
1978,1978,-78.700888,35.553213
1979,1979,-78.71752,35.527331
1980,1980,-78.727417,35.577429
1981,1981,-78.736944,35.537013
1982,1982,-78.72796,35.549647
1983,1983,-78.747655,35.551755
1984,1984,-78.736407,35.547459
1985,1985,-78.729441,35.593098
1986,1986,-78.935992,35.653452
1987,1987,-78.958775,35.63199
1988,1988,-78.871005,35.6177
1989,1989,-78.881092,35.586893
1990,1990,-78.893168,35.604353
1991,1991,-78.851598,35.597033
1992,1992,-78.856555,35.577055
1993,1993,-78.849099,35.612823
1994,1994,-78.863982,35.609072
1995,1995,-78.847139,35.62252
1996,1996,-78.844053,35.633894
1997,1997,-78.840917,35.653053
1998,1998,-78.867527,35.636389
1999,1999,-78.854923,35.654777
2000,2000,-78.913285,35.653961
2001,2001,-78.839819,35.648149
2002,2002,-78.877242,35.666979
2003,2003,-78.827593,35.65067
2004,2004,-78.832652,35.647926
2005,2005,-78.83124,35.603413
2006,2006,-78.832399,35.612824
2007,2007,-78.83363,35.629284
2008,2008,-78.808493,35.642195
2009,2009,-78.800129,35.633552
2010,2010,-78.805898,35.612265
2011,2011,-78.810768,35.608065
2012,2012,-78.81535,35.603717
2013,2013,-78.792661,35.624618
2014,2014,-78.813679,35.613506
2015,2015,-78.829496,35.639033
2016,2016,-78.827056,35.645157
2017,2017,-78.820929,35.647064
2018,2018,-78.816643,35.632236
2019,2019,-78.835145,35.644479
2020,2020,-78.827626,35.653876
2021,2021,-78.806618,35.656168
2022,2022,-78.802486,35.650716
2023,2023,-78.790208,35.639646
2024,2024,-78.818252,35.651383
2025,2025,-78.794956,35.654982
2026,2026,-78.812958,35.662729
2027,2027,-78.806683,35.668204
2028,2028,-78.829532,35.671671
2029,2029,-78.81978,35.660372
2030,2030,-78.832234,35.665308
2031,2031,-78.831916,35.658644
2032,2032,-78.827834,35.657319
2033,2033,-78.829321,35.678101
2034,2034,-78.815292,35.654368
2035,2035,-78.79856,35.671974
2036,2036,-78.787874,35.667748
2037,2037,-78.798507,35.662763
2038,2038,-78.777416,35.659708
2039,2039,-78.762891,35.65855
2040,2040,-78.748529,35.655137
2041,2041,-78.771924,35.641739
2042,2042,-78.749317,35.636056
2043,2043,-78.76635,35.684238
2044,2044,-78.766602,35.673077
2045,2045,-78.786329,35.680299
2046,2046,-78.787673,35.659745
2047,2047,-78.748004,35.679683
2048,2048,-78.762086,35.667784
2049,2049,-78.750723,35.667334
2050,2050,-78.853342,35.778429
2051,2051,-78.848842,35.760964
2052,2052,-78.849152,35.770809
2053,2053,-78.858057,35.772126
2054,2054,-78.849543,35.756718
2055,2055,-78.864557,35.785921
2056,2056,-78.85807,35.786702
2057,2057,-78.865502,35.763076
2058,2058,-78.865222,35.769504
2059,2059,-78.863886,35.776079
2060,2060,-78.856914,35.762625
2061,2061,-78.94086,35.671572
2062,2062,-78.909553,35.72612
2063,2063,-78.913655,35.714208
2064,2064,-78.900349,35.737692
2065,2065,-78.902625,35.705565
2066,2066,-78.897108,35.717753
2067,2067,-78.90101,35.730527
2068,2068,-78.932201,35.736513
2069,2069,-78.929138,35.694288
2070,2070,-78.902087,35.69107
2071,2071,-78.927234,35.678046
2072,2072,-78.933061,35.725064
2073,2073,-78.952398,35.699682
2074,2074,-78.934254,35.712834
2075,2075,-78.954863,35.678627
2076,2076,-78.919852,35.723843
2077,2077,-78.88644,35.715373
2078,2078,-78.890683,35.726721
2079,2079,-78.893906,35.734127
2080,2080,-78.89405,35.739763
2081,2081,-78.907748,35.820284
2082,2082,-78.908501,35.807913
2083,2083,-78.909444,35.79479
2084,2084,-78.911518,35.77187
2085,2085,-78.90743,35.761778
2086,2086,-78.90405,35.748437
2087,2087,-78.896903,35.816365
2088,2088,-78.929792,35.783488
2089,2089,-78.928321,35.74869
2090,2090,-78.93209,35.762023
2091,2091,-78.920938,35.802855
2092,2092,-78.914595,35.81496
2093,2093,-78.918903,35.793311
2094,2094,-78.895895,35.792064
2095,2095,-78.884376,35.816478
2096,2096,-78.880813,35.798259
2097,2097,-78.883038,35.826414
2098,2098,-78.8456,35.744418
2099,2099,-78.841087,35.755376
2100,2100,-78.89193,35.779002
2101,2101,-78.874696,35.784709
2102,2102,-78.864588,35.752368
2103,2103,-78.865664,35.746621
2104,2104,-78.878103,35.775743
2105,2105,-78.87533,35.755332
2106,2106,-78.879278,35.744735
2107,2107,-78.8744,35.739813
2108,2108,-78.872276,35.73477
2109,2109,-78.893467,35.750569
2110,2110,-78.881448,35.753776
2111,2111,-78.870287,35.72538
2112,2112,-78.886785,35.740712
2113,2113,-78.883697,35.734586
2114,2114,-78.88201,35.727179
2115,2115,-78.895709,35.765716
2116,2116,-78.881195,35.765668
2117,2117,-78.859638,35.73805
2118,2118,-78.853291,35.742939
2119,2119,-78.86043,35.725776
2120,2120,-78.864818,35.734104
2121,2121,-78.854107,35.737384
2122,2122,-78.863628,35.741402
2123,2123,-78.850631,35.738008
2124,2124,-78.855941,35.730301
2125,2125,-78.853126,35.733891
2126,2126,-78.84265,35.726051
2127,2127,-78.840851,35.720629
2128,2128,-78.848394,35.711857
2129,2129,-78.852806,35.71534
2130,2130,-78.857792,35.721178
2131,2131,-78.840667,35.659526
2132,2132,-78.837994,35.666143
2133,2133,-78.853044,35.724444
2134,2134,-78.876763,35.719846
2135,2135,-78.869943,35.712106
2136,2136,-78.840817,35.698045
2137,2137,-78.850353,35.671076
2138,2138,-78.839655,35.691393
2139,2139,-78.835906,35.678133
2140,2140,-78.835789,35.691103
2141,2141,-78.886168,35.695282
2142,2142,-78.873128,35.683229
2143,2143,-78.855695,35.69863
2144,2144,-78.846915,35.728203
2145,2145,-78.848185,35.725991
2146,2146,-78.782308,35.696167
2147,2147,-78.842577,35.731605
2148,2148,-78.842889,35.739967
2149,2149,-78.83817,35.745602
2150,2150,-78.831541,35.738187
2151,2151,-78.836235,35.73205
2152,2152,-78.833701,35.724212
2153,2153,-78.831573,35.715732
2154,2154,-78.832491,35.74308
2155,2155,-78.817344,35.713449
2156,2156,-78.811295,35.676753
2157,2157,-78.803202,35.685328
2158,2158,-78.827078,35.682708
2159,2159,-78.829923,35.690719
2160,2160,-78.790822,35.688196
2161,2161,-78.814471,35.691362
2162,2162,-78.832229,35.70703
2163,2163,-78.797709,35.698711
2164,2164,-78.806617,35.734439
2165,2165,-78.832247,35.755188
2166,2166,-78.83679,35.749271
2167,2167,-78.810572,35.740087
2168,2168,-78.830715,35.747578
2169,2169,-78.8219,35.747152
2170,2170,-78.829513,35.731498
2171,2171,-78.822777,35.737413
2172,2172,-78.820349,35.725629
2173,2173,-78.826065,35.719883
2174,2174,-78.816875,35.744631
2175,2175,-78.799718,35.727498
2176,2176,-78.792265,35.719436
2177,2177,-78.805822,35.719247
2178,2178,-78.816262,35.722055
2179,2179,-78.797043,35.710471
2180,2180,-78.783258,35.734056
2181,2181,-78.830597,35.776741
2182,2182,-78.833837,35.782681
2183,2183,-78.826613,35.768455
2184,2184,-78.825586,35.773104
2185,2185,-78.814087,35.767836
2186,2186,-78.821843,35.772575
2187,2187,-78.822504,35.766005
2188,2188,-78.819169,35.770329
2189,2189,-78.840376,35.776466
2190,2190,-78.850097,35.787138
2191,2191,-78.841418,35.783558
2192,2192,-78.843345,35.789762
2193,2193,-78.835254,35.788695
2194,2194,-78.84013,35.76708
2195,2195,-78.841691,35.76074
2196,2196,-78.830995,35.765085
2197,2197,-78.776257,35.786271
2198,2198,-78.769676,35.791629
2199,2199,-78.777795,35.788101
2200,2200,-78.772972,35.787051
2201,2201,-78.770437,35.782066
2202,2202,-78.765985,35.777887
2203,2203,-78.766038,35.790143
2204,2204,-78.761744,35.790707
2205,2205,-78.758893,35.782441
2206,2206,-78.747699,35.771114
2207,2207,-78.746517,35.766077
2208,2208,-78.759962,35.773258
2209,2209,-78.753214,35.771475
2210,2210,-78.761478,35.760428
2211,2211,-78.767369,35.765082
2212,2212,-78.760721,35.765974
2213,2213,-78.754335,35.760781
2214,2214,-78.760513,35.746836
2215,2215,-78.7574,35.751967
2216,2216,-78.775855,35.776858
2217,2217,-78.770285,35.775108
2218,2218,-78.776056,35.771573
2219,2219,-78.770906,35.7701
2220,2220,-78.766787,35.77142
2221,2221,-78.777709,35.766117
2222,2222,-78.772178,35.760242
2223,2223,-78.77888,35.760728
2224,2224,-78.766214,35.759356
2225,2225,-78.768113,35.744214
2226,2226,-78.777565,35.748635
2227,2227,-78.775547,35.75415
2228,2228,-78.77784,35.742499
2229,2229,-78.779708,35.75496
2230,2230,-78.771242,35.752523
2231,2231,-78.782786,35.780358
2232,2232,-78.787418,35.784604
2233,2233,-78.782309,35.785339
2234,2234,-78.788329,35.773178
2235,2235,-78.785559,35.776781
2236,2236,-78.793477,35.774365
2237,2237,-78.796466,35.78249
2238,2238,-78.788573,35.781766
2239,2239,-78.794484,35.784834
2240,2240,-78.800867,35.770889
2241,2241,-78.797554,35.765369
2242,2242,-78.800305,35.764461
2243,2243,-78.793608,35.765877
2244,2244,-78.78775,35.768017
2245,2245,-78.78797,35.762669
2246,2246,-78.789392,35.759801
2247,2247,-78.782076,35.759894
2248,2248,-78.804113,35.757056
2249,2249,-78.810359,35.7575
2250,2250,-78.815889,35.76075
2251,2251,-78.800168,35.758305
2252,2252,-78.805652,35.763253
2253,2253,-78.788149,35.745278
2254,2254,-78.783701,35.740157
2255,2255,-78.790491,35.754262
2256,2256,-78.785672,35.755204
2257,2257,-78.801833,35.744095
2258,2258,-78.807514,35.747771
2259,2259,-78.813588,35.751848
2260,2260,-78.821848,35.756575
2261,2261,-78.771603,35.801067
2262,2262,-78.777162,35.797965
2263,2263,-78.773792,35.791609
2264,2264,-78.776784,35.794952
2265,2265,-78.770989,35.794437
2266,2266,-78.770619,35.79703
2267,2267,-78.780231,35.800792
2268,2268,-78.780808,35.792475
2269,2269,-78.782259,35.790333
2270,2270,-78.775969,35.811388
2271,2271,-78.772454,35.80439
2272,2272,-78.780771,35.804593
2273,2273,-78.768239,35.813622
2274,2274,-78.756309,35.807863
2275,2275,-78.760021,35.799365
2276,2276,-78.765689,35.796736
2277,2277,-78.759154,35.803907
2278,2278,-78.767392,35.807307
2279,2279,-78.761481,35.824892
2280,2280,-78.762138,35.828588
2281,2281,-78.767328,35.820496
2282,2282,-78.761266,35.84781
2283,2283,-78.766979,35.836974
2284,2284,-78.741553,35.812516
2285,2285,-78.743889,35.801356
2286,2286,-78.742812,35.826988
2287,2287,-78.754452,35.797847
2288,2288,-78.749597,35.79291
2289,2289,-78.749716,35.804627
2290,2290,-78.758261,35.830639
2291,2291,-78.795816,35.830826
2292,2292,-78.792083,35.813283
2293,2293,-78.795366,35.816145
2294,2294,-78.792323,35.822374
2295,2295,-78.78755,35.826562
2296,2296,-78.788485,35.817984
2297,2297,-78.772135,35.832995
2298,2298,-78.778038,35.826553
2299,2299,-78.78427,35.835613
2300,2300,-78.781493,35.814859
2301,2301,-78.778323,35.818761
2302,2302,-78.790883,35.806976
2303,2303,-78.785296,35.811899
2304,2304,-78.786482,35.809116
2305,2305,-78.78509,35.803478
2306,2306,-78.79043,35.792766
2307,2307,-78.793742,35.798215
2308,2308,-78.785573,35.799053
2309,2309,-78.790052,35.795544
2310,2310,-78.785644,35.793963
2311,2311,-78.810917,35.82541
2312,2312,-78.820226,35.811465
2313,2313,-78.812398,35.81295
2314,2314,-78.806902,35.809674
2315,2315,-78.817546,35.81994
2316,2316,-78.805044,35.817087
2317,2317,-78.802785,35.799451
2318,2318,-78.799316,35.811272
2319,2319,-78.80978,35.808535
2320,2320,-78.817134,35.807086
2321,2321,-78.813077,35.809156
2322,2322,-78.811021,35.805004
2323,2323,-78.798675,35.802793
2324,2324,-78.825537,35.814871
2325,2325,-78.806408,35.798479
2326,2326,-78.808031,35.787803
2327,2327,-78.809575,35.792881
2328,2328,-78.827321,35.792284
2329,2329,-78.826042,35.805384
2330,2330,-78.820776,35.789228
2331,2331,-78.821649,35.80195
2332,2332,-78.814407,35.796143
2333,2333,-78.814186,35.788009
2334,2334,-78.811489,35.785876
2335,2335,-78.789888,35.789113
2336,2336,-78.801288,35.788987
2337,2337,-78.797288,35.792234
2338,2338,-78.813002,35.78227
2339,2339,-78.804481,35.781225
2340,2340,-78.823035,35.783287
2341,2341,-78.80975,35.775673
2342,2342,-78.8181,35.77642
2343,2343,-78.843149,35.806696
2344,2344,-78.836687,35.813233
2345,2345,-78.832481,35.816968
2346,2346,-78.836492,35.799618
2347,2347,-78.841861,35.830116
2348,2348,-78.837569,35.821425
2349,2349,-78.83241,35.834921
2350,2350,-78.84037,35.838488
2351,2351,-78.844516,35.797461
2352,2352,-78.813185,35.841741
2353,2353,-78.846299,35.811723
2354,2354,-78.848609,35.835275
2355,2355,-78.846163,35.827725
2356,2356,-78.84606,35.820964
2357,2357,-78.846008,35.81829
2358,2358,-78.808865,35.836543
2359,2359,-78.836813,35.808778
2360,2360,-78.822466,35.831727
2361,2361,-78.836115,35.829931
2362,2362,-78.830676,35.82467
2363,2363,-78.8229,35.853642
2364,2364,-78.896501,35.858609
2365,2365,-78.905385,35.825941
2366,2366,-78.903789,35.846765
2367,2367,-78.906521,35.833801
2368,2368,-78.912001,35.826248
2369,2369,-78.79011,35.872679
2370,2370,-78.830787,35.843916
2371,2371,-78.835253,35.849153
2372,2372,-78.881027,35.850955
2373,2373,-78.849558,35.843061
2374,2374,-78.81708,35.857331
2375,2375,-78.803624,35.849449
2376,2376,-78.838855,35.857151
2377,2377,-78.865405,35.843104
2378,2378,-78.84343,35.865862
2379,2379,-78.845996,35.851888
2380,2380,-78.83505,35.862849
2381,2381,-78.859094,35.820139
2382,2382,-78.856096,35.808759
2383,2383,-78.869753,35.818251
2384,2384,-78.893347,35.835201
2385,2385,-78.867635,35.80852
2386,2386,-78.852329,35.795105
2387,2387,-78.865842,35.793767
2388,2388,-78.859945,35.797087
2389,2389,-78.855139,35.82601
2390,2390,-78.857238,35.832499
2391,2391,-78.88138,35.860465
2392,2392,-78.867969,35.861304
2393,2393,-78.856995,35.864412
2394,2394,-78.811331,35.870825
2395,2395,-78.821466,35.873967
2396,2396,-78.820068,35.861817
2397,2397,-78.830498,35.852907
2398,2398,-78.828224,35.851047
2399,2399,-78.794671,35.841607
2400,2400,-78.792533,35.909475
2401,2401,-78.788117,35.910842
2402,2402,-78.801026,35.90834
2403,2403,-78.772607,35.901451
2404,2404,-78.782898,35.906006
2405,2405,-78.802189,35.899922
2406,2406,-78.804609,35.904884
2407,2407,-78.808094,35.891025
2408,2408,-78.797662,35.919772
2409,2409,-78.743589,35.914168
2410,2410,-78.772135,35.915285
2411,2411,-78.721023,35.91655
2412,2412,-78.71637,35.91081
2413,2413,-78.69961,35.91162
2414,2414,-78.689234,35.910235
2415,2415,-78.760921,35.780975
2416,2416,-78.713843,35.953405
2417,2417,-78.710287,35.940327
2418,2418,-78.688687,35.92021
2419,2419,-78.711059,35.925782
2420,2420,-78.72905,35.9342
2421,2421,-78.748127,35.921382
2422,2422,-78.741427,35.926273
2423,2423,-78.746696,35.927401
2424,2424,-78.750469,35.926918
2425,2425,-78.696646,35.930173
2426,2426,-78.651882,35.886665
2427,2427,-78.672889,35.887852
2428,2428,-78.669353,35.899504
2429,2429,-78.675733,35.895631
2430,2430,-78.659816,35.892435
2431,2431,-78.664774,35.889666
2432,2432,-78.655426,35.898651
2433,2433,-78.659043,35.899758
2434,2434,-78.647789,35.872607
2435,2435,-78.64735,35.8787
2436,2436,-78.656276,35.879138
2437,2437,-78.651114,35.879394
2438,2438,-78.656383,35.873653
2439,2439,-78.671806,35.87733
2440,2440,-78.663917,35.881227
2441,2441,-78.676678,35.880084
2442,2442,-78.734945,35.857714
2443,2443,-78.717718,35.84753
2444,2444,-78.738424,35.876218
2445,2445,-78.745543,35.880624
2446,2446,-78.758232,35.877836
2447,2447,-78.764269,35.893489
2448,2448,-78.729535,35.868673
2449,2449,-78.717817,35.861471
2450,2450,-78.71481,35.858188
2451,2451,-78.716622,35.854953
2452,2452,-78.711498,35.877464
2453,2453,-78.544401,35.895312
2454,2454,-78.724349,35.880764
2455,2455,-78.731834,35.881957
2456,2456,-78.73373,35.89671
2457,2457,-78.723641,35.892905
2458,2458,-78.736534,35.889391
2459,2459,-78.717925,35.88943
2460,2460,-78.70556,35.862201
2461,2461,-78.710956,35.86677
2462,2462,-78.716587,35.871301
2463,2463,-78.700814,35.865858
2464,2464,-78.703528,35.882383
2465,2465,-78.70287,35.88971
2466,2466,-78.714246,35.895848
2467,2467,-78.708388,35.901504
2468,2468,-78.720795,35.901587
2469,2469,-78.686391,35.89185
2470,2470,-78.696278,35.898914
2471,2471,-78.682274,35.899474
2472,2472,-78.696027,35.878252
2473,2473,-78.692812,35.883709
2474,2474,-78.6918,35.877206
2475,2475,-78.696467,35.870573
2476,2476,-78.695271,35.887136
2477,2477,-78.681184,35.880969
2478,2478,-78.68713,35.877366
2479,2479,-78.685957,35.86691
2480,2480,-78.690968,35.863152
2481,2481,-78.681062,35.867327
2482,2482,-78.662531,35.865666
2483,2483,-78.674267,35.860029
2484,2484,-78.672937,35.869012
2485,2485,-78.644728,35.866605
2486,2486,-78.646532,35.860339
2487,2487,-78.646174,35.853596
2488,2488,-78.658,35.860976
2489,2489,-78.651811,35.859146
2490,2490,-78.648438,35.948898
2491,2491,-78.637905,35.935868
2492,2492,-78.654898,35.936578
2493,2493,-78.62995,35.956674
2494,2494,-78.601674,35.946321
2495,2495,-78.674429,35.979353
2496,2496,-78.660771,35.955179
2497,2497,-78.706215,35.980003
2498,2498,-78.703401,35.971297
2499,2499,-78.695839,35.954625
2500,2500,-78.682373,35.947522
2501,2501,-78.677454,35.93591
2502,2502,-78.670414,35.946866
2503,2503,-78.688933,35.935297
2504,2504,-78.68492,35.96523
2505,2505,-78.666427,35.941243
2506,2506,-78.696604,36.001247
2507,2507,-78.614012,35.932166
2508,2508,-78.61439,35.917111
2509,2509,-78.628749,35.92318
2510,2510,-78.593041,35.928492
2511,2511,-78.658924,35.922782
2512,2512,-78.674424,35.922159
2513,2513,-78.671334,35.91217
2514,2514,-78.667795,35.905007
2515,2515,-78.678603,35.909418
2516,2516,-78.659156,35.903385
2517,2517,-78.656077,35.909897
2518,2518,-78.635432,35.89889
2519,2519,-78.647532,35.906755
2520,2520,-78.644285,35.918094
2521,2521,-78.630805,35.910568
2522,2522,-78.602683,35.914842
2523,2523,-78.619189,35.896676
2524,2524,-78.61295,35.90622
2525,2525,-78.665391,35.990667
2526,2526,-78.677189,35.995008
2527,2527,-78.620246,35.945728
2528,2528,-78.653619,36.035179
2529,2529,-78.708471,36.047314
2530,2530,-78.731884,36.055117
2531,2531,-78.690051,36.04991
2532,2532,-78.630158,36.03151
2533,2533,-78.630355,35.999903
2534,2534,-78.611409,36.032168
2535,2535,-78.57678,36.011638
2536,2536,-78.560816,35.997717
2537,2537,-78.594702,35.994779
2538,2538,-78.587436,36.018919
2539,2539,-78.570895,35.969492
2540,2540,-78.606757,35.974851
2541,2541,-78.55916,36.020703
2542,2542,-78.622143,35.864932
2543,2543,-78.623832,35.868935
2544,2544,-78.632986,35.858902
2545,2545,-78.621168,35.855937
2546,2546,-78.603672,35.87022
2547,2547,-78.615609,35.884438
2548,2548,-78.606481,35.890782
2549,2549,-78.603016,35.88217
2550,2550,-78.622998,35.878429
2551,2551,-78.616646,35.875572
2552,2552,-78.609901,35.894532
2553,2553,-78.621875,35.890498
2554,2554,-78.603,35.898436
2555,2555,-78.606069,35.896616
2556,2556,-78.611578,35.852328
2557,2557,-78.615067,35.867426
2558,2558,-78.613187,35.859203
2559,2559,-78.606759,35.863981
2560,2560,-78.608188,35.859964
2561,2561,-78.60459,35.855803
2562,2562,-78.603309,35.861283
2563,2563,-78.601309,35.852776
2564,2564,-78.641902,35.875319
2565,2565,-78.628271,35.87689
2566,2566,-78.631414,35.870903
2567,2567,-78.643579,35.893557
2568,2568,-78.639618,35.883124
2569,2569,-78.628403,35.882541
2570,2570,-78.630892,35.893002
2571,2571,-78.57763,35.846811
2572,2572,-78.570614,35.846837
2573,2573,-78.564426,35.852937
2574,2574,-78.57822,35.852727
2575,2575,-78.573472,35.853536
2576,2576,-78.553444,35.893743
2577,2577,-78.576915,35.858521
2578,2578,-78.562783,35.880293
2579,2579,-78.557265,35.8846
2580,2580,-78.555217,35.87282
2581,2581,-78.567896,35.914694
2582,2582,-78.586572,35.917669
2583,2583,-78.594473,35.909926
2584,2584,-78.548515,35.874942
2585,2585,-78.548433,35.891091
2586,2586,-78.552323,35.900362
2587,2587,-78.588414,35.873103
2588,2588,-78.552394,35.867529
2589,2589,-78.562769,35.899266
2590,2590,-78.576414,35.93609
2591,2591,-78.580669,35.928489
2592,2592,-78.577589,35.922755
2593,2593,-78.568421,35.928375
2594,2594,-78.569418,35.922457
2595,2595,-78.587134,35.887554
2596,2596,-78.580304,35.898745
2597,2597,-78.57352,35.894068
2598,2598,-78.583088,35.872951
2599,2599,-78.577841,35.881914
2600,2600,-78.592966,35.881006
2601,2601,-78.594875,35.870021
2602,2602,-78.593642,35.896206
2603,2603,-78.590271,35.902025
2604,2604,-78.597559,35.90364
2605,2605,-78.597853,35.887791
2606,2606,-78.567936,35.887978
2607,2607,-78.597561,35.852745
2608,2608,-78.592941,35.850689
2609,2609,-78.583639,35.847005
2610,2610,-78.585324,35.866273
2611,2611,-78.596953,35.861961
2612,2612,-78.593282,35.861465
2613,2613,-78.585836,35.857534
2614,2614,-78.584402,35.851186
2615,2615,-78.504528,35.849433
2616,2616,-78.503742,35.862221
2617,2617,-78.51604,35.880161
2618,2618,-78.509381,35.837517
2619,2619,-78.507332,35.874196
2620,2620,-78.516737,35.830191
2621,2621,-78.519106,35.853089
2622,2622,-78.527719,35.850512
2623,2623,-78.53179,35.80854
2624,2624,-78.528856,35.830217
2625,2625,-78.537682,35.797354
2626,2626,-78.518978,35.83941
2627,2627,-78.525039,35.873368
2628,2628,-78.494838,35.848295
2629,2629,-78.455671,35.854751
2630,2630,-78.469395,35.840414
2631,2631,-78.486932,35.872522
2632,2632,-78.466528,35.870429
2633,2633,-78.491422,35.802716
2634,2634,-78.498578,35.830843
2635,2635,-78.524388,35.800961
2636,2636,-78.476336,35.823071
2637,2637,-78.474499,35.816131
2638,2638,-78.457171,35.822821
2639,2639,-78.48163,35.803898
2640,2640,-78.467121,35.811559
2641,2641,-78.558909,35.849436
2642,2642,-78.543998,35.843288
2643,2643,-78.535094,35.844969
2644,2644,-78.554978,35.846008
2645,2645,-78.562403,35.845078
2646,2646,-78.539787,35.849315
2647,2647,-78.555685,35.83857
2648,2648,-78.564563,35.835612
2649,2649,-78.537914,35.840253
2650,2650,-78.527102,35.845207
2651,2651,-78.540402,35.866089
2652,2652,-78.541216,35.860717
2653,2653,-78.543311,35.829685
2654,2654,-78.558823,35.809
2655,2655,-78.562765,35.82725
2656,2656,-78.551915,35.80012
2657,2657,-78.540622,35.812048
2658,2658,-78.543493,35.821516
2659,2659,-78.563605,35.816114
2660,2660,-78.553115,35.817972
2661,2661,-78.559946,35.7998
2662,2662,-78.582185,35.791956
2663,2663,-78.556699,35.790219
2664,2664,-78.5778,35.795128
2665,2665,-78.569233,35.77255
2666,2666,-78.541924,35.784359
2667,2667,-78.548147,35.784981
2668,2668,-78.580391,35.774333
2669,2669,-78.545957,35.796164
2670,2670,-78.551405,35.765028
2671,2671,-78.516947,35.775319
2672,2672,-78.530654,35.788824
2673,2673,-78.51735,35.788456
2674,2674,-78.508167,35.789207
2675,2675,-78.530407,35.764348
2676,2676,-78.492674,35.795043
2677,2677,-78.486779,35.788455
2678,2678,-78.505518,35.778109
2679,2679,-78.511053,35.759998
2680,2680,-78.490501,35.760675
2681,2681,-78.49607,35.773594
2682,2682,-78.501611,35.757575
2683,2683,-78.487934,35.778866
2684,2684,-78.48329,35.784486
2685,2685,-78.494049,35.780744
2686,2686,-78.462069,35.798315
2687,2687,-78.480682,35.791009
2688,2688,-78.447461,35.767166
2689,2689,-78.467129,35.786002
2690,2690,-78.478217,35.783538
2691,2691,-78.459779,35.754343
2692,2692,-78.458313,35.772794
2693,2693,-78.478395,35.78733
2694,2694,-78.463651,35.734988
2695,2695,-78.456423,35.744399
2696,2696,-78.435581,35.743866
2697,2697,-78.479356,35.734056
2698,2698,-78.518904,35.739985
2699,2699,-78.473779,35.744948
2700,2700,-78.497379,35.744082
2701,2701,-78.516234,35.975943
2702,2702,-78.53766,35.968011
2703,2703,-78.532284,35.958775
2704,2704,-78.523705,35.967461
2705,2705,-78.522798,35.970947
2706,2706,-78.517489,35.99583
2707,2707,-78.51549,36.004395
2708,2708,-78.52818,35.985144
2709,2709,-78.550069,35.98091
2710,2710,-78.54771,36.017769
2711,2711,-78.53932,36.003685
2712,2712,-78.544687,35.993267
2713,2713,-78.526086,36.010497
2714,2714,-78.523072,35.992105
2715,2715,-78.530436,35.996308
2716,2716,-78.479308,35.988748
2717,2717,-78.497048,35.986354
2718,2718,-78.504423,35.997416
2719,2719,-78.493935,35.997801
2720,2720,-78.502988,35.989168
2721,2721,-78.515722,35.986046
2722,2722,-78.510446,35.988204
2723,2723,-78.512072,35.980602
2724,2724,-78.51231,35.984433
2725,2725,-78.491689,35.975514
2726,2726,-78.504514,35.980273
2727,2727,-78.492723,35.977769
2728,2728,-78.549576,35.936911
2729,2729,-78.543848,35.913086
2730,2730,-78.551699,35.917784
2731,2731,-78.51004,35.95833
2732,2732,-78.516614,35.94836
2733,2733,-78.508061,35.973201
2734,2734,-78.567886,35.943618
2735,2735,-78.551331,35.96244
2736,2736,-78.560264,35.954507
2737,2737,-78.540891,35.92262
2738,2738,-78.533168,35.941707
2739,2739,-78.54353,35.954171
2740,2740,-78.546196,35.971821
2741,2741,-78.522648,35.953414
2742,2742,-78.545806,35.942843
2743,2743,-78.561656,35.938596
2744,2744,-78.52642,35.935679
2745,2745,-78.501944,35.971951
2746,2746,-78.493477,35.962708
2747,2747,-78.49877,35.90464
2748,2748,-78.522939,35.913757
2749,2749,-78.508919,35.913883
2750,2750,-78.5332,35.913176
2751,2751,-78.511329,35.909036
2752,2752,-78.517127,35.899644
2753,2753,-78.529826,35.895097
2754,2754,-78.542923,35.880779
2755,2755,-78.515435,35.919231
2756,2756,-78.512381,35.933169
2757,2757,-78.509663,35.941284
2758,2758,-78.529575,35.92304
2759,2759,-78.519348,35.928468
2760,2760,-78.483076,35.924639
2761,2761,-78.498603,35.929946
2762,2762,-78.467301,35.919572
2763,2763,-78.468968,35.973185
2764,2764,-78.439999,35.948883
2765,2765,-78.430561,35.969217
2766,2766,-78.449811,35.974478
2767,2767,-78.469815,35.956852
2768,2768,-78.494859,35.950742
2769,2769,-78.476318,35.950601
2770,2770,-78.470599,35.932997
2771,2771,-78.494884,35.940302
2772,2772,-78.461245,35.924088
2773,2773,-78.42324,35.959031
2774,2774,-78.388516,35.930883
2775,2775,-78.4209,35.917764
2776,2776,-78.425573,35.901407
2777,2777,-78.422179,35.932165
2778,2778,-78.414474,35.947802
2779,2779,-78.471128,35.911958
2780,2780,-78.467824,35.886105
2781,2781,-78.511524,35.890736
2782,2782,-78.440317,35.889267
2783,2783,-78.486197,35.894409
2784,2784,-78.504674,35.889984
2785,2785,-78.388732,35.864899
2786,2786,-78.43244,35.877174
2787,2787,-78.416026,35.865147
2788,2788,-78.364633,35.86537
2789,2789,-78.357362,35.89375
2790,2790,-78.399062,35.897786
2791,2791,-78.378869,35.897603
2792,2792,-78.369875,35.914913
2793,2793,-78.32461,35.889125
2794,2794,-78.345159,35.848673
2795,2795,-78.324284,35.846249
2796,2796,-78.330674,35.866717
2797,2797,-78.316984,35.847885
2798,2798,-78.30388,35.845216
2799,2799,-78.30777,35.877996
2800,2800,-78.308268,35.864388
2801,2801,-78.319457,35.837501
2802,2802,-78.283487,35.863531
2803,2803,-78.318771,35.826781
2804,2804,-78.337349,35.829122
2805,2805,-78.341124,35.817793
2806,2806,-78.33139,35.817824
2807,2807,-78.327098,35.825452
2808,2808,-78.315348,35.828088
2809,2809,-78.316497,35.832618
2810,2810,-78.280768,35.845671
2811,2811,-78.302108,35.831289
2812,2812,-78.277368,35.829218
2813,2813,-78.298191,35.813467
2814,2814,-78.312856,35.82393
2815,2815,-78.323844,35.796059
2816,2816,-78.308621,35.806361
2817,2817,-78.315284,35.821482
2818,2818,-78.313035,35.817195
2819,2819,-78.332075,35.807813
2820,2820,-78.413905,35.842141
2821,2821,-78.436729,35.798862
2822,2822,-78.436477,35.813765
2823,2823,-78.437713,35.836376
2824,2824,-78.435929,35.85679
2825,2825,-78.420868,35.79962
2826,2826,-78.408037,35.807017
2827,2827,-78.424629,35.822711
2828,2828,-78.418317,35.813
2829,2829,-78.394229,35.842095
2830,2830,-78.382067,35.819888
2831,2831,-78.395112,35.810284
2832,2832,-78.366395,35.821861
2833,2833,-78.366425,35.831095
2834,2834,-78.386956,35.806373
2835,2835,-78.395567,35.796485
2836,2836,-78.377516,35.784334
2837,2837,-78.376046,35.790998
2838,2838,-78.369172,35.783308
2839,2839,-78.360514,35.782444
2840,2840,-78.349319,35.788369
2841,2841,-78.354964,35.793545
2842,2842,-78.365866,35.79648
2843,2843,-78.363344,35.812545
2844,2844,-78.369098,35.787112
2845,2845,-78.311133,35.831716
2846,2846,-78.341205,35.774026
2847,2847,-78.364195,35.776234
2848,2848,-78.359797,35.778356
2849,2849,-78.375247,35.775921
2850,2850,-78.37443,35.762348
2851,2851,-78.378071,35.780884
2852,2852,-78.39632,35.78166
2853,2853,-78.370498,35.772067
2854,2854,-78.369162,35.778855
2855,2855,-78.432469,35.76727
2856,2856,-78.41396,35.7576
2857,2857,-78.401544,35.745417
2858,2858,-78.628155,35.437586
2859,2859,-78.626508,35.418413
2860,2860,-78.678807,35.446722
2861,2861,-78.652932,35.463053
2862,2862,-78.67079,35.415817
2863,2863,-78.689483,35.402081
2864,2864,-78.693531,35.44832
2865,2865,-78.702112,35.408836
2866,2866,-78.675202,35.408737
2867,2867,-78.679031,35.375197
2868,2868,-78.703836,35.356301
2869,2869,-78.661414,35.353615
2870,2870,-78.651677,35.383365
2871,2871,-78.637577,35.392136
2872,2872,-78.623537,35.397697
2873,2873,-78.668702,35.403168
2874,2874,-78.657642,35.408659
2875,2875,-78.669398,35.410837
2876,2876,-78.609851,35.377089
2877,2877,-78.604931,35.404625
2878,2878,-78.778806,35.416388
2879,2879,-78.772322,35.450785
2880,2880,-78.804908,35.4366
2881,2881,-78.748448,35.400025
2882,2882,-78.72714,35.404853
2883,2883,-78.733077,35.442622
2884,2884,-78.70991,35.44502
2885,2885,-78.72462,35.421781
2886,2886,-78.743867,35.41762
2887,2887,-78.765616,35.525089
2888,2888,-78.763668,35.505199
2889,2889,-78.749775,35.479804
2890,2890,-78.743732,35.511763
2891,2891,-78.783403,35.463818
2892,2892,-78.748156,35.507799
2893,2893,-78.745866,35.503253
2894,2894,-78.735172,35.517847
2895,2895,-78.719833,35.514173
2896,2896,-78.72943,35.469907
2897,2897,-78.722247,35.493421
2898,2898,-78.708846,35.504196
2899,2899,-78.735676,35.504805
2900,2900,-78.731204,35.510474
2901,2901,-78.670254,35.490977
2902,2902,-78.681603,35.476517
2903,2903,-78.933905,35.514337
2904,2904,-78.872574,35.550139
2905,2905,-78.908027,35.554989
2906,2906,-78.798523,35.525232
2907,2907,-78.841508,35.524249
2908,2908,-78.797829,35.497749
2909,2909,-78.836879,35.544269
2910,2910,-78.867838,35.462116
2911,2911,-78.876374,35.511557
2912,2912,-78.84467,35.496802
2913,2913,-78.842695,35.473087
2914,2914,-78.817534,35.461284
2915,2915,-78.590227,35.395254
2916,2916,-78.925783,36.447975
2917,2917,-78.921865,36.416122
2918,2918,-78.919719,36.384976
2919,2919,-78.955603,36.373752
2920,2920,-78.868592,36.366606
2921,2921,-78.977253,36.460377
2922,2922,-78.935101,36.474846
2923,2923,-79.012167,36.416142
2924,2924,-78.977562,36.401927
2925,2925,-78.984726,36.40123
2926,2926,-78.971285,36.401197
2927,2927,-78.962399,36.420127
2928,2928,-78.97442,36.420346
2929,2929,-78.994441,36.42403
2930,2930,-78.969255,36.43637
2931,2931,-78.958209,36.435859
2932,2932,-78.982163,36.386088
2933,2933,-78.987035,36.392259
2934,2934,-78.993031,36.38339
2935,2935,-78.996888,36.399766
2936,2936,-78.991596,36.388788
2937,2937,-78.860874,36.251031
2938,2938,-78.8114,36.260676
2939,2939,-78.869239,36.300923
2940,2940,-78.828573,36.317198
2941,2941,-78.93501,36.285992
2942,2942,-78.908604,36.320971
2943,2943,-78.940364,36.309223
2944,2944,-78.952591,36.35155
2945,2945,-78.98029,36.358217
2946,2946,-79.007023,36.376374
2947,2947,-79.000061,36.346474
2948,2948,-78.985883,36.350091
2949,2949,-78.98659,36.380287
2950,2950,-78.985022,36.370751
2951,2951,-78.993251,36.258921
2952,2952,-78.998304,36.321376
2953,2953,-78.985542,36.287609
2954,2954,-79.044112,36.320256
2955,2955,-79.092442,36.252868
2956,2956,-79.090129,36.29131
2957,2957,-79.059862,36.365231
2958,2958,-79.107648,36.332644
2959,2959,-79.274221,36.102098
2960,2960,-79.294615,36.063173
2961,2961,-79.315062,36.044037
2962,2962,-79.320806,36.077636
2963,2963,-79.304545,36.066502
2964,2964,-79.309324,35.970619
2965,2965,-79.315019,35.984083
2966,2966,-79.306677,35.998409
2967,2967,-79.291509,35.947213
2968,2968,-79.274137,35.964142
2969,2969,-79.288023,36.026667
2970,2970,-79.274545,35.986298
2971,2971,-79.308651,36.015619
2972,2972,-79.324505,36.056829
2973,2973,-79.278618,36.052371
2974,2974,-79.269661,36.031499
2975,2975,-79.299836,36.048383
2976,2976,-79.273128,36.065995
2977,2977,-79.265099,36.093807
2978,2978,-79.317832,36.067735
2979,2979,-79.354797,36.029199
2980,2980,-79.315521,36.084552
2981,2981,-79.326597,36.079845
2982,2982,-79.266841,36.074414
2983,2983,-79.265804,36.06888
2984,2984,-79.26333,36.095838
2985,2985,-79.265278,36.104431
2986,2986,-79.268467,36.098453
2987,2987,-79.26696,36.090673
2988,2988,-79.266931,36.081193
2989,2989,-79.346224,36.034778
2990,2990,-79.337805,36.039217
2991,2991,-79.334014,36.030646
2992,2992,-79.357324,36.00836
2993,2993,-79.336769,35.983675
2994,2994,-79.265118,36.109698
2995,2995,-79.280437,36.06968
2996,2996,-79.282194,36.07905
2997,2997,-79.305234,36.072594
2998,2998,-79.269165,36.095657
2999,2999,-79.270497,36.091339
3000,3000,-79.271791,36.075391
3001,3001,-79.299308,36.081078
3002,3002,-79.299866,36.093567
3003,3003,-79.273181,36.094761
3004,3004,-79.283362,36.086497
3005,3005,-79.28023,36.093625
3006,3006,-79.351389,36.021255
3007,3007,-79.289464,36.111221
3008,3008,-79.287861,36.123904
3009,3009,-79.265704,36.13192
3010,3010,-79.312502,36.102774
3011,3011,-79.15285,35.839662
3012,3012,-79.046789,35.904686
3013,3013,-79.051083,35.904866
3014,3014,-79.051114,35.907704
3015,3015,-79.116624,35.829313
3016,3016,-79.085418,35.799478
3017,3017,-78.943258,36.007142
3018,3018,-78.945829,36.005269
3019,3019,-79.033692,35.840761
3020,3020,-78.942215,36.004203
3021,3021,-78.923063,35.826474
3022,3022,-79.054251,35.962955
3023,3023,-78.941928,35.996745
3024,3024,-78.941244,36.001121
3025,3025,-78.938812,36.002576
3026,3026,-78.938965,35.999687
3027,3027,-78.991938,35.950989
3028,3028,-79.031742,35.929482
3029,3029,-78.938579,36.006894
3030,3030,-78.936289,36.00505
3031,3031,-78.679579,35.770309
3032,3032,-78.683605,35.771203
3033,3033,-79.065151,35.88469
3034,3034,-79.091487,36.043911
3035,3035,-78.896909,36.068698
3036,3036,-78.676635,35.775424
3037,3037,-78.893969,36.045106
3038,3038,-78.688466,35.760039
3039,3039,-78.673133,35.765884
3040,3040,-78.67421,35.770214
3041,3041,-78.672264,35.772895
3042,3042,-78.899384,36.044575
3043,3043,-78.893297,36.038824
3044,3044,-78.681754,35.779911
3045,3045,-78.680158,35.778008
3046,3046,-78.677985,35.780217
3047,3047,-78.914178,36.058784
3048,3048,-78.865954,36.045281
3049,3049,-78.674961,35.778377
3050,3050,-78.670721,35.778214
3051,3051,-78.667241,35.773869
3052,3052,-78.673486,35.785007
3053,3053,-78.847681,35.995963
3054,3054,-78.668362,35.783065
3055,3055,-78.671051,35.786863
3056,3056,-78.665922,35.785903
3057,3057,-78.683274,35.789066
3058,3058,-78.677855,35.785784
3059,3059,-78.684147,35.786083
3060,3060,-78.680001,35.784186
3061,3061,-78.702406,35.818265
3062,3062,-78.695522,35.821462
3063,3063,-78.648441,35.840651
3064,3064,-78.643236,35.837862
3065,3065,-78.816074,36.01545
3066,3066,-78.829407,36.003538
3067,3067,-78.829571,35.99166
3068,3068,-78.568982,35.865296
3069,3069,-78.565231,35.869791
3070,3070,-78.559415,35.862378
3071,3071,-78.576816,35.871125
3072,3072,-78.575428,35.865991
3073,3073,-78.604809,35.819247
3074,3074,-78.857462,35.953287
3075,3075,-78.603555,35.820836
3076,3076,-78.598183,35.819062
3077,3077,-79.091413,36.036932
3078,3078,-78.837167,35.932906
3079,3079,-78.836966,35.940908
3080,3080,-78.816519,35.934518
3081,3081,-78.822471,35.949495
3082,3082,-78.797515,35.951777
3083,3083,-79.09824,36.05187
3084,3084,-78.809013,35.956574
3085,3085,-78.829326,35.942465
3086,3086,-78.794824,35.965968
3087,3087,-79.086554,36.04948
3088,3088,-79.083154,36.055831
3089,3089,-79.070098,36.043076
3090,3090,-79.095273,36.060927
3091,3091,-79.088027,36.06219
3092,3092,-78.750467,35.905128
3093,3093,-78.733109,35.90382
3094,3094,-78.757257,35.901364
3095,3095,-78.7463,35.893454
3096,3096,-78.81577,35.964494
3097,3097,-78.824154,35.974066
3098,3098,-78.803049,35.933391
3099,3099,-78.782678,35.955706
3100,3100,-78.779257,35.944462
3101,3101,-78.912095,35.952942
3102,3102,-78.894525,35.945672
3103,3103,-78.898983,35.930685
3104,3104,-78.940972,35.919692
3105,3105,-78.945349,35.918945
3106,3106,-78.937921,35.92606
3107,3107,-78.93135,35.926291
3108,3108,-78.93533,35.938033
3109,3109,-78.929767,35.916068
3110,3110,-78.925452,35.886609
3111,3111,-78.924088,35.879266
3112,3112,-78.949707,35.886763
3113,3113,-78.935401,35.90254
3114,3114,-78.908255,35.894834
3115,3115,-78.910829,35.905965
3116,3116,-78.910457,35.912222
3117,3117,-78.858669,35.871649
3118,3118,-78.869347,35.930687
3119,3119,-78.815002,35.923954
3120,3120,-78.839187,35.926322
3121,3121,-78.829001,35.916168
3122,3122,-78.964991,35.963083
3123,3123,-78.979498,35.96866
3124,3124,-78.966623,35.438357
3125,3125,-79.152262,35.728059
3126,3126,-79.128577,35.713355
3127,3127,-78.290887,36.070418
3128,3128,-78.507445,35.802326
3129,3129,-78.536859,35.873596
3130,3130,-78.567744,35.789878
3131,3131,-78.534616,35.975304
3132,3132,-78.494387,35.915109
3133,3133,-78.456684,35.902674
3134,3134,-78.488608,35.887253
3135,3135,-79.025578,35.448827
3136,3136,-78.818414,35.419767
3137,3137,-78.737044,35.388372
3138,3138,-78.789612,35.476354
3139,3139,-78.770806,35.490947
3140,3140,-78.765775,35.471367
3141,3141,-78.807706,35.400934
3142,3142,-78.821098,35.404126
3143,3143,-78.833404,35.4118
3144,3144,-78.823447,35.397782
3145,3145,-78.819125,35.396678
3146,3146,-78.961885,35.402239
3147,3147,-78.908913,35.435945
3148,3148,-79.240325,36.247339
3149,3149,-79.192464,36.248774
3150,3150,-79.157092,36.394463
3151,3151,-79.040813,36.407787
3152,3152,-79.021293,36.439289
3153,3153,-79.018466,36.457924
3154,3154,-79.007103,36.489926
3155,3155,-78.962386,36.496278
3156,3156,-78.915359,36.499048
3157,3157,-78.886684,36.450871
3158,3158,-78.887265,36.438999
3159,3159,-78.881807,36.396723
3160,3160,-78.789165,36.376879
3161,3161,-78.746606,36.35981
3162,3162,-78.700998,36.312634
3163,3163,-78.683719,36.278559
3164,3164,-78.657333,36.25296
3165,3165,-78.646155,36.238794
3166,3166,-78.644298,36.232595
3167,3167,-78.624679,36.223762
3168,3168,-78.580371,36.201339
3169,3169,-78.56064,36.197559
3170,3170,-78.497683,36.179068
3171,3171,-78.448358,36.172092
3172,3172,-78.371437,36.145593
3173,3173,-78.344205,36.149027
3174,3174,-78.295908,36.180174
3175,3175,-78.280958,36.189369
3176,3176,-78.249257,36.17231
3177,3177,-78.210026,36.144339
3178,3178,-78.177579,36.114648
3179,3179,-78.160294,36.094963
3180,3180,-78.168192,36.058587
3181,3181,-78.160918,36.030467
3182,3182,-78.172847,36.004654
3183,3183,-78.169677,35.981851
3184,3184,-78.171316,35.952632
3185,3185,-78.178583,35.937872
3186,3186,-78.181809,35.92116
3187,3187,-78.206327,35.88685
3188,3188,-78.186645,35.859481
3189,3189,-78.176269,35.836235
3190,3190,-78.173702,35.802756
3191,3191,-78.159741,35.793764
3192,3192,-78.154963,35.778416
3193,3193,-78.176947,35.737005
3194,3194,-78.140069,35.671431
3195,3195,-78.124578,35.610288
3196,3196,-78.112855,35.600331
3197,3197,-78.070941,35.570979
3198,3198,-78.117679,35.481065
3199,3199,-78.123267,35.449199
3200,3200,-78.149329,35.398966
3201,3201,-78.21318,35.332832
3202,3202,-78.353089,35.271693
3203,3203,-78.381899,35.258929
3204,3204,-78.393621,35.260481
3205,3205,-78.45159,35.256528
3206,3206,-78.492885,35.261381
3207,3207,-78.527699,35.299586
3208,3208,-78.552504,35.354884
3209,3209,-78.564349,35.362654
3210,3210,-78.612742,35.348409
3211,3211,-78.645713,35.340161
3212,3212,-78.671223,35.34318
3213,3213,-78.679695,35.342347
3214,3214,-78.687508,35.334
3215,3215,-78.721534,35.324768
3216,3216,-78.74537,35.330989
3217,3217,-78.788276,35.332675
3218,3218,-78.841793,35.357308
3219,3219,-78.961624,35.334512
3220,3220,-79.021811,35.399935
3221,3221,-79.057817,35.436349
3222,3222,-79.043916,35.451153
3223,3223,-79.027754,35.546378
3224,3224,-79.092949,35.614667
3225,3225,-79.09652,35.617508
3226,3226,-79.193216,35.60165
3227,3227,-79.252521,35.647634
3228,3228,-79.295678,35.674186
3229,3229,-79.375681,35.696167
3230,3230,-79.40624,35.734675
3231,3231,-79.38459,35.772808
3232,3232,-79.347763,35.847948
3233,3233,-79.328065,35.84738
3234,3234,-79.278312,35.85892
3235,3235,-79.270531,35.900368
3236,3236,-79.322659,35.943243
3237,3237,-79.372137,36.026345
3238,3238,-79.357557,36.040658
3239,3239,-79.347434,36.045548
3240,3240,-79.329359,36.0674
3241,3241,-79.328217,36.070478
3242,3242,-79.33846,36.090527
3243,3243,-79.338938,36.093149
3244,3244,-79.311518,36.121062
3245,3245,-79.279018,36.159197
3246,3246,-79.263695,36.193302
3247,3247,-79.261962,36.237929
3248,,-78.550914,35.626928
3249,,-78.649971,36.123331
3250,,-78.517091,36.013715
3251,,-78.522454,36.124346
3252,,-78.495977,36.174558
3253,,-78.332911,35.774177
3254,,-78.255372,35.716477
3255,,-78.343439,35.729529
3256,,-78.354076,35.722471
3257,,-78.376826,35.724998
3258,,-78.480693,35.638731
3259,,-78.460389,35.613862
3260,,-78.439557,35.58895
3261,,-78.407471,35.558957
3262,,-78.489083,35.513815
3263,,-78.503669,35.456759
3264,,-78.579996,35.534102
3265,,-78.672244,35.495641
3266,,-78.691502,35.502684
3267,,-78.827611,35.469698
3268,,-78.86036,35.468737
3269,,-78.837588,35.482831
3270,,-78.541529,35.631388
3271,,-78.388391,35.727131
3272,,-78.267773,35.796032
3273,,-78.269357,35.777895
3274,,-78.677783,35.487692
3275,,-78.739285,35.511439
3276,,-78.739821,35.517318
3277,,-78.696272,35.499607
3278,,-78.700004,35.494501
3279,,-78.773376,35.532248
3280,,-78.761994,35.514169
3281,,-78.772936,35.515942
3282,,-78.748008,35.518695
3283,,-78.780864,35.533221
3284,,-78.856415,35.535745
3285,,-78.394349,35.570979
3286,,-78.409143,35.592351
3287,,-78.389045,35.557486
3288,,-78.373792,35.606585
3289,,-78.439153,35.542744
3290,,-78.438732,35.609765
3291,,-78.240129,35.950878
3292,,-78.362084,36.088079
3293,,-78.37025,36.121587
3294,,-78.253872,35.987587
3295,,-78.296835,36.004922
3296,,-78.272008,35.990583
3297,,-78.303299,35.956364
3298,,-78.276985,35.933554
3299,,-78.305347,35.945287
3300,,-78.355505,36.019108
3301,,-78.271053,35.958761
3302,,-78.367887,35.974903
3303,,-78.350489,35.976514
3304,,-78.348763,35.932624
3305,,-78.349968,36.012719
3306,,-78.324156,35.966642
3307,,-78.291309,35.962112
3308,,-78.264947,35.982457
3309,,-78.335592,35.938812
3310,,-78.313644,35.948385
3311,,-78.324528,35.957078
3312,,-78.335172,35.968517
3313,,-78.261389,35.927565
3314,,-78.29066,36.019454
3315,,-78.353625,36.02886
3316,,-78.253732,35.9608
3317,,-78.25066,35.958019
3318,,-78.244922,35.953268
3319,,-78.222426,35.877907
3320,,-78.218507,35.881153
3321,,-78.226521,35.88914
3322,,-78.22282,35.879733
3323,,-78.218819,35.881314
3324,,-78.556094,35.513044
3325,,-78.216996,35.729313
3326,,-78.232529,35.731049
3327,,-78.556228,35.516316
3328,,-79.270728,35.952287
3329,,-79.271283,35.965873
3330,,-79.271311,35.972703
3331,,-79.262469,36.050868
3332,,-79.263671,36.062008
3333,,-79.265012,36.073633
3334,,-79.26655,36.095889
3335,,-79.265182,36.107688
3336,,-79.263937,36.157657
3337,,-78.259641,35.598435
3338,,-78.324935,35.615873
3339,,-78.458289,35.502054
3340,,-78.452003,35.474959
3341,,-78.503509,35.421291
3342,,-78.775253,36.120213
3343,,-78.27472,35.859373
3344,,-78.274495,35.859178
3345,,-78.71475,36.183299
3346,,-78.761686,36.161569
3347,,-78.763341,36.139105
3348,,-78.756558,36.132139
3349,,-78.757839,36.133445
3350,,-78.765123,36.15926
3351,,-78.744248,36.124095
3352,,-78.727892,36.144364
3353,,-78.76646,36.142327
3354,,-78.776795,36.071902
3355,,-78.771521,36.076013
3356,,-78.771667,36.156418
3357,,-79.09475,35.619034
3358,,-78.790201,36.144531
3359,,-78.710728,36.178102
3360,,-78.730501,36.150438
3361,,-78.665756,35.57607
3362,,-79.261809,36.074792
3363,,-79.273036,35.852779
3364,,-78.324562,35.783807
3365,,-78.444462,35.737131
3366,,-78.604606,35.669328
3367,,-78.689501,35.56453
3368,,-78.695839,35.537304
3369,,-78.693198,35.553009
3370,,-78.671246,35.583787
3371,,-78.778349,35.543912
3372,,-78.202509,35.680384
3373,,-78.218999,35.690855
3374,,-78.208989,35.680819
3375,,-78.228276,35.714333
3376,,-78.227915,35.700459
3377,,-78.265468,35.890339
3378,,-78.269724,35.881832
3379,,-78.268919,35.854534
3380,,-78.272716,35.860027
3381,,-78.26845,35.860162
3382,,-78.268116,35.86219
3383,,-78.266917,35.867139
3384,,-78.265358,35.873537
3385,,-78.263812,35.862421
3386,,-78.273115,35.859622
3387,,-78.26474,35.876015
3388,,-78.297585,35.732762
3389,,-78.279112,35.734361
3390,,-78.256346,35.658722
3391,,-78.259738,35.666136
3392,,-78.252826,35.667141
3393,,-78.351038,35.762961
3394,,-78.431971,35.720059
3395,,-78.35428,35.670623
3396,,-78.351631,35.696317
3397,,-78.312251,35.67828
3398,,-78.347422,35.741407
3399,,-78.350302,35.761486
3400,,-78.331817,35.716482
3401,,-78.330584,35.702392
3402,,-78.293344,35.712952
3403,,-78.299522,35.725442
3404,,-78.317448,35.746973
3405,,-78.322427,35.656608
3406,,-78.309153,35.658326
3407,,-78.264868,35.884907
3408,,-78.226463,35.876334
3409,,-78.226499,35.876667
3410,,-78.263349,35.862857
3411,,-78.252762,35.835814
3412,,-78.261107,35.834713
3413,,-78.45606,36.104895
3414,,-78.297346,35.733324
3415,,-78.265128,35.763237
3416,,-78.256647,35.739905
3417,,-78.247567,35.682147
3418,,-78.245747,35.738617
3419,,-78.244387,35.67416
3420,,-78.25162,35.670394
3421,,-78.459186,36.105951
3422,,-78.435477,36.103052
3423,,-78.428222,36.101052
3424,,-78.217812,35.941564
3425,,-78.235705,35.9487
3426,,-78.420085,36.096796
3427,,-78.409642,36.062843
3428,,-78.410044,36.09412
3429,,-78.454993,36.115743
3430,,-78.484103,36.131284
3431,,-78.452276,36.163033
3432,,-78.453506,36.120214
3433,,-78.4611,36.095737
3434,,-78.459104,36.102377
3435,,-78.457769,36.101897
3436,,-78.468496,36.097831
3437,,-78.46705,36.100509
3438,,-78.465378,36.103554
3439,,-78.465304,36.091341
3440,,-78.275182,35.981808
3441,,-78.281906,35.975643
3442,,-78.459957,36.091314
3443,,-78.461453,36.09469
3444,,-78.465692,36.097529
3445,,-78.460819,36.103017
3446,,-78.291669,35.946906
3447,,-78.487153,36.090332
3448,,-78.4822,36.066635
3449,,-78.476874,36.097356
3450,,-78.468968,36.096951
3451,,-78.456267,36.076189
3452,,-78.252578,35.961301
3453,,-78.479435,36.074005
3454,,-78.456862,36.103543
3455,,-78.402793,36.104848
3456,,-78.392,36.12347
3457,,-78.47246,36.107577
3458,,-78.456619,36.08763
3459,,-78.458594,36.111611
3460,,-78.39907,36.020235
3461,,-78.395929,36.019008
3462,,-78.423621,36.022467
3463,,-78.419181,36.030393
3464,,-78.408445,36.021315
3465,,-78.396722,35.986653
3466,,-78.406136,35.961749
3467,,-78.472478,36.025053
3468,,-78.456835,36.03249
3469,,-78.455384,35.987309
3470,,-78.451355,35.988018
3471,,-78.489145,36.036438
3472,,-78.489187,36.023128
3473,,-78.491158,36.012033
3474,,-78.486509,36.000025
3475,,-78.474315,36.024912
3476,,-78.479548,36.024492
3477,,-78.473867,36.022451
3478,,-78.476534,36.007132
3479,,-78.454557,35.996679
3480,,-78.444861,36.017488
3481,,-78.463969,36.024501
3482,,-78.420211,35.980977
3483,,-78.41662,35.997061
3484,,-78.563838,36.137732
3485,,-78.542501,36.084995
3486,,-78.55829,36.107178
3487,,-78.566858,36.084135
3488,,-78.5448,36.080662
3489,,-78.61486,36.135437
3490,,-78.596276,36.071975
3491,,-78.614182,36.062304
3492,,-78.603846,36.090239
3493,,-78.576599,36.141857
3494,,-78.582267,36.076741
3495,,-78.568027,36.112984
3496,,-78.607242,36.108317
3497,,-78.574958,36.115103
3498,,-78.546351,36.026112
3499,,-78.415552,36.036157
3500,,-78.505249,36.118939
3501,,-78.486756,36.114148
3502,,-78.432627,36.038911
3503,,-78.450082,36.038722
3504,,-78.505409,36.04665
3505,,-78.530588,36.026294
3506,,-78.513861,36.066157
3507,,-78.551332,36.028067
3508,,-78.540141,36.080595
3509,,-78.44291,36.042679
3510,,-78.43139,36.0661
3511,,-78.284115,36.008441
3512,,-78.277917,35.998624
3513,,-78.476521,36.035922
3514,,-78.509288,36.02514
3515,,-78.483193,36.032528
3516,,-78.4883,36.054475
3517,,-78.497296,36.041553
3518,,-78.389529,35.737017
3519,,-78.388639,35.728124
3520,,-78.387839,35.736995
3521,,-78.401774,35.691355
3522,,-78.36654,35.706429
3523,,-78.416808,35.692267
3524,,-78.425749,35.681687
3525,,-78.384534,35.688143
3526,,-78.460546,35.653713
3527,,-78.450887,35.659773
3528,,-78.464754,35.65712
3529,,-78.464519,35.654571
3530,,-78.469825,35.656223
3531,,-78.466742,35.658732
3532,,-78.475907,35.674497
3533,,-78.470868,35.662183
3534,,-78.460443,35.664871
3535,,-78.463071,35.655767
3536,,-78.48994,35.662085
3537,,-78.50678,35.669789
3538,,-78.477575,35.66348
3539,,-78.475785,35.684019
3540,,-78.462196,35.677399
3541,,-78.475607,35.68121
3542,,-78.476696,35.668886
3543,,-78.486738,35.673442
3544,,-78.459227,35.677467
3545,,-78.441948,35.664464
3546,,-78.439591,35.673367
3547,,-78.518521,35.666009
3548,,-78.351728,36.085221
3549,,-78.415469,36.045514
3550,,-78.378366,36.135162
3551,,-78.475138,36.083947
3552,,-78.476669,36.079507
3553,,-78.383669,36.087453
3554,,-78.365821,36.088883
3555,,-78.375529,36.021761
3556,,-78.358002,36.015348
3557,,-78.308831,35.908595
3558,,-78.292981,35.940447
3559,,-78.264157,35.911776
3560,,-78.265952,35.894696
3561,,-78.385679,35.723073
3562,,-78.399669,35.968646
3563,,-78.376375,35.973279
3564,,-78.380046,35.950514
3565,,-78.371803,35.953169
3566,,-78.371866,35.992095
3567,,-78.392432,36.030494
3568,,-78.37535,35.694022
3569,,-78.375856,35.988728
3570,,-78.373384,35.977072
3571,,-78.382592,35.982092
3572,,-78.376649,35.691317
3573,,-78.372768,35.692003
3574,,-78.582741,36.152051
3575,,-78.582919,36.194608
3576,,-78.686317,36.12149
3577,,-78.686543,36.119474
3578,,-78.686976,36.116594
3579,,-78.681538,36.129062
3580,,-78.688814,36.123225
3581,,-78.689738,36.1224
3582,,-78.681088,36.134464
3583,,-78.692317,36.123225
3584,,-78.676903,36.145405
3585,,-78.698094,36.150488
3586,,-78.693412,36.075277
3587,,-78.68994,36.09762
3588,,-78.725589,36.148355
3589,,-78.747077,36.121513
3590,,-78.744692,36.119576
3591,,-78.724165,36.1468
3592,,-78.727535,36.144268
3593,,-78.744345,36.123233
3594,,-78.768523,36.080026
3595,,-78.748333,36.073232
3596,,-78.720371,36.093126
3597,,-78.715537,36.076073
3598,,-78.753294,36.077157
3599,,-78.756555,36.083144
3600,,-78.732201,36.099568
3601,,-78.76438,36.080459
3602,,-78.769482,36.07733
3603,,-78.688122,36.10912
3604,,-78.736132,36.109625
3605,,-78.682518,36.114754
3606,,-78.72178,36.150661
3607,,-78.695355,36.124275
3608,,-78.712088,36.135258
3609,,-78.722391,36.150741
3610,,-78.747605,36.116868
3611,,-78.764219,36.084285
3612,,-78.74733,36.118151
3613,,-78.764913,36.083979
3614,,-78.699862,36.118212
3615,,-78.261635,35.974404
3616,,-78.256866,35.964773
3617,,-78.233607,35.898534
3618,,-78.248944,35.889264
3619,,-78.845115,35.487908
3620,,-78.821236,35.478752
3621,,-78.82066,35.479545
3622,,-78.661173,36.187502
3623,,-78.702497,36.174796
3624,,-78.650707,36.227904
3625,,-78.672091,36.106368
3626,,-78.635838,36.104339
3627,,-78.672536,36.170142
3628,,-78.647346,36.168791
3629,,-78.65039,36.197821
3630,,-78.627255,36.220802
3631,,-78.602444,36.150305
3632,,-78.59181,36.142643
3633,,-78.672156,36.121733
3634,,-78.68577,36.122497
3635,,-78.533156,35.449842
3636,,-78.549163,35.472435
3637,,-78.405808,35.64726
3638,,-78.434188,35.641612
3639,,-78.437101,35.633285
3640,,-78.325743,35.6165
3641,,-78.398899,35.620655
3642,,-78.422115,35.621676
3643,,-78.417806,35.61365
3644,,-78.42309,35.644482
3645,,-78.459075,35.648516
3646,,-78.454102,35.648521
3647,,-78.455708,35.643676
3648,,-78.451236,35.641975
3649,,-78.471494,35.641929
3650,,-78.467407,35.643254
3651,,-78.462449,35.645541
3652,,-78.466213,35.647278
3653,,-78.488611,35.643822
3654,,-78.495741,35.645406
3655,,-78.492028,35.64393
3656,,-78.495773,35.636242
3657,,-78.492918,35.628596
3658,,-78.453198,35.620203
3659,,-78.483863,35.609636
3660,,-78.483278,35.618425
3661,,-78.475834,35.640409
3662,,-78.475625,35.649169
3663,,-78.480205,35.625701
3664,,-78.481957,35.623583
3665,,-78.488979,35.63586
3666,,-78.495931,35.633242
3667,,-78.460829,35.548059
3668,,-78.454118,36.108569
3669,,-78.478686,35.558756
3670,,-78.500927,35.566555
3671,,-78.461775,35.569982
3672,,-78.498439,35.575417
3673,,-78.473926,35.599588
3674,,-78.467103,35.579816
3675,,-78.484116,35.603914
3676,,-78.488045,35.582593
3677,,-78.448818,35.626719
3678,,-78.44944,35.63875
3679,,-78.446569,35.631132
3680,,-78.449804,35.641178
3681,,-78.442242,35.636478
3682,,-78.452497,35.64642
3683,,-78.559371,35.519345
3684,,-78.53997,35.649401
3685,,-78.537333,35.637754
3686,,-78.53847,35.642481
3687,,-78.539107,35.645295
3688,,-78.535924,35.633057
3689,,-78.536241,35.63433
3690,,-78.565407,35.606338
3691,,-78.566109,35.610972
3692,,-78.56826,35.600516
3693,,-78.570981,35.603194
3694,,-78.557224,35.61062
3695,,-78.562948,35.607761
3696,,-78.532037,35.61725
3697,,-78.521356,35.618877
3698,,-78.550838,35.612633
3699,,-78.537028,35.622467
3700,,-78.535532,35.61677
3701,,-78.536959,35.595199
3702,,-78.566532,35.626769
3703,,-78.534399,35.571322
3704,,-78.529055,35.566206
3705,,-78.715334,36.138436
3706,,-78.539477,35.533715
3707,,-78.533566,35.540434
3708,,-78.52819,35.552351
3709,,-78.55293,35.571585
3710,,-78.521363,35.554311
3711,,-78.587818,35.612525
3712,,-78.599097,35.595424
3713,,-78.598697,35.599357
3714,,-78.607278,35.592411
3715,,-78.721634,36.144129
3716,,-78.592951,35.571375
3717,,-78.592339,35.568946
3718,,-78.727275,36.125504
3719,,-78.632611,35.577737
3720,,-78.63527,35.563822
3721,,-78.435195,36.103985
3722,,-78.632388,35.57468
3723,,-78.634174,35.565686
3724,,-78.601542,35.536669
3725,,-78.599497,35.554974
3726,,-78.579999,35.553074
3727,,-78.555907,35.539248
3728,,-78.614193,35.592059
3729,,-78.558261,35.590243
3730,,-78.553091,35.586002
3731,,-78.599207,35.592786
3732,,-78.594751,35.577971
3733,,-78.561395,35.572687
3734,,-78.586177,35.573647
3735,,-78.586497,35.594643
3736,,-78.574075,35.601446
3737,,-78.563206,35.603119
3738,,-78.576026,35.562848
3739,,-78.563495,35.60272
3740,,-78.582769,35.610309
3741,,-78.575778,35.607328
3742,,-78.543085,35.580361
3743,,-78.541408,35.5142
3744,,-78.295748,35.78825
3745,,-78.293224,35.781643
3746,,-78.553459,35.51582
3747,,-78.556332,35.512792
3748,,-78.578938,35.522652
3749,,-78.588028,35.554291
3750,,-78.595774,35.557135
3751,,-78.575819,35.564028
3752,,-78.608207,35.474857
3753,,-78.229679,35.739234
3754,,-78.558912,35.516451
3755,,-78.533392,35.449712
3756,,-78.5494,35.472358
3757,,-78.559767,35.447943
3758,,-78.554092,35.46963
3759,,-78.574469,35.495643
3760,,-78.578815,35.511811
3761,,-78.603874,35.487392
3762,,-78.630801,35.536797
3763,,-78.630703,35.553347
3764,,-78.493751,35.494674
3765,,-78.608694,35.521152
3766,,-78.6312,35.51995
3767,,-78.509049,35.511944
3768,,-78.518035,35.50906
3769,,-78.579327,35.517102
3770,,-78.599496,35.520181
3771,,-78.602821,35.520864
3772,,-78.542187,35.524637
3773,,-78.543579,35.514249
3774,,-78.559815,35.519513
3775,,-78.518739,35.566443
3776,,-78.528645,35.638751
3777,,-78.508149,35.566665
3778,,-78.522184,35.556546
3779,,-78.514221,35.621357
3780,,-78.378602,35.649224
3781,,-78.744283,35.529721
3782,,-78.69816,35.512974
3783,,-78.690103,35.515595
3784,,-78.739413,35.50715
3785,,-78.736952,35.507025
3786,,-78.740766,35.514146
3787,,-78.733458,35.506845
3788,,-78.721537,35.481367
3789,,-78.728572,35.503734
3790,,-78.741131,35.504477
3791,,-78.705276,35.509923
3792,,-78.816473,35.540336
3793,,-78.838257,35.531242
3794,,-78.815318,35.536919
3795,,-78.822487,35.547487
3796,,-78.824637,35.555107
3797,,-78.614607,35.441958
3798,,-78.609244,35.458715
3799,,-78.857058,35.534295
3800,,-78.895044,35.545218
3801,,-78.85274,35.54808
3802,,-78.783635,35.514694
3803,,-78.82996,35.45747
3804,,-78.815764,35.490808
3805,,-78.74734,35.509393
3806,,-78.90881,35.524562
3807,,-78.851253,35.464741
3808,,-78.829361,35.454297
3809,,-78.685219,35.519388
3810,,-78.87004,35.506796
3811,,-78.878992,35.495407
3812,,-78.730267,35.51642
3813,,-78.741248,35.521023
3814,,-78.694335,35.529952
3815,,-78.85984,35.52513
3816,,-78.76356,35.487683
3817,,-78.813457,35.512383
3818,,-78.74092,35.507245
3819,,-78.740845,35.50824
3820,,-78.871946,35.562604
3821,,-78.880153,35.563522
3822,,-78.438866,35.72944
3823,,-78.400701,35.731249
3824,,-78.893827,35.567249
3825,,-78.89985,35.540807
3826,,-78.908236,35.533014
3827,,-78.660322,35.496192
3828,,-78.61017,35.482163
3829,,-78.638272,35.555753
3830,,-78.660699,35.532401
3831,,-78.661638,35.517475
3832,,-78.678463,35.520584
3833,,-78.201948,35.673809
3834,,-78.27991,35.662161
3835,,-78.258307,35.616664
3836,,-78.404342,35.647346
3837,,-78.29017,35.622362
3838,,-78.30038,35.64475
3839,,-78.791131,35.461136
3840,,-78.816231,35.477023
3841,,-78.373105,35.649697
3842,,-78.357098,35.65214
3843,,-78.345172,35.653683
3844,,-78.33478,35.636741
3845,,-78.504017,35.654429
3846,,-78.467099,35.652388
3847,,-78.47312,35.653523
3848,,-78.469638,35.650306
3849,,-78.478477,35.656863
3850,,-78.484576,35.650438
3851,,-78.456587,35.650552
3852,,-78.488084,35.648374
3853,,-78.459306,35.652715
3854,,-78.453148,35.659282
3855,,-79.269542,35.844053
3856,,-78.277073,35.804103
3857,,-78.958898,36.230503
3858,,-78.994041,36.240001
3859,,-79.001663,36.200516
3860,,-78.987291,36.229718
3861,,-78.990388,36.206114
3862,,-79.024646,36.206504
3863,,-79.017177,36.189879
3864,,-79.032346,36.240928
3865,,-78.961239,36.197094
3866,,-78.97061,36.219931
3867,,-78.982561,36.21128
3868,,-79.07126,36.2412
3869,,-79.097929,36.185432
3870,,-79.086605,36.21068
3871,,-79.110903,36.204998
3872,,-79.045426,36.184083
3873,,-79.028513,36.181462
3874,,-79.026309,36.208656
3875,,-78.986468,36.158754
3876,,-78.984587,36.118399
3877,,-78.987663,36.157524
3878,,-79.0033,36.125519
3879,,-78.999736,36.146514
3880,,-78.990441,36.137517
3881,,-79.029939,36.049384
3882,,-78.99675,36.068159
3883,,-78.989961,36.080259
3884,,-78.998342,36.062356
3885,,-79.019743,36.110126
3886,,-79.000079,36.116065
3887,,-78.990993,36.098087
3888,,-79.019781,36.023708
3889,,-79.017827,35.999493
3890,,-79.005707,36.030094
3891,,-79.014962,35.99905
3892,,-78.999282,35.991295
3893,,-79.014592,36.020699
3894,,-79.008065,35.949259
3895,,-79.007531,35.947635
3896,,-79.016511,35.951566
3897,,-79.015217,35.95618
3898,,-79.015243,35.954436
3899,,-79.015937,35.952515
3900,,-79.015012,35.948672
3901,,-79.021814,35.952281
3902,,-79.023563,35.953326
3903,,-79.027885,35.957861
3904,,-79.026941,35.952495
3905,,-79.02092,35.952348
3906,,-79.029299,35.952479
3907,,-79.019427,35.949038
3908,,-79.022051,35.977886
3909,,-79.006416,35.975829
3910,,-79.024844,35.957753
3911,,-79.010868,35.964086
3912,,-79.007523,35.944238
3913,,-79.007476,35.932717
3914,,-79.018048,35.940496
3915,,-79.014167,35.943966
3916,,-79.014906,35.932435
3917,,-79.012142,35.943759
3918,,-79.012809,35.942075
3919,,-79.00891,35.932732
3920,,-79.017188,35.939341
3921,,-79.015153,35.915707
3922,,-79.023846,35.932495
3923,,-79.02267,35.935645
3924,,-79.024867,35.936131
3925,,-79.024011,35.932507
3926,,-79.032822,35.936063
3927,,-79.030591,35.935799
3928,,-79.026548,35.936593
3929,,-79.027901,35.93232
3930,,-79.027046,35.93632
3931,,-79.029444,35.934993
3932,,-79.035098,35.9277
3933,,-79.025842,35.920726
3934,,-79.024983,35.92512
3935,,-79.028422,35.926632
3936,,-79.024787,35.925087
3937,,-79.032906,35.928289
3938,,-79.019395,35.9372
3939,,-79.021954,35.935068
3940,,-79.030244,35.9276
3941,,-79.024282,35.930329
3942,,-79.018121,35.932615
3943,,-79.018686,35.920113
3944,,-79.02568,35.920711
3945,,-79.032071,35.932351
3946,,-79.009906,35.923733
3947,,-79.024443,35.927314
3948,,-79.024126,35.930324
3949,,-79.014619,35.947982
3950,,-79.02022,35.950755
3951,,-79.007286,35.947201
3952,,-79.007212,35.947084
3953,,-79.01995,35.94669
3954,,-79.019504,35.945729
3955,,-79.007756,35.971464
3956,,-79.004721,35.977102
3957,,-79.002647,35.978659
3958,,-79.056363,36.125533
3959,,-79.077507,36.130309
3960,,-79.094058,36.133173
3961,,-79.067973,36.128651
3962,,-79.075383,36.132108
3963,,-79.062515,36.088772
3964,,-79.049627,36.056304
3965,,-79.079633,36.08197
3966,,-79.099638,36.080367
3967,,-79.070686,36.084833
3968,,-79.078052,36.102647
3969,,-79.083255,36.083536
3970,,-79.092455,36.085171
3971,,-79.083746,36.095392
3972,,-79.083163,36.082363
3973,,-79.079247,36.054445
3974,,-79.091594,36.066401
3975,,-79.099389,36.070287
3976,,-79.075379,36.062409
3977,,-79.084741,36.062653
3978,,-79.083101,36.059813
3979,,-79.084888,36.063323
3980,,-79.086396,36.065985
3981,,-79.081719,36.05793
3982,,-79.086525,36.058701
3983,,-79.086952,36.058806
3984,,-79.092915,36.078002
3985,,-79.096345,36.075456
3986,,-79.064541,36.064592
3987,,-79.073056,36.107186
3988,,-79.061026,36.074361
3989,,-79.089954,36.078955
3990,,-79.069646,36.08523
3991,,-79.070436,36.049811
3992,,-79.075482,36.079198
3993,,-79.063094,36.069422
3994,,-79.066002,36.060162
3995,,-79.073553,36.061977
3996,,-79.071704,36.076178
3997,,-79.130908,36.16819
3998,,-79.152925,36.135652
3999,,-79.122102,36.143556
4000,,-79.124836,36.151613
4001,,-79.106846,36.098879
4002,,-79.111582,36.086082
4003,,-79.102678,36.095957
4004,,-79.10575,36.095886
4005,,-79.106341,36.097525
4006,,-79.113058,36.087027
4007,,-79.119272,36.072283
4008,,-79.119564,36.074683
4009,,-79.118995,36.069626
4010,,-79.106208,36.062848
4011,,-79.120397,36.059101
4012,,-79.103491,36.059592
4013,,-79.125165,36.059304
4014,,-79.120223,36.054109
4015,,-79.154262,36.0829
4016,,-79.111156,36.075148
4017,,-79.111303,36.080174
4018,,-79.135913,36.062187
4019,,-79.120133,36.07715
4020,,-79.146439,36.083218
4021,,-79.14712,36.083912
4022,,-79.133325,36.060623
4023,,-79.142451,36.08341
4024,,-79.129944,36.083328
4025,,-79.10052,36.065623
4026,,-79.103617,36.064852
4027,,-79.055692,36.09245
4028,,-79.051598,36.11129
4029,,-79.120584,36.136897
4030,,-79.09786,36.133794
4031,,-79.104802,36.098896
4032,,-79.06762,36.117716
4033,,-79.066428,36.108989
4034,,-79.102729,36.051397
4035,,-79.11132,36.087143
4036,,-79.0996,36.079366
4037,,-79.107382,36.057894
4038,,-79.10188,36.098591
4039,,-79.104374,36.0921
4040,,-79.101747,36.086594
4041,,-79.10548,36.082823
4042,,-79.099582,36.082929
4043,,-79.100091,36.055892
4044,,-79.104265,36.056289
4045,,-79.10399,36.057678
4046,,-79.107814,36.05824
4047,,-79.100464,36.056213
4048,,-79.120257,36.112246
4049,,-79.110439,36.108821
4050,,-79.1149,36.121238
4051,,-79.101668,36.063245
4052,,-79.102119,36.062441
4053,,-79.099393,36.075399
4054,,-79.105506,36.075239
4055,,-79.102239,36.097413
4056,,-79.082065,36.12482
4057,,-79.064486,36.023042
4058,,-79.054106,36.034648
4059,,-79.046048,36.034159
4060,,-79.042477,35.99838
4061,,-79.046444,36.000525
4062,,-79.053815,35.996248
4063,,-79.079158,36.023328
4064,,-79.095346,36.002547
4065,,-79.067679,36.021263
4066,,-79.071946,35.993463
4067,,-79.065916,36.005886
4068,,-79.044413,36.011137
4069,,-79.067626,36.008536
4070,,-79.075555,36.017264
4071,,-79.065654,35.993309
4072,,-79.071488,35.992372
4073,,-79.047614,35.963865
4074,,-79.040268,35.957658
4075,,-79.045905,35.950138
4076,,-79.045855,35.954169
4077,,-79.047419,35.958813
4078,,-79.037833,35.957464
4079,,-79.042503,35.956786
4080,,-79.044738,35.954656
4081,,-79.044738,35.95614
4082,,-79.058773,35.96498
4083,,-79.056392,35.963961
4084,,-79.060946,35.968815
4085,,-79.057672,35.952932
4086,,-79.058266,35.950052
4087,,-79.057894,35.955145
4088,,-79.059197,35.966079
4089,,-79.045175,35.964057
4090,,-79.051082,35.962142
4091,,-79.053685,35.963936
4092,,-79.051925,35.963906
4093,,-79.057393,35.960813
4094,,-79.058342,35.964012
4095,,-79.039871,35.941054
4096,,-79.0418,35.936356
4097,,-79.041138,35.933109
4098,,-79.050885,35.940511
4099,,-79.043212,35.934592
4100,,-79.038405,35.923965
4101,,-79.046415,35.917859
4102,,-79.048046,35.91611
4103,,-79.049245,35.915651
4104,,-79.050409,35.917739
4105,,-79.038778,35.922585
4106,,-79.057918,35.944182
4107,,-79.059401,35.933912
4108,,-79.0582,35.934807
4109,,-79.056702,35.925004
4110,,-79.057483,35.92442
4111,,-79.058552,35.915257
4112,,-79.056664,35.914655
4113,,-79.057382,35.915719
4114,,-79.056484,35.917957
4115,,-79.056942,35.915263
4116,,-79.061335,35.922322
4117,,-79.067833,35.923844
4118,,-79.060235,35.922653
4119,,-79.058942,35.918271
4120,,-79.065897,35.922646
4121,,-79.061614,35.915268
4122,,-79.060229,35.915842
4123,,-79.055526,35.922024
4124,,-79.059942,35.933398
4125,,-79.066966,35.929327
4126,,-79.056728,35.938248
4127,,-79.049485,35.916071
4128,,-79.049777,35.916584
4129,,-79.053383,35.915188
4130,,-79.051726,35.923391
4131,,-79.051357,35.919379
4132,,-79.054095,35.925084
4133,,-79.050759,35.935177
4134,,-79.056132,35.935196
4135,,-79.053984,35.927511
4136,,-79.05275,35.939927
4137,,-79.056945,35.939287
4138,,-79.075092,35.969748
4139,,-79.082226,35.949332
4140,,-79.075545,35.949824
4141,,-79.073079,35.951867
4142,,-79.075539,35.951963
4143,,-79.080161,35.951116
4144,,-79.082392,35.957433
4145,,-79.09053,35.966112
4146,,-79.073974,35.916974
4147,,-79.073441,35.919082
4148,,-79.072195,35.915657
4149,,-79.083291,35.917847
4150,,-79.078765,35.920687
4151,,-79.075053,35.91752
4152,,-79.077826,35.919632
4153,,-79.090516,35.924112
4154,,-79.088752,35.922818
4155,,-79.089654,35.916659
4156,,-79.100226,35.926709
4157,,-79.096693,35.918671
4158,,-79.099946,35.922353
4159,,-79.094135,35.917663
4160,,-79.094194,35.917644
4161,,-79.094958,35.928692
4162,,-79.08648,35.921531
4163,,-79.085659,35.920426
4164,,-79.08394,35.918537
4165,,-79.086573,35.915812
4166,,-79.071298,35.923305
4167,,-79.066394,35.969391
4168,,-79.069186,35.969401
4169,,-79.047452,35.945567
4170,,-79.047324,35.947384
4171,,-79.058531,35.947296
4172,,-79.058194,35.945569
4173,,-79.095524,35.943032
4174,,-79.083131,35.947263
4175,,-79.075592,35.946464
4176,,-79.076486,35.936549
4177,,-79.068673,35.925031
4178,,-79.067218,35.929088
4179,,-79.070082,35.930463
4180,,-79.058362,35.949522
4181,,-79.122845,35.983678
4182,,-79.120065,35.999559
4183,,-79.135737,35.990287
4184,,-79.126978,35.99255
4185,,-79.1227,36.019799
4186,,-79.14399,36.024796
4187,,-79.106177,35.968399
4188,,-79.133937,35.954292
4189,,-79.133893,35.956667
4190,,-79.127947,35.947241
4191,,-79.125406,35.959801
4192,,-79.123492,35.957376
4193,,-79.122672,35.924926
4194,,-79.10885,35.922089
4195,,-79.152364,35.974692
4196,,-79.145197,35.926276
4197,,-79.13729,35.940769
4198,,-79.134814,35.964358
4199,,-79.119036,35.946808
4200,,-79.114881,35.944974
4201,,-79.144176,35.92991
4202,,-79.134825,35.968697
4203,,-79.130337,35.947107
4204,,-79.135583,35.942868
4205,,-79.107829,35.95637
4206,,-79.103363,35.936738
4207,,-79.08087,35.968853
4208,,-79.135829,35.969865
4209,,-79.139517,35.976731
4210,,-79.136698,35.980992
4211,,-79.048594,35.984592
4212,,-79.126894,35.967079
4213,,-79.122884,35.981261
4214,,-79.10495,35.97441
4215,,-79.113818,36.02808
4216,,-79.099683,36.029346
4217,,-79.098376,35.943583
4218,,-79.109384,35.942688
4219,,-79.100466,35.928882
4220,,-79.107423,35.999796
4221,,-79.101366,36.027818
4222,,-79.103656,36.020306
4223,,-79.099308,35.919465
4224,,-79.102244,35.92028
4225,,-79.1019,35.93364
4226,,-79.094979,35.966737
4227,,-79.068015,35.984311
4228,,-79.06452,35.976222
4229,,-79.10641,35.995367
4230,,-79.050016,35.974
4231,,-79.049096,35.979368
4232,,-79.04025,35.939231
4233,,-79.041717,35.917214
4234,,-79.103414,36.052397
4235,,-79.08024,36.047667
4236,,-79.065737,36.045644
4237,,-79.040067,36.024552
4238,,-79.041577,36.015338
4239,,-79.042945,35.996315
4240,,-79.026642,36.107643
4241,,-79.048049,36.096319
4242,,-79.058751,36.080567
4243,,-79.034108,36.03862
4244,,-79.047386,36.055269
4245,,-79.030959,36.04976
4246,,-79.036301,35.961991
4247,,-79.036396,35.960469
4248,,-79.036474,35.961147
4249,,-79.038147,35.944138
4250,,-79.078905,36.05788
4251,,-79.121387,36.053256
4252,,-79.128351,36.043075
4253,,-79.124083,36.055821
4254,,-79.037468,35.925271
4255,,-79.035691,35.926973
4256,,-79.041376,35.973582
4257,,-79.037579,35.930577
4258,,-79.034289,35.929279
4259,,-79.126343,36.05647
4260,,-79.00428,36.055807
4261,,-79.047039,36.117495
4262,,-79.015025,36.136439
4263,,-79.035136,36.142612
4264,,-79.061543,36.152581
4265,,-79.022797,36.045949
4266,,-79.014383,36.04109
4267,,-79.035524,35.936065
4268,,-79.079163,36.058157
4269,,-79.099803,36.045107
4270,,-79.021925,36.031433
4271,,-79.038249,36.032845
4272,,-79.029345,36.002146
4273,,-79.0435,36.000843
4274,,-79.11107,36.049949
4275,,-79.01052,35.90285
4276,,-79.013783,35.904237
4277,,-79.013857,35.90408
4278,,-79.010639,35.902709
4279,,-79.018921,35.906241
4280,,-79.01585,35.904905
4281,,-79.02259,35.90785
4282,,-79.026425,35.908537
4283,,-79.025083,35.908392
4284,,-79.023822,35.908121
4285,,-79.026631,35.910148
4286,,-79.026787,35.910178
4287,,-79.032119,35.90973
4288,,-79.032084,35.909852
4289,,-79.032722,35.9014
4290,,-79.032873,35.901481
4291,,-79.025249,35.908278
4292,,-79.027023,35.907693
4293,,-79.027874,35.907557
4294,,-79.028025,35.908898
4295,,-79.028864,35.905952
4296,,-79.027654,35.907634
4297,,-79.027969,35.909017
4298,,-79.023822,35.907973
4299,,-79.019843,35.90664
4300,,-79.043053,35.903122
4301,,-79.042022,35.902489
4302,,-79.046644,35.909973
4303,,-79.050637,35.912117
4304,,-79.047723,35.909693
4305,,-79.048815,35.909164
4306,,-79.047269,35.912085
4307,,-79.051633,35.903386
4308,,-79.05057,35.903068
4309,,-79.05129,35.900142
4310,,-79.051939,35.901369
4311,,-79.049213,35.901094
4312,,-79.047938,35.903129
4313,,-79.048833,35.902962
4314,,-79.043975,35.910452
4315,,-79.044827,35.910301
4316,,-79.044342,35.903693
4317,,-79.04687,35.903491
4318,,-79.046633,35.913422
4319,,-79.043813,35.912524
4320,,-79.044374,35.906429
4321,,-79.045513,35.907704
4322,,-79.055487,35.910261
4323,,-79.053959,35.908428
4324,,-79.054623,35.908177
4325,,-79.058407,35.9127
4326,,-79.058136,35.912254
4327,,-79.053614,35.909709
4328,,-79.054833,35.909113
4329,,-79.05516,35.909676
4330,,-79.056419,35.909885
4331,,-79.056646,35.912823
4332,,-79.054302,35.902192
4333,,-79.055147,35.90409
4334,,-79.055177,35.902169
4335,,-79.056977,35.90205
4336,,-79.057651,35.901321
4337,,-79.062426,35.911711
4338,,-79.064024,35.91117
4339,,-79.067312,35.91087
4340,,-79.0685,35.91076
4341,,-79.063228,35.910272
4342,,-79.064671,35.908762
4343,,-79.065795,35.911005
4344,,-79.06565,35.909867
4345,,-79.065042,35.909656
4346,,-79.060243,35.908464
4347,,-79.062807,35.907474
4348,,-79.061072,35.912246
4349,,-79.055426,35.903806
4350,,-79.05892,35.908962
4351,,-79.055036,35.905059
4352,,-79.054875,35.906666
4353,,-79.061402,35.910987
4354,,-79.060564,35.911304
4355,,-79.053092,35.906032
4356,,-79.054538,35.904557
4357,,-79.064246,35.905241
4358,,-79.063871,35.907049
4359,,-79.053761,35.896484
4360,,-79.056185,35.895451
4361,,-79.057647,35.89291
4362,,-79.057177,35.886627
4363,,-79.060849,35.894341
4364,,-79.057814,35.894531
4365,,-79.062689,35.892333
4366,,-79.057132,35.887577
4367,,-79.053445,35.902093
4368,,-79.052432,35.901775
4369,,-79.06279,35.89575
4370,,-79.066034,35.898141
4371,,-79.050328,35.899154
4372,,-79.05297,35.896822
4373,,-79.051939,35.901471
4374,,-79.045944,35.897804
4375,,-79.040464,35.89716
4376,,-79.052891,35.903237
4377,,-79.05283,35.908134
4378,,-79.053298,35.909199
4379,,-79.052845,35.907131
4380,,-79.0552,35.912136
4381,,-79.052662,35.90371
4382,,-79.053766,35.904081
4383,,-79.053183,35.895574
4384,,-79.061837,35.895238
4385,,-79.065999,35.898289
4386,,-79.046634,35.895832
4387,,-79.053071,35.89445
4388,,-79.046582,35.895707
4389,,-79.054464,35.894
4390,,-79.052303,35.908647
4391,,-79.053003,35.908678
4392,,-79.054336,35.910701
4393,,-79.057659,35.897591
4394,,-79.058525,35.895711
4395,,-79.054677,35.883692
4396,,-79.044884,35.876745
4397,,-79.064333,35.878468
4398,,-79.066677,35.87307
4399,,-79.072278,35.911965
4400,,-79.074477,35.910061
4401,,-79.076562,35.911222
4402,,-79.075862,35.910496
4403,,-79.072286,35.911121
4404,,-79.072338,35.908691
4405,,-79.073851,35.910123
4406,,-79.072277,35.910304
4407,,-79.075115,35.909963
4408,,-79.075668,35.902039
4409,,-79.073647,35.900701
4410,,-79.073115,35.901608
4411,,-79.078181,35.912624
4412,,-79.081695,35.903293
4413,,-79.079478,35.903209
4414,,-79.071607,35.90118
4415,,-79.076735,35.902431
4416,,-79.076644,35.902541
4417,,-79.075787,35.902254
4418,,-79.077021,35.911631
4419,,-79.072377,35.907372
4420,,-79.072879,35.9021
4421,,-79.079584,35.908313
4422,,-79.074011,35.893274
4423,,-79.082521,35.887423
4424,,-79.080339,35.890862
4425,,-79.077204,35.893933
4426,,-79.09019,35.909672
4427,,-79.090351,35.909584
4428,,-79.09223,35.903612
4429,,-79.092236,35.907194
4430,,-79.091147,35.903761
4431,,-79.082916,35.886101
4432,,-79.084581,35.906367
4433,,-79.083406,35.906756
4434,,-79.090254,35.904218
4435,,-79.083763,35.903956
4436,,-79.088507,35.907939
4437,,-79.075896,35.896652
4438,,-79.075213,35.898139
4439,,-79.085585,35.906045
4440,,-79.08739,35.905471
4441,,-79.084553,35.904126
4442,,-79.088515,35.907679
4443,,-79.081126,35.863636
4444,,-79.049135,35.8798
4445,,-79.052226,35.882042
4446,,-79.055472,35.884501
4447,,-79.067892,35.871723
4448,,-79.090305,35.878061
4449,,-79.064331,35.8917
4450,,-79.09233,35.87692
4451,,-79.063816,35.879077
4452,,-79.069104,35.899878
4453,,-79.069585,35.89991
4454,,-79.069064,35.9107
4455,,-79.082644,35.879681
4456,,-79.082794,35.883383
4457,,-79.070665,35.901175
4458,,-79.12999,35.883802
4459,,-79.11077,35.905937
4460,,-79.117203,35.866482
4461,,-79.138739,35.902048
4462,,-79.12702,35.90342
4463,,-79.135679,35.90201
4464,,-79.124495,35.88721
4465,,-79.125174,35.880237
4466,,-79.133855,35.881133
4467,,-79.098411,35.87595
4468,,-79.116455,35.868852
4469,,-79.100705,35.875405
4470,,-79.108658,35.896009
4471,,-79.100772,35.901516
4472,,-79.105888,35.904941
4473,,-79.041588,35.907343
4474,,-79.03609,35.898401
4475,,-79.029125,35.867028
4476,,-79.041727,35.910922
4477,,-79.039994,35.900999
4478,,-79.03619,35.898533
4479,,-79.058026,35.913414
4480,,-79.015822,35.905101
4481,,-79.052047,35.91458
4482,,-79.070141,35.910546
4483,,-79.058651,35.913165
4484,,-79.059164,35.914021
4485,,-79.063276,35.91459
4486,,-79.046284,35.913675
4487,,-79.04506,35.915573
4488,,-79.091734,35.912686
4489,,-79.092298,35.914111
4490,,-79.023328,35.911925
4491,,-79.02481,35.915158
4492,,-79.021328,35.907452
4493,,-79.096152,35.914869
4494,,-79.034243,35.910122
4495,,-79.016228,35.915124
4496,,-79.018839,35.906407
4497,,-79.130486,35.924688
4498,,-79.026454,35.911037
4499,,-79.026299,35.915203
4500,,-79.026438,35.915203
4501,,-79.121644,35.924903
4502,,-79.137878,35.924951
4503,,-79.091869,35.912632
4504,,-79.092443,35.914077
4505,,-79.080461,35.914773
4506,,-79.079503,35.913737
4507,,-79.064228,35.912566
4508,,-79.072234,35.913371
4509,,-79.047872,35.913197
4510,,-79.052842,35.914276
4511,,-79.055794,35.913143
4512,,-79.094078,35.912188
4513,,-79.095599,35.914161
4514,,-79.056081,35.913649
4515,,-79.056325,35.914052
4516,,-79.081336,35.914329
4517,,-79.07958,35.913586
4518,,-79.048576,35.914452
4519,,-79.042598,35.911735
4520,,-79.170635,36.18923
4521,,-79.169985,36.200728
4522,,-79.204562,36.22
4523,,-79.257045,36.237829
4524,,-79.190482,36.23965
4525,,-79.190086,36.242751
4526,,-79.242142,36.243622
4527,,-79.21989,36.211577
4528,,-79.25817,36.194424
4529,,-79.241351,36.237241
4530,,-79.232675,36.223584
4531,,-79.176129,36.056439
4532,,-79.190403,36.049262
4533,,-79.193254,36.069711
4534,,-79.224357,36.070554
4535,,-79.191764,36.081704
4536,,-79.204506,36.083618
4537,,-79.201044,36.105708
4538,,-79.260439,36.107852
4539,,-79.248166,36.092122
4540,,-79.260359,36.094301
4541,,-79.261638,36.061571
4542,,-79.260793,36.074931
4543,,-79.254053,36.063684
4544,,-79.232158,36.071999
4545,,-79.247301,36.088187
4546,,-79.260631,36.075205
4547,,-79.23663,36.087322
4548,,-79.226206,36.086264
4549,,-79.181942,36.105175
4550,,-79.224049,36.132075
4551,,-79.239,36.110054
4552,,-79.228183,36.121322
4553,,-79.205608,36.026686
4554,,-79.205027,35.996661
4555,,-79.204022,36.019698
4556,,-79.193414,35.960235
4557,,-79.193186,35.953067
4558,,-79.202571,35.929719
4559,,-79.263633,35.959211
4560,,-79.26367,35.952167
4561,,-79.263388,35.969389
4562,,-79.229054,35.982025
4563,,-79.231175,35.935586
4564,,-79.257172,35.953621
4565,,-79.172185,36.059902
4566,,-79.261723,36.045912
4567,,-79.19823,36.046392
4568,,-79.215101,36.039362
4569,,-79.221642,36.051035
4570,,-79.227672,36.030328
4571,,-79.258293,35.895263
4572,,-79.214808,35.896897
4573,,-79.176541,35.923752
4574,,-79.183381,35.910033
4575,,-79.216243,35.932489
4576,,-79.150195,36.170619
4577,,-79.137768,36.030493
4578,,-79.16959,36.186776
4579,,-79.170088,36.076953
4580,,-79.001984,36.17716
4581,,-79.109965,36.180566
4582,,-79.101476,36.181931
4583,,-79.108415,36.160779
4584,,-79.163031,36.081211
4585,,-79.173739,36.081185
4586,,-79.177738,36.103949
4587,,-79.191076,36.173726
4588,,-79.205536,36.183752
4589,,-79.134511,36.175176
4590,,-79.142355,36.198385
4591,,-79.175863,36.215371
4592,,-79.163614,36.010392
4593,,-79.162273,35.993837
4594,,-79.184601,35.99587
4595,,-79.163195,35.972143
4596,,-79.193904,35.976066
4597,,-79.169294,36.0715
4598,,-79.167645,36.167599
4599,,-79.164469,36.145151
4600,,-78.976118,36.182062
4601,,-79.167209,35.896849
4602,,-79.168528,35.92527
4603,,-79.161962,35.926732
4604,,-79.036707,36.176279
4605,,-79.171054,35.953793
4606,,-78.828032,36.236522
4607,,-78.868227,36.210707
4608,,-78.822975,36.191944
4609,,-78.829233,36.228217
4610,,-78.884468,36.224807
4611,,-78.835502,36.217848
4612,,-78.846293,36.200331
4613,,-78.930292,36.227206
4614,,-78.926256,36.218278
4615,,-78.957224,36.199892
4616,,-78.911102,36.200206
4617,,-78.953188,36.230466
4618,,-78.937903,36.220035
4619,,-78.925856,36.217463
4620,,-78.940657,36.206349
4621,,-78.932674,36.238813
4622,,-78.90572,36.195764
4623,,-78.915765,36.223424
4624,,-78.903736,36.207725
4625,,-78.743603,35.981762
4626,,-78.720514,35.961971
4627,,-78.76478,35.927911
4628,,-78.762927,35.933803
4629,,-78.767328,35.93398
4630,,-78.737825,35.94434
4631,,-78.751252,35.934489
4632,,-78.754464,35.980197
4633,,-78.727891,35.979883
4634,,-78.804147,36.136366
4635,,-78.812856,36.162904
4636,,-78.826018,36.131822
4637,,-78.815809,36.131557
4638,,-78.797851,36.057998
4639,,-78.797254,36.058333
4640,,-78.793536,36.057175
4641,,-78.793454,36.057153
4642,,-78.796804,36.057154
4643,,-78.798015,36.057458
4644,,-78.791417,36.056607
4645,,-78.792314,36.059679
4646,,-78.834363,36.100408
4647,,-78.829975,36.091736
4648,,-78.824588,36.084858
4649,,-78.832204,36.096299
4650,,-78.815656,36.055263
4651,,-78.820692,36.066442
4652,,-78.83002,36.066203
4653,,-78.794258,36.058474
4654,,-78.821127,36.078284
4655,,-78.820851,36.071734
4656,,-78.799248,36.055674
4657,,-78.868696,36.127456
4658,,-78.871125,36.155847
4659,,-78.862699,36.135948
4660,,-78.876613,36.166115
4661,,-78.869655,36.127306
4662,,-78.880686,36.12626
4663,,-78.861079,36.144961
4664,,-78.857107,36.139145
4665,,-78.870399,36.154458
4666,,-78.863932,36.083353
4667,,-78.903505,36.050022
4668,,-78.894738,36.047441
4669,,-78.903506,36.05544
4670,,-78.903589,36.051078
4671,,-78.902468,36.052069
4672,,-78.903504,36.061013
4673,,-78.866114,36.064795
4674,,-78.862449,36.08075
4675,,-78.866518,36.093532
4676,,-78.866811,36.102681
4677,,-78.884159,36.105136
4678,,-78.8588,36.078994
4679,,-78.862606,36.072995
4680,,-78.872467,36.083599
4681,,-78.876451,36.085972
4682,,-78.866713,36.051242
4683,,-78.868596,36.058954
4684,,-78.881809,36.059012
4685,,-78.851389,36.130311
4686,,-78.83427,36.12653
4687,,-78.845379,36.062538
4688,,-78.838685,36.100948
4689,,-78.841577,36.113971
4690,,-78.839516,36.121544
4691,,-78.888357,36.106775
4692,,-78.84151,36.09146
4693,,-78.838405,36.093531
4694,,-78.803978,36.023105
4695,,-78.806322,36.019748
4696,,-78.806124,36.020254
4697,,-78.78041,36.041512
4698,,-78.795584,36.034063
4699,,-78.785561,36.025499
4700,,-78.800106,35.988595
4701,,-78.811277,36.021787
4702,,-78.826995,36.033236
4703,,-78.816203,36.020815
4704,,-78.818516,36.040354
4705,,-78.827006,35.997338
4706,,-78.81846,35.988769
4707,,-78.823657,35.996377
4708,,-78.832001,35.990162
4709,,-78.830499,35.99793
4710,,-78.815013,35.994563
4711,,-78.810887,36.027806
4712,,-78.804036,36.01585
4713,,-78.814567,36.035969
4714,,-78.801917,35.995042
4715,,-78.801798,36.010367
4716,,-78.795461,36.010933
4717,,-78.802939,36.024259
4718,,-78.809647,36.022108
4719,,-78.8066,36.020068
4720,,-78.809324,36.021169
4721,,-78.800392,36.00197
4722,,-78.81377,35.994974
4723,,-78.78662,35.990104
4724,,-78.824791,36.013069
4725,,-78.785987,35.975726
4726,,-78.793138,35.976627
4727,,-78.834112,35.960013
4728,,-78.835704,35.951537
4729,,-78.819066,35.959944
4730,,-78.833433,35.961982
4731,,-78.83447,35.967998
4732,,-78.812977,35.922356
4733,,-78.815749,35.930781
4734,,-78.822467,35.936707
4735,,-78.824775,35.926506
4736,,-78.812717,35.928411
4737,,-78.827594,35.919549
4738,,-78.816864,35.919141
4739,,-78.798681,35.971371
4740,,-78.837571,35.949203
4741,,-78.813361,35.935146
4742,,-78.81246,35.961397
4743,,-78.843351,36.024652
4744,,-78.845646,36.024995
4745,,-78.85886,36.016637
4746,,-78.865318,36.015464
4747,,-78.866885,36.028131
4748,,-78.863196,36.027911
4749,,-78.870483,36.021926
4750,,-78.86877,36.018519
4751,,-78.86427,36.02185
4752,,-78.849509,36.020007
4753,,-78.858072,36.025621
4754,,-78.857244,36.026039
4755,,-78.846672,36.035458
4756,,-78.857632,36.017178
4757,,-78.841839,36.00929
4758,,-78.842363,36.006026
4759,,-78.850357,35.999653
4760,,-78.851592,36.00461
4761,,-78.84365,35.986776
4762,,-78.860412,36.008842
4763,,-78.866981,36.006606
4764,,-78.870921,36.007423
4765,,-78.868099,36.009506
4766,,-78.871088,36.004153
4767,,-78.860184,36.001312
4768,,-78.864442,35.998136
4769,,-78.862214,35.991117
4770,,-78.860373,35.990687
4771,,-78.860925,35.983726
4772,,-78.870277,35.993837
4773,,-78.86706,35.992231
4774,,-78.866779,35.990091
4775,,-78.869184,35.992729
4776,,-78.868406,35.990142
4777,,-78.85889,35.980998
4778,,-78.862944,35.989934
4779,,-78.864417,35.991609
4780,,-78.862388,35.985289
4781,,-78.862794,35.991329
4782,,-78.858328,35.98127
4783,,-78.867464,35.986992
4784,,-78.864788,35.987914
4785,,-78.857971,35.990109
4786,,-78.850209,35.988295
4787,,-78.856785,35.992272
4788,,-78.859539,35.9905
4789,,-78.858747,35.997838
4790,,-78.865775,35.99193
4791,,-78.86492,35.995718
4792,,-78.862976,35.990791
4793,,-78.85521,36.004541
4794,,-78.856411,35.992901
4795,,-78.886208,36.037518
4796,,-78.883361,36.039956
4797,,-78.878466,36.038459
4798,,-78.884632,36.038836
4799,,-78.884161,36.020841
4800,,-78.892322,36.034891
4801,,-78.902862,36.040161
4802,,-78.896044,36.036791
4803,,-78.899411,36.040118
4804,,-78.896743,36.03724
4805,,-78.889992,36.018407
4806,,-78.89001,36.017676
4807,,-78.890764,36.013663
4808,,-78.890034,36.016841
4809,,-78.890127,36.016198
4810,,-78.890832,36.013373
4811,,-78.890208,36.015875
4812,,-78.898898,36.014915
4813,,-78.902135,36.016818
4814,,-78.904946,36.019047
4815,,-78.900556,36.022467
4816,,-78.900367,36.018163
4817,,-78.899177,36.015974
4818,,-78.89125,36.019673
4819,,-78.900119,36.017174
4820,,-78.889853,36.02346
4821,,-78.899741,36.018338
4822,,-78.893812,36.01979
4823,,-78.893561,36.012649
4824,,-78.890885,36.032165
4825,,-78.896697,36.028599
4826,,-78.892285,36.029057
4827,,-78.888515,36.019587
4828,,-78.88995,36.019613
4829,,-78.889869,36.03572
4830,,-78.887517,36.036538
4831,,-78.888071,36.015044
4832,,-78.890285,36.029347
4833,,-78.886945,36.013021
4834,,-78.888704,36.015841
4835,,-78.889835,36.02407
4836,,-78.876677,35.998696
4837,,-78.875484,36.000645
4838,,-78.876991,36.002314
4839,,-78.886164,36.009795
4840,,-78.886328,36.010486
4841,,-78.886009,36.00914
4842,,-78.881665,35.998749
4843,,-78.885918,35.997206
4844,,-78.885764,36.001108
4845,,-78.885789,36.000407
4846,,-78.883779,35.998778
4847,,-78.885849,35.998776
4848,,-78.877505,35.998704
4849,,-78.881266,35.998741
4850,,-78.882714,36.003795
4851,,-78.885149,36.005703
4852,,-78.886038,36.003607
4853,,-78.878327,36.003637
4854,,-78.874319,35.992714
4855,,-78.873928,35.993833
4856,,-78.877028,35.992181
4857,,-78.874829,35.990439
4858,,-78.874709,35.991598
4859,,-78.879279,35.985799
4860,,-78.879908,35.982795
4861,,-78.877823,35.982087
4862,,-78.876709,35.985856
4863,,-78.874966,35.986121
4864,,-78.876841,35.981715
4865,,-78.887279,35.994535
4866,,-78.885995,35.993523
4867,,-78.886892,35.988998
4868,,-78.882345,35.99261
4869,,-78.881856,35.990897
4870,,-78.886464,35.989871
4871,,-78.884625,35.992694
4872,,-78.886028,35.99274
4873,,-78.886071,35.991876
4874,,-78.881718,35.983611
4875,,-78.886164,35.986607
4876,,-78.883707,35.985733
4877,,-78.886467,35.985348
4878,,-78.874945,35.987012
4879,,-78.88183,35.993666
4880,,-78.880088,35.994455
4881,,-78.881797,35.987639
4882,,-78.881752,35.985367
4883,,-78.880515,35.985506
4884,,-78.887471,35.988109
4885,,-78.88188,35.992589
4886,,-78.879979,35.992518
4887,,-78.880646,35.983128
4888,,-78.881217,35.983385
4889,,-78.887982,35.987402
4890,,-78.892487,36.006298
4891,,-78.889661,36.006038
4892,,-78.891685,36.009982
4893,,-78.892515,36.005355
4894,,-78.893685,36.007284
4895,,-78.893074,36.009688
4896,,-78.890732,35.996449
4897,,-78.894991,36.002567
4898,,-78.896186,35.996379
4899,,-78.894412,35.998571
4900,,-78.895607,35.997089
4901,,-78.894035,35.999737
4902,,-78.894182,35.999181
4903,,-78.890507,35.999643
4904,,-78.893879,36.000331
4905,,-78.901375,36.005482
4906,,-78.901994,36.005492
4907,,-78.900739,36.007501
4908,,-78.899861,36.008906
4909,,-78.899712,36.010027
4910,,-78.898132,35.996949
4911,,-78.899258,35.99803
4912,,-78.898485,35.997578
4913,,-78.897931,35.998208
4914,,-78.903003,35.996341
4915,,-78.903797,35.998153
4916,,-78.902036,35.996953
4917,,-78.903883,35.996967
4918,,-78.899024,36.002016
4919,,-78.903678,35.999334
4920,,-78.903425,36.002108
4921,,-78.90166,35.998125
4922,,-78.899923,35.998098
4923,,-78.894867,36.002981
4924,,-78.903236,36.003502
4925,,-78.902796,36.00421
4926,,-78.898105,36.005476
4927,,-78.895553,36.00544
4928,,-78.897582,35.99865
4929,,-78.896241,36.000232
4930,,-78.895423,36.001207
4931,,-78.898577,36.002022
4932,,-78.894432,36.009931
4933,,-78.897265,36.010171
4934,,-78.894628,36.003789
4935,,-78.894175,36.005375
4936,,-78.893051,36.003424
4937,,-78.890959,35.993765
4938,,-78.891869,35.989929
4939,,-78.891282,35.989606
4940,,-78.895164,35.988976
4941,,-78.893705,35.994493
4942,,-78.894105,35.98937
4943,,-78.891637,35.99301
4944,,-78.894794,35.993218
4945,,-78.891025,35.993017
4946,,-78.892303,35.990182
4947,,-78.894102,35.991228
4948,,-78.8957,35.992157
4949,,-78.891343,35.987369
4950,,-78.890271,35.982526
4951,,-78.891065,35.980938
4952,,-78.891238,35.980598
4953,,-78.890062,35.982954
4954,,-78.892838,35.983733
4955,,-78.897909,35.994315
4956,,-78.900652,35.995014
4957,,-78.899101,35.992918
4958,,-78.898399,35.993745
4959,,-78.897709,35.990263
4960,,-78.904624,35.992571
4961,,-78.904247,35.993043
4962,,-78.90328,35.98964
4963,,-78.89928,35.992636
4964,,-78.89918,35.990641
4965,,-78.901622,35.994612
4966,,-78.901408,35.994019
4967,,-78.901215,35.994372
4968,,-78.899893,35.991705
4969,,-78.90028,35.99112
4970,,-78.902655,35.991096
4971,,-78.902308,35.991908
4972,,-78.902924,35.990469
4973,,-78.901092,35.989876
4974,,-78.901654,35.99345
4975,,-78.900818,35.994843
4976,,-78.901475,35.99163
4977,,-78.898519,35.986202
4978,,-78.899265,35.981308
4979,,-78.902691,35.986271
4980,,-78.899046,35.98419
4981,,-78.902905,35.9836
4982,,-78.90038,35.987107
4983,,-78.898723,35.985807
4984,,-78.899391,35.98094
4985,,-78.892587,35.985204
4986,,-78.896537,35.988252
4987,,-78.89749,35.990308
4988,,-78.898841,35.982852
4989,,-78.897196,35.993042
4990,,-78.896612,35.991089
4991,,-78.900744,35.994111
4992,,-78.891615,35.988174
4993,,-78.895139,35.986058
4994,,-78.896223,35.994111
4995,,-78.902351,35.988107
4996,,-78.895409,35.985999
4997,,-78.897664,35.987345
4998,,-78.896895,35.988015
4999,,-78.895889,35.988648
5000,,-78.896745,35.990941
5001,,-78.876424,35.994406
5002,,-78.892507,35.994544
5003,,-78.889066,35.988233
5004,,-78.892849,36.004151
5005,,-78.901094,35.995265
5006,,-78.887716,35.992794
5007,,-78.890539,36.0018
5008,,-78.885637,36.00757
5009,,-78.889346,36.006154
5010,,-78.885659,35.98224
5011,,-78.890525,35.999284
5012,,-78.890466,36.000363
5013,,-78.890579,35.99845
5014,,-78.898102,35.996195
5015,,-78.890691,35.981687
5016,,-78.89316,35.983694
5017,,-78.889909,35.983242
5018,,-78.890012,35.982154
5019,,-78.889169,35.98476
5020,,-78.889616,35.986417
5021,,-78.888545,35.986073
5022,,-78.888287,36.003453
5023,,-78.890733,36.003275
5024,,-78.885955,35.995903
5025,,-78.885963,35.994521
5026,,-78.890777,35.995863
5027,,-78.887617,35.994538
5028,,-78.89089,35.994558
5029,,-78.897437,35.995844
5030,,-78.896846,35.995568
5031,,-78.89738,35.994935
5032,,-78.895197,35.994978
5033,,-78.88179,35.994471
5034,,-78.8817,35.996981
5035,,-78.883826,35.994497
5036,,-78.874491,35.999183
5037,,-78.901609,36.012883
5038,,-78.898971,36.012811
5039,,-78.899062,36.011546
5040,,-78.897197,36.012782
5041,,-78.870714,35.990666
5042,,-78.873064,35.991217
5043,,-78.872743,35.993554
5044,,-78.886881,36.012686
5045,,-78.886441,36.010936
5046,,-78.871534,36.016457
5047,,-78.891242,36.011759
5048,,-78.890953,36.012894
5049,,-78.871063,35.986129
5050,,-78.871517,36.037246
5051,,-78.876952,36.038121
5052,,-78.872902,36.004079
5053,,-78.8702,36.027408
5054,,-78.875086,35.980956
5055,,-78.866843,36.010733
5056,,-78.863595,36.013955
5057,,-78.875321,36.004525
5058,,-78.874161,35.998697
5059,,-78.86542,36.012137
5060,,-78.875011,35.983261
5061,,-78.871264,35.994876
5062,,-78.871983,36.006714
5063,,-78.880885,36.012174
5064,,-78.882207,36.011673
5065,,-78.848435,35.968746
5066,,-78.851546,35.965379
5067,,-78.851004,35.972409
5068,,-78.849064,35.969977
5069,,-78.850218,35.953171
5070,,-78.845242,35.950035
5071,,-78.858127,35.965341
5072,,-78.86856,35.969457
5073,,-78.869358,35.965139
5074,,-78.866599,35.97277
5075,,-78.863034,35.970348
5076,,-78.866983,35.972355
5077,,-78.867948,35.970738
5078,,-78.868328,35.97459
5079,,-78.866395,35.95764
5080,,-78.858981,35.966358
5081,,-78.867506,35.960931
5082,,-78.852176,35.965143
5083,,-78.852656,35.964956
5084,,-78.851033,35.954046
5085,,-78.846826,35.965595
5086,,-78.856839,35.963766
5087,,-78.870097,35.963096
5088,,-78.859313,35.955962
5089,,-78.85274,35.955956
5090,,-78.8547,35.960596
5091,,-78.84608,35.939421
5092,,-78.846874,35.939082
5093,,-78.850125,35.924739
5094,,-78.846606,35.924179
5095,,-78.868916,35.925093
5096,,-78.861496,35.924514
5097,,-78.859244,35.924266
5098,,-78.854427,35.939428
5099,,-78.855171,35.924464
5100,,-78.875988,35.975578
5101,,-78.879945,35.974319
5102,,-78.884969,35.974203
5103,,-78.883282,35.956653
5104,,-78.892711,35.97713
5105,,-78.893286,35.975614
5106,,-78.895254,35.969241
5107,,-78.900949,35.976415
5108,,-78.898176,35.976425
5109,,-78.903552,35.967824
5110,,-78.89538,35.96816
5111,,-78.900933,35.972891
5112,,-78.902239,35.969238
5113,,-78.900933,35.972296
5114,,-78.893407,35.975294
5115,,-78.898134,35.951819
5116,,-78.891628,35.955939
5117,,-78.890128,35.956068
5118,,-78.886176,35.960981
5119,,-78.888455,35.973751
5120,,-78.891227,35.974649
5121,,-78.893912,35.973823
5122,,-78.893297,35.959869
5123,,-78.895402,35.967256
5124,,-78.887367,35.962109
5125,,-78.894847,35.971046
5126,,-78.881032,35.942879
5127,,-78.884563,35.936815
5128,,-78.877802,35.916645
5129,,-78.8816,35.925628
5130,,-78.897004,35.939921
5131,,-78.898686,35.915555
5132,,-78.884292,35.928382
5133,,-78.897212,35.935623
5134,,-78.888587,35.931193
5135,,-78.886217,35.930806
5136,,-78.893368,35.936401
5137,,-78.888154,35.933608
5138,,-78.8968,35.952906
5139,,-78.871388,35.953229
5140,,-78.887808,35.945144
5141,,-78.888967,35.949399
5142,,-78.871591,35.975351
5143,,-78.89825,35.941097
5144,,-78.903765,35.94871
5145,,-78.872665,35.957896
5146,,-78.87117,35.961171
5147,,-78.870187,35.916961
5148,,-78.869733,35.924892
5149,,-78.87469,35.920824
5150,,-78.882279,35.951927
5151,,-78.882494,35.943586
5152,,-78.870293,35.951893
5153,,-78.8653,35.962418
5154,,-78.87343,35.957908
5155,,-78.842232,35.922171
5156,,-78.879348,35.979651
5157,,-78.838964,35.968189
5158,,-78.840763,35.967776
5159,,-78.821009,35.981422
5160,,-78.826655,35.975704
5161,,-78.796092,35.982438
5162,,-78.842085,35.977058
5163,,-78.842704,35.984038
5164,,-78.83177,36.000532
5165,,-78.848645,35.920519
5166,,-78.879492,35.979712
5167,,-78.84182,36.006142
5168,,-78.839294,36.007019
5169,,-78.821802,36.024089
5170,,-78.841059,36.024309
5171,,-78.900431,35.977923
5172,,-78.828979,36.031792
5173,,-78.839308,35.952613
5174,,-78.891812,35.979414
5175,,-78.892063,35.978887
5176,,-78.855564,35.976632
5177,,-78.85752,35.97928
5178,,-78.843249,35.959253
5179,,-78.787424,35.988493
5180,,-78.792713,35.977076
5181,,-78.831066,35.983788
5182,,-78.840008,35.985901
5183,,-78.800461,35.977805
5184,,-78.870826,35.978244
5185,,-78.88765,35.981007
5186,,-78.843607,35.930628
5187,,-78.842594,35.935308
5188,,-78.839022,36.033081
5189,,-78.843611,36.030954
5190,,-78.841063,36.031488
5191,,-78.84124,36.026814
5192,,-78.838577,35.9424
5193,,-78.841871,35.942367
5194,,-78.886942,35.98092
5195,,-78.844057,35.949516
5196,,-78.84182,36.032608
5197,,-78.843812,36.031052
5198,,-78.838822,36.033337
5199,,-78.844683,35.928189
5200,,-78.813031,35.979565
5201,,-78.899923,35.979383
5202,,-78.868609,36.036234
5203,,-78.774017,35.95186
5204,,-78.78472,35.970434
5205,,-78.779327,36.02909
5206,,-78.77247,36.029293
5207,,-78.783581,36.053912
5208,,-78.871293,36.054508
5209,,-78.861295,36.027393
5210,,-78.771576,36.047169
5211,,-78.776503,36.071869
5212,,-78.764129,36.0411
5213,,-78.784712,35.970609
5214,,-78.901984,36.044774
5215,,-78.902667,36.046013
5216,,-78.785212,36.01356
5217,,-78.802726,36.04874
5218,,-78.815447,36.046636
5219,,-78.817569,36.0446
5220,,-78.813414,36.047108
5221,,-78.840058,36.044718
5222,,-78.828543,36.06493
5223,,-78.813972,36.043601
5224,,-78.781088,35.937293
5225,,-78.772866,35.932836
5226,,-78.81532,36.045192
5227,,-78.81348,36.046876
5228,,-78.81799,36.044163
5229,,-78.775966,35.977151
5230,,-78.76525,35.978659
5231,,-78.87288,36.049761
5232,,-78.879807,36.042979
5233,,-78.891805,36.043469
5234,,-78.888552,36.047881
5235,,-78.833168,35.883422
5236,,-78.829568,35.886409
5237,,-78.824387,35.891645
5238,,-78.822964,35.89255
5239,,-78.832583,35.869281
5240,,-78.848276,35.891828
5241,,-78.849019,35.889142
5242,,-78.848101,35.890274
5243,,-78.84904,35.889027
5244,,-78.844897,35.88746
5245,,-78.848394,35.890742
5246,,-78.844949,35.887948
5247,,-78.85843,35.901048
5248,,-78.865961,35.913114
5249,,-78.866606,35.912877
5250,,-78.866038,35.912191
5251,,-78.86511,35.911014
5252,,-78.859532,35.895689
5253,,-78.859555,35.895611
5254,,-78.859165,35.895509
5255,,-78.859681,35.895223
5256,,-78.860237,35.893926
5257,,-78.859997,35.893246
5258,,-78.861342,35.892119
5259,,-78.863447,35.888043
5260,,-78.862164,35.890916
5261,,-78.857884,35.903581
5262,,-78.858813,35.899123
5263,,-78.859318,35.896403
5264,,-78.86055,35.89337
5265,,-78.849362,35.897627
5266,,-78.847943,35.893861
5267,,-78.858986,35.895598
5268,,-78.855409,35.893572
5269,,-78.855059,35.893244
5270,,-78.859868,35.894358
5271,,-78.859692,35.894539
5272,,-78.866876,35.897072
5273,,-78.841543,35.897886
5274,,-78.855212,35.88654
5275,,-78.851059,35.873404
5276,,-78.862767,35.873225
5277,,-78.864492,35.871059
5278,,-78.859073,35.877732
5279,,-78.875147,35.900284
5280,,-78.875119,35.901071
5281,,-78.879981,35.900824
5282,,-78.87977,35.90153
5283,,-78.875708,35.901081
5284,,-78.885914,35.891414
5285,,-78.884108,35.884228
5286,,-78.893009,35.91066
5287,,-78.895212,35.903539
5288,,-78.89518,35.905439
5289,,-78.893784,35.908121
5290,,-78.894684,35.90533
5291,,-78.897748,35.902679
5292,,-78.895539,35.9025
5293,,-78.888959,35.903383
5294,,-78.892822,35.901609
5295,,-78.889007,35.896471
5296,,-78.891546,35.892703
5297,,-78.884433,35.900111
5298,,-78.88902,35.894975
5299,,-78.885337,35.886183
5300,,-78.896639,35.898813
5301,,-78.888132,35.891845
5302,,-78.889015,35.894287
5303,,-78.87943,35.894512
5304,,-78.888993,35.897791
5305,,-78.888919,35.900702
5306,,-78.894405,35.906956
5307,,-78.88307,35.904222
5308,,-78.876301,35.898208
5309,,-78.879611,35.902543
5310,,-78.894405,35.906728
5311,,-78.900613,35.902676
5312,,-78.883014,35.899732
5313,,-78.891294,35.873443
5314,,-78.89141,35.872354
5315,,-78.888353,35.876948
5316,,-78.842404,35.881092
5317,,-78.885369,35.880283
5318,,-78.885993,35.882504
5319,,-78.871832,35.883671
5320,,-78.880796,35.889048
5321,,-78.875882,35.895972
5322,,-78.873219,35.903811
5323,,-78.87042,35.906246
5324,,-78.863063,35.880584
5325,,-78.862824,35.877202
5326,,-78.84408,35.880676
5327,,-78.851016,35.877063
5328,,-78.850112,35.88234
5329,,-78.868158,35.893777
5330,,-78.880117,35.898937
5331,,-78.888736,35.881338
5332,,-78.892405,35.879975
5333,,-78.895751,35.889168
5334,,-78.874351,35.900581
5335,,-78.867708,35.898424
5336,,-78.869513,35.906016
5337,,-78.874371,35.901229
5338,,-78.870877,35.898727
5339,,-78.874587,35.900321
5340,,-78.870649,35.875953
5341,,-78.877027,35.875477
5342,,-78.835361,35.873552
5343,,-78.836766,35.874975
5344,,-78.832277,35.895334
5345,,-78.840291,35.896985
5346,,-78.839951,35.882247
5347,,-78.842464,35.884924
5348,,-78.840544,35.881549
5349,,-78.841482,35.881309
5350,,-78.838042,35.882148
5351,,-78.84237,35.885217
5352,,-78.848256,35.891893
5353,,-78.924743,36.161003
5354,,-78.960223,36.122064
5355,,-78.920601,36.136285
5356,,-78.920029,36.143383
5357,,-78.947836,36.13557
5358,,-78.949187,36.163572
5359,,-78.94216,36.124567
5360,,-78.933212,36.126042
5361,,-78.959014,36.144425
5362,,-78.952867,36.140367
5363,,-78.910745,36.090314
5364,,-78.913458,36.088614
5365,,-78.910363,36.093752
5366,,-78.914134,36.091687
5367,,-78.933093,36.085613
5368,,-78.909032,36.073566
5369,,-78.907514,36.051218
5370,,-78.913168,36.054367
5371,,-78.936273,36.048059
5372,,-78.929308,36.052092
5373,,-78.93204,36.057424
5374,,-78.935211,36.052135
5375,,-78.919638,36.051334
5376,,-78.919037,36.055735
5377,,-78.929123,36.057448
5378,,-78.930393,36.063072
5379,,-78.940362,36.083016
5380,,-78.945682,36.086961
5381,,-78.956783,36.091905
5382,,-78.952002,36.089794
5383,,-78.964633,36.076254
5384,,-78.955535,36.050366
5385,,-78.950843,36.059732
5386,,-78.931638,36.083207
5387,,-78.939021,36.083376
5388,,-78.93262,36.065716
5389,,-78.941503,36.063035
5390,,-78.936849,36.056854
5391,,-78.946493,36.061838
5392,,-78.910912,36.086021
5393,,-78.964605,36.077273
5394,,-78.960164,36.086157
5395,,-78.924644,36.078973
5396,,-78.910023,36.077295
5397,,-78.919129,36.077142
5398,,-78.916205,36.077704
5399,,-78.930307,36.080501
5400,,-78.951811,36.076248
5401,,-78.943985,36.080757
5402,,-78.931733,36.07682
5403,,-78.980686,36.064189
5404,,-78.976894,36.066273
5405,,-78.973291,36.072749
5406,,-78.980253,36.062963
5407,,-78.975629,36.056817
5408,,-78.976924,36.084616
5409,,-78.975855,36.120303
5410,,-78.970776,36.120508
5411,,-78.97852,36.166789
5412,,-78.96573,36.149181
5413,,-78.977659,36.087836
5414,,-78.972257,36.112249
5415,,-78.973591,36.053403
5416,,-78.976248,36.090655
5417,,-78.915731,36.102611
5418,,-78.923175,36.112189
5419,,-78.972489,36.074286
5420,,-78.966446,36.075936
5421,,-78.928877,36.116551
5422,,-78.931561,36.101099
5423,,-78.938255,36.121892
5424,,-78.970678,36.101784
5425,,-78.949076,36.10761
5426,,-78.97217,36.103836
5427,,-78.905893,36.041866
5428,,-78.907345,36.040121
5429,,-78.912248,36.043799
5430,,-78.905905,36.041365
5431,,-78.908398,36.040031
5432,,-78.908668,36.028948
5433,,-78.910897,36.03235
5434,,-78.91479,36.040914
5435,,-78.907625,36.034546
5436,,-78.913028,36.043073
5437,,-78.908727,36.036757
5438,,-78.909501,36.035443
5439,,-78.911047,36.030726
5440,,-78.90602,36.038939
5441,,-78.912137,36.040264
5442,,-78.905456,36.022256
5443,,-78.911104,36.016885
5444,,-78.9083,36.015884
5445,,-78.90829,36.016923
5446,,-78.915788,36.025978
5447,,-78.917137,36.024868
5448,,-78.917243,36.022157
5449,,-78.918786,36.023384
5450,,-78.919351,36.014125
5451,,-78.919159,36.017165
5452,,-78.918866,36.022042
5453,,-78.913181,36.018968
5454,,-78.915356,36.026346
5455,,-78.915516,36.01702
5456,,-78.911874,36.01689
5457,,-78.907549,36.018629
5458,,-78.928023,36.030685
5459,,-78.935472,36.039925
5460,,-78.935743,36.033202
5461,,-78.935709,36.034521
5462,,-78.929229,36.034432
5463,,-78.936673,36.037424
5464,,-78.935603,36.037528
5465,,-78.930859,36.037707
5466,,-78.929519,36.037779
5467,,-78.925363,36.017419
5468,,-78.927217,36.013715
5469,,-78.923615,36.014068
5470,,-78.926726,36.013694
5471,,-78.931854,36.017661
5472,,-78.934086,36.014932
5473,,-78.933299,36.014299
5474,,-78.931918,36.013172
5475,,-78.92982,36.013822
5476,,-78.93611,36.021589
5477,,-78.93631,36.017813
5478,,-78.929996,36.017593
5479,,-78.909714,36.028976
5480,,-78.91842,36.039564
5481,,-78.921738,36.03834
5482,,-78.909528,36.028971
5483,,-78.921787,36.013651
5484,,-78.921787,36.013997
5485,,-78.912489,36.029071
5486,,-78.914125,36.027445
5487,,-78.921629,36.016405
5488,,-78.920691,36.024903
5489,,-78.92157,36.01727
5490,,-78.922721,36.0265
5491,,-78.908261,36.006628
5492,,-78.908259,36.007679
5493,,-78.908266,36.009922
5494,,-78.907976,36.000468
5495,,-78.906832,36.001603
5496,,-78.908805,35.998133
5497,,-78.907124,35.998751
5498,,-78.907537,35.996975
5499,,-78.911381,36.001347
5500,,-78.910852,35.996963
5501,,-78.910935,35.997294
5502,,-78.910301,35.998641
5503,,-78.908531,35.999588
5504,,-78.910093,36.001563
5505,,-78.908534,36.000804
5506,,-78.910245,35.998945
5507,,-78.908202,35.999388
5508,,-78.909258,36.000031
5509,,-78.910221,36.000624
5510,,-78.919851,36.005446
5511,,-78.917143,36.004659
5512,,-78.91968,36.008594
5513,,-78.91982,36.005943
5514,,-78.919594,36.009927
5515,,-78.915034,35.996845
5516,,-78.914588,35.998158
5517,,-78.914802,36.003444
5518,,-78.913636,36.000948
5519,,-78.908282,36.002992
5520,,-78.908266,36.005513
5521,,-78.915477,36.009757
5522,,-78.912356,36.00966
5523,,-78.912357,36.005531
5524,,-78.912932,36.002325
5525,,-78.913087,35.99944
5526,,-78.908812,35.993959
5527,,-78.908806,35.994645
5528,,-78.908842,35.992983
5529,,-78.911849,35.992923
5530,,-78.911906,35.990395
5531,,-78.911878,35.991612
5532,,-78.908887,35.991516
5533,,-78.908988,35.990307
5534,,-78.910349,35.991568
5535,,-78.909037,35.992559
5536,,-78.905771,35.985754
5537,,-78.910775,35.985036
5538,,-78.911998,35.984074
5539,,-78.919011,35.993975
5540,,-78.919844,35.991936
5541,,-78.920295,35.985024
5542,,-78.910622,35.987099
5543,,-78.911948,35.988867
5544,,-78.909087,35.987983
5545,,-78.911977,35.987134
5546,,-78.913123,35.991653
5547,,-78.92441,36.010444
5548,,-78.923359,36.010423
5549,,-78.9286,36.010586
5550,,-78.927334,36.01051
5551,,-78.922136,36.008384
5552,,-78.925989,36.006989
5553,,-78.928026,36.007589
5554,,-78.93724,36.010615
5555,,-78.936036,36.001526
5556,,-78.93404,35.998987
5557,,-78.933178,35.99745
5558,,-78.930059,36.003006
5559,,-78.926882,36.005846
5560,,-78.929254,36.008154
5561,,-78.930363,36.008849
5562,,-78.929395,36.011152
5563,,-78.926188,36.005689
5564,,-78.930023,36.003719
5565,,-78.934247,36.004331
5566,,-78.928137,36.006699
5567,,-78.927961,35.9981
5568,,-78.929936,36.005229
5569,,-78.924487,35.989649
5570,,-78.924821,35.989156
5571,,-78.932946,35.981942
5572,,-78.932939,35.992372
5573,,-78.933032,35.988562
5574,,-78.928928,35.985148
5575,,-78.920716,35.991981
5576,,-78.916442,36.004297
5577,,-78.915888,35.996803
5578,,-78.920128,35.988466
5579,,-78.921184,36.003088
5580,,-78.917563,35.996721
5581,,-78.92073,36.006246
5582,,-78.922248,36.006553
5583,,-78.926051,35.997698
5584,,-78.921215,36.009999
5585,,-78.921547,36.003223
5586,,-78.920767,36.003716
5587,,-78.924586,36.005661
5588,,-78.912073,35.997276
5589,,-78.910925,35.993933
5590,,-78.920259,35.986398
5591,,-78.926502,35.987191
5592,,-78.908802,35.996983
5593,,-78.908804,35.995495
5594,,-78.912938,35.996908
5595,,-78.920482,36.004097
5596,,-78.922173,35.992057
5597,,-78.91166,35.994277
5598,,-78.913276,35.99925
5599,,-78.910315,35.995492
5600,,-78.910268,35.996978
5601,,-78.924304,35.997205
5602,,-78.921543,35.994141
5603,,-78.921119,35.996694
5604,,-78.922615,36.001087
5605,,-78.924704,36.005893
5606,,-78.91797,36.002392
5607,,-78.930307,35.99839
5608,,-78.932148,35.994539
5609,,-78.913739,35.996884
5610,,-78.922118,36.00868
5611,,-78.941698,36.036722
5612,,-78.951974,36.021763
5613,,-78.951938,36.017129
5614,,-78.951783,36.01682
5615,,-78.951829,36.016043
5616,,-78.950949,36.017275
5617,,-78.950981,36.016243
5618,,-78.950617,36.016463
5619,,-78.949304,36.016468
5620,,-78.950375,36.016649
5621,,-78.948834,36.016176
5622,,-78.950368,36.017157
5623,,-78.949836,36.018122
5624,,-78.951738,36.015324
5625,,-78.949006,36.021967
5626,,-78.948925,36.021582
5627,,-78.949525,36.018931
5628,,-78.950075,36.019088
5629,,-78.950076,36.020949
5630,,-78.948617,36.020326
5631,,-78.948488,36.023369
5632,,-78.942106,36.026456
5633,,-78.946399,36.01617
5634,,-78.946759,36.015946
5635,,-78.946128,36.019248
5636,,-78.956909,36.013627
5637,,-78.957436,36.014815
5638,,-78.957855,36.017057
5639,,-78.95913,36.022939
5640,,-78.940343,36.03677
5641,,-78.952822,36.017278
5642,,-78.952825,36.01497
5643,,-78.950314,36.018472
5644,,-78.954882,36.023026
5645,,-78.952684,36.017429
5646,,-78.95347,36.034688
5647,,-78.957725,36.040813
5648,,-78.96757,36.033591
5649,,-78.955511,36.023353
5650,,-78.939139,36.004109
5651,,-78.944172,36.008711
5652,,-78.942642,36.008818
5653,,-78.940338,36.008547
5654,,-78.948054,36.008777
5655,,-78.948552,36.009744
5656,,-78.948552,36.0111
5657,,-78.943423,36.005341
5658,,-78.947245,36.001531
5659,,-78.947499,36.008386
5660,,-78.958928,35.998834
5661,,-78.958368,36.001097
5662,,-78.958133,36.00076
5663,,-78.962091,36.000817
5664,,-78.958726,35.984171
5665,,-78.964682,35.987542
5666,,-78.952886,36.003833
5667,,-78.954734,36.008017
5668,,-78.954643,36.00968
5669,,-78.958107,35.99665
5670,,-78.957926,35.98571
5671,,-78.958135,35.986441
5672,,-78.958307,35.996306
5673,,-78.957265,35.983398
5674,,-78.957572,35.998559
5675,,-78.954364,36.004781
5676,,-78.947039,35.99505
5677,,-78.942704,35.992293
5678,,-78.951396,36.009788
5679,,-78.937259,36.009694
5680,,-78.915711,36.0134
5681,,-78.936394,36.008102
5682,,-78.940273,35.988145
5683,,-78.908268,36.011918
5684,,-78.908273,36.013114
5685,,-78.942744,36.012039
5686,,-78.935789,36.030157
5687,,-78.966354,36.007463
5688,,-78.94819,36.013094
5689,,-78.912189,36.011464
5690,,-78.912097,36.013262
5691,,-78.919388,36.013541
5692,,-78.919486,36.011728
5693,,-78.930121,36.011733
5694,,-78.930825,36.012307
5695,,-78.940646,35.991505
5696,,-78.93591,35.99611
5697,,-78.955307,36.011884
5698,,-78.953411,36.014336
5699,,-78.933458,36.010532
5700,,-78.942111,36.015165
5701,,-78.941517,36.015273
5702,,-78.933253,36.010603
5703,,-78.945551,36.018998
5704,,-78.939769,36.016937
5705,,-78.95469,36.01237
5706,,-78.956488,36.008627
5707,,-78.937106,36.011369
5708,,-78.92203,36.010035
5709,,-78.939684,36.008422
5710,,-78.937302,36.008182
5711,,-78.952919,36.014064
5712,,-78.956684,36.008857
5713,,-78.954737,36.010601
5714,,-78.955854,36.012415
5715,,-78.935367,36.015409
5716,,-78.93212,36.010651
5717,,-78.939421,36.036973
5718,,-78.935941,36.024762
5719,,-78.912391,35.973589
5720,,-78.914125,35.972659
5721,,-78.909496,35.95207
5722,,-78.915927,35.949957
5723,,-78.910346,35.95177
5724,,-78.914734,35.960922
5725,,-78.927483,35.974578
5726,,-78.931852,35.972588
5727,,-78.932418,35.971089
5728,,-78.92885,35.970991
5729,,-78.92339,35.97497
5730,,-78.929132,35.957973
5731,,-78.933682,35.958277
5732,,-78.927901,35.958054
5733,,-78.920784,35.976439
5734,,-78.9162,35.962698
5735,,-78.916278,35.962772
5736,,-78.924603,35.968527
5737,,-78.919391,35.965334
5738,,-78.93242,35.970161
5739,,-78.932844,35.961864
5740,,-78.922375,35.96284
5741,,-78.922247,35.975657
5742,,-78.916328,35.941876
5743,,-78.910893,35.925649
5744,,-78.91368,35.921293
5745,,-78.925423,35.938285
5746,,-78.92315,35.926561
5747,,-78.916777,35.93181
5748,,-78.923237,35.936511
5749,,-78.908917,35.935541
5750,,-78.919611,35.929286
5751,,-78.92409,35.916509
5752,,-78.944037,35.967452
5753,,-78.943473,35.971315
5754,,-78.948905,35.975197
5755,,-78.942684,35.975576
5756,,-78.943719,35.969941
5757,,-78.945802,35.967227
5758,,-78.949131,35.957317
5759,,-78.955113,35.969128
5760,,-78.957257,35.965467
5761,,-78.961021,35.966385
5762,,-78.964265,35.964288
5763,,-78.965987,35.967239
5764,,-78.961562,35.971661
5765,,-78.965194,35.96754
5766,,-78.961504,35.971212
5767,,-78.967208,35.965622
5768,,-78.961431,35.968632
5769,,-78.965314,35.96732
5770,,-78.966179,35.953366
5771,,-78.955855,35.955165
5772,,-78.96698,35.950396
5773,,-78.964303,35.959558
5774,,-78.941814,35.967803
5775,,-78.955088,35.968005
5776,,-78.958805,35.964384
5777,,-78.956391,35.962241
5778,,-78.956194,35.963526
5779,,-78.947541,35.962565
5780,,-78.947454,35.9634
5781,,-78.947672,35.95837
5782,,-78.955534,35.960862
5783,,-78.95153,35.966639
5784,,-78.955084,35.966011
5785,,-78.952755,35.970905
5786,,-78.955327,35.970242
5787,,-78.963506,35.963285
5788,,-78.961407,35.961662
5789,,-78.959416,35.963745
5790,,-78.953331,35.974441
5791,,-78.954986,35.955935
5792,,-78.953503,35.956713
5793,,-78.94667,35.936062
5794,,-78.966413,35.942729
5795,,-78.96154,35.934483
5796,,-78.958605,35.921168
5797,,-78.961359,35.918869
5798,,-78.955283,35.933845
5799,,-78.950855,35.933105
5800,,-78.952653,35.929709
5801,,-78.960278,35.928911
5802,,-78.956917,35.919469
5803,,-78.956732,35.922845
5804,,-78.953032,35.928731
5805,,-78.938418,35.971003
5806,,-78.943466,35.923864
5807,,-78.916971,35.949242
5808,,-78.961949,35.951084
5809,,-78.939996,35.968143
5810,,-78.936578,35.969052
5811,,-78.936846,35.974476
5812,,-78.942019,35.923783
5813,,-78.926876,35.92336
5814,,-78.939501,35.958446
5815,,-78.934029,35.957852
5816,,-78.943235,35.944724
5817,,-78.921708,35.945959
5818,,-78.929144,35.95362
5819,,-78.931467,35.916831
5820,,-78.936136,35.953669
5821,,-78.981575,36.032753
5822,,-78.983862,36.032557
5823,,-78.975051,36.033291
5824,,-78.980001,36.032886
5825,,-78.988354,36.022562
5826,,-78.990536,36.00942
5827,,-78.997964,35.981416
5828,,-78.995686,35.98326
5829,,-78.993844,35.99019
5830,,-78.993403,35.985313
5831,,-78.993344,36.001032
5832,,-78.993881,35.990477
5833,,-78.988467,35.989355
5834,,-78.979718,36.001601
5835,,-78.983712,35.992187
5836,,-78.997908,36.012566
5837,,-78.990505,36.010199
5838,,-78.989983,36.010068
5839,,-78.986617,36.012519
5840,,-79.003552,35.950607
5841,,-79.001959,35.947461
5842,,-79.001909,35.947925
5843,,-79.002585,35.949149
5844,,-79.00269,35.949294
5845,,-78.995449,35.957854
5846,,-78.994382,35.952824
5847,,-78.982864,35.95832
5848,,-78.994388,35.95299
5849,,-78.982955,35.9585
5850,,-78.987518,35.975256
5851,,-78.983182,35.94342
5852,,-78.980183,35.943029
5853,,-78.984618,35.940676
5854,,-78.979179,35.914663
5855,,-79.001891,35.944673
5856,,-78.995606,35.945438
5857,,-78.998352,35.933225
5858,,-78.999415,35.931382
5859,,-78.985362,35.935586
5860,,-78.989326,35.929784
5861,,-79.006252,35.932435
5862,,-78.988978,35.94421
5863,,-79.002131,35.945984
5864,,-79.002142,35.946791
5865,,-79.002494,35.944535
5866,,-79.005094,35.944233
5867,,-78.998576,35.94542
5868,,-79.002065,35.930452
5869,,-79.00493,35.931806
5870,,-78.999958,35.962005
5871,,-78.993119,35.944722
5872,,-78.994472,35.949748
5873,,-78.93517,35.979292
5874,,-78.920516,35.978731
5875,,-78.920308,35.983753
5876,,-78.940407,35.976934
5877,,-78.967188,35.944045
5878,,-78.996664,35.979489
5879,,-78.973504,36.033423
5880,,-78.968912,36.033623
5881,,-78.955713,36.019063
5882,,-78.964824,35.918127
5883,,-78.975167,35.959348
5884,,-78.964671,35.975468
5885,,-78.95569,36.019381
5886,,-78.97026,35.965057
5887,,-78.970468,35.965146
5888,,-78.961252,35.97234
5889,,-78.958082,35.98135
5890,,-78.957869,35.981632
5891,,-78.961222,35.971878
5892,,-78.941834,35.982149
5893,,-78.942454,35.977584
5894,,-78.968944,35.948403
5895,,-78.912295,35.982944
5896,,-78.917516,35.976793
5897,,-78.966154,35.998918
5898,,-78.973418,36.030564
5899,,-78.964655,36.026875
5900,,-78.982745,36.017659
5901,,-78.967551,36.0085
5902,,-78.974165,35.99471
5903,,-78.968313,35.989718
5904,,-78.969982,35.975554
5905,,-78.948798,35.979584
5906,,-78.972622,35.975551
5907,,-78.971599,35.952903
5908,,-78.970498,35.951263
5909,,-78.947154,36.038501
5910,,-78.957236,36.042698
5911,,-78.956492,36.04715
5912,,-78.970664,36.049111
5913,,-78.981292,36.035969
5914,,-78.960481,36.041702
5915,,-78.967662,36.045706
5916,,-78.909651,36.045812
5917,,-78.914424,36.04166
5918,,-78.917971,36.044911
5919,,-78.929408,36.046876
5920,,-78.929551,36.041259
5921,,-78.936076,36.046174
5922,,-78.979509,36.05097
5923,,-78.913065,35.904271
5924,,-78.926501,35.902528
5925,,-78.925797,35.908121
5926,,-78.932974,35.910278
5927,,-78.911368,35.90376
5928,,-78.922646,35.907172
5929,,-78.92002,35.904325
5930,,-78.923692,35.903105
5931,,-78.921311,35.894878
5932,,-78.91643,35.890296
5933,,-78.91485,35.875929
5934,,-78.946479,35.903485
5935,,-78.942065,35.895455
5936,,-78.959901,35.902998
5937,,-78.957189,35.887933
5938,,-78.958368,35.894263
5939,,-78.941305,35.897187
5940,,-78.958921,35.897203
5941,,-78.95823,35.893442
5942,,-78.948988,35.895346
5943,,-78.95965,35.901056
5944,,-78.95205,35.902982
5945,,-78.94946,35.874623
5946,,-78.937983,35.904798
5947,,-78.954517,35.881014
5948,,-78.935129,35.909885
5949,,-78.934679,35.910695
5950,,-78.944139,35.887301
5951,,-78.936565,35.874898
5952,,-78.94895,35.876246
5953,,-78.931608,35.884033
5954,,-78.931447,35.875746
5955,,-78.939208,35.908285
5956,,-78.936417,35.907615
5957,,-78.941076,35.907715
5958,,-78.927825,35.902431
5959,,-78.941725,35.896344
5960,,-78.915342,35.882413
5961,,-78.940094,35.900369
5962,,-78.983116,35.905561
5963,,-78.991648,35.90828
5964,,-78.990371,35.908945
5965,,-78.9903,35.908839
5966,,-78.98414,35.911667
5967,,-78.988463,35.887367
5968,,-78.979916,35.898314
5969,,-78.981411,35.891337
5970,,-79.009579,35.902233
5971,,-79.007334,35.901616
5972,,-79.009504,35.902423
5973,,-79.007274,35.901812
5974,,-79.000132,35.903702
5975,,-79.000058,35.903586
5976,,-79.006269,35.901651
5977,,-79.001827,35.892723
5978,,-78.993041,35.889215
5979,,-79.007913,35.8983
5980,,-78.992772,35.883094
5981,,-78.982879,35.888526
5982,,-78.968652,35.88365
5983,,-78.90636,35.989952
5984,,-78.90555,36.013947
5985,,-78.908942,36.107024
5986,,-78.904339,36.053755
5987,,-78.906213,35.983721
5988,,-78.905609,36.009908
5989,,-78.90189,36.009889
5990,,-78.90563,36.006984
5991,,-78.877943,35.913038
5992,,-78.905375,35.943497
5993,,-78.903863,35.947311
5994,,-78.878006,35.914602
5995,,-78.905803,36.049462
5996,,-78.905539,36.025559
5997,,-78.903471,36.025362
5998,,-78.905526,36.032024
5999,,-78.905636,36.033466
6000,,-78.898031,36.035516
6001,,-78.905897,36.036233
6002,,-78.905962,36.04024
6003,,-78.903345,36.040176
6004,,-78.890921,36.158191
6005,,-78.902774,35.994735
6006,,-78.906708,35.996973
6007,,-78.902166,36.012896
6008,,-78.905569,36.013013
6009,,-78.906338,36.0024
6010,,-78.904407,35.916063
6011,,-78.934039,35.911909
6012,,-78.90108,35.938388
6013,,-78.906923,35.939555
6014,,-78.983159,35.91233
6015,,-78.980698,35.914071
6016,,-78.906313,35.902695
6017,,-78.904068,35.902699
6018,,-78.90688,35.95537
6019,,-78.867066,35.913419
6020,,-78.868629,35.915253
6021,,-78.904769,35.980707
6022,,-78.905686,36.003542
6023,,-78.905582,36.011808
6024,,-78.905006,35.992092
6025,,-78.902756,35.97641
6026,,-78.991719,35.908402
6027,,-78.905842,36.043691
6028,,-78.894355,36.095222
6029,,-78.9057,36.093294
6030,,-78.906401,35.978754
6031,,-78.891544,35.915293
6032,,-78.892539,35.912116
6033,,-78.976927,35.915206
6034,,-78.888455,35.918914
6035,,-78.889052,35.91121
6036,,-79.006274,35.901844
6037,,-78.981565,35.913525
6038,,-78.984326,35.917009
6039,,-78.982167,35.913511
6040,,-78.905054,36.020516
6041,,-78.906006,36.020772
6042,,-78.907171,36.018735
6043,,-78.865101,35.911268
6044,,-78.904183,36.051097
6045,,-78.905387,36.051158
6046,,-78.905989,35.990989
6047,,-78.864387,35.910131
6048,,-78.866686,35.912959
6049,,-78.864895,35.912375
6050,,-78.905248,36.019053
6051,,-78.905257,36.018717
6052,,-78.915866,35.917334
6053,,-78.917225,35.905523
6054,,-78.943375,35.911685
6055,,-78.951262,35.916574
6056,,-78.907043,35.991715
6057,,-78.905254,35.990938
6058,,-78.902818,36.005501
6059,,-78.905643,36.005518
6060,,-78.90349,35.976398
6061,,-78.906839,35.976802
6062,,-78.904609,35.966681
6063,,-78.910478,35.959984
6064,,-78.905346,35.952654
6065,,-78.903778,35.949512
6066,,-78.85081,35.911896
6067,,-78.850003,35.915079
6068,,-78.906547,35.998398
6069,,-78.905282,35.99765
6070,,-78.904022,35.998137
6071,,-78.907655,36.000275
6072,,-78.90291,36.016832
6073,,-78.905446,36.016901
6074,,-78.901469,36.121239
6075,,-78.979799,35.910378
6076,,-78.983255,35.912419
6077,,-78.984111,35.916009
6078,,-78.899333,35.907192
6079,,-78.93205,35.909175
6080,,-78.960148,35.905177
6081,,-78.96111,35.914405
6082,,-78.984227,35.911798
6083,,-78.988363,35.920477
6084,,-78.903981,35.987905
6085,,-78.90645,35.9874
6086,,-78.904216,35.885443
6087,,-78.90568,35.884915
6088,,-78.904181,35.996966
6089,,-78.903227,35.995575
6090,,-78.905355,35.996969
6091,,-78.980642,35.913982
6092,,-78.979703,35.910569
6093,,-78.931399,35.909439
6094,,-78.899599,35.907412
6095,,-78.919417,36.123542
6096,,-78.905048,36.145456
6097,,-78.907101,36.078034
6098,,-78.891487,36.082407
6099,,-78.903316,36.117183
6100,,-78.907958,36.109276
6101,,-78.904134,36.062813
6102,,-78.907196,36.06786
6103,,-78.915019,35.878657
6104,,-78.964332,35.918248
6105,,-78.910293,35.929872
6106,,-78.862714,35.907978
6107,,-78.905539,36.026574
6108,,-78.90553,36.028861
6109,,-78.903367,36.028804
6110,,-78.905518,36.023966
6111,,-78.90432,35.989935
6112,,-78.906124,35.990574
6113,,-78.830972,36.179395
6114,,-78.946325,36.166501
6115,,-78.947627,36.203043
6116,,-78.803241,36.179066
6117,,-78.848433,36.190341
6118,,-78.879909,36.171355
6119,,-78.902229,36.191445
6120,,-78.905571,36.151147
6121,,-78.836549,36.178109
6122,,-78.85205,36.174898
6123,,-78.90423,36.176696
6124,,-78.932368,36.165814
6125,,-78.811948,36.172929
6126,,-78.807711,36.182561
6127,,-78.914771,35.867788
6128,,-78.91547,35.864664
6129,,-78.94369,35.866506
6130,,-78.944196,35.865194
6131,,-78.963632,35.803589
6132,,-78.965117,35.818612
6133,,-78.942556,35.794159
6134,,-79.02664,35.863145
6135,,-79.00696,35.863721
6136,,-79.017494,35.81962
6137,,-79.015357,35.80608
6138,,-79.017097,35.816833
6139,,-78.963538,35.838551
6140,,-78.954948,35.851736
6141,,-79.01878,35.852228
6142,,-79.026438,35.857496
6143,,-79.026201,35.845686
6144,,-78.980686,35.795462
6145,,-78.963837,35.790346
6146,,-78.932672,35.849302
6147,,-78.962664,35.758238
6148,,-79.000986,35.740662
6149,,-79.00681,35.763839
6150,,-79.005373,35.727179
6151,,-78.977151,35.736827
6152,,-79.006871,35.718879
6153,,-78.964488,35.764363
6154,,-78.983555,35.759978
6155,,-79.082541,35.859767
6156,,-79.072128,35.868559
6157,,-79.089265,35.832866
6158,,-79.086911,35.823653
6159,,-79.096323,35.796433
6160,,-79.069066,35.816527
6161,,-79.070973,35.833443
6162,,-79.121435,35.864145
6163,,-79.119174,35.865565
6164,,-79.150584,35.872926
6165,,-79.12973,35.792854
6166,,-79.148255,35.801025
6167,,-79.141109,35.831772
6168,,-79.157778,35.807717
6169,,-79.15257,35.817155
6170,,-79.125001,35.844068
6171,,-79.124917,35.850738
6172,,-79.089589,35.83484
6173,,-79.090777,35.846414
6174,,-79.111369,35.789218
6175,,-79.109001,35.846239
6176,,-79.086849,35.746292
6177,,-79.090261,35.762931
6178,,-79.070753,35.738813
6179,,-79.129788,35.722303
6180,,-79.128069,35.724261
6181,,-79.159206,35.765554
6182,,-79.154921,35.719387
6183,,-79.132645,35.723694
6184,,-79.134232,35.72002
6185,,-79.145152,35.718081
6186,,-79.126632,35.723512
6187,,-79.145213,35.77662
6188,,-79.070687,35.738653
6189,,-79.148324,35.718418
6190,,-79.125326,35.72348
6191,,-79.083597,35.736812
6192,,-79.120383,35.7256
6193,,-79.140825,35.717213
6194,,-79.100338,35.68345
6195,,-79.121073,35.714662
6196,,-79.027157,35.798596
6197,,-79.050506,35.766901
6198,,-78.962875,35.785683
6199,,-78.985373,35.776606
6200,,-78.955114,35.785339
6201,,-79.026917,35.842643
6202,,-79.016835,35.695295
6203,,-79.040898,35.664582
6204,,-79.131556,35.781711
6205,,-79.123896,35.784866
6206,,-79.094408,35.777172
6207,,-79.100203,35.793603
6208,,-79.044726,35.814211
6209,,-79.010063,35.789364
6210,,-79.002835,35.771047
6211,,-79.000269,35.736777
6212,,-78.962425,35.784502
6213,,-79.033591,35.82089
6214,,-79.05823,35.83321
6215,,-79.201154,35.865832
6216,,-79.200536,35.872199
6217,,-79.191395,35.896279
6218,,-79.208003,35.843325
6219,,-79.24047,35.895702
6220,,-79.238969,35.875573
6221,,-79.253496,35.844185
6222,,-79.230697,35.820256
6223,,-79.243219,35.81525
6224,,-79.210517,35.847928
6225,,-79.196392,35.84936
6226,,-79.177465,35.720141
6227,,-79.177145,35.720606
6228,,-79.177506,35.720324
6229,,-79.186856,35.722101
6230,,-79.208505,35.743579
6231,,-79.206205,35.742465
6232,,-79.21493,35.747749
6233,,-79.196808,35.734931
6234,,-79.187171,35.724436
6235,,-79.204168,35.745166
6236,,-79.204327,35.74542
6237,,-79.188292,35.708641
6238,,-79.178946,35.706064
6239,,-79.178738,35.692713
6240,,-79.178396,35.690825
6241,,-79.196867,35.706408
6242,,-79.216724,35.694408
6243,,-79.240886,35.728255
6244,,-79.226831,35.687459
6245,,-79.20957,35.740179
6246,,-79.209623,35.740606
6247,,-79.232439,35.678431
6248,,-79.178568,35.712149
6249,,-79.178857,35.717604
6250,,-79.186867,35.720673
6251,,-79.187127,35.716966
6252,,-79.211741,35.724144
6253,,-79.225328,35.814042
6254,,-79.206739,35.770582
6255,,-79.253512,35.813958
6256,,-79.232108,35.760947
6257,,-79.176778,35.720288
6258,,-79.1687,35.719985
6259,,-79.194261,35.851753
6260,,-79.157809,35.868024
6261,,-79.166492,35.758252
6262,,-79.169606,35.70076
6263,,-79.142062,35.675064
6264,,-79.176527,35.726924
6265,,-79.163297,35.817136
6266,,-78.949458,35.547553
6267,,-79.007888,35.641463
6268,,-79.004044,35.6409
6269,,-78.982093,35.572851
6270,,-79.024752,35.548883
6271,,-78.998721,35.56792
6272,,-79.00995,35.563084
6273,,-78.981862,35.576092
6274,,-78.971547,35.554358
6275,,-78.96622,35.549946
6276,,-78.985357,35.587362
6277,,-79.090921,35.617776
6278,,-79.051936,35.62712
6279,,-79.051156,35.615627
6280,,-79.06667,35.621001
6281,,-79.089787,35.627668
6282,,-79.051988,35.634486
6283,,-79.031251,35.623108
6284,,-79.048104,35.615231
6285,,-79.023122,35.564888
6286,,-79.04711,35.602614
6287,,-79.193002,35.611292
6288,,-79.179624,35.639873
6289,,-79.139164,35.666519
6290,,-79.244461,35.648893
6291,,-79.120349,35.650228
6292,,-79.239622,35.662167
6293,,-79.051973,35.634664
6294,,-79.046428,35.655163
6295,,-79.097678,35.664913
6296,,-79.117284,35.6481
6297,,-79.178159,35.64492
6298,,-79.178386,35.66761
6299,,-78.355672,35.9298
6300,,-78.303749,35.858588
6301,,-78.28567,35.8695
6302,,-78.281637,35.871179
6303,,-78.258284,35.818425
6304,,-78.2697,35.833489
6305,,-78.269245,35.825869
6306,,-78.268297,35.810198
6307,,-78.278937,35.804324
6308,,-78.289454,35.830199
6309,,-78.292415,35.829675
6310,,-78.309555,35.837788
6311,,-78.310161,35.824811
6312,,-78.312679,35.825159
6313,,-78.31345,35.829471
6314,,-78.311729,35.819912
6315,,-78.312629,35.821275
6316,,-78.313218,35.822167
6317,,-78.314171,35.823619
6318,,-78.313501,35.822597
6319,,-78.309909,35.825918
6320,,-78.309519,35.823788
6321,,-78.30292,35.835964
6322,,-78.314443,35.836916
6323,,-78.306625,35.834401
6324,,-78.299557,35.834251
6325,,-78.294914,35.832603
6326,,-78.306821,35.824609
6327,,-78.305967,35.826821
6328,,-78.299261,35.833924
6329,,-78.295713,35.832682
6330,,-78.298281,35.793477
6331,,-78.304115,35.80848
6332,,-78.28893,35.817824
6333,,-78.28733,35.827389
6334,,-78.268821,35.818402
6335,,-78.268856,35.819428
6336,,-78.282392,35.831416
6337,,-78.281066,35.831651
6338,,-78.310311,35.817769
6339,,-78.30706,35.812858
6340,,-78.28654,35.82723
6341,,-78.337246,35.853401
6342,,-78.352362,35.88489
6343,,-78.367223,35.893873
6344,,-78.352447,35.871079
6345,,-78.360367,35.876269
6346,,-78.367294,35.881714
6347,,-78.351055,35.895558
6348,,-78.352874,35.873133
6349,,-78.351782,35.87033
6350,,-78.323226,35.841899
6351,,-78.320727,35.833599
6352,,-78.322401,35.836074
6353,,-78.324702,35.838637
6354,,-78.326127,35.840112
6355,,-78.320995,35.830131
6356,,-78.318942,35.822408
6357,,-78.317927,35.820725
6358,,-78.321123,35.825719
6359,,-78.323238,35.82086
6360,,-78.323335,35.829098
6361,,-78.320012,35.83249
6362,,-78.319016,35.830969
6363,,-78.332789,35.837856
6364,,-78.328106,35.842266
6365,,-78.327318,35.820303
6366,,-78.333478,35.809844
6367,,-78.375352,35.821308
6368,,-78.374957,35.823851
6369,,-78.374677,35.825713
6370,,-78.362887,35.819357
6371,,-78.374608,35.832739
6372,,-78.353778,35.78938
6373,,-78.369233,35.784286
6374,,-78.376337,35.792648
6375,,-78.37563,35.787983
6376,,-78.374351,35.78633
6377,,-78.374328,35.787696
6378,,-78.377324,35.790204
6379,,-78.374355,35.790094
6380,,-78.374438,35.792549
6381,,-78.370893,35.784497
6382,,-78.37333,35.785163
6383,,-78.376163,35.798135
6384,,-78.366099,35.817747
6385,,-78.3373,35.821978
6386,,-78.348894,35.822014
6387,,-78.325875,35.83451
6388,,-78.369968,35.825577
6389,,-78.321902,35.813899
6390,,-78.352055,35.791246
6391,,-78.328848,35.815927
6392,,-78.373958,35.810978
6393,,-78.374937,35.816642
6394,,-78.355833,35.839592
6395,,-78.369992,35.825831
6396,,-78.327868,35.834849
6397,,-78.326107,35.842759
6398,,-78.312771,35.889229
6399,,-78.316386,35.81787
6400,,-78.314114,35.818867
6401,,-78.270431,35.850805
6402,,-78.272226,35.847198
6403,,-78.316566,35.823447
6404,,-78.313727,35.831579
6405,,-78.315982,35.831332
6406,,-78.317097,35.867387
6407,,-78.314788,35.838578
6408,,-78.319787,35.840863
6409,,-78.307914,35.833939
6410,,-78.315905,35.83407
6411,,-78.300493,35.837613
6412,,-78.318706,35.853063
6413,,-78.35632,35.862379
6414,,-78.31388,35.810847
6415,,-78.33292,35.848937
6416,,-78.329302,35.843735
6417,,-78.316808,35.827619
6418,,-78.314611,35.824295
6419,,-78.321967,35.834586
6420,,-78.313427,35.83422
6421,,-78.31935,35.795236
6422,,-78.31577,35.816927
6423,,-78.311988,35.850201
6424,,-78.344028,35.841851
6425,,-78.344127,35.780464
6426,,-78.334234,35.780534
6427,,-78.361895,35.777299
6428,,-78.359739,35.78056
6429,,-78.368666,35.780955
6430,,-78.371098,35.779181
6431,,-78.37553,35.779528
6432,,-78.371034,35.781111
6433,,-78.374574,35.781363
6434,,-78.366404,35.777502
6435,,-78.362295,35.780526
6436,,-78.366357,35.780794
6437,,-78.366171,35.763662
6438,,-78.348094,35.780743
6439,,-78.353636,35.781763
6440,,-78.360891,35.773976
6441,,-78.360216,35.783268
6442,,-78.355262,35.782524
6443,,-78.37094,35.783507
6444,,-78.371017,35.781614
6445,,-78.373928,35.783333
6446,,-78.366292,35.78263
6447,,-78.366285,35.783845
6448,,-78.362391,35.782549
6449,,-78.36238,35.783544
6450,,-78.329208,35.780885
6451,,-78.412256,35.957825
6452,,-78.403222,35.937767
6453,,-78.401698,35.929208
6454,,-78.399682,35.922515
6455,,-78.421673,35.950184
6456,,-78.437252,35.966315
6457,,-78.430267,35.956269
6458,,-78.434987,35.963005
6459,,-78.408043,35.947288
6460,,-78.403795,35.941432
6461,,-78.419292,35.965417
6462,,-78.422498,35.948482
6463,,-78.415846,35.925266
6464,,-78.401655,35.92424
6465,,-78.425306,35.94266
6466,,-78.413233,35.957298
6467,,-78.417439,35.955041
6468,,-78.463086,35.982535
6469,,-78.500618,35.982576
6470,,-78.508212,35.982263
6471,,-78.506938,35.986675
6472,,-78.505353,35.989074
6473,,-78.504778,35.989932
6474,,-78.501882,35.983105
6475,,-78.504765,35.984184
6476,,-78.506053,35.984702
6477,,-78.499031,35.988699
6478,,-78.493415,36.002803
6479,,-78.508662,35.990819
6480,,-78.497439,35.982586
6481,,-78.488581,35.997477
6482,,-78.496702,35.998711
6483,,-78.462814,35.964097
6484,,-78.459639,35.921669
6485,,-78.457412,35.923281
6486,,-78.46561,35.919879
6487,,-78.457486,35.930827
6488,,-78.457508,35.926814
6489,,-78.468906,35.916373
6490,,-78.510658,35.975449
6491,,-78.503704,35.976853
6492,,-78.501312,35.975992
6493,,-78.497864,35.974162
6494,,-78.493997,35.971995
6495,,-78.475991,35.967609
6496,,-78.456153,35.94113
6497,,-78.473074,35.95289
6498,,-78.478942,35.93237
6499,,-78.502841,35.944633
6500,,-78.469396,35.98234
6501,,-78.44213,35.974332
6502,,-78.448155,35.983952
6503,,-78.510067,35.979515
6504,,-78.50087,35.9777
6505,,-78.441522,35.962021
6506,,-78.453316,35.960946
6507,,-78.441061,35.932824
6508,,-78.448373,35.929454
6509,,-78.50051,35.979512
6510,,-78.509344,35.979315
6511,,-78.518084,36.011669
6512,,-78.518303,36.011752
6513,,-78.523004,36.005502
6514,,-78.523747,35.999512
6515,,-78.522502,36.002325
6516,,-78.523538,35.999443
6517,,-78.521351,36.004914
6518,,-78.521157,36.004796
6519,,-78.517142,35.983705
6520,,-78.513811,35.982645
6521,,-78.533976,35.992712
6522,,-78.526804,35.994118
6523,,-78.521669,35.986877
6524,,-78.525898,35.990006
6525,,-78.527808,35.992608
6526,,-78.530191,35.990375
6527,,-78.528,35.992708
6528,,-78.530385,35.990504
6529,,-78.527225,36.006866
6530,,-78.535666,36.0084
6531,,-78.526598,35.994019
6532,,-78.553869,36.02438
6533,,-78.554314,35.996153
6534,,-78.542922,36.011826
6535,,-78.55933,36.012428
6536,,-78.544083,35.99899
6537,,-78.553067,36.003394
6538,,-78.56502,36.013832
6539,,-78.555474,36.019613
6540,,-78.555032,36.011972
6541,,-78.51408,35.974469
6542,,-78.513646,35.97506
6543,,-78.51621,35.970205
6544,,-78.515327,35.972738
6545,,-78.518387,35.961258
6546,,-78.52698,35.953583
6547,,-78.522135,35.920015
6548,,-78.541959,35.937429
6549,,-78.526741,35.927551
6550,,-78.529862,35.933284
6551,,-78.552666,35.973921
6552,,-78.558633,35.970451
6553,,-78.569285,35.9767
6554,,-78.564566,35.958395
6555,,-78.559441,35.942769
6556,,-78.541355,35.956217
6557,,-78.560442,35.943883
6558,,-78.541119,35.956275
6559,,-78.539156,35.945853
6560,,-78.544508,35.97743
6561,,-78.551754,35.9748
6562,,-78.546632,35.918563
6563,,-78.533746,35.948494
6564,,-78.54325,35.930807
6565,,-78.531773,35.942544
6566,,-78.5311,35.94973
6567,,-78.53938,35.945847
6568,,-78.546247,35.94572
6569,,-78.604807,35.99983
6570,,-78.611638,35.981524
6571,,-78.61915,36.016695
6572,,-78.599567,36.014718
6573,,-78.600001,35.91911
6574,,-78.579934,35.940601
6575,,-78.62911,35.952008
6576,,-78.616055,35.936326
6577,,-78.633584,35.928273
6578,,-78.626092,35.933122
6579,,-78.610649,35.939241
6580,,-78.640803,35.945748
6581,,-78.609906,35.94421
6582,,-78.621782,35.956641
6583,,-78.637515,35.947728
6584,,-78.621953,35.980474
6585,,-78.521498,35.978287
6586,,-78.540191,35.975557
6587,,-78.522033,35.978147
6588,,-78.530858,35.979647
6589,,-78.538323,35.97928
6590,,-78.571176,35.950406
6591,,-78.597265,36.012731
6592,,-78.575081,36.016041
6593,,-78.577423,35.977668
6594,,-78.56074,35.975735
6595,,-78.561437,35.984997
6596,,-78.534692,35.979789
6597,,-78.538926,35.981792
6598,,-78.540603,35.978697
6599,,-78.538548,35.982131
6600,,-78.540066,35.97495
6601,,-78.606239,35.981051
6602,,-78.509141,35.983346
6603,,-78.502064,35.974056
6604,,-78.627354,36.051713
6605,,-78.512876,35.982429
6606,,-78.51045,35.981372
6607,,-78.512929,35.97172
6608,,-78.505448,35.946243
6609,,-78.514429,35.980061
6610,,-78.512035,35.978929
6611,,-78.504259,35.925562
6612,,-78.518082,35.962899
6613,,-78.512808,35.976252
6614,,-78.513669,35.98121
6615,,-78.511911,35.996177
6616,,-78.516931,35.99957
6617,,-78.403102,35.904064
6618,,-78.434301,35.895172
6619,,-78.445218,35.898452
6620,,-78.400629,35.905401
6621,,-78.42077,35.883905
6622,,-78.407279,35.900511
6623,,-78.401162,35.866841
6624,,-78.414268,35.883212
6625,,-78.399082,35.882381
6626,,-78.393421,35.801241
6627,,-78.398425,35.802206
6628,,-78.393582,35.806676
6629,,-78.399651,35.803139
6630,,-78.44481,35.8345
6631,,-78.423642,35.803607
6632,,-78.423456,35.808267
6633,,-78.42179,35.806227
6634,,-78.422895,35.807606
6635,,-78.423608,35.803791
6636,,-78.429404,35.804071
6637,,-78.428183,35.804236
6638,,-78.442008,35.804195
6639,,-78.419432,35.803168
6640,,-78.413075,35.803094
6641,,-78.41926,35.802958
6642,,-78.413056,35.802925
6643,,-78.418688,35.808352
6644,,-78.39975,35.808628
6645,,-78.43261,35.819551
6646,,-78.417816,35.809045
6647,,-78.415178,35.801294
6648,,-78.450158,35.870929
6649,,-78.462695,35.877759
6650,,-78.464284,35.862019
6651,,-78.506031,35.882039
6652,,-78.496933,35.89063
6653,,-78.491031,35.902066
6654,,-78.499512,35.898782
6655,,-78.496444,35.868816
6656,,-78.472925,35.861347
6657,,-78.501129,35.8756
6658,,-78.502369,35.881041
6659,,-78.477322,35.870349
6660,,-78.481832,35.86137
6661,,-78.490225,35.878909
6662,,-78.475012,35.879684
6663,,-78.479085,35.888945
6664,,-78.472753,35.834673
6665,,-78.449773,35.831907
6666,,-78.457376,35.830442
6667,,-78.473283,35.805009
6668,,-78.475319,35.797058
6669,,-78.47772,35.789722
6670,,-78.477902,35.792465
6671,,-78.475002,35.789663
6672,,-78.466385,35.790921
6673,,-78.463757,35.806241
6674,,-78.463685,35.806061
6675,,-78.455562,35.795915
6676,,-78.501239,35.839674
6677,,-78.501519,35.835218
6678,,-78.503104,35.829818
6679,,-78.489516,35.829173
6680,,-78.486471,35.79447
6681,,-78.482669,35.788949
6682,,-78.48231,35.787913
6683,,-78.492071,35.798359
6684,,-78.487057,35.795776
6685,,-78.487454,35.798227
6686,,-78.483777,35.790193
6687,,-78.485939,35.7926
6688,,-78.501282,35.797761
6689,,-78.495231,35.798602
6690,,-78.492056,35.79854
6691,,-78.495322,35.799051
6692,,-78.501348,35.797947
6693,,-78.486249,35.803102
6694,,-78.487415,35.798416
6695,,-78.474767,35.798968
6696,,-78.482518,35.798503
6697,,-78.470469,35.822181
6698,,-78.474735,35.799162
6699,,-78.482534,35.798694
6700,,-78.469455,35.81272
6701,,-78.465978,35.823275
6702,,-78.478908,35.836574
6703,,-78.488129,35.809558
6704,,-78.478975,35.789962
6705,,-78.480529,35.787997
6706,,-78.478981,35.806142
6707,,-78.484519,35.808877
6708,,-78.478624,35.790598
6709,,-78.418713,35.858218
6710,,-78.467587,35.847789
6711,,-78.482351,35.861347
6712,,-78.447271,35.910083
6713,,-78.491853,35.836471
6714,,-78.489068,35.849333
6715,,-78.452603,35.806643
6716,,-78.452505,35.80682
6717,,-78.444767,35.854645
6718,,-78.446921,35.84405
6719,,-78.501016,35.847577
6720,,-78.495781,35.857727
6721,,-78.451763,35.820159
6722,,-78.447128,35.840371
6723,,-78.446591,35.836887
6724,,-78.444036,35.865141
6725,,-78.448601,35.86815
6726,,-78.446426,35.89049
6727,,-78.429018,35.89253
6728,,-78.449704,35.878741
6729,,-78.404845,35.839046
6730,,-78.40346,35.85341
6731,,-78.431453,35.861811
6732,,-78.44771,35.834582
6733,,-78.421279,35.762316
6734,,-78.406387,35.737554
6735,,-78.429395,35.752152
6736,,-78.400019,35.774621
6737,,-78.414447,35.763255
6738,,-78.390759,35.753376
6739,,-78.469823,35.772101
6740,,-78.484499,35.75954
6741,,-78.488673,35.772935
6742,,-78.49733,35.778151
6743,,-78.496829,35.75889
6744,,-78.502369,35.753294
6745,,-78.484205,35.742205
6746,,-78.486945,35.743804
6747,,-78.493133,35.738638
6748,,-78.479674,35.740192
6749,,-78.46696,35.738747
6750,,-78.456664,35.74777
6751,,-78.483179,35.746685
6752,,-78.482757,35.750891
6753,,-78.490738,35.746593
6754,,-78.495222,35.752016
6755,,-78.478183,35.778273
6756,,-78.480294,35.696343
6757,,-78.480605,35.698745
6758,,-78.479374,35.700598
6759,,-78.462267,35.775904
6760,,-78.4367,35.747771
6761,,-78.461791,35.738675
6762,,-78.444644,35.737816
6763,,-78.459907,35.731507
6764,,-78.469645,35.714533
6765,,-78.445383,35.740651
6766,,-78.447021,35.746918
6767,,-78.450432,35.758402
6768,,-78.503972,35.70249
6769,,-78.525911,35.886025
6770,,-78.523974,35.897622
6771,,-78.56503,35.895425
6772,,-78.559468,35.89317
6773,,-78.555683,35.871182
6774,,-78.555051,35.855854
6775,,-78.563682,35.86735
6776,,-78.576649,35.849721
6777,,-78.562114,35.867688
6778,,-78.55816,35.870493
6779,,-78.550365,35.860186
6780,,-78.566784,35.85606
6781,,-78.560611,35.856014
6782,,-78.540312,35.875986
6783,,-78.545417,35.868396
6784,,-78.552433,35.884442
6785,,-78.545676,35.878955
6786,,-78.546967,35.864888
6787,,-78.568101,35.885099
6788,,-78.516304,35.83762
6789,,-78.515334,35.833039
6790,,-78.518648,35.795457
6791,,-78.521865,35.791285
6792,,-78.518763,35.795272
6793,,-78.528368,35.796452
6794,,-78.534282,35.795963
6795,,-78.523806,35.788245
6796,,-78.52837,35.796269
6797,,-78.5342,35.795793
6798,,-78.534467,35.80127
6799,,-78.572385,35.843441
6800,,-78.571877,35.839602
6801,,-78.573625,35.842878
6802,,-78.569139,35.821884
6803,,-78.569241,35.825601
6804,,-78.569139,35.832896
6805,,-78.563535,35.831495
6806,,-78.555526,35.834033
6807,,-78.56904,35.811183
6808,,-78.577399,35.810739
6809,,-78.570523,35.798918
6810,,-78.556549,35.797953
6811,,-78.562803,35.798633
6812,,-78.564637,35.807251
6813,,-78.556571,35.797734
6814,,-78.562845,35.798443
6815,,-78.575133,35.819946
6816,,-78.555492,35.829617
6817,,-78.521427,35.819021
6818,,-78.555199,35.820288
6819,,-78.567461,35.816352
6820,,-78.565798,35.811355
6821,,-78.543684,35.791963
6822,,-78.546309,35.834601
6823,,-78.54153,35.84181
6824,,-78.543778,35.792141
6825,,-78.583753,35.903365
6826,,-78.608723,35.898939
6827,,-78.605705,35.901302
6828,,-78.602185,35.905922
6829,,-78.601816,35.901788
6830,,-78.603714,35.903075
6831,,-78.597465,35.885479
6832,,-78.60059,35.886039
6833,,-78.59042,35.899013
6834,,-78.590881,35.905296
6835,,-78.595555,35.90697
6836,,-78.599124,35.897039
6837,,-78.594249,35.884765
6838,,-78.586315,35.852058
6839,,-78.58447,35.855086
6840,,-78.586049,35.855097
6841,,-78.581068,35.855114
6842,,-78.597027,35.870928
6843,,-78.597173,35.877073
6844,,-78.599039,35.862411
6845,,-78.601215,35.859654
6846,,-78.599371,35.85335
6847,,-78.602842,35.853813
6848,,-78.603199,35.863673
6849,,-78.600426,35.861248
6850,,-78.604455,35.864398
6851,,-78.594218,35.857496
6852,,-78.591682,35.855561
6853,,-78.593598,35.864758
6854,,-78.598407,35.863389
6855,,-78.621382,35.894235
6856,,-78.612799,35.895913
6857,,-78.627374,35.890872
6858,,-78.639179,35.891153
6859,,-78.627493,35.889048
6860,,-78.62942,35.894018
6861,,-78.63866,35.894786
6862,,-78.628607,35.900304
6863,,-78.628496,35.900541
6864,,-78.627231,35.89146
6865,,-78.622582,35.8939
6866,,-78.627558,35.887153
6867,,-78.621339,35.876429
6868,,-78.623241,35.875279
6869,,-78.622449,35.86707
6870,,-78.621299,35.869879
6871,,-78.620823,35.868163
6872,,-78.622926,35.874514
6873,,-78.618966,35.868646
6874,,-78.622278,35.872924
6875,,-78.614476,35.852257
6876,,-78.614452,35.850574
6877,,-78.622041,35.86107
6878,,-78.619222,35.86143
6879,,-78.617402,35.859262
6880,,-78.615664,35.856246
6881,,-78.617224,35.850727
6882,,-78.639963,35.878568
6883,,-78.639345,35.868868
6884,,-78.638105,35.878858
6885,,-78.630406,35.860894
6886,,-78.63831,35.861033
6887,,-78.637709,35.855001
6888,,-78.636836,35.861576
6889,,-78.626829,35.870531
6890,,-78.623854,35.861082
6891,,-78.62424,35.877627
6892,,-78.627403,35.86214
6893,,-78.621882,35.851051
6894,,-78.627096,35.851602
6895,,-78.630783,35.879699
6896,,-78.632762,35.868005
6897,,-78.635523,35.863788
6898,,-78.620087,35.864278
6899,,-78.620448,35.865604
6900,,-78.623656,35.865905
6901,,-78.601783,35.892002
6902,,-78.597821,35.881661
6903,,-78.602586,35.890195
6904,,-78.611334,35.896562
6905,,-78.611243,35.896632
6906,,-78.610045,35.898146
6907,,-78.615526,35.899896
6908,,-78.608592,35.899038
6909,,-78.610346,35.897857
6910,,-78.615547,35.899637
6911,,-78.600658,35.908068
6912,,-78.625822,35.881201
6913,,-78.625095,35.879553
6914,,-78.602973,35.87779
6915,,-78.611401,35.850212
6916,,-78.613752,35.880724
6917,,-78.610929,35.868208
6918,,-78.609567,35.867382
6919,,-78.580121,35.846233
6920,,-78.582476,35.83508
6921,,-78.589012,35.843527
6922,,-78.589583,35.842795
6923,,-78.586307,35.836704
6924,,-78.590909,35.835382
6925,,-78.580343,35.838491
6926,,-78.584267,35.835936
6927,,-78.591324,35.827359
6928,,-78.591799,35.8208
6929,,-78.587368,35.824213
6930,,-78.606248,35.834856
6931,,-78.600328,35.834895
6932,,-78.601693,35.837558
6933,,-78.599911,35.816895
6934,,-78.600318,35.826003
6935,,-78.598594,35.823864
6936,,-78.601621,35.816381
6937,,-78.602369,35.815963
6938,,-78.600782,35.816765
6939,,-78.608735,35.823254
6940,,-78.584073,35.832525
6941,,-78.604646,35.827093
6942,,-78.602233,35.83465
6943,,-78.599125,35.835049
6944,,-78.601337,35.827965
6945,,-78.596711,35.835409
6946,,-78.593104,35.835621
6947,,-78.580238,35.796091
6948,,-78.583801,35.793596
6949,,-78.5835,35.794012
6950,,-78.584888,35.792879
6951,,-78.58434,35.793479
6952,,-78.580361,35.795754
6953,,-78.583416,35.793158
6954,,-78.582323,35.794126
6955,,-78.582058,35.795794
6956,,-78.582889,35.794702
6957,,-78.581333,35.795351
6958,,-78.582441,35.794662
6959,,-78.582925,35.794153
6960,,-78.581567,35.795003
6961,,-78.590731,35.78486
6962,,-78.589246,35.785968
6963,,-78.589421,35.786097
6964,,-78.585288,35.792512
6965,,-78.587724,35.787823
6966,,-78.584083,35.784992
6967,,-78.585431,35.786045
6968,,-78.587099,35.787346
6969,,-78.587913,35.78791
6970,,-78.585922,35.791982
6971,,-78.585472,35.792631
6972,,-78.604752,35.814517
6973,,-78.604787,35.81418
6974,,-78.605408,35.814206
6975,,-78.598336,35.806215
6976,,-78.603312,35.81234
6977,,-78.599099,35.807846
6978,,-78.599263,35.807712
6979,,-78.603524,35.81226
6980,,-78.603357,35.79201
6981,,-78.602672,35.789306
6982,,-78.601119,35.791514
6983,,-78.598025,35.787719
6984,,-78.587978,35.797722
6985,,-78.597482,35.811866
6986,,-78.595524,35.805756
6987,,-78.597003,35.804689
6988,,-78.59378,35.802795
6989,,-78.585961,35.796879
6990,,-78.586106,35.796733
6991,,-78.59392,35.802643
6992,,-78.616245,35.8339
6993,,-78.621586,35.836596
6994,,-78.620341,35.827356
6995,,-78.621124,35.825882
6996,,-78.624017,35.81973
6997,,-78.619392,35.829281
6998,,-78.619983,35.818413
6999,,-78.623339,35.821171
7000,,-78.621604,35.824854
7001,,-78.622413,35.823147
7002,,-78.637792,35.833526
7003,,-78.640171,35.836334
7004,,-78.640038,35.83488
7005,,-78.639986,35.836111
7006,,-78.639347,35.835397
7007,,-78.637846,35.833609
7008,,-78.640799,35.837052
7009,,-78.637978,35.834449
7010,,-78.64161,35.838221
7011,,-78.632288,35.823303
7012,,-78.62439,35.841653
7013,,-78.629988,35.842785
7014,,-78.62485,35.818075
7015,,-78.635382,35.834318
7016,,-78.624663,35.826901
7017,,-78.618739,35.830512
7018,,-78.637379,35.83292
7019,,-78.631289,35.838449
7020,,-78.62541,35.835925
7021,,-78.624291,35.826508
7022,,-78.634538,35.834032
7023,,-78.613588,35.832289
7024,,-78.626283,35.820526
7025,,-78.614139,35.812653
7026,,-78.612962,35.805754
7027,,-78.623168,35.807867
7028,,-78.61755,35.804603
7029,,-78.615765,35.807085
7030,,-78.614445,35.80893
7031,,-78.621087,35.807249
7032,,-78.621601,35.80166
7033,,-78.618187,35.803875
7034,,-78.619694,35.810107
7035,,-78.62125,35.813873
7036,,-78.612513,35.794766
7037,,-78.624193,35.79646
7038,,-78.61672,35.792507
7039,,-78.613468,35.788627
7040,,-78.617465,35.784125
7041,,-78.617988,35.792603
7042,,-78.619703,35.784188
7043,,-78.638486,35.806777
7044,,-78.636199,35.807641
7045,,-78.632004,35.793257
7046,,-78.6343,35.789989
7047,,-78.634397,35.788112
7048,,-78.632939,35.78468
7049,,-78.634573,35.784693
7050,,-78.631836,35.788024
7051,,-78.632013,35.784669
7052,,-78.630378,35.784649
7053,,-78.640923,35.794681
7054,,-78.637844,35.78517
7055,,-78.637925,35.783835
7056,,-78.639903,35.783987
7057,,-78.637797,35.786053
7058,,-78.639759,35.786541
7059,,-78.638631,35.788057
7060,,-78.640914,35.788179
7061,,-78.634889,35.791242
7062,,-78.636268,35.783785
7063,,-78.634627,35.783734
7064,,-78.62881,35.793147
7065,,-78.634419,35.787688
7066,,-78.633359,35.791353
7067,,-78.636024,35.787838
7068,,-78.629865,35.796842
7069,,-78.626416,35.812348
7070,,-78.636211,35.799481
7071,,-78.6266,35.813187
7072,,-78.624879,35.793013
7073,,-78.627953,35.802009
7074,,-78.624909,35.805451
7075,,-78.628788,35.807049
7076,,-78.624773,35.807581
7077,,-78.626045,35.799247
7078,,-78.629626,35.784639
7079,,-78.622114,35.784477
7080,,-78.625944,35.79019
7081,,-78.628517,35.787915
7082,,-78.624162,35.79765
7083,,-78.625057,35.799822
7084,,-78.627637,35.793108
7085,,-78.611156,35.795777
7086,,-78.61195,35.839335
7087,,-78.61354,35.785816
7088,,-78.609229,35.833718
7089,,-78.61101,35.833211
7090,,-78.610057,35.822109
7091,,-78.616347,35.817026
7092,,-78.613517,35.787908
7093,,-78.60943,35.788847
7094,,-78.603054,35.815611
7095,,-78.605297,35.814945
7096,,-78.605528,35.815113
7097,,-78.605985,35.814791
7098,,-78.607538,35.815622
7099,,-78.610663,35.796784
7100,,-78.613092,35.792928
7101,,-78.609327,35.792623
7102,,-78.606693,35.813541
7103,,-78.602191,35.809652
7104,,-78.618507,35.824045
7105,,-78.618263,35.813161
7106,,-78.618836,35.824404
7107,,-78.607164,35.817218
7108,,-78.609513,35.835715
7109,,-78.613278,35.83712
7110,,-78.609094,35.844992
7111,,-78.611776,35.841072
7112,,-78.603573,35.815069
7113,,-78.593962,35.812058
7114,,-78.595914,35.81891
7115,,-78.626221,35.8153
7116,,-78.608147,35.803324
7117,,-78.605759,35.815161
7118,,-78.607727,35.817636
7119,,-78.610966,35.811303
7120,,-78.608884,35.812627
7121,,-78.611998,35.810858
7122,,-78.600631,35.816541
7123,,-78.571531,35.86333
7124,,-78.582136,35.86643
7125,,-78.586512,35.849451
7126,,-78.587209,35.845701
7127,,-78.597532,35.848273
7128,,-78.584877,35.81885
7129,,-78.574213,35.881741
7130,,-78.580482,35.870862
7131,,-78.572573,35.867974
7132,,-78.585049,35.877078
7133,,-78.583107,35.87678
7134,,-78.572916,35.879913
7135,,-78.575636,35.855598
7136,,-78.575978,35.841826
7137,,-78.579946,35.844503
7138,,-78.527313,35.847672
7139,,-78.583564,35.849668
7140,,-78.614812,35.846304
7141,,-78.581582,35.859721
7142,,-78.591406,35.848104
7143,,-78.580246,35.833052
7144,,-78.570555,35.799144
7145,,-78.577775,35.797513
7146,,-78.528209,35.847849
7147,,-78.535204,35.84718
7148,,-78.577682,35.801659
7149,,-78.577435,35.806029
7150,,-78.585199,35.88453
7151,,-78.57466,35.883219
7152,,-78.575031,35.848448
7153,,-78.578706,35.900903
7154,,-78.573849,35.8984
7155,,-78.608197,35.846419
7156,,-78.605879,35.850107
7157,,-78.601585,35.849042
7158,,-78.579787,35.818057
7159,,-78.588141,35.811628
7160,,-78.579114,35.81426
7161,,-78.57667,35.841509
7162,,-78.57986,35.839775
7163,,-78.577408,35.849935
7164,,-78.580493,35.84987
7165,,-78.563089,35.848423
7166,,-78.569305,35.844824
7167,,-78.569242,35.831196
7168,,-78.62101,35.850936
7169,,-78.623505,35.845959
7170,,-78.577795,35.830626
7171,,-78.577669,35.797297
7172,,-78.527623,35.754495
7173,,-78.518654,35.764169
7174,,-78.573059,35.767906
7175,,-78.566208,35.768446
7176,,-78.55913,35.765334
7177,,-78.549607,35.725795
7178,,-78.57435,35.734642
7179,,-78.561733,35.73432
7180,,-78.51803,35.754353
7181,,-78.556143,35.730031
7182,,-78.536741,35.754873
7183,,-78.542001,35.741075
7184,,-78.5519,35.760455
7185,,-78.532268,35.688165
7186,,-78.53378,35.703319
7187,,-78.553898,35.707041
7188,,-78.571321,35.688354
7189,,-78.573753,35.69288
7190,,-78.56348,35.691922
7191,,-78.557095,35.707708
7192,,-78.559471,35.701908
7193,,-78.56099,35.69756
7194,,-78.571924,35.701186
7195,,-78.56047,35.691092
7196,,-78.55531,35.663635
7197,,-78.529837,35.680381
7198,,-78.529925,35.68025
7199,,-78.550234,35.687735
7200,,-78.540495,35.684554
7201,,-78.560705,35.690997
7202,,-78.52269,35.679877
7203,,-78.550243,35.687561
7204,,-78.540551,35.68443
7205,,-78.542921,35.697682
7206,,-78.527014,35.685792
7207,,-78.523348,35.682336
7208,,-78.548353,35.705778
7209,,-78.538275,35.707746
7210,,-78.550083,35.692462
7211,,-78.587251,35.77243
7212,,-78.582237,35.764181
7213,,-78.604648,35.779704
7214,,-78.60712,35.770996
7215,,-78.602631,35.779981
7216,,-78.60261,35.779791
7217,,-78.606003,35.774771
7218,,-78.599952,35.772497
7219,,-78.596421,35.771869
7220,,-78.591757,35.776789
7221,,-78.579107,35.768229
7222,,-78.600702,35.772252
7223,,-78.594542,35.771491
7224,,-78.592851,35.771887
7225,,-78.582691,35.766116
7226,,-78.583272,35.771051
7227,,-78.591179,35.772543
7228,,-78.586127,35.746392
7229,,-78.585425,35.721724
7230,,-78.582984,35.723663
7231,,-78.601625,35.720034
7232,,-78.586021,35.72793
7233,,-78.585623,35.728002
7234,,-78.602904,35.733388
7235,,-78.600717,35.747258
7236,,-78.620069,35.779779
7237,,-78.62227,35.779845
7238,,-78.623625,35.779914
7239,,-78.622889,35.78059
7240,,-78.622244,35.780534
7241,,-78.624455,35.772563
7242,,-78.621111,35.77133
7243,,-78.622054,35.775172
7244,,-78.621508,35.772516
7245,,-78.619193,35.779768
7246,,-78.613476,35.774375
7247,,-78.6137,35.760762
7248,,-78.622207,35.751096
7249,,-78.62286,35.75609
7250,,-78.620103,35.75086
7251,,-78.6131,35.758791
7252,,-78.612427,35.756604
7253,,-78.630405,35.780915
7254,,-78.633153,35.781004
7255,,-78.632358,35.778052
7256,,-78.632426,35.776701
7257,,-78.629013,35.780095
7258,,-78.632255,35.780181
7259,,-78.63376,35.769169
7260,,-78.631524,35.772738
7261,,-78.628335,35.767962
7262,,-78.631224,35.768179
7263,,-78.628273,35.769843
7264,,-78.638048,35.781655
7265,,-78.63645,35.780554
7266,,-78.638075,35.781164
7267,,-78.636602,35.77739
7268,,-78.635771,35.775478
7269,,-78.637419,35.775528
7270,,-78.638327,35.776342
7271,,-78.636915,35.778191
7272,,-78.636723,35.775505
7273,,-78.636652,35.776839
7274,,-78.637178,35.776856
7275,,-78.641635,35.781974
7276,,-78.641666,35.781298
7277,,-78.640628,35.781264
7278,,-78.640835,35.779647
7279,,-78.640073,35.780447
7280,,-78.640902,35.778322
7281,,-78.640001,35.781673
7282,,-78.639345,35.775606
7283,,-78.640022,35.781244
7284,,-78.638792,35.781198
7285,,-78.641738,35.779677
7286,,-78.638139,35.779576
7287,,-78.640119,35.77963
7288,,-78.638292,35.776898
7289,,-78.640254,35.776963
7290,,-78.638202,35.778671
7291,,-78.640183,35.778297
7292,,-78.638226,35.778234
7293,,-78.636557,35.77866
7294,,-78.636859,35.772832
7295,,-78.638501,35.769382
7296,,-78.638897,35.768471
7297,,-78.642098,35.773003
7298,,-78.640479,35.772957
7299,,-78.640521,35.772205
7300,,-78.638521,35.772136
7301,,-78.638936,35.769345
7302,,-78.637036,35.769429
7303,,-78.636893,35.772083
7304,,-78.639494,35.772923
7305,,-78.638486,35.772885
7306,,-78.636771,35.774466
7307,,-78.635754,35.776816
7308,,-78.641163,35.775658
7309,,-78.635473,35.767994
7310,,-78.629518,35.772713
7311,,-78.629269,35.775311
7312,,-78.632497,35.775379
7313,,-78.635217,35.772773
7314,,-78.632644,35.772709
7315,,-78.634907,35.778585
7316,,-78.634999,35.776793
7317,,-78.634103,35.77199
7318,,-78.635267,35.772031
7319,,-78.635077,35.775457
7320,,-78.638357,35.775561
7321,,-78.640327,35.775638
7322,,-78.634837,35.780198
7323,,-78.636514,35.779507
7324,,-78.63422,35.76928
7325,,-78.635399,35.769389
7326,,-78.636415,35.781113
7327,,-78.63477,35.781058
7328,,-78.636581,35.778182
7329,,-78.634923,35.778124
7330,,-78.635341,35.770452
7331,,-78.631494,35.764493
7332,,-78.631487,35.763284
7333,,-78.631418,35.760463
7334,,-78.631302,35.756051
7335,,-78.641149,35.755416
7336,,-78.635772,35.752381
7337,,-78.635614,35.753545
7338,,-78.635503,35.761605
7339,,-78.640549,35.757134
7340,,-78.635722,35.763433
7341,,-78.637876,35.755004
7342,,-78.634932,35.759069
7343,,-78.639979,35.758901
7344,,-78.635427,35.755071
7345,,-78.634146,35.75414
7346,,-78.635923,35.753747
7347,,-78.628062,35.755065
7348,,-78.626506,35.772603
7349,,-78.624685,35.765524
7350,,-78.626737,35.750986
7351,,-78.627986,35.754315
7352,,-78.628368,35.765676
7353,,-78.628313,35.766464
7354,,-78.622421,35.776369
7355,,-78.629212,35.776593
7356,,-78.631599,35.767237
7357,,-78.631565,35.765707
7358,,-78.641517,35.768454
7359,,-78.64209,35.767282
7360,,-78.624402,35.760985
7361,,-78.622751,35.767696
7362,,-78.633971,35.765777
7363,,-78.624512,35.76245
7364,,-78.629135,35.777962
7365,,-78.6224,35.777698
7366,,-78.635582,35.765833
7367,,-78.624272,35.775206
7368,,-78.627383,35.775293
7369,,-78.631376,35.752972
7370,,-78.618106,35.756663
7371,,-78.62734,35.780819
7372,,-78.637218,35.765898
7373,,-78.637147,35.767072
7374,,-78.639211,35.765219
7375,,-78.627382,35.780053
7376,,-78.61806,35.756393
7377,,-78.631377,35.752747
7378,,-78.617287,35.768795
7379,,-78.61444,35.769783
7380,,-78.614988,35.76536
7381,,-78.624757,35.767805
7382,,-78.627081,35.767897
7383,,-78.624595,35.769503
7384,,-78.622644,35.746537
7385,,-78.619625,35.741878
7386,,-78.613617,35.74211
7387,,-78.612854,35.740266
7388,,-78.624249,35.719661
7389,,-78.631158,35.743692
7390,,-78.635598,35.741609
7391,,-78.641439,35.72074
7392,,-78.640542,35.727894
7393,,-78.630254,35.731125
7394,,-78.630507,35.740444
7395,,-78.624002,35.741936
7396,,-78.627919,35.734957
7397,,-78.627531,35.731254
7398,,-78.626161,35.726235
7399,,-78.6141,35.76204
7400,,-78.613542,35.747129
7401,,-78.58266,35.756219
7402,,-78.58589,35.749751
7403,,-78.590382,35.747636
7404,,-78.60794,35.771002
7405,,-78.610487,35.770977
7406,,-78.607426,35.748858
7407,,-78.612463,35.754453
7408,,-78.604661,35.77987
7409,,-78.612849,35.757639
7410,,-78.636738,35.749071
7411,,-78.636646,35.749288
7412,,-78.631226,35.750426
7413,,-78.593403,35.746322
7414,,-78.600438,35.755593
7415,,-78.613472,35.779825
7416,,-78.609522,35.776061
7417,,-78.613983,35.7777
7418,,-78.606451,35.735444
7419,,-78.622354,35.75039
7420,,-78.619181,35.748394
7421,,-78.617098,35.751374
7422,,-78.613212,35.759147
7423,,-78.612829,35.757906
7424,,-78.607727,35.757796
7425,,-78.600229,35.75612
7426,,-78.593879,35.748546
7427,,-78.611936,35.7394
7428,,-78.611669,35.75068
7429,,-78.609925,35.750102
7430,,-78.584473,35.697625
7431,,-78.580341,35.695703
7432,,-78.584532,35.696308
7433,,-78.584519,35.696537
7434,,-78.602993,35.689928
7435,,-78.601637,35.702198
7436,,-78.59326,35.699115
7437,,-78.601677,35.702049
7438,,-78.601976,35.700897
7439,,-78.602758,35.694952
7440,,-78.592981,35.703885
7441,,-78.600696,35.705515
7442,,-78.593353,35.698968
7443,,-78.603723,35.682023
7444,,-78.603498,35.673199
7445,,-78.606575,35.664801
7446,,-78.625826,35.703354
7447,,-78.613736,35.708645
7448,,-78.623568,35.710079
7449,,-78.621895,35.711618
7450,,-78.62409,35.709481
7451,,-78.620163,35.708251
7452,,-78.616767,35.692166
7453,,-78.616735,35.697696
7454,,-78.63069,35.714793
7455,,-78.627665,35.713183
7456,,-78.642636,35.691232
7457,,-78.627616,35.713334
7458,,-78.62667,35.712829
7459,,-78.618771,35.703873
7460,,-78.617482,35.699983
7461,,-78.640945,35.712203
7462,,-78.619518,35.704759
7463,,-78.621645,35.69877
7464,,-78.633156,35.695943
7465,,-78.63581,35.693055
7466,,-78.626639,35.704928
7467,,-78.625736,35.70684
7468,,-78.626796,35.71272
7469,,-78.62268,35.71052
7470,,-78.630491,35.714876
7471,,-78.619211,35.672817
7472,,-78.627936,35.675366
7473,,-78.625105,35.676986
7474,,-78.611473,35.699546
7475,,-78.612956,35.704597
7476,,-78.620701,35.709462
7477,,-78.607284,35.704121
7478,,-78.613022,35.686241
7479,,-78.617768,35.67069
7480,,-78.608033,35.66262
7481,,-78.610867,35.69843
7482,,-78.606081,35.691188
7483,,-78.609055,35.686256
7484,,-78.614099,35.711325
7485,,-78.607196,35.704251
7486,,-78.638487,35.675922
7487,,-78.602984,35.686263
7488,,-78.603842,35.684497
7489,,-78.604038,35.686282
7490,,-78.620913,35.681536
7491,,-78.617565,35.686127
7492,,-78.623592,35.685613
7493,,-78.634197,35.690059
7494,,-78.634878,35.721042
7495,,-78.639743,35.716301
7496,,-78.631656,35.715495
7497,,-78.63843,35.719126
7498,,-78.582136,35.76512
7499,,-78.575764,35.701698
7500,,-78.587358,35.703143
7501,,-78.522234,35.714857
7502,,-78.605291,35.707264
7503,,-78.602392,35.717662
7504,,-78.584867,35.753582
7505,,-78.574536,35.764293
7506,,-78.574331,35.763789
7507,,-78.587482,35.75321
7508,,-78.588824,35.703353
7509,,-78.573741,35.694343
7510,,-78.577324,35.695187
7511,,-78.574585,35.694679
7512,,-78.583805,35.717279
7513,,-78.580904,35.687157
7514,,-78.584162,35.717284
7515,,-78.619768,35.712832
7516,,-78.577711,35.76784
7517,,-78.575326,35.767881
7518,,-78.546901,35.718326
7519,,-78.541682,35.711803
7520,,-78.578653,35.695246
7521,,-78.57448,35.694126
7522,,-78.568603,35.692336
7523,,-78.57956,35.698299
7524,,-78.574103,35.725888
7525,,-78.565936,35.712341
7526,,-78.577357,35.729614
7527,,-78.567216,35.693242
7528,,-78.579039,35.698998
7529,,-78.576085,35.695819
7530,,-78.580889,35.700488
7531,,-78.576389,35.673841
7532,,-78.588945,35.718828
7533,,-78.580071,35.744119
7534,,-78.624142,35.717162
7535,,-78.625102,35.716817
7536,,-78.638506,35.718946
7537,,-78.631758,35.715373
7538,,-78.599973,35.779919
7539,,-78.516908,35.754342
7540,,-78.51312,35.754909
7541,,-78.503459,35.774589
7542,,-78.512932,35.770427
7543,,-78.498122,35.734431
7544,,-78.5153,35.725491
7545,,-78.622156,35.7833
7546,,-78.511081,35.671729
7547,,-78.511606,35.795658
7548,,-78.508932,35.889181
7549,,-78.506593,35.895992
7550,,-78.513803,35.893192
7551,,-78.513701,35.861542
7552,,-78.639958,35.782584
7553,,-78.639914,35.7839
7554,,-78.632073,35.783649
7555,,-78.632222,35.780976
7556,,-78.611028,35.78343
7557,,-78.641783,35.784525
7558,,-78.64161,35.782637
7559,,-78.590572,35.784725
7560,,-78.583338,35.778668
7561,,-78.637981,35.782839
7562,,-78.521241,35.676285
7563,,-78.511631,35.79585
7564,,-78.515355,35.795164
7565,,-78.519892,35.885207
7566,,-78.510112,35.883181
7567,,-78.578963,35.791977
7568,,-78.57387,35.771681
7569,,-78.592489,35.782986
7570,,-78.592019,35.780763
7571,,-78.574066,35.772252
7572,,-78.579391,35.792069
7573,,-78.558566,35.769782
7574,,-78.560765,35.790349
7575,,-78.521309,35.676481
7576,,-78.511405,35.671876
7577,,-78.506682,35.676721
7578,,-78.51326,35.678247
7579,,-78.408117,35.790753
7580,,-78.402783,35.78203
7581,,-78.634686,35.782763
7582,,-78.634751,35.781459
7583,,-78.636318,35.782817
7584,,-78.583344,35.782174
7585,,-78.477085,35.784041
7586,,-78.475617,35.782484
7587,,-78.490351,35.777186
7588,,-78.480563,35.785503
7589,,-78.478384,35.781007
7590,,-78.527466,35.69911
7591,,-78.510614,35.699192
7592,,-78.507899,35.841655
7593,,-78.513759,35.844577
7594,,-78.510917,35.828131
7595,,-78.525962,35.785111
7596,,-78.613381,35.781425
7597,,-78.613361,35.784032
7598,,-78.599989,35.780093
7599,,-78.592536,35.783199
7600,,-78.461119,35.78259
7601,,-78.460984,35.788912
7602,,-78.512609,35.853234
7603,,-78.517305,35.761441
7604,,-78.465333,35.782429
7605,,-78.514647,35.872273
7606,,-78.510287,35.788327
7607,,-78.519475,35.785003
7608,,-78.628965,35.780866
7609,,-78.504564,35.922418
7610,,-78.506702,35.901629
7611,,-78.427053,35.910143
7612,,-78.376938,35.778068
7613,,-78.613962,35.911558
7614,,-78.531154,35.919215
7615,,-78.489381,35.91811
7616,,-78.387856,35.811563
7617,,-78.557998,35.902306
7618,,-78.548242,35.916602
7619,,-78.400793,35.81626
7620,,-78.379243,35.824073
7621,,-78.529305,35.913443
7622,,-78.523853,35.919828
7623,,-78.450039,35.913499
7624,,-78.383355,35.914535
7625,,-78.594321,35.916708
7626,,-78.620622,35.928125
7627,,-78.621859,35.912064
7628,,-78.35322,35.903322
7629,,-78.385629,35.916496
7630,,-78.372648,35.774806
7631,,-78.389678,35.794861
7632,,-78.379017,35.79276
7633,,-78.389489,35.79987
7634,,-78.472131,35.914581
7635,,-78.47949,35.907595
7636,,-78.379478,35.823747
7637,,-78.397862,35.8173
7638,,-78.389312,35.901404
7639,,-78.389838,35.913901
7640,,-78.377919,35.882029
7641,,-78.393603,35.851429
7642,,-78.373502,35.841757
7643,,-78.378966,35.816131
7644,,-78.374041,35.861697
7645,,-78.393422,35.911014
7646,,-78.537833,35.917976
7647,,-78.629919,35.916657
7648,,-78.595805,35.912957
7649,,-78.694163,36.070761
7650,,-78.687541,36.067462
7651,,-78.746501,36.071613
7652,,-78.753328,36.048199
7653,,-78.748142,36.05116
7654,,-78.741765,36.067062
7655,,-78.658712,35.985082
7656,,-78.686054,35.989777
7657,,-78.688229,35.988471
7658,,-78.685909,35.985708
7659,,-78.686344,35.986219
7660,,-78.688299,35.987496
7661,,-78.682242,35.98775
7662,,-78.685276,35.986135
7663,,-78.682824,35.987285
7664,,-78.685811,35.986694
7665,,-78.685545,35.989311
7666,,-78.682774,35.988259
7667,,-78.684988,35.989703
7668,,-78.687708,35.987901
7669,,-78.683331,35.987771
7670,,-78.708172,35.984373
7671,,-78.688695,35.987963
7672,,-78.69574,35.989049
7673,,-78.685449,35.990264
7674,,-78.686218,36.004497
7675,,-78.672096,35.987644
7676,,-78.678065,35.987856
7677,,-78.656466,36.015553
7678,,-78.659184,35.992407
7679,,-78.649398,35.917121
7680,,-78.649022,35.924752
7681,,-78.649081,35.920227
7682,,-78.653916,35.943065
7683,,-78.645882,35.933896
7684,,-78.648777,35.928301
7685,,-78.658701,35.931651
7686,,-78.687207,35.965104
7687,,-78.685066,35.935675
7688,,-78.685554,35.938254
7689,,-78.681894,35.915663
7690,,-78.68508,35.921477
7691,,-78.681916,35.9169
7692,,-78.684171,35.930942
7693,,-78.695617,35.939571
7694,,-78.689686,35.939438
7695,,-78.692942,35.934158
7696,,-78.686974,35.915202
7697,,-78.668219,35.945382
7698,,-78.676141,35.914093
7699,,-78.68035,35.944348
7700,,-78.674471,35.943921
7701,,-78.687198,35.946993
7702,,-78.68631,35.942241
7703,,-78.669398,35.936773
7704,,-78.731321,35.954249
7705,,-78.715296,35.918931
7706,,-78.729467,35.919255
7707,,-78.718772,35.936944
7708,,-78.72793,35.922443
7709,,-78.720701,35.92119
7710,,-78.719643,35.930827
7711,,-78.762002,35.926297
7712,,-78.741987,35.936781
7713,,-78.724805,35.943324
7714,,-78.727692,35.949287
7715,,-78.758471,35.922202
7716,,-78.741103,35.920623
7717,,-78.687678,35.915557
7718,,-78.70173,35.951958
7719,,-78.702048,35.94825
7720,,-78.687106,35.9739
7721,,-78.704986,35.976381
7722,,-78.713411,35.968949
7723,,-78.706655,35.964612
7724,,-78.705436,35.933081
7725,,-78.718413,35.932097
7726,,-78.796123,35.918023
7727,,-78.812864,35.92603
7728,,-78.813899,35.919152
7729,,-78.809385,35.919173
7730,,-78.802019,35.926938
7731,,-78.809385,35.932269
7732,,-78.698105,36.046865
7733,,-78.671373,36.051033
7734,,-78.656324,35.90526
7735,,-78.651436,35.899304
7736,,-78.652867,35.902604
7737,,-78.652917,35.906176
7738,,-78.652221,35.900935
7739,,-78.656105,35.888974
7740,,-78.669644,35.902064
7741,,-78.662943,35.902523
7742,,-78.662673,35.885649
7743,,-78.663616,35.894243
7744,,-78.655367,35.90149
7745,,-78.658179,35.902064
7746,,-78.659667,35.908124
7747,,-78.65534,35.912225
7748,,-78.653041,35.897161
7749,,-78.662891,35.890715
7750,,-78.650632,35.89778
7751,,-78.648914,35.893292
7752,,-78.659313,35.886548
7753,,-78.645778,35.878994
7754,,-78.648637,35.869149
7755,,-78.654081,35.869518
7756,,-78.654339,35.866531
7757,,-78.645996,35.851112
7758,,-78.654161,35.860014
7759,,-78.650481,35.856394
7760,,-78.64774,35.856311
7761,,-78.671216,35.872607
7762,,-78.666536,35.868085
7763,,-78.665884,35.857567
7764,,-78.671575,35.856547
7765,,-78.655891,35.870991
7766,,-78.669265,35.865175
7767,,-78.653888,35.863028
7768,,-78.663601,35.870766
7769,,-78.664901,35.857285
7770,,-78.656689,35.856371
7771,,-78.68262,35.902262
7772,,-78.681581,35.906568
7773,,-78.680085,35.8919
7774,,-78.68773,35.887765
7775,,-78.680885,35.899771
7776,,-78.692801,35.887823
7777,,-78.702545,35.902298
7778,,-78.699773,35.89169
7779,,-78.689337,35.904832
7780,,-78.695853,35.905715
7781,,-78.680489,35.853639
7782,,-78.680565,35.85659
7783,,-78.69475,35.869251
7784,,-78.700932,35.871982
7785,,-78.700345,35.854634
7786,,-78.69639,35.862481
7787,,-78.701979,35.865034
7788,,-78.698094,35.8627
7789,,-78.686693,35.861389
7790,,-78.698822,35.86837
7791,,-78.695137,35.862143
7792,,-78.696752,35.871864
7793,,-78.691357,35.87327
7794,,-78.680662,35.859594
7795,,-78.680415,35.866293
7796,,-78.688801,35.873255
7797,,-78.682926,35.873232
7798,,-78.679113,35.882952
7799,,-78.67588,35.856654
7800,,-78.670651,35.884536
7801,,-78.679509,35.8862
7802,,-78.6704,35.862342
7803,,-78.655688,35.881794
7804,,-78.679864,35.889667
7805,,-78.6721,35.894074
7806,,-78.680283,35.89395
7807,,-78.690807,35.886177
7808,,-78.66163,35.878975
7809,,-78.660017,35.88453
7810,,-78.681132,35.902028
7811,,-78.679586,35.872992
7812,,-78.646192,35.882237
7813,,-78.678875,35.88117
7814,,-78.689935,35.880573
7815,,-78.646503,35.844129
7816,,-78.648637,35.844404
7817,,-78.643653,35.84404
7818,,-78.64564,35.836717
7819,,-78.650348,35.82408
7820,,-78.651168,35.822779
7821,,-78.669366,35.835203
7822,,-78.67271,35.834696
7823,,-78.670879,35.835079
7824,,-78.672519,35.835007
7825,,-78.669699,35.833974
7826,,-78.672567,35.834123
7827,,-78.67232,35.837052
7828,,-78.670106,35.835717
7829,,-78.669546,35.835589
7830,,-78.670024,35.835282
7831,,-78.674493,35.843218
7832,,-78.673505,35.839668
7833,,-78.669115,35.835626
7834,,-78.671232,35.836601
7835,,-78.668513,35.834729
7836,,-78.669658,35.835218
7837,,-78.662143,35.817587
7838,,-78.663558,35.819327
7839,,-78.663415,35.819452
7840,,-78.664469,35.817484
7841,,-78.662312,35.817534
7842,,-78.670177,35.822595
7843,,-78.665932,35.826354
7844,,-78.664196,35.821337
7845,,-78.667201,35.815993
7846,,-78.666079,35.826328
7847,,-78.66436,35.821315
7848,,-78.667959,35.833597
7849,,-78.666438,35.827909
7850,,-78.647405,35.831646
7851,,-78.661245,35.844128
7852,,-78.656861,35.843449
7853,,-78.667539,35.833286
7854,,-78.666297,35.827925
7855,,-78.650796,35.812325
7856,,-78.646101,35.799352
7857,,-78.646144,35.800667
7858,,-78.648502,35.805689
7859,,-78.65375,35.808976
7860,,-78.64598,35.804112
7861,,-78.650902,35.812276
7862,,-78.646277,35.798306
7863,,-78.646482,35.797892
7864,,-78.64627,35.796593
7865,,-78.646331,35.797524
7866,,-78.64639,35.796611
7867,,-78.646846,35.797887
7868,,-78.648039,35.797483
7869,,-78.64474,35.788663
7870,,-78.647423,35.783505
7871,,-78.64725,35.786644
7872,,-78.653097,35.793453
7873,,-78.656563,35.78358
7874,,-78.658282,35.784371
7875,,-78.650781,35.786319
7876,,-78.654009,35.788606
7877,,-78.646647,35.793031
7878,,-78.646788,35.793003
7879,,-78.647149,35.788636
7880,,-78.648742,35.788618
7881,,-78.652434,35.7921
7882,,-78.648408,35.79721
7883,,-78.651018,35.788659
7884,,-78.662352,35.809675
7885,,-78.665288,35.81092
7886,,-78.670937,35.8027
7887,,-78.663115,35.809985
7888,,-78.670795,35.811346
7889,,-78.670881,35.805531
7890,,-78.661139,35.808205
7891,,-78.669712,35.800463
7892,,-78.661059,35.795505
7893,,-78.663968,35.789463
7894,,-78.664215,35.784579
7895,,-78.664026,35.786655
7896,,-78.66242,35.786106
7897,,-78.672977,35.792425
7898,,-78.674431,35.789142
7899,,-78.674593,35.787964
7900,,-78.674648,35.786966
7901,,-78.663538,35.785699
7902,,-78.671719,35.794175
7903,,-78.664278,35.795532
7904,,-78.662945,35.790114
7905,,-78.665298,35.789484
7906,,-78.675718,35.792601
7907,,-78.667001,35.787479
7908,,-78.673086,35.788878
7909,,-78.673033,35.791292
7910,,-78.662877,35.790892
7911,,-78.655691,35.788959
7912,,-78.659155,35.801464
7913,,-78.657207,35.811909
7914,,-78.660417,35.809915
7915,,-78.655575,35.809279
7916,,-78.672914,35.794197
7917,,-78.665176,35.800456
7918,,-78.660492,35.796437
7919,,-78.658591,35.80222
7920,,-78.646212,35.799353
7921,,-78.646235,35.799018
7922,,-78.66136,35.787101
7923,,-78.646173,35.798229
7924,,-78.646107,35.799252
7925,,-78.652918,35.795729
7926,,-78.662985,35.789362
7927,,-78.655786,35.796551
7928,,-78.660167,35.797508
7929,,-78.660229,35.799771
7930,,-78.661349,35.785673
7931,,-78.659257,35.788987
7932,,-78.653483,35.801021
7933,,-78.68107,35.843201
7934,,-78.681025,35.843273
7935,,-78.682574,35.842246
7936,,-78.685664,35.840603
7937,,-78.678474,35.841215
7938,,-78.688048,35.815633
7939,,-78.685823,35.827127
7940,,-78.683515,35.831004
7941,,-78.702376,35.822166
7942,,-78.704913,35.820997
7943,,-78.694692,35.815717
7944,,-78.702888,35.815471
7945,,-78.701117,35.822917
7946,,-78.705331,35.822072
7947,,-78.704918,35.82608
7948,,-78.694923,35.835181
7949,,-78.691725,35.827283
7950,,-78.690427,35.828591
7951,,-78.68819,35.8392
7952,,-78.688403,35.818978
7953,,-78.698472,35.832952
7954,,-78.676666,35.811251
7955,,-78.677561,35.804294
7956,,-78.687452,35.801831
7957,,-78.686633,35.805525
7958,,-78.68033,35.786002
7959,,-78.688761,35.794361
7960,,-78.68954,35.789067
7961,,-78.687002,35.787018
7962,,-78.686279,35.78894
7963,,-78.681014,35.786569
7964,,-78.687043,35.785721
7965,,-78.679725,35.79083
7966,,-78.685426,35.78997
7967,,-78.684376,35.793409
7968,,-78.693592,35.803019
7969,,-78.693835,35.803041
7970,,-78.693866,35.804561
7971,,-78.694197,35.803694
7972,,-78.699198,35.803696
7973,,-78.698373,35.803978
7974,,-78.693698,35.795359
7975,,-78.69622,35.795739
7976,,-78.694665,35.784079
7977,,-78.69947,35.784411
7978,,-78.699395,35.783753
7979,,-78.693866,35.78551
7980,,-78.696392,35.783865
7981,,-78.697462,35.784437
7982,,-78.707733,35.797204
7983,,-78.70595,35.793971
7984,,-78.702669,35.795389
7985,,-78.706252,35.794466
7986,,-78.703109,35.787136
7987,,-78.703159,35.784907
7988,,-78.703067,35.786841
7989,,-78.703329,35.784977
7990,,-78.701411,35.794934
7991,,-78.704951,35.792292
7992,,-78.70445,35.790148
7993,,-78.700029,35.783927
7994,,-78.700931,35.784209
7995,,-78.694555,35.79615
7996,,-78.697685,35.786999
7997,,-78.701334,35.795608
7998,,-78.696326,35.795746
7999,,-78.69862,35.786473
8000,,-78.694714,35.796137
8001,,-78.700052,35.78443
8002,,-78.689018,35.802325
8003,,-78.693892,35.787047
8004,,-78.690497,35.789102
8005,,-78.693826,35.789229
8006,,-78.693721,35.791829
8007,,-78.693613,35.794544
8008,,-78.693282,35.803545
8009,,-78.693964,35.807587
8010,,-78.694338,35.803929
8011,,-78.684131,35.795934
8012,,-78.683797,35.801105
8013,,-78.676532,35.798652
8014,,-78.694188,35.797854
8015,,-78.69381,35.800407
8016,,-78.691058,35.794813
8017,,-78.693588,35.795332
8018,,-78.693898,35.798271
8019,,-78.691746,35.803165
8020,,-78.693585,35.800265
8021,,-78.687043,35.786059
8022,,-78.67545,35.785407
8023,,-78.684646,35.816242
8024,,-78.681172,35.815124
8025,,-78.672751,35.837536
8026,,-78.674909,35.829052
8027,,-78.680243,35.844652
8028,,-78.664917,35.816139
8029,,-78.678263,35.841373
8030,,-78.659731,35.816458
8031,,-78.651267,35.813125
8032,,-78.676465,35.835045
8033,,-78.675653,35.83566
8034,,-78.67823,35.8084
8035,,-78.67085,35.808209
8036,,-78.669126,35.815972
8037,,-78.671864,35.811655
8038,,-78.6509,35.819908
8039,,-78.651114,35.813171
8040,,-78.651372,35.813083
8041,,-78.673692,35.833701
8042,,-78.674191,35.831969
8043,,-78.676904,35.831861
8044,,-78.658679,35.813814
8045,,-78.65977,35.816354
8046,,-78.688341,35.815495
8047,,-78.675566,35.832976
8048,,-78.673673,35.823499
8049,,-78.677264,35.824254
8050,,-78.675813,35.794253
8051,,-78.679022,35.790415
8052,,-78.675901,35.789495
8053,,-78.670924,35.800531
8054,,-78.676142,35.801063
8055,,-78.7055,35.81377
8056,,-78.705241,35.815469
8057,,-78.674365,35.83829
8058,,-78.68236,35.815442
8059,,-78.683834,35.812266
8060,,-78.67756,35.814087
8061,,-78.673405,35.814615
8062,,-78.689103,35.818233
8063,,-78.690485,35.81571
8064,,-78.69376,35.807558
8065,,-78.692588,35.812772
8066,,-78.691728,35.815592
8067,,-78.674906,35.836521
8068,,-78.678148,35.81884
8069,,-78.675624,35.785106
8070,,-78.716614,35.893005
8071,,-78.731962,35.90095
8072,,-78.740798,35.885758
8073,,-78.728343,35.90999
8074,,-78.721583,35.895805
8075,,-78.724642,35.898176
8076,,-78.726925,35.903541
8077,,-78.723102,35.90605
8078,,-78.726107,35.907
8079,,-78.727093,35.898774
8080,,-78.727266,35.894648
8081,,-78.733598,35.878652
8082,,-78.726506,35.872719
8083,,-78.723564,35.870759
8084,,-78.716926,35.866093
8085,,-78.770308,35.904851
8086,,-78.765545,35.901801
8087,,-78.766117,35.901458
8088,,-78.761378,35.898528
8089,,-78.759168,35.896892
8090,,-78.752586,35.903451
8091,,-78.762805,35.901994
8092,,-78.751763,35.891835
8093,,-78.734036,35.910087
8094,,-78.761572,35.909058
8095,,-78.733525,35.910471
8096,,-78.768495,35.906671
8097,,-78.744797,35.873705
8098,,-78.743739,35.877856
8099,,-78.740844,35.884321
8100,,-78.727716,35.881443
8101,,-78.727658,35.873518
8102,,-78.737492,35.900821
8103,,-78.740718,35.893577
8104,,-78.713499,35.837466
8105,,-78.712499,35.827601
8106,,-78.715582,35.829672
8107,,-78.722166,35.836949
8108,,-78.719107,35.817751
8109,,-78.718346,35.80559
8110,,-78.718788,35.806023
8111,,-78.712677,35.786513
8112,,-78.721264,35.78575
8113,,-78.719221,35.786431
8114,,-78.71624,35.79067
8115,,-78.726819,35.801232
8116,,-78.734687,35.789949
8117,,-78.718347,35.798837
8118,,-78.717283,35.798746
8119,,-78.730937,35.801077
8120,,-78.723365,35.807293
8121,,-78.72624,35.804541
8122,,-78.72726,35.799898
8123,,-78.716763,35.790375
8124,,-78.726964,35.785967
8125,,-78.72063,35.786407
8126,,-78.767237,35.830297
8127,,-78.760082,35.829612
8128,,-78.764758,35.831289
8129,,-78.762523,35.832145
8130,,-78.745538,35.804581
8131,,-78.745421,35.806446
8132,,-78.752381,35.803797
8133,,-78.744815,35.792008
8134,,-78.745704,35.792406
8135,,-78.746668,35.792842
8136,,-78.750839,35.794728
8137,,-78.750331,35.789905
8138,,-78.74731,35.789657
8139,,-78.74519,35.792693
8140,,-78.745314,35.791867
8141,,-78.746946,35.78952
8142,,-78.769189,35.80891
8143,,-78.763775,35.792
8144,,-78.763767,35.789529
8145,,-78.764929,35.791921
8146,,-78.772223,35.790128
8147,,-78.767645,35.794074
8148,,-78.756357,35.796391
8149,,-78.759035,35.79623
8150,,-78.747346,35.802231
8151,,-78.762309,35.791898
8152,,-78.755336,35.805783
8153,,-78.763438,35.795174
8154,,-78.767702,35.801432
8155,,-78.749503,35.798929
8156,,-78.756252,35.790901
8157,,-78.722871,35.807794
8158,,-78.727567,35.810162
8159,,-78.734403,35.803392
8160,,-78.743048,35.796393
8161,,-78.73996,35.80594
8162,,-78.727977,35.810057
8163,,-78.739753,35.806711
8164,,-78.738686,35.817889
8165,,-78.740039,35.790407
8166,,-78.744004,35.791649
8167,,-78.745242,35.813959
8168,,-78.742701,35.796224
8169,,-78.744027,35.820605
8170,,-78.739366,35.806658
8171,,-78.759909,35.829844
8172,,-78.741772,35.819735
8173,,-78.741006,35.823151
8174,,-78.714006,35.814799
8175,,-78.707521,35.79951
8176,,-78.648061,35.851273
8177,,-78.660747,35.845857
8178,,-78.658202,35.852881
8179,,-78.714902,35.815213
8180,,-78.714534,35.789985
8181,,-78.711991,35.791196
8182,,-78.70594,35.808147
8183,,-78.701694,35.855583
8184,,-78.711276,35.852957
8185,,-78.710511,35.846596
8186,,-78.714912,35.891591
8187,,-78.70694,35.879345
8188,,-78.673394,35.847248
8189,,-78.711679,35.855287
8190,,-78.703671,35.872461
8191,,-78.715229,35.790995
8192,,-78.710268,35.812399
8193,,-78.705577,35.809789
8194,,-78.72432,35.84652
8195,,-78.729558,35.859977
8196,,-78.707159,35.802869
8197,,-78.702743,35.803673
8198,,-78.71209,35.804259
8199,,-78.710631,35.826934
8200,,-78.706971,35.823898
8201,,-78.709367,35.786583
8202,,-78.712043,35.798555
8203,,-78.707691,35.798185
8204,,-78.703866,35.906653
8205,,-78.70683,35.86511
8206,,-78.706763,35.804773
8207,,-78.711248,35.804444
8208,,-78.701294,35.803931
8209,,-78.711104,35.832474
8210,,-78.707585,35.793959
8211,,-78.711932,35.862632
8212,,-78.680283,35.847724
8213,,-78.644279,35.848173
8214,,-78.643948,35.781384
8215,,-78.649181,35.780816
8216,,-78.6491,35.779971
8217,,-78.643447,35.778718
8218,,-78.646127,35.779843
8219,,-78.647753,35.779912
8220,,-78.646916,35.780702
8221,,-78.64932,35.773273
8222,,-78.649393,35.77247
8223,,-78.644557,35.77005
8224,,-78.647998,35.772092
8225,,-78.644311,35.770651
8226,,-78.647983,35.772412
8227,,-78.647956,35.773222
8228,,-78.644283,35.769992
8229,,-78.652971,35.779903
8230,,-78.653029,35.77158
8231,,-78.64369,35.774416
8232,,-78.643654,35.774982
8233,,-78.65214,35.771058
8234,,-78.650558,35.770663
8235,,-78.650616,35.780011
8236,,-78.65214,35.779948
8237,,-78.654207,35.772351
8238,,-78.650886,35.77255
8239,,-78.651678,35.772135
8240,,-78.651011,35.77543
8241,,-78.650649,35.773362
8242,,-78.644983,35.76084
8243,,-78.647649,35.751589
8244,,-78.652093,35.7608
8245,,-78.649207,35.760812
8246,,-78.649189,35.7615
8247,,-78.649551,35.753014
8248,,-78.649131,35.757519
8249,,-78.649173,35.759415
8250,,-78.648572,35.752727
8251,,-78.649024,35.751606
8252,,-78.649037,35.754052
8253,,-78.674008,35.780316
8254,,-78.674009,35.777003
8255,,-78.670737,35.776123
8256,,-78.671594,35.779581
8257,,-78.667282,35.779045
8258,,-78.666901,35.781348
8259,,-78.661328,35.760802
8260,,-78.663034,35.759577
8261,,-78.667577,35.752799
8262,,-78.665914,35.756094
8263,,-78.664485,35.758295
8264,,-78.663116,35.761303
8265,,-78.670866,35.770957
8266,,-78.669806,35.769791
8267,,-78.66961,35.764752
8268,,-78.649181,35.761724
8269,,-78.644834,35.769461
8270,,-78.659932,35.761719
8271,,-78.644561,35.769389
8272,,-78.66167,35.751665
8273,,-78.661231,35.779847
8274,,-78.659339,35.775644
8275,,-78.663771,35.7784
8276,,-78.655709,35.764544
8277,,-78.648778,35.763233
8278,,-78.648415,35.769433
8279,,-78.653535,35.754008
8280,,-78.660322,35.756607
8281,,-78.660895,35.756973
8282,,-78.654545,35.754735
8283,,-78.659187,35.762216
8284,,-78.648958,35.748811
8285,,-78.648844,35.744995
8286,,-78.649792,35.737945
8287,,-78.648842,35.743689
8288,,-78.650041,35.737974
8289,,-78.647398,35.731582
8290,,-78.652791,35.722359
8291,,-78.648766,35.725261
8292,,-78.650968,35.729252
8293,,-78.652329,35.723196
8294,,-78.651553,35.724424
8295,,-78.648515,35.725281
8296,,-78.650318,35.728988
8297,,-78.667554,35.739346
8298,,-78.665452,35.742361
8299,,-78.657849,35.731351
8300,,-78.651018,35.731266
8301,,-78.65033,35.7355
8302,,-78.653861,35.731323
8303,,-78.651305,35.731267
8304,,-78.650589,35.735515
8305,,-78.664894,35.73777
8306,,-78.682693,35.776638
8307,,-78.677921,35.769736
8308,,-78.677559,35.771352
8309,,-78.68037,35.771632
8310,,-78.687131,35.780924
8311,,-78.687205,35.77932
8312,,-78.684029,35.779211
8313,,-78.680879,35.775511
8314,,-78.683747,35.778406
8315,,-78.689005,35.774553
8316,,-78.68446,35.772774
8317,,-78.683397,35.773229
8318,,-78.679677,35.774798
8319,,-78.70018,35.777108
8320,,-78.694215,35.75432
8321,,-78.700152,35.756381
8322,,-78.700825,35.753435
8323,,-78.693757,35.771816
8324,,-78.6923,35.773231
8325,,-78.694003,35.776839
8326,,-78.692344,35.757389
8327,,-78.691303,35.7691
8328,,-78.694165,35.768376
8329,,-78.69768,35.76722
8330,,-78.68476,35.742746
8331,,-78.695858,35.74645
8332,,-78.677593,35.778259
8333,,-78.661147,35.750158
8334,,-78.695571,35.747957
8335,,-78.660058,35.751247
8336,,-78.656136,35.746364
8337,,-78.671796,35.774611
8338,,-78.676959,35.773583
8339,,-78.67847,35.777118
8340,,-78.681723,35.751031
8341,,-78.69491,35.750295
8342,,-78.69011,35.749692
8343,,-78.648954,35.749252
8344,,-78.649007,35.750981
8345,,-78.70152,35.75028
8346,,-78.701921,35.748534
8347,,-78.672202,35.756361
8348,,-78.695288,35.751832
8349,,-78.675112,35.747008
8350,,-78.671915,35.741776
8351,,-78.680353,35.742998
8352,,-78.673448,35.748078
8353,,-78.66933,35.75102
8354,,-78.69522,35.752048
8355,,-78.670451,35.756912
8356,,-78.68288,35.73041
8357,,-78.697342,35.747044
8358,,-78.67816,35.781888
8359,,-78.675476,35.780782
8360,,-78.656811,35.70978
8361,,-78.653076,35.696264
8362,,-78.665438,35.703565
8363,,-78.662943,35.704729
8364,,-78.657707,35.712288
8365,,-78.655036,35.70232
8366,,-78.689013,35.701029
8367,,-78.702907,35.661464
8368,,-78.699435,35.665266
8369,,-78.695357,35.660454
8370,,-78.67236,35.697215
8371,,-78.65964,35.668057
8372,,-78.651539,35.688246
8373,,-78.685274,35.684097
8374,,-78.673822,35.69487
8375,,-78.677874,35.702373
8376,,-78.669179,35.701712
8377,,-78.687048,35.657516
8378,,-78.722444,35.772356
8379,,-78.714839,35.772592
8380,,-78.721236,35.779365
8381,,-78.722045,35.775638
8382,,-78.74028,35.769639
8383,,-78.735009,35.774285
8384,,-78.735129,35.767057
8385,,-78.735324,35.754723
8386,,-78.730263,35.754883
8387,,-78.72242,35.772465
8388,,-78.733043,35.775309
8389,,-78.72187,35.777116
8390,,-78.736378,35.766568
8391,,-78.735666,35.765773
8392,,-78.736317,35.766881
8393,,-78.730551,35.768483
8394,,-78.721747,35.771218
8395,,-78.723246,35.76966
8396,,-78.726841,35.76905
8397,,-78.729855,35.768203
8398,,-78.736232,35.766179
8399,,-78.7356,35.767334
8400,,-78.734853,35.766076
8401,,-78.734486,35.766832
8402,,-78.734473,35.763062
8403,,-78.733347,35.762596
8404,,-78.726013,35.765626
8405,,-78.736375,35.745651
8406,,-78.737299,35.747934
8407,,-78.727285,35.746869
8408,,-78.732873,35.746036
8409,,-78.717687,35.72634
8410,,-78.755548,35.778036
8411,,-78.746819,35.780596
8412,,-78.744102,35.76104
8413,,-78.743408,35.760201
8414,,-78.7642,35.780813
8415,,-78.764338,35.768733
8416,,-78.76086,35.769712
8417,,-78.769982,35.776851
8418,,-78.773872,35.770185
8419,,-78.769097,35.770268
8420,,-78.773365,35.776713
8421,,-78.769026,35.773346
8422,,-78.768888,35.774589
8423,,-78.764078,35.7722
8424,,-78.768567,35.775781
8425,,-78.766316,35.773971
8426,,-78.773857,35.754486
8427,,-78.764355,35.758434
8428,,-78.767115,35.755025
8429,,-78.763226,35.771505
8430,,-78.752179,35.764998
8431,,-78.764195,35.775899
8432,,-78.764136,35.765145
8433,,-78.765477,35.7679
8434,,-78.767648,35.767125
8435,,-78.759919,35.768977
8436,,-78.747807,35.760974
8437,,-78.74967,35.759553
8438,,-78.773078,35.766599
8439,,-78.77037,35.766028
8440,,-78.747854,35.746074
8441,,-78.76254,35.74348
8442,,-78.757583,35.735733
8443,,-78.761327,35.726809
8444,,-78.746029,35.73091
8445,,-78.744106,35.737216
8446,,-78.759646,35.744577
8447,,-78.75688,35.738722
8448,,-78.759458,35.739424
8449,,-78.736686,35.773124
8450,,-78.739917,35.764403
8451,,-78.742964,35.762916
8452,,-78.741888,35.761312
8453,,-78.740823,35.743863
8454,,-78.737713,35.745645
8455,,-78.726293,35.751793
8456,,-78.721062,35.74846
8457,,-78.748174,35.755841
8458,,-78.718153,35.753237
8459,,-78.717752,35.74886
8460,,-78.731153,35.753339
8461,,-78.735673,35.749293
8462,,-78.737713,35.769894
8463,,-78.745714,35.762788
8464,,-78.740982,35.767647
8465,,-78.773832,35.752396
8466,,-78.741451,35.755819
8467,,-78.741583,35.757679
8468,,-78.738572,35.769605
8469,,-78.744335,35.763135
8470,,-78.740313,35.764762
8471,,-78.751557,35.752525
8472,,-78.754696,35.745524
8473,,-78.741041,35.75032
8474,,-78.738779,35.749086
8475,,-78.747931,35.727204
8476,,-78.714724,35.705412
8477,,-78.721808,35.672548
8478,,-78.717222,35.657814
8479,,-78.726734,35.664008
8480,,-78.717017,35.658305
8481,,-78.759458,35.662949
8482,,-78.744714,35.670357
8483,,-78.723654,35.697407
8484,,-78.721404,35.680325
8485,,-78.726173,35.69644
8486,,-78.74653,35.705205
8487,,-78.736227,35.698906
8488,,-78.755384,35.685993
8489,,-78.739546,35.68847
8490,,-78.742965,35.682127
8491,,-78.722896,35.672517
8492,,-78.709761,35.777344
8493,,-78.708078,35.776297
8494,,-78.695709,35.685491
8495,,-78.710323,35.775185
8496,,-78.705297,35.766801
8497,,-78.707002,35.752007
8498,,-78.71754,35.755958
8499,,-78.71934,35.772207
8500,,-78.717336,35.7561
8501,,-78.706798,35.752172
8502,,-78.719405,35.772369
8503,,-78.708139,35.749863
8504,,-78.715512,35.749157
8505,,-78.655439,35.71696
8506,,-78.713168,35.771218
8507,,-78.706359,35.767198
8508,,-78.749574,35.724214
8509,,-78.703344,35.709736
8510,,-78.710259,35.708872
8511,,-78.710398,35.713307
8512,,-78.715811,35.722607
8513,,-78.687738,35.709215
8514,,-78.685992,35.717627
8515,,-78.712327,35.666321
8516,,-78.706382,35.670871
8517,,-78.708929,35.721911
8518,,-78.687301,35.716702
8519,,-78.712687,35.765252
8520,,-78.782979,35.898172
8521,,-78.784383,35.89853
8522,,-78.785258,35.898377
8523,,-78.787,35.899584
8524,,-78.791913,35.895351
8525,,-78.791022,35.895296
8526,,-78.796368,35.854608
8527,,-78.796592,35.853638
8528,,-78.801225,35.860547
8529,,-78.804121,35.864559
8530,,-78.788341,35.876149
8531,,-78.798776,35.866653
8532,,-78.801838,35.869469
8533,,-78.79934,35.858938
8534,,-78.805542,35.868765
8535,,-78.816854,35.908656
8536,,-78.813789,35.905824
8537,,-78.813174,35.891894
8538,,-78.813496,35.891358
8539,,-78.811152,35.885473
8540,,-78.811689,35.885704
8541,,-78.813748,35.890803
8542,,-78.815047,35.89058
8543,,-78.813613,35.887865
8544,,-78.818259,35.887155
8545,,-78.819198,35.89483
8546,,-78.81383,35.895542
8547,,-78.813681,35.89311
8548,,-78.812876,35.898
8549,,-78.812913,35.862208
8550,,-78.817604,35.860036
8551,,-78.818827,35.859485
8552,,-78.813703,35.861822
8553,,-78.829858,35.86863
8554,,-78.82728,35.866971
8555,,-78.839785,35.882484
8556,,-78.823267,35.882094
8557,,-78.836167,35.878228
8558,,-78.822307,35.86152
8559,,-78.821516,35.858254
8560,,-78.815203,35.868659
8561,,-78.828192,35.87316
8562,,-78.828743,35.871195
8563,,-78.816336,35.860593
8564,,-78.818907,35.864058
8565,,-78.824711,35.868332
8566,,-78.817782,35.863571
8567,,-78.815676,35.883601
8568,,-78.818567,35.887603
8569,,-78.823055,35.882334
8570,,-78.804543,35.862526
8571,,-78.804195,35.864865
8572,,-78.81245,35.862442
8573,,-78.790543,35.901923
8574,,-78.810611,35.902631
8575,,-78.805215,35.866533
8576,,-78.808003,35.864601
8577,,-78.80604,35.871031
8578,,-78.80629,35.872249
8579,,-78.810207,35.883182
8580,,-78.809887,35.883246
8581,,-78.805643,35.870713
8582,,-78.813032,35.892563
8583,,-78.808805,35.894545
8584,,-78.804691,35.894756
8585,,-78.801824,35.894477
8586,,-78.807126,35.894035
8587,,-78.822067,35.882973
8588,,-78.824784,35.879735
8589,,-78.811046,35.858694
8590,,-78.811083,35.858997
8591,,-78.794952,35.818375
8592,,-78.78014,35.831394
8593,,-78.778798,35.811915
8594,,-78.785364,35.811064
8595,,-78.781127,35.809826
8596,,-78.781214,35.788308
8597,,-78.781234,35.785081
8598,,-78.78315,35.793593
8599,,-78.788035,35.78675
8600,,-78.783343,35.787202
8601,,-78.781217,35.787323
8602,,-78.781217,35.78658
8603,,-78.783123,35.794418
8604,,-78.783274,35.788381
8605,,-78.783313,35.785006
8606,,-78.780454,35.791385
8607,,-78.781136,35.791467
8608,,-78.783215,35.791744
8609,,-78.782205,35.791619
8610,,-78.795346,35.801963
8611,,-78.79721,35.785976
8612,,-78.801093,35.795576
8613,,-78.794814,35.811747
8614,,-78.791418,35.785375
8615,,-78.783073,35.798178
8616,,-78.782977,35.802608
8617,,-78.796093,35.798748
8618,,-78.794852,35.799635
8619,,-78.790388,35.786378
8620,,-78.793864,35.786227
8621,,-78.802607,35.800079
8622,,-78.793574,35.806985
8623,,-78.786606,35.802187
8624,,-78.834567,35.843532
8625,,-78.831756,35.839866
8626,,-78.833667,35.819418
8627,,-78.826577,35.822663
8628,,-78.826772,35.828582
8629,,-78.817598,35.829471
8630,,-78.813176,35.804831
8631,,-78.816414,35.810218
8632,,-78.814735,35.808234
8633,,-78.812529,35.78356
8634,,-78.834953,35.791161
8635,,-78.825,35.786501
8636,,-78.828899,35.789055
8637,,-78.823163,35.791753
8638,,-78.826537,35.81146
8639,,-78.825789,35.794187
8640,,-78.825517,35.81109
8641,,-78.820115,35.809612
8642,,-78.81764,35.801023
8643,,-78.802788,35.796397
8644,,-78.8099,35.786233
8645,,-78.805203,35.804027
8646,,-78.811997,35.807115
8647,,-78.809347,35.811274
8648,,-78.802808,35.814501
8649,,-78.800119,35.816215
8650,,-78.814439,35.833084
8651,,-78.801221,35.845633
8652,,-78.812022,35.816419
8653,,-78.819376,35.813249
8654,,-78.808637,35.821115
8655,,-78.805975,35.826381
8656,,-78.80899,35.84022
8657,,-78.822395,35.816817
8658,,-78.850259,35.868225
8659,,-78.844164,35.85981
8660,,-78.842451,35.854527
8661,,-78.847408,35.864359
8662,,-78.849269,35.866782
8663,,-78.850586,35.867302
8664,,-78.848168,35.863884
8665,,-78.891997,35.869598
8666,,-78.896892,35.863791
8667,,-78.892465,35.867358
8668,,-78.893668,35.861793
8669,,-78.893839,35.860872
8670,,-78.870529,35.866932
8671,,-78.87305,35.862448
8672,,-78.849267,35.825289
8673,,-78.860349,35.833245
8674,,-78.863825,35.824596
8675,,-78.848155,35.796099
8676,,-78.847007,35.788095
8677,,-78.850513,35.790031
8678,,-78.85823,35.78921
8679,,-78.848639,35.801248
8680,,-78.848769,35.798898
8681,,-78.848118,35.811103
8682,,-78.854981,35.789555
8683,,-78.887966,35.842421
8684,,-78.874104,35.823259
8685,,-78.87821,35.830699
8686,,-78.899232,35.831367
8687,,-78.87132,35.803046
8688,,-78.870544,35.793004
8689,,-78.871719,35.806146
8690,,-78.872726,35.813735
8691,,-78.85721,35.822765
8692,,-78.847731,35.820003
8693,,-78.868337,35.824014
8694,,-78.873746,35.820385
8695,,-78.848454,35.838907
8696,,-78.825358,35.853796
8697,,-78.856998,35.846642
8698,,-78.797598,35.851869
8699,,-78.803355,35.853661
8700,,-78.799261,35.848951
8701,,-78.835358,35.833088
8702,,-78.842425,35.84897
8703,,-78.847226,35.791441
8704,,-78.838317,35.792782
8705,,-78.838982,35.818368
8706,,-78.803103,35.853241
8707,,-78.827877,35.845378
8708,,-78.826491,35.850827
8709,,-78.836475,35.846008
8710,,-78.841545,35.843176
8711,,-78.848063,35.813566
8712,,-78.836477,35.811342
8713,,-78.900004,35.854099
8714,,-78.780718,35.779884
8715,,-78.780652,35.77093
8716,,-78.7878,35.779866
8717,,-78.78737,35.771397
8718,,-78.781701,35.773548
8719,,-78.781367,35.779249
8720,,-78.789795,35.774159
8721,,-78.789751,35.775073
8722,,-78.786021,35.775239
8723,,-78.781664,35.775047
8724,,-78.781631,35.776935
8725,,-78.782574,35.771316
8726,,-78.781754,35.771179
8727,,-78.783413,35.76186
8728,,-78.78111,35.758008
8729,,-78.776715,35.757694
8730,,-78.78322,35.759349
8731,,-78.783038,35.757922
8732,,-78.804783,35.776975
8733,,-78.792906,35.756928
8734,,-78.79006,35.757469
8735,,-78.793964,35.768542
8736,,-78.795757,35.768224
8737,,-78.796033,35.765933
8738,,-78.792473,35.761985
8739,,-78.787318,35.761432
8740,,-78.792751,35.759928
8741,,-78.783452,35.764835
8742,,-78.782453,35.767474
8743,,-78.802951,35.759984
8744,,-78.790348,35.771592
8745,,-78.792882,35.771629
8746,,-78.777308,35.769128
8747,,-78.781538,35.744924
8748,,-78.779153,35.740125
8749,,-78.785029,35.737343
8750,,-78.787587,35.73676
8751,,-78.780717,35.742231
8752,,-78.779894,35.739707
8753,,-78.785133,35.741366
8754,,-78.779992,35.722912
8755,,-78.797211,35.738612
8756,,-78.795797,35.738009
8757,,-78.793993,35.737511
8758,,-78.795462,35.737515
8759,,-78.795113,35.737814
8760,,-78.798329,35.738923
8761,,-78.798405,35.738744
8762,,-78.782614,35.738348
8763,,-78.797212,35.721605
8764,,-78.787358,35.739454
8765,,-78.794088,35.737752
8766,,-78.790823,35.737178
8767,,-78.793792,35.736921
8768,,-78.794811,35.737962
8769,,-78.788896,35.739565
8770,,-78.787682,35.736315
8771,,-78.790919,35.738256
8772,,-78.790603,35.736542
8773,,-78.792095,35.736987
8774,,-78.789813,35.732143
8775,,-78.81626,35.757152
8776,,-78.836305,35.776162
8777,,-78.834787,35.773616
8778,,-78.830664,35.769836
8779,,-78.818402,35.773498
8780,,-78.825153,35.771198
8781,,-78.829337,35.766807
8782,,-78.828164,35.76243
8783,,-78.822912,35.764031
8784,,-78.813611,35.765507
8785,,-78.821844,35.762032
8786,,-78.828445,35.760065
8787,,-78.826735,35.765747
8788,,-78.821142,35.744008
8789,,-78.830239,35.727159
8790,,-78.819962,35.745586
8791,,-78.825713,35.724765
8792,,-78.820672,35.722716
8793,,-78.821268,35.743778
8794,,-78.821359,35.743591
8795,,-78.804735,35.740436
8796,,-78.809733,35.741402
8797,,-78.812723,35.749964
8798,,-78.815324,35.747703
8799,,-78.804654,35.740618
8800,,-78.809669,35.741592
8801,,-78.801434,35.775864
8802,,-78.824055,35.723531
8803,,-78.797853,35.734723
8804,,-78.782384,35.747231
8805,,-78.78278,35.756196
8806,,-78.807475,35.771223
8807,,-78.800563,35.755168
8808,,-78.806249,35.757598
8809,,-78.808488,35.754963
8810,,-78.796788,35.735094
8811,,-78.817976,35.724937
8812,,-78.830107,35.75187
8813,,-78.806131,35.775481
8814,,-78.792477,35.709316
8815,,-78.798155,35.704279
8816,,-78.795041,35.698074
8817,,-78.794364,35.703293
8818,,-78.795848,35.664156
8819,,-78.796205,35.67044
8820,,-78.798543,35.667224
8821,,-78.838732,35.711501
8822,,-78.828302,35.654792
8823,,-78.830343,35.654815
8824,,-78.833785,35.653117
8825,,-78.83166,35.653962
8826,,-78.831933,35.653102
8827,,-78.835957,35.660692
8828,,-78.831387,35.654825
8829,,-78.82843,35.680905
8830,,-78.834633,35.669533
8831,,-78.835833,35.663214
8832,,-78.815991,35.65596
8833,,-78.823987,35.654841
8834,,-78.81691,35.679025
8835,,-78.807696,35.679344
8836,,-78.801716,35.67082
8837,,-78.833601,35.683303
8838,,-78.801088,35.713781
8839,,-78.809839,35.657101
8840,,-78.800637,35.664639
8841,,-78.797192,35.689025
8842,,-78.793698,35.674526
8843,,-78.804518,35.706618
8844,,-78.846009,35.773715
8845,,-78.850513,35.754495
8846,,-78.849141,35.753153
8847,,-78.854324,35.756626
8848,,-78.858856,35.767525
8849,,-78.844477,35.734118
8850,,-78.845337,35.730698
8851,,-78.842114,35.723081
8852,,-78.845392,35.723081
8853,,-78.853198,35.72687
8854,,-78.85309,35.728666
8855,,-78.851606,35.730748
8856,,-78.855798,35.7226
8857,,-78.851446,35.726254
8858,,-78.846457,35.731102
8859,,-78.847852,35.729241
8860,,-78.847934,35.724909
8861,,-78.849929,35.725725
8862,,-78.867836,35.74102
8863,,-78.860464,35.731531
8864,,-78.850328,35.743773
8865,,-78.856065,35.749778
8866,,-78.856483,35.735468
8867,,-78.853848,35.736016
8868,,-78.84903,35.735694
8869,,-78.850329,35.732508
8870,,-78.855781,35.724894
8871,,-78.857607,35.728765
8872,,-78.854153,35.727182
8873,,-78.874488,35.767388
8874,,-78.885832,35.758387
8875,,-78.901993,35.765928
8876,,-78.875729,35.748606
8877,,-78.877295,35.723259
8878,,-78.882246,35.723284
8879,,-78.896039,35.735039
8880,,-78.861201,35.732831
8881,,-78.866791,35.765635
8882,,-78.875677,35.761033
8883,,-78.870041,35.758435
8884,,-78.875295,35.722748
8885,,-78.876264,35.749439
8886,,-78.874791,35.749911
8887,,-78.869815,35.748867
8888,,-78.875281,35.74842
8889,,-78.871961,35.744868
8890,,-78.874671,35.747409
8891,,-78.870415,35.748628
8892,,-78.879986,35.747856
8893,,-78.873403,35.773137
8894,,-78.856104,35.749968
8895,,-78.869796,35.720515
8896,,-78.896101,35.755168
8897,,-78.86257,35.735706
8898,,-78.851389,35.749243
8899,,-78.851022,35.750239
8900,,-78.859521,35.697082
8901,,-78.853427,35.660574
8902,,-78.856633,35.667372
8903,,-78.868773,35.678188
8904,,-78.843767,35.720655
8905,,-78.851097,35.72284
8906,,-78.793808,35.715594
8907,,-78.787972,35.716477
8908,,-78.786602,35.720235
8909,,-78.895938,35.721134
8910,,-78.830358,35.745924
8911,,-78.847794,35.749151
8912,,-78.835337,35.747795
8913,,-78.842375,35.748802
8914,,-78.821892,35.72392
8915,,-78.839889,35.713632
8916,,-78.861148,35.710681
8917,,-78.874118,35.717134
8918,,-78.845814,35.750534
8919,,-78.827701,35.72256
8920,,-78.842901,35.711993
8921,,-78.837179,35.717605
8922,,-78.841377,35.729313
8923,,-78.839751,35.729169
8924,,-78.820454,35.722549
8925,,-78.809719,35.714236
8926,,-78.840467,35.655122
8927,,-78.834271,35.654863
8928,,-78.799166,35.718385
8929,,-78.798598,35.714748
8930,,-78.888695,35.721696
8931,,-78.882335,35.706741
8932,,-78.840765,35.71517
8933,,-78.842786,35.718927
8934,,-78.837981,35.716619
8935,,-78.838865,35.754051
8936,,-78.833349,35.674774
8937,,-78.856355,35.718326
8938,,-78.837936,35.741883
8939,,-78.840468,35.723077
8940,,-78.654258,35.782047
8941,,-78.71666,35.786427
8942,,-78.76886,35.741998
8943,,-78.776263,35.741374
8944,,-78.841738,35.780053
8945,,-78.744746,35.788958
8946,,-78.837444,35.780478
8947,,-78.770716,35.823772
8948,,-78.794862,35.783314
8949,,-78.774697,35.803022
8950,,-78.770619,35.802805
8951,,-78.783318,35.783075
8952,,-78.773737,35.774148
8953,,-78.776667,35.775078
8954,,-78.807235,35.78339
8955,,-78.799403,35.783459
8956,,-78.800284,35.781748
8957,,-78.833093,35.786898
8958,,-78.765931,35.705741
8959,,-78.78023,35.787378
8960,,-78.775413,35.763337
8961,,-78.84732,35.785072
8962,,-78.774005,35.767099
8963,,-78.848218,35.782325
8964,,-78.682274,35.78393
8965,,-78.684079,35.779527
8966,,-78.678831,35.782203
8967,,-78.682418,35.783706
8968,,-78.678717,35.782433
8969,,-78.677099,35.783769
8970,,-78.770489,35.905476
8971,,-78.772569,35.905784
8972,,-78.77518,35.907736
8973,,-78.762653,35.899188
8974,,-78.773313,35.906913
8975,,-78.766621,35.90654
8976,,-78.777323,35.909214
8977,,-78.768663,35.903078
8978,,-78.775355,35.903414
8979,,-78.766257,35.902277
8980,,-78.776682,35.9036
8981,,-78.772619,35.904974
8982,,-78.780894,35.900859
8983,,-78.772778,35.812404
8984,,-78.771322,35.81985
8985,,-78.818353,35.784742
8986,,-78.792867,35.783541
8987,,-78.693802,35.784179
8988,,-78.675201,35.781237
8989,,-78.670853,35.782994
8990,,-78.692316,35.784359
8991,,-78.706263,35.785899
8992,,-78.707115,35.782607
8993,,-78.655247,35.782649
8994,,-78.713373,35.777635
8995,,-78.712774,35.782873
8996,,-78.770992,35.807744
8997,,-78.774041,35.799571
8998,,-78.77394,35.788382
8999,,-78.776546,35.78758
9000,,-78.665429,35.782849
9001,,-78.665796,35.782082
9002,,-78.663514,35.785186
9003,,-78.77166,35.778184
9004,,-78.862765,35.788842
9005,,-78.778462,35.698649
9006,,-78.748559,35.780645
9007,,-78.700727,35.783622
9008,,-78.746461,35.776642
9009,,-78.750604,35.77987
9010,,-78.749481,35.784418
9011,,-78.749011,35.784997
9012,,-78.746701,35.780597
9013,,-78.768633,35.750484
9014,,-78.770828,35.747703
9015,,-78.76809,35.750542
9016,,-78.775859,35.746372
9017,,-78.776152,35.746411
9018,,-78.773042,35.7495
9019,,-78.796881,35.779608
9020,,-78.79353,35.782728
9021,,-78.773735,35.792465
9022,,-78.650702,35.784007
9023,,-78.650572,35.780904
9024,,-78.658386,35.781924
9025,,-78.655899,35.783173
9026,,-78.729835,35.779813
9027,,-78.761149,35.709272
9028,,-78.687139,35.78126
9029,,-78.687043,35.78498
9030,,-78.774241,35.755695
9031,,-78.768055,35.833661
9032,,-78.794024,35.847031
9033,,-78.777751,35.69106
9034,,-78.772248,35.695223
9035,,-78.769315,35.727618
9036,,-78.777176,35.729261
9037,,-78.778542,35.82064
9038,,-78.771485,35.819184
9039,,-78.774318,35.830129
9040,,-78.770101,35.827429
9041,,-78.807008,35.779773
9042,,-78.809983,35.78345
9043,,-78.647461,35.782828
9044,,-78.647571,35.780716
9045,,-78.872401,35.778476
9046,,-78.8708,35.78774
9047,,-78.794227,35.662305
9048,,-78.721206,35.78108
9049,,-78.721688,35.785175
9050,,-78.780447,35.782501
9051,,-78.781246,35.78306
9052,,-78.776383,35.81409
9053,,-78.773681,35.81654
9054,,-78.702877,35.781544
9055,,-78.702965,35.784842
9056,,-78.697193,35.783764
9057,,-78.700466,35.783425
9058,,-78.702469,35.781627
9059,,-78.794439,35.847549
9060,,-78.769067,35.834363
9061,,-78.856232,35.784321
9062,,-78.860669,35.774999
9063,,-78.769769,35.697321
9064,,-78.784124,35.686121
9065,,-78.778577,35.734839
9066,,-78.777051,35.782302
9067,,-78.669196,35.782374
9068,,-78.776548,35.790618
9069,,-78.773818,35.789942
9070,,-78.901702,35.790034
9071,,-78.771621,35.898049
9072,,-78.789563,35.877685
9073,,-78.930908,35.794381
9074,,-78.942995,35.825228
9075,,-78.91799,35.820245
9076,,-78.920058,35.814939
9077,,-78.909707,35.729099
9078,,-78.949869,35.74131
9079,,-78.949384,35.740365
9080,,-78.951027,35.724875
9081,,-78.936471,35.771999
9082,,-78.948859,35.776294
9083,,-78.948397,35.737306
9084,,-78.93498,35.730027
9085,,-78.93077,35.669672
9086,,-78.930086,35.667331
9087,,-78.930333,35.668186
9088,,-78.933519,35.675478
9089,,-78.943785,35.676367
9090,,-78.927744,35.684576
9091,,-78.941233,35.703914
9092,,-78.935621,35.680974
9093,,-78.938459,35.686827
9094,,-78.973743,35.66031
9095,,-78.993427,35.679526
9096,,-78.977081,35.661089
9097,,-78.947429,35.731507
9098,,-78.954351,35.722286
9099,,-78.98998,35.723034
9100,,-78.950342,35.673874
9101,,-78.951577,35.722591
9102,,-78.927251,35.772666
9103,,-78.902303,35.822334
9104,,-78.899893,35.842224
9105,,-78.909765,35.842936
9106,,-78.915717,35.776307
9107,,-78.902762,35.77886
9108,,-78.655589,35.912564
9109,,-78.651799,35.910282
9110,,-78.650982,35.912801
9111,,-78.676162,35.913834
9112,,-78.781981,35.91242
9113,,-78.788991,35.917412
9114,,-78.905324,35.724608
9115,,-78.728357,35.912411
9116,,-78.723329,35.911903
9117,,-78.723014,35.912208
9118,,-78.900305,35.798915
9119,,-78.899794,35.75985
9120,,-78.92744,35.670271
9121,,-78.853615,35.706228
9122,,-78.90592,35.730005
9123,,-78.900771,35.733367
9124,,-78.903067,35.808941
9125,,-78.681863,35.914018
9126,,-78.842532,35.712032
9127,,-78.92739,35.6701
9128,,-78.906668,35.862818
9129,,-78.899933,35.662238
9130,,-78.90613,35.669562
9131,,-78.795286,35.908222
9132,,-78.804184,35.918831
9133,,-78.913319,35.692553
9134,,-78.896434,35.699604
9135,,-78.71059,35.916438
9136,,-78.899557,35.834943
9137,,-78.681844,35.912802
9138,,-78.781825,35.912574
9139,,-78.642068,35.805295
9140,,-78.641548,35.878365
9141,,-78.644488,35.747128
9142,,-78.640945,35.740226
9143,,-78.643367,35.851019
9144,,-78.643075,35.851848
9145,,-78.643806,35.761378
9146,,-78.643977,35.773073
9147,,-78.643042,35.773038
9148,,-78.643311,35.781358
9149,,-78.642393,35.781323
9150,,-78.642585,35.759887
9151,,-78.643903,35.722055
9152,,-78.64681,35.723655
9153,,-78.640047,35.858104
9154,,-78.645842,35.804035
9155,,-78.641933,35.801614
9156,,-78.637869,35.847673
9157,,-78.644341,35.847412
9158,,-78.642906,35.765892
9159,,-78.643615,35.775744
9160,,-78.641961,35.77568
9161,,-78.646488,35.910383
9162,,-78.64617,35.910584
9163,,-78.643512,35.769132
9164,,-78.641471,35.769107
9165,,-78.64147,35.707864
9166,,-78.641522,35.950139
9167,,-78.635724,36.019486
9168,,-78.638663,36.043398
9169,,-78.648198,35.808071
9170,,-78.641523,35.887647
9171,,-78.654094,35.864829
9172,,-78.638067,35.861468
9173,,-78.646882,35.832858
9174,,-78.643675,35.814609
9175,,-78.637504,35.818509
9176,,-78.642737,35.872733
9177,,-78.64693,35.723505
9178,,-78.644036,35.721915
9179,,-78.646035,35.800656
9180,,-78.646194,35.897812
9181,,-78.644033,35.770571
9182,,-78.641718,35.7805
9183,,-78.643354,35.780558
9184,,-78.639967,35.978973
9185,,-78.64259,35.751186
9186,,-78.643749,35.748255
9187,,-78.642354,35.723874
9188,,-78.643758,35.86956
9189,,-78.637529,35.864879
9190,,-78.665802,35.836731
9191,,-78.643125,35.835239
9192,,-78.644016,35.838748
9193,,-78.644093,35.731377
9194,,-78.6407,35.730883
9195,,-78.643318,35.842867
9196,,-78.642997,35.841708
9197,,-78.642265,35.772256
9198,,-78.644173,35.772302
9199,,-78.64178,36.034335
9200,,-78.652138,36.026885
9201,,-78.648242,35.966519
9202,,-78.641906,35.954759
9203,,-78.642494,35.92297
9204,,-78.647656,35.943305
9205,,-78.64282,35.943754
9206,,-78.645308,35.688185
9207,,-78.643281,35.781954
9208,,-78.642587,35.785198
9209,,-78.642303,35.779701
9210,,-78.64339,35.779736
9211,,-78.64112,35.754312
9212,,-78.643984,35.753661
9213,,-78.64188,35.796396
9214,,-78.644436,35.797611
9215,,-78.643616,35.788549
9216,,-78.642922,35.788386
9217,,-78.648357,35.709678
9218,,-78.64149,35.709669
9219,,-78.646644,35.743978
9220,,-78.640595,35.74263
9221,,-78.64125,35.856148
9222,,-78.641888,35.77701
9223,,-78.643521,35.777067
9224,,-78.643465,35.778415
9225,,-78.641821,35.778352
9226,,-78.644161,35.753853
9227,,-78.641102,35.754547
9228,,-78.640652,35.834773
9229,,-78.665547,35.836594
9230,,-78.641554,35.720582
9231,,-78.597923,35.604835
9232,,-78.598762,35.609987
9233,,-78.630162,35.639216
9234,,-78.633916,35.590176
9235,,-78.621411,35.59172
9236,,-78.628501,35.591095
9237,,-78.592272,35.61423
9238,,-78.603301,35.61775
9239,,-78.610408,35.630317
9240,,-78.613606,35.636002
9241,,-78.664845,35.610995
9242,,-78.687904,35.637329
9243,,-78.65554,35.61929
9244,,-78.671185,35.636875
9245,,-78.668376,35.620999
9246,,-78.666168,35.612534
9247,,-78.683801,35.61577
9248,,-78.671305,35.634547
9249,,-78.68886,35.601973
9250,,-78.688566,35.568091
9251,,-78.718304,35.628478
9252,,-78.719502,35.62764
9253,,-78.731814,35.624452
9254,,-78.730501,35.627656
9255,,-78.720278,35.593028
9256,,-78.731576,35.595535
9257,,-78.73749,35.610763
9258,,-78.72172,35.593182
9259,,-78.719484,35.602586
9260,,-78.72869,35.590949
9261,,-78.752838,35.630211
9262,,-78.773556,35.590933
9263,,-78.753534,35.600791
9264,,-78.759205,35.596794
9265,,-78.758872,35.59557
9266,,-78.74968,35.623835
9267,,-78.743288,35.639685
9268,,-78.757008,35.6159
9269,,-78.73931,35.63166
9270,,-78.744106,35.63184
9271,,-78.746019,35.606999
9272,,-78.737218,35.614528
9273,,-78.723732,35.618569
9274,,-78.72334,35.6249
9275,,-78.746777,35.591503
9276,,-78.735188,35.571083
9277,,-78.724694,35.554214
9278,,-78.723297,35.563624
9279,,-78.719301,35.574656
9280,,-78.726929,35.581794
9281,,-78.755697,35.571716
9282,,-78.754755,35.562258
9283,,-78.764518,35.567322
9284,,-78.77034,35.572588
9285,,-78.761367,35.564534
9286,,-78.746614,35.536933
9287,,-78.734905,35.578408
9288,,-78.754536,35.560094
9289,,-78.736175,35.562069
9290,,-78.741157,35.550533
9291,,-78.747633,35.540178
9292,,-78.743704,35.538268
9293,,-78.727935,35.556223
9294,,-78.75686,35.582908
9295,,-78.698351,35.593024
9296,,-78.718426,35.593482
9297,,-78.712069,35.640801
9298,,-78.710707,35.557075
9299,,-78.691727,35.557514
9300,,-78.773161,35.588566
9301,,-78.692556,35.581743
9302,,-78.675982,35.584007
9303,,-78.690527,35.591034
9304,,-78.719848,35.582044
9305,,-78.72172,35.592676
9306,,-78.732396,35.583219
9307,,-78.732533,35.590373
9308,,-78.714459,35.635546
9309,,-78.698813,35.634638
9310,,-78.785359,35.627944
9311,,-78.798706,35.63703
9312,,-78.787027,35.627981
9313,,-78.779121,35.591811
9314,,-78.784516,35.591796
9315,,-78.793035,35.592544
9316,,-78.800771,35.598987
9317,,-78.799162,35.595653
9318,,-78.798678,35.593667
9319,,-78.799558,35.589052
9320,,-78.793768,35.592952
9321,,-78.799154,35.597458
9322,,-78.789047,35.607193
9323,,-78.787155,35.592239
9324,,-78.785624,35.591752
9325,,-78.79306,35.591466
9326,,-78.790551,35.596484
9327,,-78.834628,35.646434
9328,,-78.834575,35.649902
9329,,-78.835317,35.646447
9330,,-78.833475,35.64644
9331,,-78.833663,35.64981
9332,,-78.836895,35.644506
9333,,-78.833277,35.644492
9334,,-78.831123,35.637673
9335,,-78.811681,35.59809
9336,,-78.824025,35.597066
9337,,-78.837149,35.597655
9338,,-78.790358,35.621354
9339,,-78.803855,35.60396
9340,,-78.797293,35.615098
9341,,-78.804372,35.605026
9342,,-78.807407,35.600549
9343,,-78.803045,35.602399
9344,,-78.811543,35.615391
9345,,-78.787073,35.576546
9346,,-78.796938,35.581988
9347,,-78.7955,35.580256
9348,,-78.799761,35.582887
9349,,-78.797016,35.584321
9350,,-78.799753,35.581997
9351,,-78.800099,35.577635
9352,,-78.793846,35.578205
9353,,-78.789037,35.577839
9354,,-78.795998,35.57326
9355,,-78.800594,35.573435
9356,,-78.792289,35.575981
9357,,-78.790312,35.573328
9358,,-78.786468,35.567156
9359,,-78.786474,35.557451
9360,,-78.808131,35.58442
9361,,-78.801046,35.568513
9362,,-78.851692,35.632195
9363,,-78.87342,35.624345
9364,,-78.84942,35.565239
9365,,-78.849584,35.562998
9366,,-78.870538,35.5697
9367,,-78.85014,35.567089
9368,,-78.817019,35.58159
9369,,-78.794934,35.584319
9370,,-78.782532,35.58384
9371,,-78.780927,35.587932
9372,,-78.865638,35.580249
9373,,-78.874495,35.607537
9374,,-78.788448,35.584183
9375,,-78.802044,35.584386
9376,,-78.844743,35.575877
9377,,-78.839576,35.603071
9378,,-78.84001,35.608355
9379,,-78.842965,35.579772
9380,,-78.843448,35.639101
9381,,-78.793093,35.587604
9382,,-78.793169,35.5843
9383,,-78.799887,35.587757
9384,,-78.799812,35.584339
9385,,-78.830371,35.577079
9386,,-78.837176,35.56713
9387,,-78.842325,35.571066
9388,,-78.838308,35.590339
9389,,-78.776249,35.624384
9390,,-78.779472,35.571397
9391,,-78.771264,35.57102
9392,,-78.769969,35.630182
9393,,-78.779596,35.62791
9394,,-78.77627,35.591908
9395,,-78.773819,35.592565
9396,,-78.774329,35.602488
9397,,-78.915,35.623521
9398,,-78.995146,35.610094
9399,,-79.002652,35.627269
9400,,-78.641369,35.628448
9401,,-78.636294,35.597382
9402,,-78.634315,35.583461
9403,,-78.644926,35.644413
9404,,-78.640819,35.640519
9405,,-78.63622,35.61547
9406,,-78.650957,35.596361
9407,,-78.641992,35.58879
9408,,-78.832635,35.650817
9409,,-78.724476,35.642103
9410,,-78.750167,35.661123
9411,,-78.688131,35.653808
9412,,-78.630719,35.654971
9413,,-78.734224,35.65041
9414,,-78.727157,35.658674
9415,,-78.64567,35.653921
9416,,-78.650546,35.649058
9417,,-78.978298,35.657871
9418,,-78.933497,35.667504
9419,,-78.983179,35.644437
9420,,-78.826956,35.65294
9421,,-78.805863,35.644149
9422,,-78.673217,35.656762
9423,,-78.983115,35.644624
9424,,-78.933476,35.667727
9425,,-78.54697,35.661265
9426,,-78.791321,35.65829
9427,,-78.783522,35.644975
9428,,-78.566809,35.626876
9429,,-78.573627,35.692126
9430,,-78.740804,35.645047
9431,,-78.745118,35.659776
9432,,-78.925757,35.654838
9433,,-78.924862,35.649831
9434,,-78.818988,35.648448
9435,,-78.822906,35.652986
9436,,-78.83362,35.651226
9437,,-78.708115,35.648584
9438,,-78.705938,35.654027
9439,,-78.66813,35.649442
9440,,-78.666304,35.655503
9441,,-78.612911,35.657643
9442,,-78.540353,35.651245
9443,,-78.441499,36.015501
9444,,-78.35741,35.950552
9445,,-78.309638,35.897622
9446,,-78.704081,36.1703
9447,,-78.653723,35.483898
9448,,-78.333826,35.734265
9449,,-78.339526,35.758864
9450,,-78.856416,35.538246
9451,,-78.702431,35.533083
9452,,-78.268041,35.806014
9453,,-78.73927,35.509192
9454,,-78.947204,35.54794
9455,,-78.903692,35.988612
9456,,-78.873817,35.986126
9457,,-79.243152,36.077012
9458,,-78.748019,35.793448
9459,,-78.351593,35.729481
9460,,-78.576563,35.934754
9461,,-78.910002,35.823853
9462,,-78.706456,35.858884
9463,,-78.897822,35.861074
9464,,-78.868025,35.856806
9465,,-78.883798,35.927826
9466,,-78.877886,35.939547
9467,,-78.833682,35.697524
9468,,-78.915979,36.040479
9469,,-78.917075,36.042956
9470,,-78.428179,35.937553
9471,,-78.478719,35.900153
9472,,-78.436413,35.928766
9473,,-78.756048,35.933579
9474,,-78.865223,35.738562
9475,,-78.895416,35.740669
9476,,-78.867079,35.737809
9477,,-78.87383,35.745
9478,,-78.892715,35.741669
9479,,-78.872325,35.745205
9480,,-78.545096,35.77913
9481,,-78.902478,35.81884
9482,,-78.897413,35.828907
9483,,-78.856609,35.846358
9484,,-78.880229,35.847448
9485,,-78.84394,35.7639
9486,,-78.796294,35.679737
9487,,-78.728572,35.759232
9488,,-78.738299,35.771923
9489,,-78.810504,35.553424
9490,,-78.78347,35.550681
9491,,-78.776187,35.552353
9492,,-78.749947,35.562085
9493,,-78.725291,35.736038
9494,,-78.831409,35.638022
9495,,-78.568131,35.779844
9496,,-78.568676,35.780622
9497,,-78.571899,35.782597
9498,,-78.573156,35.781756
9499,,-78.560278,35.777352
9500,,-78.554591,35.77555
9501,,-78.554954,35.775898
9502,,-78.560701,35.777738
9503,,-78.527559,35.76924
9504,,-78.52909,35.770127
9505,,-78.522559,35.768583
9506,,-78.470222,35.766311
9507,,-78.470292,35.766525
9508,,-78.459672,35.768687
9509,,-78.459745,35.768899
9510,,-78.430991,35.799732
9511,,-78.431797,35.798288
9512,,-78.432447,35.80345
9513,,-78.423122,35.806462
9514,,-78.423348,35.806667
9515,,-78.422123,35.80718
9516,,-78.421892,35.806997
9517,,-78.424227,35.803883
9518,,-78.424262,35.803696
9519,,-78.434858,35.804258
9520,,-78.430354,35.804285
9521,,-78.465992,35.76832
9522,,-78.464166,35.766835
9523,,-78.520618,35.767344
9524,,-78.522611,35.76987
9525,,-78.560246,35.775786
9526,,-78.561513,35.778865
9527,,-78.5736,35.786716
9528,,-78.57439,35.787747
9529,,-78.573622,35.775607
9530,,-78.574011,35.773562
9531,,-78.568633,35.739447
9532,,-78.51926,35.719157
9533,,-78.509566,35.754308
9534,,-78.58812,35.867418
9535,,-78.571519,35.867468
9536,,-78.75616,35.919672
9537,,-78.613169,35.705761
9538,,-78.925837,35.793627
9539,,-78.925133,35.726891
9540,,-78.916865,35.70477
9541,,-78.940312,35.701651
9542,,-78.899839,35.698662
9543,,-78.728523,35.789488
9544,,-78.713467,35.817033
9545,,-78.85935,35.714601
9546,,-78.864938,35.721468
9547,,-78.86802,35.736614
9548,,-78.840075,35.733947
9549,,-78.83522,35.694623
9550,,-78.848461,35.657593
9551,,-78.848693,35.65767
9552,,-78.847114,35.651297
9553,,-78.847332,35.651239
9554,,-78.833416,35.639345
9555,,-78.833258,35.639487
9556,,-78.491853,35.969693
9557,,-78.517584,35.966373
9558,,-78.517629,35.966222
9559,,-78.923932,35.947972
9560,,-78.91923,35.775152
9561,,-78.892313,35.736351
9562,,-78.89084,35.845817
9563,,-78.861876,35.832745
9564,,-78.886414,35.859784
9565,,-78.837109,35.836209
9566,,-78.480863,35.916375
9567,,-78.509733,35.950087
9568,,-78.501587,35.957915
9569,,-78.49536,35.991177
9570,,-78.502724,35.99299
9571,,-78.375973,35.801356
9572,,-78.334119,35.850337
9573,,-78.340121,35.842408
9574,,-78.338539,35.835093
9575,,-78.338671,35.835318
9576,,-78.335777,35.821749
9577,,-78.558159,35.816659
9578,,-78.556568,35.813016
9579,,-78.513545,35.825628
9580,,-78.502711,35.817762
9581,,-78.529918,35.848178
9582,,-78.521905,35.842368
9583,,-78.408103,35.792039
9584,,-78.674398,35.764286
9585,,-78.693032,35.69576
9586,,-78.909937,35.616258
9587,,-78.839034,35.642617
9588,,-78.788823,35.603049
9589,,-78.818945,35.623428
9590,,-78.791712,35.628136
9591,,-78.755014,35.599636
9592,,-78.510175,35.72898
9593,,-78.456459,35.788033
9594,,-78.442644,35.783565
9595,,-78.439382,35.827855
9596,,-78.399689,35.827703
9597,,-78.365917,35.836915
9598,,-78.900367,35.829201
9599,,-78.862358,35.707013
9600,,-78.892498,35.754949
9601,,-78.845624,35.840662
9602,,-78.82828,35.821566
9603,,-78.849577,35.865843
9604,,-78.471052,35.927667
9605,,-78.490928,35.967569
9606,,-78.465508,36.016148
9607,,-78.471731,36.032223
9608,,-78.43936,35.782144
9609,,-78.445468,35.778104
9610,,-78.43986,35.783325
9611,,-78.445696,35.778222
9612,,-78.440003,35.783521
9613,,-78.844847,35.861238
9614,,-78.845037,35.861469
9615,,-78.834203,35.875428
9616,,-78.833598,35.870198
9617,,-78.833451,35.869529
9618,,-78.830904,35.872737
9619,,-78.830497,35.873005
9620,,-78.830473,35.872701
9621,,-78.831471,35.873648
9622,,-78.989387,35.93284
9623,,-79.009105,35.907389
9624,,-79.009204,35.90591
9625,,-79.002776,35.914071
9626,,-78.986702,35.952112
9627,,-78.984459,35.951513
9628,,-79.043167,35.897642
9629,,-78.782966,35.919056
9630,,-78.97375,35.963377
9631,,-78.973653,35.963242
9632,,-79.022045,35.955683
9633,,-79.10295,35.936276
9634,,-78.929003,36.060751
9635,,-78.937297,36.057238
9636,,-79.084578,35.94374
9637,,-78.889837,35.874359
9638,,-78.889535,35.874886
9639,,-78.879294,35.875483
9640,,-78.873651,35.875563
9641,,-78.889984,35.873462
9642,,-78.882808,35.874951
9643,,-79.076544,35.938354
9644,,-78.799387,35.940425
9645,,-78.80579,35.937627
9646,,-78.77385,35.933494
9647,,-78.883797,35.876995
9648,,-78.84365,35.973998
9649,,-78.843338,35.96656
9650,,-79.088956,35.901076
9651,,-78.860166,36.011652
9652,,-78.845824,36.002451
9653,,-78.886411,35.929902
9654,,-78.850792,35.870227
9655,,-79.076368,35.895452
9656,,-79.079771,35.891685
9657,,-79.085531,35.894934
9658,,-78.860955,36.053332
9659,,-78.84431,36.035131
9660,,-78.839665,36.029006
9661,,-78.837281,36.024048
9662,,-78.821162,35.979493
9663,,-79.101334,36.047694
9664,,-78.891684,36.034336
9665,,-78.776959,35.958151
9666,,-78.771805,35.941984
9667,,-78.88842,36.045712
9668,,-78.848177,35.860661
9669,,-78.881149,35.84403
9670,,-78.851835,35.859429
9671,,-78.846166,35.862638
9672,,-78.839038,35.863601
9673,,-78.839189,35.86384
9674,,-78.880604,35.843905
9675,,-78.885101,35.838966
9676,,-78.513854,35.795714
9677,,-78.524212,35.846911
9678,,-78.514863,35.802205
9679,,-78.515642,35.795454
9680,,-78.513837,35.795527
9681,,-78.517362,35.795528
9682,,-78.515112,35.801711
9683,,-78.517348,35.795356
9684,,-78.522202,35.842058
9685,,-78.523357,35.850574
9686,,-78.523222,35.851038
9687,,-78.52099,35.846268
9688,,-78.544859,35.858497
9689,,-78.544788,35.85804
9690,,-78.552001,35.865156
9691,,-78.552298,35.864968
9692,,-78.547878,35.863385
9693,,-78.549821,35.860817
9694,,-78.570203,35.874116
9695,,-78.568742,35.872522
9696,,-78.568297,35.874308
9697,,-78.563311,35.872358
9698,,-78.562691,35.872387
9699,,-78.506018,35.772658
9700,,-78.515627,35.789769
9701,,-78.515377,35.789342
9702,,-78.506458,35.767025
9703,,-78.496023,35.767557
9704,,-78.515593,35.767827
9705,,-78.506957,35.77243
9706,,-78.512365,35.767806
9707,,-78.540764,35.965281
9708,,-78.54226,35.961823
9709,,-78.541122,35.969165
9710,,-78.539602,35.965364
9711,,-78.560465,35.975652
9712,,-78.556536,35.971026
9713,,-78.556686,35.970952
9714,,-78.544247,35.965429
9715,,-78.542497,35.961632
9716,,-78.542925,35.965523
9717,,-78.541144,35.970502
9718,,-78.565728,35.637509
9719,,-78.56461,35.655493
9720,,-78.884403,35.78401
9721,,-78.888257,35.782468
9722,,-78.860993,35.702579
9723,,-78.882603,35.691872
9724,,-78.877718,35.694076
9725,,-78.866603,35.699587
9726,,-78.840991,35.686183
9727,,-78.840782,35.685959
9728,,-78.839029,35.689738
9729,,-78.838855,35.689598
9730,,-78.668642,35.648077
9731,,-78.605664,35.621881
9732,,-78.565966,35.634498
9733,,-78.506808,35.76738
9734,,-78.545878,35.660866
9735,,-78.5372,35.68346
9736,,-78.536094,35.682916
9737,,-78.505237,35.767591
9738,,-78.580048,35.876287
9739,,-79.076394,35.93484
9740,,-78.67574,35.755831
9741,,-78.846322,35.879443
9742,,-78.876332,35.896697
9743,,-78.875737,35.895572
9744,,-78.867824,35.876392
9745,,-78.865535,35.876772
9746,,-78.866715,35.870226
9747,,-78.865508,35.848966
9748,,-78.861376,35.857582
9749,,-78.870082,35.847154
9750,,-78.865865,35.854307
9751,,-78.793194,35.846506
9752,,-78.769292,35.83423
9753,,-78.758467,35.828705
9754,,-78.747712,35.822717
9755,,-78.742273,35.798128
9756,,-78.747753,35.789
9757,,-78.749229,35.785913
9758,,-78.745633,35.775715
9759,,-78.7409,35.7717
9760,,-78.731501,35.759195
9761,,-78.660065,35.756544
9762,,-78.655447,35.754875
9763,,-78.618763,35.756014
9764,,-78.571831,35.688828
9765,,-78.56458,35.655839
9766,,-78.566846,35.626407
9767,,-78.56716,35.614057
9768,,-78.566907,35.614074
9769,,-78.566547,35.626371
9770,,-78.564344,35.655801
9771,,-78.570935,35.687656
9772,,-78.618907,35.756236
9773,,-78.655302,35.755076
9774,,-78.730758,35.758957
9775,,-78.748836,35.785862
9776,,-78.747412,35.788861
9777,,-78.741885,35.798072
9778,,-78.73944,35.80637
9779,,-78.747587,35.82298
9780,,-78.758294,35.82895
9781,,-78.769326,35.834472
9782,,-78.793055,35.846654
9783,,-78.848674,35.890911
9784,,-78.848372,35.890451
9785,,-78.854788,35.893439
9786,,-78.853266,35.892743
9787,,-78.860019,35.894641
9788,,-78.864446,35.896088
9789,,-78.8648,35.896695
9790,,-78.875428,35.900966
9791,,-78.882289,35.903695
9792,,-78.883655,35.904457
9793,,-78.921807,35.90945
9794,,-78.899967,35.907259
9795,,-78.930978,35.909473
9796,,-78.931701,35.909219
9797,,-78.979256,35.910116
9798,,-78.979651,35.910224
9799,,-78.86512,35.963537
9800,,-78.864968,35.912257
9801,,-78.865251,35.911034
9802,,-78.869341,35.906196
9803,,-78.870217,35.906423
9804,,-78.863085,35.994598
9805,,-78.863043,35.993148
9806,,-78.862844,35.993155
9807,,-78.868038,35.969659
9808,,-78.862802,35.991226
9809,,-78.86289,35.99458
9810,,-78.957812,35.969588
9811,,-78.961845,35.96979
9812,,-78.960711,35.97313
9813,,-78.957904,35.973535
9814,,-78.958129,35.970699
9815,,-78.959179,35.970635
9816,,-78.708321,35.778116
9817,,-78.70573,35.779115
9818,,-78.708723,35.776726
9819,,-78.707467,35.777836
9820,,-78.798717,35.84989
9821,,-78.798757,35.85022
9822,,-78.815885,35.860797
9823,,-78.814735,35.861219
9824,,-78.745776,35.761536
9825,,-78.744147,35.761087
9826,,-78.838879,35.642758
9827,,-78.427653,35.804391
9828,,-78.690776,35.824192
9829,,-78.619553,35.862632
9830,,-78.783396,35.91106
9831,,-78.785308,35.908809
9832,,-78.636907,35.763451
9833,,-78.568402,35.798898
9834,,-78.56837,35.799136
9835,,-78.564207,35.803487
9836,,-78.631171,35.75139
9837,,-78.622934,35.749215
9838,,-78.64588,35.781425
9839,,-78.946697,35.995507
9840,,-79.0116,35.942816
9841,,-79.008706,35.944254
9842,,-79.011109,35.899339
9843,,-79.075528,35.948279
9844,,-79.071396,35.923157
9845,,-79.071918,35.921936
9846,,-79.057455,35.961147
9847,,-79.055692,35.963966
9848,,-79.016267,35.90531
9849,,-79.016374,35.905124
9850,,-79.011135,35.900606
9851,,-78.672912,35.775074
9852,,-78.684126,35.779751
9853,,-78.703075,35.795332
9854,,-78.707699,35.797889
9855,,-79.067315,35.951657
9856,,-79.020867,35.907256
9857,,-79.020947,35.907072
9858,,-79.007602,35.91305
9859,,-79.093498,35.922502
9860,,-78.911145,36.005532
9861,,-78.930051,36.003163
9862,,-78.889561,35.983921
9863,,-78.911955,35.973729
9864,,-78.711153,35.792271
9865,,-78.914217,36.019784
9866,,-78.913612,36.0193
9867,,-78.913086,36.01692
9868,,-78.912971,36.018799
9869,,-78.904734,35.998042
9870,,-78.889568,35.9886
9871,,-78.865375,35.971944
9872,,-78.863498,35.97066
9873,,-78.884668,36.01077
9874,,-78.885906,36.008703
9875,,-78.884918,36.005104
9876,,-78.883364,36.003832
9877,,-78.870555,35.993041
9878,,-78.85079,36.004829
9879,,-78.852047,36.004551
9880,,-78.904818,36.064497
9881,,-78.911523,36.052587
9882,,-78.919548,36.050486
9883,,-78.890015,36.047824
9884,,-78.900831,36.040101
9885,,-78.898648,36.03876
9886,,-78.897224,36.036601
9887,,-78.904991,35.998644
9888,,-78.950356,35.974754
9889,,-78.949427,35.975029
9890,,-78.932507,35.966803
9891,,-78.908963,35.957222
9892,,-78.954718,36.005703
9893,,-78.905133,35.997855
9894,,-78.940724,35.911161
9895,,-78.938569,35.903769
9896,,-78.939959,35.900883
9897,,-78.945771,35.912169
9898,,-78.888804,35.963772
9899,,-78.889822,35.965027
9900,,-78.890844,36.035396
9901,,-78.893573,36.035731
9902,,-78.876933,36.02373
9903,,-78.994414,35.954387
9904,,-78.994452,35.948463
9905,,-78.934762,35.97385
9906,,-78.934566,35.97437
9907,,-78.92851,35.97443
9908,,-78.925016,35.974919
9909,,-78.957332,35.922187
9910,,-78.95595,35.922619
9911,,-78.979021,36.032969
9912,,-78.888823,35.915157
9913,,-78.864949,35.892252
9914,,-78.840546,35.878362
9915,,-78.838886,35.876748
9916,,-78.865601,35.99378
9917,,-78.847663,35.987713
9918,,-78.842091,35.982465
9919,,-78.871085,35.994694
9920,,-78.854153,35.996663
9921,,-78.855576,35.9943
9922,,-78.830991,35.995869
9923,,-78.866196,36.098008
9924,,-78.883866,35.865267
9925,,-78.870868,35.866299
9926,,-78.625199,35.708018
9927,,-78.706575,35.805563
9928,,-78.706469,35.806005
9929,,-78.674231,35.838462
9930,,-78.849887,35.886111
9931,,-78.736808,35.725925
9932,,-78.736506,35.733087
9933,,-78.878401,35.856092
9934,,-78.860501,35.893462
9935,,-78.669539,35.788084
9936,,-78.728333,35.759955
9937,,-78.898588,35.993526
9938,,-78.929234,35.938729
9939,,-78.953859,35.926905
9940,,-78.835439,35.74762
9941,,-78.406891,35.770033
9942,,-78.854152,35.843022
9943,,-78.801578,35.869666
9944,,-78.589495,35.873931
9945,,-78.936971,35.906576
9946,,-78.937331,35.905944
9947,,-78.817754,35.904024
9948,,-78.678179,35.761317
9949,,-78.659869,35.756747
9950,,-78.611047,35.811436
9951,,-78.608193,35.81259
9952,,-78.85982,35.904583
9953,,-78.68525,35.844439
9954,,-78.648294,35.808029
9955,,-78.645056,35.910033
9956,,-78.552789,35.86593
9957,,-78.553092,35.865764
9958,,-78.863096,35.995045
9959,,-78.830856,36.064699
9960,,-79.092209,36.033723
9961,,-79.121517,36.051919
9962,,-79.092411,36.033636
9963,,-79.066572,35.973131
9964,,-79.078661,36.05779
9965,,-79.078558,36.057945
9966,,-78.818401,36.043915
9967,,-78.817942,36.044376
9968,,-78.941952,36.01538
9969,,-79.041424,36.102387
9970,,-78.863479,36.017117
9971,,-78.886715,35.980836
9972,,-78.887443,35.980919
9973,,-78.868043,35.96892
9974,,-78.856886,35.620712
9975,,-78.841001,35.618117
9976,,-78.925738,35.713407
9977,,-78.837671,35.948088
9978,,-78.788529,35.916968
9979,,-78.702863,36.175006
9980,,-78.75267,36.084479
9981,,-78.726021,36.153343
9982,,-78.47312,36.084923
9983,,-78.466794,36.10404
9984,,-78.4983,36.042203
9985,,-78.510439,36.024925
9986,,-78.468753,36.067084
9987,,-78.989458,35.955056
9988,,-78.989553,35.955181
9989,,-78.977918,35.960971
9990,,-78.976672,35.961163
9991,,-78.97806,35.96109
9992,,-78.782721,35.913188
9993,,-78.780466,35.914535
9994,,-78.782464,35.911956
9995,,-78.543713,35.922585
9996,,-78.895166,35.887615
9997,,-78.82675,36.025256
9998,,-78.812442,36.033496
9999,,-78.775229,36.051672
10000,,-78.579834,35.79609
10001,,-78.579985,35.796255
10002,,-78.594881,35.806269
10003,,-78.899993,36.002001
10004,,-78.960441,35.908246
10005,,-78.742391,35.75894
10006,,-78.748777,35.763983
10007,,-78.660965,35.750337
10008,,-78.65206,35.723637
10009,,-78.706369,35.794657
10010,,-78.50828,35.775405
10011,,-78.507943,35.775547
10012,,-78.575205,35.670501
10013,,-79.056874,35.939301
10014,,-78.749758,35.762072
10015,,-78.745031,35.763275
10016,,-78.515999,35.625871
10017,,-78.511862,35.622678
10018,,-78.505441,35.621912
10019,,-78.504735,35.622056
10020,,-78.508774,35.624809
10021,,-78.51512,35.625813
10022,,-78.468623,35.612937
10023,,-78.464368,35.61089
10024,,-78.45805,35.609861
10025,,-78.458151,35.610329
10026,,-78.461951,35.612706
10027,,-78.468255,35.613135
10028,,-78.538284,35.846149
10029,,-78.901638,35.771997
10030,,-78.740959,35.806317
10031,,-78.327057,35.817583
10032,,-78.325142,35.812036
10033,,-78.322818,35.78804
10034,,-78.900669,35.681927
10035,,-78.899721,35.83815
10036,,-78.728379,35.908044
10037,,-78.572856,35.879748
10038,,-78.560516,35.893566
10039,,-78.539822,35.943283
10040,,-78.53061,35.990649
10041,,-78.781627,35.778785
10042,,-78.884301,35.86685
10043,,-78.741318,35.77253
10044,,-78.741492,35.772222
10045,,-78.739852,35.806338
10046,,-78.739475,35.806242
10047,,-78.515187,35.803081
10048,,-78.514918,35.80308
10049,,-78.76168,35.806266
10050,,-78.766452,35.830614
10051,,-78.745044,35.817583
10052,,-78.797204,36.176501
10053,,-78.740841,36.199572
10054,,-78.740532,36.187215
10055,,-78.725897,36.211457
10056,,-78.724477,36.215099
10057,,-78.576001,35.863512
10058,,-78.868134,35.659718
10059,,-78.561913,35.965394
10060,,-78.984941,35.915773
10061,,-78.863261,35.956256
10062,,-78.83401,35.876397
10063,,-78.778605,35.916941
10064,,-78.548746,35.793805
10065,,-78.548609,35.793976
10066,,-78.852308,35.706678
10067,,-78.904574,35.680938
10068,,-78.904879,35.680591
10069,,-78.894917,35.754078
10070,,-78.882158,35.747876
10071,,-78.882121,35.74769
10072,,-78.884325,35.749545
10073,,-78.885062,35.747011
10074,,-78.723288,35.5206
10075,,-78.712483,35.501086
10076,,-78.563714,35.751762
10077,,-78.525537,35.885585
10078,,-78.526346,35.886946
10079,,-78.832614,35.640659
10080,,-78.563352,35.681928
10081,,-78.550818,35.680708
10082,,-78.557451,35.688903
10083,,-78.553941,35.688784
10084,,-78.560029,35.690774
10085,,-78.557366,35.691702
10086,,-78.558053,35.690301
10087,,-78.562859,35.691918
10088,,-78.520074,35.950592
10089,,-78.856617,35.723705
10090,,-78.74082,35.790549
10091,,-78.725963,35.769623
10092,,-78.750885,35.759281
10093,,-79.209273,35.782612
10094,,-79.107799,36.173354
10095,,-78.84914,35.741145
10096,,-78.855949,35.740719
10097,,-78.842131,35.737758
10098,,-78.852203,35.714149
10099,,-78.867947,35.730418
10100,,-79.052259,35.874702
10101,,-79.064738,35.861759
10102,,-79.071303,35.876047
10103,,-79.061902,35.963884
10104,,-79.067309,35.960669
10105,,-79.072859,35.969893
10106,,-78.829856,36.098763
10107,,-78.934037,35.906168
10108,,-78.84161,35.873686
10109,,-78.824788,36.092768
10110,,-78.697912,35.815527
10111,,-78.703478,35.82176
10112,,-78.697324,35.819413
10113,,-78.670129,35.782725
10114,,-78.671912,35.781617
10115,,-78.674147,35.784596
10116,,-78.671067,35.782626
10117,,-78.676616,35.784142
10118,,-78.87495,35.856412
10119,,-78.683708,35.782326
10120,,-78.687107,35.7825
10121,,-78.685845,35.779268
10122,,-78.682267,35.781938
10123,,-78.688455,35.77573
10124,,-78.858279,35.699625
10125,,-78.836743,35.707868
10126,,-78.814349,35.718031
10127,,-78.568129,35.60482
10128,,-79.061956,35.951013
10129,,-78.6883,36.170368
10130,,-78.554535,36.083138
10131,,-78.413981,36.005635
10132,,-78.357024,36.058604
10133,,-78.346342,35.602258
10134,,-78.407454,35.619998
10135,,-78.474698,35.654753
10136,,-78.475346,35.635046
10137,,-78.505512,35.64495
10138,,-78.494626,35.644965
10139,,-78.507021,35.626031
10140,,-78.485456,35.597133
10141,,-78.507908,35.607008
10142,,-78.555718,35.516287
10143,,-78.624333,35.552506
10144,,-78.772727,35.518781
10145,,-79.076024,35.880711
10146,,-79.06914,35.892333
10147,,-79.096573,35.665851
10148,,-79.186911,35.734086
10149,,-79.184366,35.738747
10150,,-79.090518,35.843469
10151,,-78.848851,35.88153
10152,,-78.567272,35.515378
10153,,-78.560783,35.477892
10154,,-78.569516,35.666572
10155,,-78.467359,35.77019
10156,,-78.489139,35.751847
10157,,-78.523924,35.774724
10158,,-78.879641,35.680396
10159,,-78.912966,35.747741
10160,,-78.902698,35.753224
10161,,-78.894482,35.752255
10162,,-78.933421,35.771365
10163,,-78.884989,35.74984
10164,,-78.436459,35.804297
10165,,-78.436459,35.804495
10166,,-78.83393,35.690992
10167,,-78.771819,35.942059
10168,,-78.771752,35.945489
10169,,-78.715516,35.983086
10170,,-78.605476,36.097672
10171,,-78.747266,36.060064
10172,,-78.497899,35.964415
10173,,-78.488928,35.964469
10174,,-78.517363,35.966984
10175,,-78.94171,36.003322
10176,,-78.983837,35.760026
10177,,-79.163745,35.897136
10178,,-79.21553,35.896716
10179,,-79.232422,35.978537
10180,,-79.179888,36.003782
10181,,-79.171856,35.99365
10182,,-79.182761,35.975236
10183,,-79.153035,36.016122
10184,,-79.152257,35.993163
10185,,-78.902327,36.152385
10186,,-78.999232,35.897725
10187,,-78.997745,35.930457
10188,,-78.94348,35.901553
10189,,-78.898317,35.996942
10190,,-78.891257,35.991583
10191,,-78.902919,35.983496
10192,,-78.914386,35.98719
10193,,-78.932937,35.957213
10194,,-78.260258,35.814812
10195,,-78.239933,35.777259
10196,,-78.240729,35.812534
10197,,-78.215629,35.764098
10198,,-79.127251,36.280859
10199,,-79.12056,36.267143
10200,,-79.032639,36.246075
10201,,-78.937164,36.2468
10202,,-78.94379,36.254609
10203,,-78.992459,36.248031
10204,,-78.982,36.264848
10205,,-78.90772,36.280359
10206,,-78.735822,36.313507
10207,,-78.706018,36.313269
10208,,-78.722505,36.200025
10209,,-78.72692,36.26328
10210,,-78.725963,36.19714
10211,,-79.025668,36.365934
10212,,-79.071253,36.31795
10213,,-78.958499,36.443286
10214,,-78.963272,36.437513
10215,,-78.997667,36.393573
10216,,-78.998503,36.427604
10217,,-78.992287,36.442992
10218,,-78.941974,36.416903
10219,,-78.902406,36.433699
10220,,-78.892215,36.440874
10221,,-78.942037,36.392202
10222,,-78.902796,36.393452
10223,,-78.926619,36.450902
10224,,-79.046987,36.273261
10225,,-78.956683,36.282722
10226,,-78.97127,36.312781
10227,,-79.044325,36.277594
10228,,-79.050691,36.27289
10229,,-79.000002,36.358698
10230,,-79.023496,36.310312
10231,,-79.000604,36.39068
10232,,-79.097382,36.38518
10233,,-79.020224,36.370027
10234,,-78.98731,36.384813
10235,,-78.983406,36.378354
10236,,-78.982511,36.353272
10237,,-78.897182,36.343792
10238,,-78.89662,36.340436
10239,,-78.980126,36.374805
10240,,-78.978685,36.37036
10241,,-78.944812,36.389568
10242,,-78.958132,36.392478
10243,,-78.983046,36.394137
10244,,-78.982101,36.342352
10245,,-78.973461,36.322473
10246,,-78.979535,36.353127
10247,,-78.987057,36.384046
10248,,-78.941682,36.360515
10249,,-78.973478,36.407431
10250,,-78.982515,36.398468
10251,,-78.976116,36.408291
10252,,-78.983423,36.409991
10253,,-78.990261,36.401975
10254,,-78.987427,36.397184
10255,,-78.986902,36.395355
10256,,-78.98638,36.395131
10257,,-78.993392,36.393555
10258,,-78.984971,36.396186
10259,,-78.967998,36.424353
10260,,-78.972328,36.409826
10261,,-78.995349,36.452139
10262,,-78.990085,36.479302
10263,,-78.958959,36.489244
10264,,-78.729668,36.280985
10265,,-78.7417,36.320374
10266,,-78.755504,36.356053
10267,,-78.834864,36.338093
10268,,-78.828783,36.257908
10269,,-78.878432,36.339056
10270,,-78.723984,36.201119
10271,,-78.717969,36.19226
10272,,-78.737932,36.314723
10273,,-78.188292,35.801586
10274,,-78.293413,36.13814
10275,,-78.295958,36.176219
10276,,-78.214227,36.142466
10277,,-78.179986,36.114172
10278,,-78.252181,36.171613
10279,,-78.578115,36.17122
10280,,-78.338772,36.082522
10281,,-78.193904,35.80086
10282,,-78.254797,35.817689
10283,,-78.203931,35.789696
10284,,-78.198749,35.788489
10285,,-78.194988,35.800363
10286,,-78.251857,35.816795
10287,,-78.203959,35.787372
10288,,-78.203979,35.786128
10289,,-78.209535,35.781563
10290,,-78.200105,35.756369
10291,,-78.186498,35.797602
10292,,-78.185166,35.798884
10293,,-78.221997,35.86317
10294,,-78.223124,35.799973
10295,,-78.216662,35.84367
10296,,-78.219809,35.842626
10297,,-78.236205,35.836731
10298,,-78.203175,35.793587
10299,,-78.196175,35.796252
10300,,-78.191704,35.798294
10301,,-78.189219,35.800445
10302,,-78.20903,35.790942
10303,,-78.315055,36.083823
10304,,-78.224758,36.041818
10305,,-78.224362,36.07368
10306,,-78.285552,36.096984
10307,,-78.200823,36.122125
10308,,-78.320972,36.086321
10309,,-78.296351,36.105768
10310,,-78.293901,36.116764
10311,,-78.295572,36.127438
10312,,-78.343711,36.074626
10313,,-78.306008,36.091945
10314,,-78.303871,36.094991
10315,,-78.30332,36.08646
10316,,-78.295112,36.098409
10317,,-78.300917,36.099077
10318,,-78.291985,36.106013
10319,,-78.211185,35.940006
10320,,-78.225778,36.024933
10321,,-78.189082,36.061032
10322,,-78.18366,35.997553
10323,,-78.17042,36.058336
10324,,-78.164579,36.032358
10325,,-78.227843,36.076654
10326,,-78.164898,36.093909
10327,,-78.174618,36.069058
10328,,-78.281549,36.186655
10329,,-78.209926,35.681001
10330,,-78.187643,35.591402
10331,,-78.672374,35.407882
10332,,-78.667958,35.408001
10333,,-78.672313,35.401742
10334,,-78.704631,35.36693
10335,,-78.726978,35.389921
10336,,-78.710666,35.35936
10337,,-78.714155,35.37933
10338,,-78.704719,35.366792
10339,,-78.747602,35.452448
10340,,-78.73876,35.49438
10341,,-78.644619,35.3411
10342,,-78.803529,35.418061
10343,,-78.798529,35.423674
10344,,-78.752113,35.407461
10345,,-78.691575,35.458008
10346,,-78.667788,35.413591
10347,,-78.64441,35.466157
10348,,-78.736255,35.412839
10349,,-78.708502,35.471812
10350,,-78.747002,35.406951
10351,,-78.737509,35.407031
10352,,-78.724622,35.410947
10353,,-78.71391,35.414258
10354,,-78.672709,35.412471
10355,,-78.694702,35.468728
10356,,-78.596032,35.396088
10357,,-78.557469,35.386812
10358,,-78.624997,35.375823
10359,,-78.600588,35.399024
10360,,-78.563854,35.429932
10361,,-78.357307,35.516377
10362,,-78.358399,35.516784
10363,,-78.363321,35.577688
10364,,-78.386329,35.555332
10365,,-78.405068,35.505329
10366,,-78.360455,35.583557
10367,,-78.41666,35.608717
10368,,-78.543277,35.388639
10369,,-78.407141,35.526218
10370,,-78.385553,35.519527
10371,,-78.500066,35.413977
10372,,-78.39673,35.511138
10373,,-78.5987,35.403429
10374,,-78.660863,35.41498
10375,,-78.613005,35.430802
10376,,-78.531539,35.422183
10377,,-78.430123,35.443581
10378,,-78.462029,35.428011
10379,,-78.457359,35.463427
10380,,-78.433564,35.449369
10381,,-78.432656,35.447883
10382,,-78.386507,35.555187
10383,,-78.358902,35.520744
10384,,-78.33252,35.53127
10385,,-78.373845,35.478958
10386,,-78.35218,35.49955
10387,,-78.351404,35.500866
10388,,-78.346008,35.511209
10389,,-78.34794,35.512008
10390,,-78.339511,35.508494
10391,,-78.351057,35.500115
10392,,-78.320949,35.517135
10393,,-78.340628,35.567688
10394,,-78.345349,35.570901
10395,,-78.357497,35.582139
10396,,-78.358721,35.520856
10397,,-78.345307,35.571136
10398,,-79.370194,35.780865
10399,,-79.275407,35.732997
10400,,-79.358258,35.814144
10401,,-78.209758,35.969785
10402,,-78.19689,35.947107
10403,,-78.184627,35.921097
10404,,-78.172177,35.956289
10405,,-78.213875,35.793196
10406,,-78.204318,35.781308
10407,,-78.204342,35.77455
10408,,-78.210723,35.777006
10409,,-79.26314,35.691566
10410,,-78.950905,36.239178
10411,,-79.067303,36.25051
10412,,-79.118105,36.241691
10413,,-79.136175,36.388331
10414,,-79.086126,36.308076
10415,,-79.027467,36.305729
10416,,-78.917579,36.493258
10417,,-78.887939,36.39084
10418,,-78.906514,36.280599
10419,,-78.796589,36.368431
10420,,-79.250786,35.803944
10421,,-79.315023,35.826647
10422,,-79.315798,35.827967
10423,,-79.268828,35.842383
10424,,-79.320033,35.775324
10425,,-79.339404,35.734336
10426,,-79.355695,35.733592
10427,,-79.270875,35.69119
10428,,-79.275466,35.732801
10429,,-79.355695,35.733415
10430,,-78.650493,35.47441
10431,,-78.758379,35.458194
10432,,-78.353525,36.060301
10433,,-78.505011,35.463396
10434,,-78.501678,35.449826
10435,,-78.467461,35.448467
10436,,-78.221229,35.824319
10437,,-78.336523,36.113581
10438,,-78.219358,36.002184
10439,,-78.1748,36.006056
10440,,-78.313823,36.101169
10441,,-78.335489,36.066264
10442,,-78.305526,36.064781
10443,,-78.315722,36.084128
10444,,-78.353314,36.085689
10445,,-78.354962,35.584952
10446,,-78.528223,35.423056
10447,,-78.316055,36.082381
10448,,-78.314438,36.083289
10449,,-78.357781,35.516916
10450,,-78.364191,35.527945
10451,,-78.374161,35.536083
10452,,-78.381637,35.551585
10453,,-78.310588,35.547892
10454,,-79.250125,35.729351
10455,,-79.339397,35.734153
10456,,-78.235128,35.965252
10457,,-78.225154,35.745336
10458,,-78.363508,35.517799
10459,,-78.374311,35.535961
10460,,-78.350731,35.538073
10461,,-78.387515,35.556021
10462,,-78.379396,35.559517
10463,,-78.402001,35.592248
10464,,-78.371376,35.518207
10465,,-78.390036,35.515867
10466,,-78.395009,35.522769
10467,,-78.36436,35.527844
10468,,-78.392654,35.545535
10469,,-78.355454,35.528315
10470,,-78.370243,35.568782
10471,,-79.200969,35.762271
10472,,-79.195694,35.762694
10473,,-79.177047,35.722345
10474,,-79.136632,35.719611
10475,,-79.111938,35.814148
10476,,-79.147962,35.821163
10477,,-79.12797,35.790785
10478,,-79.098745,35.810781
10479,,-79.122266,35.795884
10480,,-79.133463,35.79556
10481,,-79.117182,35.808768
10482,,-79.132084,35.81695
10483,,-79.038137,35.823966
10484,,-79.099221,35.846147
10485,,-79.117726,35.846066
10486,,-78.807315,35.419941
10487,,-78.732686,35.419167
10488,,-78.734102,35.399393
10489,,-78.664871,35.40391
10490,,-78.647001,35.393713
10491,,-79.31295,35.793533
10492,,-79.349915,35.776219
10493,,-79.387074,35.733594
10494,,-79.371845,35.777095
10495,,-79.38706,35.733789
10496,,-79.37079,35.761002
10497,,-79.363747,35.733155
10498,,-79.387699,35.739726
10499,,-79.287154,35.770069
10500,,-79.28925,35.733163
10501,,-79.289243,35.733368
10502,,-79.365046,35.718298
10503,,-79.278191,35.707755
10504,,-78.741273,36.319308
10505,,-78.745272,36.313005
10506,,-78.787517,36.335499
10507,,-78.762602,36.299939
10508,,-78.730358,36.288342
10509,,-78.738054,36.259283
10510,,-78.702035,36.269139
10511,,-78.685048,36.249104
10512,,-78.703697,36.211279
10513,,-78.730509,36.23383
10514,,-78.748191,36.253409
10515,,-78.697396,36.236397
10516,,-78.711822,36.207854
10517,,-78.719333,36.173095
10518,,-79.230663,35.726808
10519,,-79.239431,35.727841
10520,,-79.232267,35.728357
10521,,-78.798917,36.33329
10522,,-78.801465,36.273763
10523,,-78.801151,36.247796
10524,,-78.911595,36.335398
10525,,-78.927111,36.287626
10526,,-79.058778,36.387287
10527,,-79.046257,36.31029
10528,,-79.086156,36.275422
10529,,-79.016101,36.277105
10530,,-78.9699,36.297052
10531,,-79.001319,36.306569
10532,,-79.008415,36.346284
10533,,-79.003684,36.375364
10534,,-79.013811,36.377479
10535,,-78.982369,36.349953
10536,,-78.982745,36.369396
10537,,-78.988906,36.377899
10538,,-79.005854,36.38541
10539,,-78.99836,36.38148
10540,,-78.989511,36.375653
10541,,-79.002577,36.382483
10542,,-78.995692,36.392327
10543,,-78.991204,36.386049
10544,,-78.994993,36.367219
10545,,-78.982699,36.359543
10546,,-78.991433,36.380028
10547,,-78.934994,36.289019
10548,,-78.944542,36.268036
10549,,-78.91071,36.2711
10550,,-78.919563,36.299992
10551,,-78.934782,36.330607
10552,,-78.870267,36.267741
10553,,-78.813486,36.268123
10554,,-78.815296,36.253411
10555,,-78.86486,36.321928
10556,,-78.906849,36.337201
10557,,-78.8967,36.312024
10558,,-78.850416,36.338937
10559,,-78.866762,36.389184
10560,,-78.896217,36.368386
10561,,-78.86096,36.340331
10562,,-78.953786,36.359948
10563,,-78.969809,36.378326
10564,,-78.942516,36.375404
10565,,-78.978134,36.393435
10566,,-78.988321,36.388323
10567,,-79.017362,36.396858
10568,,-79.005712,36.429437
10569,,-79.002103,36.455524
10570,,-78.955922,36.467414
10571,,-78.994474,36.464346
10572,,-78.978868,36.442769
10573,,-78.918226,36.463784
10574,,-78.931728,36.441793
10575,,-78.9528,36.443877
10576,,-78.940947,36.426769
10577,,-78.962921,36.437882
10578,,-78.935405,36.420749
10579,,-78.96558,36.410718
10580,,-78.977842,36.402556
10581,,-78.947201,36.415226
10582,,-78.968875,36.420083
10583,,-78.97277,36.425443
10584,,-78.99146,36.403179
10585,,-78.981473,36.400059
10586,,-78.987426,36.403609
10587,,-78.988566,36.399592
10588,,-78.994615,36.408623
10589,,-78.965839,36.431371
10590,,-78.970776,36.440436
10591,,-78.97975,36.400292
10592,,-78.984571,36.380395
10593,,-79.189618,36.245679
10594,,-79.146126,36.394784
10595,,-79.038152,36.405272
10596,,-79.020052,36.437442
10597,,-79.011687,36.457652
10598,,-79.003323,36.486004
10599,,-78.691142,36.274881
10600,,-78.664665,36.252419
10601,,-78.557956,36.193238
10602,,-79.326048,35.843951
10603,,-79.350176,35.843818
10604,,-79.402265,35.734435
10605,,-79.290279,35.6786
10606,,-79.376017,35.699811
10607,,-78.79412,35.439492
10608,,-78.81487,35.424855
10609,,-78.767039,35.458298
10610,,-78.741378,35.407234
10611,,-78.750855,35.443836
10612,,-78.719371,35.412573
10613,,-78.727841,35.431944
10614,,-78.696858,35.453309
10615,,-78.685026,35.443666
10616,,-78.672283,35.405821
10617,,-78.715908,35.408453
10618,,-78.66721,35.350795
10619,,-78.672531,35.410724
10620,,-78.628636,35.428155
10621,,-78.62887,35.409284
10622,,-78.667252,35.419967
10623,,-78.64771,35.462296
10624,,-78.598531,35.381673
10625,,-78.190555,35.924674
10626,,-78.197711,35.913868
10627,,-78.221999,35.873036
10628,,-78.244916,35.836311
10629,,-78.216557,35.882345
10630,,-78.216749,35.882541
10631,,-78.182061,35.938712
10632,,-78.220958,35.754408
10633,,-78.249002,35.779361
10634,,-78.294577,36.154966
10635,,-78.312042,36.133803
10636,,-78.28065,36.147591
10637,,-78.294689,36.122749
10638,,-78.262386,36.121196
10639,,-78.258831,36.113195
10640,,-78.291736,36.109681
10641,,-78.287767,36.109017
10642,,-78.291887,36.098257
10643,,-78.299014,36.101776
10644,,-78.295515,36.11398
10645,,-78.301054,36.127317
10646,,-78.25793,36.093756
10647,,-78.296292,36.096409
10648,,-78.303462,36.095532
10649,,-78.298527,36.093242
10650,,-78.306893,36.090735
10651,,-78.331319,36.085903
10652,,-78.259899,36.072813
10653,,-78.303126,36.080658
10654,,-78.318139,36.063848
10655,,-78.26194,36.074508
10656,,-78.244373,36.087
10657,,-78.299508,36.051473
10658,,-78.214854,35.986749
10659,,-78.234549,36.017261
10660,,-78.173264,35.968435
10661,,-78.201818,35.953734
10662,,-78.181986,35.785692
10663,,-78.196305,35.752054
10664,,-78.296978,35.558707
10665,,-78.295344,35.60582
10666,,-78.280748,35.564694
10667,,-78.155945,35.632911
10668,,-78.14131,35.67172
10669,,-78.130376,35.608012
10670,,-78.171447,35.593387
10671,,-78.159654,35.597051
10672,,-78.173784,35.593065
10673,,-78.194448,35.586791
10674,,-78.169801,35.576433
10675,,-78.147088,35.580344
10676,,-78.125952,35.609459
10677,,-78.131863,35.595954
10678,,-78.131554,35.597939
10679,,-78.135046,35.592326
10680,,-78.133476,35.592969
10681,,-78.134824,35.589953
10682,,-78.131912,35.593021
10683,,-78.134884,35.592361
10684,,-78.131403,35.593145
10685,,-78.131974,35.59257
10686,,-78.142121,35.581738
10687,,-78.146038,35.577201
10688,,-78.150975,35.576166
10689,,-78.150731,35.576043
10690,,-78.164328,35.569195
10691,,-78.163849,35.569525
10692,,-78.19085,35.567422
10693,,-78.167519,35.569564
10694,,-78.170879,35.566985
10695,,-78.170866,35.566819
10696,,-78.166704,35.566963
10697,,-78.19755,35.557526
10698,,-78.197469,35.557738
10699,,-78.210023,35.584012
10700,,-78.204765,35.563124
10701,,-78.231558,35.587391
10702,,-78.201679,35.557666
10703,,-78.218479,35.559941
10704,,-78.272588,35.550679
10705,,-78.219564,35.550665
10706,,-78.26818,35.569498
10707,,-78.286472,35.537445
10708,,-78.281074,35.540439
10709,,-78.200389,35.555456
10710,,-78.204523,35.555195
10711,,-78.204243,35.55549
10712,,-78.216208,35.550889
10713,,-78.215899,35.551197
10714,,-78.223253,35.548345
10715,,-78.219733,35.548833
10716,,-78.222518,35.548448
10717,,-78.298377,35.553948
10718,,-78.287401,35.532697
10719,,-78.289384,35.530423
10720,,-78.28808,35.535457
10721,,-78.286026,35.534333
10722,,-78.285366,35.535137
10723,,-78.287424,35.536293
10724,,-78.284431,35.536314
10725,,-78.272575,35.529119
10726,,-78.266144,35.531028
10727,,-78.2657,35.531081
10728,,-78.269101,35.529583
10729,,-78.285923,35.521369
10730,,-78.269273,35.529346
10731,,-78.270203,35.527438
10732,,-78.28515,35.521552
10733,,-78.309649,35.535787
10734,,-78.304142,35.527736
10735,,-78.304276,35.528241
10736,,-78.315727,35.518728
10737,,-78.291457,35.520142
10738,,-78.291557,35.52004
10739,,-78.290151,35.519707
10740,,-78.289323,35.519712
10741,,-78.287708,35.51892
10742,,-78.289722,35.519326
10743,,-78.293581,35.517638
10744,,-78.289088,35.519263
10745,,-78.293227,35.517614
10746,,-78.317472,35.505958
10747,,-78.310673,35.509764
10748,,-78.317258,35.505845
10749,,-78.326278,35.50538
10750,,-78.323281,35.504822
10751,,-78.318746,35.503286
10752,,-78.322311,35.503391
10753,,-78.325904,35.501817
10754,,-78.325067,35.50202
10755,,-78.342892,35.493307
10756,,-78.347651,35.492638
10757,,-78.351234,35.489414
10758,,-78.347898,35.491062
10759,,-78.347623,35.492561
10760,,-78.346458,35.489637
10761,,-78.346415,35.49159
10762,,-78.346412,35.489544
10763,,-78.377178,35.480763
10764,,-78.409591,35.503017
10765,,-78.46075,35.480891
10766,,-78.389388,35.46054
10767,,-78.378261,35.47629
10768,,-78.389818,35.45721
10769,,-78.429029,35.444052
10770,,-78.424361,35.445915
10771,,-78.3915,35.458286
10772,,-78.426033,35.436484
10773,,-78.391483,35.455321
10774,,-78.391644,35.455437
10775,,-78.390721,35.457401
10776,,-78.390588,35.458186
10777,,-78.390833,35.458464
10778,,-78.390321,35.45863
10779,,-78.389745,35.45959
10780,,-78.390127,35.45892
10781,,-78.389297,35.458799
10782,,-78.389348,35.459475
10783,,-78.389357,35.459734
10784,,-78.389006,35.455763
10785,,-78.389876,35.455605
10786,,-78.415949,35.441108
10787,,-78.419115,35.43883
10788,,-78.416148,35.441333
10789,,-78.428401,35.433947
10790,,-78.426924,35.435913
10791,,-78.513216,35.392772
10792,,-78.515041,35.39145
10793,,-78.531278,35.422348
10794,,-78.528813,35.423123
10795,,-78.522369,35.397174
10796,,-78.528505,35.419831
10797,,-78.528981,35.420175
10798,,-78.521991,35.394847
10799,,-78.518326,35.39047
10800,,-78.519323,35.393757
10801,,-78.524895,35.385935
10802,,-78.519254,35.391088
10803,,-78.520781,35.386673
10804,,-78.515609,35.387366
10805,,-78.518299,35.389572
10806,,-78.51768,35.390184
10807,,-78.517753,35.389414
10808,,-78.519624,35.389059
10809,,-78.525536,35.385332
10810,,-78.51475,35.386103
10811,,-78.536653,35.378817
10812,,-78.537141,35.378772
10813,,-78.548955,35.382021
10814,,-78.54105,35.377314
10815,,-78.542483,35.375065
10816,,-78.552422,35.355903
10817,,-78.539879,35.376905
10818,,-78.539253,35.376233
10819,,-78.538694,35.375902
10820,,-78.531142,35.425932
10821,,-78.531507,35.42264
10822,,-78.530894,35.425985
10823,,-78.528813,35.42279
10824,,-78.265818,35.539938
10825,,-78.3402,35.517998
10826,,-78.30991,35.53585
10827,,-78.979055,36.35909
10828,,-78.424287,35.436787
10829,,-78.42436,35.436986
10830,,-78.421405,35.440576
10831,,-78.553177,35.377068
10832,,-78.547543,35.383674
10833,,-78.161423,35.674656
10834,,-78.158514,35.626487
10835,,-78.137154,35.596075
10836,,-78.156428,35.592205
10837,,-78.201887,35.615634
10838,,-78.147806,35.584664
10839,,-78.199342,35.565295
10840,,-78.206358,35.567056
10841,,-78.239191,35.5584
10842,,-78.264691,35.588286
10843,,-78.292179,35.587275
10844,,-78.301884,35.54969
10845,,-78.276149,35.546397
10846,,-78.270335,35.560837
10847,,-78.271947,35.538161
10848,,-78.277884,35.538675
10849,,-78.282687,35.538487
10850,,-78.281217,35.53455
10851,,-78.28579,35.538267
10852,,-78.289428,35.533829
10853,,-78.293344,35.521036
10854,,-78.293335,35.520922
10855,,-78.328516,35.514735
10856,,-78.328908,35.505829
10857,,-78.316368,35.506974
10858,,-78.319311,35.530644
10859,,-78.324413,35.541076
10860,,-78.337374,35.511803
10861,,-78.342979,35.509943
10862,,-78.34438,35.513785
10863,,-78.349737,35.497329
10864,,-78.344632,35.502731
10865,,-78.355094,35.495915
10866,,-78.362023,35.487013
10867,,-78.402496,35.495087
10868,,-78.413331,35.503532
10869,,-78.413513,35.50356
10870,,-78.431227,35.447738
10871,,-78.432129,35.446996
10872,,-78.411524,35.451026
10873,,-78.423441,35.442779
10874,,-78.435792,35.440475
10875,,-78.444863,35.428035
10876,,-78.494579,35.417642
10877,,-78.537569,35.418454
10878,,-78.531381,35.390954
10879,,-78.557454,35.392658
10880,,-78.552761,35.38421
10881,,-78.5447,35.379562
10882,,-78.577073,35.417846
10883,,-78.567276,35.388138
10884,,-78.387293,35.465716
10885,,-78.348207,35.507747
10886,,-78.256026,35.540483
10887,,-78.272502,35.529029
10888,,-78.270306,35.527494
10889,,-78.319115,35.503384
10890,,-78.692403,35.337092
10891,,-78.680688,35.343425
10892,,-78.562968,35.364237
10893,,-78.613487,35.349909
10894,,-78.670257,35.344574
10895,,-78.513508,35.384624
10896,,-78.462541,35.417535
10897,,-78.426093,35.435563
10898,,-78.129355,35.604878
10899,,-78.179848,35.738831
10900,,-78.16005,35.779007
10901,,-78.164239,35.794672
10902,,-78.176652,35.803024
10903,,-78.177165,35.834438
10904,,-78.191717,35.85843
10905,,-78.209265,35.886154
10906,,-78.340297,36.149038
10907,,-78.371977,36.142504
10908,,-78.172279,35.981798
10909,,-78.547813,35.976354
10910,,-78.535262,35.986314
10911,,-78.53542,35.986442
10912,,-78.51304,36.009889
10913,,-78.544893,35.980088
10914,,-78.902063,36.413653
10915,,-78.982681,36.358526
10916,,-78.993582,36.270916
10917,,-78.862395,36.314533
10918,,-78.860827,36.232591
10919,,-78.816601,36.355491
10920,,-78.890823,36.446887
10921,,-78.684813,36.219594
10922,,-79.237501,36.014254
10923,,-79.205763,36.002379
10924,,-78.925208,35.940492
10925,,-78.931094,35.937441
10926,,-78.913313,35.933998
10927,,-78.912017,35.985331
10928,,-78.851073,35.874253
10929,,-79.363726,35.732956
10930,,-79.319948,35.760413
10931,,-79.068695,35.85323
10932,,-78.960377,35.962766
10933,,-78.472049,35.750613
10934,,-78.446303,35.744287
10935,,-78.176461,36.088893
10936,,-78.363214,35.577882
10937,,-78.79204,35.917301
10938,,-78.784964,35.912105
10939,,-78.299452,35.524991
10940,,-78.299603,35.524916
10941,,-78.730991,35.786559
10942,,-78.723426,35.789064
10943,,-78.721901,35.783785
10944,,-79.148452,36.067927
10945,,-78.636875,35.776847
10946,,-78.636637,35.777206
10947,,-78.63661,35.777633
10948,,-78.636737,35.778184
10949,,-78.637078,35.778195
10950,,-78.84173,35.897975
10951,,-78.906452,35.701153
10952,,-78.901028,35.72149
10953,,-78.906155,35.705795
10954,,-78.844715,35.716694
10955,,-78.509961,35.795793
10956,,-78.51004,35.795988
10957,,-78.520619,35.79516
10958,,-78.520642,35.795341
10959,,-78.643243,35.782692
10960,,-78.631504,35.794108
10961,,-78.636467,35.794158
10962,,-78.658202,35.724836
10963,,-78.650059,35.731255
10964,,-78.747615,35.888948
10965,,-78.74167,35.882052
10966,,-78.718597,35.87224
10967,,-78.790827,35.828911
10968,,-78.788911,35.819286
10969,,-78.777738,35.732929
10970,,-78.779314,35.736349
10971,,-78.764203,35.774586
10972,,-78.761853,35.770507
10973,,-78.550144,35.967103
10974,,-78.550023,35.967227
10975,,-78.498147,35.968365
10976,,-78.498227,35.968497
10977,,-78.648303,35.76583
10978,,-78.648789,35.76585
10979,,-78.648696,35.765312
10980,,-78.937113,35.908121
10981,,-78.935742,35.908804
10982,,-78.936547,35.90925
10983,,-78.934187,35.909455
10984,,-78.934457,35.908501
10985,,-78.903385,35.990626
10986,,-78.879821,35.891037
10987,,-78.649882,35.738691
10988,,-78.649408,35.739666
10989,,-78.740701,35.404946
10990,,-78.445072,36.10402
10991,,-78.938873,36.447084
10992,,-78.978459,36.42672
10993,,-78.914193,36.397229
10994,,-78.992608,36.353666
10995,,-79.082342,35.833563
10996,,-78.939729,35.931647
10997,,-78.932134,35.921858
10998,,-78.915907,36.00511
10999,,-79.121757,36.179484
11000,,-79.071311,36.186583
11001,,-79.245916,36.082056
11002,,-79.064811,36.097858
11003,,-79.109408,36.061039
11004,,-79.104746,36.061134
11005,,-78.98182,36.043127
11006,,-78.928334,35.943959
11007,,-78.879249,35.935554
11008,,-78.889138,35.928084
11009,,-78.957291,35.968452
11010,,-78.94505,36.004236
11011,,-78.940328,36.005273
11012,,-78.934428,35.996976
11013,,-78.861913,35.991056
11014,,-78.859998,35.982326
11015,,-78.726322,35.390897
11016,,-78.672222,35.404862
11017,,-78.613053,35.386917
11018,,-78.598104,35.386001
11019,,-78.697561,35.414386
11020,,-78.68278,35.439563
11021,,-78.676428,35.424072
11022,,-78.673426,35.450583
11023,,-78.673629,35.46675
11024,,-78.657531,35.464499
11025,,-78.64986,35.471653
11026,,-78.652533,35.452955
11027,,-78.666837,35.470134
11028,,-78.63223,35.409965
11029,,-78.635919,35.426212
11030,,-78.637977,35.461495
11031,,-78.697829,35.37502
11032,,-78.715602,35.380448
11033,,-78.674125,35.369413
11034,,-78.663588,35.363654
11035,,-78.693779,35.393912
11036,,-78.684833,35.387971
11037,,-78.672865,35.376863
11038,,-78.662076,35.375098
11039,,-78.698019,35.35828
11040,,-78.668868,35.39154
11041,,-78.698156,35.358168
11042,,-78.677289,35.377852
11043,,-78.680298,35.371519
11044,,-78.647371,35.376211
11045,,-78.63064,35.36997
11046,,-78.755867,35.497174
11047,,-78.773705,35.43459
11048,,-78.767919,35.407921
11049,,-78.774931,35.438985
11050,,-78.778461,35.460568
11051,,-78.77797,35.466635
11052,,-78.778608,35.471042
11053,,-78.756376,35.456066
11054,,-78.708206,35.414992
11055,,-78.712154,35.416919
11056,,-78.758202,35.431945
11057,,-78.585179,35.41337
11058,,-78.587026,35.429475
11059,,-78.583829,35.436776
11060,,-78.590441,35.456271
11061,,-78.607998,35.473462
11062,,-78.563884,35.430552
11063,,-78.539348,35.416943
11064,,-78.587131,35.451716
11065,,-78.727634,35.52686
11066,,-78.653418,35.483928
11067,,-78.660541,35.496224
11068,,-78.664808,35.517695
11069,,-78.659298,35.53321
11070,,-78.678707,35.561781
11071,,-78.481552,35.422798
11072,,-78.503371,35.433007
11073,,-78.503124,35.434512
11074,,-78.530378,35.433976
11075,,-78.526128,35.422206
11076,,-78.529226,35.452366
11077,,-78.511216,35.55678
11078,,-78.491802,35.551162
11079,,-78.486629,35.549728
11080,,-78.481125,35.550105
11081,,-78.467645,35.552881
11082,,-78.48732,35.513448
11083,,-78.494909,35.564337
11084,,-78.473998,35.509991
11085,,-78.426429,35.537011
11086,,-78.437042,35.480648
11087,,-78.42254,35.576746
11088,,-78.407696,35.589455
11089,,-78.403639,35.559037
11090,,-78.427969,35.577607
11091,,-78.429706,35.569007
11092,,-78.436525,35.598547
11093,,-78.412357,35.570381
11094,,-78.426386,35.587041
11095,,-78.157366,35.597212
11096,,-78.168843,35.617474
11097,,-78.177302,35.634564
11098,,-78.181414,35.651911
11099,,-78.181028,35.656932
11100,,-78.243232,35.597063
11101,,-78.232962,35.611775
11102,,-78.229557,35.617299
11103,,-78.21028,35.627479
11104,,-78.195615,35.632338
11105,,-78.191268,35.631639
11106,,-78.170869,35.621071
11107,,-78.194976,35.648455
11108,,-78.199324,35.662703
11109,,-78.2004,35.672871
11110,,-78.216819,35.649146
11111,,-78.216676,35.647314
11112,,-78.217706,35.65104
11113,,-78.238535,35.643363
11114,,-78.251228,35.643247
11115,,-78.216673,35.658793
11116,,-78.210782,35.657545
11117,,-78.175258,35.631383
11118,,-78.185154,35.626607
11119,,-78.258943,35.615151
11120,,-78.221687,35.597473
11121,,-78.211417,35.60678
11122,,-78.194817,35.601491
11123,,-78.230136,35.58661
11124,,-78.212306,35.603081
11125,,-78.217546,35.603978
11126,,-78.197175,35.605666
11127,,-78.172245,35.608177
11128,,-78.245836,35.693564
11129,,-78.274876,35.687825
11130,,-78.315989,35.68807
11131,,-78.267808,35.634867
11132,,-78.286853,35.638468
11133,,-78.251546,35.634277
11134,,-78.286577,35.646162
11135,,-78.268293,35.639943
11136,,-78.377332,35.691155
11137,,-78.379423,35.660633
11138,,-78.395722,35.64788
11139,,-78.361758,35.65143
11140,,-78.377253,35.663255
11141,,-78.378012,35.675576
11142,,-78.395274,35.651297
11143,,-78.429272,35.679068
11144,,-78.388963,35.687313
11145,,-78.40818,35.673888
11146,,-78.397322,35.663966
11147,,-78.390371,35.72857
11148,,-78.41566,35.692585
11149,,-78.38707,35.743605
11150,,-78.348244,35.752597
11151,,-78.296331,35.782428
11152,,-78.339222,35.759151
11153,,-78.259435,35.753992
11154,,-78.241634,35.768379
11155,,-78.236993,35.776974
11156,,-78.203955,35.788232
11157,,-78.216821,35.785956
11158,,-78.38341,35.917911
11159,,-78.381386,35.93504
11160,,-78.377854,35.939679
11161,,-78.404357,35.963577
11162,,-78.404886,35.967621
11163,,-78.406866,35.991931
11164,,-78.407938,35.982641
11165,,-78.419895,35.858635
11166,,-78.417799,35.866548
11167,,-78.418732,35.88356
11168,,-78.398799,35.87558
11169,,-78.417953,35.863944
11170,,-78.415449,35.867193
11171,,-78.418688,35.876052
11172,,-78.335632,35.896396
11173,,-78.321338,35.903313
11174,,-78.313922,35.911099
11175,,-78.307327,35.916396
11176,,-78.332192,35.899416
11177,,-78.375756,35.908234
11178,,-78.366599,35.908878
11179,,-78.357559,35.903206
11180,,-78.353291,35.901693
11181,,-78.35249,35.899581
11182,,-78.324806,35.88407
11183,,-78.320738,35.88483
11184,,-78.316091,35.881205
11185,,-78.352718,35.881334
11186,,-78.319735,35.895445
11187,,-78.329156,35.887644
11188,,-78.353008,35.931612
11189,,-78.333009,35.91457
11190,,-78.351148,35.910868
11191,,-78.325219,35.942967
11192,,-78.354704,35.90997
11193,,-78.354405,35.931116
11194,,-78.307006,35.916255
11195,,-78.328821,35.914421
11196,,-78.356444,35.914975
11197,,-78.364769,35.913344
11198,,-78.360892,35.883635
11199,,-78.303279,35.882876
11200,,-78.298945,35.886865
11201,,-78.293488,35.891017
11202,,-78.29022,35.898513
11203,,-78.282075,35.913574
11204,,-78.297859,35.864679
11205,,-78.313109,35.885639
11206,,-78.30403,35.919083
11207,,-78.29079,35.915702
11208,,-78.263267,35.91702
11209,,-78.272082,35.932516
11210,,-78.279635,35.894694
11211,,-78.222817,35.909819
11212,,-78.221799,35.907453
11213,,-78.241137,35.911759
11214,,-78.261837,35.925142
11215,,-78.245287,35.952585
11216,,-78.237476,35.902656
11217,,-78.231839,35.930927
11218,,-78.3853,36.050518
11219,,-78.397091,36.054441
11220,,-78.251254,36.093019
11221,,-78.223686,36.09883
11222,,-78.213887,36.107293
11223,,-78.209687,36.124469
11224,,-78.227068,36.076439
11225,,-78.187349,36.108671
11226,,-78.186997,36.106039
11227,,-78.31693,35.96551
11228,,-78.316101,35.981919
11229,,-78.313338,35.983713
11230,,-78.314101,36.004744
11231,,-78.310521,35.98345
11232,,-78.306749,36.010899
11233,,-78.304996,36.005992
11234,,-78.32266,36.016022
11235,,-78.572969,36.135758
11236,,-78.544017,36.120787
11237,,-78.536965,36.120362
11238,,-78.526816,36.115992
11239,,-78.508521,36.110557
11240,,-78.500234,36.117239
11241,,-78.536575,36.082814
11242,,-78.550731,36.106015
11243,,-78.534838,36.128312
11244,,-78.549002,36.123616
11245,,-78.545932,36.11747
11246,,-78.495868,36.115804
11247,,-78.491664,36.106895
11248,,-78.475668,36.097445
11249,,-78.497344,36.084857
11250,,-78.630716,36.217836
11251,,-78.6304,36.19492
11252,,-78.622635,36.185567
11253,,-78.623832,36.162176
11254,,-78.635432,36.190574
11255,,-78.625322,36.190787
11256,,-78.630115,36.133296
11257,,-78.652716,36.141521
11258,,-78.641513,36.125347
11259,,-78.649733,36.1445
11260,,-78.740669,36.210543
11261,,-79.199261,36.224684
11262,,-79.19823,36.219592
11263,,-79.198003,36.218639
11264,,-79.196851,36.210155
11265,,-79.192768,36.207997
11266,,-78.456745,36.067854
11267,,-78.454381,36.034906
11268,,-78.498451,36.059594
11269,,-78.486075,36.05922
11270,,-78.502365,36.044734
11271,,-78.502547,36.034387
11272,,-78.472061,36.062565
11273,,-78.50696,36.047602
11274,,-78.523134,36.046209
11275,,-78.527861,36.050594
11276,,-78.541435,36.057339
11277,,-78.552202,36.054755
11278,,-78.539026,36.069198
11279,,-78.542466,36.061835
11280,,-78.536916,36.045071
11281,,-78.523999,36.026001
11282,,-78.596202,36.022244
11283,,-78.606181,36.068174
11284,,-78.643484,36.058346
11285,,-78.475577,35.995805
11286,,-78.478834,36.005699
11287,,-78.577117,36.174997
11288,,-78.63831,36.211191
11289,,-78.669069,36.226218
11290,,-78.713852,36.181744
11291,,-78.699207,36.210341
11292,,-78.706563,36.210077
11293,,-78.781118,36.279392
11294,,-78.757911,36.303708
11295,,-78.803006,36.249226
11296,,-78.759947,36.302165
11297,,-78.7959,36.307879
11298,,-78.805514,36.304054
11299,,-78.818741,36.307557
11300,,-78.854162,36.314368
11301,,-78.803057,36.334852
11302,,-78.831055,36.281583
11303,,-78.863357,36.318859
11304,,-78.885626,36.302295
11305,,-78.943001,36.306097
11306,,-78.961509,36.320201
11307,,-78.92682,36.28934
11308,,-78.901722,36.291673
11309,,-78.783077,36.363414
11310,,-79.028468,36.387538
11311,,-79.01857,36.372465
11312,,-79.026361,36.397808
11313,,-79.074348,36.37938
11314,,-79.045073,36.354806
11315,,-79.041891,36.354621
11316,,-79.009567,36.371808
11317,,-79.014114,36.358762
11318,,-79.023224,36.34227
11319,,-79.010992,36.341711
11320,,-78.99017,36.340155
11321,,-78.981271,36.3348
11322,,-78.980494,36.344913
11323,,-78.982164,36.344068
11324,,-78.967465,36.340472
11325,,-78.938207,36.332469
11326,,-78.9487,36.35846
11327,,-78.945851,36.348646
11328,,-79.020589,36.325243
11329,,-79.034149,36.338705
11330,,-79.053409,36.327969
11331,,-79.056693,36.329191
11332,,-79.05255,36.310218
11333,,-79.043946,36.287088
11334,,-79.05756,36.273755
11335,,-78.959188,36.279372
11336,,-78.996541,36.27441
11337,,-79.025255,36.232547
11338,,-79.025826,36.227516
11339,,-79.001673,36.214219
11340,,-78.993849,36.23462
11341,,-78.875114,36.229004
11342,,-78.870209,36.260314
11343,,-78.828314,36.193671
11344,,-78.849732,36.18155
11345,,-78.828449,36.179022
11346,,-78.866989,36.201655
11347,,-78.861484,36.174217
11348,,-78.86844,36.208469
11349,,-78.904133,36.198453
11350,,-79.199343,36.155588
11351,,-79.175432,36.130567
11352,,-79.148731,36.132183
11353,,-79.119984,36.134914
11354,,-79.185289,36.027329
11355,,-79.169327,36.007859
11356,,-79.206369,36.006313
11357,,-79.205021,36.05907
11358,,-78.738138,36.189035
11359,,-78.717816,36.173923
11360,,-78.74315,36.156285
11361,,-78.764813,36.158903
11362,,-78.73465,36.151302
11363,,-78.732787,36.149424
11364,,-78.681885,36.170712
11365,,-78.678666,36.203453
11366,,-78.728211,36.133042
11367,,-78.741475,36.116155
11368,,-78.744137,36.110684
11369,,-78.753109,36.098775
11370,,-78.718298,36.110555
11371,,-78.722005,36.122398
11372,,-78.728544,36.122292
11373,,-78.700754,36.117733
11374,,-78.696139,36.117345
11375,,-78.688964,36.117975
11376,,-78.686752,36.117998
11377,,-78.693547,36.114291
11378,,-78.697069,36.110981
11379,,-78.733326,36.081951
11380,,-78.729938,36.082233
11381,,-78.735874,36.096962
11382,,-78.737148,36.0708
11383,,-78.642631,36.104262
11384,,-78.456449,35.938703
11385,,-78.484943,35.960152
11386,,-78.459443,35.976732
11387,,-78.46032,35.983386
11388,,-78.310055,35.852699
11389,,-78.285879,35.851184
11390,,-78.285625,35.851037
11391,,-78.270749,35.850277
11392,,-78.728121,36.24789
11393,,-78.692495,36.244999
11394,,-78.603722,36.041936
11395,,-78.736546,36.073257
11396,,-78.545455,36.056754
11397,,-78.800592,36.305874
11398,,-78.801829,36.250391
11399,,-78.874931,36.237716
11400,,-79.022983,36.24077
11401,,-78.799481,36.36521
11402,,-78.799069,36.37
11403,,-78.878896,35.867006
11404,,-78.87299,35.866957
11405,,-78.828879,35.870846
11406,,-78.401932,35.73711
11407,,-78.566628,35.628976
11408,,-78.566389,35.62904
11409,,-78.720074,35.522439
11410,,-78.837081,35.865695
11411,,-78.83554,35.867058
11412,,-78.207113,35.729146
11413,,-78.575176,35.38909
11414,,-78.256421,35.813564
11415,,-78.607182,35.432108
11416,,-78.77651,35.54062
11417,,-78.77895,35.540859
11418,,-79.220659,36.048481
11419,,-79.261104,36.041302
11420,,-79.247526,36.049699
11421,,-79.225556,36.070771
11422,,-79.242868,36.051306
11423,,-79.236204,36.041925
11424,,-79.193822,35.980423
11425,,-79.211466,35.897
11426,,-79.186701,35.918295
11427,,-79.187332,35.92208
11428,,-79.195739,35.910925
11429,,-79.235755,35.922733
11430,,-79.367146,35.78661
11431,,-79.337802,35.791161
11432,,-79.281466,35.797246
11433,,-79.27514,35.805336
11434,,-79.277294,35.770808
11435,,-79.279335,35.799178
11436,,-79.112102,35.729005
11437,,-79.112233,35.729203
11438,,-78.813592,35.508599
11439,,-78.865466,35.517935
11440,,-78.840101,35.50372
11441,,-78.800108,35.499946
11442,,-78.793532,35.514241
11443,,-78.732907,35.45308
11444,,-78.743353,35.459127
11445,,-78.722143,35.440477
11446,,-78.728444,35.45212
11447,,-78.722703,35.461502
11448,,-78.717462,35.478383
11449,,-78.635346,35.594156
11450,,-78.616186,35.636024
11451,,-78.620257,35.612231
11452,,-78.615154,35.607587
11453,,-78.587366,35.489349
11454,,-78.571101,35.488965
11455,,-78.538606,35.493321
11456,,-78.576946,35.475408
11457,,-78.595615,35.503103
11458,,-78.601423,35.507258
11459,,-78.605108,35.510094
11460,,-78.590809,35.509503
11461,,-78.554209,35.469809
11462,,-78.523387,35.479407
11463,,-78.500007,35.551454
11464,,-78.4943,35.629714
11465,,-78.49784,35.615797
11466,,-78.645103,35.778473
11467,,-78.649228,35.778621
11468,,-78.644884,35.782746
11469,,-78.645817,35.782774
11470,,-78.650687,35.782925
11471,,-78.637999,35.782514
11472,,-78.636339,35.782471
11473,,-78.634705,35.782402
11474,,-78.622198,35.781974
11475,,-78.632158,35.782305
11476,,-78.641551,35.783951
11477,,-78.64318,35.784008
11478,,-78.632681,35.771938
11479,,-78.632872,35.768709
11480,,-78.633623,35.771967
11481,,-78.633584,35.77272
11482,,-78.633442,35.7754
11483,,-78.633369,35.776737
11484,,-78.632755,35.788056
11485,,-78.632997,35.783679
11486,,-78.633075,35.782343
11487,,-78.633193,35.780206
11488,,-78.633291,35.778077
11489,,-78.650889,35.774503
11490,,-78.642018,35.77435
11491,,-78.640408,35.774289
11492,,-78.63842,35.774206
11493,,-78.636787,35.774154
11494,,-78.635144,35.774099
11495,,-78.633504,35.774044
11496,,-78.632575,35.774027
11497,,-78.629441,35.773981
11498,,-78.645033,35.779801
11499,,-78.644952,35.781425
11500,,-78.64499,35.780619
11501,,-78.645276,35.788657
11502,,-78.645571,35.787636
11503,,-78.644796,35.784825
11504,,-78.645719,35.784858
11505,,-78.647352,35.784914
11506,,-78.65072,35.785038
11507,,-78.64898,35.784984
11508,,-78.649094,35.782873
11509,,-78.766687,35.800272
11510,,-78.76841,35.791245
11511,,-79.130459,36.329983
11512,,-79.112803,36.32951
11513,,-79.097067,36.303007
11514,,-79.107296,36.329809
11515,,-78.748211,36.199861
11516,,-78.740295,36.233973
11517,,-78.700039,36.193642
11518,,-78.742542,36.185386
11519,,-78.759715,36.135366
11520,,-78.749916,36.138484
11521,,-78.779894,36.140862
11522,,-78.763663,36.127631
11523,,-78.781401,36.102393
11524,,-78.675802,36.162109
11525,,-78.680227,36.142152
11526,,-78.686641,36.125196
11527,,-78.658986,36.140102
11528,,-78.681625,36.127573
11529,,-78.652371,36.1596
11530,,-78.630285,36.140064
11531,,-78.578757,36.175322
11532,,-78.579282,36.145738
11533,,-78.599913,36.049561
11534,,-78.596141,36.055293
11535,,-78.525955,36.096592
11536,,-78.517593,36.068649
11537,,-78.51,36.083905
11538,,-78.492983,36.059427
11539,,-78.500058,36.070756
11540,,-78.537902,36.027769
11541,,-78.515456,36.046297
11542,,-78.398025,36.125023
11543,,-78.450126,36.138602
11544,,-78.405892,36.102571
11545,,-78.451593,36.102201
11546,,-78.440435,36.103606
11547,,-78.40962,36.083163
11548,,-78.455107,36.081515
11549,,-78.448198,36.08191
11550,,-78.477624,36.049065
11551,,-78.454882,36.047881
11552,,-78.48772,36.050187
11553,,-78.485473,36.037775
11554,,-78.482002,36.030987
11555,,-78.514089,36.012005
11556,,-78.512831,36.020303
11557,,-78.485601,36.0193
11558,,-78.484092,36.021623
11559,,-78.472447,36.027599
11560,,-78.456116,36.041198
11561,,-78.437192,36.050833
11562,,-78.426478,35.999955
11563,,-78.418218,35.990796
11564,,-78.281606,36.140677
11565,,-78.245923,36.130348
11566,,-78.292694,36.104177
11567,,-78.297165,36.104364
11568,,-78.327071,36.105636
11569,,-78.296616,36.110392
11570,,-78.319623,36.091535
11571,,-78.301419,36.089174
11572,,-78.302784,36.078276
11573,,-78.330343,36.07074
11574,,-78.203813,36.078554
11575,,-78.194047,36.078851
11576,,-78.199573,36.061929
11577,,-78.223262,36.020373
11578,,-78.19686,36.020636
11579,,-78.177592,35.990802
11580,,-78.232235,35.938083
11581,,-78.256982,35.933825
11582,,-78.390599,35.954274
11583,,-78.321572,35.927684
11584,,-78.287079,35.914682
11585,,-78.287257,35.907921
11586,,-78.254077,35.887787
11587,,-78.64803,36.031884
11588,,-78.660631,36.033622
11589,,-78.62933,36.049908
11590,,-78.609421,36.017256
11591,,-78.604678,36.016827
11592,,-78.586032,36.015101
11593,,-78.541305,35.982435
11594,,-78.557817,35.991893
11595,,-78.506212,35.995706
11596,,-78.480588,35.989254
11597,,-78.505414,35.977466
11598,,-78.510586,35.965488
11599,,-78.544647,35.965606
11600,,-78.54465,35.965447
11601,,-78.70703,35.984812
11602,,-78.687322,35.95205
11603,,-78.702414,35.980309
11604,,-78.668187,35.910267
11605,,-78.650293,35.91456
11606,,-78.622078,35.904303
11607,,-78.566255,35.946411
11608,,-78.583951,35.930504
11609,,-78.587751,35.925876
11610,,-78.588374,35.904578
11611,,-78.59089,35.908391
11612,,-78.591138,35.921679
11613,,-78.591834,35.913264
11614,,-78.599547,35.89562
11615,,-78.594127,35.897441
11616,,-78.504511,35.910986
11617,,-78.506144,35.914161
11618,,-78.525569,35.907666
11619,,-78.516455,35.950015
11620,,-78.506913,35.935528
11621,,-78.507339,35.941303
11622,,-78.499221,35.925088
11623,,-78.5047,35.931453
11624,,-78.488272,35.952685
11625,,-78.492965,35.942527
11626,,-78.509605,35.879011
11627,,-78.393222,35.92292
11628,,-78.434799,35.822263
11629,,-78.44599,35.848513
11630,,-78.414269,35.856447
11631,,-78.428998,35.815072
11632,,-78.399566,35.817529
11633,,-78.451458,35.816399
11634,,-78.320509,35.88912
11635,,-78.311049,35.823123
11636,,-78.372292,35.784701
11637,,-78.429325,35.752485
11638,,-78.393095,35.757734
11639,,-78.474104,35.801754
11640,,-78.451939,35.822358
11641,,-78.461095,35.825795
11642,,-78.479343,35.783338
11643,,-78.485485,35.786433
11644,,-78.489405,35.780752
11645,,-78.711891,35.888923
11646,,-78.702219,35.906389
11647,,-78.735083,35.900697
11648,,-78.740412,35.896143
11649,,-78.710456,35.88523
11650,,-78.727462,35.887611
11651,,-78.738701,35.882921
11652,,-78.740966,35.8874
11653,,-78.727216,35.891658
11654,,-78.690121,35.876624
11655,,-78.691419,35.861466
11656,,-78.71296,35.873153
11657,,-78.710845,35.863737
11658,,-78.703616,35.865207
11659,,-78.706401,35.872971
11660,,-78.699836,35.854294
11661,,-78.696611,35.852042
11662,,-78.675773,35.912203
11663,,-78.658842,35.90479
11664,,-78.674093,35.89103
11665,,-78.626478,35.882981
11666,,-78.672771,35.850293
11667,,-78.606282,35.865472
11668,,-78.598441,35.860366
11669,,-78.639403,35.838943
11670,,-78.596135,35.848144
11671,,-78.601752,35.847728
11672,,-78.592403,35.837009
11673,,-78.59929,35.833289
11674,,-78.594039,35.833628
11675,,-78.573455,35.855881
11676,,-78.575395,35.852032
11677,,-78.54892,35.834284
11678,,-78.560087,35.832685
11679,,-78.561798,35.813676
11680,,-78.552891,35.834107
11681,,-78.59054,35.819862
11682,,-78.594306,35.809288
11683,,-78.581689,35.811134
11684,,-78.562649,35.799723
11685,,-78.535451,35.797917
11686,,-78.545634,35.784449
11687,,-78.535141,35.752121
11688,,-78.536939,35.745182
11689,,-78.552725,35.7361
11690,,-78.566231,35.742508
11691,,-78.54283,35.740535
11692,,-78.553285,35.728057
11693,,-78.555681,35.693868
11694,,-78.630696,35.822117
11695,,-78.648515,35.813443
11696,,-78.620346,35.792833
11697,,-78.623332,35.784516
11698,,-78.607209,35.789184
11699,,-78.606977,35.79265
11700,,-78.600324,35.788543
11701,,-78.595383,35.787095
11702,,-78.596988,35.780569
11703,,-78.596908,35.780408
11704,,-78.58345,35.768535
11705,,-78.602163,35.77156
11706,,-78.625479,35.78456
11707,,-78.6293,35.784633
11708,,-78.629346,35.783548
11709,,-78.629429,35.782213
11710,,-78.628901,35.782194
11711,,-78.632117,35.782962
11712,,-78.644461,35.787105
11713,,-78.623847,35.77774
11714,,-78.641784,35.778972
11715,,-78.638839,35.779593
11716,,-78.640219,35.777599
11717,,-78.632765,35.770601
11718,,-78.646961,35.774516
11719,,-78.648277,35.769949
11720,,-78.662794,35.792028
11721,,-78.655948,35.796637
11722,,-78.659843,35.804991
11723,,-78.656388,35.805798
11724,,-78.659775,35.801851
11725,,-78.666516,35.800464
11726,,-78.669412,35.794696
11727,,-78.670363,35.790323
11728,,-78.670172,35.794142
11729,,-78.662075,35.793932
11730,,-78.692283,35.776447
11731,,-78.687633,35.770917
11732,,-78.70764,35.77201
11733,,-78.695397,35.762541
11734,,-78.696288,35.755496
11735,,-78.712865,35.858373
11736,,-78.711198,35.851386
11737,,-78.727084,35.797624
11738,,-78.733608,35.798389
11739,,-78.731537,35.801486
11740,,-78.737828,35.799523
11741,,-78.739374,35.79351
11742,,-78.71951,35.776337
11743,,-78.732353,35.777111
11744,,-78.742836,35.788616
11745,,-78.732607,35.786936
11746,,-78.738591,35.787942
11747,,-78.740412,35.784688
11748,,-78.735983,35.778498
11749,,-78.736166,35.773496
11750,,-78.743734,35.780748
11751,,-78.743423,35.777897
11752,,-78.835322,35.844528
11753,,-78.84106,35.852117
11754,,-78.84274,35.856688
11755,,-78.838342,35.84841
11756,,-78.760153,35.826654
11757,,-78.788217,35.829157
11758,,-78.802259,35.817884
11759,,-78.811221,35.808928
11760,,-78.782931,35.804869
11761,,-78.784122,35.802472
11762,,-78.909834,35.829689
11763,,-78.90634,35.82969
11764,,-78.908756,35.825811
11765,,-78.90741,35.822563
11766,,-78.858179,35.833863
11767,,-78.840963,35.836394
11768,,-78.848278,35.822671
11769,,-78.836626,35.825922
11770,,-78.838798,35.830142
11771,,-78.847933,35.821103
11772,,-78.845413,35.819458
11773,,-78.838361,35.838358
11774,,-78.828991,35.825241
11775,,-78.831145,35.823114
11776,,-78.884228,35.829172
11777,,-78.884233,35.823423
11778,,-78.91335,35.801585
11779,,-78.847684,35.818537
11780,,-78.845021,35.811916
11781,,-78.828239,35.805247
11782,,-78.825408,35.791086
11783,,-78.838888,35.810604
11784,,-78.919601,35.796032
11785,,-78.881006,35.803031
11786,,-78.808784,35.792262
11787,,-78.81803,35.795321
11788,,-78.815967,35.784073
11789,,-78.8097,35.79102
11790,,-78.791304,35.794653
11791,,-78.78678,35.792191
11792,,-78.77942,35.803018
11793,,-78.774652,35.801256
11794,,-78.767152,35.796007
11795,,-78.768991,35.793706
11796,,-78.775647,35.791958
11797,,-78.774315,35.796874
11798,,-78.783091,35.797036
11799,,-78.796628,35.771797
11800,,-78.755405,35.765962
11801,,-78.771031,35.754304
11802,,-78.773789,35.750852
11803,,-78.775326,35.761156
11804,,-78.778583,35.758045
11805,,-78.783471,35.763266
11806,,-78.797623,35.75562
11807,,-78.812389,35.755571
11808,,-78.837639,35.748341
11809,,-78.837526,35.748511
11810,,-78.822279,35.763025
11811,,-78.820908,35.771113
11812,,-78.830174,35.768133
11813,,-78.831048,35.759157
11814,,-78.846559,35.754483
11815,,-78.859841,35.788989
11816,,-78.85754,35.784122
11817,,-78.844668,35.770317
11818,,-78.864979,35.749248
11819,,-78.87162,35.782508
11820,,-78.875254,35.786867
11821,,-78.892137,35.781226
11822,,-78.830194,35.746077
11823,,-78.826558,35.739003
11824,,-78.83569,35.735121
11825,,-78.836179,35.728981
11826,,-78.836417,35.744593
11827,,-78.843778,35.748702
11828,,-78.863354,35.73672
11829,,-78.848722,35.738877
11830,,-78.851555,35.740721
11831,,-78.872203,35.742245
11832,,-78.87438,35.737214
11833,,-78.846139,35.723768
11834,,-78.843369,35.729996
11835,,-78.861607,35.735571
11836,,-78.865587,35.727387
11837,,-78.865241,35.736068
11838,,-78.868429,35.731891
11839,,-78.848608,35.71378
11840,,-78.893969,35.735936
11841,,-78.920022,35.726167
11842,,-78.887559,35.722085
11843,,-78.888088,35.714887
11844,,-78.896646,35.69019
11845,,-78.767176,35.7462
11846,,-78.678143,35.744785
11847,,-78.665177,35.75012
11848,,-78.658076,35.748322
11849,,-78.700329,35.716131
11850,,-78.828679,35.717254
11851,,-78.819328,35.720952
11852,,-78.784353,35.715001
11853,,-78.787606,35.702141
11854,,-78.732964,35.676055
11855,,-78.743865,35.678496
11856,,-78.787803,35.682374
11857,,-78.837507,35.691747
11858,,-78.837297,35.691654
11859,,-78.603783,35.747447
11860,,-78.623685,35.74356
11861,,-78.588764,35.710258
11862,,-78.611653,35.710443
11863,,-78.63692,35.711992
11864,,-78.640044,35.699336
11865,,-78.628583,35.700854
11866,,-78.65724,35.67825
11867,,-78.612009,35.599019
11868,,-78.679206,35.624513
11869,,-78.706786,35.581066
11870,,-78.669832,35.571878
11871,,-78.675532,35.555055
11872,,-78.701312,35.560149
11873,,-78.718523,35.555696
11874,,-78.724948,35.525309
11875,,-78.711138,35.523809
11876,,-78.77458,35.565209
11877,,-78.735376,35.658823
11878,,-78.74132,35.653144
11879,,-78.78573,35.663601
11880,,-78.76445,35.662405
11881,,-78.756688,35.605368
11882,,-78.793811,35.603322
11883,,-78.831669,35.561409
11884,,-78.805604,35.607572
11885,,-78.829278,35.597698
11886,,-78.904789,35.566503
11887,,-78.872858,35.609334
11888,,-78.891428,35.596133
11889,,-78.806582,35.659702
11890,,-78.821745,35.651674
11891,,-78.846066,35.63603
11892,,-78.853417,35.626298
11893,,-78.832643,35.678282
11894,,-78.747728,35.506213
11895,,-78.761017,35.475236
11896,,-78.740246,35.466789
11897,,-78.780057,35.410009
11898,,-78.770027,35.418231
11899,,-78.645255,35.3898
11900,,-78.664489,35.386253
11901,,-78.702389,35.414802
11902,,-78.687488,35.411846
11903,,-78.655549,35.414733
11904,,-78.673525,35.41504
11905,,-78.726688,35.445296
11906,,-78.737925,35.446022
11907,,-78.716424,35.450483
11908,,-78.640119,35.439937
11909,,-78.608401,35.402357
11910,,-78.602803,35.407044
11911,,-78.591246,35.393628
11912,,-78.560125,35.415924
11913,,-78.544707,35.419105
11914,,-78.650579,35.483028
11915,,-78.638784,35.495823
11916,,-78.643617,35.559994
11917,,-78.64427,35.547038
11918,,-78.616914,35.521033
11919,,-78.628256,35.545709
11920,,-78.599435,35.547115
11921,,-78.579842,35.582845
11922,,-78.490202,35.464332
11923,,-78.487478,35.449224
11924,,-78.452262,35.447307
11925,,-78.422979,35.446458
11926,,-78.402291,35.454696
11927,,-78.432735,35.442215
11928,,-78.42734,35.440915
11929,,-78.426785,35.444949
11930,,-78.447571,35.435095
11931,,-78.437499,35.451277
11932,,-78.388979,35.47876
11933,,-78.383695,35.470907
11934,,-78.543125,35.520791
11935,,-78.533718,35.570455
11936,,-78.525225,35.56162
11937,,-78.54636,35.576802
11938,,-78.549585,35.58327
11939,,-78.539395,35.577729
11940,,-78.568106,35.57381
11941,,-78.541374,35.615627
11942,,-78.535333,35.611048
11943,,-78.498205,35.587295
11944,,-78.34556,35.563183
11945,,-78.333687,35.506621
11946,,-78.308019,35.520714
11947,,-78.295357,35.52711
11948,,-78.295947,35.550315
11949,,-78.290056,35.543157
11950,,-78.279305,35.542572
11951,,-78.273589,35.549531
11952,,-78.265942,35.553937
11953,,-78.208175,35.574943
11954,,-78.191882,35.572317
11955,,-78.183333,35.570117
11956,,-78.214369,35.63783
11957,,-78.301097,35.570666
11958,,-78.313235,35.599286
11959,,-78.390415,35.617394
11960,,-78.360206,35.593473
11961,,-78.40748,35.608621
11962,,-78.411372,35.615146
11963,,-78.468336,35.649155
11964,,-78.494141,35.664
11965,,-78.457643,35.656071
11966,,-78.384818,35.703307
11967,,-78.389688,35.657158
11968,,-78.669251,35.936139
11969,,-78.614644,35.853326
11970,,-78.601267,35.858659
11971,,-78.670986,35.788411
11972,,-78.905161,35.996098
11973,,-78.668194,35.544236
11974,,-78.654239,35.537101
11975,,-78.631638,35.52492
11976,,-78.882033,35.760347
11977,,-78.62677,35.801782
11978,,-78.625211,35.800705
11979,,-78.620992,35.8036
11980,,-78.624604,35.802339
11981,,-78.619912,35.802562
11982,,-78.685905,35.447737
11983,,-78.647671,35.774548
11984,,-79.244369,36.078357
11985,,-79.235653,36.078898
11986,,-79.229101,36.004525
11987,,-78.839171,35.712316
11988,,-78.83273,35.719875
11989,,-78.652125,35.781106
11990,,-78.650434,35.778657
11991,,-78.660958,35.606245
11992,,-78.669505,35.770352
11993,,-78.656629,35.774916
11994,,-78.630317,35.785956
11995,,-78.63051,35.782251
11996,,-78.630442,35.783585
11997,,-78.630199,35.787966
11998,,-78.636137,35.786029
11999,,-78.634508,35.786012
12000,,-78.632864,35.785985
12001,,-78.631942,35.78598
12002,,-78.628796,35.785937
12003,,-79.084122,36.16462
12004,,-78.989932,35.981293
12005,,-78.99025,35.975993
12006,,-78.939809,35.989741
12007,,-78.887169,35.926753
12008,,-78.717761,35.982707
12009,,-78.710791,35.973274
12010,,-78.741326,35.956788
12011,,-78.74781,35.94498
12012,,-78.915142,35.971259
12013,,-78.901438,36.001984
12014,,-78.901603,35.998916
12015,,-78.901321,36.006535
12016,,-78.897874,35.996308
12017,,-78.903366,35.989423
12018,,-78.875376,35.994166
12019,,-78.876096,35.991941
12020,,-78.863859,35.910578
12021,,-78.943052,35.973072
12022,,-78.941149,35.972958
12023,,-78.941614,35.972745
12024,,-78.943521,35.971095
12025,,-78.947324,35.971585
12026,,-78.94617,35.971681
12027,,-78.943083,35.972898
12028,,-78.732597,35.976269
12029,,-78.888862,35.716525
12030,,-78.809034,35.67965
12031,,-78.88935,35.751691
12032,,-78.89035,35.755478
12033,,-78.843718,35.856531
12034,,-78.628294,35.701457
12035,,-78.654196,35.700704
12036,,-78.640378,35.701306
12037,,-78.376679,35.770015
12038,,-78.318656,35.856833
12039,,-78.69669,36.111288
12040,,-78.458631,36.023562
12041,,-78.439393,35.639548
12042,,-78.661355,35.786547
12043,,-78.756298,35.554027
12044,,-79.011012,35.90204
12045,,-78.982213,35.911873
12046,,-78.984085,35.911562
12047,,-78.984385,35.912121
12048,,-78.93313,36.012037
12049,,-79.001924,35.902997
12050,,-79.001879,35.902882
12051,,-78.717941,35.786119
12052,,-78.74112,35.890752
12053,,-78.79496,35.903392
12054,,-78.767788,35.911027
12055,,-78.76137,35.925911
12056,,-78.764237,35.91972
12057,,-78.80761,35.902071
12058,,-78.802059,35.891913
12059,,-78.662751,35.897409
12060,,-78.647548,35.898911
12061,,-78.62221,35.7314
12062,,-78.621687,35.734216
12063,,-78.888435,35.87352
12064,,-78.473383,35.666199
12065,,-79.040417,35.897025
12066,,-78.650253,35.776771
12067,,-78.88872,36.059131
12068,,-79.036579,35.898867
12069,,-79.157448,36.082212
12070,,-78.985039,35.916538
12071,,-78.753278,35.5111
12072,,-78.745646,35.533635
12073,,-78.757982,35.533676
12074,,-78.93902,35.997853
12075,,-78.938711,35.993563
12076,,-78.945438,35.998427
12077,,-78.957937,35.972498
12078,,-78.940825,35.975709
12079,,-78.955428,35.924768
12080,,-78.911214,35.915691
12081,,-78.917187,35.9129
12082,,-78.863239,35.884791
12083,,-78.882632,35.886137
12084,,-78.842813,35.877998
12085,,-78.999837,35.875664
12086,,-78.995531,35.943336
12087,,-78.888218,36.043015
12088,,-78.888924,36.053859
12089,,-78.752484,35.962574
12090,,-78.850474,35.880192
12091,,-78.901392,36.003772
12092,,-79.043609,35.900511
12093,,-78.714414,35.977567
12094,,-78.999612,35.902165
12095,,-79.007128,35.905214
12096,,-78.560818,35.967005
12097,,-78.75541,35.676285
12098,,-78.87015,35.813731
12099,,-78.578608,35.650683
12100,,-78.598862,35.661873
12101,,-78.326086,35.790339
12102,,-78.418553,35.769284
12103,,-78.740291,36.147745
12104,,-78.752546,36.139955
12105,,-78.420525,36.155298
12106,,-78.429471,36.098352
12107,,-78.429424,36.090519
12108,,-78.622033,36.033166
12109,,-78.54544,35.986871
12110,,-78.507205,35.971784
12111,,-78.508874,35.969305
12112,,-78.510242,35.967687
12113,,-78.698612,35.978892
12114,,-78.748851,35.926926
12115,,-78.667373,35.923355
12116,,-78.665636,35.916117
12117,,-78.575079,35.923927
12118,,-78.58565,35.912704
12119,,-78.570267,35.917895
12120,,-78.587251,35.90832
12121,,-78.572441,35.92165
12122,,-78.562852,35.940815
12123,,-78.431465,35.827109
12124,,-78.429686,35.840725
12125,,-78.431047,35.849645
12126,,-78.433596,35.850212
12127,,-78.420725,35.816145
12128,,-78.299749,35.875238
12129,,-78.328617,35.795381
12130,,-78.40679,35.754213
12131,,-78.694275,35.912393
12132,,-78.720748,35.886664
12133,,-78.733802,35.886969
12134,,-78.713024,35.867543
12135,,-78.713033,35.86963
12136,,-78.708727,35.867585
12137,,-78.699126,35.861373
12138,,-78.702222,35.860601
12139,,-78.698494,35.85663
12140,,-78.60973,35.854004
12141,,-78.607271,35.857108
12142,,-78.605526,35.861469
12143,,-78.605339,35.862812
12144,,-78.595765,35.852593
12145,,-78.604131,35.819966
12146,,-78.568712,35.844051
12147,,-78.5626,35.838025
12148,,-78.547053,35.843338
12149,,-78.551541,35.846146
12150,,-78.563596,35.845868
12151,,-78.545875,35.822735
12152,,-78.55574,35.810269
12153,,-78.542106,35.813702
12154,,-78.540924,35.736837
12155,,-78.534267,35.731693
12156,,-78.536401,35.722372
12157,,-78.530978,35.720851
12158,,-78.629396,35.782687
12159,,-78.659703,35.79458
12160,,-78.667489,35.798517
12161,,-78.703803,35.760243
12162,,-78.704894,35.755509
12163,,-78.741938,35.780626
12164,,-78.839262,35.860894
12165,,-78.840177,35.858401
12166,,-78.830157,35.850882
12167,,-78.828732,35.853362
12168,,-78.829496,35.852075
12169,,-78.831765,35.847018
12170,,-78.830071,35.854456
12171,,-78.785939,35.803803
12172,,-78.843976,35.833157
12173,,-78.842279,35.824703
12174,,-78.837811,35.824831
12175,,-78.844637,35.828586
12176,,-78.848167,35.831933
12177,,-78.916256,35.808288
12178,,-78.920284,35.810678
12179,,-78.913415,35.81276
12180,,-78.864996,35.818772
12181,,-78.865273,35.813101
12182,,-78.857271,35.814177
12183,,-78.840128,35.799525
12184,,-78.844237,35.799272
12185,,-78.837958,35.79346
12186,,-78.839238,35.803201
12187,,-78.838662,35.808329
12188,,-78.790659,35.78838
12189,,-78.776948,35.793368
12190,,-78.777366,35.795644
12191,,-78.760952,35.762655
12192,,-78.778394,35.762702
12193,,-78.842804,35.763864
12194,,-78.834687,35.766162
12195,,-78.841198,35.757436
12196,,-78.839206,35.757621
12197,,-78.839645,35.73135
12198,,-78.845033,35.726688
12199,,-78.857396,35.732954
12200,,-78.811022,35.565396
12201,,-78.88953,35.611753
12202,,-78.841132,35.651082
12203,,-78.531226,35.560261
12204,,-78.851585,35.836389
12205,,-78.861837,35.809227
12206,,-78.686971,35.758536
12207,,-78.932822,35.999193
12208,,-78.93365,35.998323
12209,,-78.571835,35.937853
12210,,-79.057652,35.942845
12211,,-79.04839,35.942873
12212,,-79.013218,35.906078
12213,,-78.576177,35.899757
12214,,-79.007155,35.901809
12215,,-78.870763,35.876453
12216,,-78.89866,35.902682
12217,,-78.858018,35.798361
12218,,-78.857226,35.7894
12219,,-78.906034,35.803838
12220,,-78.902053,35.804575
12221,,-78.74064,35.745643
12222,,-79.053328,35.972498
12223,,-78.99654,36.033774
12224,,-78.89953,35.99438
12225,,-78.864075,35.940061
12226,,-78.976907,35.969915
12227,,-79.064033,35.974707
12228,,-78.97496,35.97555
12229,,-78.98629,36.03235
12230,,-79.08337,36.01007
12231,,-78.91415,36.09489
12232,,-78.910051,36.094933
12233,,-78.903597,36.225292
12234,,-79.08195,35.86193
12235,,-79.098429,36.040784
12236,,-79.089244,36.006277
12237,,-79.08519,36.0089
12238,,-79.089723,36.005966
12239,,-79.114106,36.150484
12240,,-78.84893,36.02798
12241,,-78.853008,36.023969
12242,,-78.851889,36.025808
12243,,-78.875622,36.013525
12244,,-78.88415,36.0141
12245,,-78.887868,36.014759
12246,,-78.894171,36.016283
12247,,-78.90103,36.01923
12248,,-78.904883,36.020677
12249,,-78.905427,36.0219
12250,,-78.90865,36.02187
12251,,-78.91564,36.024615
12252,,-78.921168,36.028437
12253,,-78.92869,36.0288
12254,,-78.926089,36.029208
12255,,-78.93176,36.02882
12256,,-78.938994,36.02779
12257,,-78.935813,36.029221
12258,,-78.95047,36.02472
12259,,-78.957917,36.028345
12260,,-78.953814,36.026431
12261,,-78.96023,36.02999
12262,,-78.96884,36.0354
12263,,-79.012043,36.038667
12264,,-79.15964,36.07284
12265,,-79.169507,36.073667
12266,,-79.173872,36.07381
12267,,-79.220002,36.079126
12268,,-79.229111,36.07909
12269,,-79.224947,36.080529
12270,,-78.83793,35.94563
12271,,-78.95543,35.90504
12272,,-78.964771,35.903866
12273,,-78.965356,35.90389
12274,,-78.99611,35.9478
12275,,-79.001883,35.953654
12276,,-78.997984,35.951193
12277,,-79.05942,35.97004
12278,,-79.0679,35.97457
12279,,-79.063375,35.972631
12280,,-79.068372,35.97501
12281,,-79.082128,36.006455
12282,,-79.085743,36.01308
12283,,-79.092867,36.034412
12284,,-79.10143,36.0378
12285,,-79.09763,36.0378
12286,,-78.86283,35.992744
12287,,-78.867173,36.009933
12288,,-78.868062,36.011373
12289,,-78.86118,35.9202
12290,,-78.85956,35.92772
12291,,-78.85854,35.93524
12292,,-78.86075,35.94295
12293,,-78.858672,35.93959
12294,,-78.860948,35.943285
12295,,-78.87254,35.97472
12296,,-78.880541,35.978391
12297,,-78.875233,35.976687
12298,,-78.89967,35.98939
12299,,-78.956384,36.026981
12300,,-78.94969,36.02439
12301,,-78.953535,36.024801
12302,,-78.92339,36.00001
12303,,-78.901688,35.99695
12304,,-78.90175,35.995641
12305,,-78.900425,35.99693
12306,,-78.902299,35.99499
12307,,-78.899028,35.99693
12308,,-78.899748,35.996049
12309,,-78.867119,35.94338
12310,,-78.929786,36.006713
12311,,-79.05727,35.88967
12312,,-79.026629,35.908723
12313,,-79.018333,35.942246
12314,,-79.022076,35.940516
12315,,-79.0102,36.0374
12316,,-79.00724,36.036036
12317,,-79.014069,36.038576
12318,,-79.008755,36.038364
12319,,-79.00614,36.038431
12320,,-79.0104,36.03937
12321,,-79.011559,36.038389
12322,,-79.085901,35.851846
12323,,-79.15623,36.07178
12324,,-79.15915,36.07363
12325,,-79.16013,36.07197
12326,,-79.16297,36.07362
12327,,-79.166329,36.073764
12328,,-79.170027,36.07437
12329,,-78.95608,35.904731
12330,,-78.85113,35.90155
12331,,-78.964636,35.903663
12332,,-78.944766,36.025026
12333,,-78.939039,36.027447
12334,,-78.931816,36.028552
12335,,-78.935854,36.028087
12336,,-78.92833,36.0285
12337,,-78.920203,36.0277
12338,,-78.924637,36.028001
12339,,-78.9133,36.022777
12340,,-78.894117,36.015966
12341,,-78.890636,36.014238
12342,,-78.883482,36.013807
12343,,-78.87473,36.013233
12344,,-78.85244,36.02428
12345,,-78.84937,36.02738
12346,,-78.85037,36.02563
12347,,-78.93605,35.97704
12348,,-78.936746,35.975161
12349,,-78.93928,35.97643
12350,,-78.93751,35.9754
12351,,-78.991596,35.986565
12352,,-78.98875,36.03225
12353,,-78.98966,36.03238
12354,,-78.818603,35.938862
12355,,-78.867959,36.010642
12356,,-78.90161,35.98905
12357,,-78.938855,35.974096
12358,,-78.99812,35.951357
12359,,-78.863909,35.99148
12360,,-78.8635,35.99059
12361,,-78.822909,35.939056
12362,,-78.829192,35.940842
12363,,-78.874679,36.01453
12364,,-78.880113,35.977997
12365,,-78.87618,35.97427
12366,,-78.878691,35.9574
12367,,-78.85981,35.92792
12368,,-78.861471,35.920391
12369,,-78.85887,35.93596
12370,,-78.860225,35.939633
12371,,-78.86108,35.94296
12372,,-78.8712,35.97328
12373,,-78.89777,35.98801
12374,,-78.92994,36.00718
12375,,-78.95144,36.00315
12376,,-78.953326,35.997691
12377,,-78.94951,36.00461
12378,,-78.937269,36.00922
12379,,-78.931298,36.007407
12380,,-78.93021,36.00005
12381,,-78.93564,35.996359
12382,,-78.95905,35.91932
12383,,-78.95972,35.92024
12384,,-78.953625,36.027266
12385,,-78.9535,36.02241
12386,,-78.948407,36.022761
12387,,-78.87567,35.97759
12388,,-79.084974,35.620226
12389,,-79.084665,35.620333
12390,,-79.072283,35.910119
12391,,-79.081633,35.861055
12392,,-79.084378,35.816064
12393,,-79.066945,35.739538
12394,,-79.05937,35.891332
12395,,-79.09712,36.03596
12396,,-79.09304,36.03425
12397,,-79.099281,36.072931
12398,,-79.11778,36.086402
12399,,-79.225251,36.082284
12400,,-79.224397,36.078251
12401,,-79.169324,36.071588
12402,,-79.166289,36.073316
12403,,-79.17389,36.07362
12404,,-79.16958,36.0726
12405,,-79.170322,36.073493
12406,,-79.219997,36.078924
12407,,-79.229141,36.078904
12408,,-79.005916,36.035695
12409,,-79.007084,36.036234
12410,,-79.08268,36.04328
12411,,-79.06171,35.96973
12412,,-79.057208,35.968992
12413,,-79.101997,36.037627
12414,,-79.08604,36.01306
12415,,-79.08226,36.00611
12416,,-79.065729,35.972651
12417,,-79.056877,35.96887
12418,,-79.002281,35.953693
12419,,-78.996445,35.947908
12420,,-78.99985,35.950541
12421,,-78.995996,35.947275
12422,,-78.999741,35.950399
12423,,-79.012611,35.944644
12424,,-79.018686,35.943071
12425,,-79.013828,35.958447
12426,,-79.007841,35.968524
12427,,-79.003906,35.966977
12428,,-79.03039,35.97742
12429,,-79.033785,35.961665
12430,,-79.091478,36.18568
12431,,-79.108165,36.192748
12432,,-78.936084,36.014423
12433,,-78.936364,36.013564
12434,,-78.935239,36.013314
12435,,-78.936694,36.012617
12436,,-78.937141,36.013632
12437,,-78.90067,35.98882
12438,,-78.897424,35.98806
12439,,-78.877304,35.977463
12440,,-78.87575,35.97697
12441,,-78.86011,35.93963
12442,,-78.86294,35.916574
12443,,-78.86322,35.91504
12444,,-78.8603,36.00511
12445,,-79.06151,35.88815
12446,,-79.045893,35.916955
12447,,-78.94627,36.00754
12448,,-78.8616,36.00545
12449,,-78.86341,36.00551
12450,,-78.86688,36.005042
12451,,-78.864607,36.005448
12452,,-78.863402,36.001887
12453,,-78.863156,36.002443
12454,,-78.865811,36.007854
12455,,-78.862291,35.991787
12456,,-78.905287,36.021094
12457,,-78.905242,36.019789
12458,,-78.905745,36.02061
12459,,-78.905877,36.020558
12460,,-78.887161,36.013724
12461,,-78.89039,36.01517
12462,,-79.16627,36.073034
12463,,-78.906123,36.021009
12464,,-79.235235,36.139107
12465,,-79.020226,35.940665
12466,,-79.012384,35.944291
12467,,-79.020638,35.940385
12468,,-79.018205,35.941978
12469,,-78.905637,35.991325
12470,,-79.012672,35.944797
12471,,-79.014333,35.947458
12472,,-78.976986,35.961684
12473,,-78.976926,35.961508
12474,,-79.008906,36.038677
12475,,-79.16229,35.74617
12476,,-79.162934,35.746238
12477,,-79.16572,35.74995
12478,,-79.172134,35.750456
12479,,-79.167251,35.746899
12480,,-79.173218,35.750456
12481,,-79.167246,35.74815
12482,,-79.166938,35.748287
12483,,-79.167077,35.750148
12484,,-79.166991,35.751318
12485,,-79.023342,35.936324
12486,,-79.023567,35.936367
12487,,-78.875563,35.976181
12488,,-78.933549,36.009052
12489,,-78.93401,36.00786
12490,,-78.932713,36.007738
12491,,-78.985138,36.038196
12492,,-78.985942,36.038188
12493,,-78.97244,36.036246
12494,,-79.003898,35.955137
12495,,-79.003774,35.954834
12496,,-79.005164,35.642945
12497,,-79.002073,35.644648
12498,,-79.09116,35.622437
12499,,-79.084367,35.626113
12500,,-79.088373,35.625263
12501,,-79.008522,35.644597
12502,,-79.004171,35.644381
12503,,-79.063751,36.08811
12504,,-79.11511,36.07046
12505,,-79.107784,36.062227
12506,,-79.11495,36.068317
12507,,-79.232651,36.204602
12508,,-78.906207,36.238351
12509,,-79.08212,36.03754
12510,,-78.948375,36.00557
12511,,-79.257477,36.024975
12512,,-79.24608,36.02084
12513,,-79.170068,36.079562
12514,,-78.782589,35.962785
12515,,-78.879224,35.96527
12516,,-78.93349,36.00531
12517,,-78.865933,36.005192
12518,,-78.94418,36.00007
12519,,-78.94142,35.99907
12520,,-78.92753,36.00002
12521,,-78.940905,36.006188
12522,,-78.874045,36.014765
12523,,-79.062246,35.880964
12524,,-79.1607,36.07094
12525,,-79.169173,36.073445
12526,,-79.15604,36.07148
12527,,-78.990627,35.954719
12528,,-78.990526,35.95457
12529,,-79.09095,36.03896
12530,,-78.965329,35.903711
12531,,-78.995704,35.94725
12532,,-78.861251,35.943231
12533,,-78.86567,36.00523
12534,,-78.86576,36.00522
12535,,-78.994513,35.95567
12536,,-78.98588,36.038009
12537,,-78.984511,36.038019
12538,,-78.8663,36.015532
12539,,-78.864867,36.016448
12540,,-79.184436,36.149769
12541,,-79.26112,35.96953
12542,,-79.088854,36.340581
12543,,-79.092076,35.809466
12544,,-79.094085,35.802356
12545,,-78.851487,35.909008
12546,,-79.225141,36.081616
12547,,-79.25866,36.03103
12548,,-78.90756,35.99549
12549,,-79.242936,36.18114
12550,,-79.261689,36.159171
12551,,-78.895494,36.059214
12552,,-79.163309,36.072907
12553,,-79.160539,36.072824
12554,,-79.009062,35.644796
12555,,-79.001936,35.644726
12556,,-79.004247,35.644219
12557,,-79.091092,35.622215
12558,,-79.083744,35.626084
12559,,-79.087694,35.62376
12560,,-78.935997,36.012948
12561,,-78.936758,36.014181
12562,,-78.937157,36.014288
12563,,-79.02698,35.89941
12564,,-79.03191,35.90119
12565,,-78.904824,36.020272
12566,,-78.769831,35.890598
12567,,-78.780667,35.885053
12568,,-78.786654,35.88219
12569,,-79.081651,36.035259
12570,,-78.868386,35.881532
12571,,-78.867912,35.881139
12572,,-78.864924,35.865887
12573,,-78.864639,35.866063
12574,,-78.864801,35.865205
12575,,-78.864496,35.86504
12576,,-78.864043,35.861059
12577,,-78.863729,35.860977
12578,,-78.864672,35.858398
12579,,-78.856054,35.86159
12580,,-79.020974,35.954761
12581,,-78.905556,35.997816
12582,,-78.904851,35.998549
12583,,-78.904705,35.998454
12584,,-78.904618,35.998418
12585,,-78.876792,35.888531
12586,,-78.781151,35.9252
12587,,-79.074241,35.911163
12588,,-78.780883,35.91973
12589,,-78.863185,35.854874
12590,,-78.890168,35.836709
12591,,-78.889996,35.83634
12592,,-78.892377,35.806474
12593,,-78.89199,35.806525
12594,,-78.887721,35.787953
12595,,-78.887335,35.787983
12596,,-78.886581,35.783469
12597,,-78.886276,35.78392
12598,,-78.892003,35.754302
12599,,-79.117251,36.075047
12600,,-79.107997,36.087172
12601,,-79.105852,36.087074
12602,,-78.540128,35.684288
12603,,-78.538618,35.683768
12604,,-78.5351,35.682538
12605,,-78.538034,35.683733
12606,,-78.537977,35.86336
12607,,-78.397095,35.767301
12608,,-78.83224,35.638894
12609,,-78.805697,35.677178
12610,,-78.793621,35.674723
12611,,-78.791642,35.67894
12612,,-78.792741,35.676999
12613,,-78.704861,35.656633
12614,,-78.678579,35.689019
12615,,-78.905055,35.668406
12616,,-78.66968,35.645119
12617,,-78.841075,35.684541
12618,,-78.840677,35.682912
12619,,-78.839171,35.671165
12620,,-78.840445,35.682958
12621,,-78.985644,36.038192
12622,,-78.985564,36.038009
12623,,-78.538909,35.684021
12624,,-78.535187,35.682741
12625,,-78.744599,35.673565
12626,,-78.74425,35.676314
12627,,-78.739104,35.495472
12628,,-78.753031,35.500996
12629,,-78.788601,35.917506
12630,,-78.755437,35.601068
12631,,-79.042179,35.896661
12632,,-78.841482,35.636314
12633,,-78.834753,35.639892
12634,,-78.834716,35.640092
12635,,-78.832213,35.638598
12636,,-78.814497,35.582416
12637,,-78.810428,35.576393
12638,,-78.75026,35.519186
12639,,-78.731193,35.483275
12640,,-78.741487,35.483782
12641,,-78.607202,35.624623
12642,,-78.80854,35.80567
12643,,-78.44353,35.783944
12644,,-78.643865,35.753694
12645,,-78.64397,35.753907
12646,,-78.613327,35.812428
12647,,-78.674474,35.756099
12648,,-78.851194,35.910357
12649,,-78.581041,35.7007
12650,,-78.580656,35.700817
12651,,-78.584152,35.716917
12652,,-78.583794,35.716946
12653,,-78.859203,36.078548
12654,,-79.057312,35.959051
12655,,-79.013533,35.916003
12656,,-79.019948,35.920496
12657,,-78.997676,35.945587
12658,,-79.01263,35.932584
12659,,-79.082474,35.920845
12660,,-78.950616,35.905819
12661,,-78.950588,35.906014
12662,,-78.964027,35.903585
12663,,-78.964095,35.903913
12664,,-79.05606,35.935186
12665,,-78.99514,35.92956
12666,,-79.013832,36.041772
12667,,-79.042237,35.896772
12668,,-79.051182,35.90147
12669,,-79.05149,35.900523
12670,,-78.858175,35.980648
12671,,-78.984426,35.917229
12672,,-78.984273,35.916374
12673,,-78.981978,35.912871
12674,,-78.960914,35.923912
12675,,-78.864021,35.957116
12676,,-78.946232,36.007519
12677,,-78.674468,35.832759
12678,,-78.892502,35.812534
12679,,-78.892115,35.812545
12680,,-78.894455,35.746658
12681,,-78.889623,35.747277
12682,,-78.80419,35.853985
12683,,-78.804055,35.854137
12684,,-78.865651,35.957088
12685,,-78.863014,35.916344
12686,,-78.861525,35.92022
12687,,-78.880461,36.003689
12688,,-78.884655,35.928808
12689,,-78.87527,35.949004
12690,,-78.874876,35.942788
12691,,-78.863517,35.828811
12692,,-78.843217,35.885708
12693,,-78.842932,35.885828
12694,,-78.844361,35.897975
12695,,-78.900013,35.907464
12696,,-78.806902,35.918994
12697,,-78.805332,35.921771
12698,,-78.800673,35.938744
12699,,-78.859905,36.077477
12700,,-78.860296,35.854307
12701,,-78.860686,35.851683
12702,,-78.859502,35.855089
12703,,-78.856698,35.857325
12704,,-78.893135,35.906822
12705,,-78.893899,35.906686
12706,,-78.874774,35.900406
12707,,-78.874639,35.900666
12708,,-78.85243,35.883934
12709,,-78.876354,35.957938
12710,,-78.941473,35.907626
12711,,-78.939507,35.908224
12712,,-79.048576,35.98179
12713,,-79.04801,35.988061
12714,,-79.092601,35.926613
12715,,-79.059241,35.969773
12716,,-79.059091,35.969913
12717,,-79.101381,35.967586
12718,,-79.092862,35.917586
12719,,-78.875602,35.900771
12720,,-78.975437,35.959681
12721,,-79.085741,35.851796
12722,,-78.722212,35.981353
12723,,-78.960768,35.961413
12724,,-78.911171,36.0014
12725,,-78.747009,35.77792
12726,,-78.682221,35.787461
12727,,-78.783264,35.78901
12728,,-78.709502,35.752532
12729,,-78.709381,35.752717
12730,,-78.643505,35.777421
12731,,-78.727408,35.79136
12732,,-78.866618,35.824827
12733,,-78.740352,35.788233
12734,,-78.723105,35.785345
12735,,-78.739822,35.806446
12736,,-78.730177,35.917501
12737,,-78.731115,35.91875
12738,,-78.685677,35.753808
12739,,-78.685546,35.753631
12740,,-78.684251,35.754119
12741,,-78.683669,35.754017
12742,,-78.681622,35.754434
12743,,-78.318637,35.787201
12744,,-78.778616,35.787468
12745,,-78.325032,35.809952
12746,,-78.840844,35.68461
12747,,-78.859896,35.695257
12748,,-78.847444,35.688039
12749,,-78.324345,35.808435
12750,,-78.893,35.983855
12751,,-78.894896,35.985784
12752,,-78.81684,35.906679
12753,,-78.838433,35.880636
12754,,-78.884396,35.846107
12755,,-78.74843,35.823085
12756,,-78.839768,35.834998
12757,,-78.80763,35.709658
12758,,-78.437338,35.781239
12759,,-78.870273,35.898457
12760,,-78.844645,35.887197
12761,,-78.844521,35.887532
12762,,-78.90842,35.975703
12763,,-78.860291,35.894485
12764,,-78.810693,35.858446
12765,,-78.810534,35.858579
12766,,-78.694156,35.751968
12767,,-78.694199,35.752176
12768,,-78.678436,35.755095
12769,,-78.681277,35.760507
12770,,-78.672275,35.756569
12771,,-79.037514,35.897941
12772,,-78.712882,35.859728
12773,,-78.891637,36.035126
12774,,-78.846183,36.036211
12775,,-78.873238,36.048759
12776,,-78.828598,36.011105
12777,,-78.822106,35.996182
12778,,-78.838555,36.027007
12779,,-78.820104,35.959347
12780,,-78.849276,36.005391
12781,,-78.894875,35.970925
12782,,-78.865724,35.963608
12783,,-78.861449,35.969174
12784,,-78.865674,35.963424
12785,,-78.867958,35.968778
12786,,-78.862765,35.992425
12787,,-78.875483,36.024311
12788,,-78.883665,35.99878
12789,,-78.887589,36.006797
12790,,-78.885933,36.004262
12791,,-78.859177,35.991284
12792,,-78.86151,36.005651
12793,,-79.070399,35.951767
12794,,-78.863535,35.991398
12795,,-78.394424,35.923931
12796,,-78.473569,35.899077
12797,,-78.46168,35.904197
12798,,-78.464745,35.91867
12799,,-78.433218,35.789982
12800,,-78.432855,35.790251
12801,,-78.374668,35.834212
12802,,-78.918983,35.689388
12803,,-78.381909,35.760175
12804,,-78.601836,35.732639
12805,,-79.055915,35.92098
12806,,-78.439541,35.924749
12807,,-78.342315,35.800494
12808,,-78.530598,35.701022
12809,,-78.527492,35.699152
12810,,-79.09447,36.066842
12811,,-78.525553,35.811348
12812,,-78.517195,35.823211
12813,,-78.518871,35.828254
12814,,-78.516914,35.823241
12815,,-78.518595,35.828327
12816,,-78.513978,35.737878
12817,,-78.539913,35.772783
12818,,-78.53989,35.772999
12819,,-78.521363,35.768267
12820,,-78.451248,35.829464
12821,,-78.508413,35.729109
12822,,-78.504446,35.730336
12823,,-78.512075,35.754761
12824,,-78.511802,35.767133
12825,,-78.500177,35.76806
12826,,-78.500289,35.767356
12827,,-78.48827,35.767208
12828,,-78.488201,35.767421
12829,,-78.581948,35.689319
12830,,-78.600069,35.731331
12831,,-78.589732,35.717145
12832,,-78.586543,35.729236
12833,,-78.586157,35.729336
12834,,-78.5933,35.746056
12835,,-78.592924,35.746185
12836,,-78.607444,35.757476
12837,,-78.60741,35.757754
12838,,-78.602475,35.756356
12839,,-78.602407,35.756652
12840,,-78.59084,35.698231
12841,,-78.590924,35.698091
12842,,-78.58879,35.701513
12843,,-78.593265,35.687691
12844,,-78.630674,35.752698
12845,,-78.630681,35.752925
12846,,-78.641281,35.754293
12847,,-78.641233,35.754534
12848,,-78.807528,35.574326
12849,,-78.600175,35.855824
12850,,-78.741132,35.884533
12851,,-78.608241,35.823857
12852,,-78.531387,35.979719
12853,,-78.507992,35.958926
12854,,-78.508508,35.965726
12855,,-78.49306,35.969872
12856,,-78.484506,35.984727
12857,,-78.481012,35.983529
12858,,-78.532267,35.965626
12859,,-78.532322,35.965803
12860,,-78.533638,35.953649
12861,,-78.493113,35.969726
12862,,-78.543605,35.918126
12863,,-78.515796,35.662946
12864,,-78.489143,35.977257
12865,,-78.5588,35.894957
12866,,-78.349564,35.868038
12867,,-78.519644,35.799909
12868,,-78.903776,36.201411
12869,,-78.754728,35.781103
12870,,-78.316424,35.87675
12871,,-78.312443,35.87643
12872,,-78.76421,35.784994
12873,,-78.875149,36.046999
12874,,-78.867928,36.035416
12875,,-78.866813,36.06314
12876,,-78.819071,35.986839
12877,,-79.012825,35.944726
12878,,-78.820398,35.762525
12879,,-78.54386,35.922297
12880,,-78.589856,35.873008
12881,,-78.898057,36.121938
12882,,-78.902452,36.115743
12883,,-78.523146,35.97811
12884,,-78.567978,35.89666
12885,,-78.568647,35.896893
12886,,-78.797358,35.901109
12887,,-78.569638,36.083296
12888,,-78.810541,35.858346
12889,,-78.781176,35.789841
12890,,-78.926722,36.21941
12891,,-78.901744,36.120602
12892,,-79.071528,35.951809
12893,,-78.599205,35.896483
12894,,-78.936057,36.014588
12895,,-79.165853,35.759317
12896,,-79.084548,35.815325
12897,,-79.088797,35.831609
12898,,-78.977852,35.914985
12899,,-78.974351,35.958201
12900,,-79.023561,35.934784
12901,,-78.888453,35.842977
12902,,-78.895119,35.903826
12903,,-78.728357,35.913116
12904,,-78.651874,35.91001
12905,,-78.788851,35.917185
12906,,-78.804017,35.776583
12907,,-78.520139,35.84605
12908,,-78.605108,35.834651
12909,,-78.682134,35.842484
12910,,-78.621913,35.807463
12911,,-78.433602,35.630921
12912,,-78.865141,35.963688
12913,,-78.447118,35.785523
12914,,-78.523386,35.77256
12915,,-78.523157,35.771595
12916,,-78.846364,35.735095
12917,,-78.878222,35.710767
12918,,-78.877596,35.711391
12919,,-78.888846,35.782221
12920,,-78.637509,35.747327
12921,,-78.649054,35.755459
12922,,-78.649061,35.755954
12923,,-78.65967,35.756696
12924,,-78.663353,35.759339
12925,,-78.674072,35.756193
12926,,-78.673536,35.756085
12927,,-78.457533,35.651297
12928,,-78.60769,35.625486
12929,,-78.553196,35.611884
12930,,-78.652193,35.731281
12931,,-78.704468,35.657599
12932,,-78.714276,35.636016
12933,,-78.825844,35.823009
12934,,-78.812043,35.79941
12935,,-78.793531,35.895024
12936,,-78.793428,35.894753
12937,,-78.78373,35.899248
12938,,-78.783496,35.899034
12939,,-78.780772,35.900512
12940,,-78.781085,35.90075
12941,,-78.760857,35.909327
12942,,-78.761129,35.909619
12943,,-78.735725,35.910112
12944,,-78.735595,35.909821
12945,,-78.718935,35.912927
12946,,-78.71886,35.912664
12947,,-78.688333,35.915368
12948,,-78.688299,35.915635
12949,,-78.674602,35.913919
12950,,-78.674631,35.913665
12951,,-78.656642,35.91276
12952,,-78.656636,35.912468
12953,,-78.616986,35.899708
12954,,-78.644936,35.910271
12955,,-78.616979,35.89996
12956,,-78.608803,35.897575
12957,,-78.60912,35.897308
12958,,-78.585505,35.877631
12959,,-78.58571,35.877384
12960,,-78.561524,35.871965
12961,,-78.561644,35.871753
12962,,-78.543774,35.857722
12963,,-78.544102,35.857556
12964,,-78.523346,35.851252
12965,,-78.5236,35.851134
12966,,-78.522142,35.841375
12967,,-78.521835,35.841414
12968,,-78.519348,35.830579
12969,,-78.519589,35.830506
12970,,-78.51658,35.822225
12971,,-78.516868,35.822174
12972,,-78.514897,35.802703
12973,,-78.515167,35.802693
12974,,-79.031469,35.932964
12975,,-78.586233,35.87766
12976,,-78.988214,35.933762
12977,,-78.98913,35.93373
12978,,-78.988702,35.932718
12979,,-78.989352,35.933673
12980,,-78.988949,35.93274
12981,,-78.988562,35.932374
12982,,-78.988803,35.932381
12983,,-78.989243,35.933972
12984,,-78.989444,35.933907
12985,,-78.806063,35.775634
12986,,-78.781571,35.912824
12987,,-78.438268,35.781659
12988,,-78.862908,35.995079
12989,,-78.863084,36.001992
12990,,-78.863365,36.00111
12991,,-79.066752,35.973584
12992,,-79.081728,36.005765
12993,,-79.103637,36.037945
12994,,-79.121021,36.051716
12995,,-79.103654,36.037735
12996,,-79.081922,36.005584
12997,,-79.119347,36.059107
12998,,-79.107843,36.058037
12999,,-79.09982,36.055856
13000,,-79.086854,36.05864
13001,,-79.008359,36.038346
13002,,-78.985169,36.038019
13003,,-79.005688,36.038412
13004,,-79.087392,36.058687
13005,,-79.100232,36.056189
13006,,-79.108344,36.058398
13007,,-79.124359,36.059305
13008,,-78.866152,36.015607
13009,,-78.852386,36.024335
13010,,-78.849291,36.027451
13011,,-78.843778,36.030873
13012,,-78.838643,36.033256
13013,,-78.83868,36.033407
13014,,-78.844074,36.030927
13015,,-78.848754,36.028117
13016,,-78.853037,36.023936
13017,,-78.818461,35.938772
13018,,-78.897274,35.987941
13019,,-78.905583,35.991066
13020,,-78.906818,35.991609
13021,,-78.911073,35.99406
13022,,-78.912063,35.997136
13023,,-78.913273,35.999578
13024,,-78.917678,36.002233
13025,,-78.925106,36.005995
13026,,-78.927829,36.006618
13027,,-78.932995,36.010266
13028,,-78.946221,36.016144
13029,,-78.949023,36.016436
13030,,-78.952919,36.017538
13031,,-78.957641,36.021516
13032,,-78.972202,36.036448
13033,,-78.957211,36.020602
13034,,-78.953156,36.017437
13035,,-78.948513,36.016133
13036,,-78.946477,36.015922
13037,,-78.942438,36.015237
13038,,-78.933267,36.010273
13039,,-78.929402,36.00694
13040,,-78.92484,36.005741
13041,,-78.920451,36.003546
13042,,-78.913493,35.999452
13043,,-78.911485,35.994084
13044,,-78.90874,35.992392
13045,,-78.906489,35.991197
13046,,-78.89762,35.987918
13047,,-78.895193,35.985766
13048,,-78.893288,35.983825
13049,,-79.098164,36.109812
13050,,-79.05396,36.106953
13051,,-79.115553,36.107969
13052,,-78.866265,36.008554
13053,,-78.868459,36.011483
13054,,-78.86482,36.005746
13055,,-78.868397,35.970121
13056,,-78.872341,35.974566
13057,,-78.880212,35.978249
13058,,-78.89054,35.982375
13059,,-78.879892,35.977858
13060,,-78.87532,35.976037
13061,,-78.871284,35.973392
13062,,-78.896139,35.953469
13063,,-78.762024,35.964616
13064,,-78.891597,35.754037
13065,,-78.894722,35.746837
13066,,-78.891294,35.74714
13067,,-78.914955,35.744796
13068,,-78.915338,35.74565
13069,,-78.916423,35.744647
13070,,-78.916445,35.744452
13071,,-78.914907,35.744602
13072,,-78.892201,35.739896
13073,,-78.896358,35.746477
13074,,-78.889601,35.747083
13075,,-78.892997,35.746807
13076,,-78.884268,35.747517
13077,,-78.558714,35.892484
13078,,-78.925405,35.72234
13079,,-78.842947,35.958745
13080,,-78.810313,35.931435
13081,,-78.790373,35.917312
13082,,-78.788248,35.916962
13083,,-78.788118,35.917639
13084,,-78.837052,35.950366
13085,,-79.050396,35.903023
13086,,-78.44648,35.633085
13087,,-78.785808,36.141983
13088,,-78.707881,36.168172
13089,,-78.706565,36.173263
13090,,-78.708244,36.168346
13091,,-78.714752,36.122189
13092,,-78.714315,36.11227
13093,,-78.720533,36.075635
13094,,-78.655252,36.170464
13095,,-78.507744,36.025267
13096,,-78.496022,36.04072
13097,,-78.487901,36.052778
13098,,-78.46397,36.103212
13099,,-78.454632,36.113753
13100,,-78.473381,36.088806
13101,,-78.467696,36.08695
13102,,-78.483456,36.113511
13103,,-78.425589,36.109529
13104,,-78.976118,35.961956
13105,,-78.976237,35.962082
13106,,-78.977009,35.962168
13107,,-78.994383,35.953231
13108,,-78.994392,35.952694
13109,,-78.50674,36.02535
13110,,-78.463038,36.103162
13111,,-78.941742,35.907573
13112,,-78.782856,35.913035
13113,,-78.782302,35.912107
13114,,-78.781132,35.911832
13115,,-78.781038,35.91202
13116,,-78.722315,35.871162
13117,,-78.979488,35.910385
13118,,-78.864667,36.148713
13119,,-79.034373,35.929322
13120,,-79.035275,35.927428
13121,,-79.026418,35.915685
13122,,-78.515581,35.787792
13123,,-78.576778,35.660202
13124,,-78.686083,36.121917
13125,,-78.51788,35.965096
13126,,-78.83951,35.642219
13127,,-78.742363,35.524353
13128,,-78.893426,35.983939
13129,,-78.89317,35.983993
13130,,-78.865494,35.962965
13131,,-78.865026,35.963038
13132,,-78.865799,36.015781
13133,,-78.863153,36.017273
13134,,-79.058967,35.969669
13135,,-79.058835,35.969813
13136,,-78.560215,35.892065
13137,,-78.544749,35.920908
13138,,-78.533357,35.939975
13139,,-78.53959,35.943275
13140,,-78.537372,35.946513
13141,,-78.539114,35.948599
13142,,-78.539358,35.948609
13143,,-78.540869,35.945786
13144,,-78.88431,35.747708
13145,,-78.530026,35.99026
13146,,-78.521927,36.00306
13147,,-78.519967,36.004083
13148,,-78.520428,36.006442
13149,,-78.520639,36.006531
13150,,-78.522208,36.003
13151,,-78.783339,35.781857
13152,,-78.904896,35.862111
13153,,-78.892541,35.74704
13154,,-78.892121,35.747233
13155,,-78.891169,35.746957
13156,,-78.891702,35.7467
13157,,-78.891695,35.747271
13158,,-78.892137,35.74666
13159,,-78.896371,35.746669
13160,,-78.583941,35.709063
13161,,-78.583586,35.70908
13162,,-78.567044,35.620332
13163,,-78.567315,35.620357
13164,,-78.659808,35.756489
13165,,-78.67397,35.755981
13166,,-78.81038,35.858471
13167,,-78.94182,35.907763
13168,,-78.979431,35.909992
13169,,-78.718062,35.913094
13170,,-78.717931,35.912821
13171,,-78.65734,35.912579
13172,,-78.657252,35.912851
13173,,-78.586007,35.87789
13174,,-78.523476,35.851458
13175,,-78.52374,35.851392
13176,,-78.754889,35.653497
13177,,-78.748169,35.823361
13178,,-78.864336,35.957116
13179,,-78.865115,35.956873
13180,,-78.864262,35.955927
13181,,-78.86398,35.955876
13182,,-78.863969,35.955531
13183,,-78.864266,35.955547
13184,,-78.86403,35.957389
13185,,-78.864345,35.957364
13186,,-78.541229,35.938949
13187,,-79.110861,36.06433
13188,,-78.847355,35.709322
13189,,-78.852443,35.706798
13190,,-78.847218,35.709196
13191,,-78.909658,35.678393
13192,,-78.909141,35.678462
13193,,-78.879834,35.624126
13194,,-78.711459,35.508262
13195,,-78.716367,35.516447
13196,,-78.712436,35.493606
13197,,-78.834992,35.638325
13198,,-78.527838,35.884331
13199,,-78.524368,35.887384
13200,,-78.639639,35.719555
13201,,-78.63878,35.718378
13202,,-78.638299,35.719734
13203,,-78.639541,35.719717
13204,,-78.558882,35.685005
13205,,-78.590682,35.703579
13206,,-78.621411,35.713481
13207,,-78.857049,35.723096
13208,,-78.839517,35.723158
13209,,-78.856113,35.714472
13210,,-78.719634,35.518683
13211,,-78.904854,35.670979
13212,,-79.107676,35.828171
13213,,-79.098036,35.821955
13214,,-79.108773,35.833407
13215,,-79.12131,35.815636
13216,,-79.106346,35.846273
13217,,-79.088622,35.81158
13218,,-78.848217,35.970813
13219,,-78.303579,35.874959
13220,,-78.707257,36.211595
13221,,-78.681912,35.916358
13222,,-78.787919,35.735794
13223,,-78.506293,35.975024
13224,,-78.554454,35.803727
13225,,-78.645956,35.779837
13226,,-78.661147,35.792061
13227,,-78.73928,35.780862
13228,,-78.736837,35.781223
13229,,-78.830703,35.849081
13230,,-78.826709,35.848834
13231,,-78.901345,35.679011
13232,,-78.852465,35.828736
13233,,-78.798303,35.794086
13234,,-78.901815,35.612302
13235,,-78.768588,35.57056
13236,,-78.757485,35.561797
13237,,-78.740354,35.561085
13238,,-78.780266,35.588967
13239,,-78.59353,35.669845
13240,,-78.674586,35.636897
13241,,-78.67412,35.63226
13242,,-78.670907,35.633813
13243,,-78.854005,35.665016
13244,,-78.782303,35.687972
13245,,-78.902896,35.674552
13246,,-78.909531,35.749518
13247,,-78.92601,35.789166
13248,,-78.854131,35.763714
13249,,-78.903078,35.593253
13250,,-78.66191,35.736122
13251,,-78.603639,35.672332
13252,,-78.344497,35.775649
13253,,-78.346166,35.773726
13254,,-78.391204,35.776123
13255,,-78.389199,35.791871
13256,,-78.379157,35.776372
13257,,-78.367585,35.769738
13258,,-78.305874,35.811084
13259,,-78.313866,35.808477
13260,,-78.328551,35.810407
13261,,-78.330962,35.813196
13262,,-78.346204,35.822086
13263,,-78.33871,35.833536
13264,,-78.461204,35.77929
13265,,-78.462107,35.824201
13266,,-78.466233,35.818036
13267,,-78.438394,35.81985
13268,,-78.303605,35.873868
13269,,-78.346648,35.841445
13270,,-78.457526,35.928496
13271,,-78.449949,35.928581
13272,,-78.575087,35.93546
13273,,-78.705989,36.114056
13274,,-78.701861,36.116898
13275,,-78.457808,36.028315
13276,,-78.485738,36.102823
13277,,-78.481429,36.093355
13278,,-78.467569,36.067595
13279,,-78.45567,36.083288
13280,,-78.444305,36.080268
13281,,-78.436818,36.077308
13282,,-78.429798,36.075541
13283,,-78.425465,36.078118
13284,,-78.411556,36.089788
13285,,-78.247863,35.962318
13286,,-78.869551,35.658231
13287,,-78.863597,35.673265
13288,,-78.787407,35.62633
13289,,-78.83941,35.671169
13290,,-78.840754,35.667968
13291,,-78.840585,35.667831
13292,,-78.822108,35.618013
13293,,-78.789209,35.411082
13294,,-78.755154,35.486799
13295,,-78.708281,35.485802
13296,,-78.700381,35.486017
13297,,-78.998936,35.945345
13298,,-78.983971,35.911428
13299,,-79.026469,35.908677
13300,,-79.007378,35.901519
13301,,-79.007209,35.902021
13302,,-79.007102,35.902336
13303,,-79.006735,35.901822
13304,,-79.00809,35.901719
13305,,-79.007665,35.900991
13306,,-78.984586,35.913029
13307,,-78.987892,35.91
13308,,-78.98627,35.910691
13309,,-78.98783,35.909904
13310,,-78.987417,35.910083
13311,,-78.555974,35.694135
13312,,-78.983684,35.910609
13313,,-78.957205,35.901221
13314,,-78.9606,35.90971
13315,,-78.893103,35.901722
13316,,-79.056518,35.937145
13317,,-79.057495,35.899214
13318,,-79.019841,35.93325
13319,,-79.08401,35.959032
13320,,-79.067392,35.959734
13321,,-78.821667,35.860188
13322,,-78.801825,35.79511
13323,,-78.719673,35.786419
13324,,-78.722298,35.788953
13325,,-78.641384,35.788197
13326,,-78.596064,35.859233
13327,,-78.556404,35.694489
13328,,-78.585978,35.791368
13329,,-78.586199,35.791411
13330,,-78.36237,35.781424
13331,,-78.268524,35.814017
13332,,-79.099736,36.068007
13333,,-78.655642,35.780259
13334,,-78.986946,35.910396
13335,,-78.986903,35.910303
13336,,-79.037448,35.897803
13337,,-79.035094,35.89926
13338,,-79.035034,35.899079
13339,,-79.154744,36.078187
13340,,-79.154703,36.07797
13341,,-78.707157,35.651072
13342,,-79.01272,35.944594
13343,,-78.434604,36.072761
13344,,-78.487958,36.053637
13345,,-78.485397,36.059008
13346,,-78.487755,36.090137
13347,,-78.48099,36.07013
13348,,-78.45125,36.144938
13349,,-78.718571,35.506238
13350,,-78.705883,36.171095
13351,,-78.455625,35.797142
13352,,-78.477764,35.777156
13353,,-78.525014,35.989158
13354,,-78.751169,35.903059
13355,,-78.538354,35.869014
13356,,-78.832655,35.848861
13357,,-78.836788,35.845832
13358,,-78.894549,35.746973
13359,,-78.671401,35.834739
13360,,-78.676593,35.832289
13361,,-78.789842,35.918021
13362,,-78.646436,35.778523
13363,,-78.576252,35.575664
13364,,-78.822584,35.47771
13365,,-78.576505,35.575638
13366,,-78.560039,35.519784
13367,,-78.559853,35.519948
13368,,-78.531231,35.426231
13369,,-78.530959,35.426284
13370,,-79.243373,36.077281
13371,,-79.24107,36.077935
13372,,-79.246408,36.077477
13373,,-79.246546,36.077644
13374,,-79.240893,36.078126
13375,,-79.243,36.078305
13376,,-78.991981,35.908286
13377,,-78.991906,35.908177
13378,,-78.875615,35.977991
13379,,-79.055556,35.932318
13380,,-79.061127,35.932355
13381,,-78.562917,35.665518
13382,,-78.563485,35.667248
13383,,-78.563694,35.66728
13384,,-78.564641,35.665874
13385,,-78.563936,35.66433
13386,,-78.56372,35.664309
13387,,-78.857312,35.688686
13388,,-78.856361,35.688371
13389,,-78.861438,35.690784
13390,,-78.861492,35.690652
13391,,-78.861025,35.689113
13392,,-78.862101,35.689041
13393,,-78.862169,35.687392
13394,,-78.86215,35.687215
13395,,-78.862749,35.689245
13396,,-78.862655,35.689556
13397,,-78.865176,35.690281
13398,,-78.864978,35.690547
13399,,-78.867846,35.692576
13400,,-78.8681,35.692299
13401,,-78.875108,35.702329
13402,,-78.874733,35.701094
13403,,-78.874333,35.69463
13404,,-78.880384,35.708997
13405,,-78.880051,35.70916
13406,,-78.883235,35.715245
13407,,-78.883348,35.71455
13408,,-78.881164,35.707889
13409,,-78.891773,35.739614
13410,,-78.892084,35.749129
13411,,-78.8948,35.744995
13412,,-78.894529,35.74849
13413,,-78.789568,35.917348
13414,,-78.910911,36.080675
13415,,-78.442032,35.803913
13416,,-78.48037,35.788103
13417,,-78.439465,35.782185
13418,,-78.649039,35.75369
13419,,-78.635164,35.757346
13420,,-78.401447,35.802082
13421,,-78.401226,35.802216
13422,,-78.557378,35.691036
13423,,-78.558181,35.691654
13424,,-78.515318,35.787823
13425,,-78.651306,35.724932
13426,,-78.651019,35.724972
13427,,-78.648274,35.725252
13428,,-78.751871,35.758866
13429,,-78.741973,35.763952
13430,,-78.613458,35.78
13431,,-78.871496,35.696567
13432,,-78.872055,35.696884
13433,,-78.872203,35.697037
13434,,-78.872301,35.697694
13435,,-78.871964,35.697868
13436,,-78.871313,35.697486
13437,,-78.872408,35.700294
13438,,-78.949739,35.741117
13439,,-78.915736,35.744719
13440,,-78.915717,35.744522
13441,,-78.915765,35.744977
13442,,-78.894869,35.746616
13443,,-78.895038,35.746809
13444,,-78.894547,35.746515
13445,,-78.88862,35.747357
13446,,-78.889132,35.747321
13447,,-78.827701,35.63321
13448,,-78.584608,35.698502
13449,,-78.524315,35.95671
13450,,-78.829595,35.841462
13451,,-78.830195,35.837885
13452,,-78.831424,35.840097
13453,,-78.89425,35.693395
13454,,-78.717936,35.786445
13455,,-78.723434,35.783676
13456,,-78.62224,35.826225
13457,,-78.622601,35.825479
13458,,-78.620654,35.8246
13459,,-78.620183,35.825295
13460,,-78.746046,35.793699
13461,,-78.743819,35.792595
13462,,-78.746734,35.79134
13463,,-78.744845,35.790714
13464,,-78.742797,35.791154
13465,,-78.83454,35.749148
13466,,-78.834204,35.74742
13467,,-78.834274,35.747231
13468,,-78.83649,35.748169
13469,,-78.836561,35.747996
13470,,-78.836145,35.74588
13471,,-78.823141,35.742108
13472,,-78.820417,35.745188
13473,,-78.822906,35.744098
13474,,-78.822985,35.743896
13475,,-78.81967,35.743469
13476,,-78.81966,35.743273
13477,,-78.674285,35.832271
13478,,-78.691427,35.803069
13479,,-78.767079,35.902897
13480,,-78.775556,35.907576
13481,,-78.776004,35.90859
13482,,-78.741923,35.772546
13483,,-78.741651,35.772771
13484,,-78.736002,35.764556
13485,,-78.733511,35.763622
13486,,-78.742919,35.763246
13487,,-78.740607,35.764079
13488,,-78.737698,35.767173
13489,,-78.736888,35.768654
13490,,-78.739213,35.765329
13491,,-78.738795,35.765578
13492,,-78.451787,35.814619
13493,,-78.486499,35.822143
13494,,-78.511785,35.80378
13495,,-78.516302,36.013551
13496,,-78.907055,35.992019
13497,,-78.397882,35.969
13498,,-78.398152,35.970307
13499,,-78.401924,35.968206
13500,,-78.401106,35.96711
13501,,-78.400101,35.968562
13502,,-78.39935,35.968708
13503,,-78.528663,35.973437
13504,,-78.515792,35.971504
13505,,-78.51331,35.966439
13506,,-78.543008,35.930791
13507,,-78.539335,35.930732
13508,,-78.536686,35.930164
13509,,-78.542764,35.930791
13510,,-78.728531,36.13662
13511,,-78.744073,36.142211
13512,,-78.816366,35.830784
13513,,-78.828984,35.835413
13514,,-78.812638,35.836066
13515,,-78.82455,35.836256
13516,,-78.815697,35.836608
13517,,-78.824978,35.840975
13518,,-78.720006,35.500976
13519,,-78.865275,35.660643
13520,,-78.537879,35.865545
13521,,-78.503937,35.82871
13522,,-78.50389,35.822216
13523,,-78.70867,35.815866
13524,,-78.44168,35.671322
13525,,-78.443603,35.67206
13526,,-78.401258,35.608047
13527,,-78.7024,35.784678
13528,,-78.837924,35.852082
13529,,-78.832956,35.85904
13530,,-78.684465,35.841242
13531,,-78.68054,35.838466
13532,,-78.675983,35.835886
13533,,-78.675872,35.835479
13534,,-79.099285,35.955119
13535,,-79.099045,35.954536
13536,,-79.098232,35.954073
13537,,-79.097328,35.951512
13538,,-79.097322,35.949295
13539,,-79.096899,35.946835
13540,,-78.858661,35.992384
13541,,-78.825298,35.823296
13542,,-78.839248,35.689088
13543,,-78.840461,35.68711
13544,,-78.839027,35.687925
13545,,-78.846555,35.688331
13546,,-78.646093,35.777149
13547,,-78.645918,35.780641
13548,,-78.646033,35.778507
13549,,-78.645168,35.777138
13550,,-78.646255,35.774483
13551,,-78.646363,35.772319
13552,,-78.646321,35.773164
13553,,-78.848228,35.659316
13554,,-78.848308,35.658908
13555,,-78.846503,35.656946
13556,,-78.850052,35.658181
13557,,-78.848662,35.656509
13558,,-78.848589,35.655902
13559,,-78.848909,35.657752
13560,,-78.848257,35.657527
13561,,-78.832665,35.638924
13562,,-78.833574,35.639626
13563,,-78.83879,35.642833
13564,,-78.839121,35.64254
13565,,-78.763692,35.792819
13566,,-78.763776,35.791691
13567,,-78.865097,35.722791
13568,,-78.864898,35.719959
13569,,-78.756723,35.910884
13570,,-78.751432,35.910403
13571,,-78.756669,35.910544
13572,,-78.75145,35.910108
13573,,-78.581791,35.87576
13574,,-78.730364,35.811721
13575,,-78.725059,35.613853
13576,,-78.287312,36.179836
13577,,-78.289726,36.178782
13578,,-78.183718,35.997716
13579,,-78.357345,35.950975
13580,,-78.411104,36.148429
13581,,-78.41524,36.044151
13582,,-78.308926,36.083798
13583,,-78.311024,35.948099
13584,,-78.291191,35.961943
13585,,-78.142777,35.581095
13586,,-78.187256,35.560739
13587,,-78.243726,35.540266
13588,,-78.287798,35.518811
13589,,-78.565657,35.610685
13590,,-78.74611,35.407307
13591,,-78.715891,35.631783
13592,,-78.727653,35.591202
13593,,-78.722437,35.592494
13594,,-78.73544,35.567013
13595,,-78.754467,35.557584
13596,,-78.755496,35.555569
13597,,-78.766353,35.533648
13598,,-78.762307,35.533718
13599,,-78.75965,35.513427
13600,,-78.756774,35.512353
13601,,-78.766354,35.484508
13602,,-78.764815,35.486255
13603,,-78.773038,35.459033
13604,,-78.770441,35.458591
13605,,-78.916327,36.028285
13606,,-78.910797,36.032964
13607,,-78.923723,36.030362
13608,,-78.909858,36.02552
13609,,-78.909206,36.025526
13610,,-78.912026,36.02552
13611,,-78.897486,36.046423
13612,,-78.896713,36.040928
13613,,-78.897631,36.04292
13614,,-78.738003,35.560827
13615,,-78.816264,35.913209
13616,,-78.560827,35.976819
13617,,-78.487471,35.9022
13618,,-78.492718,35.901423
13619,,-79.112697,35.817327
13620,,-79.114005,35.815393
13621,,-79.109774,35.818634
13622,,-79.10955,35.812942
13623,,-79.110694,35.817662
13624,,-78.564268,35.811374
13625,,-78.722379,35.772734
13626,,-78.46202,35.427861
13627,,-78.361263,35.482681
13628,,-78.361132,35.482517
13629,,-78.373255,35.473776
13630,,-78.373113,35.473593
13631,,-78.420034,35.804034
13632,,-78.41607,35.802891
13633,,-78.415911,35.802708
13634,,-78.419867,35.803807
13635,,-78.419575,35.803366
13636,,-78.419939,35.803246
13637,,-78.418983,35.803101
13638,,-78.419048,35.802758
13639,,-78.419711,35.803025
13640,,-78.41886,35.802895
13641,,-78.726249,36.14908
13642,,-78.728189,36.15003
13643,,-78.462985,35.645691
13644,,-78.465601,35.646718
13645,,-78.460265,35.644893
13646,,-78.463217,35.645136
13647,,-78.46252,35.645668
13648,,-78.462733,35.64549
13649,,-78.99032,35.954214
13650,,-78.996054,35.953674
13651,,-78.765432,36.080132
13652,,-78.766233,36.080757
13653,,-78.580608,35.801742
13654,,-78.482641,35.861334
13655,,-78.501466,35.81645
13656,,-78.337829,35.833999
13657,,-78.569825,35.873773
13658,,-78.602857,35.686861
13659,,-78.576085,35.875041
13660,,-78.576015,35.875314
13661,,-78.568302,35.875207
13662,,-78.569351,35.87436
13663,,-78.570401,35.873391
13664,,-78.568382,35.873604
13665,,-78.567604,35.873012
13666,,-78.567278,35.873851
13667,,-78.741132,35.519737
13668,,-78.268996,35.821685
13669,,-78.27409,35.821894
13670,,-78.273958,35.821544
13671,,-78.263734,35.819606
13672,,-78.542279,35.966495
13673,,-78.541938,35.965331
13674,,-78.54124,35.966394
13675,,-78.541932,35.965478
13676,,-78.542891,35.96424
13677,,-78.541544,35.964249
13678,,-78.548823,35.862034
13679,,-78.55008,35.862291
13680,,-78.54933,35.863328
13681,,-78.548358,35.860694
13682,,-78.547575,35.861617
13683,,-78.548892,35.861947
13684,,-78.897604,35.990279
13685,,-78.464328,35.797691
13686,,-78.468679,35.799073
13687,,-78.470799,35.801364
13688,,-78.470979,35.801482
13689,,-78.88629,35.840399
13690,,-78.886328,35.840606
13691,,-78.886747,35.840953
13692,,-78.886612,35.840756
13693,,-78.827682,35.877237
13694,,-78.827487,35.875851
13695,,-78.824448,35.880126
13696,,-78.83061,35.873746
13697,,-78.831514,35.872663
13698,,-78.949162,35.903578
13699,,-78.85006,35.883488
13700,,-78.999855,35.951647
13701,,-78.999636,35.951665
13702,,-79.020208,35.933528
13703,,-78.983668,35.909921
13704,,-78.774539,35.931702
13705,,-78.779214,35.926327
13706,,-78.83406,35.869263
13707,,-78.493962,36.039466
13708,,-78.502179,36.0247
13709,,-78.815028,35.586237
13710,,-78.507828,35.775393
13711,,-78.522091,35.698837
13712,,-78.527047,35.696299
13713,,-78.541046,35.652882
13714,,-78.839646,35.68792
13715,,-78.840683,35.686433
13716,,-78.793571,35.674837
13717,,-78.794035,35.673717
13718,,-78.710619,35.65619
13719,,-78.706122,35.653582
13720,,-78.705211,35.655796
13721,,-78.705772,35.654421
13722,,-78.565392,35.641888
13723,,-78.565305,35.646709
13724,,-78.566285,35.630254
13725,,-78.542659,35.630386
13726,,-78.565075,35.646048
13727,,-78.553921,35.631209
13728,,-78.565859,35.639455
13729,,-78.566195,35.634878
13730,,-78.855337,35.834462
13731,,-78.936287,36.01653
13732,,-78.935624,36.015507
13733,,-78.93793,36.016324
13734,,-78.996766,35.954651
13735,,-78.948823,35.921763
13736,,-78.953334,35.922726
13737,,-78.96716,35.975568
13738,,-78.962349,35.97464
13739,,-78.949264,35.967029
13740,,-78.934846,36.003521
13741,,-78.961387,36.026372
13742,,-78.866498,36.001206
13743,,-78.975637,35.942853
13744,,-79.053101,35.902804
13745,,-79.023184,35.915106
13746,,-79.014965,35.906998
13747,,-79.017035,35.903973
13748,,-79.013816,35.900616
13749,,-79.035521,35.946916
13750,,-79.080647,35.895521
13751,,-79.085769,35.893288
13752,,-79.084161,35.891891
13753,,-79.089119,35.904832
13754,,-79.09286,35.915452
13755,,-79.093004,35.91542
13756,,-79.031764,35.90253
13757,,-79.03226,35.902202
13758,,-78.89711,35.895414
13759,,-78.793882,35.875527
13760,,-78.791108,35.873739
13761,,-78.847951,35.967823
13762,,-78.849858,35.97119
13763,,-78.861345,35.990913
13764,,-78.869469,36.033282
13765,,-78.891937,36.047759
13766,,-78.92181,36.029846
13767,,-79.04355,35.91681
13768,,-79.04032,35.918001
13769,,-79.065184,35.903772
13770,,-79.041299,35.937745
13771,,-79.047893,35.935158
13772,,-78.873111,35.955589
13773,,-78.878346,35.950819
13774,,-79.020138,35.941403
13775,,-78.914992,36.101411
13776,,-78.910205,36.101365
13777,,-78.942515,36.017904
13778,,-79.118516,36.083388
13779,,-78.909591,36.075678
13780,,-78.906387,36.051195
13781,,-78.903446,36.049102
13782,,-78.935395,36.041376
13783,,-78.929354,36.035852
13784,,-78.924039,36.027537
13785,,-78.921515,36.025563
13786,,-78.915739,36.028272
13787,,-78.951398,36.021515
13788,,-78.948177,36.01371
13789,,-78.94828,36.011868
13790,,-78.954727,36.007053
13791,,-78.94785,36.00608
13792,,-78.936421,36.001123
13793,,-78.937511,35.997406
13794,,-78.939925,35.998323
13795,,-78.926801,36.003065
13796,,-78.921994,36.001952
13797,,-78.895196,36.036426
13798,,-78.882643,36.021441
13799,,-78.887552,36.019635
13800,,-78.889821,36.024749
13801,,-78.889177,36.016473
13802,,-78.891481,36.010824
13803,,-78.892382,36.007212
13804,,-78.88531,36.00632
13805,,-78.895933,35.993939
13806,,-78.896865,35.992846
13807,,-78.893862,35.991089
13808,,-78.890777,35.989328
13809,,-78.888717,35.987961
13810,,-78.885785,35.986473
13811,,-78.874909,35.988492
13812,,-78.876898,35.99442
13813,,-78.872052,35.993392
13814,,-78.864415,35.99851
13815,,-78.885866,36.002073
13816,,-78.892744,36.004529
13817,,-78.908942,35.990825
13818,,-78.909072,35.9885
13819,,-78.90445,35.981086
13820,,-78.90656,35.978513
13821,,-78.897338,35.976418
13822,,-78.887733,35.973814
13823,,-78.879489,35.974312
13824,,-78.872266,35.979423
13825,,-78.876063,35.981415
13826,,-78.917958,35.991839
13827,,-78.921342,35.992014
13828,,-78.92849,35.986213
13829,,-78.935656,35.978051
13830,,-78.942498,35.967685
13831,,-78.966153,35.954398
13832,,-78.976088,35.960436
13833,,-78.994472,35.950369
13834,,-78.985503,35.951924
13835,,-79.010313,35.944261
13836,,-79.016014,35.940143
13837,,-79.013834,35.932513
13838,,-79.020266,35.933624
13839,,-79.027208,35.931937
13840,,-79.032121,35.927905
13841,,-79.060291,35.91255
13842,,-79.057599,35.913574
13843,,-79.057123,35.912644
13844,,-79.062263,35.910648
13845,,-79.064213,35.909883
13846,,-79.064923,35.911088
13847,,-79.06612,35.910191
13848,,-79.057389,35.90953
13849,,-79.054829,35.911507
13850,,-79.051649,35.911733
13851,,-79.051032,35.908645
13852,,-79.046891,35.908206
13853,,-79.045391,35.90554
13854,,-79.043449,35.906655
13855,,-79.072289,35.910813
13856,,-79.070978,35.910452
13857,,-79.077359,35.909321
13858,,-79.077411,35.911972
13859,,-79.072227,35.913837
13860,,-79.066483,35.898627
13861,,-79.066554,35.898527
13862,,-79.057908,35.9008
13863,,-79.056367,35.918596
13864,,-79.055062,35.922963
13865,,-79.052381,35.92442
13866,,-79.055002,35.930473
13867,,-79.058421,35.946639
13868,,-79.060078,35.950248
13869,,-79.066818,35.951629
13870,,-79.055073,35.963961
13871,,-79.059654,35.966997
13872,,-79.04358,35.964
13873,,-78.893932,36.006334
13874,,-78.905628,36.008206
13875,,-78.896356,35.99617
13876,,-78.902689,35.98655
13877,,-78.9005,35.987183
13878,,-78.9383,35.971202
13879,,-78.916001,36.004971
13880,,-78.915398,36.005275
13881,,-78.914289,36.003141
13882,,-78.918753,36.001128
13883,,-78.917397,36.002969
13884,,-78.918881,36.000977
13885,,-78.894446,35.962556
13886,,-78.879073,35.966763
13887,,-78.91382,35.941531
13888,,-78.918548,35.930318
13889,,-78.920458,35.906513
13890,,-78.931893,35.916097
13891,,-78.908805,35.995147
13892,,-78.942752,36.012749
13893,,-78.946953,36.001964
13894,,-79.081663,35.903422
13895,,-79.091812,35.905958
13896,,-79.090191,35.909395
13897,,-79.091058,35.917072
13898,,-79.088291,35.916279
13899,,-79.084254,35.921053
13900,,-79.091307,35.925038
13901,,-79.096328,35.929692
13902,,-79.043956,35.900887
13903,,-79.073284,35.916638
13904,,-79.062158,35.921786
13905,,-79.047624,35.916271
13906,,-79.041521,35.908637
13907,,-79.035128,35.910254
13908,,-79.029794,35.909399
13909,,-79.02987,35.909309
13910,,-79.028882,35.952491
13911,,-78.894046,35.850831
13912,,-78.888335,35.842845
13913,,-78.882111,35.835341
13914,,-78.873044,35.815789
13915,,-78.870332,35.743364
13916,,-78.850894,35.731722
13917,,-78.885783,35.884308
13918,,-78.866865,35.893166
13919,,-78.861607,35.906597
13920,,-78.834592,35.92232
13921,,-78.850408,35.913473
13922,,-78.848836,35.987978
13923,,-78.82774,35.983006
13924,,-78.891263,36.033736
13925,,-78.905846,36.04417
13926,,-78.857357,35.991328
13927,,-78.849789,35.93828
13928,,-78.854292,35.885705
13929,,-78.83892,35.951898
13930,,-78.281769,35.539622
13931,,-78.283791,35.54073
13932,,-78.282779,35.540176
13933,,-78.134451,35.595099
13934,,-78.31171,35.543829
13935,,-78.311577,35.543858
13936,,-78.309841,35.544092
13937,,-78.309857,35.540226
13938,,-78.309662,35.540296
13939,,-78.307225,35.546085
13940,,-78.308361,35.545333
13941,,-78.306137,35.529939
13942,,-78.309337,35.537547
13943,,-78.757726,35.668889
13944,,-78.899392,35.847763
13945,,-78.8632,35.721561
13946,,-78.383121,35.556558
13947,,-78.98519,36.391568
13948,,-78.988071,36.381631
13949,,-78.992306,36.395527
13950,,-79.015093,36.256577
13951,,-79.004988,36.326692
13952,,-79.052729,36.319864
13953,,-78.740241,36.28866
13954,,-78.76894,36.306512
13955,,-78.324592,36.135266
13956,,-78.849295,35.969825
13957,,-78.847738,35.965578
13958,,-78.835837,35.94811
13959,,-78.902804,35.949785
13960,,-78.903793,35.949734
13961,,-79.009785,35.945934
13962,,-79.009864,35.946051
13963,,-79.057778,35.893621
13964,,-79.057489,35.893823
13965,,-79.0042,35.948453
13966,,-79.004274,35.948563
13967,,-78.819858,35.938582
13968,,-78.995653,35.906203
13969,,-78.995772,35.906329
13970,,-78.868126,35.970378
13971,,-78.855171,35.955906
13972,,-78.823808,35.918767
13973,,-78.828868,35.887485
13974,,-78.811448,35.623163
13975,,-78.802367,35.624277
13976,,-78.503821,35.825078
13977,,-78.487248,35.980405
13978,,-78.491486,35.970872
13979,,-78.644059,35.782719
13980,,-78.642432,35.782665
13981,,-78.640795,35.782612
13982,,-78.639,35.782546
13983,,-78.643667,35.797238
13984,,-78.626448,35.776493
13985,,-78.629873,35.777982
13986,,-78.639443,35.772167
13987,,-78.639933,35.759115
13988,,-78.668161,35.781989
13989,,-78.672074,35.798635
13990,,-78.592381,35.786767
13991,,-78.599619,35.790425
13992,,-78.580206,35.785888
13993,,-78.639492,35.725105
13994,,-78.650688,35.748968
13995,,-78.666234,35.755024
13996,,-78.652152,35.74764
13997,,-78.694234,35.76717
13998,,-78.701382,35.766834
13999,,-78.690859,35.763446
14000,,-78.662449,35.771516
14001,,-78.678975,35.752114
14002,,-78.733309,35.827414
14003,,-78.737732,35.778396
14004,,-78.74048,35.775616
14005,,-78.740198,35.774255
14006,,-78.707611,35.769661
14007,,-78.711586,35.773819
14008,,-78.711669,35.770419
14009,,-78.693815,35.781533
14010,,-78.666238,35.857668
14011,,-78.669403,35.839851
14012,,-78.664153,35.841377
14013,,-78.711148,35.820003
14014,,-78.688729,35.828033
14015,,-78.648465,35.829032
14016,,-78.636425,35.831774
14017,,-78.633471,35.825251
14018,,-78.63351,35.821757
14019,,-78.62542,35.837698
14020,,-78.580635,35.818092
14021,,-78.585212,35.8291
14022,,-78.616058,35.817611
14023,,-78.604543,35.834536
14024,,-78.633849,35.689361
14025,,-78.616597,35.695362
14026,,-78.624922,35.701561
14027,,-78.624383,35.707194
14028,,-78.640633,35.713348
14029,,-78.653661,35.709733
14030,,-78.656553,35.70832
14031,,-78.657372,35.712912
14032,,-78.654539,35.709746
14033,,-78.626862,35.704476
14034,,-78.64084,35.70409
14035,,-78.648034,35.701141
14036,,-78.63357,35.701492
14037,,-78.578286,35.727591
14038,,-78.588778,35.70655
14039,,-78.587397,35.700431
14040,,-78.626127,35.72921
14041,,-78.530098,35.724499
14042,,-78.529334,35.72437
14043,,-78.524332,35.682855
14044,,-78.575742,35.732332
14045,,-78.550168,35.689499
14046,,-78.52701,35.689897
14047,,-78.570595,35.76774
14048,,-78.56115,35.758415
14049,,-78.548938,35.75863
14050,,-78.542215,35.756488
14051,,-78.554176,35.76176
14052,,-78.519177,35.668604
14053,,-78.581878,35.69582
14054,,-78.550617,35.674601
14055,,-78.59696,35.657505
14056,,-78.61216,35.701227
14057,,-78.614197,35.653556
14058,,-78.621323,35.656263
14059,,-78.624367,35.656633
14060,,-78.660562,35.652659
14061,,-78.641245,35.636309
14062,,-78.659751,35.585763
14063,,-78.644156,35.615965
14064,,-78.658134,35.620173
14065,,-78.614824,35.646475
14066,,-78.614775,35.645236
14067,,-78.618477,35.629651
14068,,-78.634845,35.639457
14069,,-78.617405,35.631448
14070,,-78.658683,35.585944
14071,,-78.657014,35.569049
14072,,-78.68582,35.55546
14073,,-78.749353,35.706572
14074,,-78.762122,35.707133
14075,,-78.724706,35.734612
14076,,-78.756959,35.725112
14077,,-78.771725,35.741576
14078,,-78.755155,35.715182
14079,,-78.765873,35.711866
14080,,-78.771518,35.713472
14081,,-78.789511,35.713824
14082,,-78.77805,35.740651
14083,,-78.779974,35.737695
14084,,-78.737552,35.75519
14085,,-78.745758,35.745895
14086,,-78.750551,35.73735
14087,,-78.756412,35.725095
14088,,-78.752363,35.745781
14089,,-78.756586,35.740527
14090,,-78.683398,35.726706
14091,,-78.728654,35.752472
14092,,-78.71941,35.748647
14093,,-78.680233,35.658228
14094,,-78.694847,35.668827
14095,,-78.661574,35.664871
14096,,-78.658495,35.671476
14097,,-78.721439,35.679411
14098,,-78.788636,35.612274
14099,,-78.801629,35.610033
14100,,-78.772481,35.58493
14101,,-78.794215,35.591459
14102,,-78.819756,35.596978
14103,,-78.822513,35.590498
14104,,-78.802785,35.584401
14105,,-78.818027,35.562546
14106,,-78.808191,35.557556
14107,,-78.802295,35.566925
14108,,-78.800594,35.570485
14109,,-78.688956,35.649308
14110,,-78.68792,35.628271
14111,,-78.743068,35.680258
14112,,-78.739486,35.658803
14113,,-78.724795,35.658297
14114,,-78.716035,35.657426
14115,,-78.742881,35.637093
14116,,-78.708759,35.635324
14117,,-78.708791,35.594513
14118,,-78.775414,35.612426
14119,,-78.766452,35.594596
14120,,-78.761335,35.582907
14121,,-78.745097,35.626325
14122,,-78.736526,35.598234
14123,,-78.750676,35.622858
14124,,-78.753593,35.629973
14125,,-78.753827,35.545864
14126,,-78.701769,35.535962
14127,,-78.86895,35.591371
14128,,-78.847365,35.634672
14129,,-78.875011,35.623743
14130,,-78.855624,35.63173
14131,,-78.858303,35.651422
14132,,-78.832664,35.641254
14133,,-78.830614,35.636977
14134,,-78.815006,35.623508
14135,,-78.804578,35.643612
14136,,-78.783188,35.63992
14137,,-78.819559,35.655382
14138,,-78.80264,35.662301
14139,,-78.835253,35.66674
14140,,-78.782909,35.663715
14141,,-78.775894,35.66311
14142,,-78.755118,35.65639
14143,,-78.76422,35.691338
14144,,-78.757539,35.672389
14145,,-78.755719,35.680122
14146,,-78.860969,35.773591
14147,,-78.855534,35.76707
14148,,-78.871361,35.784147
14149,,-78.905677,35.713327
14150,,-78.911038,35.703638
14151,,-78.897124,35.699411
14152,,-78.894874,35.714621
14153,,-78.925836,35.701349
14154,,-78.922919,35.702498
14155,,-78.892902,35.728048
14156,,-78.895859,35.733785
14157,,-78.905102,35.818124
14158,,-78.902005,35.77016
14159,,-78.897822,35.822763
14160,,-78.915194,35.754113
14161,,-78.913953,35.805094
14162,,-78.917894,35.809579
14163,,-78.894117,35.80062
14164,,-78.890612,35.822773
14165,,-78.846516,35.741388
14166,,-78.876053,35.759031
14167,,-78.87696,35.754143
14168,,-78.88877,35.73687
14169,,-78.879846,35.737353
14170,,-78.894837,35.770165
14171,,-78.852272,35.736258
14172,,-78.886325,35.703
14173,,-78.849487,35.726472
14174,,-78.840507,35.73504
14175,,-78.808345,35.682015
14176,,-78.834851,35.704294
14177,,-78.832597,35.735798
14178,,-78.828757,35.726622
14179,,-78.792176,35.728252
14180,,-78.816653,35.71935
14181,,-78.836375,35.783935
14182,,-78.843465,35.792312
14183,,-78.838824,35.76531
14184,,-78.763808,35.745103
14185,,-78.751119,35.753331
14186,,-78.770497,35.772811
14187,,-78.767197,35.775422
14188,,-78.80015,35.775114
14189,,-78.797764,35.768351
14190,,-78.800682,35.767285
14191,,-78.802005,35.763477
14192,,-78.786173,35.761467
14193,,-78.82844,35.757729
14194,,-78.773587,35.793705
14195,,-78.783185,35.792646
14196,,-78.783257,35.790796
14197,,-78.771767,35.807613
14198,,-78.767625,35.80455
14199,,-78.772248,35.817905
14200,,-78.767096,35.798845
14201,,-78.751319,35.793087
14202,,-78.748674,35.793751
14203,,-78.807322,35.827625
14204,,-78.795101,35.813382
14205,,-78.791224,35.811327
14206,,-78.797575,35.814638
14207,,-78.799664,35.827276
14208,,-78.785791,35.811086
14209,,-78.785398,35.808447
14210,,-78.794498,35.797451
14211,,-78.810062,35.806287
14212,,-78.821993,35.809566
14213,,-78.811157,35.79901
14214,,-78.809774,35.789464
14215,,-78.830343,35.790356
14216,,-78.803273,35.794154
14217,,-78.803634,35.78357
14218,,-78.797868,35.790218
14219,,-78.81449,35.773063
14220,,-78.816655,35.774011
14221,,-78.848618,35.803336
14222,,-78.844138,35.810918
14223,,-78.840662,35.84184
14224,,-78.843789,35.841782
14225,,-78.903325,35.842336
14226,,-78.834726,35.85115
14227,,-78.83644,35.860092
14228,,-78.787853,35.91221
14229,,-78.786904,35.909857
14230,,-78.800225,35.918731
14231,,-78.801434,35.916751
14232,,-78.803737,35.896175
14233,,-78.808046,35.900898
14234,,-78.80419,35.902584
14235,,-78.807839,35.883545
14236,,-78.807598,35.923676
14237,,-78.745418,35.918489
14238,,-78.735266,35.919559
14239,,-78.713315,35.907657
14240,,-78.749054,35.902747
14241,,-78.744883,35.922364
14242,,-78.740357,35.929985
14243,,-78.701848,35.938021
14244,,-78.652042,35.881816
14245,,-78.679659,35.887867
14246,,-78.654163,35.8934
14247,,-78.648649,35.882068
14248,,-78.662956,35.871727
14249,,-78.664611,35.885981
14250,,-78.674192,35.882785
14251,,-78.674723,35.87271
14252,,-78.710769,35.849437
14253,,-78.734971,35.864099
14254,,-78.725878,35.855154
14255,,-78.874276,35.951121
14256,,-78.996304,35.95861
14257,,-78.685348,35.750157
14258,,-78.683195,35.742782
14259,,-78.641779,35.793662
14260,,-78.642837,35.788982
14261,,-78.888736,35.822998
14262,,-78.692982,35.95728
14263,,-78.69489,35.993087
14264,,-78.605184,35.927053
14265,,-78.682558,35.922325
14266,,-78.685073,35.995387
14267,,-78.56693,36.008852
14268,,-78.593489,35.979548
14269,,-78.568085,36.053285
14270,,-78.602826,35.849506
14271,,-78.628109,35.879525
14272,,-78.555611,35.888484
14273,,-78.543306,35.872762
14274,,-78.557222,35.890995
14275,,-78.580376,35.925215
14276,,-78.588693,35.924515
14277,,-78.582032,35.867279
14278,,-78.516943,35.845209
14279,,-78.523155,35.884933
14280,,-78.497204,35.83841
14281,,-78.486628,35.816461
14282,,-78.557016,35.847907
14283,,-78.548174,35.83719
14284,,-78.5478,35.829219
14285,,-78.556292,35.818416
14286,,-78.552618,35.820498
14287,,-78.547526,35.790218
14288,,-78.583369,35.774055
14289,,-78.454885,35.798917
14290,,-78.524304,35.952424
14291,,-78.510407,35.926063
14292,,-78.516724,35.923905
14293,,-78.434742,35.935747
14294,,-78.478648,35.947996
14295,,-78.46807,35.92378
14296,,-78.426774,35.964269
14297,,-78.479387,35.904954
14298,,-78.438848,35.886194
14299,,-78.362104,35.890265
14300,,-78.374519,35.920281
14301,,-78.327487,35.856944
14302,,-78.291559,35.852118
14303,,-78.307828,35.885092
14304,,-78.278902,35.849351
14305,,-78.340912,35.802223
14306,,-78.35686,35.824517
14307,,-78.364923,35.780693
14308,,-78.37116,35.777397
14309,,-78.431304,35.773895
14310,,-78.582737,36.14265
14311,,-78.641539,36.125932
14312,,-78.648382,36.217143
14313,,-78.674377,36.201635
14314,,-78.653829,36.134766
14315,,-78.734018,36.089185
14316,,-78.725134,36.08937
14317,,-78.704274,36.076243
14318,,-78.697999,36.202234
14319,,-78.740952,36.193352
14320,,-78.79131,36.245561
14321,,-78.761486,36.137194
14322,,-78.750346,36.123643
14323,,-78.780141,36.099167
14324,,-78.773898,36.084015
14325,,-78.667208,35.419603
14326,,-78.670408,35.412839
14327,,-78.691585,35.436651
14328,,-78.674528,35.404765
14329,,-78.673823,35.412453
14330,,-78.673147,35.373234
14331,,-78.443997,35.637572
14332,,-78.441684,35.637097
14333,,-78.440211,35.635219
14334,,-78.442455,35.636609
14335,,-78.442081,35.636653
14336,,-78.442041,35.636363
14337,,-78.872591,35.839356
14338,,-78.864407,35.837207
14339,,-78.834614,35.695464
14340,,-78.83601,35.693709
14341,,-78.835807,35.693616
14342,,-78.834509,35.694117
14343,,-78.620753,35.379982
14344,,-78.611381,35.388948
14345,,-78.824547,35.818313
14346,,-78.827595,35.811551
14347,,-78.835813,35.84515
14348,,-78.516465,35.971634
14349,,-78.462855,35.766092
14350,,-78.464626,35.766567
14351,,-78.46364,35.76713
14352,,-78.466575,35.768021
14353,,-78.465438,35.768485
14354,,-78.46668,35.7692
14355,,-78.670179,35.407933
14356,,-78.797334,35.46331
14357,,-78.72385,35.38607
14358,,-78.727052,35.381137
14359,,-78.73673,35.433798
14360,,-78.723158,35.429474
14361,,-78.773538,35.477406
14362,,-78.745847,35.4843
14363,,-78.743605,35.508337
14364,,-78.709356,35.508876
14365,,-78.73729,35.488373
14366,,-78.813028,35.530248
14367,,-78.805188,35.536124
14368,,-78.857627,35.512307
14369,,-78.872889,35.527774
14370,,-78.137385,35.591758
14371,,-78.21522,35.581989
14372,,-78.212431,35.560801
14373,,-78.173214,35.649444
14374,,-78.152402,35.648471
14375,,-78.234355,35.697529
14376,,-78.229797,35.680541
14377,,-78.254284,35.692487
14378,,-78.235912,35.630038
14379,,-78.243725,35.61763
14380,,-78.414985,35.708005
14381,,-78.421445,35.694574
14382,,-78.336236,35.69774
14383,,-78.332458,35.738246
14384,,-78.320278,35.762385
14385,,-78.312497,35.73308
14386,,-78.317618,35.711609
14387,,-78.354754,35.75212
14388,,-78.273574,35.777597
14389,,-78.302892,35.776113
14390,,-78.294112,35.771191
14391,,-78.300711,35.685817
14392,,-78.276987,35.670988
14393,,-78.288684,35.732796
14394,,-78.26831,35.68813
14395,,-78.296722,35.758275
14396,,-78.250355,35.579198
14397,,-78.281088,35.60111
14398,,-78.306628,35.612933
14399,,-78.29504,35.597158
14400,,-78.285524,35.577174
14401,,-78.292015,35.559659
14402,,-78.221004,35.582987
14403,,-78.282525,35.544427
14404,,-78.273196,35.529785
14405,,-78.288458,35.538543
14406,,-78.35932,35.490489
14407,,-78.334591,35.527025
14408,,-78.320757,35.51605
14409,,-78.319151,35.51263
14410,,-78.414197,35.646647
14411,,-78.404481,35.635954
14412,,-78.355885,35.58396
14413,,-78.398711,35.624598
14414,,-78.417227,35.611295
14415,,-78.785192,35.592224
14416,,-78.774259,35.59496
14417,,-78.779314,35.593662
14418,,-78.440363,35.528351
14419,,-78.405842,35.541336
14420,,-78.48237,35.653033
14421,,-78.491085,35.6456
14422,,-78.446809,35.623748
14423,,-78.494128,35.639234
14424,,-78.492801,35.641971
14425,,-78.48566,35.537155
14426,,-78.516594,35.557571
14427,,-78.604019,35.595492
14428,,-78.90224,35.994463
14429,,-78.779831,35.597766
14430,,-78.754804,35.556765
14431,,-78.875072,35.826049
14432,,-78.873826,35.821064
14433,,-78.877708,35.824036
14434,,-78.641994,35.774904
14435,,-78.641279,35.774327
14436,,-78.633713,35.783703
14437,,-78.6338,35.782369
14438,,-78.630892,35.783603
14439,,-78.630942,35.782265
14440,,-78.636372,35.781901
14441,,-78.636856,35.782484
14442,,-78.636901,35.781128
14443,,-78.63588,35.778157
14444,,-78.637463,35.774176
14445,,-78.63513,35.774444
14446,,-78.635869,35.774123
14447,,-78.639245,35.778267
14448,,-78.639276,35.776931
14449,,-78.633244,35.779099
14450,,-78.63358,35.778085
14451,,-78.636856,35.786047
14452,,-78.636185,35.785175
14453,,-78.636649,35.783795
14454,,-78.646502,35.788643
14455,,-78.648615,35.782853
14456,,-78.649064,35.783417
14457,,-78.648884,35.786685
14458,,-78.648477,35.784953
14459,,-78.61881,35.804878
14460,,-78.62066,35.790295
14461,,-78.626486,35.782106
14462,,-78.628935,35.781504
14463,,-78.621442,35.773763
14464,,-78.624223,35.776422
14465,,-78.622414,35.776843
14466,,-78.628153,35.772672
14467,,-78.629305,35.774666
14468,,-78.626385,35.777843
14469,,-78.631406,35.776663
14470,,-78.632388,35.777453
14471,,-78.620402,35.767866
14472,,-78.648055,35.771173
14473,,-78.629947,35.768082
14474,,-78.635655,35.764582
14475,,-78.661862,35.785887
14476,,-78.657162,35.775135
14477,,-78.675999,35.784624
14478,,-78.654776,35.796065
14479,,-78.659199,35.795225
14480,,-78.666686,35.789535
14481,,-78.670929,35.801689
14482,,-78.679852,35.824679
14483,,-78.681275,35.801065
14484,,-78.652931,35.810003
14485,,-78.663715,35.813086
14486,,-78.640278,35.800545
14487,,-78.643459,35.802551
14488,,-78.596942,35.787378
14489,,-78.610584,35.788613
14490,,-78.611624,35.77683
14491,,-78.614663,35.76733
14492,,-78.617976,35.734202
14493,,-78.633619,35.741142
14494,,-78.625552,35.740019
14495,,-78.61622,35.736762
14496,,-78.612499,35.751593
14497,,-78.613978,35.743439
14498,,-78.647669,35.744867
14499,,-78.653151,35.746879
14500,,-78.657914,35.74505
14501,,-78.704988,35.765753
14502,,-78.695179,35.749257
14503,,-78.704926,35.749258
14504,,-78.701713,35.749388
14505,,-78.668165,35.752244
14506,,-78.735075,35.793571
14507,,-78.71305,35.788318
14508,,-78.699544,35.794946
14509,,-78.703946,35.788664
14510,,-78.706441,35.777116
14511,,-78.703481,35.856799
14512,,-78.573711,35.820923
14513,,-78.589736,35.811746
14514,,-78.598385,35.811626
14515,,-78.591117,35.825921
14516,,-78.637432,35.692542
14517,,-78.63475,35.691282
14518,,-78.62848,35.70887
14519,,-78.556911,35.680351
14520,,-78.713448,35.715888
14521,,-78.720071,35.729615
14522,,-78.85791,35.661016
14523,,-78.837666,35.654942
14524,,-78.833638,35.648115
14525,,-78.842779,35.651104
14526,,-78.790003,35.597529
14527,,-78.800436,35.575579
14528,,-78.776413,35.54972
14529,,-78.735174,35.574787
14530,,-78.680209,35.636976
14531,,-78.702316,35.668751
14532,,-78.716899,35.659601
14533,,-78.712132,35.656617
14534,,-78.745221,35.665547
14535,,-78.68809,35.631409
14536,,-78.676789,35.627509
14537,,-78.667679,35.624434
14538,,-78.690048,35.596468
14539,,-78.642406,35.532283
14540,,-78.858831,35.781824
14541,,-78.860866,35.771674
14542,,-78.874109,35.769395
14543,,-78.878806,35.760796
14544,,-78.926576,35.767232
14545,,-78.854672,35.761384
14546,,-78.687025,35.78647
14547,,-78.583073,35.761722
14548,,-78.6958,35.668078
14549,,-78.702541,35.662314
14550,,-78.698128,35.663855
14551,,-78.70097,35.667487
14552,,-78.757252,35.586762
14553,,-78.785032,35.60258
14554,,-78.774376,35.601484
14555,,-78.731987,35.585972
14556,,-78.753731,35.58271
14557,,-78.778898,35.588879
14558,,-78.783324,35.580749
14559,,-78.809006,35.555254
14560,,-78.812131,35.551607
14561,,-78.783892,35.551608
14562,,-78.783076,35.549744
14563,,-78.765652,35.829376
14564,,-78.792656,35.725522
14565,,-78.792488,35.726536
14566,,-78.639775,35.838821
14567,,-78.613451,35.780053
14568,,-79.004307,35.951326
14569,,-78.989356,35.953183
14570,,-78.989638,35.948653
14571,,-78.989632,35.950706
14572,,-78.991237,35.948663
14573,,-78.896699,36.059228
14574,,-79.092112,36.053452
14575,,-79.093965,36.040709
14576,,-79.093962,36.048722
14577,,-79.09336,36.049332
14578,,-78.948101,35.741267
14579,,-78.948054,35.741457
14580,,-78.950675,35.742112
14581,,-78.95238,35.740991
14582,,-78.952318,35.740811
14583,,-79.051887,35.901589
14584,,-78.566375,35.599086
14585,,-78.563617,35.60055
14586,,-78.566618,35.595786
14587,,-78.566696,35.596059
14588,,-78.606522,35.748202
14589,,-78.602739,35.863298
14590,,-78.61979,35.780021
14591,,-78.663688,35.737169
14592,,-78.825021,35.823438
14593,,-78.825608,35.823133
14594,,-78.565933,35.598753
14595,,-78.564058,35.597105
14596,,-78.566361,35.605789
14597,,-78.561742,35.60846
14598,,-78.565138,35.606495
14599,,-78.5632,35.607606
14600,,-78.565815,35.611056
14601,,-78.565651,35.607179
14602,,-78.564944,35.59834
14603,,-78.60755,35.817713
14604,,-78.601623,35.816045
14605,,-78.602492,35.811357
14606,,-78.602695,35.811231
14607,,-78.602672,35.809109
14608,,-78.608763,35.81246
14609,,-78.603132,35.815299
14610,,-78.521763,36.005079
14611,,-78.520888,36.004639
14612,,-78.600858,35.818271
14613,,-78.596943,35.811963
14614,,-78.597851,35.815871
14615,,-78.599616,35.817306
14616,,-78.599466,35.817105
14617,,-78.598726,35.81772
14618,,-78.59844,35.817589
14619,,-78.596404,35.814697
14620,,-78.599844,35.817197
14621,,-78.574545,35.842467
14622,,-78.579684,35.87186
14623,,-78.579361,35.872529
14624,,-78.579036,35.872358
14625,,-78.578215,35.873852
14626,,-78.577835,35.873765
14627,,-78.578115,35.87397
14628,,-78.575615,35.876435
14629,,-78.575253,35.877325
14630,,-78.57487,35.877342
14631,,-78.574224,35.878557
14632,,-78.839371,35.712699
14633,,-78.84005,35.713888
14634,,-78.840638,35.714938
14635,,-78.841255,35.716076
14636,,-78.841276,35.714815
14637,,-78.84022,35.715547
14638,,-78.84052,35.713309
14639,,-78.839404,35.713979
14640,,-78.606927,35.814512
14641,,-78.572904,35.875834
14642,,-78.582766,35.876157
14643,,-78.575908,35.873423
14644,,-78.575759,35.874289
14645,,-78.691948,35.794326
14646,,-78.687752,35.794193
14647,,-78.845164,35.833125
14648,,-78.713119,35.791645
14649,,-78.713399,35.788663
14650,,-78.741073,35.788345
14651,,-78.740468,35.785147
14652,,-78.753584,35.790458
14653,,-78.823585,35.824098
14654,,-78.82708,35.830701
14655,,-78.753309,35.782183
14656,,-78.491117,36.049993
14657,,-78.385404,35.756784
14658,,-78.344553,35.760715
14659,,-78.392742,35.776206
14660,,-78.37492,35.749402
14661,,-79.170317,36.061859
14662,,-79.169765,36.071619
14663,,-79.244606,36.078618
14664,,-78.413544,35.799184
14665,,-78.840406,35.739503
14666,,-78.529103,35.806789
14667,,-78.63279,35.79198
14668,,-78.435644,35.780001
14669,,-78.710006,35.821275
14670,,-78.368948,35.532148
14671,,-78.369092,35.532009
14672,,-78.354137,35.534658
14673,,-78.359313,35.535095
14674,,-78.80125,35.926372
14675,,-78.597496,35.686697
14676,,-78.589922,35.68811
14677,,-78.710963,36.133977
14678,,-78.717112,36.140274
14679,,-78.727351,36.130024
14680,,-78.841466,35.881812
14681,,-78.892544,35.975201
14682,,-78.904343,35.997105
14683,,-78.994474,35.951332
14684,,-78.785305,35.771313
14685,,-78.781858,35.769405
14686,,-78.70727,35.801838
14687,,-78.823924,35.744294
14688,,-78.849295,35.72982
14689,,-78.874363,35.88619
14690,,-78.95274,35.9992
14691,,-78.953812,36.004284
14692,,-78.919743,36.007495
14693,,-78.922182,36.00767
14694,,-78.923581,36.006583
14695,,-79.104333,36.055209
14696,,-79.007724,35.950284
14697,,-79.015569,35.949974
14698,,-79.01326,35.94599
14699,,-78.772708,35.82937
14700,,-78.744172,35.756099
14701,,-78.740695,35.761096
14702,,-78.719321,35.785618
14703,,-78.670413,35.773683
14704,,-78.671333,35.775252
14705,,-78.677985,35.768699
14706,,-78.7074,35.800594
14707,,-78.703014,35.795337
14708,,-78.704614,35.791673
14709,,-78.370974,35.782734
14710,,-78.505884,35.796923
14711,,-78.505819,35.796707
14712,,-78.509565,35.794547
14713,,-78.973397,36.029537
14714,,-78.89616,36.000331
14715,,-78.887901,36.019596
14716,,-78.910044,36.051493
14717,,-78.919609,36.053224
14718,,-78.876143,35.985864
14719,,-78.874903,35.988881
14720,,-78.877945,35.985829
14721,,-78.645644,35.786217
14722,,-78.647272,35.786262
14723,,-78.543346,35.977814
14724,,-78.543883,35.980946
14725,,-78.544927,35.945782
14726,,-78.548405,35.966193
14727,,-78.5483,35.945586
14728,,-78.53271,35.988352
14729,,-78.504518,35.990328
14730,,-78.507747,35.990151
14731,,-78.518871,35.950114
14732,,-78.657013,35.74554
14733,,-78.659066,35.745093
14734,,-78.658032,35.748208
14735,,-78.601003,35.81048
14736,,-78.594427,35.808433
14737,,-78.56703,35.802197
14738,,-78.563066,35.80141
14739,,-78.562634,35.799982
14740,,-78.583363,35.788773
14741,,-78.580703,35.788337
14742,,-78.583333,35.776474
14743,,-78.583356,35.780186
14744,,-78.588688,35.786479
14745,,-78.911979,35.941163
14746,,-78.905652,35.942792
14747,,-78.645895,35.836264
14748,,-78.626974,35.835873
14749,,-78.612091,35.805344
14750,,-78.635636,35.794139
14751,,-78.635852,35.790768
14752,,-78.608244,35.802429
14753,,-78.785962,35.906136
14754,,-78.77682,35.915745
14755,,-78.77549,35.913023
14756,,-78.679031,35.837494
14757,,-78.680367,35.833148
14758,,-78.704852,35.819314
14759,,-78.702168,35.81548
14760,,-78.674786,35.837294
14761,,-78.690737,35.837655
14762,,-78.872895,35.787417
14763,,-78.86981,35.787911
14764,,-78.842776,36.026564
14765,,-78.936177,35.905718
14766,,-78.94502,35.903196
14767,,-78.947887,35.90354
14768,,-78.938828,35.903313
14769,,-78.510869,35.974793
14770,,-78.664297,35.749422
14771,,-78.664509,35.749559
14772,,-78.653193,35.721544
14773,,-78.653554,35.720809
14774,,-78.777714,35.740794
14775,,-78.607674,35.866281
14776,,-78.608195,35.866583
14777,,-78.623721,35.7068
14778,,-78.62304,35.706428
14779,,-78.583207,35.691805
14780,,-78.583003,35.691433
14781,,-79.089817,35.901768
14782,,-79.096613,35.915502
14783,,-79.096967,35.915974
14784,,-79.012077,35.900597
14785,,-78.924091,36.010438
14786,,-79.08544,35.852815
14787,,-79.085207,35.853874
14788,,-79.167552,35.744915
14789,,-79.09332,36.042059
14790,,-79.1,36.08465
14791,,-79.136241,36.180047
14792,,-79.136175,36.179793
14793,,-78.989633,35.949647
14794,,-78.560834,35.608957
14795,,-78.558389,35.610183
14796,,-78.496708,35.665152
14797,,-78.80224,35.573588
14798,,-78.725381,35.625703
14799,,-78.725168,35.62562
14800,,-78.323916,35.820751
14801,,-78.579531,35.864479
14802,,-78.563431,35.767986
14803,,-78.563158,35.767885
14804,,-78.580227,35.847084
14805,,-78.837063,35.875551
14806,,-78.904534,35.99575
14807,,-79.07391,35.901869
14808,,-78.834136,35.749731
14809,,-79.243694,35.782695
14810,,-79.210585,35.788346
14811,,-78.853439,35.901952
14812,,-79.009389,35.904593
14813,,-78.90881,35.98661
14814,,-78.909339,35.986218
14815,,-78.909283,35.986796
14816,,-78.866168,35.748963
14817,,-78.831458,35.746286
14818,,-78.82902,35.745687
14819,,-78.637883,35.718835
14820,,-78.63828,35.720446
14821,,-78.63828,35.72019
14822,,-78.637345,35.718336
14823,,-78.639792,35.719855
14824,,-78.638807,35.719108
14825,,-78.841334,35.843294
14826,,-78.838902,35.844652
14827,,-78.738055,35.811527
14828,,-78.763327,35.832696
14829,,-78.797235,35.852376
14830,,-78.741498,35.818236
14831,,-78.760548,35.829817
14832,,-78.923264,35.809068
14833,,-78.594874,35.656005
14834,,-78.577467,35.658728
14835,,-78.585502,35.658626
14836,,-78.459266,35.670116
14837,,-78.415227,35.614239
14838,,-78.536362,35.628492
14839,,-78.613576,35.698387
14840,,-78.602129,35.667527
14841,,-78.592293,35.666309
14842,,-78.59142,35.658431
14843,,-78.79771,35.603874
14844,,-78.789086,35.616694
14845,,-78.799772,35.580306
14846,,-78.81212,35.57842
14847,,-78.74477,35.580579
14848,,-78.840726,35.625073
14849,,-78.826887,35.617523
14850,,-78.798191,35.628344
14851,,-78.921897,35.782608
14852,,-78.788463,35.694286
14853,,-78.843016,35.739279
14854,,-78.845636,35.734748
14855,,-78.805252,35.69578
14856,,-78.894394,35.84422
14857,,-78.723318,35.623912
14858,,-78.486651,35.903901
14859,,-78.744658,35.763666
14860,,-78.745325,35.763087
14861,,-78.957252,36.412562
14862,,-78.952965,36.413878
14863,,-78.969235,36.417944
14864,,-78.954432,36.414377
14865,,-78.95861,36.415609
14866,,-78.942195,36.446277
14867,,-78.932516,36.43735
14868,,-78.943459,36.428497
14869,,-78.935283,36.438967
14870,,-78.620992,35.831218
14871,,-78.809388,35.584128
14872,,-78.663997,35.778504
14873,,-78.667185,35.780406
14874,,-78.667148,35.780079
14875,,-78.666302,35.779302
14876,,-78.668252,35.779525
14877,,-78.66725,35.779989
14878,,-78.554411,35.611527
14879,,-78.562211,35.594867
14880,,-78.411341,35.597002
14881,,-78.410925,35.597392
14882,,-78.417862,35.60153
14883,,-78.417735,35.601782
14884,,-78.416281,35.600566
14885,,-78.410611,35.595008
14886,,-78.406137,35.594503
14887,,-78.409149,35.596574
14888,,-78.41662,35.601122
14889,,-78.411461,35.598477
14890,,-78.415872,35.605593
14891,,-78.416062,35.60542
14892,,-78.425219,35.60392
14893,,-78.421585,35.60388
14894,,-78.414072,35.601105
14895,,-78.6745,35.987805
14896,,-78.664965,36.000437
14897,,-78.579889,35.683954
14898,,-78.479677,35.593305
14899,,-78.485252,35.594405
14900,,-78.256411,36.17319
14901,,-78.875504,35.749631
14902,,-78.876233,35.749378
14903,,-79.149201,35.718547
14904,,-79.144267,35.730534
14905,,-79.144169,35.730799
14906,,-79.147684,35.733373
14907,,-79.147283,35.732741
14908,,-78.464194,35.725015
14909,,-78.454811,35.951469
14910,,-78.2947,35.829309
14911,,-78.510737,35.797786
14912,,-78.538194,35.871469
14913,,-78.46326,35.645918
14914,,-78.461142,35.64686
14915,,-78.658889,35.709874
14916,,-78.719018,35.479528
14917,,-78.724286,35.48113
14918,,-78.724439,35.483517
14919,,-78.73074,35.482978
14920,,-78.741724,35.483331
14921,,-78.755465,35.490854
14922,,-78.755378,35.489674
14923,,-78.75931,35.494172
14924,,-78.754658,35.511576
14925,,-78.752085,35.519434
14926,,-78.745922,35.534424
14927,,-78.744922,35.531536
14928,,-78.605037,35.689312
14929,,-78.64307,35.786892
14930,,-78.642165,35.788232
14931,,-78.644002,35.788626
14932,,-78.642944,35.786911
14933,,-78.642567,35.789989
14934,,-78.641375,35.795029
14935,,-78.641589,35.793829
14936,,-78.639629,35.799378
14937,,-78.798704,35.850471
14938,,-78.798034,35.851073
14939,,-78.521781,35.889556
14940,,-78.527423,35.884692
14941,,-78.524617,35.887165
14942,,-78.525657,35.885703
14943,,-78.526069,35.885885
14944,,-78.52569,35.885757
14945,,-78.525164,35.89333
14946,,-78.525489,35.892807
14947,,-78.845746,35.96567
14948,,-78.925686,36.005579
14949,,-78.755494,35.532844
14950,,-78.771312,35.479748
14951,,-78.740335,35.500116
14952,,-78.755411,35.549628
14953,,-78.874732,35.76077
14954,,-78.902089,35.768846
14955,,-78.904415,35.731382
14956,,-78.898382,35.73415
14957,,-78.575508,35.669938
14958,,-79.211602,36.106019
14959,,-79.21509,36.095611
14960,,-79.221515,36.08632
14961,,-79.225847,36.084834
14962,,-79.129113,36.070389
14963,,-79.137049,36.032049
14964,,-79.133565,36.05228
14965,,-79.137772,36.052298
14966,,-79.123436,36.051668
14967,,-79.126629,35.885904
14968,,-79.131259,35.889266
14969,,-79.117401,35.916821
14970,,-79.134535,35.91877
14971,,-79.114005,35.912281
14972,,-79.133771,35.913602
14973,,-79.076015,35.977394
14974,,-79.084947,35.915352
14975,,-79.084679,35.913033
14976,,-79.088604,35.912898
14977,,-79.084092,35.909957
14978,,-79.084547,35.9124
14979,,-79.108118,35.954576
14980,,-79.1044,35.954576
14981,,-79.09656,35.922462
14982,,-79.093155,35.925855
14983,,-79.100575,35.966634
14984,,-79.07949,35.903081
14985,,-79.072411,35.903485
14986,,-78.613581,35.707744
14987,,-78.617591,35.708104
14988,,-78.615774,35.707232
14989,,-78.610787,35.70541
14990,,-78.614917,35.707658
14991,,-78.613926,35.70671
14992,,-78.795265,35.94067
14993,,-78.859481,35.873041
14994,,-78.856569,35.872959
14995,,-78.115587,35.600541
14996,,-78.099458,35.579075
14997,,-78.124814,35.596119
14998,,-78.147119,35.558921
14999,,-78.145569,35.575913
15000,,-78.122619,35.593129
15001,,-78.1297,35.58865
15002,,-78.157547,35.558031
15003,,-78.165109,35.565209
15004,,-78.206134,35.491333
15005,,-78.196225,35.485851
15006,,-78.235681,35.505846
15007,,-78.184349,35.557601
15008,,-78.180753,35.546913
15009,,-78.175548,35.5168
15010,,-78.179645,35.511285
15011,,-78.220447,35.539837
15012,,-78.221825,35.539803
15013,,-78.205012,35.547166
15014,,-78.163044,35.545694
15015,,-78.244551,35.51307
15016,,-78.23656,35.508307
15017,,-78.236489,35.508543
15018,,-78.24711,35.509672
15019,,-78.226737,35.477314
15020,,-78.295642,35.515623
15021,,-78.295774,35.515481
15022,,-78.286129,35.517978
15023,,-78.281208,35.504788
15024,,-78.281566,35.508786
15025,,-78.260666,35.49249
15026,,-78.268223,35.491905
15027,,-78.273406,35.491235
15028,,-78.274532,35.493642
15029,,-78.272074,35.492156
15030,,-78.269276,35.49111
15031,,-78.266304,35.48978
15032,,-78.272539,35.491153
15033,,-78.268595,35.490572
15034,,-78.266045,35.513353
15035,,-78.246903,35.42985
15036,,-78.279188,35.44859
15037,,-78.374926,35.402684
15038,,-78.387058,35.459608
15039,,-78.385347,35.420739
15040,,-78.409455,35.433713
15041,,-78.416236,35.400499
15042,,-78.513278,35.38474
15043,,-78.49193,35.365923
15044,,-78.50713,35.363903
15045,,-78.536193,35.374373
15046,,-78.529952,35.346643
15047,,-78.504021,35.410768
15048,,-78.426214,35.433237
15049,,-78.459638,35.402931
15050,,-78.509595,35.364495
15051,,-78.491829,35.36772
15052,,-78.24224,35.516812
15053,,-78.157603,35.512247
15054,,-78.199224,35.553387
15055,,-78.274445,35.515613
15056,,-78.272211,35.528702
15057,,-78.387785,35.456988
15058,,-78.226895,35.477206
15059,,-78.127174,35.594945
15060,,-78.12339,35.594202
15061,,-78.144507,35.572894
15062,,-78.161532,35.564094
15063,,-78.172814,35.561371
15064,,-78.194448,35.55475
15065,,-78.181816,35.549644
15066,,-78.232137,35.52869
15067,,-78.217981,35.540307
15068,,-78.238124,35.540019
15069,,-78.253853,35.518243
15070,,-78.253518,35.501562
15071,,-78.255226,35.51093
15072,,-78.30842,35.499619
15073,,-78.282811,35.517841
15074,,-78.316487,35.46825
15075,,-78.33611,35.473014
15076,,-78.387233,35.438262
15077,,-78.403374,35.43065
15078,,-78.499205,35.388936
15079,,-78.464014,35.409265
15080,,-78.285968,35.518083
15081,,-78.459131,35.403887
15082,,-79.260316,36.104051
15083,,-79.255815,36.104749
15084,,-79.260249,36.098986
15085,,-79.254636,36.107767
15086,,-79.255773,36.100599
15087,,-79.269861,36.107954
15088,,-79.270095,36.103779
15089,,-79.271628,36.108314
15090,,-79.270773,36.101071
15091,,-79.268018,36.100266
15092,,-79.269673,36.09679
15093,,-79.26792,36.096296
15094,,-79.265154,36.099413
15095,,-79.271364,36.099644
15096,,-79.270525,36.098214
15097,,-79.272893,36.108496
15098,,-79.281607,36.096522
15099,,-79.283482,36.096637
15100,,-79.282819,36.098429
15101,,-79.278663,36.098229
15102,,-79.283276,36.098451
15103,,-79.278991,36.10906
15104,,-79.27243,36.097539
15105,,-79.272771,36.095997
15106,,-79.270996,36.097164
15107,,-79.270357,36.095257
15108,,-79.269829,36.096441
15109,,-79.274003,36.121281
15110,,-79.2569,36.098834
15111,,-79.257532,36.098593
15112,,-79.255763,36.096233
15113,,-79.255424,36.095313
15114,,-79.262313,36.099396
15115,,-79.26491,36.100055
15116,,-79.265292,36.099037
15117,,-79.265636,36.098006
15118,,-79.266228,36.096675
15119,,-79.266767,36.095407
15120,,-79.26891,36.096171
15121,,-79.266918,36.095034
15122,,-79.264278,36.094756
15123,,-79.267198,36.094391
15124,,-79.263046,36.094449
15125,,-79.261849,36.094152
15126,,-79.258145,36.093513
15127,,-79.262218,36.093695
15128,,-79.267678,36.093311
15129,,-79.270823,36.094226
15130,,-79.27056,36.094808
15131,,-79.27118,36.093427
15132,,-79.271952,36.091734
15133,,-79.268499,36.09162
15134,,-79.264214,36.091235
15135,,-79.267441,36.08816
15136,,-79.268845,36.090891
15137,,-79.269648,36.089229
15138,,-79.272706,36.090059
15139,,-79.273874,36.087562
15140,,-79.253992,36.092874
15141,,-79.255834,36.093578
15142,,-79.27063,36.087156
15143,,-79.269036,36.084426
15144,,-79.292776,36.075436
15145,,-79.290207,36.0793
15146,,-79.275242,36.077371
15147,,-79.272927,36.082288
15148,,-79.270054,36.081393
15149,,-79.27483,36.07707
15150,,-79.282951,36.083119
15151,,-79.277719,36.084848
15152,,-79.2716,36.08508
15153,,-79.270318,36.084753
15154,,-79.29259,36.098903
15155,,-79.285419,36.104342
15156,,-79.289684,36.109272
15157,,-79.286607,36.108771
15158,,-79.295182,36.110016
15159,,-79.292212,36.109691
15160,,-79.296577,36.098991
15161,,-79.298609,36.098974
15162,,-79.300702,36.098979
15163,,-79.247888,36.091275
15164,,-79.249286,36.092501
15165,,-79.247119,36.090973
15166,,-79.241873,36.088754
15167,,-79.246839,36.091562
15168,,-79.23696,36.086706
15169,,-79.231462,36.086209
15170,,-79.231414,36.085107
15171,,-79.248609,36.079658
15172,,-79.245551,36.0801
15173,,-79.257926,36.078838
15174,,-79.251638,36.079226
15175,,-79.257844,36.081228
15176,,-79.257969,36.088205
15177,,-79.264045,36.077013
15178,,-79.267908,36.0753
15179,,-79.27055,36.07372
15180,,-79.273781,36.074909
15181,,-79.299588,36.074728
15182,,-79.296104,36.074581
15183,,-79.28001,36.074894
15184,,-79.282995,36.074358
15185,,-79.288913,36.073301
15186,,-79.272912,36.073117
15187,,-79.296111,36.071124
15188,,-79.296118,36.072503
15189,,-79.292864,36.072622
15190,,-79.26305,36.07411
15191,,-79.267809,36.072399
15192,,-79.267903,36.072621
15193,,-79.272524,36.072478
15194,,-79.272155,36.071879
15195,,-79.275314,36.069976
15196,,-79.274922,36.069869
15197,,-79.271268,36.070496
15198,,-79.270025,36.068395
15199,,-79.293502,36.068279
15200,,-79.278803,36.068502
15201,,-79.287864,36.068189
15202,,-79.293647,36.068489
15203,,-79.282838,36.067989
15204,,-79.298131,36.069516
15205,,-79.303504,36.068866
15206,,-79.299256,36.067776
15207,,-79.298573,36.068904
15208,,-79.300936,36.068667
15209,,-79.315674,36.06572
15210,,-79.311173,36.066152
15211,,-79.306715,36.068233
15212,,-79.316196,36.07064
15213,,-79.313152,36.068795
15214,,-79.320106,36.065663
15215,,-79.316451,36.065815
15216,,-79.319279,36.065427
15217,,-79.307439,36.068275
15218,,-79.305629,36.068644
15219,,-79.305268,36.068464
15220,,-79.312342,36.067629
15221,,-79.312708,36.068187
15222,,-79.304427,36.06879
15223,,-79.303991,36.068606
15224,,-79.300347,36.065807
15225,,-79.299578,36.067138
15226,,-79.302471,36.058123
15227,,-79.296042,36.058491
15228,,-79.304904,36.059409
15229,,-79.307263,36.062195
15230,,-79.302444,36.062057
15231,,-79.318215,36.053966
15232,,-79.311694,36.055211
15233,,-79.327076,36.050965
15234,,-79.33028,36.049814
15235,,-79.307406,36.057131
15236,,-79.308403,36.063236
15237,,-79.293017,36.058458
15238,,-79.331605,36.041919
15239,,-79.32671,36.045326
15240,,-79.34577,36.045099
15241,,-79.338919,36.04449
15242,,-79.305275,36.042527
15243,,-79.306006,36.045682
15244,,-79.361267,36.021541
15245,,-79.364931,36.024905
15246,,-79.326521,36.038266
15247,,-79.333468,36.021871
15248,,-79.329152,36.026683
15249,,-79.318936,36.012455
15250,,-79.317042,36.011524
15251,,-79.33243,36.021427
15252,,-79.328922,36.019466
15253,,-79.352683,36.035286
15254,,-79.345884,36.027792
15255,,-79.341375,36.032233
15256,,-79.350212,36.025977
15257,,-79.346394,36.027232
15258,,-79.346775,36.021963
15259,,-79.348701,36.016919
15260,,-79.34867,36.030875
15261,,-79.359275,36.029635
15262,,-79.357652,36.024508
15263,,-79.354333,36.016207
15264,,-79.358032,36.019311
15265,,-79.350422,36.014112
15266,,-79.355023,36.031408
15267,,-79.351491,36.033979
15268,,-79.338658,36.034907
15269,,-79.335906,36.037635
15270,,-79.313564,36.026088
15271,,-79.322921,36.034847
15272,,-79.325195,36.032743
15273,,-79.324588,36.036439
15274,,-79.298878,36.016918
15275,,-79.323401,36.046715
15276,,-79.264607,36.062122
15277,,-79.26769,36.061624
15278,,-79.269634,36.067705
15279,,-79.274718,36.059597
15280,,-79.270918,36.060331
15281,,-79.241774,36.069363
15282,,-79.248031,36.055108
15283,,-79.238607,36.040654
15284,,-79.248,36.02178
15285,,-79.285386,36.039355
15286,,-79.28834,36.049147
15287,,-79.287516,36.044759
15288,,-79.28002,36.032029
15289,,-79.278532,36.028036
15290,,-79.292301,36.014216
15291,,-79.273076,36.022764
15292,,-79.257865,36.029512
15293,,-79.260902,36.013674
15294,,-79.289781,36.014009
15295,,-79.265804,36.005762
15296,,-79.263272,36.005098
15297,,-79.280838,35.994758
15298,,-79.313661,36.010555
15299,,-79.294518,35.99077
15300,,-79.299098,36.000659
15301,,-79.292187,35.991042
15302,,-79.341911,35.998839
15303,,-79.327635,36.008313
15304,,-79.331941,36.008136
15305,,-79.33036,35.989994
15306,,-79.323836,35.993035
15307,,-79.321138,35.999088
15308,,-79.320221,36.009435
15309,,-79.324384,36.007951
15310,,-79.309236,36.010123
15311,,-79.304055,35.985146
15312,,-79.322945,35.972932
15313,,-79.306391,35.983966
15314,,-79.311189,35.975045
15315,,-79.288979,35.984757
15316,,-79.26399,35.985852
15317,,-79.238297,35.975451
15318,,-79.273823,35.974551
15319,,-79.280048,35.975412
15320,,-79.300384,35.965405
15321,,-79.323652,35.955687
15322,,-79.29993,35.953609
15323,,-79.321596,35.947312
15324,,-79.305245,35.951658
15325,,-79.276859,35.954528
15326,,-79.279701,35.963319
15327,,-79.26216,36.013881
15328,,-79.27425,35.968442
15329,,-79.324506,36.071531
15330,,-79.323445,36.077576
15331,,-79.321382,36.073045
15332,,-79.318953,36.080827
15333,,-79.316463,36.077175
15334,,-79.320338,36.073579
15335,,-79.318031,36.071547
15336,,-79.317866,36.075327
15337,,-79.324606,36.085918
15338,,-79.327829,36.085572
15339,,-79.327039,36.095182
15340,,-79.313606,36.082224
15341,,-79.311162,36.083342
15342,,-79.30691,36.092794
15343,,-79.302779,36.098825
15344,,-79.298181,36.110363
15345,,-79.304109,36.11369
15346,,-79.305141,36.114436
15347,,-79.306442,36.098183
15348,,-79.306373,36.096278
15349,,-79.314411,36.096794
15350,,-79.317617,36.096249
15351,,-79.320843,36.09574
15352,,-79.305723,36.104829
15353,,-79.276317,36.147674
15354,,-79.276569,36.141385
15355,,-79.275266,36.130329
15356,,-79.276923,36.136873
15357,,-79.252041,36.148089
15358,,-79.248665,36.134257
15359,,-79.244628,36.142816
15360,,-79.249365,36.120425
15361,,-79.249194,36.109392
15362,,-79.229061,36.134846
15363,,-79.221191,36.137358
15364,,-79.271404,36.152239
15365,,-79.215801,36.070578
15366,,-79.178837,36.07254
15367,,-79.262847,36.092935
15368,,-79.261006,36.09144
15369,,-79.308813,36.074874
15370,,-79.225757,36.084377
15371,,-79.270025,36.113643
15372,,-79.323319,36.095365
15373,,-79.274924,36.127935
15374,,-78.522739,35.847265
15375,,-78.522464,35.847304
15376,,-78.736388,35.76638
15377,,-78.636928,35.753504
15378,,-78.596709,35.751734
15379,,-78.7517,35.790907
15380,,-78.658061,35.90477
15381,,-78.855959,36.025711
15382,,-78.863231,36.01703
15383,,-78.90926,36.021414
15384,,-78.864032,35.951898
15385,,-78.662635,35.800448
15386,,-78.660262,35.799311
15387,,-78.660472,35.799931
15388,,-78.660972,35.800469
15389,,-78.662211,35.800437
15390,,-78.65977,35.80062
15391,,-78.660313,35.800471
15392,,-78.660114,35.800062
15393,,-78.657729,35.798699
15394,,-78.658116,35.79956
15395,,-78.658478,35.79923
15396,,-78.659915,35.800421
15397,,-78.627955,35.801608
15398,,-78.631869,35.80108
15399,,-78.628854,35.801998
15400,,-78.625654,35.803647
15401,,-78.630422,35.801618
15402,,-78.640396,35.796429
15403,,-78.874361,35.998701
15404,,-78.82823,35.870443
15405,,-78.852051,35.864169
15406,,-78.89222,35.747402
15407,,-78.891541,35.747708
15408,,-78.891559,35.746341
15409,,-78.892231,35.746335
15410,,-78.891581,35.742642
15411,,-78.891478,35.751764
15412,,-78.892227,35.751828
15413,,-78.892305,35.742324
15414,,-78.899464,35.746362
15415,,-78.899425,35.746172
15416,,-78.772388,35.748969
15417,,-78.771941,35.748692
15418,,-78.7717,35.74841
15419,,-78.772024,35.748431
15420,,-79.066976,35.739318
15421,,-78.79535,35.903705
15422,,-78.778116,35.791044
15423,,-78.778209,35.791403
15424,,-78.896986,35.710532
15425,,-78.653118,35.911366
15426,,-78.651385,35.911558
15427,,-78.653056,35.912435
15428,,-78.649641,35.911803
15429,,-78.650185,35.910681
15430,,-78.63501,35.950894
15431,,-78.587323,35.910868
15432,,-78.5871,35.910261
15433,,-78.570027,35.918178
15434,,-78.5838,35.91285
15435,,-78.575414,35.915045
15436,,-78.575892,35.924262
15437,,-78.576379,35.924456
15438,,-78.464636,36.103342
15439,,-78.464789,36.104653
15440,,-78.466189,36.103838
15441,,-78.466105,36.102218
15442,,-78.47645,36.039199
15443,,-78.623399,35.710284
15444,,-78.619844,35.708882
15445,,-78.620537,35.70924
15446,,-78.625209,35.711871
15447,,-78.617589,35.70794
15448,,-78.621747,35.709888
15449,,-78.61993,35.709228
15450,,-78.622949,35.710851
15451,,-78.622441,35.711202
15452,,-78.62166,35.711303
15453,,-78.523087,35.400456
15454,,-78.563738,35.607298
15455,,-78.564076,35.606956
15456,,-78.463543,35.646538
15457,,-78.464587,35.646419
15458,,-78.865265,35.700587
15459,,-78.876869,35.694827
15460,,-78.872631,35.696924
15461,,-78.871002,35.697741
15462,,-79.055578,35.63354
15463,,-79.052167,35.633825
15464,,-79.048522,35.635426
15465,,-79.049065,35.635455
15466,,-79.052109,35.635308
15467,,-79.055725,35.633683
15468,,-78.263581,35.819258
15469,,-78.258395,35.818178
15470,,-78.25488,35.81743
15471,,-78.223352,35.801127
15472,,-78.223834,35.800586
15473,,-78.199362,35.754985
15474,,-78.3353,35.744054
15475,,-78.223019,35.604065
15476,,-78.15645,35.604517
15477,,-78.150912,35.587948
15478,,-78.251846,35.577389
15479,,-78.265658,35.579775
15480,,-78.533357,35.447541
15481,,-78.713111,35.457636
15482,,-78.826174,35.481064
15483,,-78.809991,35.411459
15484,,-79.186992,35.724106
15485,,-79.187808,35.724854
15486,,-79.187181,35.72498
15487,,-79.187002,35.724357
15488,,-79.187298,35.724285
15489,,-79.186962,35.723575
15490,,-79.187118,35.724042
15491,,-79.188286,35.900232
15492,,-79.108545,35.839289
15493,,-79.107829,35.832292
15494,,-79.100565,35.827822
15495,,-79.104474,35.822671
15496,,-79.10767,35.828635
15497,,-79.107072,35.828297
15498,,-79.107384,35.828713
15499,,-79.107182,35.828639
15500,,-79.107501,35.828115
15501,,-79.104594,35.821916
15502,,-79.108998,35.818258
15503,,-79.120908,35.798203
15504,,-79.173218,35.824675
15505,,-79.306692,36.050824
15506,,-79.186648,35.988998
15507,,-78.167016,36.098451
15508,,-78.328472,36.063609
15509,,-78.711088,36.265984
15510,,-78.491963,36.107257
15511,,-78.731851,36.184401
15512,,-78.452981,36.154634
15513,,-78.983167,36.16351
15514,,-78.82818,36.258641
15515,,-78.839352,36.18727
15516,,-78.82341,36.19018
15517,,-79.143709,36.127488
15518,,-79.250755,36.114997
15519,,-78.838186,35.876592
15520,,-78.46872,35.803708
15521,,-78.468534,35.803592
15522,,-78.770388,35.74734
15523,,-78.773187,35.749649
15524,,-78.642671,35.796768
15525,,-78.64096,35.794379
15526,,-78.64284,35.786337
15527,,-78.64281,35.788359
15528,,-78.639825,35.797477
15529,,-78.640575,35.796589
15530,,-78.640296,35.796582
15531,,-78.639816,35.797829
15532,,-78.642685,35.790173
15533,,-78.643299,35.788475
15534,,-78.942025,36.007451
15535,,-78.944612,36.006319
15536,,-78.94213,36.002546
15537,,-78.681136,35.771741
15538,,-78.674977,35.765941
15539,,-78.680168,35.780604
15540,,-78.683077,35.777266
15541,,-78.673009,35.778804
15542,,-78.673098,35.779959
15543,,-78.672815,35.776689
15544,,-78.672937,35.777866
15545,,-78.672213,35.779917
15546,,-78.66513,35.770377
15547,,-78.665338,35.777338
15548,,-78.679197,35.785123
15549,,-78.684205,35.788673
15550,,-78.685594,35.785404
15551,,-78.697611,35.825093
15552,,-78.692512,35.818404
15553,,-78.569657,35.8712
15554,,-78.577299,35.869651
15555,,-78.569477,35.867354
15556,,-78.566649,35.863132
15557,,-78.569229,35.863237
15558,,-78.571525,35.865307
15559,,-79.08033,36.055995
15560,,-78.893485,35.556902
15561,,-78.893341,35.556931
15562,,-78.892006,35.557221
15563,,-78.891411,35.557228
15564,,-79.174623,35.829912
15565,,-79.175451,35.836866
15566,,-79.173487,35.83445
15567,,-79.177269,35.839064
15568,,-79.179301,35.841132
15569,,-79.179935,35.841674
15570,,-79.182943,35.846239
15571,,-79.179831,35.841589
15572,,-79.184716,35.848741
15573,,-79.174331,35.835515
15574,,-79.353294,36.035961
15575,,-79.356069,36.039023
15576,,-79.165618,35.755292
15577,,-79.150038,35.735931
15578,,-79.148471,35.78527
15579,,-79.149522,35.786918
15580,,-79.150017,35.789274
15581,,-79.150277,35.79109
15582,,-79.146127,35.783027
15583,,-79.150079,35.801249
15584,,-79.057168,35.905827
15585,,-79.057822,35.906981
15586,,-78.959804,35.764185
15587,,-78.957621,35.764245
15588,,-78.941392,35.769388
15589,,-79.021818,35.91073
15590,,-78.995361,35.927898
15591,,-78.99417,35.907609
15592,,-78.992099,35.908485
15593,,-78.992758,35.909608
15594,,-78.990509,35.909169
15595,,-78.95854,35.80718
15596,,-78.950973,35.808848
15597,,-78.944085,35.813706
15598,,-78.943077,35.816909
15599,,-78.927237,35.802027
15600,,-78.930548,35.805358
15601,,-78.926727,35.801502
15602,,-78.906505,35.885988
15603,,-78.907071,35.886906
15604,,-78.907218,35.888219
15605,,-78.908291,35.891769
15606,,-78.910611,35.895342
15607,,-78.910671,35.896102
15608,,-78.910666,35.896475
15609,,-78.907179,35.889555
15610,,-78.910662,35.89769
15611,,-78.910666,35.897447
15612,,-78.910656,35.897891
15613,,-78.910649,35.898508
15614,,-78.910662,35.898907
15615,,-78.911154,35.900067
15616,,-78.911297,35.900449
15617,,-78.91136,35.900762
15618,,-78.911536,35.902649
15619,,-78.91146,35.901971
15620,,-79.081359,35.947258
15621,,-79.044738,35.95234
15622,,-79.044186,35.95239
15623,,-79.043119,35.952488
15624,,-79.042534,35.952545
15625,,-79.036378,35.951545
15626,,-79.035017,35.951673
15627,,-79.019537,35.953748
15628,,-79.012901,35.950794
15629,,-79.011892,35.951135
15630,,-79.010974,35.951041
15631,,-79.010005,35.950781
15632,,-79.009465,35.950755
15633,,-78.995455,35.927191
15634,,-78.997806,35.932288
15635,,-78.99658,35.932276
15636,,-78.996508,35.932278
15637,,-78.99595,35.932237
15638,,-78.903353,35.917157
15639,,-78.908088,35.920832
15640,,-78.907092,35.919935
15641,,-78.904985,35.918825
15642,,-78.909855,35.92491
15643,,-78.909433,35.924101
15644,,-78.909001,35.922094
15645,,-78.909232,35.923124
15646,,-78.880772,35.697725
15647,,-78.886051,35.702655
15648,,-78.886172,35.702809
15649,,-78.869688,35.712894
15650,,-78.865444,35.714876
15651,,-78.861954,35.720748
15652,,-78.858377,35.721741
15653,,-78.856794,35.729899
15654,,-78.85399,35.729027
15655,,-78.835834,35.683675
15656,,-78.838985,35.721602
15657,,-78.831582,35.721456
15658,,-78.823705,35.746967
15659,,-78.819366,35.741471
15660,,-78.817349,35.740982
15661,,-78.815703,35.74036
15662,,-78.8136,35.739491
15663,,-78.809875,35.738806
15664,,-78.807906,35.73932
15665,,-78.809911,35.74031
15666,,-78.805083,35.739576
15667,,-78.800232,35.737515
15668,,-78.800578,35.740733
15669,,-78.803375,35.743281
15670,,-78.803998,35.744372
15671,,-78.803418,35.74643
15672,,-78.802915,35.748101
15673,,-78.800101,35.744753
15674,,-78.802175,35.74846
15675,,-78.801492,35.74945
15676,,-78.801363,35.7498
15677,,-78.799565,35.750933
15678,,-78.798069,35.740143
15679,,-78.798054,35.742013
15680,,-78.791184,35.7406
15681,,-78.792597,35.741466
15682,,-78.787621,35.741924
15683,,-78.794853,35.741939
15684,,-78.79246,35.751657
15685,,-78.788186,35.74442
15686,,-78.787273,35.74525
15687,,-78.78434,35.746549
15688,,-78.783811,35.746941
15689,,-78.796297,35.75153
15690,,-78.794676,35.752335
15691,,-78.788377,35.750641
15692,,-78.79544,35.769472
15693,,-78.786489,35.751128
15694,,-78.899747,35.80551
15695,,-78.885823,35.810143
15696,,-78.880906,35.811453
15697,,-78.877447,35.81318
15698,,-78.87389,35.841171
15699,,-78.870555,35.808107
15700,,-78.869904,35.803104
15701,,-78.871684,35.816606
15702,,-78.870594,35.881574
15703,,-78.840213,35.86583
15704,,-78.847399,35.883913
15705,,-78.790803,35.798001
15706,,-78.789781,35.797789
15707,,-78.788695,35.797485
15708,,-78.787068,35.796801
15709,,-78.78381,35.796126
15710,,-78.785956,35.796789
15711,,-78.78516,35.796872
15712,,-78.824603,35.857483
15713,,-78.823944,35.859127
15714,,-78.762659,35.784579
15715,,-78.736012,35.796417
15716,,-78.73675,35.796794
15717,,-78.903841,35.917669
15718,,-79.110767,35.650706
15719,,-78.84524,35.65124
15720,,-79.176655,35.650103
15721,,-78.85088,35.651241
15722,,-78.834478,35.651182
15723,,-79.186368,35.623484
15724,,-79.181408,35.633796
15725,,-79.189236,35.62173
15726,,-79.113859,35.644197
15727,,-79.106743,35.638596
15728,,-79.105652,35.637195
15729,,-79.088507,35.618769
15730,,-79.089889,35.627839
15731,,-79.093701,35.631144
15732,,-79.086212,35.621785
15733,,-79.09026,35.628448
15734,,-79.077011,35.622996
15735,,-79.079562,35.62202
15736,,-79.078772,35.622473
15737,,-79.08018,35.621666
15738,,-79.061973,35.618329
15739,,-79.043066,35.594706
15740,,-79.048026,35.650135
15741,,-79.069029,35.621915
15742,,-79.048425,35.648881
15743,,-79.025992,35.58424
15744,,-78.998835,35.567823
15745,,-79.021983,35.564826
15746,,-79.029177,35.576223
15747,,-79.029208,35.572966
15748,,-78.997614,35.569665
15749,,-78.984018,35.581903
15750,,-78.997857,35.569266
15751,,-78.996526,35.571424
15752,,-78.981885,35.57619
15753,,-78.983407,35.580271
15754,,-79.002347,35.620138
15755,,-79.001366,35.645043
15756,,-79.003516,35.638316
15757,,-79.004655,35.642447
15758,,-79.027709,35.586994
15759,,-79.035192,35.618171
15760,,-79.029319,35.625674
15761,,-79.031499,35.622767
15762,,-79.025285,35.63103
15763,,-79.003992,35.629832
15764,,-79.010391,35.640189
15765,,-78.948824,35.547698
15766,,-78.930301,35.551502
15767,,-78.935374,35.54551
15768,,-78.926519,35.552687
15769,,-78.932262,35.546638
15770,,-78.908872,35.531347
15771,,-78.915316,35.560292
15772,,-78.914181,35.56127
15773,,-78.918054,35.558985
15774,,-78.917375,35.55932
15775,,-78.919049,35.557769
15776,,-78.907853,35.564327
15777,,-78.912519,35.57389
15778,,-78.913727,35.580626
15779,,-78.917536,35.630108
15780,,-78.917967,35.636375
15781,,-78.838509,35.643062
15782,,-78.894747,35.554898
15783,,-78.894614,35.56242
15784,,-78.894714,35.558783
15785,,-78.894748,35.55669
15786,,-78.894701,35.559547
15787,,-78.894368,35.563814
15788,,-78.891893,35.566676
15789,,-78.887866,35.565474
15790,,-78.872945,35.605814
15791,,-78.893119,35.596209
15792,,-78.881407,35.598556
15793,,-78.883043,35.597217
15794,,-78.879355,35.600075
15795,,-78.881134,35.61283
15796,,-78.870013,35.611474
15797,,-78.866508,35.613593
15798,,-78.867299,35.612988
15799,,-78.86604,35.613967
15800,,-78.86294,35.615523
15801,,-78.857904,35.618117
15802,,-78.872118,35.625027
15803,,-78.869986,35.62623
15804,,-78.865174,35.630183
15805,,-78.862329,35.631002
15806,,-78.854951,35.631804
15807,,-78.852244,35.632097
15808,,-78.852975,35.632002
15809,,-78.844704,35.637966
15810,,-78.842075,35.640358
15811,,-78.84175,35.651096
15812,,-78.839536,35.650216
15813,,-78.833666,35.648594
15814,,-78.83297,35.649756
15815,,-78.832502,35.65125
15816,,-79.175898,35.655981
15817,,-79.167535,35.744969
15818,,-79.166794,35.755265
15819,,-79.165599,35.759557
15820,,-79.167621,35.820827
15821,,-79.178569,35.671232
15822,,-79.168308,35.743018
15823,,-79.168863,35.961118
15824,,-79.165795,35.968114
15825,,-79.161271,35.989684
15826,,-79.171493,36.013661
15827,,-79.173722,36.01923
15828,,-79.163122,36.003694
15829,,-79.169374,36.007831
15830,,-79.170695,35.955759
15831,,-79.181344,35.914065
15832,,-79.335627,35.777123
15833,,-79.299465,35.773702
15834,,-79.317737,35.782711
15835,,-79.298343,35.733544
15836,,-79.208165,35.779824
15837,,-79.320202,35.833428
15838,,-79.286888,35.834231
15839,,-79.246839,35.787581
15840,,-79.209037,35.78205
15841,,-79.37093,35.760239
15842,,-79.368691,35.780828
15843,,-79.359105,35.723283
15844,,-79.370151,35.714026
15845,,-79.397172,35.734273
15846,,-79.397181,35.734063
15847,,-79.378214,35.733157
15848,,-79.374348,35.733179
15849,,-79.365878,35.733027
15850,,-79.378208,35.733364
15851,,-79.383553,35.73342
15852,,-79.374356,35.732967
15853,,-79.335599,35.749429
15854,,-79.327696,35.775935
15855,,-79.334076,35.777054
15856,,-79.358175,35.733457
15857,,-79.35859,35.723793
15858,,-79.340075,35.73846
15859,,-79.339648,35.735934
15860,,-79.33733,35.748159
15861,,-79.344648,35.734227
15862,,-79.344628,35.734027
15863,,-79.331812,35.73419
15864,,-79.331796,35.734003
15865,,-79.338265,35.746179
15866,,-79.333228,35.750111
15867,,-79.325708,35.733882
15868,,-79.323428,35.733837
15869,,-79.30631,35.733697
15870,,-79.306297,35.733498
15871,,-79.325748,35.734073
15872,,-79.315361,35.733871
15873,,-79.315367,35.733676
15874,,-79.36327,35.796856
15875,,-79.362702,35.799563
15876,,-79.365618,35.788381
15877,,-79.35609,35.820658
15878,,-79.331916,35.79308
15879,,-79.317555,35.81574
15880,,-79.316915,35.813537
15881,,-79.360555,35.807478
15882,,-79.359283,35.810258
15883,,-79.338645,35.791011
15884,,-79.354419,35.830433
15885,,-79.352587,35.839678
15886,,-79.329885,35.794199
15887,,-79.318573,35.795398
15888,,-79.328226,35.794397
15889,,-79.326839,35.794346
15890,,-79.30621,35.793135
15891,,-79.313682,35.797598
15892,,-79.313107,35.806459
15893,,-79.313085,35.802084
15894,,-79.31511,35.827902
15895,,-79.327785,35.826181
15896,,-79.321349,35.834664
15897,,-79.325574,35.842969
15898,,-79.227886,35.726417
15899,,-79.234634,35.673161
15900,,-79.233144,35.762301
15901,,-79.187011,35.718127
15902,,-79.281707,35.684119
15903,,-79.277028,35.716199
15904,,-79.279599,35.686413
15905,,-79.273529,35.688832
15906,,-79.273276,35.697483
15907,,-79.275623,35.702418
15908,,-79.277402,35.709978
15909,,-79.234518,35.674941
15910,,-79.239796,35.661015
15911,,-79.23894,35.663478
15912,,-79.236581,35.667349
15913,,-79.239658,35.691631
15914,,-79.266026,35.731565
15915,,-79.266062,35.731789
15916,,-79.283081,35.733046
15917,,-79.296196,35.733503
15918,,-79.296183,35.7333
15919,,-79.283052,35.733231
15920,,-79.276328,35.731411
15921,,-79.287231,35.770073
15922,,-79.293959,35.771098
15923,,-79.287107,35.770072
15924,,-79.24614,35.728788
15925,,-79.246127,35.728989
15926,,-79.23759,35.762384
15927,,-79.241283,35.763042
15928,,-79.236645,35.762203
15929,,-79.242239,35.776113
15930,,-79.220116,35.69158
15931,,-79.217702,35.693448
15932,,-79.232674,35.678053
15933,,-79.231384,35.680283
15934,,-79.215798,35.695299
15935,,-79.204208,35.701872
15936,,-79.222538,35.690354
15937,,-79.212582,35.698291
15938,,-79.210581,35.699268
15939,,-79.208967,35.700032
15940,,-79.176972,35.660991
15941,,-79.179966,35.699572
15942,,-79.185165,35.707112
15943,,-79.192012,35.70764
15944,,-79.188886,35.71031
15945,,-79.197897,35.705765
15946,,-79.195592,35.706844
15947,,-79.187033,35.707655
15948,,-79.178311,35.690355
15949,,-79.179757,35.698341
15950,,-79.179975,35.700597
15951,,-79.178737,35.714728
15952,,-79.177097,35.704741
15953,,-79.178798,35.715327
15954,,-79.179586,35.703803
15955,,-79.17933,35.705233
15956,,-79.180381,35.706197
15957,,-79.178212,35.70811
15958,,-79.178404,35.70712
15959,,-79.178224,35.708327
15960,,-79.179732,35.706125
15961,,-79.178481,35.711108
15962,,-79.178645,35.713668
15963,,-79.17891,35.716721
15964,,-79.178446,35.710695
15965,,-79.178614,35.713188
15966,,-79.215711,35.748257
15967,,-79.212731,35.746322
15968,,-79.209477,35.74421
15969,,-79.223702,35.753452
15970,,-79.20003,35.738502
15971,,-79.215575,35.724684
15972,,-79.229191,35.726601
15973,,-79.204341,35.741573
15974,,-79.218432,35.750026
15975,,-79.225782,35.754904
15976,,-79.232416,35.761
15977,,-79.219095,35.750457
15978,,-79.20205,35.7624
15979,,-79.203012,35.763181
15980,,-79.206839,35.771373
15981,,-79.208204,35.779993
15982,,-79.207641,35.777275
15983,,-79.205961,35.767564
15984,,-79.184895,35.744876
15985,,-79.183819,35.720543
15986,,-79.187687,35.726798
15987,,-79.188017,35.731571
15988,,-79.18849,35.725621
15989,,-79.187289,35.725367
15990,,-79.194601,35.732475
15991,,-79.186969,35.71873
15992,,-79.188925,35.720925
15993,,-79.18517,35.720594
15994,,-79.18697,35.724285
15995,,-79.187436,35.732892
15996,,-79.187885,35.727511
15997,,-79.185388,35.736832
15998,,-79.186875,35.748978
15999,,-79.186827,35.748583
16000,,-79.177086,35.721652
16001,,-79.175535,35.72839
16002,,-79.174985,35.731462
16003,,-79.183306,35.720526
16004,,-79.182216,35.720489
16005,,-79.181067,35.720448
16006,,-79.179143,35.720382
16007,,-79.178165,35.719004
16008,,-79.178708,35.718042
16009,,-79.176923,35.725213
16010,,-79.17684,35.726101
16011,,-79.176585,35.726837
16012,,-79.175183,35.720228
16013,,-79.173289,35.720157
16014,,-79.171435,35.720088
16015,,-79.175116,35.730017
16016,,-79.174243,35.734891
16017,,-79.171695,35.737798
16018,,-79.19874,35.762327
16019,,-79.224892,35.813844
16020,,-79.216434,35.847969
16021,,-79.28396,35.835802
16022,,-79.279377,35.799142
16023,,-79.282753,35.807005
16024,,-79.27966,35.786549
16025,,-79.279508,35.792533
16026,,-79.280777,35.796231
16027,,-79.278114,35.800347
16028,,-79.270755,35.805226
16029,,-79.266323,35.804686
16030,,-79.248961,35.79312
16031,,-79.263958,35.804732
16032,,-79.260147,35.804815
16033,,-79.265573,35.804701
16034,,-79.244909,35.814875
16035,,-79.260401,35.830249
16036,,-79.260071,35.829516
16037,,-79.264701,35.83705
16038,,-79.238937,35.818485
16039,,-79.235482,35.819859
16040,,-79.23445,35.825045
16041,,-79.246583,35.834468
16042,,-79.246333,35.83386
16043,,-79.233105,35.854851
16044,,-79.236917,35.866762
16045,,-79.242549,35.903624
16046,,-79.241994,35.888006
16047,,-79.257001,35.894906
16048,,-79.241747,35.887528
16049,,-79.241869,35.891365
16050,,-79.241522,35.900206
16051,,-79.240919,35.898539
16052,,-79.211692,35.794965
16053,,-79.212755,35.80614
16054,,-79.210681,35.801421
16055,,-79.216115,35.810908
16056,,-79.219631,35.83512
16057,,-79.205925,35.839809
16058,,-79.208762,35.840778
16059,,-79.192474,35.826893
16060,,-79.188298,35.825881
16061,,-79.168107,35.821206
16062,,-79.167491,35.820725
16063,,-79.200535,35.861413
16064,,-79.200963,35.864309
16065,,-79.197976,35.88017
16066,,-79.220177,35.849438
16067,,-79.200859,35.869612
16068,,-79.230718,35.854051
16069,,-79.226915,35.852626
16070,,-79.227069,35.896752
16071,,-79.220713,35.895763
16072,,-79.204844,35.895905
16073,,-79.200607,35.906425
16074,,-79.209921,35.898065
16075,,-79.186493,35.852604
16076,,-79.181546,35.856625
16077,,-79.186347,35.852958
16078,,-79.186617,35.852006
16079,,-79.199203,35.876793
16080,,-79.181708,35.856503
16081,,-79.175988,35.858851
16082,,-79.174328,35.860182
16083,,-79.174588,35.859996
16084,,-79.170633,35.862602
16085,,-79.172433,35.861566
16086,,-79.189877,35.896338
16087,,-79.18669,35.896148
16088,,-79.169205,35.896706
16089,,-79.183931,35.908725
16090,,-79.194783,35.889346
16091,,-79.194074,35.890818
16092,,-79.188618,35.896263
16093,,-79.199595,35.895654
16094,,-79.194433,35.912158
16095,,-79.190502,35.897799
16096,,-79.189132,35.899429
16097,,-79.18985,35.898697
16098,,-79.18465,35.913008
16099,,-79.176843,35.896371
16100,,-79.182942,35.895937
16101,,-79.179091,35.896072
16102,,-79.176131,35.896475
16103,,-79.170389,35.896612
16104,,-79.183336,35.910123
16105,,-79.18255,35.911704
16106,,-79.306961,35.95112
16107,,-79.339821,36.044776
16108,,-79.296202,35.998344
16109,,-79.320521,36.051395
16110,,-79.29781,36.016241
16111,,-79.299447,36.017294
16112,,-79.306255,36.046901
16113,,-79.305702,36.044314
16114,,-79.298904,36.000496
16115,,-79.185335,36.044458
16116,,-79.187222,36.049867
16117,,-79.176443,36.047897
16118,,-79.298107,36.11034
16119,,-79.326517,35.979727
16120,,-79.364225,36.024303
16121,,-79.362704,36.027531
16122,,-79.315182,35.948048
16123,,-79.323345,35.957958
16124,,-79.322763,35.948404
16125,,-79.322732,35.95416
16126,,-79.322212,35.962162
16127,,-79.323756,35.956372
16128,,-79.323248,35.958283
16129,,-79.321708,35.949512
16130,,-79.321628,35.951823
16131,,-79.317554,35.947051
16132,,-79.323129,35.958685
16133,,-79.322612,35.960487
16134,,-79.322361,35.961547
16135,,-79.321898,35.965787
16136,,-79.322996,35.973032
16137,,-79.323756,35.974208
16138,,-79.322354,35.970186
16139,,-79.322516,35.970965
16140,,-79.326073,35.978473
16141,,-79.324141,35.974762
16142,,-79.325319,35.976511
16143,,-79.325619,35.977109
16144,,-79.326205,35.978892
16145,,-79.321916,35.9661
16146,,-79.321881,35.96374
16147,,-79.321856,35.965008
16148,,-79.322244,35.969635
16149,,-79.316242,35.973239
16150,,-79.304232,35.961242
16151,,-79.302316,35.952746
16152,,-79.311141,35.949822
16153,,-79.310932,35.949912
16154,,-79.309092,35.950566
16155,,-79.311663,35.974566
16156,,-79.313357,35.973827
16157,,-79.310538,35.976759
16158,,-79.309955,35.97838
16159,,-79.30197,35.963284
16160,,-79.329705,35.98668
16161,,-79.3306,35.990943
16162,,-79.331003,35.992524
16163,,-79.330829,35.991826
16164,,-79.317799,36.011898
16165,,-79.312842,36.010473
16166,,-79.312514,36.010441
16167,,-79.31026,36.010235
16168,,-79.307635,36.009627
16169,,-79.339776,35.996898
16170,,-79.33317,35.995632
16171,,-79.334698,35.996047
16172,,-79.332534,35.995197
16173,,-79.331964,35.994587
16174,,-79.339589,35.999897
16175,,-79.335628,36.003031
16176,,-79.33362,36.005487
16177,,-79.33326,36.007175
16178,,-79.331735,36.008184
16179,,-79.349715,36.015146
16180,,-79.360637,36.029074
16181,,-79.361162,36.02142
16182,,-79.359557,36.020243
16183,,-79.355654,36.017503
16184,,-79.356276,36.018105
16185,,-79.357105,36.018751
16186,,-79.359157,36.019999
16187,,-79.357769,36.02446
16188,,-79.356505,36.018306
16189,,-79.358843,36.019807
16190,,-79.3585,36.024077
16191,,-79.360303,36.022512
16192,,-79.356203,36.024795
16193,,-79.350551,36.014306
16194,,-79.347997,36.018538
16195,,-79.353826,36.025235
16196,,-79.351893,36.025643
16197,,-79.350098,36.025998
16198,,-79.359048,36.029728
16199,,-79.35703,36.030547
16200,,-79.350136,36.032492
16201,,-79.355631,36.031117
16202,,-79.33301,36.021664
16203,,-79.340556,36.02493
16204,,-79.339296,36.024384
16205,,-79.335062,36.022561
16206,,-79.332232,36.021347
16207,,-79.340472,36.033122
16208,,-79.339756,36.033827
16209,,-79.338112,36.035442
16210,,-79.336775,36.036766
16211,,-79.339308,36.044634
16212,,-79.344167,36.029483
16213,,-79.342799,36.03083
16214,,-79.337748,36.035801
16215,,-79.334024,36.039465
16216,,-79.316177,35.99826
16217,,-79.313261,36.010513
16218,,-79.32998,35.988443
16219,,-79.323158,35.993938
16220,,-79.322832,35.994688
16221,,-79.322899,35.994503
16222,,-79.322646,35.997011
16223,,-79.3227,36.002103
16224,,-79.322684,36.004542
16225,,-79.330684,36.008271
16226,,-79.327783,36.009893
16227,,-79.330506,36.008276
16228,,-79.322877,36.003326
16229,,-79.322706,35.996485
16230,,-79.318805,36.010381
16231,,-79.309455,35.979742
16232,,-79.308913,35.982342
16233,,-79.312735,35.994123
16234,,-79.302908,36.004832
16235,,-79.306791,36.009112
16236,,-79.309062,36.010093
16237,,-79.305308,36.007551
16238,,-79.306628,36.008973
16239,,-79.306277,36.008634
16240,,-79.302448,36.004322
16241,,-79.327551,36.029223
16242,,-79.318149,36.029178
16243,,-79.324319,36.015805
16244,,-79.324721,36.01614
16245,,-79.327438,36.012505
16246,,-79.323468,36.015132
16247,,-79.326187,36.017305
16248,,-79.331016,36.020821
16249,,-79.329743,36.02598
16250,,-79.325653,36.037445
16251,,-79.327163,36.029882
16252,,-79.327379,36.029514
16253,,-79.324671,36.033285
16254,,-79.327634,36.029087
16255,,-79.320297,36.032295
16256,,-79.321231,36.033388
16257,,-79.321379,36.033564
16258,,-79.32115,36.033293
16259,,-79.306248,36.021829
16260,,-79.307359,36.023355
16261,,-79.307608,36.029875
16262,,-79.306386,36.031598
16263,,-79.307296,36.030268
16264,,-79.309006,36.029111
16265,,-79.306159,36.031925
16266,,-79.304795,36.03382
16267,,-79.302838,36.037813
16268,,-79.300449,36.074758
16269,,-79.336711,36.047884
16270,,-79.317688,36.054239
16271,,-79.320168,36.054059
16272,,-79.32198,36.074195
16273,,-79.323085,36.07217
16274,,-79.321627,36.073441
16275,,-79.32236,36.075
16276,,-79.322399,36.075087
16277,,-79.323688,36.071868
16278,,-79.324871,36.071427
16279,,-79.323381,36.077422
16280,,-79.318743,36.071865
16281,,-79.306815,36.052982
16282,,-79.307257,36.056645
16283,,-79.306674,36.050642
16284,,-79.3068,36.052091
16285,,-79.313309,36.054623
16286,,-79.306988,36.055764
16287,,-79.30237,36.058124
16288,,-79.306751,36.057843
16289,,-79.300605,36.058143
16290,,-79.313498,36.069086
16291,,-79.307662,36.062559
16292,,-79.312866,36.068425
16293,,-79.314816,36.069907
16294,,-79.312663,36.075681
16295,,-79.314199,36.076285
16296,,-79.308906,36.074883
16297,,-79.301183,36.064339
16298,,-79.302478,36.061995
16299,,-79.299669,36.066987
16300,,-79.301879,36.074708
16301,,-79.326229,36.095205
16302,,-79.314134,36.081936
16303,,-79.306382,36.096362
16304,,-79.323918,36.083398
16305,,-79.32411,36.079407
16306,,-79.323804,36.078564
16307,,-79.324162,36.080927
16308,,-79.324444,36.085366
16309,,-79.320425,36.082261
16310,,-79.315257,36.080866
16311,,-79.323055,36.085426
16312,,-79.31575,36.079479
16313,,-79.315456,36.080495
16314,,-79.322774,36.095448
16315,,-79.325235,36.09522
16316,,-79.317808,36.096219
16317,,-79.321604,36.095625
16318,,-79.31614,36.0965
16319,,-79.311111,36.083377
16320,,-79.310237,36.084129
16321,,-79.3096,36.08506
16322,,-79.309864,36.084664
16323,,-79.30711,36.09181
16324,,-79.306762,36.093543
16325,,-79.307254,36.107507
16326,,-79.306649,36.094119
16327,,-79.306551,36.09462
16328,,-79.305496,36.104118
16329,,-79.306304,36.105606
16330,,-79.311908,36.09723
16331,,-79.311158,36.097361
16332,,-79.311623,36.09728
16333,,-79.308851,36.097763
16334,,-79.307274,36.107311
16335,,-79.306999,36.108489
16336,,-79.303644,36.100007
16337,,-79.304176,36.100729
16338,,-79.299196,36.098978
16339,,-79.301709,36.09897
16340,,-79.300863,36.098979
16341,,-79.305382,36.103386
16342,,-79.305872,36.112321
16343,,-79.310999,36.120009
16344,,-79.305542,36.113291
16345,,-79.231009,35.924478
16346,,-79.273324,35.974229
16347,,-79.258914,35.952742
16348,,-79.238839,35.939554
16349,,-79.263166,35.958807
16350,,-79.270156,35.964891
16351,,-79.269776,35.96456
16352,,-79.295765,35.954431
16353,,-79.290399,35.955401
16354,,-79.286517,35.956067
16355,,-79.294291,35.975633
16356,,-79.294247,35.975839
16357,,-79.279571,35.961955
16358,,-79.274275,35.974816
16359,,-79.280284,35.964849
16360,,-79.281593,35.966336
16361,,-79.275309,35.975338
16362,,-79.271252,35.972656
16363,,-79.235403,35.937815
16364,,-79.25745,35.953322
16365,,-79.2564,35.956998
16366,,-79.265012,35.969274
16367,,-79.262507,35.96945
16368,,-79.259283,35.964895
16369,,-79.25233,35.970357
16370,,-79.252166,35.970389
16371,,-79.249019,35.97055
16372,,-79.248129,35.970595
16373,,-79.234242,35.977242
16374,,-79.291599,36.014122
16375,,-79.288279,36.014261
16376,,-79.293532,36.014533
16377,,-79.263259,35.991822
16378,,-79.261187,36.012819
16379,,-79.27416,36.023587
16380,,-79.260864,36.040227
16381,,-79.28065,35.994835
16382,,-79.282379,35.981748
16383,,-79.27798,35.996108
16384,,-79.290528,35.987311
16385,,-79.291196,35.991134
16386,,-79.285037,35.983069
16387,,-79.288371,35.991745
16388,,-79.294272,35.995703
16389,,-79.280724,35.994805
16390,,-79.280021,35.995099
16391,,-79.272206,36.009651
16392,,-79.294864,36.014981
16393,,-79.292929,36.014371
16394,,-79.291363,36.014089
16395,,-79.29674,36.01572
16396,,-79.286437,36.014867
16397,,-79.287634,36.044441
16398,,-79.286326,36.040277
16399,,-79.276018,36.025089
16400,,-79.277548,36.026333
16401,,-79.276106,36.02516
16402,,-79.281591,36.034615
16403,,-79.263981,35.985941
16404,,-79.26331,35.99137
16405,,-79.263404,35.990614
16406,,-79.261594,36.011238
16407,,-79.264261,35.997762
16408,,-79.264069,35.999652
16409,,-79.261533,36.00802
16410,,-79.264707,36.005423
16411,,-79.233658,36.008654
16412,,-79.257525,36.025633
16413,,-79.253529,36.02354
16414,,-79.257639,36.027271
16415,,-79.257863,36.021901
16416,,-79.257772,36.029043
16417,,-79.261166,36.04154
16418,,-79.26137,36.042425
16419,,-79.254057,36.032143
16420,,-79.237743,36.023922
16421,,-79.241252,36.017051
16422,,-79.242086,36.022457
16423,,-79.242623,36.022265
16424,,-79.24075,36.016776
16425,,-79.240278,36.023079
16426,,-79.23919,36.023446
16427,,-79.242174,36.038855
16428,,-79.24387,36.03758
16429,,-79.238661,36.040626
16430,,-79.198844,35.93544
16431,,-79.19633,35.945616
16432,,-79.200156,35.934461
16433,,-79.231605,35.924251
16434,,-79.218941,35.928972
16435,,-79.223419,35.927887
16436,,-79.223289,35.933172
16437,,-79.207229,35.931557
16438,,-79.180937,35.922874
16439,,-79.174087,35.929531
16440,,-79.185901,35.922077
16441,,-79.196912,35.925861
16442,,-79.197087,35.925982
16443,,-79.187372,35.920018
16444,,-79.187845,35.922108
16445,,-79.196905,35.93685
16446,,-79.196203,35.946142
16447,,-79.174898,35.924064
16448,,-79.180221,35.916732
16449,,-79.182247,35.922615
16450,,-79.177448,35.923571
16451,,-79.170387,35.924918
16452,,-79.173943,35.929849
16453,,-79.167875,35.925406
16454,,-79.172175,35.93605
16455,,-79.172947,35.932346
16456,,-79.17245,35.934691
16457,,-79.173509,35.93084
16458,,-79.171965,35.937009
16459,,-79.17272,35.933277
16460,,-79.17078,35.942531
16461,,-79.170645,35.94377
16462,,-79.193892,35.96373
16463,,-79.193358,35.952383
16464,,-79.193065,35.955648
16465,,-79.19317,35.958772
16466,,-79.195712,35.947471
16467,,-79.193107,35.954113
16468,,-79.193964,35.964347
16469,,-79.171122,35.947647
16470,,-79.170988,35.94933
16471,,-79.175109,35.971416
16472,,-79.178608,35.973217
16473,,-79.204627,36.025323
16474,,-79.221309,35.98568
16475,,-79.224896,35.995752
16476,,-79.220502,35.986141
16477,,-79.219232,35.987245
16478,,-79.208588,35.994956
16479,,-79.208028,35.995218
16480,,-79.225931,35.983499
16481,,-79.227343,35.982833
16482,,-79.223808,35.997728
16483,,-79.227765,36.003632
16484,,-79.229701,36.005131
16485,,-79.229629,36.005042
16486,,-79.223614,36.00052
16487,,-79.214641,35.990043
16488,,-79.206486,35.991167
16489,,-79.206005,35.992501
16490,,-79.206171,36.004498
16491,,-79.206398,36.010678
16492,,-79.206299,36.005768
16493,,-79.225715,36.044509
16494,,-79.220037,36.036613
16495,,-79.220243,36.036457
16496,,-79.205407,36.026403
16497,,-79.20916,36.031534
16498,,-79.209945,36.040859
16499,,-79.209355,36.031791
16500,,-79.207034,36.041956
16501,,-79.205724,36.042656
16502,,-79.189223,35.99622
16503,,-79.180862,35.995541
16504,,-79.197067,35.98361
16505,,-79.190678,35.984204
16506,,-79.199467,36.008539
16507,,-79.173677,35.994179
16508,,-79.17402,36.005859
16509,,-79.181435,36.000752
16510,,-79.180604,36.00269
16511,,-79.182191,36.026472
16512,,-79.194574,36.012384
16513,,-79.188281,36.020775
16514,,-79.186175,36.025575
16515,,-79.185545,36.026698
16516,,-79.187711,36.037326
16517,,-79.187397,36.035457
16518,,-79.187014,36.034212
16519,,-79.186197,36.031909
16520,,-79.185551,36.029842
16521,,-79.179408,36.025699
16522,,-79.172618,36.017147
16523,,-79.171963,36.015315
16524,,-79.173484,36.018799
16525,,-79.294492,36.109952
16526,,-79.293075,36.109796
16527,,-79.271371,36.108282
16528,,-79.246505,36.109564
16529,,-79.244203,36.109735
16530,,-79.26241,36.050462
16531,,-79.266724,36.058258
16532,,-79.281759,36.07458
16533,,-79.271839,36.077618
16534,,-79.266249,36.089073
16535,,-79.268571,36.08562
16536,,-79.265358,36.089962
16537,,-79.291786,36.058115
16538,,-79.26768,36.060878
16539,,-79.296256,36.058473
16540,,-79.297479,36.058373
16541,,-79.294976,36.058579
16542,,-79.288246,36.049044
16543,,-79.289884,36.057375
16544,,-79.28508,36.057437
16545,,-79.29131,36.076091
16546,,-79.290655,36.072984
16547,,-79.2949,36.071711
16548,,-79.294713,36.074862
16549,,-79.289685,36.073159
16550,,-79.286096,36.073804
16551,,-79.288233,36.073487
16552,,-79.286626,36.073709
16553,,-79.28559,36.0739
16554,,-79.277049,36.059405
16555,,-79.281415,36.059012
16556,,-79.280544,36.059181
16557,,-79.272511,36.059965
16558,,-79.270591,36.06044
16559,,-79.265896,36.056748
16560,,-79.267262,36.059617
16561,,-79.270681,36.069564
16562,,-79.274255,36.075895
16563,,-79.276571,36.076025
16564,,-79.277684,36.075418
16565,,-79.268808,36.066279
16566,,-79.269762,36.073982
16567,,-79.282123,36.108813
16568,,-79.282254,36.083463
16569,,-79.290437,36.077816
16570,,-79.286087,36.081443
16571,,-79.285021,36.082011
16572,,-79.288942,36.079725
16573,,-79.283677,36.082745
16574,,-79.291141,36.098825
16575,,-79.283315,36.098111
16576,,-79.283807,36.101495
16577,,-79.289019,36.098725
16578,,-79.283405,36.096632
16579,,-79.276661,36.085163
16580,,-79.275049,36.08584
16581,,-79.273405,36.088574
16582,,-79.280612,36.084007
16583,,-79.279904,36.084215
16584,,-79.281623,36.0837
16585,,-79.279377,36.084369
16586,,-79.274103,36.087069
16587,,-79.270573,36.080207
16588,,-79.26979,36.082592
16589,,-79.273647,36.0773
16590,,-79.271436,36.078246
16591,,-79.271095,36.079025
16592,,-79.273558,36.080961
16593,,-79.26933,36.089874
16594,,-79.266053,36.089259
16595,,-79.268017,36.092572
16596,,-79.269418,36.100675
16597,,-79.278019,36.096334
16598,,-79.274845,36.097953
16599,,-79.281876,36.096538
16600,,-79.281299,36.096507
16601,,-79.279731,36.096426
16602,,-79.276194,36.096225
16603,,-79.277572,36.109073
16604,,-79.276444,36.108985
16605,,-79.270664,36.097905
16606,,-79.270359,36.098582
16607,,-79.272989,36.096048
16608,,-79.271677,36.095662
16609,,-79.27107,36.100362
16610,,-79.267034,36.094769
16611,,-79.268089,36.095941
16612,,-79.266249,36.096625
16613,,-79.265942,36.097318
16614,,-79.268095,36.100288
16615,,-79.266358,36.099772
16616,,-79.270503,36.108122
16617,,-79.270357,36.102145
16618,,-79.263349,36.061939
16619,,-79.247636,36.05108
16620,,-79.242664,36.076455
16621,,-79.247914,36.067888
16622,,-79.233984,36.058342
16623,,-79.262254,36.049399
16624,,-79.262718,36.052414
16625,,-79.26401,36.062049
16626,,-79.247619,36.05265
16627,,-79.242952,36.069178
16628,,-79.241636,36.069382
16629,,-79.243432,36.077345
16630,,-79.239644,36.073885
16631,,-79.237647,36.073066
16632,,-79.234716,36.072457
16633,,-79.249228,36.092483
16634,,-79.245987,36.091202
16635,,-79.241746,36.089413
16636,,-79.257655,36.087034
16637,,-79.260523,36.077897
16638,,-79.259128,36.089654
16639,,-79.259279,36.093699
16640,,-79.264972,36.090375
16641,,-79.263512,36.092104
16642,,-79.260386,36.091024
16643,,-79.260273,36.093856
16644,,-79.260752,36.093938
16645,,-79.252338,36.092614
16646,,-79.253338,36.092777
16647,,-79.255896,36.096402
16648,,-79.257643,36.107847
16649,,-79.263506,36.099644
16650,,-79.26034,36.095106
16651,,-79.258805,36.098685
16652,,-79.263551,36.09506
16653,,-79.260294,36.097088
16654,,-79.260314,36.096228
16655,,-79.260169,36.102138
16656,,-79.260235,36.100374
16657,,-79.260185,36.101648
16658,,-79.258938,36.107852
16659,,-79.26506,36.107694
16660,,-79.264034,36.107746
16661,,-79.26179,36.107838
16662,,-79.2602,36.103146
16663,,-79.255448,36.095684
16664,,-79.255786,36.100562
16665,,-79.25553,36.103537
16666,,-79.255835,36.104839
16667,,-79.255439,36.103125
16668,,-79.252508,36.108888
16669,,-79.252986,36.108674
16670,,-79.243083,36.089266
16671,,-79.244689,36.090653
16672,,-79.240242,36.08878
16673,,-79.241469,36.110105
16674,,-79.237775,36.109848
16675,,-79.27429,36.123099
16676,,-79.274656,36.126046
16677,,-79.274932,36.127992
16678,,-79.275198,36.129956
16679,,-79.203371,36.076693
16680,,-79.215469,36.078345
16681,,-79.21032,36.077858
16682,,-79.199009,36.076551
16683,,-79.216736,36.070523
16684,,-79.223319,36.057292
16685,,-79.222566,36.060546
16686,,-79.223999,36.0753
16687,,-79.226857,36.064868
16688,,-79.218998,36.070363
16689,,-79.206577,36.058079
16690,,-79.214032,36.070611
16691,,-79.202914,36.070049
16692,,-79.214964,36.070605
16693,,-79.215341,36.089972
16694,,-79.215147,36.096096
16695,,-79.224635,36.086283
16696,,-79.228527,36.08624
16697,,-79.227182,36.086254
16698,,-79.224392,36.084671
16699,,-79.220112,36.087909
16700,,-79.214405,36.091586
16701,,-79.212472,36.08572
16702,,-79.211849,36.085553
16703,,-79.213689,36.086044
16704,,-79.202249,36.083063
16705,,-79.199685,36.061954
16706,,-79.173299,36.058729
16707,,-79.194749,36.047502
16708,,-79.193055,36.048196
16709,,-79.187579,36.049745
16710,,-79.189234,36.049535
16711,,-79.174842,36.053519
16712,,-79.180836,36.053489
16713,,-79.182883,36.072096
16714,,-79.172676,36.072575
16715,,-79.180198,36.072414
16716,,-79.197886,36.08249
16717,,-79.188586,36.081292
16718,,-79.184575,36.081207
16719,,-79.183683,36.081203
16720,,-78.906024,35.702952
16721,,-78.905445,35.714944
16722,,-78.905386,35.716181
16723,,-78.903682,35.78388
16724,,-78.903662,35.785091
16725,,-78.90608,35.814414
16726,,-78.905559,35.815156
16727,,-78.905737,35.712032
16728,,-78.902654,35.753247
16729,,-78.902025,35.770007
16730,,-78.900782,35.793747
16731,,-78.900493,35.794851
16732,,-78.905054,35.902691
16733,,-79.116996,35.916528
16734,,-79.082356,35.914633
16735,,-79.065274,35.911054
16736,,-79.024654,35.915153
16737,,-79.021295,35.920532
16738,,-78.949903,35.914756
16739,,-79.046584,35.913567
16740,,-79.023599,35.913846
16741,,-78.933051,35.913838
16742,,-79.026121,35.915198
16743,,-79.14375,35.777483
16744,,-79.128014,35.783348
16745,,-79.092484,35.78448
16746,,-79.040937,35.737864
16747,,-79.128663,35.783099
16748,,-79.041823,35.779857
16749,,-79.040391,35.781062
16750,,-79.04054,35.66903
16751,,-79.041366,35.670986
16752,,-78.977634,35.780356
16753,,-78.976527,35.781464
16754,,-79.02931,35.803471
16755,,-78.974609,35.783116
16756,,-79.036203,35.910525
16757,,-79.154322,35.719307
16758,,-79.14861,35.71846
16759,,-79.145098,35.717871
16760,,-79.138067,35.717489
16761,,-79.105002,35.65503
16762,,-79.135098,35.717786
16763,,-79.101854,35.685326
16764,,-79.161838,35.719737
16765,,-79.101301,35.693433
16766,,-79.093181,35.769937
16767,,-79.094173,35.774498
16768,,-79.13976,35.669906
16769,,-79.137852,35.665045
16770,,-79.144577,35.678914
16771,,-79.165567,35.698605
16772,,-79.157978,35.695512
16773,,-79.153415,35.688648
16774,,-79.152629,35.686721
16775,,-79.123354,35.653715
16776,,-79.127131,35.655192
16777,,-79.129951,35.656689
16778,,-79.102327,35.660849
16779,,-79.117448,35.711818
16780,,-79.122573,35.715403
16781,,-79.16529,35.719869
16782,,-79.164493,35.719842
16783,,-79.161056,35.719704
16784,,-79.157489,35.719572
16785,,-79.1589,35.719621
16786,,-79.151722,35.718937
16787,,-79.152303,35.770597
16788,,-79.166717,35.756929
16789,,-79.159703,35.765277
16790,,-79.15439,35.767874
16791,,-79.153358,35.769032
16792,,-79.15516,35.767285
16793,,-79.138694,35.778997
16794,,-79.142011,35.778169
16795,,-79.140102,35.778663
16796,,-79.136859,35.779466
16797,,-79.116882,35.723286
16798,,-79.119023,35.718154
16799,,-79.112049,35.728454
16800,,-79.113129,35.726632
16801,,-79.130444,35.782341
16802,,-79.091065,35.668923
16803,,-79.096593,35.665834
16804,,-79.092912,35.667744
16805,,-79.091188,35.674423
16806,,-79.101576,35.694252
16807,,-79.047443,35.651969
16808,,-79.044415,35.66023
16809,,-79.040751,35.665434
16810,,-79.041444,35.663341
16811,,-79.042763,35.673926
16812,,-79.087061,35.749537
16813,,-79.086883,35.746372
16814,,-79.09828,35.734634
16815,,-79.098374,35.734836
16816,,-79.091335,35.736035
16817,,-79.091373,35.736203
16818,,-79.084388,35.74059
16819,,-79.084699,35.74131
16820,,-79.076026,35.737473
16821,,-79.075416,35.737602
16822,,-79.086247,35.75269
16823,,-79.087988,35.756889
16824,,-79.090887,35.764032
16825,,-79.093162,35.769851
16826,,-79.089844,35.759657
16827,,-79.086496,35.755675
16828,,-79.086128,35.753666
16829,,-79.089818,35.759798
16830,,-79.093816,35.772854
16831,,-79.092856,35.768444
16832,,-79.092828,35.782015
16833,,-79.093938,35.773415
16834,,-79.094351,35.775337
16835,,-79.094507,35.776445
16836,,-79.092364,35.766697
16837,,-79.068549,35.739128
16838,,-79.055924,35.742916
16839,,-79.040928,35.738089
16840,,-79.050665,35.738496
16841,,-79.050666,35.738269
16842,,-79.052398,35.757447
16843,,-79.050524,35.766828
16844,,-79.100894,35.793103
16845,,-79.104166,35.846182
16846,,-79.093766,35.846328
16847,,-79.092124,35.846381
16848,,-79.100612,35.846086
16849,,-79.078609,35.848952
16850,,-79.122068,35.815788
16851,,-79.118523,35.815842
16852,,-79.151803,35.803578
16853,,-79.135449,35.796411
16854,,-79.161777,35.813867
16855,,-79.161624,35.813749
16856,,-79.152952,35.803671
16857,,-79.155949,35.810894
16858,,-79.15427,35.81388
16859,,-79.153647,35.814988
16860,,-79.154727,35.813067
16861,,-79.140072,35.797744
16862,,-79.142171,35.798312
16863,,-79.141127,35.798024
16864,,-79.14043,35.797838
16865,,-79.149432,35.802054
16866,,-79.152192,35.818105
16867,,-79.165033,35.818809
16868,,-79.143287,35.818274
16869,,-79.145395,35.822568
16870,,-79.145068,35.8189
16871,,-79.139855,35.832899
16872,,-79.136608,35.836306
16873,,-79.140113,35.832693
16874,,-79.137187,35.835429
16875,,-79.137573,35.834881
16876,,-79.136289,35.836789
16877,,-79.12426,35.794393
16878,,-79.120736,35.798481
16879,,-79.120494,35.800006
16880,,-79.133957,35.795776
16881,,-79.126415,35.793124
16882,,-79.120442,35.800431
16883,,-79.112158,35.789005
16884,,-79.111513,35.789181
16885,,-79.104534,35.790986
16886,,-79.10537,35.790667
16887,,-79.117983,35.787161
16888,,-79.116639,35.809125
16889,,-79.132564,35.840887
16890,,-79.1256,35.816878
16891,,-79.122569,35.815916
16892,,-79.126392,35.84637
16893,,-79.134048,35.840003
16894,,-79.119197,35.845679
16895,,-79.104355,35.823282
16896,,-79.104269,35.824161
16897,,-79.104353,35.823298
16898,,-79.116863,35.816026
16899,,-79.116047,35.815976
16900,,-79.105585,35.826341
16901,,-79.105918,35.827209
16902,,-79.106266,35.826957
16903,,-79.105935,35.826666
16904,,-79.105806,35.828832
16905,,-79.105884,35.829066
16906,,-79.106904,35.827573
16907,,-79.107779,35.828461
16908,,-79.108012,35.830432
16909,,-79.107586,35.831758
16910,,-79.107721,35.829616
16911,,-79.107624,35.831544
16912,,-79.106686,35.828744
16913,,-79.107573,35.829073
16914,,-79.10709,35.827802
16915,,-79.107686,35.829418
16916,,-79.106948,35.827894
16917,,-79.106597,35.828569
16918,,-79.107808,35.830442
16919,,-79.104393,35.825836
16920,,-79.1043,35.825506
16921,,-79.10447,35.823785
16922,,-79.104901,35.82547
16923,,-79.105283,35.826794
16924,,-79.104946,35.826524
16925,,-79.103643,35.829429
16926,,-79.103976,35.846161
16927,,-79.116761,35.846131
16928,,-79.140125,35.879222
16929,,-79.131977,35.889517
16930,,-79.133333,35.88999
16931,,-79.132079,35.88238
16932,,-79.134137,35.911328
16933,,-79.161568,35.86675
16934,,-79.161215,35.866983
16935,,-79.163026,35.865472
16936,,-79.144826,35.877043
16937,,-79.14538,35.876792
16938,,-79.144535,35.87716
16939,,-79.14754,35.875797
16940,,-79.14389,35.877444
16941,,-79.138887,35.879798
16942,,-79.163673,35.897155
16943,,-79.155353,35.899567
16944,,-79.165328,35.896961
16945,,-79.13876,35.895609
16946,,-79.150163,35.900632
16947,,-79.152135,35.899871
16948,,-79.153987,35.899583
16949,,-79.138669,35.893159
16950,,-79.137141,35.89147
16951,,-79.144814,35.902355
16952,,-79.143627,35.902267
16953,,-79.14725,35.902079
16954,,-79.148118,35.90164
16955,,-79.138737,35.900291
16956,,-79.123182,35.857568
16957,,-79.121721,35.86387
16958,,-79.124595,35.878618
16959,,-79.125069,35.849902
16960,,-79.124542,35.852863
16961,,-79.119124,35.865574
16962,,-79.124097,35.877333
16963,,-79.120204,35.874483
16964,,-79.117093,35.871623
16965,,-79.10668,35.870242
16966,,-79.104819,35.871936
16967,,-79.102645,35.873977
16968,,-79.129744,35.90241
16969,,-79.117159,35.905513
16970,,-79.127955,35.887143
16971,,-79.123033,35.887922
16972,,-79.130556,35.883479
16973,,-79.1214,35.888819
16974,,-79.119321,35.905237
16975,,-79.122135,35.904665
16976,,-79.134024,35.902002
16977,,-79.13376,35.913665
16978,,-79.123288,35.904365
16979,,-79.11922,35.905249
16980,,-79.114343,35.89195
16981,,-79.11366,35.892386
16982,,-79.111851,35.893685
16983,,-79.109493,35.905688
16984,,-79.114717,35.91342
16985,,-79.107918,35.898092
16986,,-79.102801,35.901306
16987,,-79.093486,35.816697
16988,,-79.08346,35.815981
16989,,-79.072063,35.815065
16990,,-79.069277,35.833804
16991,,-79.089666,35.813027
16992,,-79.095554,35.797022
16993,,-79.093746,35.806472
16994,,-79.09418,35.799718
16995,,-79.092547,35.8096
16996,,-79.093988,35.805032
16997,,-79.094064,35.803327
16998,,-79.095793,35.810063
16999,,-79.097278,35.810401
17000,,-79.073916,35.815111
17001,,-79.087925,35.829727
17002,,-79.088359,35.830669
17003,,-79.086252,35.833166
17004,,-79.085393,35.819779
17005,,-79.087482,35.827939
17006,,-79.077489,35.834052
17007,,-79.08382,35.833412
17008,,-79.075316,35.833984
17009,,-79.097121,35.821007
17010,,-79.093749,35.816993
17011,,-79.101354,35.828312
17012,,-79.101206,35.828476
17013,,-79.087214,35.824462
17014,,-79.090205,35.841039
17015,,-79.099279,35.846144
17016,,-79.096204,35.846247
17017,,-79.095444,35.846272
17018,,-79.089972,35.839154
17019,,-79.090257,35.841454
17020,,-79.090639,35.844375
17021,,-79.090505,35.843367
17022,,-79.093061,35.846352
17023,,-79.09317,35.846348
17024,,-79.084826,35.818474
17025,,-79.070418,35.815569
17026,,-79.083605,35.833434
17027,,-79.080735,35.833724
17028,,-79.081533,35.833644
17029,,-79.072566,35.833617
17030,,-79.070378,35.833502
17031,,-79.042275,35.809876
17032,,-79.04078,35.809051
17033,,-79.03896,35.80886
17034,,-79.062758,35.834798
17035,,-79.065796,35.817025
17036,,-79.06237,35.834673
17037,,-79.066175,35.834744
17038,,-79.058725,35.83342
17039,,-79.041778,35.826502
17040,,-79.043745,35.829141
17041,,-79.065049,35.860848
17042,,-79.069497,35.870247
17043,,-79.082987,35.880938
17044,,-79.078251,35.880751
17045,,-79.047453,35.878672
17046,,-79.084969,35.851736
17047,,-79.087135,35.850537
17048,,-79.084695,35.856281
17049,,-79.084182,35.857014
17050,,-79.080604,35.871043
17051,,-79.100866,35.875343
17052,,-79.074755,35.85172
17053,,-79.073902,35.85213
17054,,-79.080992,35.863906
17055,,-79.080338,35.862087
17056,,-79.07278,35.852658
17057,,-79.081037,35.875806
17058,,-79.070661,35.86941
17059,,-79.07044,35.874823
17060,,-79.080633,35.869491
17061,,-79.080677,35.866444
17062,,-79.08053,35.873854
17063,,-79.080644,35.874944
17064,,-79.074172,35.867232
17065,,-79.071339,35.876226
17066,,-79.074275,35.880431
17067,,-79.076136,35.880714
17068,,-79.085823,35.893746
17069,,-79.083992,35.909459
17070,,-79.084211,35.910594
17071,,-79.08499,35.900694
17072,,-79.090639,35.902493
17073,,-79.088024,35.900183
17074,,-79.087389,35.900155
17075,,-79.087291,35.912726
17076,,-79.086029,35.912759
17077,,-79.075995,35.893683
17078,,-79.082875,35.886315
17079,,-79.080688,35.891849
17080,,-79.084104,35.892435
17081,,-79.084092,35.892325
17082,,-79.08266,35.89187
17083,,-79.082541,35.895944
17084,,-79.081099,35.891855
17085,,-79.08023,35.895514
17086,,-79.077931,35.895474
17087,,-79.071908,35.892868
17088,,-79.07054,35.892604
17089,,-79.077425,35.902774
17090,,-79.085248,35.900084
17091,,-79.084434,35.901731
17092,,-79.084145,35.902811
17093,,-79.077451,35.902648
17094,,-79.083955,35.909288
17095,,-79.084393,35.91157
17096,,-79.077832,35.909136
17097,,-79.084524,35.906386
17098,,-79.083726,35.908234
17099,,-79.078851,35.913147
17100,,-79.077829,35.912326
17101,,-79.078122,35.912574
17102,,-79.072058,35.901243
17103,,-79.07393,35.90027
17104,,-79.072475,35.903163
17105,,-79.072418,35.903447
17106,,-79.076783,35.909505
17107,,-79.072323,35.909076
17108,,-79.072247,35.912951
17109,,-79.076321,35.911216
17110,,-79.07517,35.911187
17111,,-79.073999,35.911158
17112,,-79.073316,35.911143
17113,,-79.072302,35.909635
17114,,-79.056867,35.868316
17115,,-79.053388,35.870188
17116,,-79.052319,35.87399
17117,,-79.052513,35.872618
17118,,-79.066193,35.858043
17119,,-79.068542,35.871139
17120,,-79.062007,35.866413
17121,,-79.065167,35.876697
17122,,-79.064381,35.878386
17123,,-79.057547,35.868072
17124,,-79.05504,35.868946
17125,,-79.053413,35.879962
17126,,-79.037253,35.870574
17127,,-79.038938,35.871935
17128,,-79.048931,35.898507
17129,,-79.045843,35.896001
17130,,-79.044048,35.89765
17131,,-79.061337,35.885642
17132,,-79.056922,35.888507
17133,,-79.068164,35.892162
17134,,-79.066316,35.891837
17135,,-79.062155,35.892474
17136,,-79.060648,35.883611
17137,,-79.057641,35.89565
17138,,-79.055003,35.905533
17139,,-79.060814,35.908243
17140,,-79.061479,35.912085
17141,,-79.067588,35.902304
17142,,-79.064572,35.90458
17143,,-79.064429,35.904901
17144,,-79.065252,35.909703
17145,,-79.061823,35.907857
17146,,-79.066087,35.910982
17147,,-79.066693,35.910586
17148,,-79.063918,35.90647
17149,,-79.063764,35.911207
17150,,-79.057014,35.90201
17151,,-79.055017,35.905241
17152,,-79.059343,35.908803
17153,,-79.058081,35.909273
17154,,-79.057083,35.909642
17155,,-79.060652,35.908306
17156,,-79.059501,35.91172
17157,,-79.060562,35.912447
17158,,-79.05373,35.908514
17159,,-79.056001,35.910054
17160,,-79.054528,35.913632
17161,,-79.05237,35.894446
17162,,-79.050434,35.894857
17163,,-79.050462,35.89501
17164,,-79.045775,35.895882
17165,,-79.044149,35.902127
17166,,-79.049911,35.900744
17167,,-79.0509,35.901712
17168,,-79.048735,35.901671
17169,,-79.046363,35.903656
17170,,-79.048962,35.912771
17171,,-79.050418,35.912202
17172,,-79.047097,35.911797
17173,,-79.042512,35.900282
17174,,-79.04264,35.897717
17175,,-79.043322,35.903242
17176,,-79.041956,35.902427
17177,,-79.036935,35.899124
17178,,-79.0412,35.910485
17179,,-78.968514,35.723245
17180,,-79.031557,35.687295
17181,,-78.989017,35.651911
17182,,-79.0155,35.708661
17183,,-79.009428,35.714263
17184,,-78.979663,35.664185
17185,,-78.984657,35.67087
17186,,-78.992579,35.678944
17187,,-78.973105,35.660623
17188,,-78.977828,35.658144
17189,,-78.973995,35.660472
17190,,-78.977104,35.661114
17191,,-78.972184,35.661075
17192,,-79.003987,35.729084
17193,,-79.005985,35.766734
17194,,-79.016986,35.737192
17195,,-79.012363,35.737527
17196,,-79.016978,35.736965
17197,,-79.012339,35.737296
17198,,-79.006292,35.76626
17199,,-79.009513,35.75553
17200,,-79.006243,35.776561
17201,,-78.989118,35.735276
17202,,-78.985698,35.735831
17203,,-79.00213,35.741998
17204,,-78.97409,35.737483
17205,,-78.978885,35.736571
17206,,-78.974039,35.737288
17207,,-78.989926,35.763848
17208,,-78.972283,35.762841
17209,,-78.996749,35.764347
17210,,-79.002886,35.764303
17211,,-78.995404,35.771605
17212,,-78.993862,35.772138
17213,,-78.980649,35.778214
17214,,-78.937401,35.679753
17215,,-78.927679,35.684611
17216,,-78.96345,35.665448
17217,,-78.950283,35.673945
17218,,-78.951076,35.673181
17219,,-78.961508,35.66641
17220,,-78.941209,35.703853
17221,,-78.93921,35.68927
17222,,-78.939874,35.697757
17223,,-78.939707,35.698318
17224,,-78.945027,35.708358
17225,,-78.943254,35.707065
17226,,-78.947245,35.710218
17227,,-78.917481,35.66763
17228,,-78.928762,35.664113
17229,,-78.927774,35.660214
17230,,-78.93169,35.672572
17231,,-78.934703,35.679587
17232,,-78.934562,35.678981
17233,,-78.922132,35.687656
17234,,-78.928607,35.701254
17235,,-78.91837,35.689733
17236,,-78.913841,35.704355
17237,,-78.919337,35.70436
17238,,-78.916802,35.706649
17239,,-78.911118,35.703674
17240,,-78.906043,35.70798
17241,,-78.938414,35.73064
17242,,-78.933603,35.742723
17243,,-78.930744,35.743205
17244,,-78.964208,35.722772
17245,,-78.961662,35.739282
17246,,-78.966946,35.738641
17247,,-78.947387,35.731693
17248,,-78.946989,35.741375
17249,,-78.943164,35.741949
17250,,-78.964701,35.761874
17251,,-78.961154,35.772262
17252,,-78.961131,35.772352
17253,,-78.952021,35.780986
17254,,-78.939264,35.772525
17255,,-78.945072,35.775046
17256,,-78.935087,35.730056
17257,,-78.911839,35.728503
17258,,-78.923028,35.743793
17259,,-78.935663,35.74251
17260,,-78.93567,35.742715
17261,,-78.930729,35.743014
17262,,-78.923559,35.743922
17263,,-78.92353,35.743744
17264,,-78.905535,35.725465
17265,,-78.913623,35.744734
17266,,-78.926722,35.76745
17267,,-78.9193,35.777086
17268,,-78.921944,35.761584
17269,,-78.927074,35.769369
17270,,-78.912588,35.752654
17271,,-78.921577,35.78242
17272,,-78.963743,35.806245
17273,,-78.958323,35.846344
17274,,-78.930923,35.847561
17275,,-79.02775,35.792437
17276,,-79.029064,35.802055
17277,,-79.029658,35.804471
17278,,-79.031165,35.807394
17279,,-79.029974,35.805084
17280,,-79.028818,35.800971
17281,,-79.016409,35.811777
17282,,-79.016148,35.809913
17283,,-79.030294,35.819808
17284,,-79.027242,35.836872
17285,,-79.026191,35.848035
17286,,-79.018044,35.823487
17287,,-79.018103,35.823902
17288,,-78.996042,35.789383
17289,,-78.985648,35.793667
17290,,-78.97881,35.795501
17291,,-78.977568,35.795447
17292,,-79.006973,35.897077
17293,,-79.004553,35.894429
17294,,-79.007514,35.901268
17295,,-78.992718,35.883121
17296,,-79.026316,35.854992
17297,,-79.026456,35.858002
17298,,-79.026342,35.851532
17299,,-79.026296,35.854246
17300,,-79.022396,35.848611
17301,,-79.026522,35.859847
17302,,-79.026986,35.86429
17303,,-79.015631,35.856228
17304,,-79.021944,35.897496
17305,,-79.033562,35.900468
17306,,-79.01866,35.904588
17307,,-79.035075,35.910246
17308,,-79.023725,35.909296
17309,,-79.021956,35.907675
17310,,-79.023568,35.913207
17311,,-79.026109,35.908603
17312,,-79.023077,35.907946
17313,,-79.023779,35.908933
17314,,-79.023357,35.910773
17315,,-79.004144,35.894029
17316,,-79.005198,35.895144
17317,,-79.01189,35.905939
17318,,-79.007283,35.905364
17319,,-79.01105,35.905928
17320,,-79.010516,35.905916
17321,,-79.009954,35.905916
17322,,-79.018225,35.907482
17323,,-79.018328,35.908565
17324,,-79.014023,35.906902
17325,,-79.01465,35.907033
17326,,-79.012971,35.905989
17327,,-79.00802,35.899412
17328,,-79.007849,35.900447
17329,,-79.009515,35.90441
17330,,-79.006638,35.903766
17331,,-79.008056,35.908957
17332,,-79.008029,35.909977
17333,,-79.008041,35.911708
17334,,-79.000104,35.873114
17335,,-79.000928,35.868054
17336,,-78.991297,35.883851
17337,,-79.000783,35.893736
17338,,-78.998839,35.895353
17339,,-79.001912,35.892768
17340,,-79.003186,35.893458
17341,,-78.999687,35.89424
17342,,-78.996289,35.88991
17343,,-78.999033,35.896404
17344,,-78.999344,35.899481
17345,,-78.999695,35.902864
17346,,-78.999533,35.900449
17347,,-78.999858,35.903354
17348,,-79.001901,35.902939
17349,,-78.999195,35.897836
17350,,-78.999036,35.898823
17351,,-78.99946,35.901941
17352,,-78.990339,35.908896
17353,,-78.980303,35.895073
17354,,-78.980951,35.892301
17355,,-78.981474,35.901906
17356,,-78.983811,35.907321
17357,,-78.983783,35.908388
17358,,-78.906956,35.813987
17359,,-78.953313,35.786101
17360,,-78.944464,35.793601
17361,,-78.940129,35.794312
17362,,-78.965962,35.790393
17363,,-78.956844,35.785052
17364,,-78.963842,35.806875
17365,,-78.964167,35.807782
17366,,-78.963594,35.804674
17367,,-78.947315,35.791277
17368,,-78.942446,35.825239
17369,,-78.960154,35.818489
17370,,-78.958844,35.818322
17371,,-78.942334,35.825226
17372,,-78.94851,35.822062
17373,,-78.938654,35.823681
17374,,-78.92282,35.794105
17375,,-78.91096,35.802124
17376,,-78.922529,35.784601
17377,,-78.914551,35.810366
17378,,-78.913572,35.802355
17379,,-78.915788,35.808665
17380,,-78.914664,35.801033
17381,,-78.917982,35.809637
17382,,-78.91891,35.810006
17383,,-78.919604,35.811762
17384,,-78.915365,35.807544
17385,,-78.914708,35.811193
17386,,-78.914638,35.811752
17387,,-78.911313,35.802019
17388,,-78.909537,35.802627
17389,,-78.911504,35.812989
17390,,-78.908558,35.81342
17391,,-78.934568,35.82098
17392,,-78.931781,35.818927
17393,,-78.93021,35.818067
17394,,-78.922743,35.845979
17395,,-78.92429,35.846729
17396,,-78.920031,35.815959
17397,,-78.919248,35.818515
17398,,-78.91813,35.820176
17399,,-78.914749,35.820775
17400,,-78.912963,35.822579
17401,,-78.905534,35.815708
17402,,-78.910992,35.830818
17403,,-78.90807,35.830038
17404,,-78.910565,35.839748
17405,,-78.916484,35.845362
17406,,-78.921613,35.845671
17407,,-78.918197,35.845728
17408,,-78.91266,35.832089
17409,,-78.912009,35.83596
17410,,-78.912854,35.84419
17411,,-78.910163,35.841388
17412,,-78.905897,35.842648
17413,,-78.94322,35.890797
17414,,-78.940995,35.897888
17415,,-78.938108,35.897653
17416,,-78.955069,35.851545
17417,,-78.941378,35.861208
17418,,-78.950602,35.876089
17419,,-78.95307,35.879221
17420,,-78.953679,35.879967
17421,,-78.955885,35.882892
17422,,-78.958455,35.894728
17423,,-78.958666,35.895846
17424,,-78.95637,35.893616
17425,,-78.954737,35.893989
17426,,-78.959253,35.89896
17427,,-78.958436,35.900985
17428,,-78.956781,35.901351
17429,,-78.961013,35.913508
17430,,-78.944625,35.886135
17431,,-78.943282,35.890328
17432,,-78.94297,35.892852
17433,,-78.945522,35.895425
17434,,-78.939418,35.896973
17435,,-78.94911,35.903576
17436,,-78.95321,35.902871
17437,,-78.951215,35.903174
17438,,-78.948904,35.91333
17439,,-78.940469,35.89912
17440,,-78.942538,35.90109
17441,,-78.939147,35.911048
17442,,-78.940656,35.911155
17443,,-78.915465,35.864717
17444,,-78.911247,35.863872
17445,,-78.931342,35.878117
17446,,-78.928322,35.875599
17447,,-78.923666,35.875409
17448,,-78.910832,35.863799
17449,,-78.906993,35.86294
17450,,-78.908423,35.863366
17451,,-78.914907,35.87739
17452,,-78.920777,35.875469
17453,,-78.915142,35.879616
17454,,-78.915217,35.880425
17455,,-78.923813,35.897446
17456,,-78.923784,35.899616
17457,,-78.937814,35.897931
17458,,-78.930067,35.894489
17459,,-78.931127,35.881622
17460,,-78.930777,35.890496
17461,,-78.931571,35.886052
17462,,-78.92835,35.896155
17463,,-78.932702,35.905555
17464,,-78.929763,35.903372
17465,,-78.92282,35.90327
17466,,-78.931506,35.90441
17467,,-78.933862,35.912254
17468,,-78.933915,35.91215
17469,,-78.923762,35.900714
17470,,-78.9289,35.902979
17471,,-78.927558,35.90865
17472,,-78.91609,35.885567
17473,,-78.916268,35.888228
17474,,-78.914587,35.882417
17475,,-78.92057,35.894063
17476,,-78.917757,35.891505
17477,,-78.919042,35.892309
17478,,-78.91861,35.891977
17479,,-78.918381,35.891828
17480,,-78.916368,35.889685
17481,,-78.911661,35.882402
17482,,-78.909594,35.882965
17483,,-78.909117,35.883202
17484,,-78.907418,35.884054
17485,,-78.908353,35.883585
17486,,-78.920937,35.903731
17487,,-78.917217,35.913078
17488,,-78.920983,35.906671
17489,,-78.916824,35.910751
17490,,-78.910766,35.903572
17491,,-78.91203,35.903959
17492,,-78.909058,35.903059
17493,,-78.907906,35.902783
17494,,-79.138286,36.044652
17495,,-79.129482,36.041716
17496,,-79.036359,35.959758
17497,,-79.037877,35.957483
17498,,-79.034893,35.928017
17499,,-79.036848,35.930131
17500,,-79.035995,35.946387
17501,,-79.143508,35.977931
17502,,-79.137275,35.979434
17503,,-79.104309,36.01736
17504,,-79.102572,36.001523
17505,,-79.101145,35.931547
17506,,-79.100634,35.933167
17507,,-79.10215,35.934241
17508,,-79.134141,35.959244
17509,,-79.13465,35.962179
17510,,-79.13596,35.970012
17511,,-79.131582,35.947038
17512,,-79.133264,35.91654
17513,,-79.134629,35.918856
17514,,-79.134704,35.943398
17515,,-79.131896,35.94705
17516,,-79.114593,35.944859
17517,,-79.134001,35.949116
17518,,-79.133963,35.952138
17519,,-79.161881,35.92675
17520,,-79.15103,35.926955
17521,,-79.157937,35.927342
17522,,-79.157254,35.92738
17523,,-79.155048,35.927362
17524,,-79.153032,35.927188
17525,,-79.140638,35.935954
17526,,-79.164798,35.926078
17527,,-79.158213,35.927322
17528,,-79.166862,35.925613
17529,,-79.137607,35.923394
17530,,-79.136151,35.920231
17531,,-79.139969,35.936474
17532,,-79.138424,35.939037
17533,,-79.136325,35.942186
17534,,-79.158752,35.971998
17535,,-79.160615,35.975962
17536,,-79.166233,35.96719
17537,,-79.164604,35.969566
17538,,-79.166535,35.972414
17539,,-79.16578,35.972405
17540,,-79.161125,35.971876
17541,,-79.13746,35.971818
17542,,-79.137935,35.972942
17543,,-79.134907,35.967366
17544,,-79.138123,35.973733
17545,,-79.117651,35.924463
17546,,-79.132034,35.924636
17547,,-79.133496,35.91519
17548,,-79.127681,35.924757
17549,,-79.123539,35.920797
17550,,-79.121067,35.918054
17551,,-79.123341,35.921308
17552,,-79.125898,35.924806
17553,,-79.122485,35.923144
17554,,-79.119277,35.92474
17555,,-79.131024,35.946434
17556,,-79.115546,35.914839
17557,,-79.115622,35.914973
17558,,-79.110221,35.942983
17559,,-79.109634,35.945454
17560,,-79.104462,35.937854
17561,,-79.107157,35.940589
17562,,-79.105586,35.942534
17563,,-79.126284,35.961593
17564,,-79.126368,35.963052
17565,,-79.121778,35.953535
17566,,-79.128287,35.947241
17567,,-79.121975,35.95424
17568,,-79.12546,35.946973
17569,,-79.124334,35.95861
17570,,-79.126691,35.965753
17571,,-79.132351,35.967341
17572,,-79.107418,35.960128
17573,,-79.107913,35.95585
17574,,-79.108185,35.954153
17575,,-79.105942,35.954625
17576,,-79.106269,35.967868
17577,,-79.105554,35.970966
17578,,-79.107065,35.96556
17579,,-79.104183,35.967427
17580,,-79.105172,35.972886
17581,,-79.152384,36.016557
17582,,-79.137155,36.031819
17583,,-79.133791,36.03828
17584,,-79.13636,35.981899
17585,,-79.136109,35.984035
17586,,-79.135926,35.987453
17587,,-79.138713,35.991536
17588,,-79.159371,35.984772
17589,,-79.158259,35.981364
17590,,-79.162542,35.999638
17591,,-79.16213,35.996679
17592,,-79.144219,36.02456
17593,,-79.156077,36.015369
17594,,-79.158164,36.014287
17595,,-79.157463,36.014785
17596,,-79.151685,36.017164
17597,,-79.147771,36.020583
17598,,-79.14209,36.024616
17599,,-79.145784,36.022536
17600,,-79.134968,36.021466
17601,,-79.138339,36.04151
17602,,-79.13844,36.037714
17603,,-79.134795,36.037225
17604,,-79.107882,36.008329
17605,,-79.120147,35.999531
17606,,-79.12163,35.998553
17607,,-79.106687,35.994643
17608,,-79.106439,35.993934
17609,,-79.105869,35.992248
17610,,-79.102208,36.00172
17611,,-79.10733,36.006464
17612,,-79.10722,36.011289
17613,,-79.112777,36.028279
17614,,-79.108193,36.029061
17615,,-79.10263,36.026695
17616,,-79.131241,36.02012
17617,,-79.132182,36.020451
17618,,-79.131112,36.020074
17619,,-79.128955,36.018942
17620,,-79.128135,36.018466
17621,,-79.132694,36.02063
17622,,-79.123475,36.018887
17623,,-79.126249,36.018127
17624,,-79.120044,36.022906
17625,,-79.130263,36.040787
17626,,-79.130965,36.040139
17627,,-79.134039,36.038083
17628,,-79.115425,36.026123
17629,,-79.103078,36.025437
17630,,-79.075591,35.946423
17631,,-79.068706,35.955589
17632,,-79.04742,35.946021
17633,,-79.037361,35.944712
17634,,-79.067691,35.954245
17635,,-79.084967,35.914756
17636,,-79.084218,35.918835
17637,,-79.083678,35.945808
17638,,-79.085036,35.919738
17639,,-79.0965,35.922467
17640,,-79.093716,35.923755
17641,,-79.09269,35.926727
17642,,-79.089219,35.922428
17643,,-79.087348,35.922016
17644,,-79.100149,35.925249
17645,,-79.090024,35.916773
17646,,-79.091311,35.917145
17647,,-79.090459,35.916899
17648,,-79.093019,35.918796
17649,,-79.089215,35.916537
17650,,-79.087092,35.915947
17651,,-79.086653,35.915833
17652,,-79.089653,35.923378
17653,,-79.09322,35.927396
17654,,-79.08772,35.922238
17655,,-79.097229,35.945261
17656,,-79.098664,35.931668
17657,,-79.099309,35.932157
17658,,-79.100248,35.94313
17659,,-79.090261,35.941358
17660,,-79.085471,35.921278
17661,,-79.076876,35.918638
17662,,-79.078067,35.91995
17663,,-79.084072,35.921032
17664,,-79.082551,35.917041
17665,,-79.078304,35.920275
17666,,-79.081756,35.916169
17667,,-79.07757,35.919315
17668,,-79.082017,35.920827
17669,,-79.083423,35.917986
17670,,-79.075604,35.917783
17671,,-79.076108,35.918061
17672,,-79.07272,35.919879
17673,,-79.072332,35.920677
17674,,-79.072132,35.930767
17675,,-79.089431,35.964442
17676,,-79.08284,35.948044
17677,,-79.098593,35.954231
17678,,-79.096893,35.948063
17679,,-79.096901,35.946683
17680,,-79.097206,35.951711
17681,,-79.097293,35.949251
17682,,-79.096988,35.953602
17683,,-79.080804,35.952587
17684,,-79.081509,35.949976
17685,,-79.082922,35.958008
17686,,-79.084075,35.959085
17687,,-79.081632,35.955546
17688,,-79.075564,35.947263
17689,,-79.07224,35.951836
17690,,-79.073221,35.969875
17691,,-79.056288,35.919077
17692,,-79.052589,35.915495
17693,,-79.059567,35.91471
17694,,-79.06085,35.919587
17695,,-79.064164,35.91379
17696,,-79.062363,35.914975
17697,,-79.066605,35.922777
17698,,-79.057978,35.916694
17699,,-79.05693,35.915196
17700,,-79.059639,35.914833
17701,,-79.058455,35.917475
17702,,-79.060017,35.915479
17703,,-79.059128,35.916254
17704,,-79.059057,35.918467
17705,,-79.059756,35.919723
17706,,-79.059434,35.919111
17707,,-79.059364,35.918991
17708,,-79.054884,35.914608
17709,,-79.054151,35.914891
17710,,-79.054845,35.92513
17711,,-79.054451,35.928783
17712,,-79.05321,35.93989
17713,,-79.068614,35.930232
17714,,-79.059844,35.933496
17715,,-79.056444,35.936769
17716,,-79.057406,35.941606
17717,,-79.0581,35.945096
17718,,-79.058333,35.946222
17719,,-79.05495,35.939731
17720,,-79.054999,35.939723
17721,,-79.043706,35.916828
17722,,-79.050671,35.915106
17723,,-79.051228,35.916022
17724,,-79.051627,35.915868
17725,,-79.051114,35.916066
17726,,-79.044983,35.91455
17727,,-79.045353,35.916059
17728,,-79.051452,35.922755
17729,,-79.05162,35.923241
17730,,-79.040011,35.918231
17731,,-79.040992,35.917536
17732,,-79.039651,35.918519
17733,,-79.038732,35.921335
17734,,-79.041291,35.937856
17735,,-79.045613,35.935143
17736,,-79.047675,35.944346
17737,,-79.048586,35.942501
17738,,-79.04825,35.943125
17739,,-79.04798,35.943679
17740,,-79.041881,35.93516
17741,,-79.038106,35.931211
17742,,-79.037528,35.93617
17743,,-79.040086,35.939923
17744,,-79.039958,35.94094
17745,,-79.040454,35.938958
17746,,-79.055736,35.963966
17747,,-79.047563,35.963865
17748,,-79.041978,35.963907
17749,,-79.039925,35.963626
17750,,-79.053376,35.972466
17751,,-79.043519,35.963997
17752,,-79.061109,35.950678
17753,,-79.068038,35.958909
17754,,-79.068909,35.956352
17755,,-79.059853,35.95014
17756,,-79.057613,35.957427
17757,,-79.057732,35.962221
17758,,-79.057704,35.957065
17759,,-79.057313,35.959517
17760,,-79.064577,35.963927
17761,,-79.064533,35.976259
17762,,-79.044776,35.954169
17763,,-79.047207,35.94856
17764,,-79.045568,35.951154
17765,,-79.045715,35.95225
17766,,-79.048836,35.960669
17767,,-79.047404,35.958544
17768,,-79.050009,35.961436
17769,,-79.050856,35.961987
17770,,-79.047168,35.957613
17771,,-79.04392,35.956958
17772,,-79.040509,35.956957
17773,,-79.037254,35.96221
17774,,-79.0453,35.973956
17775,,-79.045986,35.963994
17776,,-79.049415,35.977832
17777,,-79.049907,35.974765
17778,,-79.04897,35.974152
17779,,-79.049719,35.976013
17780,,-79.037912,35.973925
17781,,-79.039558,35.973764
17782,,-79.066348,35.980386
17783,,-79.081981,36.011028
17784,,-79.079082,36.01328
17785,,-79.071485,36.013588
17786,,-79.086258,36.00821
17787,,-79.099059,36.00243
17788,,-79.092653,36.003893
17789,,-79.101123,36.00229
17790,,-79.097535,36.002469
17791,,-79.086762,36.007888
17792,,-79.077366,35.980827
17793,,-79.077347,35.98607
17794,,-79.070134,35.987546
17795,,-79.078086,35.982263
17796,,-79.078173,35.984801
17797,,-79.072712,35.99598
17798,,-79.070028,36.011671
17799,,-79.10015,36.028762
17800,,-79.097559,36.030944
17801,,-79.077949,36.014456
17802,,-79.068899,35.993203
17803,,-79.058408,35.994417
17804,,-79.061914,35.993382
17805,,-79.043441,35.995624
17806,,-79.067697,35.983447
17807,,-79.067579,35.983125
17808,,-79.067097,35.981853
17809,,-79.065173,35.993319
17810,,-79.064098,35.993325
17811,,-79.065921,36.004974
17812,,-79.066589,36.007239
17813,,-79.044534,35.992729
17814,,-79.043975,35.994829
17815,,-79.048584,35.983692
17816,,-79.042778,35.996608
17817,,-79.136348,36.055754
17818,,-79.138633,36.047
17819,,-79.139157,36.048456
17820,,-79.138928,36.047697
17821,,-79.133363,36.052281
17822,,-79.005805,35.976288
17823,,-78.973554,35.963091
17824,,-78.971599,35.946273
17825,,-79.012496,35.944439
17826,,-79.006784,35.931714
17827,,-79.00329,35.944392
17828,,-79.002146,35.94608
17829,,-78.983178,35.944527
17830,,-78.983201,35.947028
17831,,-79.013494,35.946361
17832,,-79.007567,35.947675
17833,,-79.029024,35.929263
17834,,-79.018169,35.941397
17835,,-79.020102,35.936165
17836,,-79.011289,35.932639
17837,,-79.008731,35.930498
17838,,-79.028123,35.926471
17839,,-79.025508,35.92069
17840,,-79.023748,35.920603
17841,,-79.024652,35.925772
17842,,-79.024252,35.92913
17843,,-79.034151,35.936014
17844,,-79.031639,35.936195
17845,,-79.029995,35.935423
17846,,-79.025166,35.937442
17847,,-79.023912,35.933369
17848,,-79.023755,35.936383
17849,,-79.02372,35.933453
17850,,-79.023336,35.936404
17851,,-79.023328,35.938293
17852,,-79.024368,35.938322
17853,,-79.010852,35.919948
17854,,-79.016191,35.918352
17855,,-79.018924,35.920236
17856,,-79.018148,35.91438
17857,,-79.010941,35.920582
17858,,-79.005964,35.913846
17859,,-79.005036,35.91385
17860,,-79.009707,35.926018
17861,,-79.010299,35.922823
17862,,-79.009775,35.924448
17863,,-79.008982,35.929711
17864,,-79.017595,35.932531
17865,,-79.016158,35.932443
17866,,-79.019272,35.937381
17867,,-79.016023,35.943505
17868,,-79.014555,35.944082
17869,,-79.014746,35.940977
17870,,-79.013523,35.941658
17871,,-79.012726,35.944906
17872,,-79.007232,35.931422
17873,,-79.019781,35.949805
17874,,-79.032863,35.951896
17875,,-79.033501,35.949892
17876,,-79.033526,35.951149
17877,,-79.030726,35.952451
17878,,-79.036325,35.958674
17879,,-79.036387,35.960323
17880,,-79.029479,35.958384
17881,,-79.025878,35.952402
17882,,-79.025245,35.953415
17883,,-79.020289,35.950913
17884,,-79.026651,35.95788
17885,,-79.023099,35.956679
17886,,-79.032776,35.970352
17887,,-79.030037,35.976569
17888,,-79.028053,35.97787
17889,,-79.034617,35.965484
17890,,-79.03453,35.964063
17891,,-79.030244,35.972197
17892,,-79.028753,35.973359
17893,,-79.025055,35.977886
17894,,-79.019021,35.949354
17895,,-79.017451,35.950647
17896,,-79.015252,35.955015
17897,,-79.00787,35.949942
17898,,-79.008035,35.94861
17899,,-79.007267,35.950966
17900,,-79.005346,35.951481
17901,,-79.010728,35.964403
17902,,-79.017565,35.977847
17903,,-78.99719,35.930164
17904,,-78.987094,35.943953
17905,,-78.998122,35.935232
17906,,-78.996433,35.940016
17907,,-78.995448,35.943632
17908,,-78.998715,35.932524
17909,,-78.99718,35.93714
17910,,-78.996761,35.937845
17911,,-78.996425,35.938929
17912,,-78.995955,35.941868
17913,,-78.996604,35.945646
17914,,-78.987819,35.933931
17915,,-78.995415,35.94378
17916,,-78.990781,35.944412
17917,,-78.97924,35.914641
17918,,-78.985032,35.916484
17919,,-78.984834,35.936797
17920,,-78.985947,35.934946
17921,,-78.984598,35.940969
17922,,-78.984387,35.939721
17923,,-78.981938,35.943258
17924,,-78.973533,35.944789
17925,,-79.002236,35.948628
17926,,-79.000269,35.962395
17927,,-78.99766,35.959799
17928,,-78.998469,35.960421
17929,,-78.989557,35.952886
17930,,-78.989632,35.950681
17931,,-78.988787,35.955348
17932,,-78.98888,35.955498
17933,,-78.985292,35.951892
17934,,-78.984422,35.951471
17935,,-78.971322,35.946567
17936,,-78.976794,35.961329
17937,,-78.974797,35.962388
17938,,-78.976264,35.965165
17939,,-78.938986,35.922924
17940,,-78.938164,35.93268
17941,,-78.97027,35.947382
17942,,-78.960781,35.926455
17943,,-78.960402,35.928581
17944,,-78.966822,35.917651
17945,,-78.965925,35.917865
17946,,-78.959972,35.919147
17947,,-78.956139,35.919268
17948,,-78.955488,35.924687
17949,,-78.96298,35.936832
17950,,-78.968054,35.945795
17951,,-78.967309,35.944262
17952,,-78.968035,35.945747
17953,,-78.964782,35.93985
17954,,-78.965858,35.941787
17955,,-78.960393,35.93139
17956,,-78.960696,35.932743
17957,,-78.960216,35.930278
17958,,-78.957691,35.934112
17959,,-78.951202,35.916519
17960,,-78.948693,35.921768
17961,,-78.946774,35.922435
17962,,-78.950629,35.915872
17963,,-78.951548,35.927398
17964,,-78.953277,35.928132
17965,,-78.952626,35.929801
17966,,-78.951471,35.927419
17967,,-78.947563,35.928405
17968,,-78.944673,35.923614
17969,,-78.943772,35.929637
17970,,-78.940352,35.923157
17971,,-78.943728,35.942169
17972,,-78.94906,35.934594
17973,,-78.952075,35.930981
17974,,-78.941782,35.930508
17975,,-78.944983,35.937702
17976,,-78.939001,35.93212
17977,,-78.941062,35.930868
17978,,-78.944712,35.938951
17979,,-78.944248,35.940324
17980,,-78.942983,35.945347
17981,,-78.943578,35.942986
17982,,-78.963427,35.950751
17983,,-78.96521,35.950384
17984,,-78.967913,35.949429
17985,,-78.964219,35.950589
17986,,-78.965605,35.958658
17987,,-78.966148,35.954817
17988,,-78.958035,35.953245
17989,,-78.959441,35.952164
17990,,-78.919899,35.929028
17991,,-78.910895,35.926241
17992,,-78.934421,35.921418
17993,,-78.932482,35.914948
17994,,-78.931132,35.917402
17995,,-78.936174,35.922195
17996,,-78.931795,35.922231
17997,,-78.929884,35.923748
17998,,-78.930038,35.918995
17999,,-78.929962,35.919101
18000,,-78.929932,35.923734
18001,,-78.925143,35.921465
18002,,-78.932446,35.915018
18003,,-78.930603,35.918206
18004,,-78.93324,35.921306
18005,,-78.93153,35.922513
18006,,-78.928839,35.920674
18007,,-78.928738,35.920814
18008,,-78.924702,35.917219
18009,,-78.925212,35.918371
18010,,-78.925256,35.918476
18011,,-78.928436,35.923914
18012,,-78.925014,35.925237
18013,,-78.935793,35.934084
18014,,-78.934442,35.934789
18015,,-78.933017,35.935521
18016,,-78.927261,35.938225
18017,,-78.914059,35.920423
18018,,-78.913612,35.921558
18019,,-78.910916,35.927874
18020,,-78.917875,35.917583
18021,,-78.914475,35.916733
18022,,-78.917364,35.914066
18023,,-78.911724,35.915747
18024,,-78.908965,35.915968
18025,,-78.906861,35.91609
18026,,-78.910929,35.927194
18027,,-78.912443,35.923688
18028,,-78.848814,35.779925
18029,,-78.851736,35.783076
18030,,-78.847458,35.782155
18031,,-78.775405,35.760302
18032,,-78.775408,35.762232
18033,,-78.784501,35.781224
18034,,-78.781942,35.783066
18035,,-78.778492,35.782502
18036,,-78.773952,35.779961
18037,,-78.772531,35.777416
18038,,-78.83877,35.780689
18039,,-78.774647,35.795455
18040,,-78.774724,35.802427
18041,,-78.776875,35.813658
18042,,-78.772935,35.813347
18043,,-78.774962,35.766047
18044,,-78.764202,35.782603
18045,,-78.773919,35.793995
18046,,-78.774076,35.797789
18047,,-78.773786,35.741691
18048,,-78.740041,35.783674
18049,,-78.727899,35.7811
18050,,-78.726904,35.781618
18051,,-78.864001,35.715622
18052,,-78.85729,35.716879
18053,,-78.856933,35.717215
18054,,-78.840661,35.765261
18055,,-78.84084,35.684568
18056,,-78.820924,35.717175
18057,,-78.812741,35.717047
18058,,-78.839877,35.725278
18059,,-78.841551,35.738413
18060,,-78.879459,35.690377
18061,,-78.896957,35.658284
18062,,-78.897096,35.683589
18063,,-78.8739,35.657923
18064,,-78.897779,35.699232
18065,,-78.887492,35.713641
18066,,-78.897374,35.688054
18067,,-78.900875,35.698368
18068,,-78.897152,35.709423
18069,,-78.889904,35.701384
18070,,-78.892726,35.714913
18071,,-78.896246,35.712822
18072,,-78.894813,35.714632
18073,,-78.856457,35.667282
18074,,-78.868172,35.659683
18075,,-78.864889,35.655059
18076,,-78.860935,35.670169
18077,,-78.860044,35.66948
18078,,-78.842175,35.655485
18079,,-78.846397,35.656913
18080,,-78.858607,35.702692
18081,,-78.862023,35.708826
18082,,-78.862138,35.708301
18083,,-78.861904,35.714756
18084,,-78.857937,35.714477
18085,,-78.857858,35.71649
18086,,-78.855774,35.714463
18087,,-78.845827,35.714427
18088,,-78.902207,35.753478
18089,,-78.882774,35.748745
18090,,-78.87701,35.751494
18091,,-78.874064,35.769633
18092,,-78.871974,35.763007
18093,,-78.90315,35.732432
18094,,-78.88964,35.723666
18095,,-78.889806,35.723983
18096,,-78.896003,35.736628
18097,,-78.89071,35.736657
18098,,-78.884447,35.722904
18099,,-78.880388,35.723622
18100,,-78.885353,35.737269
18101,,-78.883174,35.737455
18102,,-78.88535,35.748493
18103,,-78.885006,35.748976
18104,,-78.873366,35.737195
18105,,-78.87714,35.737277
18106,,-78.872606,35.742699
18107,,-78.874681,35.766356
18108,,-78.897164,35.757971
18109,,-78.898938,35.759284
18110,,-78.90371,35.782016
18111,,-78.899828,35.781119
18112,,-78.898132,35.781229
18113,,-78.892306,35.770103
18114,,-78.883527,35.762658
18115,,-78.877643,35.760892
18116,,-78.884511,35.764594
18117,,-78.876401,35.757174
18118,,-78.876622,35.755967
18119,,-78.874978,35.764768
18120,,-78.874498,35.767335
18121,,-78.856029,35.724541
18122,,-78.855489,35.725307
18123,,-78.855909,35.732389
18124,,-78.849423,35.732153
18125,,-78.864887,35.719847
18126,,-78.865327,35.724472
18127,,-78.864807,35.717515
18128,,-78.86804,35.721075
18129,,-78.865113,35.722954
18130,,-78.867068,35.729516
18131,,-78.861969,35.721638
18132,,-78.857702,35.722571
18133,,-78.856742,35.732698
18134,,-78.871768,35.737155
18135,,-78.86908,35.738287
18136,,-78.868461,35.734684
18137,,-78.868342,35.735501
18138,,-78.870719,35.737083
18139,,-78.869599,35.736913
18140,,-78.864971,35.749069
18141,,-78.860831,35.73979
18142,,-78.859853,35.735333
18143,,-78.858386,35.735285
18144,,-78.858168,35.749611
18145,,-78.848156,35.731709
18146,,-78.845599,35.725687
18147,,-78.839807,35.724633
18148,,-78.849112,35.727106
18149,,-78.848529,35.728065
18150,,-78.846942,35.730112
18151,,-78.855906,35.719956
18152,,-78.852711,35.722694
18153,,-78.852333,35.722726
18154,,-78.849282,35.722983
18155,,-78.848753,35.723037
18156,,-78.850465,35.73029
18157,,-78.854364,35.72689
18158,,-78.855359,35.727622
18159,,-78.85434,35.731793
18160,,-78.852395,35.729666
18161,,-78.851948,35.730877
18162,,-78.850904,35.730466
18163,,-78.850604,35.732125
18164,,-78.849344,35.732124
18165,,-78.850194,35.732709
18166,,-78.844394,35.717608
18167,,-78.84498,35.723076
18168,,-78.844366,35.723077
18169,,-78.841858,35.717196
18170,,-78.840341,35.717751
18171,,-78.844367,35.727873
18172,,-78.84363,35.729223
18173,,-78.847465,35.729094
18174,,-78.844398,35.730387
18175,,-78.845339,35.733259
18176,,-78.839833,35.732972
18177,,-78.842842,35.729836
18178,,-78.848035,35.735508
18179,,-78.84759,35.741434
18180,,-78.855292,35.735718
18181,,-78.850507,35.735995
18182,,-78.848933,35.736615
18183,,-78.849491,35.734416
18184,,-78.84881,35.737923
18185,,-78.84592,35.734895
18186,,-78.844946,35.740888
18187,,-78.869753,35.765637
18188,,-78.854162,35.763343
18189,,-78.862989,35.757277
18190,,-78.85954,35.757308
18191,,-78.870107,35.758448
18192,,-78.872019,35.762918
18193,,-78.865439,35.765901
18194,,-78.86201,35.757158
18195,,-78.863775,35.766871
18196,,-78.859064,35.76931
18197,,-78.858791,35.781992
18198,,-78.850085,35.752169
18199,,-78.848645,35.7502
18200,,-78.844927,35.760212
18201,,-78.84208,35.764404
18202,,-78.84129,35.765015
18203,,-78.847345,35.775729
18204,,-78.848356,35.776882
18205,,-78.843365,35.768427
18206,,-78.843105,35.767638
18207,,-78.844707,35.781215
18208,,-78.842948,35.780126
18209,,-78.844032,35.780668
18210,,-78.840424,35.780409
18211,,-78.805214,35.693057
18212,,-78.80552,35.695256
18213,,-78.834779,35.6566
18214,,-78.835401,35.65857
18215,,-78.839231,35.654979
18216,,-78.836205,35.654907
18217,,-78.834483,35.660653
18218,,-78.833271,35.660313
18219,,-78.830763,35.65307
18220,,-78.830245,35.654814
18221,,-78.830341,35.657088
18222,,-78.830324,35.656011
18223,,-78.831041,35.658737
18224,,-78.831298,35.659558
18225,,-78.830715,35.65798
18226,,-78.831452,35.660099
18227,,-78.831636,35.682568
18228,,-78.834176,35.671399
18229,,-78.833951,35.672316
18230,,-78.833277,35.681903
18231,,-78.832877,35.676611
18232,,-78.82951,35.681516
18233,,-78.826518,35.680012
18234,,-78.814321,35.679861
18235,,-78.833921,35.684637
18236,,-78.833948,35.690173
18237,,-78.833975,35.688995
18238,,-78.834195,35.693741
18239,,-78.837964,35.710111
18240,,-78.810642,35.715404
18241,,-78.802522,35.700804
18242,,-78.805382,35.690211
18243,,-78.804017,35.696741
18244,,-78.803361,35.697256
18245,,-78.802419,35.699004
18246,,-78.80701,35.708406
18247,,-78.80463,35.704174
18248,,-78.804659,35.70355
18249,,-78.806061,35.70739
18250,,-78.805301,35.712872
18251,,-78.79918,35.716587
18252,,-78.808252,35.756032
18253,,-78.807098,35.757013
18254,,-78.80554,35.777769
18255,,-78.820711,35.744705
18256,,-78.827682,35.725943
18257,,-78.833979,35.728137
18258,,-78.832151,35.727659
18259,,-78.835321,35.728607
18260,,-78.826314,35.722469
18261,,-78.824019,35.741232
18262,,-78.838402,35.741334
18263,,-78.834196,35.735453
18264,,-78.833507,35.735602
18265,,-78.834849,35.748645
18266,,-78.828197,35.737787
18267,,-78.831043,35.736207
18268,,-78.826206,35.739274
18269,,-78.826936,35.738718
18270,,-78.830314,35.745909
18271,,-78.823974,35.744078
18272,,-78.819894,35.721948
18273,,-78.823369,35.741871
18274,,-78.814278,35.742256
18275,,-78.814227,35.742449
18276,,-78.82872,35.754608
18277,,-78.824401,35.76335
18278,,-78.831704,35.759109
18279,,-78.835286,35.765859
18280,,-78.828754,35.755827
18281,,-78.828871,35.760999
18282,,-78.829871,35.759633
18283,,-78.832725,35.77174
18284,,-78.836541,35.782575
18285,,-78.837414,35.778304
18286,,-78.82738,35.771089
18287,,-78.820594,35.760405
18288,,-78.813842,35.755889
18289,,-78.80853,35.751793
18290,,-78.822134,35.770863
18291,,-78.82015,35.771536
18292,,-78.812644,35.771516
18293,,-78.809821,35.770825
18294,,-78.809286,35.770979
18295,,-78.812779,35.771622
18296,,-78.812071,35.771088
18297,,-78.810637,35.77073
18298,,-78.789776,35.732022
18299,,-78.798651,35.720289
18300,,-78.79456,35.724079
18301,,-78.796661,35.722696
18302,,-78.792611,35.725679
18303,,-78.786607,35.720196
18304,,-78.787064,35.718874
18305,,-78.777706,35.732866
18306,,-78.777767,35.733
18307,,-78.777394,35.726742
18308,,-78.777191,35.729197
18309,,-78.776974,35.73114
18310,,-78.779935,35.7407
18311,,-78.77624,35.74138
18312,,-78.785953,35.737046
18313,,-78.782928,35.749617
18314,,-78.780871,35.742679
18315,,-78.793246,35.757355
18316,,-78.782294,35.764702
18317,,-78.790357,35.77266
18318,,-78.790254,35.773406
18319,,-78.789603,35.776039
18320,,-78.789343,35.777183
18321,,-78.789348,35.777577
18322,,-78.789375,35.778728
18323,,-78.804525,35.758846
18324,,-78.803603,35.759494
18325,,-78.806441,35.754965
18326,,-78.799133,35.75543
18327,,-78.802317,35.761202
18328,,-78.80489,35.75858
18329,,-78.802383,35.760867
18330,,-78.80191,35.764248
18331,,-78.795028,35.763425
18332,,-78.793496,35.758712
18333,,-78.792145,35.761278
18334,,-78.793791,35.762576
18335,,-78.798809,35.773725
18336,,-78.803521,35.771879
18337,,-78.803073,35.772712
18338,,-78.806792,35.773322
18339,,-78.806113,35.775521
18340,,-78.805758,35.776112
18341,,-78.800606,35.777136
18342,,-78.801411,35.779721
18343,,-78.795948,35.767412
18344,,-78.795216,35.77168
18345,,-78.792921,35.770528
18346,,-78.791793,35.771608
18347,,-78.796026,35.766944
18348,,-78.794227,35.768417
18349,,-78.793646,35.768785
18350,,-78.798513,35.77876
18351,,-78.79769,35.779187
18352,,-78.794652,35.781316
18353,,-78.794909,35.781007
18354,,-78.782941,35.751032
18355,,-78.782798,35.754694
18356,,-78.780426,35.758018
18357,,-78.788655,35.757223
18358,,-78.782932,35.752139
18359,,-78.788965,35.76242
18360,,-78.790076,35.762571
18361,,-78.783304,35.760196
18362,,-78.783137,35.758695
18363,,-78.779413,35.758033
18364,,-78.775235,35.756891
18365,,-78.777865,35.761856
18366,,-78.780975,35.764562
18367,,-78.780454,35.76448
18368,,-78.778542,35.763135
18369,,-78.778958,35.763712
18370,,-78.776752,35.761239
18371,,-78.788034,35.775124
18372,,-78.782837,35.766513
18373,,-78.775116,35.77476
18374,,-78.781634,35.778654
18375,,-78.787132,35.775264
18376,,-78.785109,35.775211
18377,,-78.784169,35.775185
18378,,-78.785521,35.78107
18379,,-78.778182,35.769631
18380,,-78.779551,35.770416
18381,,-78.776313,35.768517
18382,,-78.780371,35.775045
18383,,-78.779383,35.775067
18384,,-78.781545,35.778959
18385,,-78.780457,35.781183
18386,,-78.775519,35.781176
18387,,-78.839293,35.797973
18388,,-78.839163,35.801423
18389,,-78.839204,35.802245
18390,,-78.800271,35.847298
18391,,-78.836568,35.882465
18392,,-78.870377,35.821707
18393,,-78.870544,35.792954
18394,,-78.870549,35.794648
18395,,-78.870861,35.799532
18396,,-78.87134,35.813735
18397,,-78.852805,35.815032
18398,,-78.900194,35.795679
18399,,-78.892466,35.802001
18400,,-78.902844,35.787581
18401,,-78.902747,35.807898
18402,,-78.896646,35.799882
18403,,-78.90178,35.802802
18404,,-78.901454,35.80139
18405,,-78.903413,35.812686
18406,,-78.889894,35.804672
18407,,-78.876737,35.786372
18408,,-78.88613,35.805554
18409,,-78.880966,35.803018
18410,,-78.882934,35.804565
18411,,-78.877263,35.802747
18412,,-78.875673,35.802856
18413,,-78.894871,35.822699
18414,,-78.904243,35.818637
18415,,-78.902514,35.817061
18416,,-78.903236,35.818832
18417,,-78.900129,35.822802
18418,,-78.905006,35.829399
18419,,-78.902349,35.829368
18420,,-78.897338,35.82891
18421,,-78.894875,35.828985
18422,,-78.899306,35.833104
18423,,-78.896188,35.843391
18424,,-78.899722,35.838053
18425,,-78.899861,35.840559
18426,,-78.898781,35.84507
18427,,-78.886178,35.823513
18428,,-78.878628,35.82417
18429,,-78.885531,35.823478
18430,,-78.886802,35.823526
18431,,-78.877273,35.829573
18432,,-78.876952,35.829154
18433,,-78.857102,35.791765
18434,,-78.858136,35.792532
18435,,-78.856206,35.785932
18436,,-78.84345,35.79924
18437,,-78.870626,35.789867
18438,,-78.872221,35.787528
18439,,-78.870611,35.796436
18440,,-78.856224,35.78493
18441,,-78.856204,35.786058
18442,,-78.859898,35.788984
18443,,-78.868983,35.813504
18444,,-78.85883,35.800557
18445,,-78.862218,35.809813
18446,,-78.863143,35.810558
18447,,-78.859758,35.813656
18448,,-78.85275,35.78968
18449,,-78.848903,35.790732
18450,,-78.848474,35.797102
18451,,-78.847181,35.786139
18452,,-78.847082,35.792663
18453,,-78.847427,35.793931
18454,,-78.850171,35.782739
18455,,-78.847055,35.789981
18456,,-78.847493,35.815293
18457,,-78.848705,35.799735
18458,,-78.850661,35.814371
18459,,-78.848242,35.812293
18460,,-78.846291,35.800864
18461,,-78.845815,35.800421
18462,,-78.841935,35.799111
18463,,-78.840793,35.810967
18464,,-78.845831,35.813154
18465,,-78.845433,35.812863
18466,,-78.850069,35.830125
18467,,-78.855619,35.8395
18468,,-78.869669,35.822281
18469,,-78.86524,35.817025
18470,,-78.86482,35.821162
18471,,-78.861479,35.824098
18472,,-78.859906,35.823613
18473,,-78.871985,35.820738
18474,,-78.862204,35.831018
18475,,-78.870001,35.838136
18476,,-78.87132,35.838848
18477,,-78.865145,35.837717
18478,,-78.862376,35.836007
18479,,-78.856462,35.83428
18480,,-78.861817,35.834737
18481,,-78.860019,35.833358
18482,,-78.847692,35.831406
18483,,-78.840811,35.824754
18484,,-78.855215,35.822099
18485,,-78.853441,35.821502
18486,,-78.85327,35.830789
18487,,-78.843961,35.819068
18488,,-78.84298,35.818804
18489,,-78.847225,35.822686
18490,,-78.841122,35.818351
18491,,-78.842785,35.823147
18492,,-78.843551,35.827156
18493,,-78.843023,35.82613
18494,,-78.846317,35.830431
18495,,-78.847011,35.83089
18496,,-78.842295,35.823936
18497,,-78.844279,35.839397
18498,,-78.85413,35.832319
18499,,-78.850954,35.83596
18500,,-78.849132,35.833257
18501,,-78.848602,35.832452
18502,,-78.849861,35.834541
18503,,-78.850345,35.837667
18504,,-78.844223,35.834723
18505,,-78.841564,35.836017
18506,,-78.844341,35.833814
18507,,-78.847036,35.839812
18508,,-78.842252,35.835875
18509,,-78.842692,35.835925
18510,,-78.843022,35.838335
18511,,-78.84345,35.841993
18512,,-78.840691,35.841884
18513,,-78.842465,35.84712
18514,,-78.870941,35.877184
18515,,-78.885771,35.881355
18516,,-78.886396,35.880011
18517,,-78.877848,35.909759
18518,,-78.903219,35.862583
18519,,-78.899889,35.854331
18520,,-78.899586,35.84973
18521,,-78.898425,35.857834
18522,,-78.896224,35.860933
18523,,-78.893484,35.862728
18524,,-78.891734,35.870784
18525,,-78.901664,35.885903
18526,,-78.900597,35.886176
18527,,-78.903333,35.885581
18528,,-78.892006,35.892107
18529,,-78.889022,35.895302
18530,,-78.896277,35.900028
18531,,-78.898356,35.902681
18532,,-78.902642,35.902701
18533,,-78.896627,35.898853
18534,,-78.88491,35.890271
18535,,-78.879575,35.89189
18536,,-78.885831,35.884008
18537,,-78.885499,35.885586
18538,,-78.876059,35.895603
18539,,-78.879417,35.894451
18540,,-78.87622,35.896162
18541,,-78.858255,35.860918
18542,,-78.862941,35.879326
18543,,-78.861197,35.877445
18544,,-78.851824,35.864602
18545,,-78.853788,35.862855
18546,,-78.85348,35.86233
18547,,-78.854927,35.86175
18548,,-78.842419,35.848883
18549,,-78.843296,35.852104
18550,,-78.842422,35.848214
18551,,-78.845769,35.860524
18552,,-78.843339,35.858704
18553,,-78.84052,35.857842
18554,,-78.848299,35.865531
18555,,-78.847464,35.880615
18556,,-78.850462,35.880266
18557,,-78.852147,35.868263
18558,,-78.853731,35.86872
18559,,-78.855294,35.870641
18560,,-78.855989,35.871255
18561,,-78.851334,35.865198
18562,,-78.845844,35.873304
18563,,-78.845014,35.880302
18564,,-78.863155,35.883081
18565,,-78.872536,35.895853
18566,,-78.86918,35.894264
18567,,-78.86934,35.89434
18568,,-78.849994,35.885145
18569,,-78.849762,35.886595
18570,,-78.842364,35.881101
18571,,-78.824529,35.814109
18572,,-78.80718,35.783405
18573,,-78.808733,35.792294
18574,,-78.807189,35.792831
18575,,-78.817113,35.814167
18576,,-78.806981,35.824514
18577,,-78.806706,35.825535
18578,,-78.798699,35.815302
18579,,-78.823791,35.792966
18580,,-78.829787,35.79
18581,,-78.82642,35.790559
18582,,-78.830286,35.790323
18583,,-78.835268,35.785965
18584,,-78.839512,35.79877
18585,,-78.829869,35.78848
18586,,-78.827615,35.78765
18587,,-78.827289,35.794273
18588,,-78.829647,35.795025
18589,,-78.828789,35.794474
18590,,-78.830598,35.796573
18591,,-78.839006,35.804384
18592,,-78.838438,35.806479
18593,,-78.839242,35.800625
18594,,-78.838397,35.805514
18595,,-78.833927,35.811644
18596,,-78.83856,35.809839
18597,,-78.829242,35.80281
18598,,-78.829065,35.803602
18599,,-78.827847,35.807298
18600,,-78.830295,35.811428
18601,,-78.831092,35.811396
18602,,-78.827082,35.808936
18603,,-78.825983,35.812104
18604,,-78.8215,35.78565
18605,,-78.820611,35.792427
18606,,-78.817886,35.797349
18607,,-78.80982,35.787787
18608,,-78.814607,35.783738
18609,,-78.813939,35.800004
18610,,-78.817733,35.799706
18611,,-78.81543,35.800479
18612,,-78.822795,35.80966
18613,,-78.818389,35.812557
18614,,-78.817055,35.811584
18615,,-78.808323,35.811907
18616,,-78.827286,35.846702
18617,,-78.829738,35.825953
18618,,-78.834599,35.825102
18619,,-78.826091,35.822892
18620,,-78.825656,35.823108
18621,,-78.832426,35.819724
18622,,-78.835455,35.818977
18623,,-78.83979,35.824635
18624,,-78.839005,35.824556
18625,,-78.837132,35.825386
18626,,-78.838833,35.828549
18627,,-78.833188,35.829795
18628,,-78.832234,35.828605
18629,,-78.82973,35.820467
18630,,-78.823805,35.816653
18631,,-78.830783,35.826967
18632,,-78.827491,35.823656
18633,,-78.830545,35.840741
18634,,-78.835916,35.834101
18635,,-78.838737,35.832543
18636,,-78.822475,35.818076
18637,,-78.823007,35.819658
18638,,-78.819648,35.827316
18639,,-78.822184,35.824996
18640,,-78.810249,35.819044
18641,,-78.808673,35.821089
18642,,-78.807267,35.827568
18643,,-78.813642,35.834334
18644,,-78.814524,35.836599
18645,,-78.79217,35.784437
18646,,-78.78952,35.81143
18647,,-78.799733,35.792096
18648,,-78.8058,35.783698
18649,,-78.80179,35.783513
18650,,-78.79893,35.785005
18651,,-78.799037,35.784782
18652,,-78.800408,35.794694
18653,,-78.799763,35.791553
18654,,-78.799541,35.794425
18655,,-78.796091,35.786229
18656,,-78.798064,35.783404
18657,,-78.795035,35.788919
18658,,-78.792429,35.784109
18659,,-78.794289,35.783117
18660,,-78.793949,35.788753
18661,,-78.791544,35.788549
18662,,-78.792404,35.795448
18663,,-78.804786,35.803222
18664,,-78.804532,35.802669
18665,,-78.803844,35.801192
18666,,-78.794418,35.804668
18667,,-78.793611,35.806183
18668,,-78.793711,35.805819
18669,,-78.794897,35.812908
18670,,-78.793986,35.80846
18671,,-78.792245,35.811238
18672,,-78.793233,35.811554
18673,,-78.783314,35.785054
18674,,-78.782504,35.787246
18675,,-78.786027,35.792073
18676,,-78.78116,35.790717
18677,,-78.788756,35.788156
18678,,-78.785861,35.786969
18679,,-78.784337,35.787114
18680,,-78.789098,35.788408
18681,,-78.788445,35.787779
18682,,-78.790479,35.788383
18683,,-78.783317,35.783636
18684,,-78.788539,35.792898
18685,,-78.789455,35.79345
18686,,-78.783104,35.796112
18687,,-78.775411,35.787645
18688,,-78.781227,35.785736
18689,,-78.78118,35.788664
18690,,-78.781173,35.789997
18691,,-78.781208,35.787959
18692,,-78.782124,35.787268
18693,,-78.778179,35.795013
18694,,-78.781133,35.793469
18695,,-78.781356,35.793486
18696,,-78.780843,35.793449
18697,,-78.780302,35.796396
18698,,-78.780869,35.796917
18699,,-78.779789,35.795661
18700,,-78.776069,35.796609
18701,,-78.782907,35.805996
18702,,-78.781472,35.80279
18703,,-78.782999,35.801604
18704,,-78.777557,35.807368
18705,,-78.775466,35.807639
18706,,-78.777527,35.81307
18707,,-78.786737,35.803006
18708,,-78.786617,35.803544
18709,,-78.785303,35.804035
18710,,-78.784908,35.804399
18711,,-78.784702,35.804853
18712,,-78.784795,35.806678
18713,,-78.785459,35.80895
18714,,-78.783745,35.810629
18715,,-78.784654,35.811007
18716,,-78.784278,35.810882
18717,,-78.785471,35.809492
18718,,-78.776269,35.803079
18719,,-78.774385,35.800408
18720,,-78.782274,35.81057
18721,,-78.781818,35.81033
18722,,-78.778839,35.807925
18723,,-78.778071,35.807584
18724,,-78.801465,35.845191
18725,,-78.78233,35.831365
18726,,-78.776393,35.830859
18727,,-78.803292,35.820099
18728,,-78.803706,35.821473
18729,,-78.803758,35.821625
18730,,-78.802818,35.818855
18731,,-78.799259,35.817057
18732,,-78.799174,35.817144
18733,,-78.804879,35.826907
18734,,-78.791908,35.817913
18735,,-78.790272,35.818552
18736,,-78.783101,35.820707
18737,,-78.780206,35.820668
18738,,-78.781664,35.820687
18739,,-78.776232,35.820568
18740,,-78.823853,35.856401
18741,,-78.821843,35.858899
18742,,-78.839191,35.860848
18743,,-78.830213,35.868705
18744,,-78.813274,35.864228
18745,,-78.83635,35.874511
18746,,-78.819374,35.859237
18747,,-78.816088,35.872532
18748,,-78.83143,35.884169
18749,,-78.797016,35.852771
18750,,-78.740686,35.747325
18751,,-78.758432,35.731308
18752,,-78.758305,35.732926
18753,,-78.758021,35.734626
18754,,-78.762755,35.726441
18755,,-78.760462,35.725796
18756,,-78.767825,35.726893
18757,,-78.773599,35.728245
18758,,-78.773492,35.728203
18759,,-78.771839,35.727956
18760,,-78.766543,35.726427
18761,,-78.758477,35.725182
18762,,-78.760029,35.728577
18763,,-78.760549,35.727475
18764,,-78.759475,35.729713
18765,,-78.765702,35.742719
18766,,-78.771636,35.741572
18767,,-78.768108,35.74217
18768,,-78.749037,35.725445
18769,,-78.746571,35.729013
18770,,-78.748645,35.726206
18771,,-78.75624,35.741506
18772,,-78.757142,35.737242
18773,,-78.75428,35.738089
18774,,-78.755765,35.742808
18775,,-78.75625,35.745448
18776,,-78.756678,35.745419
18777,,-78.751132,35.746014
18778,,-78.753317,35.748601
18779,,-78.747856,35.737602
18780,,-78.746168,35.74593
18781,,-78.744259,35.745787
18782,,-78.742728,35.745705
18783,,-78.758342,35.76262
18784,,-78.756123,35.764383
18785,,-78.755789,35.766084
18786,,-78.765041,35.756014
18787,,-78.769869,35.754177
18788,,-78.767954,35.754636
18789,,-78.77018,35.766005
18790,,-78.766057,35.755403
18791,,-78.764497,35.756448
18792,,-78.764338,35.757096
18793,,-78.764346,35.757632
18794,,-78.764404,35.760106
18795,,-78.76438,35.759285
18796,,-78.764422,35.76095
18797,,-78.764026,35.762537
18798,,-78.764126,35.764792
18799,,-78.764108,35.765749
18800,,-78.763829,35.763149
18801,,-78.763944,35.762867
18802,,-78.763944,35.763934
18803,,-78.773725,35.775581
18804,,-78.764576,35.76846
18805,,-78.769014,35.76921
18806,,-78.772343,35.773107
18807,,-78.774068,35.770783
18808,,-78.77141,35.77241
18809,,-78.768987,35.768837
18810,,-78.769062,35.769806
18811,,-78.768513,35.766479
18812,,-78.766904,35.774451
18813,,-78.760992,35.769818
18814,,-78.764454,35.766565
18815,,-78.765132,35.767334
18816,,-78.763894,35.770758
18817,,-78.762964,35.775893
18818,,-78.760337,35.776264
18819,,-78.764202,35.77454
18820,,-78.762745,35.775898
18821,,-78.749827,35.764294
18822,,-78.757295,35.766895
18823,,-78.743692,35.778594
18824,,-78.742355,35.777459
18825,,-78.742934,35.777592
18826,,-78.743607,35.778164
18827,,-78.743701,35.779298
18828,,-78.742087,35.780626
18829,,-78.737611,35.746487
18830,,-78.737248,35.773802
18831,,-78.730984,35.778729
18832,,-78.738542,35.773838
18833,,-78.738341,35.778504
18834,,-78.736941,35.77836
18835,,-78.738809,35.778671
18836,,-78.737877,35.778412
18837,,-78.73501,35.777298
18838,,-78.736192,35.77919
18839,,-78.740814,35.776465
18840,,-78.734396,35.777202
18841,,-78.736692,35.778377
18842,,-78.735408,35.777468
18843,,-78.736548,35.780336
18844,,-78.736454,35.780038
18845,,-78.736349,35.7797
18846,,-78.736858,35.781271
18847,,-78.731122,35.77858
18848,,-78.731955,35.777678
18849,,-78.730231,35.779488
18850,,-78.728737,35.780568
18851,,-78.72748,35.781317
18852,,-78.773358,35.815318
18853,,-78.742906,35.786915
18854,,-78.740868,35.806306
18855,,-78.77279,35.789425
18856,,-78.773071,35.789166
18857,,-78.77326,35.788994
18858,,-78.766966,35.797421
18859,,-78.767032,35.798002
18860,,-78.764219,35.784575
18861,,-78.763767,35.789212
18862,,-78.763954,35.788109
18863,,-78.763768,35.789868
18864,,-78.769109,35.806765
18865,,-78.76536,35.806952
18866,,-78.773751,35.80762
18867,,-78.77207,35.809525
18868,,-78.77315,35.814067
18869,,-78.766576,35.808314
18870,,-78.773927,35.799132
18871,,-78.769295,35.802383
18872,,-78.768508,35.80553
18873,,-78.770544,35.808099
18874,,-78.769951,35.808705
18875,,-78.771936,35.80912
18876,,-78.773252,35.814537
18877,,-78.767253,35.808688
18878,,-78.763263,35.806325
18879,,-78.760136,35.806216
18880,,-78.765975,35.807709
18881,,-78.748633,35.78964
18882,,-78.750355,35.790228
18883,,-78.749443,35.794096
18884,,-78.750736,35.795193
18885,,-78.750325,35.796704
18886,,-78.751598,35.791622
18887,,-78.750036,35.797502
18888,,-78.742826,35.785428
18889,,-78.748582,35.793709
18890,,-78.748846,35.800522
18891,,-78.754334,35.80482
18892,,-78.750822,35.803661
18893,,-78.757472,35.806131
18894,,-78.74632,35.802927
18895,,-78.748628,35.800927
18896,,-78.749125,35.799855
18897,,-78.745446,35.805911
18898,,-78.744594,35.806417
18899,,-78.741874,35.806353
18900,,-78.756903,35.825891
18901,,-78.772008,35.818215
18902,,-78.77102,35.821667
18903,,-78.770911,35.82236
18904,,-78.772669,35.829349
18905,,-78.771162,35.828138
18906,,-78.770336,35.826077
18907,,-78.762528,35.827331
18908,,-78.762564,35.832185
18909,,-78.727235,35.79568
18910,,-78.727104,35.797679
18911,,-78.73018,35.800719
18912,,-78.724896,35.799378
18913,,-78.733724,35.798214
18914,,-78.736994,35.7877
18915,,-78.734725,35.787328
18916,,-78.740506,35.7852
18917,,-78.741431,35.785258
18918,,-78.738968,35.782871
18919,,-78.739082,35.788023
18920,,-78.734875,35.7926
18921,,-78.739396,35.795519
18922,,-78.735126,35.793749
18923,,-78.738669,35.797656
18924,,-78.739416,35.794412
18925,,-78.734683,35.791876
18926,,-78.734882,35.796083
18927,,-78.731862,35.789717
18928,,-78.733102,35.787511
18929,,-78.730035,35.789589
18930,,-78.728701,35.786222
18931,,-78.738652,35.805641
18932,,-78.724973,35.799389
18933,,-78.902552,35.916044
18934,,-78.897987,35.915534
18935,,-78.895657,35.915455
18936,,-78.888785,35.915545
18937,,-78.833641,35.961374
18938,,-78.83324,35.962477
18939,,-78.826224,35.956074
18940,,-79.104006,36.092235
18941,,-78.966805,36.01432
18942,,-78.9673,36.016568
18943,,-78.966634,36.016567
18944,,-78.966935,36.01776
18945,,-78.967027,36.019108
18946,,-78.96722,36.020375
18947,,-78.966392,36.011707
18948,,-78.964255,36.015923
18949,,-78.963775,36.015774
18950,,-78.962256,36.015279
18951,,-78.969143,36.022501
18952,,-78.961127,36.01489
18953,,-78.959713,36.014368
18954,,-78.94554,36.019947
18955,,-78.944278,36.022294
18956,,-78.943063,36.022244
18957,,-78.946206,36.039945
18958,,-78.943415,36.041039
18959,,-78.942821,36.043078
18960,,-78.94255,36.045427
18961,,-78.909696,35.983419
18962,,-78.910193,35.983437
18963,,-78.90738,35.983763
18964,,-78.92682,36.043182
18965,,-78.92767,36.043195
18966,,-78.926101,36.043168
18967,,-78.941512,36.047243
18968,,-78.94043,36.049423
18969,,-78.938992,36.050826
18970,,-78.907262,36.047418
18971,,-78.905518,36.067611
18972,,-78.904711,36.067741
18973,,-78.832836,35.890692
18974,,-78.831877,35.889862
18975,,-78.830922,35.888634
18976,,-78.819056,35.896917
18977,,-78.815138,35.899792
18978,,-78.80129,35.867386
18979,,-78.794801,35.871833
18980,,-78.794979,35.872829
18981,,-78.796871,35.872464
18982,,-78.771902,35.91172
18983,,-78.7428,35.887621
18984,,-78.744138,35.887896
18985,,-78.742494,35.887525
18986,,-78.740091,35.887327
18987,,-78.738493,35.887192
18988,,-78.737209,35.885363
18989,,-78.736815,35.886179
18990,,-78.737233,35.886945
18991,,-78.736475,35.886456
18992,,-78.894827,35.928705
18993,,-78.895428,35.929252
18994,,-78.842076,35.973885
18995,,-78.839985,35.973771
18996,,-78.837456,35.973638
18997,,-78.901164,35.9828
18998,,-78.9014,35.983329
18999,,-78.901705,35.983515
19000,,-78.899673,35.982872
19001,,-78.898109,35.981042
19002,,-78.897016,35.980813
19003,,-78.895873,35.980538
19004,,-78.894514,35.980153
19005,,-78.893568,35.97991
19006,,-78.895296,36.000399
19007,,-78.892148,36.000341
19008,,-78.89171,36.000345
19009,,-78.889462,36.000379
19010,,-78.888768,36.000384
19011,,-78.879107,35.980035
19012,,-78.877997,35.9818
19013,,-78.887788,36.000389
19014,,-78.886791,36.000389
19015,,-78.88166,35.999696
19016,,-78.836293,35.973584
19017,,-78.834869,35.973517
19018,,-78.827136,35.970829
19019,,-78.826035,35.970836
19020,,-78.825616,35.970849
19021,,-78.824072,35.970873
19022,,-78.817566,35.955699
19023,,-78.819148,35.969549
19024,,-78.817369,35.968446
19025,,-78.807011,35.966748
19026,,-78.782211,35.928086
19027,,-78.774989,35.919575
19028,,-78.782111,35.926853
19029,,-78.788135,35.935962
19030,,-78.788364,35.937766
19031,,-78.78664,35.934721
19032,,-78.788347,35.936767
19033,,-78.785399,35.931291
19034,,-78.785317,35.93227
19035,,-78.785509,35.933568
19036,,-78.786132,35.935083
19037,,-78.785329,35.935408
19038,,-78.784355,35.935556
19039,,-78.784158,35.937179
19040,,-78.783736,35.937689
19041,,-78.901457,36.058707
19042,,-78.899938,36.058384
19043,,-78.90283,36.066826
19044,,-78.901798,36.066197
19045,,-78.900466,36.065671
19046,,-78.899247,36.065182
19047,,-78.898025,36.064466
19048,,-78.897588,36.064202
19049,,-78.991371,36.386534
19050,,-78.99313,36.389783
19051,,-78.998203,36.406142
19052,,-78.975032,36.400177
19053,,-78.976032,36.415101
19054,,-78.972791,36.418083
19055,,-78.971284,36.418421
19056,,-78.969893,36.41854
19057,,-78.967299,36.420668
19058,,-78.965576,36.420952
19059,,-78.962145,36.421279
19060,,-78.961541,36.421341
19061,,-78.960194,36.421478
19062,,-78.959238,36.421576
19063,,-78.958117,36.421692
19064,,-78.957336,36.421737
19065,,-78.957253,36.421736
19066,,-78.956587,36.421686
19067,,-78.426186,36.125013
19068,,-78.426215,36.125947
19069,,-78.641573,36.207029
19070,,-78.645458,35.939088
19071,,-78.644603,35.940665
19072,,-78.641465,35.94853
19073,,-78.641627,35.95295
19074,,-78.64104,36.036016
19075,,-79.185045,36.174244
19076,,-79.176438,36.119467
19077,,-79.167793,36.163527
19078,,-79.141675,36.173284
19079,,-79.138297,36.173772
19080,,-79.126619,36.178217
19081,,-79.040884,36.173623
19082,,-79.006117,36.177199
19083,,-78.99081,36.173816
19084,,-78.943989,36.176953
19085,,-79.163152,36.209859
19086,,-79.147822,36.171165
19087,,-79.140709,36.194821
19088,,-79.129853,36.177155
19089,,-79.001297,36.177139
19090,,-78.998262,36.176682
19091,,-78.945601,36.183835
19092,,-78.917457,36.175824
19093,,-78.755391,36.174048
19094,,-78.752593,36.177876
19095,,-79.235273,36.109398
19096,,-79.228683,36.134628
19097,,-79.228322,36.108732
19098,,-79.227345,36.10872
19099,,-79.223867,36.10868
19100,,-79.221634,36.108211
19101,,-79.206813,36.10566
19102,,-79.193649,36.116128
19103,,-79.250505,36.169108
19104,,-79.23488,36.138868
19105,,-79.27659,36.13487
19106,,-79.277305,36.139344
19107,,-79.275771,36.13196
19108,,-79.276541,36.134572
19109,,-79.274231,36.149493
19110,,-79.276579,36.14311
19111,,-79.275764,36.148034
19112,,-79.248754,36.128243
19113,,-79.249289,36.132848
19114,,-79.236213,36.114753
19115,,-79.247116,36.135946
19116,,-79.256665,36.154315
19117,,-79.265155,36.156675
19118,,-79.251212,36.146651
19119,,-79.25489,36.151351
19120,,-79.253097,36.168302
19121,,-79.250246,36.169266
19122,,-79.170072,36.074763
19123,,-79.216758,36.107276
19124,,-79.225396,36.108695
19125,,-79.218085,36.10739
19126,,-79.219258,36.107558
19127,,-79.207769,36.105707
19128,,-79.213129,36.101936
19129,,-79.215136,36.097464
19130,,-79.214171,36.099687
19131,,-79.209393,36.105791
19132,,-79.195675,36.10555
19133,,-79.175514,36.091465
19134,,-79.189558,36.105679
19135,,-79.173662,36.079648
19136,,-79.170097,36.079112
19137,,-79.180799,36.081189
19138,,-79.178277,36.081188
19139,,-79.175782,36.081187
19140,,-79.18247,36.08119
19141,,-79.168981,36.081197
19142,,-79.173949,36.082859
19143,,-79.200324,36.152505
19144,,-79.195571,36.168389
19145,,-79.199684,36.154064
19146,,-79.211798,36.126243
19147,,-79.209631,36.125195
19148,,-79.228334,36.120814
19149,,-79.228251,36.125005
19150,,-79.228228,36.125923
19151,,-79.228195,36.12127
19152,,-79.224946,36.13043
19153,,-79.219408,36.140685
19154,,-79.22656,36.128197
19155,,-79.226165,36.128603
19156,,-79.228229,36.134369
19157,,-79.225056,36.132614
19158,,-79.222575,36.134819
19159,,-79.220139,36.129874
19160,,-79.221273,36.137207
19161,,-79.220451,36.138731
19162,,-79.221452,36.136877
19163,,-79.208018,36.1242
19164,,-79.215209,36.127946
19165,,-79.216883,36.144289
19166,,-79.210875,36.14747
19167,,-79.202786,36.150721
19168,,-79.215593,36.14491
19169,,-79.190121,36.11239
19170,,-79.176431,36.11437
19171,,-79.17481,36.123702
19172,,-79.175542,36.126205
19173,,-79.175752,36.128368
19174,,-79.180753,36.139534
19175,,-79.184411,36.149751
19176,,-79.167724,36.159189
19177,,-79.19068,36.154325
19178,,-79.186423,36.151301
19179,,-79.194832,36.156056
19180,,-79.198639,36.158707
19181,,-79.187565,36.152156
19182,,-79.197473,36.162376
19183,,-79.196021,36.167012
19184,,-79.192634,36.174466
19185,,-79.1972,36.16326
19186,,-79.196665,36.16498
19187,,-79.198072,36.160494
19188,,-79.193845,36.175112
19189,,-79.179295,36.14417
19190,,-79.179382,36.143873
19191,,-79.232466,36.204674
19192,,-79.234079,36.225065
19193,,-79.243408,36.201457
19194,,-79.245883,36.178871
19195,,-79.238393,36.183736
19196,,-79.237199,36.189849
19197,,-79.237203,36.1899
19198,,-79.235583,36.200477
19199,,-79.235735,36.203692
19200,,-79.233949,36.224898
19201,,-79.236912,36.231327
19202,,-79.242347,36.242345
19203,,-79.228703,36.206172
19204,,-79.203406,36.188634
19205,,-79.210492,36.189325
19206,,-79.217322,36.203863
19207,,-79.218891,36.207701
19208,,-79.205498,36.183724
19209,,-79.201514,36.180638
19210,,-79.213688,36.19582
19211,,-79.200737,36.205035
19212,,-79.214121,36.215925
19213,,-79.207723,36.218762
19214,,-79.174603,36.190192
19215,,-79.167522,36.18306
19216,,-79.181731,36.218704
19217,,-79.183564,36.221904
19218,,-79.187683,36.232668
19219,,-79.197285,36.22733
19220,,-79.19591,36.230757
19221,,-79.192837,36.235249
19222,,-79.175292,36.213308
19223,,-79.176122,36.215484
19224,,-79.179296,36.216859
19225,,-79.190179,36.242386
19226,,-78.90868,35.93575
19227,,-78.904369,35.946058
19228,,-78.905419,35.965798
19229,,-78.90567,35.979634
19230,,-78.905988,35.986633
19231,,-78.90266,35.987392
19232,,-78.905134,36.002411
19233,,-78.905633,36.006637
19234,,-78.907451,36.093841
19235,,-78.910074,36.099785
19236,,-78.909998,36.098838
19237,,-78.90595,36.111517
19238,,-78.904562,36.114879
19239,,-78.905576,36.118731
19240,,-78.904713,36.133328
19241,,-78.904272,36.169558
19242,,-78.798974,35.914566
19243,,-78.692476,35.913425
19244,,-78.684614,35.913228
19245,,-78.907905,35.937028
19246,,-78.901091,35.950872
19247,,-78.907423,35.963613
19248,,-78.905209,35.980186
19249,,-78.906066,35.984396
19250,,-78.905827,35.98623
19251,,-78.905657,36.004449
19252,,-78.905629,36.007668
19253,,-78.905626,36.008712
19254,,-78.905589,36.011039
19255,,-78.905537,36.015426
19256,,-78.905578,36.012162
19257,,-78.905535,36.027781
19258,,-78.904347,36.028833
19259,,-78.905524,36.030536
19260,,-78.905955,36.036858
19261,,-78.905901,36.041531
19262,,-78.905863,36.042924
19263,,-78.903167,36.047569
19264,,-78.905812,36.047458
19265,,-78.90467,36.064174
19266,,-78.905307,36.07856
19267,,-78.766277,35.913772
19268,,-78.707025,35.914131
19269,,-78.693105,35.913138
19270,,-79.039909,36.020913
19271,,-79.040193,36.022901
19272,,-79.038708,36.029652
19273,,-79.038133,36.104341
19274,,-79.043897,36.149044
19275,,-79.033614,36.039
19276,,-79.027062,36.043763
19277,,-78.962716,36.042931
19278,,-78.911313,36.044489
19279,,-78.910417,36.045045
19280,,-79.026392,36.044253
19281,,-79.026006,36.044543
19282,,-79.008726,36.048276
19283,,-79.033648,36.127573
19284,,-78.965098,36.04466
19285,,-78.963989,36.043857
19286,,-79.096782,36.034701
19287,,-79.098715,36.041751
19288,,-79.069072,36.020506
19289,,-79.044031,36.01165
19290,,-79.089697,36.038092
19291,,-79.079457,36.024761
19292,,-79.080073,36.027708
19293,,-79.079621,36.025545
19294,,-79.046416,36.005545
19295,,-79.060673,36.025977
19296,,-79.038803,36.029249
19297,,-79.061516,36.025068
19298,,-79.058377,36.037505
19299,,-79.061757,36.043327
19300,,-79.058807,36.038116
19301,,-79.058438,36.038911
19302,,-79.059007,36.040902
19303,,-79.041096,36.016456
19304,,-79.040112,36.02389
19305,,-79.039632,36.026574
19306,,-79.047699,36.034414
19307,,-79.138555,36.121735
19308,,-79.102102,36.0497
19309,,-79.099353,36.074513
19310,,-79.099498,36.077048
19311,,-79.099573,36.0787
19312,,-79.102848,36.095428
19313,,-79.11533,36.122436
19314,,-79.09769,36.111275
19315,,-79.102995,36.060737
19316,,-79.103531,36.08976
19317,,-79.101313,36.100275
19318,,-79.111224,36.077589
19319,,-79.158145,36.074611
19320,,-79.160676,36.070983
19321,,-79.136211,36.059009
19322,,-79.157604,36.082177
19323,,-79.167006,36.081202
19324,,-79.165919,36.081204
19325,,-79.139373,36.082635
19326,,-79.119039,36.070102
19327,,-79.119369,36.073128
19328,,-79.11983,36.076051
19329,,-79.108664,36.061613
19330,,-79.118389,36.074872
19331,,-79.125083,36.052389
19332,,-79.120339,36.051828
19333,,-79.119568,36.05135
19334,,-79.12839,36.069342
19335,,-79.124176,36.06785
19336,,-79.119028,36.069986
19337,,-79.119347,36.07294
19338,,-79.119161,36.071255
19339,,-79.119264,36.072207
19340,,-79.103187,36.0521
19341,,-79.103811,36.052992
19342,,-79.103942,36.053256
19343,,-79.11623,36.050932
19344,,-79.117603,36.051083
19345,,-79.11207,36.050144
19346,,-79.116097,36.056688
19347,,-79.110955,36.05994
19348,,-79.108924,36.049861
19349,,-79.108298,36.050026
19350,,-79.107492,36.050229
19351,,-79.108699,36.04992
19352,,-79.103654,36.058995
19353,,-79.109589,36.06091
19354,,-79.103801,36.058432
19355,,-79.110992,36.072461
19356,,-79.111098,36.074203
19357,,-79.11122,36.077092
19358,,-79.116037,36.075179
19359,,-79.115275,36.075269
19360,,-79.113745,36.075337
19361,,-79.111552,36.071678
19362,,-79.114618,36.070593
19363,,-79.114305,36.075339
19364,,-79.113205,36.075341
19365,,-79.108438,36.062903
19366,,-79.105762,36.062429
19367,,-79.109892,36.075093
19368,,-79.108643,36.075124
19369,,-79.102501,36.075318
19370,,-79.118756,36.086238
19371,,-79.12635,36.082794
19372,,-79.122533,36.081416
19373,,-79.123506,36.081863
19374,,-79.121899,36.080966
19375,,-79.121359,36.080225
19376,,-79.122901,36.081605
19377,,-79.116092,36.086675
19378,,-79.11368,36.08699
19379,,-79.111422,36.082595
19380,,-79.111248,36.078642
19381,,-79.109335,36.087191
19382,,-79.117856,36.085641
19383,,-79.111304,36.080286
19384,,-79.111574,36.083862
19385,,-79.11799,36.086368
19386,,-79.112979,36.086948
19387,,-79.105734,36.082868
19388,,-79.102747,36.082858
19389,,-79.107434,36.083613
19390,,-79.104421,36.082817
19391,,-79.103876,36.082829
19392,,-79.104367,36.086954
19393,,-79.102909,36.088146
19394,,-79.117532,36.10894
19395,,-79.117984,36.109585
19396,,-79.107495,36.100676
19397,,-79.143439,36.172923
19398,,-79.132838,36.118109
19399,,-79.114753,36.136646
19400,,-79.129638,36.15954
19401,,-79.144864,36.12853
19402,,-79.142734,36.126594
19403,,-79.142035,36.125824
19404,,-79.137363,36.1202
19405,,-79.138367,36.135375
19406,,-79.137417,36.135365
19407,,-79.153765,36.169702
19408,,-79.146273,36.171613
19409,,-79.142924,36.173029
19410,,-79.117843,36.1285
19411,,-79.115185,36.122037
19412,,-79.124389,36.11793
19413,,-79.128929,36.118973
19414,,-79.123638,36.116663
19415,,-79.129939,36.135016
19416,,-79.128249,36.134774
19417,,-79.13224,36.135181
19418,,-79.119029,36.131902
19419,,-79.122535,36.134844
19420,,-79.119373,36.13683
19421,,-79.112447,36.114442
19422,,-79.113057,36.116072
19423,,-79.112903,36.115663
19424,,-79.114487,36.120075
19425,,-79.116171,36.124616
19426,,-79.117263,36.12715
19427,,-79.11512,36.136647
19428,,-79.108448,36.138263
19429,,-79.106073,36.138227
19430,,-79.105119,36.137783
19431,,-79.104137,36.137224
19432,,-79.117157,36.146763
19433,,-79.122351,36.144733
19434,,-79.119404,36.145289
19435,,-79.130137,36.162849
19436,,-79.132983,36.175836
19437,,-79.115174,36.148122
19438,,-79.113862,36.150893
19439,,-79.116738,36.14704
19440,,-79.069104,36.051975
19441,,-79.074998,36.078811
19442,,-79.073711,36.07774
19443,,-79.070051,36.10794
19444,,-79.069565,36.051535
19445,,-79.067334,36.055819
19446,,-79.065762,36.071546
19447,,-79.085529,36.06497
19448,,-79.101315,36.065611
19449,,-79.09602,36.068126
19450,,-79.101313,36.063905
19451,,-79.099302,36.073383
19452,,-79.098774,36.075411
19453,,-79.095037,36.077113
19454,,-79.091294,36.066377
19455,,-79.088621,36.066163
19456,,-79.078571,36.051295
19457,,-79.075472,36.052941
19458,,-79.07385,36.052548
19459,,-79.080997,36.046568
19460,,-79.08186,36.045239
19461,,-79.079423,36.048908
19462,,-79.080442,36.056151
19463,,-79.069265,36.048806
19464,,-79.083061,36.065061
19465,,-79.077486,36.063049
19466,,-79.072875,36.061814
19467,,-79.084294,36.092792
19468,,-79.08355,36.095984
19469,,-79.089195,36.084675
19470,,-79.101588,36.082886
19471,,-79.0997,36.081342
19472,,-79.100077,36.082918
19473,,-79.093658,36.077763
19474,,-79.085843,36.084146
19475,,-79.091877,36.101733
19476,,-79.099924,36.098484
19477,,-79.100755,36.101952
19478,,-79.072217,36.084286
19479,,-79.080028,36.081892
19480,,-79.083368,36.084851
19481,,-79.077806,36.080903
19482,,-79.081441,36.082881
19483,,-79.083579,36.08683
19484,,-79.083735,36.088126
19485,,-79.074206,36.078141
19486,,-79.07613,36.083062
19487,,-79.074948,36.083442
19488,,-79.073632,36.083844
19489,,-79.077622,36.103178
19490,,-79.08186,36.098289
19491,,-79.081092,36.099055
19492,,-79.081782,36.098365
19493,,-79.053425,36.059716
19494,,-79.067608,36.05467
19495,,-79.053408,36.057196
19496,,-79.065325,36.045015
19497,,-79.066586,36.058472
19498,,-79.05567,36.057719
19499,,-79.060288,36.076144
19500,,-79.060107,36.07658
19501,,-79.051028,36.05652
19502,,-79.042949,36.053792
19503,,-79.064247,36.090181
19504,,-79.053962,36.104379
19505,,-79.053026,36.109251
19506,,-79.058969,36.079343
19507,,-79.05208,36.094247
19508,,-79.05413,36.097417
19509,,-79.065492,36.101588
19510,,-79.064819,36.097903
19511,,-79.064555,36.095547
19512,,-79.066426,36.109031
19513,,-79.053878,36.100574
19514,,-79.045047,36.099661
19515,,-79.036698,36.105225
19516,,-79.06669,36.125336
19517,,-79.07266,36.137477
19518,,-79.070233,36.140364
19519,,-79.069372,36.141052
19520,,-79.067948,36.142243
19521,,-79.067121,36.143014
19522,,-79.065033,36.146485
19523,,-79.068123,36.157833
19524,,-79.080851,36.126423
19525,,-79.087216,36.120919
19526,,-79.092679,36.133091
19527,,-79.086947,36.132115
19528,,-79.08201,36.124894
19529,,-79.08167,36.131824
19530,,-79.070627,36.13036
19531,,-79.079909,36.163293
19532,,-79.074262,36.160632
19533,,-79.078711,36.162872
19534,,-79.083463,36.164404
19535,,-79.072962,36.160033
19536,,-79.05034,36.113244
19537,,-79.048456,36.116148
19538,,-79.040029,36.123625
19539,,-79.066783,36.126103
19540,,-79.06655,36.123865
19541,,-79.053401,36.124347
19542,,-79.049793,36.11409
19543,,-79.042283,36.121161
19544,,-79.050369,36.12182
19545,,-79.049,36.120738
19546,,-79.053789,36.165458
19547,,-79.049513,36.168145
19548,,-79.060313,36.154904
19549,,-79.063435,36.149276
19550,,-79.054689,36.152661
19551,,-79.055689,36.164138
19552,,-79.040664,36.145609
19553,,-79.045788,36.152444
19554,,-79.044079,36.149577
19555,,-79.043648,36.171866
19556,,-78.95647,35.982979
19557,,-78.959543,35.97378
19558,,-78.950648,35.980345
19559,,-78.947243,35.979085
19560,,-78.945556,35.97856
19561,,-78.944012,35.978078
19562,,-78.91512,35.979186
19563,,-78.908711,35.97558
19564,,-78.992547,35.976075
19565,,-78.990165,35.976856
19566,,-78.990061,35.978467
19567,,-78.985242,35.975229
19568,,-78.976573,35.967182
19569,,-78.976209,35.965951
19570,,-78.97678,35.968567
19571,,-78.97758,35.975506
19572,,-78.975701,35.975555
19573,,-78.995371,36.011797
19574,,-78.993038,36.0108
19575,,-78.990862,36.010258
19576,,-79.022353,35.999552
19577,,-79.007485,35.993341
19578,,-79.003813,35.992263
19579,,-79.013556,35.998337
19580,,-79.015248,35.999161
19581,,-79.009318,35.995802
19582,,-79.01944,36.037008
19583,,-79.011799,36.028219
19584,,-79.023441,36.025595
19585,,-79.023403,36.027263
19586,,-79.02303,36.027787
19587,,-79.025332,36.031957
19588,,-79.033233,36.033009
19589,,-79.035283,36.033041
19590,,-79.02937,36.032586
19591,,-79.0283,36.042833
19592,,-79.022434,36.029014
19593,,-79.022255,36.029641
19594,,-79.016138,36.02184
19595,,-79.010864,36.018508
19596,,-79.014091,36.041195
19597,,-79.017259,36.030456
19598,,-79.016487,36.030223
19599,,-79.014042,36.029432
19600,,-79.014773,36.040958
19601,,-79.008943,36.029575
19602,,-79.007589,36.029787
19603,,-79.004772,36.035461
19604,,-78.989883,35.983107
19605,,-78.994481,35.996798
19606,,-78.985627,36.006912
19607,,-78.997292,35.990694
19608,,-78.993963,35.993584
19609,,-78.997198,35.981938
19610,,-78.997899,35.990845
19611,,-78.989902,35.982348
19612,,-78.990691,35.985114
19613,,-78.990289,35.984358
19614,,-78.993801,35.995394
19615,,-78.992238,36.002895
19616,,-78.994762,35.99849
19617,,-78.992977,36.001465
19618,,-78.981296,35.992397
19619,,-78.985297,36.006711
19620,,-78.97527,35.996022
19621,,-78.999073,36.031132
19622,,-78.996646,36.012304
19623,,-79.002105,36.030663
19624,,-78.992368,36.032893
19625,,-78.981242,36.036591
19626,,-78.984759,36.032494
19627,,-78.981427,36.03435
19628,,-78.981381,36.034877
19629,,-78.981002,36.039251
19630,,-78.98127,36.041546
19631,,-78.982288,36.044528
19632,,-78.980943,36.039897
19633,,-78.981047,36.038801
19634,,-78.981014,36.039128
19635,,-78.977503,36.033098
19636,,-78.942148,35.946421
19637,,-78.941907,35.946645
19638,,-78.93806,35.951251
19639,,-78.940121,35.963488
19640,,-78.932847,35.959951
19641,,-78.940271,35.961685
19642,,-78.940063,35.964946
19643,,-78.921097,35.94663
19644,,-78.919259,35.94862
19645,,-78.918065,35.948946
19646,,-78.955093,35.968282
19647,,-78.957916,35.970099
19648,,-78.962354,35.960781
19649,,-78.956652,35.954366
19650,,-78.954763,35.95952
19651,,-78.957663,35.96083
19652,,-78.956368,35.962724
19653,,-78.961066,35.974234
19654,,-78.964193,35.97534
19655,,-78.963318,35.97502
19656,,-78.961323,35.968039
19657,,-78.958675,35.96936
19658,,-78.956021,35.963888
19659,,-78.961185,35.974272
19660,,-78.957935,35.972798
19661,,-78.954868,35.973609
19662,,-78.951057,35.957167
19663,,-78.945078,35.95813
19664,,-78.946318,35.95824
19665,,-78.94757,35.961126
19666,,-78.949681,35.957266
19667,,-78.948595,35.957439
19668,,-78.947593,35.959983
19669,,-78.93896,35.949596
19670,,-78.943063,35.9584
19671,,-78.941661,35.958569
19672,,-78.945503,35.958171
19673,,-78.93956,35.958529
19674,,-78.940335,35.960897
19675,,-78.940032,35.959243
19676,,-78.950093,35.971342
19677,,-78.952787,35.966424
19678,,-78.94514,35.978429
19679,,-78.944219,35.975396
19680,,-78.941387,35.977245
19681,,-78.924978,35.941757
19682,,-78.921721,35.935638
19683,,-78.928539,35.940536
19684,,-78.926309,35.938324
19685,,-78.92393,35.937236
19686,,-78.922368,35.935912
19687,,-78.928306,35.94258
19688,,-78.925194,35.940186
19689,,-78.91083,35.928353
19690,,-78.91045,35.929492
19691,,-78.907478,35.938122
19692,,-78.917751,35.932973
19693,,-78.918501,35.933887
19694,,-78.918569,35.933955
19695,,-78.920397,35.935176
19696,,-78.9217,35.935631
19697,,-78.919086,35.942502
19698,,-78.917097,35.941963
19699,,-78.909291,35.932234
19700,,-78.908832,35.933388
19701,,-78.911922,35.941137
19702,,-78.924592,35.959259
19703,,-78.916299,35.949634
19704,,-78.923461,35.967807
19705,,-78.916451,35.967038
19706,,-78.922193,35.967035
19707,,-78.921702,35.976001
19708,,-78.920649,35.977599
19709,,-78.920536,35.978559
19710,,-78.937652,35.95192
19711,,-78.93497,35.956452
19712,,-78.933419,35.958638
19713,,-78.931153,35.958257
19714,,-78.930948,35.958274
19715,,-78.933646,35.958336
19716,,-78.929893,35.958149
19717,,-78.923157,35.961706
19718,,-78.936199,35.969151
19719,,-78.934915,35.969488
19720,,-78.932598,35.964071
19721,,-78.932453,35.968269
19722,,-78.93243,35.968925
19723,,-78.927325,35.970186
19724,,-78.934256,35.969669
19725,,-78.932578,35.964608
19726,,-78.935714,35.974684
19727,,-78.931931,35.97397
19728,,-78.925848,35.969309
19729,,-78.925831,35.972025
19730,,-78.924883,35.973608
19731,,-78.92982,35.971507
19732,,-78.924582,35.974051
19733,,-78.915461,35.950417
19734,,-78.916315,35.94962
19735,,-78.911478,35.951273
19736,,-78.906726,35.952467
19737,,-78.912866,35.96039
19738,,-78.911977,35.960244
19739,,-78.909921,35.960895
19740,,-78.909411,35.961445
19741,,-78.917497,35.976697
19742,,-78.920956,35.964289
19743,,-78.921006,35.964246
19744,,-78.916756,35.974547
19745,,-78.91684,35.97737
19746,,-78.916021,35.978227
19747,,-78.919431,35.976583
19748,,-78.918481,35.976522
19749,,-78.916373,35.97786
19750,,-78.905928,35.965243
19751,,-78.90832,35.975753
19752,,-78.911096,35.974181
19753,,-78.906755,35.976945
19754,,-78.953676,36.027115
19755,,-78.936738,36.028943
19756,,-78.941706,35.984574
19757,,-78.94012,35.988452
19758,,-78.938579,35.989853
19759,,-78.928086,36.010519
19760,,-78.925558,36.014136
19761,,-78.924315,36.014093
19762,,-78.923057,36.014046
19763,,-78.920589,36.013598
19764,,-78.916943,36.013447
19765,,-78.914512,36.013354
19766,,-78.913901,36.013331
19767,,-78.913298,36.013308
19768,,-78.912689,36.013285
19769,,-78.939895,36.012678
19770,,-78.918167,36.013494
19771,,-78.954725,36.00679
19772,,-78.96289,35.986477
19773,,-78.9602,35.984979
19774,,-78.959041,35.984343
19775,,-78.964228,35.999388
19776,,-78.946661,35.995558
19777,,-78.952117,35.980998
19778,,-78.951902,35.980904
19779,,-78.948549,36.009584
19780,,-78.942705,36.010286
19781,,-78.944094,36.008719
19782,,-78.942727,36.010752
19783,,-78.939537,36.011617
19784,,-78.939069,36.011355
19785,,-78.957579,36.023632
19786,,-78.962104,36.026611
19787,,-78.96723,36.027114
19788,,-78.969611,36.027398
19789,,-78.962718,36.026735
19790,,-78.957731,36.018866
19791,,-78.95768,36.016021
19792,,-78.957823,36.017777
19793,,-78.957682,36.0195
19794,,-78.956386,36.013012
19795,,-78.957671,36.020142
19796,,-78.95778,36.02063
19797,,-78.957387,36.023723
19798,,-78.960595,36.025682
19799,,-78.960602,36.041768
19800,,-78.955815,36.0378
19801,,-78.956009,36.038078
19802,,-78.95649,36.039152
19803,,-78.957375,36.041766
19804,,-78.954824,36.042603
19805,,-78.947901,36.014381
19806,,-78.953477,36.027719
19807,,-78.952541,36.022004
19808,,-78.945545,36.017139
19809,,-78.944702,36.018665
19810,,-78.940409,36.012647
19811,,-78.95441,36.035923
19812,,-78.947385,36.038538
19813,,-78.952209,36.031495
19814,,-78.951555,36.039568
19815,,-78.922279,35.996785
19816,,-78.9203,35.98462
19817,,-78.921489,35.99521
19818,,-78.91905,35.996684
19819,,-78.921849,36.002155
19820,,-78.914327,35.996866
19821,,-78.922348,36.006107
19822,,-78.921911,36.011834
19823,,-78.91178,35.996939
19824,,-78.930676,35.983225
19825,,-78.929871,35.984412
19826,,-78.933391,35.985274
19827,,-78.924198,35.986654
19828,,-78.921906,35.986515
19829,,-78.933201,35.982881
19830,,-78.934944,35.979876
19831,,-78.933173,35.98671
19832,,-78.934312,35.981146
19833,,-78.93169,35.98215
19834,,-78.930905,35.982785
19835,,-78.933044,35.988128
19836,,-78.931777,35.992357
19837,,-78.937394,35.990351
19838,,-78.93307,35.987705
19839,,-78.933008,35.990013
19840,,-78.929505,35.984697
19841,,-78.925311,35.986756
19842,,-78.928424,35.992303
19843,,-78.927702,35.99229
19844,,-78.92643,35.992268
19845,,-78.924983,35.992233
19846,,-78.924971,35.988947
19847,,-78.925778,35.987813
19848,,-78.923778,35.990607
19849,,-78.930903,36.009286
19850,,-78.928826,36.010701
19851,,-78.930101,36.002136
19852,,-78.926606,36.003898
19853,,-78.924605,36.005339
19854,,-78.934285,36.004279
19855,,-78.937258,36.010024
19856,,-78.936011,36.009213
19857,,-78.938065,36.011303
19858,,-78.933457,36.005356
19859,,-78.926136,36.000396
19860,,-78.927173,35.997957
19861,,-78.926857,36.002826
19862,,-78.923465,35.996987
19863,,-78.92395,35.998257
19864,,-78.926873,36.0105
19865,,-78.925779,36.010475
19866,,-78.922001,36.010401
19867,,-78.923265,36.010407
19868,,-78.921082,35.986463
19869,,-78.919604,35.986362
19870,,-78.91668,35.987241
19871,,-78.913184,35.987161
19872,,-78.910755,35.987103
19873,,-78.907516,35.987075
19874,,-78.917866,35.986637
19875,,-78.920296,35.980748
19876,,-78.920309,35.98314
19877,,-78.918471,35.986374
19878,,-78.914036,35.980352
19879,,-78.921517,35.992023
19880,,-78.91882,35.991883
19881,,-78.918532,35.995239
19882,,-78.916824,35.991783
19883,,-78.915647,35.991736
19884,,-78.914309,35.991692
19885,,-78.920071,35.989451
19886,,-78.920134,35.988369
19887,,-78.915872,35.991744
19888,,-78.915072,35.991717
19889,,-78.91207,35.983872
19890,,-78.912067,35.983883
19891,,-78.908811,35.994024
19892,,-78.909053,35.989117
19893,,-78.911935,35.989203
19894,,-78.911729,35.994005
19895,,-78.907599,35.994641
19896,,-78.920001,35.996682
19897,,-78.919274,35.996683
19898,,-78.914885,35.997282
19899,,-78.914178,35.999366
19900,,-78.91572,35.996811
19901,,-78.917446,35.996727
19902,,-78.916785,36.003824
19903,,-78.91986,36.00536
19904,,-78.921046,36.006336
19905,,-78.920809,36.009981
19906,,-78.921412,36.010008
19907,,-78.918972,36.009898
19908,,-78.918402,36.009875
19909,,-78.917775,36.009853
19910,,-78.919683,36.008535
19911,,-78.917178,36.009829
19912,,-78.915949,36.009777
19913,,-78.915352,36.009753
19914,,-78.914737,36.009734
19915,,-78.914133,36.009709
19916,,-78.910038,35.999203
19917,,-78.912557,36.002091
19918,,-78.909497,36.001382
19919,,-78.908281,36.002842
19920,,-78.908804,35.997776
19921,,-78.910287,35.997777
19922,,-78.908751,35.998468
19923,,-78.906677,35.99969
19924,,-78.908279,36.003423
19925,,-78.910293,35.998167
19926,,-78.912493,36.003452
19927,,-78.907381,35.998903
19928,,-78.908279,36.002276
19929,,-78.907113,36.00115
19930,,-78.908276,36.00394
19931,,-78.90827,36.004972
19932,,-78.908263,36.006083
19933,,-78.90826,36.007143
19934,,-78.908273,36.004461
19935,,-78.908262,36.008716
19936,,-78.908264,36.011068
19937,,-78.912461,36.003958
19938,,-78.912394,36.004987
19939,,-78.912244,36.007155
19940,,-78.912427,36.004482
19941,,-78.912279,36.006649
19942,,-78.912208,36.007684
19943,,-78.913485,36.009687
19944,,-78.912924,36.009666
19945,,-78.912234,36.008183
19946,,-78.912389,36.00873
19947,,-78.911087,36.009946
19948,,-78.905638,36.006077
19949,,-78.90563,36.007133
19950,,-78.905633,36.006621
19951,,-78.908259,36.00817
19952,,-78.922458,36.026296
19953,,-78.916747,36.040192
19954,,-78.921675,36.015604
19955,,-78.931087,36.013845
19956,,-78.93501,36.015262
19957,,-78.934121,36.017738
19958,,-78.936219,36.018839
19959,,-78.936134,36.019796
19960,,-78.931758,36.013041
19961,,-78.933196,36.012127
19962,,-78.929744,36.017584
19963,,-78.929099,36.013792
19964,,-78.927894,36.013743
19965,,-78.926697,36.014175
19966,,-78.927488,36.017502
19967,,-78.928371,36.017534
19968,,-78.922258,36.017297
19969,,-78.92211,36.026026
19970,,-78.923308,36.026963
19971,,-78.933919,36.037648
19972,,-78.932713,36.037677
19973,,-78.931509,36.037709
19974,,-78.929132,36.033428
19975,,-78.929588,36.039751
19976,,-78.929482,36.04409
19977,,-78.935772,36.031242
19978,,-78.934053,36.037645
19979,,-78.937875,36.037254
19980,,-78.935335,36.044179
19981,,-78.928655,36.031449
19982,,-78.929234,36.034488
19983,,-78.92797,36.030645
19984,,-78.92766,36.030887
19985,,-78.926964,36.03795
19986,,-78.9295,36.043225
19987,,-78.922945,36.038227
19988,,-78.916463,36.021539
19989,,-78.915053,36.020421
19990,,-78.920975,36.017244
19991,,-78.920353,36.017217
19992,,-78.917939,36.017107
19993,,-78.916755,36.01706
19994,,-78.914299,36.016971
19995,,-78.921184,36.013624
19996,,-78.919274,36.015352
19997,,-78.921684,36.015462
19998,,-78.918535,36.017135
19999,,-78.91905,36.018987
20000,,-78.917632,36.022466
20001,,-78.917973,36.024128
20002,,-78.919905,36.024277
20003,,-78.917268,36.02475
20004,,-78.918942,36.020786
20005,,-78.920897,36.025068
20006,,-78.915848,36.021052
20007,,-78.916088,36.025731
20008,,-78.913892,36.025527
20009,,-78.91067,36.016905
20010,,-78.909479,36.016931
20011,,-78.908269,36.012227
20012,,-78.908292,36.014931
20013,,-78.906935,36.016913
20014,,-78.910909,36.013213
20015,,-78.90971,36.013165
20016,,-78.911987,36.015077
20017,,-78.906766,36.01306
20018,,-78.905536,36.014825
20019,,-78.911483,36.02552
20020,,-78.907863,36.025538
20021,,-78.910602,36.03586
20022,,-78.907499,36.03442
20023,,-78.911386,36.036179
20024,,-78.913278,36.042829
20025,,-78.912339,36.043722
20026,,-78.917794,36.039805
20027,,-78.920685,36.038602
20028,,-78.918872,36.039363
20029,,-78.910982,36.03097
20030,,-78.910757,36.033117
20031,,-78.906905,36.0289
20032,,-78.908375,36.03501
20033,,-78.908488,36.037176
20034,,-78.912295,36.036637
20035,,-78.909688,36.039919
20036,,-78.971614,36.05051
20037,,-78.972563,36.051888
20038,,-79.024376,36.108279
20039,,-78.971448,36.1206
20040,,-78.970172,36.156165
20041,,-78.970468,36.048853
20042,,-78.973353,36.053048
20043,,-78.972696,36.096241
20044,,-79.002662,36.058373
20045,,-78.992398,36.105659
20046,,-78.974339,36.077669
20047,,-79.027805,36.048396
20048,,-79.03572,36.051391
20049,,-79.027239,36.048115
20050,,-79.025188,36.047137
20051,,-79.023699,36.045677
20052,,-79.008376,36.048872
20053,,-79.001616,36.059433
20054,,-79.003414,36.057214
20055,,-78.989579,36.067193
20056,,-78.993412,36.072152
20057,,-78.997306,36.06665
20058,,-78.992944,36.074276
20059,,-78.992753,36.074943
20060,,-78.982494,36.046471
20061,,-78.977524,36.05177
20062,,-78.970885,36.049419
20063,,-78.974296,36.069759
20064,,-78.983107,36.066485
20065,,-78.986214,36.067283
20066,,-78.981999,36.065969
20067,,-78.973548,36.07566
20068,,-78.990763,36.099322
20069,,-78.991408,36.08987
20070,,-78.989919,36.084681
20071,,-78.990967,36.077841
20072,,-78.990463,36.078676
20073,,-78.990771,36.08779
20074,,-78.99127,36.089421
20075,,-78.990516,36.08686
20076,,-78.990789,36.099176
20077,,-78.99252,36.110058
20078,,-78.991062,36.097522
20079,,-78.991087,36.096027
20080,,-78.991067,36.097224
20081,,-78.977312,36.085278
20082,,-78.975772,36.091554
20083,,-78.975104,36.092992
20084,,-78.97533,36.079758
20085,,-78.976008,36.082959
20086,,-79.03209,36.141671
20087,,-79.016744,36.137382
20088,,-79.009495,36.139792
20089,,-79.025963,36.140219
20090,,-78.998323,36.144686
20091,,-79.031875,36.12855
20092,,-79.03592,36.126304
20093,,-79.031027,36.129016
20094,,-79.021953,36.133656
20095,,-79.009462,36.114352
20096,,-79.008043,36.132653
20097,,-78.987048,36.135604
20098,,-79.000859,36.116593
20099,,-79.003146,36.123548
20100,,-78.997849,36.113582
20101,,-78.994726,36.141054
20102,,-78.987107,36.118088
20103,,-78.973824,36.113326
20104,,-78.974563,36.12057
20105,,-78.973909,36.120688
20106,,-78.985103,36.135087
20107,,-78.985624,36.135233
20108,,-78.992567,36.154213
20109,,-78.989784,36.156184
20110,,-78.987538,36.171407
20111,,-78.993478,36.153418
20112,,-78.986206,36.159131
20113,,-78.984465,36.16164
20114,,-78.999438,36.146121
20115,,-78.995124,36.151764
20116,,-78.994062,36.152913
20117,,-79.002197,36.145144
20118,,-78.993432,36.153463
20119,,-78.990123,36.17331
20120,,-78.972159,36.158394
20121,,-78.98546,36.169877
20122,,-78.977515,36.165206
20123,,-78.97769,36.172238
20124,,-78.976449,36.175445
20125,,-78.96829,36.075596
20126,,-78.962267,36.076411
20127,,-78.955307,36.075981
20128,,-78.953745,36.07595
20129,,-78.949054,36.07759
20130,,-78.935385,36.051481
20131,,-78.923537,36.078369
20132,,-78.907061,36.078046
20133,,-78.955537,36.050502
20134,,-78.952876,36.057698
20135,,-78.948903,36.06083
20136,,-78.947918,36.061302
20137,,-78.954073,36.07595
20138,,-78.96639,36.045194
20139,,-78.968784,36.0468
20140,,-78.969292,36.047395
20141,,-78.970859,36.049383
20142,,-78.95663,36.046813
20143,,-78.970707,36.075166
20144,,-78.958411,36.076162
20145,,-78.945049,36.060837
20146,,-78.952072,36.093833
20147,,-78.958735,36.092917
20148,,-78.952049,36.094418
20149,,-78.955183,36.086911
20150,,-78.964476,36.08137
20151,,-78.961975,36.085248
20152,,-78.958253,36.092451
20153,,-78.958434,36.086861
20154,,-78.956392,36.086986
20155,,-78.955861,36.091803
20156,,-78.966373,36.100889
20157,,-78.964227,36.098894
20158,,-78.943317,36.08606
20159,,-78.947272,36.078684
20160,,-78.953024,36.090437
20161,,-78.950315,36.088829
20162,,-78.949589,36.088486
20163,,-78.949822,36.088597
20164,,-78.9469,36.087361
20165,,-78.941593,36.082434
20166,,-78.944726,36.080131
20167,,-78.951861,36.098406
20168,,-78.951749,36.099222
20169,,-78.952002,36.095599
20170,,-78.951302,36.101991
20171,,-78.9511,36.103306
20172,,-78.948175,36.109128
20173,,-78.929326,36.050179
20174,,-78.929345,36.054391
20175,,-78.93505,36.05479
20176,,-78.933737,36.0574
20177,,-78.929295,36.051689
20178,,-78.929202,36.0564
20179,,-78.927365,36.057483
20180,,-78.924586,36.057511
20181,,-78.923408,36.05753
20182,,-78.92222,36.057545
20183,,-78.93282,36.075234
20184,,-78.936417,36.064973
20185,,-78.931902,36.064855
20186,,-78.934331,36.067597
20187,,-78.93474,36.065304
20188,,-78.935533,36.070037
20189,,-78.929276,36.061564
20190,,-78.919113,36.046719
20191,,-78.919168,36.04885
20192,,-78.919545,36.054699
20193,,-78.921254,36.057421
20194,,-78.916424,36.055115
20195,,-78.909168,36.046338
20196,,-78.910765,36.051859
20197,,-78.907995,36.047577
20198,,-78.90583,36.04565
20199,,-78.908031,36.051234
20200,,-78.905729,36.050094
20201,,-78.913455,36.054498
20202,,-78.912718,36.054077
20203,,-78.912358,36.053756
20204,,-78.91212,36.053462
20205,,-78.909265,36.074417
20206,,-78.908271,36.070712
20207,,-78.922327,36.077869
20208,,-78.919825,36.108024
20209,,-78.930745,36.08167
20210,,-78.936745,36.08361
20211,,-78.932041,36.083873
20212,,-78.933736,36.088219
20213,,-78.933438,36.089796
20214,,-78.933741,36.0881
20215,,-78.928593,36.080285
20216,,-78.927096,36.079906
20217,,-78.925642,36.079451
20218,,-78.931876,36.097008
20219,,-78.93102,36.103598
20220,,-78.929853,36.109243
20221,,-78.930097,36.106581
20222,,-78.932348,36.094818
20223,,-78.913824,36.090238
20224,,-78.911037,36.082164
20225,,-78.910974,36.084066
20226,,-78.91093,36.085331
20227,,-78.910702,36.09114
20228,,-78.908334,36.093811
20229,,-78.914932,36.099753
20230,,-78.914013,36.096412
20231,,-78.914365,36.097739
20232,,-78.917141,36.103887
20233,,-78.921106,36.109744
20234,,-78.90993,36.095562
20235,,-78.909867,36.096821
20236,,-78.910125,36.100433
20237,,-78.909888,36.10374
20238,,-78.948925,36.142854
20239,,-78.938317,36.124939
20240,,-78.966345,36.121106
20241,,-78.961968,36.121797
20242,,-78.956032,36.142658
20243,,-78.944999,36.126633
20244,,-78.944839,36.113945
20245,,-78.940524,36.118817
20246,,-78.953172,36.122353
20247,,-78.949735,36.122339
20248,,-78.942797,36.116197
20249,,-78.94492,36.113843
20250,,-78.945817,36.112712
20251,,-78.945906,36.123331
20252,,-78.946302,36.129477
20253,,-78.94663,36.1302
20254,,-78.950755,36.161759
20255,,-78.965715,36.149133
20256,,-78.964782,36.146755
20257,,-78.966012,36.150026
20258,,-78.967613,36.154464
20259,,-78.948184,36.144533
20260,,-78.947927,36.156321
20261,,-78.946948,36.165899
20262,,-78.946651,36.169095
20263,,-78.940673,36.167528
20264,,-78.928161,36.116468
20265,,-78.926901,36.116056
20266,,-78.924757,36.113351
20267,,-78.931397,36.126807
20268,,-78.918014,36.124885
20269,,-78.905537,36.112326
20270,,-78.917414,36.127732
20271,,-78.91762,36.128929
20272,,-78.917736,36.130219
20273,,-78.936571,36.167243
20274,,-78.934036,36.166216
20275,,-78.906608,36.158394
20276,,-78.93574,36.166968
20277,,-78.932069,36.165415
20278,,-78.916668,36.146842
20279,,-78.911871,36.148575
20280,,-78.848362,35.897612
20281,,-78.860609,35.9054
20282,,-78.851513,35.908904
20283,,-78.806997,35.898476
20284,,-78.807628,35.899095
20285,,-78.785263,35.881331
20286,,-78.828929,35.887395
20287,,-78.827185,35.889929
20288,,-78.818192,35.900021
20289,,-78.812419,35.903759
20290,,-78.816455,35.911826
20291,,-78.812353,35.903704
20292,,-78.797817,35.86746
20293,,-78.797269,35.872816
20294,,-78.803946,35.866715
20295,,-78.802968,35.868476
20296,,-78.801429,35.869791
20297,,-78.801056,35.865707
20298,,-78.79477,35.870478
20299,,-78.795492,35.869491
20300,,-78.79471,35.870569
20301,,-78.79862,35.871998
20302,,-78.795133,35.869901
20303,,-78.797841,35.872457
20304,,-78.7958,35.873946
20305,,-78.793664,35.875707
20306,,-78.78959,35.901184
20307,,-78.775352,35.898528
20308,,-78.802331,35.892541
20309,,-78.804647,35.883104
20310,,-78.803611,35.889517
20311,,-78.803409,35.891314
20312,,-78.795531,35.903072
20313,,-78.797276,35.911429
20314,,-78.800576,35.902556
20315,,-78.797156,35.901046
20316,,-78.795778,35.903383
20317,,-78.793561,35.900952
20318,,-78.79251,35.901023
20319,,-78.792907,35.903365
20320,,-78.79394,35.903416
20321,,-78.795151,35.908038
20322,,-78.794922,35.906136
20323,,-78.796785,35.910503
20324,,-78.79839,35.913531
20325,,-78.797699,35.912238
20326,,-78.794744,35.907246
20327,,-78.786324,35.881915
20328,,-78.78661,35.882227
20329,,-78.78268,35.883128
20330,,-78.783825,35.884097
20331,,-78.781552,35.884704
20332,,-78.778809,35.886571
20333,,-78.787653,35.903776
20334,,-78.786846,35.912343
20335,,-78.785869,35.91237
20336,,-78.784308,35.911708
20337,,-78.710468,35.848127
20338,,-78.712349,35.856646
20339,,-78.708549,35.881783
20340,,-78.709058,35.882644
20341,,-78.711107,35.886816
20342,,-78.707826,35.870039
20343,,-78.708055,35.873188
20344,,-78.706437,35.806135
20345,,-78.708407,35.822648
20346,,-78.690843,35.847749
20347,,-78.69379,35.850126
20348,,-78.743841,35.819072
20349,,-78.71216,35.813668
20350,,-78.719277,35.833335
20351,,-78.736851,35.828381
20352,,-78.73941,35.826147
20353,,-78.734985,35.829348
20354,,-78.714416,35.82874
20355,,-78.712981,35.827859
20356,,-78.712138,35.827404
20357,,-78.710327,35.826072
20358,,-78.709614,35.825304
20359,,-78.710469,35.830809
20360,,-78.713662,35.83802
20361,,-78.722622,35.838329
20362,,-78.723881,35.841497
20363,,-78.712916,35.835529
20364,,-78.713421,35.837189
20365,,-78.712143,35.834172
20366,,-78.750047,35.890649
20367,,-78.74082,35.892689
20368,,-78.741096,35.888978
20369,,-78.741147,35.890572
20370,,-78.74062,35.89517
20371,,-78.743751,35.872842
20372,,-78.741629,35.871727
20373,,-78.744045,35.875632
20374,,-78.74363,35.878208
20375,,-78.743371,35.87897
20376,,-78.742974,35.879895
20377,,-78.758278,35.896291
20378,,-78.757753,35.903674
20379,,-78.754449,35.904037
20380,,-78.766722,35.912882
20381,,-78.768327,35.899887
20382,,-78.770704,35.911809
20383,,-78.760851,35.902339
20384,,-78.761882,35.901997
20385,,-78.758756,35.903382
20386,,-78.752231,35.892149
20387,,-78.755614,35.894455
20388,,-78.756989,35.895404
20389,,-78.742236,35.881272
20390,,-78.74546,35.88747
20391,,-78.729563,35.859923
20392,,-78.727214,35.878966
20393,,-78.731057,35.862
20394,,-78.732651,35.863008
20395,,-78.73786,35.868555
20396,,-78.737245,35.866953
20397,,-78.739492,35.870688
20398,,-78.738657,35.870127
20399,,-78.73606,35.88094
20400,,-78.733648,35.8787
20401,,-78.725535,35.872072
20402,,-78.727247,35.875458
20403,,-78.727064,35.877189
20404,,-78.729605,35.87497
20405,,-78.732179,35.877315
20406,,-78.727057,35.877269
20407,,-78.711021,35.850467
20408,,-78.711214,35.851701
20409,,-78.711418,35.854415
20410,,-78.711322,35.853747
20411,,-78.712634,35.857431
20412,,-78.711157,35.859775
20413,,-78.711565,35.862381
20414,,-78.712902,35.859037
20415,,-78.712949,35.863337
20416,,-78.710024,35.861353
20417,,-78.712386,35.864487
20418,,-78.716038,35.873009
20419,,-78.720742,35.868776
20420,,-78.709998,35.867566
20421,,-78.712999,35.871355
20422,,-78.712542,35.865364
20423,,-78.709175,35.867578
20424,,-78.709019,35.864704
20425,,-78.711838,35.873201
20426,,-78.709583,35.87325
20427,,-78.739512,35.897354
20428,,-78.727188,35.893385
20429,,-78.725312,35.899759
20430,,-78.722609,35.886911
20431,,-78.727253,35.894866
20432,,-78.733042,35.887346
20433,,-78.7376,35.884003
20434,,-78.736652,35.884803
20435,,-78.735509,35.885445
20436,,-78.74087,35.886462
20437,,-78.734476,35.886324
20438,,-78.741051,35.891161
20439,,-78.730913,35.887517
20440,,-78.729317,35.887474
20441,,-78.731705,35.887549
20442,,-78.727727,35.882059
20443,,-78.726737,35.884769
20444,,-78.727297,35.890338
20445,,-78.730762,35.901318
20446,,-78.729458,35.901753
20447,,-78.732842,35.900854
20448,,-78.7306,35.900545
20449,,-78.727115,35.897709
20450,,-78.728915,35.899762
20451,,-78.728131,35.902357
20452,,-78.719089,35.8944
20453,,-78.72308,35.896616
20454,,-78.711705,35.885151
20455,,-78.709427,35.883301
20456,,-78.713379,35.89037
20457,,-78.712101,35.889268
20458,,-78.7196,35.907068
20459,,-78.710827,35.908217
20460,,-78.707546,35.81583
20461,,-78.693321,35.815714
20462,,-78.70226,35.815479
20463,,-78.695977,35.81562
20464,,-78.705581,35.813236
20465,,-78.705405,35.814402
20466,,-78.705662,35.812677
20467,,-78.705792,35.811552
20468,,-78.700685,35.830648
20469,,-78.694725,35.830633
20470,,-78.696189,35.831542
20471,,-78.69073,35.825958
20472,,-78.691925,35.829127
20473,,-78.686665,35.830214
20474,,-78.684903,35.831116
20475,,-78.700868,35.823063
20476,,-78.702438,35.828759
20477,,-78.701367,35.829912
20478,,-78.706597,35.815605
20479,,-78.705082,35.817102
20480,,-78.701953,35.82185
20481,,-78.701454,35.822703
20482,,-78.703425,35.827653
20483,,-78.708544,35.824764
20484,,-78.697648,35.818095
20485,,-78.699333,35.815464
20486,,-78.697272,35.820123
20487,,-78.700482,35.821533
20488,,-78.700209,35.823452
20489,,-78.694297,35.817032
20490,,-78.693179,35.817886
20491,,-78.696811,35.825535
20492,,-78.698374,35.824608
20493,,-78.697269,35.825302
20494,,-78.693026,35.829641
20495,,-78.693464,35.836008
20496,,-78.697477,35.833847
20497,,-78.69487,35.835209
20498,,-78.695065,35.835114
20499,,-78.694042,35.835654
20500,,-78.690259,35.82219
20501,,-78.690626,35.823622
20502,,-78.68554,35.830846
20503,,-78.690124,35.821457
20504,,-78.690503,35.820722
20505,,-78.691112,35.826481
20506,,-78.688262,35.827884
20507,,-78.690058,35.824845
20508,,-78.689705,35.829369
20509,,-78.688294,35.829808
20510,,-78.684591,35.82672
20511,,-78.686207,35.827246
20512,,-78.687382,35.82761
20513,,-78.686881,35.830149
20514,,-78.688427,35.839056
20515,,-78.690558,35.837764
20516,,-78.690672,35.837694
20517,,-78.689426,35.83845
20518,,-78.687155,35.845106
20519,,-78.682507,35.831992
20520,,-78.683775,35.84402
20521,,-78.680058,35.842939
20522,,-78.675473,35.911975
20523,,-78.699964,35.863685
20524,,-78.701361,35.864735
20525,,-78.696532,35.863756
20526,,-78.692738,35.871347
20527,,-78.692738,35.849355
20528,,-78.701621,35.855533
20529,,-78.705767,35.859292
20530,,-78.703691,35.860161
20531,,-78.708428,35.859288
20532,,-78.700979,35.861103
20533,,-78.698195,35.853134
20534,,-78.698622,35.855688
20535,,-78.695864,35.862342
20536,,-78.698725,35.860204
20537,,-78.698795,35.862882
20538,,-78.696794,35.862564
20539,,-78.695276,35.862801
20540,,-78.699978,35.869968
20541,,-78.694208,35.872467
20542,,-78.708383,35.864895
20543,,-78.706727,35.867621
20544,,-78.708289,35.86936
20545,,-78.707049,35.871218
20546,,-78.703096,35.866163
20547,,-78.703576,35.865728
20548,,-78.704048,35.867145
20549,,-78.702123,35.875353
20550,,-78.702747,35.876077
20551,,-78.708523,35.873208
20552,,-78.707673,35.880395
20553,,-78.70538,35.878309
20554,,-78.7019,35.87506
20555,,-78.703823,35.877176
20556,,-78.704347,35.877611
20557,,-78.697706,35.868601
20558,,-78.693832,35.869892
20559,,-78.696803,35.868846
20560,,-78.694478,35.869383
20561,,-78.69566,35.869061
20562,,-78.691974,35.86154
20563,,-78.688283,35.873241
20564,,-78.690133,35.876257
20565,,-78.690899,35.873892
20566,,-78.689718,35.873279
20567,,-78.689991,35.87904
20568,,-78.690082,35.877034
20569,,-78.689961,35.879848
20570,,-78.680644,35.897292
20571,,-78.70088,35.892711
20572,,-78.70141,35.895592
20573,,-78.695665,35.889206
20574,,-78.708061,35.881003
20575,,-78.701353,35.896964
20576,,-78.701448,35.894517
20577,,-78.698616,35.890858
20578,,-78.697583,35.890178
20579,,-78.701359,35.898255
20580,,-78.701328,35.897553
20581,,-78.701937,35.900218
20582,,-78.705808,35.913188
20583,,-78.703812,35.909649
20584,,-78.707853,35.90873
20585,,-78.706248,35.908273
20586,,-78.700683,35.906255
20587,,-78.703912,35.911129
20588,,-78.693473,35.905443
20589,,-78.686644,35.88833
20590,,-78.681314,35.889618
20591,,-78.689718,35.882213
20592,,-78.689769,35.883329
20593,,-78.690573,35.885609
20594,,-78.6844,35.889399
20595,,-78.676153,35.890004
20596,,-78.680096,35.892143
20597,,-78.676647,35.889878
20598,,-78.689307,35.904811
20599,,-78.685799,35.902783
20600,,-78.686262,35.902865
20601,,-78.67949,35.901805
20602,,-78.677968,35.901612
20603,,-78.682437,35.902233
20604,,-78.684118,35.902514
20605,,-78.681454,35.905236
20606,,-78.683827,35.902466
20607,,-78.681655,35.907369
20608,,-78.681788,35.910212
20609,,-78.674827,35.89054
20610,,-78.66803,35.911124
20611,,-78.66804,35.912483
20612,,-78.67362,35.901978
20613,,-78.674636,35.911383
20614,,-78.672631,35.91062
20615,,-78.66698,35.902182
20616,,-78.662752,35.909713
20617,,-78.897914,36.043698
20618,,-78.881769,36.04131
20619,,-78.815779,36.04505
20620,,-78.816398,36.04574
20621,,-78.812544,36.044639
20622,,-78.774797,36.043728
20623,,-78.840421,36.044246
20624,,-78.814479,36.044016
20625,,-78.772848,36.08256
20626,,-78.776213,36.088415
20627,,-78.767837,36.142722
20628,,-78.780743,35.976447
20629,,-78.773368,36.083277
20630,,-78.773349,36.121448
20631,,-78.841595,35.937742
20632,,-78.841494,35.978072
20633,,-78.900196,35.978598
20634,,-78.873,35.979827
20635,,-78.84115,35.979609
20636,,-78.841826,36.009776
20637,,-78.835057,36.009061
20638,,-78.840868,36.031632
20639,,-78.838492,35.950898
20640,,-78.839809,35.95346
20641,,-78.794385,35.978931
20642,,-78.839493,35.985779
20643,,-78.841528,36.032672
20644,,-78.888083,35.94647
20645,,-78.875257,35.949073
20646,,-78.871932,35.959108
20647,,-78.84337,35.949202
20648,,-78.84105,35.947807
20649,,-78.885191,35.929472
20650,,-78.885106,35.929364
20651,,-78.902984,35.938816
20652,,-78.895292,35.938263
20653,,-78.900138,35.937761
20654,,-78.899326,35.937162
20655,,-78.899444,35.942272
20656,,-78.901191,35.93843
20657,,-78.895619,35.934449
20658,,-78.891694,35.934944
20659,,-78.896236,35.939178
20660,,-78.885149,35.929417
20661,,-78.884692,35.927164
20662,,-78.881106,35.925191
20663,,-78.880588,35.942494
20664,,-78.887409,35.938709
20665,,-78.885376,35.934193
20666,,-78.880769,35.930552
20667,,-78.884862,35.935851
20668,,-78.887379,35.94127
20669,,-78.887581,35.943793
20670,,-78.887453,35.942491
20671,,-78.887755,35.944873
20672,,-78.887366,35.939972
20673,,-78.883629,35.939828
20674,,-78.883239,35.941086
20675,,-78.88237,35.945284
20676,,-78.879674,35.941009
20677,,-78.87487,35.944268
20678,,-78.878832,35.940081
20679,,-78.877412,35.940159
20680,,-78.889345,35.973876
20681,,-78.897097,35.952651
20682,,-78.893231,35.95567
20683,,-78.902655,35.947087
20684,,-78.893671,35.960743
20685,,-78.894134,35.961819
20686,,-78.893984,35.961472
20687,,-78.901186,35.971202
20688,,-78.901433,35.9704
20689,,-78.894587,35.971818
20690,,-78.894213,35.970931
20691,,-78.904157,35.96717
20692,,-78.901791,35.969758
20693,,-78.901182,35.9745
20694,,-78.901031,35.973475
20695,,-78.901246,35.975474
20696,,-78.900618,35.977388
20697,,-78.898577,35.976424
20698,,-78.899549,35.97642
20699,,-78.900069,35.978961
20700,,-78.893045,35.968931
20701,,-78.894986,35.964145
20702,,-78.89522,35.969452
20703,,-78.893683,35.970079
20704,,-78.895367,35.968308
20705,,-78.890219,35.965407
20706,,-78.892077,35.96729
20707,,-78.893036,35.976269
20708,,-78.892787,35.976927
20709,,-78.892425,35.977888
20710,,-78.892214,35.978469
20711,,-78.892201,35.975053
20712,,-78.882306,35.94684
20713,,-78.875265,35.947542
20714,,-78.884837,35.959159
20715,,-78.884926,35.959307
20716,,-78.884573,35.958724
20717,,-78.885302,35.959931
20718,,-78.885918,35.96073
20719,,-78.873606,35.952524
20720,,-78.873238,35.953931
20721,,-78.886634,35.973969
20722,,-78.883481,35.979348
20723,,-78.87713,35.9695
20724,,-78.877702,35.963298
20725,,-78.878224,35.979164
20726,,-78.876773,35.978537
20727,,-78.864765,35.924844
20728,,-78.863634,35.939866
20729,,-78.844183,35.929322
20730,,-78.86807,35.914597
20731,,-78.872324,35.943665
20732,,-78.865856,35.942397
20733,,-78.866969,35.944209
20734,,-78.865912,35.942476
20735,,-78.863772,35.939916
20736,,-78.849639,35.918651
20737,,-78.84526,35.926985
20738,,-78.842308,35.922197
20739,,-78.849954,35.915271
20740,,-78.850483,35.924796
20741,,-78.842177,35.92215
20742,,-78.841263,35.930572
20743,,-78.84244,35.936077
20744,,-78.846266,35.939339
20745,,-78.845081,35.939973
20746,,-78.842819,35.941643
20747,,-78.853196,35.955899
20748,,-78.85938,35.966831
20749,,-78.85551,35.976513
20750,,-78.857762,35.955947
20751,,-78.870079,35.951173
20752,,-78.871659,35.953906
20753,,-78.872011,35.958927
20754,,-78.866784,35.958625
20755,,-78.86539,35.956963
20756,,-78.864437,35.971302
20757,,-78.868126,35.973129
20758,,-78.869365,35.973965
20759,,-78.86637,35.972622
20760,,-78.860428,35.968099
20761,,-78.8495,35.952537
20762,,-78.853293,35.95725
20763,,-78.842336,35.948603
20764,,-78.847379,35.951246
20765,,-78.841105,35.947852
20766,,-78.839885,35.953588
20767,,-78.842283,35.957625
20768,,-78.848064,35.971241
20769,,-78.848054,35.97233
20770,,-78.847721,35.973484
20771,,-78.851489,35.966247
20772,,-78.854644,35.963903
20773,,-78.853195,35.964739
20774,,-78.850481,35.96557
20775,,-78.84142,35.967466
20776,,-78.8399,35.968106
20777,,-78.842721,35.975714
20778,,-78.895191,36.010059
20779,,-78.895176,36.012748
20780,,-78.895962,36.012756
20781,,-78.894376,36.012736
20782,,-78.892474,36.012102
20783,,-78.872378,35.991056
20784,,-78.875043,35.995104
20785,,-78.872464,35.996238
20786,,-78.873211,36.00413
20787,,-78.870078,36.032569
20788,,-78.869617,36.008299
20789,,-78.865783,36.011779
20790,,-78.861558,36.012587
20791,,-78.860082,36.010293
20792,,-78.871835,36.026092
20793,,-78.871123,36.026687
20794,,-78.892386,36.009765
20795,,-78.891807,36.012328
20796,,-78.889431,35.9885
20797,,-78.882791,35.994484
20798,,-78.875725,35.994253
20799,,-78.894023,35.987399
20800,,-78.897628,35.991953
20801,,-78.904917,35.983674
20802,,-78.902826,35.984268
20803,,-78.903179,35.982677
20804,,-78.905087,35.98033
20805,,-78.902757,35.984781
20806,,-78.899801,35.979739
20807,,-78.899532,35.980528
20808,,-78.899307,35.981188
20809,,-78.898944,35.982336
20810,,-78.899689,35.986689
20811,,-78.900288,35.987047
20812,,-78.899059,35.992973
20813,,-78.90018,35.99556
20814,,-78.900355,35.995358
20815,,-78.897834,35.995546
20816,,-78.893255,35.984078
20817,,-78.890997,35.984527
20818,,-78.893365,35.983888
20819,,-78.891854,35.984892
20820,,-78.892588,35.985695
20821,,-78.89122,35.986953
20822,,-78.892701,35.98614
20823,,-78.891063,35.986722
20824,,-78.890265,35.984216
20825,,-78.890719,35.986598
20826,,-78.893972,35.991153
20827,,-78.891513,35.991098
20828,,-78.89281,35.990476
20829,,-78.893354,35.989619
20830,,-78.895625,35.989759
20831,,-78.895262,35.989143
20832,,-78.896306,35.991448
20833,,-78.896121,35.990564
20834,,-78.893781,35.991042
20835,,-78.89338,35.992832
20836,,-78.893438,35.994492
20837,,-78.890799,35.995612
20838,,-78.891083,35.992349
20839,,-78.889442,35.994552
20840,,-78.890138,35.99288
20841,,-78.889173,35.992836
20842,,-78.897685,35.996061
20843,,-78.89675,35.999633
20844,,-78.899032,36.011948
20845,,-78.903641,35.999701
20846,,-78.901547,35.996296
20847,,-78.901575,35.999296
20848,,-78.901525,36.000026
20849,,-78.902356,35.995972
20850,,-78.904004,36.002281
20851,,-78.903593,36.00023
20852,,-78.902142,36.00196
20853,,-78.901518,36.000177
20854,,-78.903084,36.003752
20855,,-78.899913,35.99693
20856,,-78.901094,35.998116
20857,,-78.897984,35.995875
20858,,-78.900303,35.99693
20859,,-78.900618,35.996933
20860,,-78.897837,36.002032
20861,,-78.900657,36.007632
20862,,-78.901269,36.006614
20863,,-78.900014,36.008659
20864,,-78.899743,36.009137
20865,,-78.899123,36.010999
20866,,-78.902023,36.009883
20867,,-78.898719,36.005481
20868,,-78.893668,36.001215
20869,,-78.895022,35.997843
20870,,-78.894073,35.999598
20871,,-78.896073,36.00153
20872,,-78.89519,36.001917
20873,,-78.890724,35.996557
20874,,-78.890657,35.997419
20875,,-78.890462,36.000999
20876,,-78.890519,36.001642
20877,,-78.891852,36.003226
20878,,-78.892369,36.007272
20879,,-78.895998,36.00545
20880,,-78.896924,36.005467
20881,,-78.895972,36.010172
20882,,-78.893728,36.009805
20883,,-78.891701,36.005355
20884,,-78.891046,36.005535
20885,,-78.886743,35.98681
20886,,-78.881821,35.988844
20887,,-78.881847,35.99036
20888,,-78.879151,35.985802
20889,,-78.884617,35.986057
20890,,-78.885222,35.984918
20891,,-78.887029,35.982798
20892,,-78.886289,35.982471
20893,,-78.887506,35.985708
20894,,-78.887369,35.98566
20895,,-78.88557,35.985038
20896,,-78.88382,35.981513
20897,,-78.883367,35.979504
20898,,-78.883037,35.98119
20899,,-78.882143,35.980821
20900,,-78.88431,35.984603
20901,,-78.882644,35.985369
20902,,-78.884764,35.986109
20903,,-78.882712,35.98405
20904,,-78.882625,35.984017
20905,,-78.881784,35.986984
20906,,-78.883072,35.992638
20907,,-78.887239,35.988392
20908,,-78.886947,35.988885
20909,,-78.886709,35.989341
20910,,-78.886215,35.990412
20911,,-78.887324,35.992781
20912,,-78.875016,35.983105
20913,,-78.878747,35.985811
20914,,-78.874724,35.980764
20915,,-78.875039,35.9824
20916,,-78.87415,35.980453
20917,,-78.874995,35.984293
20918,,-78.874975,35.985536
20919,,-78.874952,35.986729
20920,,-78.880635,35.992547
20921,,-78.878742,35.992451
20922,,-78.877361,35.992261
20923,,-78.875776,35.992939
20924,,-78.873891,35.991409
20925,,-78.878066,35.994431
20926,,-78.878165,35.992408
20927,,-78.876556,35.99206
20928,,-78.876203,35.991965
20929,,-78.881717,35.996295
20930,,-78.879592,36.003646
20931,,-78.877645,36.002967
20932,,-78.876648,36.003945
20933,,-78.885835,35.999193
20934,,-78.884886,35.99877
20935,,-78.885764,36.000973
20936,,-78.885955,35.995799
20937,,-78.885552,36.007247
20938,,-78.886569,36.011444
20939,,-78.887851,36.006703
20940,,-78.886779,36.007078
20941,,-78.883948,36.004172
20942,,-78.880704,35.998738
20943,,-78.878803,35.998722
20944,,-78.876619,36.001923
20945,,-78.874819,35.99967
20946,,-78.879993,35.998735
20947,,-78.87785,35.998709
20948,,-78.874382,35.997443
20949,,-78.875509,35.998683
20950,,-78.873007,36.006021
20951,,-78.890243,36.015738
20952,,-78.889405,36.016802
20953,,-78.889988,36.018517
20954,,-78.895946,36.028557
20955,,-78.894608,36.028734
20956,,-78.889899,36.021518
20957,,-78.893178,36.028933
20958,,-78.889796,36.025661
20959,,-78.889798,36.026993
20960,,-78.899347,36.016202
20961,,-78.894741,36.019456
20962,,-78.892636,36.019736
20963,,-78.904209,36.016867
20964,,-78.904351,36.012966
20965,,-78.903038,36.012923
20966,,-78.901486,36.016829
20967,,-78.898938,36.01371
20968,,-78.898909,36.014613
20969,,-78.90028,36.012852
20970,,-78.900589,36.021257
20971,,-78.902194,36.024265
20972,,-78.903779,36.025567
20973,,-78.900587,36.02259
20974,,-78.895963,36.01895
20975,,-78.890101,36.016311
20976,,-78.890018,36.017421
20977,,-78.890032,36.028159
20978,,-78.889776,36.02661
20979,,-78.896098,36.03682
20980,,-78.90401,36.040196
20981,,-78.902414,36.040148
20982,,-78.897928,36.040545
20983,,-78.900028,36.041377
20984,,-78.900775,36.042891
20985,,-78.900796,36.042933
20986,,-78.900739,36.04282
20987,,-78.890532,36.030508
20988,,-78.890783,36.031689
20989,,-78.890138,36.028666
20990,,-78.891544,36.034173
20991,,-78.891541,36.035158
20992,,-78.891031,36.032848
20993,,-78.891857,36.034532
20994,,-78.894876,36.041381
20995,,-78.895765,36.03666
20996,,-78.888723,36.019591
20997,,-78.887491,36.019643
20998,,-78.886263,36.019999
20999,,-78.882945,36.021322
21000,,-78.880979,36.022111
21001,,-78.886808,36.012396
21002,,-78.878847,36.022969
21003,,-78.879924,36.022536
21004,,-78.874602,36.024558
21005,,-78.88134,36.041675
21006,,-78.875208,36.037825
21007,,-78.872733,36.037436
21008,,-78.877501,36.038262
21009,,-78.884581,36.038881
21010,,-78.882671,36.040543
21011,,-78.887572,36.039615
21012,,-78.883034,36.038606
21013,,-78.884356,36.039079
21014,,-78.882472,36.038605
21015,,-78.876006,36.037955
21016,,-78.874716,36.037747
21017,,-78.875588,36.037887
21018,,-78.864503,35.997115
21019,,-78.868707,35.986563
21020,,-78.866152,35.987444
21021,,-78.863905,35.986949
21022,,-78.872179,35.991009
21023,,-78.868025,35.990088
21024,,-78.865479,35.988674
21025,,-78.86524,35.994812
21026,,-78.861055,35.990846
21027,,-78.862233,35.991696
21028,,-78.857316,35.989964
21029,,-78.869726,36.004444
21030,,-78.866555,36.011017
21031,,-78.860422,36.008783
21032,,-78.867109,36.003091
21033,,-78.865284,35.999814
21034,,-78.866821,36.001557
21035,,-78.864453,35.998739
21036,,-78.867058,36.003446
21037,,-78.860641,36.007784
21038,,-78.859117,36.004831
21039,,-78.857145,36.004503
21040,,-78.850645,35.988412
21041,,-78.846345,35.987405
21042,,-78.852306,35.988822
21043,,-78.854895,35.989412
21044,,-78.854813,35.989393
21045,,-78.841924,35.982056
21046,,-78.853131,35.997956
21047,,-78.853269,36.004576
21048,,-78.846405,36.002002
21049,,-78.846815,36.001688
21050,,-78.844833,36.006019
21051,,-78.867028,36.028123
21052,,-78.850855,36.026524
21053,,-78.869262,36.019461
21054,,-78.869864,36.017697
21055,,-78.870015,36.03699
21056,,-78.867967,36.034765
21057,,-78.868219,36.034386
21058,,-78.870314,36.029449
21059,,-78.870284,36.03151
21060,,-78.870315,36.030278
21061,,-78.849464,36.020061
21062,,-78.848344,36.021496
21063,,-78.855304,36.017774
21064,,-78.853606,36.018119
21065,,-78.855299,36.025707
21066,,-78.853701,36.025774
21067,,-78.848409,36.025389
21068,,-78.850866,36.031559
21069,,-78.843924,36.039706
21070,,-78.841536,36.042863
21071,,-78.837712,35.947272
21072,,-78.829664,35.944824
21073,,-78.831912,35.927938
21074,,-78.830373,35.927682
21075,,-78.82756,35.927218
21076,,-78.826448,35.926962
21077,,-78.822465,35.935685
21078,,-78.813966,35.929491
21079,,-78.815661,35.930717
21080,,-78.829968,35.920143
21081,,-78.838001,35.930018
21082,,-78.836441,35.929613
21083,,-78.827115,35.927127
21084,,-78.828793,35.927431
21085,,-78.833873,35.942622
21086,,-78.831217,35.945654
21087,,-78.827215,35.940216
21088,,-78.838181,35.944062
21089,,-78.838926,35.946438
21090,,-78.838095,35.944648
21091,,-78.835882,35.944051
21092,,-78.834761,35.943233
21093,,-78.830896,35.941375
21094,,-78.828048,35.943966
21095,,-78.826471,35.94313
21096,,-78.82012,35.925867
21097,,-78.818027,35.925948
21098,,-78.81583,35.926006
21099,,-78.814383,35.917709
21100,,-78.809644,35.919172
21101,,-78.811876,35.929721
21102,,-78.81293,35.923715
21103,,-78.812931,35.923677
21104,,-78.810164,35.925779
21105,,-78.821298,35.938684
21106,,-78.817143,35.931811
21107,,-78.821687,35.934606
21108,,-78.810711,35.931083
21109,,-78.824375,35.976641
21110,,-78.828951,35.954845
21111,,-78.835475,35.953752
21112,,-78.836058,35.952465
21113,,-78.839085,35.946571
21114,,-78.831613,35.953411
21115,,-78.829738,35.971391
21116,,-78.8289,35.972887
21117,,-78.838363,35.968163
21118,,-78.829951,35.970893
21119,,-78.827371,35.974883
21120,,-78.826795,35.97559
21121,,-78.825713,35.976195
21122,,-78.807921,35.978893
21123,,-78.806022,35.929835
21124,,-78.802446,35.937471
21125,,-78.800434,35.916185
21126,,-78.801417,35.916777
21127,,-78.80048,35.917722
21128,,-78.796584,35.94066
21129,,-78.799024,35.940475
21130,,-78.780425,35.914602
21131,,-78.78395,35.914028
21132,,-78.780829,35.920819
21133,,-78.77563,35.914587
21134,,-78.780435,35.922777
21135,,-78.789175,35.940794
21136,,-78.783337,35.938207
21137,,-78.794183,35.94972
21138,,-78.800342,35.970287
21139,,-78.797082,35.972433
21140,,-78.805881,35.965743
21141,,-78.806552,35.964837
21142,,-78.805118,35.966736
21143,,-78.804012,35.967986
21144,,-78.80411,35.978371
21145,,-78.795455,35.973984
21146,,-78.796055,35.973187
21147,,-78.785031,35.974302
21148,,-78.783778,35.967334
21149,,-78.78739,35.975752
21150,,-78.778165,35.97683
21151,,-78.807332,35.998201
21152,,-78.802807,36.013175
21153,,-78.807381,36.020443
21154,,-78.806785,36.022667
21155,,-78.78562,36.010836
21156,,-78.785099,36.013285
21157,,-78.804045,36.023743
21158,,-78.830962,35.995983
21159,,-78.825049,35.996868
21160,,-78.811157,35.996033
21161,,-78.810034,35.996434
21162,,-78.817609,35.995681
21163,,-78.813914,35.994928
21164,,-78.834771,35.984661
21165,,-78.831313,35.987626
21166,,-78.831975,35.989275
21167,,-78.831241,35.994518
21168,,-78.83137,35.992345
21169,,-78.833472,35.984356
21170,,-78.831052,35.985277
21171,,-78.834593,36.00282
21172,,-78.830646,35.997064
21173,,-78.83541,36.003241
21174,,-78.832435,36.001603
21175,,-78.833009,36.002392
21176,,-78.836924,36.008176
21177,,-78.838237,36.007543
21178,,-78.835487,36.008857
21179,,-78.827093,35.997348
21180,,-78.816469,35.98034
21181,,-78.820169,35.983861
21182,,-78.819423,35.985741
21183,,-78.819222,35.986366
21184,,-78.818596,35.988338
21185,,-78.817584,35.991223
21186,,-78.819997,35.996101
21187,,-78.808257,35.997577
21188,,-78.833748,36.024928
21189,,-78.833794,36.029003
21190,,-78.83327,36.025181
21191,,-78.826658,36.033499
21192,,-78.823755,36.014683
21193,,-78.823722,36.016302
21194,,-78.826615,36.012121
21195,,-78.826876,36.025256
21196,,-78.824414,36.024844
21197,,-78.825129,36.034693
21198,,-78.832062,36.029875
21199,,-78.830976,36.030446
21200,,-78.827588,36.032805
21201,,-78.819943,36.020075
21202,,-78.820921,36.024023
21203,,-78.823261,36.024461
21204,,-78.809081,36.021083
21205,,-78.823082,36.036662
21206,,-78.821874,36.037827
21207,,-78.815327,36.042644
21208,,-78.812274,36.031607
21209,,-78.813724,36.035249
21210,,-78.800009,35.988459
21211,,-78.795246,35.980349
21212,,-78.804335,36.000363
21213,,-78.801093,36.00798
21214,,-78.800598,36.010784
21215,,-78.801267,36.008796
21216,,-78.802745,36.024429
21217,,-78.805071,36.017807
21218,,-78.805687,36.018792
21219,,-78.796785,36.025723
21220,,-78.798674,36.03123
21221,,-78.799431,36.030604
21222,,-78.797198,36.032431
21223,,-78.799725,36.030359
21224,,-78.784307,36.025626
21225,,-78.775648,36.028476
21226,,-78.77973,36.041527
21227,,-78.776465,36.042775
21228,,-78.779537,36.041537
21229,,-78.838468,36.046824
21230,,-78.83848,36.124547
21231,,-78.871188,36.054685
21232,,-78.88884,36.051563
21233,,-78.896164,36.04708
21234,,-78.901515,36.053225
21235,,-78.903123,36.051331
21236,,-78.89805,36.046623
21237,,-78.903219,36.054211
21238,,-78.904017,36.054485
21239,,-78.903215,36.054702
21240,,-78.904496,36.053317
21241,,-78.903146,36.059071
21242,,-78.897745,36.057907
21243,,-78.893692,36.059201
21244,,-78.90479,36.064435
21245,,-78.888626,36.048846
21246,,-78.888916,36.053149
21247,,-78.886478,36.059096
21248,,-78.884424,36.059015
21249,,-78.876664,36.059034
21250,,-78.872894,36.059015
21251,,-78.905021,36.092901
21252,,-78.902931,36.092222
21253,,-78.898833,36.093352
21254,,-78.897949,36.093786
21255,,-78.888449,36.094217
21256,,-78.895497,36.094828
21257,,-78.891497,36.094971
21258,,-78.891403,36.094953
21259,,-78.888176,36.106705
21260,,-78.882503,36.093242
21261,,-78.886764,36.093586
21262,,-78.904372,36.078826
21263,,-78.89943,36.080205
21264,,-78.901698,36.092412
21265,,-78.904142,36.092461
21266,,-78.898554,36.093484
21267,,-78.894791,36.08149
21268,,-78.89445,36.081585
21269,,-78.890131,36.09471
21270,,-78.89211,36.09509
21271,,-78.894348,36.109133
21272,,-78.892175,36.108302
21273,,-78.874564,36.084958
21274,,-78.88719,36.083615
21275,,-78.88665,36.083826
21276,,-78.888038,36.083372
21277,,-78.884672,36.084721
21278,,-78.885795,36.093248
21279,,-78.87957,36.08551
21280,,-78.877325,36.087414
21281,,-78.878163,36.088685
21282,,-78.873588,36.104444
21283,,-78.854514,36.057573
21284,,-78.86512,36.051608
21285,,-78.861549,36.05305
21286,,-78.870359,36.050453
21287,,-78.870208,36.050492
21288,,-78.862482,36.052646
21289,,-78.863301,36.074299
21290,,-78.863248,36.074577
21291,,-78.866181,36.064638
21292,,-78.866699,36.06341
21293,,-78.861127,36.074825
21294,,-78.865174,36.08585
21295,,-78.862415,36.08008
21296,,-78.865572,36.086862
21297,,-78.86627,36.089499
21298,,-78.865823,36.087478
21299,,-78.866399,36.090939
21300,,-78.86554,36.100424
21301,,-78.865542,36.100534
21302,,-78.869657,36.103965
21303,,-78.866756,36.102635
21304,,-78.842674,36.089076
21305,,-78.842569,36.08916
21306,,-78.841421,36.110258
21307,,-78.873391,36.159578
21308,,-78.873662,36.127845
21309,,-78.904338,36.117964
21310,,-78.894542,36.123478
21311,,-78.891477,36.124705
21312,,-78.886106,36.125803
21313,,-78.888191,36.125455
21314,,-78.878842,36.127241
21315,,-78.895856,36.156272
21316,,-78.898532,36.154781
21317,,-78.90184,36.152817
21318,,-78.904265,36.170304
21319,,-78.882746,36.162108
21320,,-78.881302,36.174495
21321,,-78.875453,36.162619
21322,,-78.874093,36.168014
21323,,-78.871296,36.127532
21324,,-78.865689,36.129731
21325,,-78.84175,36.112915
21326,,-78.864149,36.148172
21327,,-78.871574,36.157531
21328,,-78.867698,36.168437
21329,,-78.865261,36.171477
21330,,-78.867092,36.169202
21331,,-78.850343,36.174403
21332,,-78.803553,36.048427
21333,,-78.834226,36.053664
21334,,-78.835711,36.050834
21335,,-78.838088,36.047321
21336,,-78.8349,36.052319
21337,,-78.835482,36.06623
21338,,-78.83123,36.063818
21339,,-78.831662,36.062316
21340,,-78.815038,36.046665
21341,,-78.810987,36.048573
21342,,-78.810951,36.048418
21343,,-78.820975,36.073662
21344,,-78.79521,36.057649
21345,,-78.80016,36.049742
21346,,-78.797722,36.058489
21347,,-78.778262,36.052404
21348,,-78.785918,36.055431
21349,,-78.77543,36.086136
21350,,-78.778309,36.090625
21351,,-78.776693,36.08911
21352,,-78.775931,36.087193
21353,,-78.77971,36.094242
21354,,-78.779838,36.094653
21355,,-78.780169,36.098979
21356,,-78.77998,36.1003
21357,,-78.779913,36.09495
21358,,-78.781011,36.101259
21359,,-78.832229,36.128501
21360,,-78.814214,36.132617
21361,,-78.822529,36.140709
21362,,-78.811248,36.134872
21363,,-78.81958,36.175403
21364,,-78.799544,36.138177
21365,,-78.805962,36.136014
21366,,-78.774355,36.120801
21367,,-78.785894,36.142025
21368,,-78.788786,36.144921
21369,,-78.793304,36.173002
21370,,-78.778837,36.152885
21371,,-78.777589,36.15421
21372,,-78.754568,35.96339
21373,,-78.750519,35.980777
21374,,-78.709085,35.932836
21375,,-78.696038,35.977969
21376,,-78.64497,35.981363
21377,,-78.700054,35.97943
21378,,-78.74021,35.923348
21379,,-78.740626,35.930672
21380,,-78.742036,35.933706
21381,,-78.743191,35.919382
21382,,-78.727293,35.948397
21383,,-78.759331,35.933656
21384,,-78.76289,35.922794
21385,,-78.763521,35.921394
21386,,-78.759599,35.924504
21387,,-78.754508,35.919353
21388,,-78.757754,35.920534
21389,,-78.750796,35.919093
21390,,-78.746694,35.918537
21391,,-78.747388,35.924665
21392,,-78.741673,35.932942
21393,,-78.743736,35.936384
21394,,-78.742344,35.934405
21395,,-78.744456,35.958344
21396,,-78.749342,35.96123
21397,,-78.725415,35.926018
21398,,-78.724512,35.942257
21399,,-78.726589,35.946121
21400,,-78.724708,35.921771
21401,,-78.72485,35.943502
21402,,-78.74061,35.92244
21403,,-78.739481,35.927763
21404,,-78.729564,35.916265
21405,,-78.733023,35.919465
21406,,-78.727552,35.923577
21407,,-78.726701,35.925138
21408,,-78.725848,35.925756
21409,,-78.727291,35.924343
21410,,-78.738636,35.940898
21411,,-78.721797,35.928596
21412,,-78.712773,35.917683
21413,,-78.712025,35.91733
21414,,-78.715963,35.919274
21415,,-78.710673,35.916496
21416,,-78.71925,35.931231
21417,,-78.722808,35.94077
21418,,-78.719673,35.939559
21419,,-78.714263,35.933053
21420,,-78.710102,35.932882
21421,,-78.728099,35.949961
21422,,-78.728159,35.957497
21423,,-78.72373,35.960309
21424,,-78.733343,35.951565
21425,,-78.728998,35.951388
21426,,-78.726968,35.947499
21427,,-78.726946,35.958742
21428,,-78.721838,35.961018
21429,,-78.711434,35.967402
21430,,-78.715618,35.966238
21431,,-78.708953,35.974341
21432,,-78.766172,36.032194
21433,,-78.709524,35.983997
21434,,-78.699712,35.946369
21435,,-78.671347,35.935982
21436,,-78.664002,35.945652
21437,,-78.644977,35.943497
21438,,-78.692374,35.932355
21439,,-78.690488,35.929526
21440,,-78.692908,35.934069
21441,,-78.701922,35.937945
21442,,-78.701589,35.938255
21443,,-78.693072,35.939354
21444,,-78.706642,35.932737
21445,,-78.703034,35.93635
21446,,-78.704603,35.933995
21447,,-78.703192,35.936112
21448,,-78.694058,35.93634
21449,,-78.699617,35.939399
21450,,-78.697052,35.943065
21451,,-78.684371,35.916601
21452,,-78.684493,35.918456
21453,,-78.688415,35.927084
21454,,-78.689477,35.928187
21455,,-78.682622,35.922668
21456,,-78.689419,35.93961
21457,,-78.684335,35.93181
21458,,-78.685978,35.940488
21459,,-78.684763,35.943054
21460,,-78.686653,35.944079
21461,,-78.683151,35.94354
21462,,-78.681412,35.944045
21463,,-78.67756,35.944328
21464,,-78.693901,35.958858
21465,,-78.704064,35.957027
21466,,-78.701895,35.951036
21467,,-78.705443,35.961628
21468,,-78.705176,35.960334
21469,,-78.70543,35.961555
21470,,-78.702051,35.962834
21471,,-78.6999,35.961925
21472,,-78.697445,35.960916
21473,,-78.693545,35.958459
21474,,-78.703344,35.963636
21475,,-78.708679,35.96645
21476,,-78.70481,35.96436
21477,,-78.706837,35.975102
21478,,-78.704598,35.976918
21479,,-78.707628,35.974805
21480,,-78.687314,35.951514
21481,,-78.687319,35.948957
21482,,-78.691381,35.953737
21483,,-78.68723,35.960776
21484,,-78.68719,35.966614
21485,,-78.689679,35.97512
21486,,-78.686744,35.977541
21487,,-78.657466,35.915348
21488,,-78.655957,35.931502
21489,,-78.658126,35.931625
21490,,-78.652354,35.930367
21491,,-78.666544,35.918125
21492,,-78.66704,35.921454
21493,,-78.668858,35.914384
21494,,-78.668648,35.915418
21495,,-78.667917,35.915937
21496,,-78.673895,35.929334
21497,,-78.667991,35.925662
21498,,-78.666436,35.919908
21499,,-78.662453,35.916491
21500,,-78.666871,35.915784
21501,,-78.664156,35.916501
21502,,-78.666322,35.927435
21503,,-78.669595,35.937942
21504,,-78.672138,35.934006
21505,,-78.671814,35.940888
21506,,-78.671084,35.93996
21507,,-78.670671,35.94512
21508,,-78.6672,35.934237
21509,,-78.660573,35.931701
21510,,-78.662993,35.932049
21511,,-78.657857,35.91624
21512,,-78.649867,35.928588
21513,,-78.652536,35.943219
21514,,-78.645884,35.937422
21515,,-78.653901,35.9312
21516,,-78.651778,35.943281
21517,,-78.646887,35.932232
21518,,-78.647609,35.930759
21519,,-78.643756,35.942191
21520,,-78.644214,35.941376
21521,,-78.646831,35.963599
21522,,-78.646513,35.962567
21523,,-78.652157,35.970505
21524,,-78.650684,35.968658
21525,,-78.688919,36.011702
21526,,-78.691989,35.988457
21527,,-78.693599,36.000054
21528,,-78.686132,35.983629
21529,,-78.691526,36.001696
21530,,-78.702347,35.980408
21531,,-78.707086,35.984787
21532,,-78.70196,35.98098
21533,,-78.697916,35.986013
21534,,-78.694887,35.993161
21535,,-78.699981,35.988107
21536,,-78.693316,36.000515
21537,,-78.690979,35.988246
21538,,-78.685264,35.991948
21539,,-78.68541,36.000443
21540,,-78.689388,36.001941
21541,,-78.691359,36.001693
21542,,-78.686603,36.005829
21543,,-78.687269,36.007841
21544,,-78.671598,35.994576
21545,,-78.671597,35.994115
21546,,-78.67087,35.995996
21547,,-78.659514,35.993594
21548,,-78.671585,35.994777
21549,,-78.664821,35.986086
21550,,-78.670165,35.997457
21551,,-78.658089,35.981299
21552,,-78.65546,35.984701
21553,,-78.643782,35.98073
21554,,-78.655461,36.02848
21555,,-78.662287,36.034444
21556,,-78.652136,36.026846
21557,,-78.651991,36.023484
21558,,-78.653893,36.019782
21559,,-78.65314,36.020809
21560,,-78.653067,36.027032
21561,,-78.65114,36.029695
21562,,-78.645354,36.033146
21563,,-78.65077,36.029946
21564,,-78.718136,36.110649
21565,,-78.687688,36.111975
21566,,-78.750635,36.075137
21567,,-78.7473,36.084259
21568,,-78.772016,36.081643
21569,,-78.753833,36.077769
21570,,-78.738561,36.0821
21571,,-78.757613,36.083589
21572,,-78.773398,36.083319
21573,,-78.774169,36.084391
21574,,-78.751629,36.08483
21575,,-78.745948,36.08786
21576,,-78.747498,36.086582
21577,,-78.752524,36.101255
21578,,-78.750197,36.105203
21579,,-78.734255,36.072196
21580,,-78.727758,36.073646
21581,,-78.726204,36.073929
21582,,-78.734397,36.091272
21583,,-78.733792,36.084881
21584,,-78.733989,36.101632
21585,,-78.738883,36.094269
21586,,-78.735488,36.095776
21587,,-78.734057,36.098326
21588,,-78.714417,36.082146
21589,,-78.714906,36.086076
21590,,-78.716584,36.090913
21591,,-78.718684,36.096001
21592,,-78.714637,36.10115
21593,,-78.722007,36.108516
21594,,-78.720541,36.109369
21595,,-78.772598,36.142951
21596,,-78.768845,36.146256
21597,,-78.765129,36.140952
21598,,-78.765868,36.141715
21599,,-78.749837,36.141677
21600,,-78.745963,36.14414
21601,,-78.739985,36.114323
21602,,-78.741829,36.114518
21603,,-78.724898,36.141927
21604,,-78.719807,36.142326
21605,,-78.740949,36.144207
21606,,-78.742838,36.146126
21607,,-78.718217,36.141097
21608,,-78.764275,36.127238
21609,,-78.756394,36.134364
21610,,-78.758258,36.136309
21611,,-78.769574,36.123848
21612,,-78.769266,36.124044
21613,,-78.764868,36.126857
21614,,-78.762055,36.128651
21615,,-78.760342,36.129729
21616,,-78.762735,36.138475
21617,,-78.764599,36.140404
21618,,-78.761002,36.136692
21619,,-78.748309,36.122392
21620,,-78.750222,36.123526
21621,,-78.748857,36.122707
21622,,-78.753582,36.136152
21623,,-78.750761,36.137946
21624,,-78.749201,36.138958
21625,,-78.749175,36.138975
21626,,-78.751083,36.140885
21627,,-78.747918,36.139808
21628,,-78.757279,36.131682
21629,,-78.75491,36.13045
21630,,-78.752314,36.127703
21631,,-78.751707,36.126944
21632,,-78.755456,36.138105
21633,,-78.752004,36.137156
21634,,-78.753895,36.139092
21635,,-78.752643,36.139893
21636,,-78.754828,36.13536
21637,,-78.756697,36.137302
21638,,-78.747953,36.139785
21639,,-78.745624,36.141243
21640,,-78.766521,36.154007
21641,,-78.770188,36.156978
21642,,-78.753429,36.156185
21643,,-78.742274,36.143366
21644,,-78.74414,36.145299
21645,,-78.741818,36.154935
21646,,-78.733231,36.1134
21647,,-78.729391,36.121036
21648,,-78.739941,36.114262
21649,,-78.739257,36.121671
21650,,-78.737817,36.124276
21651,,-78.737636,36.125208
21652,,-78.730871,36.118526
21653,,-78.731523,36.117114
21654,,-78.730243,36.119673
21655,,-78.719476,36.115407
21656,,-78.720819,36.120829
21657,,-78.721351,36.121535
21658,,-78.723596,36.124433
21659,,-78.72371,36.124557
21660,,-78.722312,36.122792
21661,,-78.713654,36.136746
21662,,-78.713254,36.136372
21663,,-78.720264,36.142717
21664,,-78.723724,36.142931
21665,,-78.711199,36.134246
21666,,-78.72585,36.151341
21667,,-78.726097,36.154108
21668,,-78.72645,36.157452
21669,,-78.724262,36.163064
21670,,-78.738424,36.14578
21671,,-78.737197,36.146593
21672,,-78.739085,36.148505
21673,,-78.73663,36.146956
21674,,-78.734855,36.148085
21675,,-78.737686,36.149388
21676,,-78.737494,36.149509
21677,,-78.737006,36.149817
21678,,-78.738109,36.149121
21679,,-78.734401,36.148386
21680,,-78.736272,36.150279
21681,,-78.735783,36.14749
21682,,-78.735617,36.147594
21683,,-78.739929,36.153076
21684,,-78.722449,36.144989
21685,,-78.723141,36.164853
21686,,-78.701256,36.074402
21687,,-78.676067,36.109753
21688,,-78.696028,36.061965
21689,,-78.696766,36.059055
21690,,-78.698167,36.045635
21691,,-78.697839,36.052493
21692,,-78.697853,36.052133
21693,,-78.699815,36.073023
21694,,-78.685124,36.065971
21695,,-78.680842,36.062112
21696,,-78.692681,36.079924
21697,,-78.704034,36.105398
21698,,-78.698795,36.10977
21699,,-78.691143,36.089816
21700,,-78.689817,36.098389
21701,,-78.688949,36.103866
21702,,-78.688133,36.109052
21703,,-78.651907,36.058392
21704,,-78.643308,36.058415
21705,,-78.656704,36.052772
21706,,-78.671113,36.106182
21707,,-78.671226,36.106198
21708,,-78.67403,36.108139
21709,,-78.655874,36.103294
21710,,-78.652122,36.103347
21711,,-78.648013,36.104212
21712,,-78.675535,36.157161
21713,,-78.675893,36.160812
21714,,-78.674979,36.15172
21715,,-78.697602,36.12505
21716,,-78.691205,36.121333
21717,,-78.697945,36.117387
21718,,-78.701106,36.117473
21719,,-78.693931,36.113976
21720,,-78.697465,36.110665
21721,,-78.695794,36.11204
21722,,-78.693636,36.117794
21723,,-78.694724,36.117596
21724,,-78.701004,36.127021
21725,,-78.689957,36.11813
21726,,-78.688646,36.118427
21727,,-78.686673,36.118435
21728,,-78.691862,36.118144
21729,,-78.684991,36.124003
21730,,-78.687505,36.113265
21731,,-78.687233,36.115081
21732,,-78.689368,36.117156
21733,,-78.691078,36.118242
21734,,-78.690127,36.115329
21735,,-78.687379,36.114108
21736,,-78.688083,36.12202
21737,,-78.688073,36.123897
21738,,-78.68515,36.126307
21739,,-78.686405,36.121077
21740,,-78.686584,36.119063
21741,,-78.686437,36.120731
21742,,-78.686176,36.121747
21743,,-78.684625,36.12242
21744,,-78.686465,36.12533
21745,,-78.684235,36.125006
21746,,-78.684586,36.126719
21747,,-78.682934,36.115017
21748,,-78.683413,36.115328
21749,,-78.678231,36.112879
21750,,-78.676732,36.111268
21751,,-78.679742,36.113552
21752,,-78.681178,36.122217
21753,,-78.680842,36.130436
21754,,-78.683753,36.127322
21755,,-78.680949,36.133015
21756,,-78.680459,36.14166
21757,,-78.680774,36.13938
21758,,-78.701346,36.158636
21759,,-78.700958,36.156235
21760,,-78.679484,36.143165
21761,,-78.677426,36.144952
21762,,-78.670301,36.121618
21763,,-78.669552,36.121571
21764,,-78.67539,36.121902
21765,,-78.67077,36.121648
21766,,-78.665897,36.121495
21767,,-78.661645,36.138918
21768,,-78.657014,36.122493
21769,,-78.657375,36.12245
21770,,-78.653378,36.122926
21771,,-78.652485,36.123032
21772,,-78.65124,36.12318
21773,,-78.648687,36.123487
21774,,-78.648534,36.123505
21775,,-78.645652,36.123829
21776,,-78.655855,36.140551
21777,,-78.660476,36.170303
21778,,-78.675432,36.156124
21779,,-78.675379,36.16365
21780,,-78.671832,36.170265
21781,,-78.670406,36.174941
21782,,-78.910362,36.269608
21783,,-78.994521,36.437829
21784,,-78.908529,36.350459
21785,,-78.896026,36.382362
21786,,-78.918973,36.39938
21787,,-78.902183,36.403835
21788,,-78.946419,36.44531
21789,,-78.931809,36.439549
21790,,-78.904024,36.183499
21791,,-78.904226,36.178035
21792,,-78.907695,36.248121
21793,,-78.907158,36.244721
21794,,-78.905395,36.283297
21795,,-78.911557,36.333284
21796,,-78.907027,36.349128
21797,,-78.896855,36.3656
21798,,-78.899181,36.435442
21799,,-79.094915,36.303958
21800,,-79.087008,36.307523
21801,,-79.139866,36.275696
21802,,-79.038725,36.184001
21803,,-79.03031,36.217462
21804,,-79.032555,36.242337
21805,,-79.032932,36.247171
21806,,-79.038441,36.26122
21807,,-79.039643,36.292955
21808,,-79.034476,36.299273
21809,,-78.972259,36.311966
21810,,-78.947164,36.309119
21811,,-79.041294,36.355072
21812,,-78.996845,36.307636
21813,,-78.942181,36.305297
21814,,-79.113797,36.208694
21815,,-79.102793,36.180567
21816,,-79.103067,36.269737
21817,,-79.101478,36.30048
21818,,-79.10472,36.298338
21819,,-79.157213,36.20729
21820,,-79.114651,36.209678
21821,,-79.166367,36.179833
21822,,-79.154778,36.206239
21823,,-79.15043,36.204362
21824,,-79.140521,36.194386
21825,,-79.122754,36.179223
21826,,-79.130392,36.176926
21827,,-79.127841,36.177896
21828,,-79.119876,36.18
21829,,-79.10269,36.181718
21830,,-79.110228,36.188854
21831,,-79.118812,36.229079
21832,,-79.118903,36.233253
21833,,-79.11885,36.240067
21834,,-79.135691,36.290663
21835,,-79.117608,36.263674
21836,,-79.122761,36.270795
21837,,-79.111513,36.268424
21838,,-79.107272,36.2688
21839,,-79.115672,36.259061
21840,,-79.107203,36.26881
21841,,-79.132984,36.303581
21842,,-79.114191,36.293533
21843,,-79.116717,36.29188
21844,,-79.072035,36.237669
21845,,-79.089215,36.200943
21846,,-79.094555,36.185286
21847,,-79.090942,36.185841
21848,,-79.096549,36.188142
21849,,-79.09413,36.19112
21850,,-79.093375,36.185223
21851,,-79.089907,36.197673
21852,,-79.08849,36.204297
21853,,-79.081211,36.186969
21854,,-79.078786,36.186908
21855,,-79.076197,36.186807
21856,,-79.079871,36.186944
21857,,-79.084528,36.186964
21858,,-79.076497,36.186819
21859,,-79.083746,36.215197
21860,,-79.080977,36.218284
21861,,-79.077173,36.227934
21862,,-79.077971,36.226346
21863,,-79.076256,36.229534
21864,,-79.06068,36.184821
21865,,-79.054435,36.184499
21866,,-79.065321,36.18626
21867,,-79.049665,36.184558
21868,,-79.094758,36.272665
21869,,-79.068337,36.254578
21870,,-79.082389,36.275824
21871,,-79.076311,36.275625
21872,,-79.070035,36.243525
21873,,-79.066175,36.256365
21874,,-79.049084,36.27297
21875,,-79.046261,36.274264
21876,,-79.091135,36.305636
21877,,-79.081005,36.275751
21878,,-79.076559,36.300701
21879,,-79.053137,36.27009
21880,,-79.067239,36.249271
21881,,-79.062835,36.273992
21882,,-79.060484,36.259302
21883,,-79.057001,36.268022
21884,,-79.039416,36.263338
21885,,-79.047153,36.273162
21886,,-79.038028,36.260512
21887,,-79.054542,36.298133
21888,,-79.053424,36.306842
21889,,-79.061683,36.28793
21890,,-79.060998,36.286704
21891,,-79.058215,36.275371
21892,,-79.067143,36.29597
21893,,-79.063286,36.292073
21894,,-79.054081,36.297103
21895,,-79.103995,36.310695
21896,,-79.104211,36.312588
21897,,-79.10658,36.320878
21898,,-79.097864,36.358028
21899,,-79.10182,36.385192
21900,,-79.070253,36.375202
21901,,-79.134024,36.314284
21902,,-79.132636,36.319867
21903,,-79.134161,36.338647
21904,,-79.121488,36.333214
21905,,-79.137652,36.346963
21906,,-79.145098,36.354681
21907,,-79.136285,36.341767
21908,,-79.144614,36.360152
21909,,-79.144673,36.363633
21910,,-79.131302,36.307834
21911,,-79.133967,36.316223
21912,,-79.123349,36.332163
21913,,-79.130374,36.329243
21914,,-79.132834,36.334219
21915,,-79.133328,36.335364
21916,,-79.106205,36.330103
21917,,-79.107426,36.32977
21918,,-79.136206,36.388245
21919,,-79.136977,36.388901
21920,,-79.141965,36.392448
21921,,-79.146026,36.394768
21922,,-79.145502,36.394649
21923,,-79.117139,36.386139
21924,,-79.116888,36.386166
21925,,-79.128428,36.385696
21926,,-79.115539,36.386228
21927,,-79.068746,36.319502
21928,,-79.082083,36.343647
21929,,-79.051557,36.338774
21930,,-79.086071,36.334499
21931,,-79.086009,36.333204
21932,,-79.09785,36.331457
21933,,-79.092817,36.33562
21934,,-79.09864,36.330848
21935,,-79.086137,36.331152
21936,,-79.082554,36.310542
21937,,-79.081929,36.310958
21938,,-79.084823,36.312589
21939,,-79.083605,36.316812
21940,,-79.092154,36.34897
21941,,-79.093303,36.351376
21942,,-79.093692,36.351774
21943,,-79.096703,36.354827
21944,,-79.091475,36.346942
21945,,-79.093843,36.367253
21946,,-79.077462,36.348265
21947,,-79.067444,36.320191
21948,,-79.055867,36.332784
21949,,-79.062401,36.322821
21950,,-79.06475,36.309082
21951,,-79.061923,36.309797
21952,,-79.05548,36.310169
21953,,-79.05314,36.312189
21954,,-79.053398,36.317603
21955,,-79.056572,36.329917
21956,,-79.055479,36.333475
21957,,-79.057826,36.325872
21958,,-79.057106,36.327379
21959,,-79.059191,36.3245
21960,,-79.053236,36.325695
21961,,-79.052661,36.321458
21962,,-79.048931,36.329393
21963,,-79.042141,36.334366
21964,,-79.051189,36.35407
21965,,-79.053104,36.362126
21966,,-79.045811,36.35538
21967,,-79.045558,36.355201
21968,,-79.048683,36.357437
21969,,-79.066943,36.352721
21970,,-79.062717,36.351549
21971,,-79.066673,36.370388
21972,,-79.050573,36.342728
21973,,-79.048737,36.354387
21974,,-79.047812,36.349273
21975,,-79.049766,36.358437
21976,,-79.070186,36.380907
21977,,-79.087414,36.383075
21978,,-79.079962,36.380082
21979,,-79.074093,36.378891
21980,,-79.070506,36.375646
21981,,-79.04958,36.388461
21982,,-79.068308,36.381981
21983,,-79.048464,36.388564
21984,,-79.046966,36.388528
21985,,-78.964607,36.190557
21986,,-78.972189,36.281533
21987,,-79.01354,36.186705
21988,,-78.996951,36.231803
21989,,-79.00532,36.198691
21990,,-78.997271,36.230764
21991,,-79.021273,36.19344
21992,,-79.022178,36.19659
21993,,-79.034996,36.183608
21994,,-79.024072,36.18425
21995,,-79.030888,36.17996
21996,,-79.029646,36.180745
21997,,-79.027192,36.182286
21998,,-79.025917,36.183096
21999,,-79.020201,36.187197
22000,,-79.021982,36.194807
22001,,-79.013102,36.181258
22002,,-79.009891,36.177405
22003,,-79.013029,36.182642
22004,,-79.012827,36.179688
22005,,-79.012966,36.183875
22006,,-79.017228,36.224496
22007,,-79.023663,36.238858
22008,,-79.028569,36.221488
22009,,-79.027424,36.223415
22010,,-79.025601,36.229062
22011,,-79.025472,36.229944
22012,,-79.006863,36.216348
22013,,-78.987301,36.207853
22014,,-79.000187,36.176995
22015,,-79.000264,36.201211
22016,,-78.98929,36.204688
22017,,-79.001979,36.200351
22018,,-78.998968,36.201854
22019,,-78.998119,36.202276
22020,,-78.978084,36.188727
22021,,-78.975772,36.176971
22022,,-78.978058,36.185776
22023,,-78.98187,36.197295
22024,,-78.997768,36.218015
22025,,-78.997647,36.220515
22026,,-78.979011,36.21386
22027,,-78.982976,36.213872
22028,,-78.983813,36.222754
22029,,-78.984706,36.224278
22030,,-79.019321,36.277105
22031,,-79.021274,36.277035
22032,,-78.98242,36.266656
22033,,-79.022016,36.245284
22034,,-79.016355,36.255678
22035,,-79.035843,36.255715
22036,,-79.022484,36.242711
22037,,-79.02258,36.242183
22038,,-79.018676,36.253732
22039,,-79.019139,36.25293
22040,,-79.011347,36.265612
22041,,-79.003772,36.268924
22042,,-79.033005,36.300063
22043,,-79.03094,36.302489
22044,,-79.011541,36.276521
22045,,-79.007895,36.276054
22046,,-78.992626,36.252136
22047,,-78.992845,36.24328
22048,,-78.99247,36.247683
22049,,-78.990163,36.259441
22050,,-78.995219,36.2704
22051,,-78.999176,36.269905
22052,,-78.974814,36.265629
22053,,-78.974291,36.265915
22054,,-78.99595,36.27551
22055,,-78.970865,36.29936
22056,,-78.971088,36.304741
22057,,-78.938637,36.208
22058,,-78.937661,36.219953
22059,,-78.940713,36.206305
22060,,-78.937024,36.209412
22061,,-78.948628,36.197599
22062,,-78.967755,36.187834
22063,,-78.970401,36.187332
22064,,-78.963323,36.193319
22065,,-78.959221,36.199003
22066,,-78.95593,36.233725
22067,,-78.950076,36.24009
22068,,-78.959124,36.230259
22069,,-78.950569,36.239547
22070,,-78.92261,36.21964
22071,,-78.921661,36.220266
22072,,-78.91061,36.223868
22073,,-78.927708,36.22171
22074,,-78.930914,36.228616
22075,,-78.931934,36.231559
22076,,-78.92102,36.22072
22077,,-78.917143,36.222836
22078,,-78.938438,36.248176
22079,,-78.938294,36.248024
22080,,-78.940398,36.250247
22081,,-78.936842,36.299819
22082,,-78.963084,36.27135
22083,,-78.961783,36.273632
22084,,-78.966854,36.269642
22085,,-78.946341,36.242875
22086,,-78.938737,36.248479
22087,,-78.939224,36.249069
22088,,-78.943791,36.260369
22089,,-78.943592,36.262039
22090,,-78.950377,36.286468
22091,,-78.941578,36.290193
22092,,-78.968584,36.281152
22093,,-78.964203,36.280139
22094,,-78.963981,36.289995
22095,,-78.960428,36.276988
22096,,-78.95952,36.278798
22097,,-78.946455,36.288254
22098,,-78.950266,36.277745
22099,,-78.95201,36.279165
22100,,-78.948469,36.275791
22101,,-78.952541,36.286147
22102,,-78.954,36.28589
22103,,-78.948429,36.286787
22104,,-78.954279,36.284656
22105,,-78.951252,36.286345
22106,,-78.948622,36.286747
22107,,-78.939425,36.289808
22108,,-78.90866,36.253093
22109,,-78.925007,36.292467
22110,,-78.917192,36.284926
22111,,-78.935127,36.289043
22112,,-78.926782,36.287567
22113,,-78.926279,36.290019
22114,,-78.93025,36.293963
22115,,-78.924954,36.294095
22116,,-78.915478,36.284034
22117,,-78.919761,36.285897
22118,,-78.915357,36.283969
22119,,-78.905535,36.282944
22120,,-78.918918,36.301545
22121,,-79.028489,36.378704
22122,,-79.01967,36.37328
22123,,-79.001747,36.376631
22124,,-78.970406,36.410049
22125,,-78.968272,36.340775
22126,,-78.970852,36.412925
22127,,-78.970451,36.413767
22128,,-79.004585,36.350509
22129,,-79.002678,36.352638
22130,,-79.021837,36.321522
22131,,-79.010165,36.324563
22132,,-79.023877,36.314983
22133,,-79.011875,36.336712
22134,,-79.017643,36.32961
22135,,-79.013831,36.33411
22136,,-79.007629,36.325463
22137,,-79.011411,36.337819
22138,,-79.023552,36.344256
22139,,-79.022883,36.362075
22140,,-79.014454,36.358183
22141,,-79.021802,36.368498
22142,,-79.021642,36.350213
22143,,-79.033468,36.360864
22144,,-79.032188,36.361703
22145,,-79.021213,36.368988
22146,,-79.026618,36.365307
22147,,-79.024321,36.366829
22148,,-79.022725,36.367874
22149,,-79.007691,36.347051
22150,,-79.012957,36.361645
22151,,-79.013738,36.359599
22152,,-79.010547,36.368732
22153,,-79.009818,36.369359
22154,,-78.991209,36.309215
22155,,-78.991191,36.33679
22156,,-79.003634,36.328005
22157,,-79.001388,36.329745
22158,,-78.985289,36.310335
22159,,-78.981136,36.334493
22160,,-78.974909,36.326171
22161,,-78.982029,36.339584
22162,,-78.97478,36.325933
22163,,-78.99785,36.342656
22164,,-78.988897,36.353485
22165,,-78.993799,36.353968
22166,,-78.990055,36.353546
22167,,-78.996988,36.36421
22168,,-78.979851,36.351879
22169,,-78.979078,36.355043
22170,,-78.984015,36.343127
22171,,-78.98223,36.345967
22172,,-78.982489,36.352768
22173,,-78.982382,36.350267
22174,,-78.982557,36.354688
22175,,-78.979822,36.350423
22176,,-78.982599,36.355996
22177,,-78.978937,36.361529
22178,,-78.982784,36.36494
22179,,-78.978966,36.365666
22180,,-78.978719,36.367128
22181,,-78.982758,36.367914
22182,,-78.982729,36.372181
22183,,-78.978816,36.372409
22184,,-78.978688,36.369831
22185,,-78.979323,36.3633
22186,,-78.979107,36.362286
22187,,-78.979317,36.364012
22188,,-78.979071,36.359022
22189,,-78.977025,36.3698
22190,,-78.978681,36.369262
22191,,-78.97583,36.369345
22192,,-79.004698,36.384544
22193,,-79.000248,36.418009
22194,,-79.003891,36.38738
22195,,-79.000022,36.421281
22196,,-79.035417,36.387555
22197,,-79.016416,36.388067
22198,,-79.006778,36.389443
22199,,-79.005868,36.389628
22200,,-79.021606,36.374805
22201,,-79.023524,36.377127
22202,,-79.027859,36.391308
22203,,-79.026177,36.396806
22204,,-79.029557,36.398242
22205,,-79.033673,36.401528
22206,,-79.031655,36.398948
22207,,-79.018085,36.373165
22208,,-79.011575,36.379708
22209,,-79.008136,36.383136
22210,,-79.017165,36.396843
22211,,-79.014065,36.397156
22212,,-79.005927,36.396987
22213,,-79.004262,36.389969
22214,,-79.005434,36.39687
22215,,-79.008764,36.397277
22216,,-79.006653,36.429849
22217,,-79.010513,36.431958
22218,,-79.007754,36.430264
22219,,-78.998592,36.390838
22220,,-78.986514,36.386604
22221,,-78.987826,36.386606
22222,,-78.986164,36.388003
22223,,-78.987007,36.396255
22224,,-78.987964,36.398393
22225,,-78.987829,36.382449
22226,,-78.988664,36.38986
22227,,-78.987327,36.394166
22228,,-78.990198,36.373176
22229,,-78.990467,36.372543
22230,,-78.990642,36.376281
22231,,-78.992203,36.379983
22232,,-78.98973,36.374798
22233,,-78.989944,36.373995
22234,,-78.990907,36.378254
22235,,-78.991063,36.376989
22236,,-78.988809,36.378659
22237,,-78.987998,36.384825
22238,,-78.987909,36.38218
22239,,-78.98778,36.382613
22240,,-78.987466,36.383645
22241,,-78.988002,36.387218
22242,,-78.995743,36.392298
22243,,-78.99127,36.395879
22244,,-78.989012,36.396646
22245,,-79.001614,36.390509
22246,,-79.000237,36.394261
22247,,-79.001366,36.394881
22248,,-78.996581,36.391825
22249,,-78.99677,36.394016
22250,,-78.988285,36.392585
22251,,-78.988196,36.395134
22252,,-78.990306,36.394565
22253,,-78.989321,36.400727
22254,,-78.992692,36.405176
22255,,-78.988544,36.402283
22256,,-78.987454,36.403546
22257,,-78.984442,36.38011
22258,,-78.981471,36.376893
22259,,-78.984979,36.381155
22260,,-78.985554,36.382021
22261,,-78.986421,36.386973
22262,,-78.985845,36.397826
22263,,-78.983395,36.397285
22264,,-78.980242,36.39703
22265,,-78.978413,36.402048
22266,,-78.979602,36.402934
22267,,-78.984601,36.392547
22268,,-78.981122,36.393677
22269,,-78.985752,36.389639
22270,,-78.984894,36.392177
22271,,-78.984203,36.394955
22272,,-78.983873,36.39332
22273,,-78.983559,36.393636
22274,,-78.981365,36.395745
22275,,-78.981749,36.395368
22276,,-78.980783,36.401119
22277,,-78.984358,36.398378
22278,,-78.986889,36.404991
22279,,-78.980162,36.397401
22280,,-78.981529,36.399973
22281,,-78.980073,36.397835
22282,,-78.979761,36.399286
22283,,-78.979748,36.400186
22284,,-78.979589,36.40065
22285,,-78.974467,36.393882
22286,,-78.978817,36.3935
22287,,-78.97588,36.39369
22288,,-78.977959,36.402454
22289,,-78.975439,36.405005
22290,,-78.999962,36.422145
22291,,-78.998082,36.411235
22292,,-78.9964,36.409976
22293,,-79.000325,36.416903
22294,,-78.99502,36.408941
22295,,-78.996036,36.431394
22296,,-78.995331,36.432726
22297,,-78.999871,36.423455
22298,,-78.999788,36.42456
22299,,-78.999577,36.425757
22300,,-78.999603,36.425666
22301,,-78.999216,36.426563
22302,,-78.997644,36.428677
22303,,-78.994748,36.435869
22304,,-78.983797,36.409071
22305,,-78.984191,36.408355
22306,,-78.985463,36.406754
22307,,-78.985841,36.406298
22308,,-78.985018,36.411028
22309,,-78.976789,36.407257
22310,,-78.974198,36.406425
22311,,-78.973662,36.409623
22312,,-78.97298,36.408498
22313,,-78.973798,36.409597
22314,,-78.976567,36.426309
22315,,-78.979808,36.423603
22316,,-78.975163,36.42598
22317,,-78.974064,36.425733
22318,,-78.971465,36.425145
22319,,-78.937987,36.337069
22320,,-78.930185,36.331635
22321,,-78.938124,36.34207
22322,,-78.910458,36.33583
22323,,-78.955128,36.322954
22324,,-78.953642,36.335001
22325,,-78.948764,36.324783
22326,,-78.949293,36.324641
22327,,-78.95039,36.311551
22328,,-78.948466,36.310233
22329,,-78.941199,36.327903
22330,,-78.942113,36.33307
22331,,-78.954025,36.360047
22332,,-78.969468,36.366871
22333,,-78.966182,36.365818
22334,,-78.966689,36.36596
22335,,-78.9567,36.361928
22336,,-78.945869,36.348701
22337,,-78.941936,36.346113
22338,,-78.94583,36.359022
22339,,-78.953302,36.359775
22340,,-78.938686,36.361809
22341,,-78.942486,36.367884
22342,,-78.942616,36.368699
22343,,-78.917495,36.334435
22344,,-78.920271,36.319906
22345,,-78.916427,36.323109
22346,,-78.925625,36.311278
22347,,-78.93611,36.330226
22348,,-78.91673,36.321738
22349,,-78.913167,36.331773
22350,,-78.91288,36.335027
22351,,-78.917012,36.353299
22352,,-78.932159,36.360344
22353,,-78.927926,36.35864
22354,,-78.934085,36.361203
22355,,-78.932051,36.360297
22356,,-78.926932,36.358313
22357,,-78.913845,36.352168
22358,,-78.909349,36.350856
22359,,-78.908711,36.350591
22360,,-78.947591,36.404305
22361,,-78.947156,36.404758
22362,,-78.936771,36.392142
22363,,-78.943675,36.392239
22364,,-78.945741,36.406335
22365,,-78.942532,36.37545
22366,,-78.956605,36.396176
22367,,-78.959587,36.382215
22368,,-78.957026,36.382991
22369,,-78.961729,36.381634
22370,,-78.960947,36.381872
22371,,-78.95805,36.382598
22372,,-78.963116,36.391853
22373,,-78.959272,36.392321
22374,,-78.950244,36.393199
22375,,-78.955587,36.415299
22376,,-78.941574,36.420989
22377,,-78.964847,36.41556
22378,,-78.964783,36.410804
22379,,-78.969372,36.417114
22380,,-78.966821,36.415836
22381,,-78.966917,36.415911
22382,,-78.969609,36.415835
22383,,-78.968916,36.41984
22384,,-78.969153,36.41843
22385,,-78.968839,36.420291
22386,,-78.964235,36.415643
22387,,-78.963864,36.415674
22388,,-78.962821,36.41563
22389,,-78.95652,36.415602
22390,,-78.963981,36.436355
22391,,-78.967596,36.425343
22392,,-78.966221,36.428323
22393,,-78.968392,36.422999
22394,,-78.966987,36.426858
22395,,-78.965672,36.429917
22396,,-78.965574,36.433403
22397,,-78.964635,36.435232
22398,,-78.965309,36.433897
22399,,-78.964263,36.43587
22400,,-78.949557,36.41437
22401,,-78.942749,36.411828
22402,,-78.943667,36.409674
22403,,-78.946776,36.424389
22404,,-78.941955,36.424681
22405,,-78.941009,36.426678
22406,,-78.929765,36.393419
22407,,-78.927256,36.395342
22408,,-78.931694,36.392203
22409,,-78.928072,36.394721
22410,,-78.927463,36.395184
22411,,-78.929676,36.393494
22412,,-78.922723,36.398746
22413,,-78.919556,36.399318
22414,,-78.91261,36.394587
22415,,-78.916631,36.399056
22416,,-78.910852,36.394045
22417,,-78.909028,36.393912
22418,,-78.935457,36.420705
22419,,-78.932567,36.437219
22420,,-78.910353,36.43132
22421,,-78.970614,36.440369
22422,,-79.004549,36.457083
22423,,-78.994951,36.455611
22424,,-78.994963,36.448494
22425,,-78.995107,36.450339
22426,,-78.993331,36.4463
22427,,-78.996067,36.452322
22428,,-78.994396,36.464738
22429,,-78.994373,36.463384
22430,,-78.993456,36.459664
22431,,-78.994293,36.463088
22432,,-78.981735,36.442965
22433,,-78.985252,36.442927
22434,,-78.977225,36.442312
22435,,-78.976414,36.442147
22436,,-78.978018,36.442512
22437,,-78.973963,36.441532
22438,,-79.000994,36.48318
22439,,-78.954588,36.470036
22440,,-78.95493,36.471778
22441,,-78.954571,36.470377
22442,,-78.954854,36.455533
22443,,-78.956823,36.450967
22444,,-78.949113,36.444668
22445,,-78.962161,36.43861
22446,,-78.961113,36.440445
22447,,-78.960291,36.441917
22448,,-78.970451,36.440301
22449,,-78.958487,36.443945
22450,,-78.957686,36.444842
22451,,-78.956837,36.445876
22452,,-78.956324,36.451392
22453,,-78.955139,36.462406
22454,,-78.944621,36.445726
22455,,-78.951848,36.444037
22456,,-78.941382,36.443845
22457,,-78.94135,36.443723
22458,,-78.95778,36.484227
22459,,-78.955523,36.4893
22460,,-78.956626,36.477305
22461,,-78.923639,36.454995
22462,,-78.918381,36.463435
22463,,-78.929089,36.447497
22464,,-78.928044,36.448965
22465,,-78.924668,36.453571
22466,,-78.92353,36.455153
22467,,-78.920799,36.458879
22468,,-78.918256,36.463716
22469,,-78.929854,36.493383
22470,,-78.917514,36.481456
22471,,-78.91818,36.488965
22472,,-78.810475,36.304436
22473,,-78.78796,36.306812
22474,,-78.785196,36.306863
22475,,-78.778271,36.308209
22476,,-78.830823,36.311611
22477,,-78.772552,36.245658
22478,,-78.773068,36.307197
22479,,-78.835161,36.218551
22480,,-78.840115,36.230475
22481,,-78.847119,36.288744
22482,,-78.829626,36.241191
22483,,-78.77928,36.245085
22484,,-78.885825,36.178091
22485,,-78.890783,36.228333
22486,,-78.874617,36.24026
22487,,-78.903685,36.231398
22488,,-78.865353,36.184186
22489,,-78.862221,36.17783
22490,,-78.862916,36.180455
22491,,-78.862043,36.202951
22492,,-78.848489,36.19014
22493,,-78.849707,36.176952
22494,,-78.849777,36.186433
22495,,-78.848032,36.193282
22496,,-78.869983,36.229512
22497,,-78.868743,36.229608
22498,,-78.842838,36.230668
22499,,-78.887059,36.274794
22500,,-78.869967,36.258559
22501,,-78.866705,36.267565
22502,,-78.902001,36.290804
22503,,-78.898784,36.302656
22504,,-78.89318,36.297815
22505,,-78.88631,36.30208
22506,,-78.878857,36.306633
22507,,-78.865793,36.267362
22508,,-78.856978,36.301895
22509,,-78.860826,36.304892
22510,,-78.846841,36.288436
22511,,-78.847149,36.288779
22512,,-78.854837,36.299002
22513,,-78.851547,36.294689
22514,,-78.827695,36.193371
22515,,-78.833359,36.179312
22516,,-78.828039,36.236742
22517,,-78.828806,36.23887
22518,,-78.789476,36.184545
22519,,-78.792633,36.183013
22520,,-78.828597,36.273254
22521,,-78.797466,36.273939
22522,,-78.823588,36.256502
22523,,-78.823492,36.260411
22524,,-78.831899,36.259316
22525,,-78.827423,36.267949
22526,,-78.830708,36.254956
22527,,-78.830689,36.255099
22528,,-78.827839,36.269352
22529,,-78.835073,36.260578
22530,,-78.829948,36.258436
22531,,-78.82722,36.266159
22532,,-78.81948,36.262511
22533,,-78.823452,36.294573
22534,,-78.82869,36.285654
22535,,-78.823062,36.300217
22536,,-78.835645,36.282634
22537,,-78.830156,36.280623
22538,,-78.834688,36.282599
22539,,-78.828843,36.277071
22540,,-78.808248,36.30436
22541,,-78.795105,36.246147
22542,,-78.794017,36.245626
22543,,-78.793027,36.257552
22544,,-78.791122,36.274845
22545,,-78.804634,36.304024
22546,,-78.867138,36.3892
22547,,-78.83928,36.386188
22548,,-78.79798,36.369385
22549,,-78.805925,36.374193
22550,,-78.865142,36.322137
22551,,-78.898344,36.340087
22552,,-78.885078,36.3404
22553,,-78.878058,36.339033
22554,,-78.855292,36.339003
22555,,-78.852993,36.338831
22556,,-78.871059,36.339258
22557,,-78.852187,36.338844
22558,,-78.843419,36.340786
22559,,-78.896175,36.323458
22560,,-78.890432,36.3322
22561,,-78.896872,36.310817
22562,,-78.896161,36.315571
22563,,-78.896694,36.317796
22564,,-78.897211,36.319209
22565,,-78.897124,36.320592
22566,,-78.892742,36.330022
22567,,-78.873988,36.310967
22568,,-78.878388,36.335873
22569,,-78.88288,36.339527
22570,,-78.873734,36.338724
22571,,-78.89152,36.342536
22572,,-78.902093,36.346393
22573,,-78.892462,36.342739
22574,,-78.901873,36.346265
22575,,-78.896504,36.340237
22576,,-78.896192,36.369283
22577,,-78.866522,36.322726
22578,,-78.861864,36.311396
22579,,-78.872146,36.33889
22580,,-78.847223,36.311785
22581,,-78.843293,36.311737
22582,,-78.847649,36.311811
22583,,-78.843481,36.311739
22584,,-78.849443,36.329167
22585,,-78.846667,36.329485
22586,,-78.854486,36.338873
22587,,-78.851939,36.33885
22588,,-78.859786,36.340027
22589,,-78.866463,36.340963
22590,,-78.864863,36.341247
22591,,-78.862333,36.340689
22592,,-78.847233,36.340133
22593,,-78.902325,36.405464
22594,,-78.880074,36.388034
22595,,-78.875918,36.38852
22596,,-78.896099,36.37728
22597,,-78.893019,36.386642
22598,,-78.895752,36.392939
22599,,-78.876821,36.388395
22600,,-78.873655,36.388815
22601,,-78.901528,36.427551
22602,,-78.899915,36.434919
22603,,-78.901775,36.431068
22604,,-78.857589,36.38945
22605,,-78.863951,36.389193
22606,,-78.804124,36.314788
22607,,-78.812576,36.339293
22608,,-78.804846,36.308484
22609,,-78.808576,36.338649
22610,,-78.836398,36.311671
22611,,-78.835066,36.311658
22612,,-78.829933,36.337193
22613,,-78.820906,36.337937
22614,,-78.808316,36.338416
22615,,-78.78891,36.335136
22616,,-78.804301,36.312853
22617,,-78.803928,36.31654
22618,,-78.803843,36.317136
22619,,-78.798038,36.333169
22620,,-78.779615,36.308094
22621,,-78.782412,36.334858
22622,,-78.777824,36.335005
22623,,-78.778322,36.335016
22624,,-78.793923,36.366692
22625,,-78.837557,36.385347
22626,,-78.817864,36.384109
22627,,-78.830589,36.38248
22628,,-78.826483,36.382336
22629,,-78.81653,36.383697
22630,,-78.812676,36.376101
22631,,-78.709755,36.21648
22632,,-78.714998,36.228077
22633,,-78.709025,36.229299
22634,,-78.732069,36.242071
22635,,-78.706385,36.184793
22636,,-78.70227,36.245065
22637,,-78.708951,36.284136
22638,,-78.740956,36.193204
22639,,-78.73185,36.21065
22640,,-78.724014,36.214513
22641,,-78.740361,36.229641
22642,,-78.740259,36.23595
22643,,-78.740197,36.239284
22644,,-78.771229,36.191844
22645,,-78.769433,36.195646
22646,,-78.751865,36.178827
22647,,-78.753441,36.176668
22648,,-78.747808,36.182038
22649,,-78.757549,36.201506
22650,,-78.756076,36.201115
22651,,-78.74508,36.199898
22652,,-78.752783,36.200413
22653,,-78.724329,36.200387
22654,,-78.724002,36.203977
22655,,-78.725071,36.206867
22656,,-78.729275,36.181731
22657,,-78.731969,36.193519
22658,,-78.726019,36.197074
22659,,-78.71529,36.184979
22660,,-78.709572,36.184005
22661,,-78.715727,36.18633
22662,,-78.723336,36.200683
22663,,-78.722355,36.200202
22664,,-78.721924,36.200685
22665,,-78.716909,36.205388
22666,,-78.723038,36.199426
22667,,-78.720686,36.196662
22668,,-78.723769,36.202361
22669,,-78.719689,36.20269
22670,,-78.711221,36.208109
22671,,-78.728149,36.220821
22672,,-78.719538,36.225848
22673,,-78.738334,36.209794
22674,,-78.734824,36.210215
22675,,-78.730726,36.234343
22676,,-78.731874,36.237643
22677,,-78.721348,36.216731
22678,,-78.723584,36.217329
22679,,-78.722512,36.216121
22680,,-78.71829,36.216759
22681,,-78.709061,36.215407
22682,,-78.710625,36.22897
22683,,-78.740148,36.243009
22684,,-78.752626,36.251549
22685,,-78.766182,36.296609
22686,,-78.764584,36.305754
22687,,-78.720225,36.264982
22688,,-78.728048,36.271262
22689,,-78.740081,36.248097
22690,,-78.728126,36.248668
22691,,-78.728318,36.246022
22692,,-78.725474,36.247637
22693,,-78.728132,36.249765
22694,,-78.710741,36.246163
22695,,-78.710387,36.246086
22696,,-78.712389,36.265526
22697,,-78.732204,36.303815
22698,,-78.729738,36.283473
22699,,-78.737678,36.291103
22700,,-78.690649,36.208665
22701,,-78.683805,36.206274
22702,,-78.677234,36.20292
22703,,-78.681449,36.204942
22704,,-78.696294,36.209869
22705,,-78.702615,36.192758
22706,,-78.704864,36.185318
22707,,-78.703339,36.186552
22708,,-78.703758,36.189332
22709,,-78.696843,36.194756
22710,,-78.684323,36.191842
22711,,-78.683796,36.178401
22712,,-78.683824,36.180009
22713,,-78.682044,36.184478
22714,,-78.684196,36.1927
22715,,-78.681782,36.197717
22716,,-78.69359,36.209302
22717,,-78.699286,36.209048
22718,,-78.699249,36.2097
22719,,-78.698067,36.210205
22720,,-78.703341,36.231744
22721,,-78.702659,36.232152
22722,,-78.69546,36.240635
22723,,-78.680333,36.221282
22724,,-78.666274,36.181186
22725,,-78.674301,36.20159
22726,,-78.645284,36.176995
22727,,-78.650776,36.197469
22728,,-78.657588,36.22964
22729,,-78.651878,36.218782
22730,,-78.663148,36.218923
22731,,-78.662702,36.218894
22732,,-78.665172,36.219032
22733,,-78.669109,36.221274
22734,,-78.665447,36.219045
22735,,-78.660877,36.218927
22736,,-78.667531,36.227305
22737,,-78.66275,36.230034
22738,,-78.65611,36.219162
22739,,-78.657053,36.219235
22740,,-78.651995,36.218792
22741,,-78.648374,36.217128
22742,,-78.650997,36.231435
22743,,-78.653322,36.230224
22744,,-78.655533,36.229618
22745,,-78.653233,36.23027
22746,,-78.706375,36.267627
22747,,-78.699326,36.246278
22748,,-78.693296,36.245492
22749,,-78.691698,36.245692
22750,,-78.702382,36.269018
22751,,-78.688917,36.247516
22752,,-78.689686,36.247101
22753,,-78.676746,36.250077
22754,,-78.707767,36.285278
22755,,-78.673914,36.250279
22756,,-78.756519,36.359725
22757,,-78.739966,36.316787
22758,,-78.742138,36.324948
22759,,-78.741242,36.319246
22760,,-78.742411,36.325523
22761,,-78.75633,36.332503
22762,,-78.772722,36.30714
22763,,-78.75825,36.332874
22764,,-78.773651,36.334162
22765,,-78.759988,36.333161
22766,,-78.743678,36.313264
22767,,-78.748001,36.312249
22768,,-78.745433,36.329836
22769,,-78.755263,36.343357
22770,,-78.764174,36.36085
22771,,-78.755272,36.342536
22772,,-78.733048,36.313345
22773,,-78.728773,36.313259
22774,,-78.735314,36.312168
22775,,-78.734165,36.308699
22776,,-78.737327,36.314272
22777,,-78.723061,36.313121
22778,,-78.724755,36.313165
22779,,-78.892123,36.440968
22780,,-78.493748,36.17277
22781,,-78.633966,36.046092
22782,,-78.511976,36.105343
22783,,-78.515866,36.046197
22784,,-78.511391,36.046784
22785,,-78.510355,36.051552
22786,,-78.510663,36.05868
22787,,-78.503241,36.045277
22788,,-78.51093,36.062399
22789,,-78.514952,36.067273
22790,,-78.512184,36.064321
22791,,-78.625309,35.97972
22792,,-78.635381,35.978761
22793,,-78.642854,35.943699
22794,,-78.635175,35.95065
22795,,-78.641626,35.953416
22796,,-78.636134,35.947532
22797,,-78.634342,35.947168
22798,,-78.615814,36.016977
22799,,-78.594975,36.012414
22800,,-78.593532,36.012753
22801,,-78.641176,35.97942
22802,,-78.620128,35.980914
22803,,-78.637835,36.029268
22804,,-78.620932,36.029194
22805,,-78.637699,36.030246
22806,,-78.640471,36.038102
22807,,-78.637273,36.044297
22808,,-78.637756,36.030777
22809,,-78.641141,36.035643
22810,,-78.637838,36.031157
22811,,-78.642871,36.033812
22812,,-78.638333,36.032553
22813,,-78.639877,36.040363
22814,,-78.639589,36.041451
22815,,-78.619081,36.016701
22816,,-78.621847,36.016065
22817,,-78.619161,36.026596
22818,,-78.612135,36.017363
22819,,-78.622349,36.037671
22820,,-78.624027,36.03991
22821,,-78.625487,36.043801
22822,,-78.605778,35.997129
22823,,-78.603201,35.980684
22824,,-78.608361,35.981285
22825,,-78.607469,35.988998
22826,,-78.607498,35.988228
22827,,-78.602784,36.006591
22828,,-78.606647,35.995802
22829,,-78.605017,35.998726
22830,,-78.604049,36.003214
22831,,-78.599265,36.009879
22832,,-78.601354,36.00819
22833,,-78.597651,36.011823
22834,,-78.601776,36.027961
22835,,-78.598863,36.018148
22836,,-78.607715,36.017285
22837,,-78.605565,36.017181
22838,,-78.603471,36.016425
22839,,-78.599251,36.014425
22840,,-78.596829,36.012533
22841,,-78.599145,36.025449
22842,,-78.597343,36.024209
22843,,-78.603086,36.038611
22844,,-78.60359,36.042384
22845,,-78.593011,36.012956
22846,,-78.591583,36.013613
22847,,-78.59149,36.013654
22848,,-78.587549,36.014601
22849,,-78.582615,36.016053
22850,,-78.580194,36.016282
22851,,-78.57961,36.01617
22852,,-78.56642,36.011465
22853,,-78.566929,36.009293
22854,,-78.551183,36.028068
22855,,-78.54948,36.027494
22856,,-78.572151,36.015416
22857,,-78.576613,36.016327
22858,,-78.571184,36.015198
22859,,-78.565439,36.01313
22860,,-78.554585,36.021977
22861,,-78.555149,36.01686
22862,,-78.555053,36.02136
22863,,-78.552906,36.025769
22864,,-78.641702,36.109913
22865,,-78.583572,36.075819
22866,,-78.605911,36.108739
22867,,-78.579388,36.16647
22868,,-78.546902,36.11117
22869,,-78.61586,36.06039
22870,,-78.605343,36.095139
22871,,-78.626497,36.047178
22872,,-78.628082,36.050999
22873,,-78.626385,36.052753
22874,,-78.615074,36.061299
22875,,-78.627825,36.051249
22876,,-78.629906,36.049376
22877,,-78.631741,36.047531
22878,,-78.621939,36.055896
22879,,-78.6196,36.057633
22880,,-78.617656,36.059161
22881,,-78.613895,36.068812
22882,,-78.621653,36.066414
22883,,-78.614846,36.061603
22884,,-78.613502,36.062892
22885,,-78.623525,36.103587
22886,,-78.640375,36.104307
22887,,-78.639617,36.104294
22888,,-78.596264,36.054952
22889,,-78.595729,36.061864
22890,,-78.595262,36.057913
22891,,-78.595109,36.064489
22892,,-78.594011,36.072538
22893,,-78.599008,36.050625
22894,,-78.601824,36.046611
22895,,-78.595859,36.056115
22896,,-78.595238,36.058298
22897,,-78.595492,36.05918
22898,,-78.609293,36.069109
22899,,-78.601997,36.069941
22900,,-78.609245,36.066169
22901,,-78.606879,36.0675
22902,,-78.605051,36.068914
22903,,-78.597389,36.073476
22904,,-78.59781,36.074983
22905,,-78.597675,36.074377
22906,,-78.58742,36.074895
22907,,-78.584385,36.075462
22908,,-78.602073,36.087912
22909,,-78.605598,36.098019
22910,,-78.606967,36.105775
22911,,-78.581096,36.077742
22912,,-78.628907,36.143052
22913,,-78.584659,36.142688
22914,,-78.583337,36.142675
22915,,-78.609272,36.155895
22916,,-78.640249,36.117231
22917,,-78.64104,36.120275
22918,,-78.64122,36.121288
22919,,-78.633781,36.130724
22920,,-78.638168,36.127688
22921,,-78.630308,36.135013
22922,,-78.629937,36.141657
22923,,-78.627688,36.144543
22924,,-78.623836,36.173065
22925,,-78.627855,36.144333
22926,,-78.624439,36.150986
22927,,-78.623456,36.17388
22928,,-78.622358,36.161711
22929,,-78.608803,36.138312
22930,,-78.591135,36.114493
22931,,-78.588075,36.117176
22932,,-78.587729,36.142656
22933,,-78.583335,36.156912
22934,,-78.600233,36.148824
22935,,-78.601205,36.149479
22936,,-78.582361,36.150615
22937,,-78.582372,36.150643
22938,,-78.582934,36.153617
22939,,-78.578655,36.169233
22940,,-78.579509,36.166044
22941,,-78.577718,36.172722
22942,,-78.549022,36.0803
22943,,-78.543075,36.060195
22944,,-78.541912,36.062647
22945,,-78.540171,36.055194
22946,,-78.540212,36.072737
22947,,-78.539071,36.076448
22948,,-78.561007,36.053215
22949,,-78.554603,36.054479
22950,,-78.549473,36.054918
22951,,-78.546728,36.056536
22952,,-78.562441,36.082313
22953,,-78.560998,36.081679
22954,,-78.560226,36.096988
22955,,-78.559879,36.099347
22956,,-78.572524,36.08319
22957,,-78.562592,36.082426
22958,,-78.5667,36.084154
22959,,-78.564653,36.083858
22960,,-78.562263,36.08873
22961,,-78.553629,36.083098
22962,,-78.560475,36.0816
22963,,-78.555027,36.083112
22964,,-78.551316,36.082385
22965,,-78.546363,36.091788
22966,,-78.560319,36.094569
22967,,-78.560297,36.095066
22968,,-78.560261,36.095917
22969,,-78.560182,36.098116
22970,,-78.55843,36.106281
22971,,-78.548769,36.097281
22972,,-78.549832,36.103068
22973,,-78.54986,36.107782
22974,,-78.537892,36.048433
22975,,-78.538066,36.049127
22976,,-78.538214,36.049712
22977,,-78.536718,36.056544
22978,,-78.542307,36.058787
22979,,-78.538988,36.057337
22980,,-78.528986,36.051479
22981,,-78.535581,36.05609
22982,,-78.530058,36.068059
22983,,-78.541388,36.063291
22984,,-78.539031,36.065643
22985,,-78.54013,36.064361
22986,,-78.538951,36.066817
22987,,-78.538989,36.068442
22988,,-78.540699,36.070895
22989,,-78.539108,36.075819
22990,,-78.520303,36.069022
22991,,-78.51798,36.068699
22992,,-78.527614,36.091417
22993,,-78.537669,36.082374
22994,,-78.532562,36.088373
22995,,-78.523803,36.084439
22996,,-78.5206,36.085174
22997,,-78.518029,36.085262
22998,,-78.525178,36.098487
22999,,-78.512387,36.104795
23000,,-78.545869,36.112822
23001,,-78.54615,36.116903
23002,,-78.547669,36.134268
23003,,-78.566132,36.130349
23004,,-78.559118,36.126668
23005,,-78.558458,36.135988
23006,,-78.548558,36.123531
23007,,-78.571221,36.113774
23008,,-78.570149,36.1135
23009,,-78.567622,36.112912
23010,,-78.572596,36.114179
23011,,-78.575575,36.118697
23012,,-78.564527,36.112397
23013,,-78.568712,36.139404
23014,,-78.575944,36.128855
23015,,-78.574573,36.139925
23016,,-78.573731,36.138573
23017,,-78.565933,36.130253
23018,,-78.567027,36.130812
23019,,-78.562521,36.128695
23020,,-78.568826,36.139447
23021,,-78.553542,36.124281
23022,,-78.54596,36.115024
23023,,-78.545105,36.118902
23024,,-78.545001,36.1214
23025,,-78.557384,36.135753
23026,,-78.551762,36.135376
23027,,-78.557272,36.135732
23028,,-78.56112,36.128094
23029,,-78.552824,36.135447
23030,,-78.550147,36.135246
23031,,-78.574167,36.172082
23032,,-78.538215,36.129299
23033,,-78.541967,36.120206
23034,,-78.539306,36.120263
23035,,-78.535279,36.123596
23036,,-78.541506,36.120192
23037,,-78.533083,36.117833
23038,,-78.533661,36.118199
23039,,-78.530064,36.117242
23040,,-78.530192,36.117245
23041,,-78.529058,36.11703
23042,,-78.53472,36.124621
23043,,-78.535248,36.123655
23044,,-78.522622,36.124399
23045,,-78.522563,36.124381
23046,,-78.518438,36.123258
23047,,-78.498127,36.040421
23048,,-78.446869,36.143385
23049,,-78.475459,36.109318
23050,,-78.454316,36.109927
23051,,-78.458342,36.111105
23052,,-78.44596,36.105769
23053,,-78.447477,36.103968
23054,,-78.498051,36.076387
23055,,-78.504771,36.04624
23056,,-78.509131,36.04674
23057,,-78.510474,36.06058
23058,,-78.501197,36.050145
23059,,-78.49968,36.068096
23060,,-78.51058,36.061656
23061,,-78.498511,36.074849
23062,,-78.49793,36.076815
23063,,-78.480641,36.093816
23064,,-78.501488,36.084634
23065,,-78.500412,36.084732
23066,,-78.504308,36.084373
23067,,-78.503493,36.084448
23068,,-78.497579,36.078127
23069,,-78.511086,36.109855
23070,,-78.509741,36.108657
23071,,-78.494665,36.084847
23072,,-78.483811,36.091931
23073,,-78.482996,36.092441
23074,,-78.485098,36.091021
23075,,-78.480737,36.09376
23076,,-78.483746,36.101609
23077,,-78.495465,36.097529
23078,,-78.491024,36.106309
23079,,-78.477091,36.097282
23080,,-78.464759,36.091817
23081,,-78.464773,36.097935
23082,,-78.462307,36.100144
23083,,-78.461844,36.101028
23084,,-78.471716,36.091934
23085,,-78.474575,36.084002
23086,,-78.466281,36.090079
23087,,-78.465425,36.091245
23088,,-78.471117,36.097482
23089,,-78.478144,36.098984
23090,,-78.47373,36.097515
23091,,-78.47353,36.108197
23092,,-78.470298,36.097272
23093,,-78.46397,36.105881
23094,,-78.464545,36.105024
23095,,-78.462694,36.093603
23096,,-78.459541,36.102541
23097,,-78.458273,36.102078
23098,,-78.455422,36.103032
23099,,-78.455786,36.103153
23100,,-78.454369,36.103316
23101,,-78.455517,36.100757
23102,,-78.451239,36.102354
23103,,-78.455185,36.106462
23104,,-78.454374,36.107927
23105,,-78.460104,36.097676
23106,,-78.459009,36.099701
23107,,-78.46203,36.100675
23108,,-78.458496,36.100612
23109,,-78.456031,36.100934
23110,,-78.456785,36.101349
23111,,-78.459255,36.102434
23112,,-78.457382,36.102599
23113,,-78.459911,36.104649
23114,,-78.459399,36.105568
23115,,-78.458831,36.106584
23116,,-78.457833,36.108567
23117,,-78.460831,36.109185
23118,,-78.456359,36.103361
23119,,-78.456348,36.104406
23120,,-78.45785,36.108485
23121,,-78.457935,36.109223
23122,,-78.452538,36.101789
23123,,-78.449925,36.105496
23124,,-78.447558,36.105826
23125,,-78.453189,36.103877
23126,,-78.451681,36.102163
23127,,-78.45295,36.104019
23128,,-78.452483,36.104317
23129,,-78.451409,36.10494
23130,,-78.454182,36.108292
23131,,-78.448811,36.103409
23132,,-78.446719,36.104148
23133,,-78.448699,36.105833
23134,,-78.447954,36.105839
23135,,-78.484959,36.122229
23136,,-78.481773,36.133899
23137,,-78.481616,36.135746
23138,,-78.480732,36.13808
23139,,-78.479594,36.139653
23140,,-78.479467,36.140016
23141,,-78.480328,36.14161
23142,,-78.481646,36.144276
23143,,-78.448327,36.140113
23144,,-78.452266,36.15061
23145,,-78.503497,36.114324
23146,,-78.498999,36.11683
23147,,-78.504891,36.11292
23148,,-78.485048,36.113843
23149,,-78.482585,36.113252
23150,,-78.485951,36.125137
23151,,-78.48522,36.124008
23152,,-78.486214,36.125638
23153,,-78.48611,36.127341
23154,,-78.486246,36.126733
23155,,-78.485131,36.129416
23156,,-78.48102,36.137684
23157,,-78.492927,36.172587
23158,,-78.481244,36.146278
23159,,-78.448695,36.138757
23160,,-78.45018,36.134219
23161,,-78.450249,36.133441
23162,,-78.450006,36.137465
23163,,-78.450294,36.13931
23164,,-78.450503,36.14061
23165,,-78.450801,36.142134
23166,,-78.477238,36.158861
23167,,-78.475644,36.155433
23168,,-78.477345,36.151516
23169,,-78.476016,36.154193
23170,,-78.478983,36.16084
23171,,-78.451536,36.146435
23172,,-78.451049,36.143547
23173,,-78.453595,36.160289
23174,,-78.453022,36.160142
23175,,-78.411933,36.094256
23176,,-78.429532,36.097146
23177,,-78.429371,36.09017
23178,,-78.429459,36.094097
23179,,-78.429474,36.095196
23180,,-78.429508,36.096336
23181,,-78.42878,36.099966
23182,,-78.436438,36.103276
23183,,-78.432323,36.10232
23184,,-78.444669,36.10577
23185,,-78.439866,36.104963
23186,,-78.442879,36.103703
23187,,-78.440957,36.103615
23188,,-78.44098,36.105194
23189,,-78.43834,36.104645
23190,,-78.436938,36.104356
23191,,-78.435808,36.10412
23192,,-78.434621,36.103938
23193,,-78.433371,36.104762
23194,,-78.433621,36.104583
23195,,-78.430855,36.107495
23196,,-78.431358,36.106732
23197,,-78.429425,36.090424
23198,,-78.429446,36.091692
23199,,-78.422814,36.098227
23200,,-78.429488,36.095734
23201,,-78.42449,36.110203
23202,,-78.417021,36.095481
23203,,-78.4067,36.101289
23204,,-78.417274,36.15511
23205,,-78.421852,36.113168
23206,,-78.413788,36.122507
23207,,-78.420798,36.11436
23208,,-78.420247,36.114992
23209,,-78.415664,36.121515
23210,,-78.419074,36.119568
23211,,-78.444259,36.147297
23212,,-78.443766,36.147817
23213,,-78.439937,36.149719
23214,,-78.434405,36.148694
23215,,-78.430378,36.151955
23216,,-78.422606,36.154885
23217,,-78.426747,36.153186
23218,,-78.417925,36.155348
23219,,-78.412801,36.122998
23220,,-78.397413,36.124865
23221,,-78.408782,36.123282
23222,,-78.399411,36.115231
23223,,-78.400126,36.12538
23224,,-78.407256,36.138201
23225,,-78.40618,36.136768
23226,,-78.58222,36.189071
23227,,-78.627918,36.202997
23228,,-78.627842,36.205737
23229,,-78.628141,36.192491
23230,,-78.641709,36.182296
23231,,-78.637406,36.187964
23232,,-78.635267,36.214749
23233,,-78.600403,36.181479
23234,,-78.608809,36.183708
23235,,-78.598767,36.181417
23236,,-78.581044,36.186623
23237,,-78.561825,36.185402
23238,,-78.566106,36.179147
23239,,-78.126953,35.562242
23240,,-78.126542,35.574907
23241,,-78.125494,35.559575
23242,,-78.125667,35.578191
23243,,-78.125595,35.579976
23244,,-78.125512,35.583379
23245,,-78.125487,35.583937
23246,,-78.125475,35.584463
23247,,-78.125443,35.585143
23248,,-78.125495,35.585829
23249,,-78.123688,35.586714
23250,,-78.119907,35.578531
23251,,-78.121964,35.587575
23252,,-78.120214,35.588434
23253,,-78.119471,35.588798
23254,,-78.106334,35.572513
23255,,-78.110308,35.575067
23256,,-78.105657,35.572225
23257,,-78.105977,35.590316
23258,,-78.105159,35.590413
23259,,-78.099831,35.591026
23260,,-78.100172,35.587453
23261,,-78.086832,35.591771
23262,,-78.679484,35.847644
23263,,-78.677371,35.847335
23264,,-78.676702,35.845947
23265,,-78.676289,35.845561
23266,,-78.675088,35.845306
23267,,-78.65987,35.82564
23268,,-78.594498,35.769407
23269,,-78.590262,35.781805
23270,,-78.588619,35.781789
23271,,-78.630079,35.790723
23272,,-78.639774,35.807437
23273,,-78.640453,35.8107
23274,,-78.640373,35.808399
23275,,-78.640042,35.810065
23276,,-78.640156,35.811066
23277,,-78.63963,35.812211
23278,,-78.636228,35.815976
23279,,-78.635776,35.817048
23280,,-78.634195,35.818031
23281,,-78.637342,35.837392
23282,,-78.632196,35.835135
23283,,-78.629037,35.835109
23284,,-78.62855,35.835579
23285,,-78.627838,35.835738
23286,,-78.613742,35.826106
23287,,-78.61378,35.825926
23288,,-78.6102,35.824106
23289,,-78.612247,35.830786
23290,,-78.612099,35.8313
23291,,-78.603027,35.788384
23292,,-78.603222,35.787259
23293,,-78.603205,35.787439
23294,,-78.594101,35.806058
23295,,-78.594235,35.806079
23296,,-78.593338,35.805785
23297,,-78.585041,35.802143
23298,,-78.592161,35.804746
23299,,-78.59237,35.805022
23300,,-78.583951,35.801471
23301,,-78.582321,35.80152
23302,,-78.587187,35.829242
23303,,-78.624519,35.881537
23304,,-78.615151,35.866446
23305,,-78.622875,35.883631
23306,,-78.621894,35.885779
23307,,-78.620818,35.886534
23308,,-78.620171,35.886867
23309,,-78.619474,35.887195
23310,,-78.617431,35.887112
23311,,-78.614548,35.886838
23312,,-78.613023,35.887899
23313,,-78.612724,35.888776
23314,,-78.612617,35.88929
23315,,-78.612035,35.890581
23316,,-78.611039,35.891452
23317,,-78.609561,35.892068
23318,,-78.60872,35.859629
23319,,-78.608413,35.860612
23320,,-78.608325,35.858628
23321,,-78.608212,35.861502
23322,,-78.608764,35.861665
23323,,-78.605737,35.880257
23324,,-78.605615,35.881471
23325,,-78.589816,35.863242
23326,,-78.591084,35.864654
23327,,-78.588028,35.861492
23328,,-78.586221,35.860674
23329,,-78.584537,35.860855
23330,,-78.604908,35.883431
23331,,-78.60521,35.882397
23332,,-78.604793,35.88484
23333,,-78.60457,35.885812
23334,,-78.60493,35.889333
23335,,-78.604362,35.887114
23336,,-78.608909,35.892237
23337,,-78.605176,35.892395
23338,,-78.603976,35.892415
23339,,-78.602518,35.892265
23340,,-78.604134,35.897053
23341,,-78.603852,35.898867
23342,,-78.546608,35.797589
23343,,-78.548059,35.794661
23344,,-78.546591,35.796714
23345,,-78.523413,35.788945
23346,,-78.568012,35.880064
23347,,-78.567023,35.879275
23348,,-78.568335,35.880729
23349,,-78.568501,35.881293
23350,,-78.566884,35.879195
23351,,-78.564962,35.878425
23352,,-78.563929,35.878318
23353,,-78.563503,35.878262
23354,,-78.561719,35.878425
23355,,-78.560434,35.878598
23356,,-78.558519,35.878585
23357,,-78.553065,35.878997
23358,,-78.569488,35.886479
23359,,-78.5659,35.88755
23360,,-78.568986,35.881854
23361,,-78.554796,35.891375
23362,,-78.557165,35.894041
23363,,-78.556419,35.898277
23364,,-78.556776,35.900465
23365,,-78.554226,35.898155
23366,,-78.553103,35.8981
23367,,-78.550916,35.898002
23368,,-78.550257,35.897968
23369,,-78.522123,35.897166
23370,,-78.519429,35.896136
23371,,-78.517902,35.895908
23372,,-78.517013,35.895849
23373,,-78.516151,35.895613
23374,,-78.51518,35.895601
23375,,-78.51428,35.895877
23376,,-78.513391,35.896236
23377,,-78.512559,35.896656
23378,,-78.511757,35.897095
23379,,-78.50602,35.78806
23380,,-78.506951,35.78808
23381,,-78.50488,35.788037
23382,,-78.504025,35.78802
23383,,-78.510471,35.793637
23384,,-78.49886,35.847267
23385,,-78.49796,35.84671
23386,,-78.496554,35.846511
23387,,-78.495303,35.846287
23388,,-78.493845,35.846851
23389,,-78.493414,35.848071
23390,,-78.491572,35.848449
23391,,-78.465307,35.797699
23392,,-78.49014,35.848696
23393,,-78.509807,35.881547
23394,,-78.510476,35.897932
23395,,-78.509744,35.898372
23396,,-78.508879,35.898633
23397,,-78.407975,35.793005
23398,,-78.381839,35.787677
23399,,-78.380761,35.787703
23400,,-78.570212,35.915766
23401,,-78.57024,35.914255
23402,,-78.570172,35.916533
23403,,-78.533953,35.959514
23404,,-78.516165,35.961689
23405,,-78.512421,35.961287
23406,,-78.511291,35.97563
23407,,-78.500914,35.964461
23408,,-78.500054,35.964466
23409,,-78.471266,35.920589
23410,,-78.492993,35.988769
23411,,-78.379342,35.787775
23412,,-78.351341,35.849254
23413,,-78.347686,35.850475
23414,,-78.332724,35.873166
23415,,-78.331507,35.873755
23416,,-78.330754,35.874181
23417,,-78.328047,35.875721
23418,,-78.318421,35.87714
23419,,-78.569661,35.917852
23420,,-78.570012,35.917452
23421,,-78.386326,35.648602
23422,,-78.322358,35.656617
23423,,-78.241911,35.643398
23424,,-78.256643,35.654826
23425,,-78.151744,35.649867
23426,,-78.118798,35.589081
23427,,-78.395863,35.648846
23428,,-78.395832,35.64967
23429,,-78.399938,35.647619
23430,,-78.395815,35.647874
23431,,-78.395602,35.650604
23432,,-78.383453,35.648833
23433,,-78.383528,35.648827
23434,,-78.253732,35.625728
23435,,-78.251405,35.638244
23436,,-78.252033,35.629982
23437,,-78.312941,35.596611
23438,,-78.317308,35.608781
23439,,-78.312269,35.589506
23440,,-78.326218,35.61905
23441,,-78.317531,35.615037
23442,,-78.373471,35.649651
23443,,-78.369923,35.650143
23444,,-78.361662,35.651444
23445,,-78.362871,35.651253
23446,,-78.318952,35.612264
23447,,-78.339174,35.641361
23448,,-78.326722,35.620679
23449,,-78.33694,35.638887
23450,,-78.340315,35.643342
23451,,-78.339581,35.642052
23452,,-78.335965,35.637916
23453,,-78.339027,35.641113
23454,,-78.328097,35.624512
23455,,-78.327603,35.623282
23456,,-78.28323,35.575609
23457,,-78.307504,35.581882
23458,,-78.285325,35.577039
23459,,-78.290382,35.58329
23460,,-78.268128,35.571912
23461,,-78.266846,35.575223
23462,,-78.265459,35.581585
23463,,-78.259711,35.572794
23464,,-78.270478,35.568736
23465,,-78.268275,35.565871
23466,,-78.280705,35.570778
23467,,-78.266569,35.575823
23468,,-78.265155,35.584598
23469,,-78.254071,35.575021
23470,,-78.252294,35.57678
23471,,-78.257273,35.573754
23472,,-78.291958,35.61911
23473,,-78.287502,35.631722
23474,,-78.270678,35.621776
23475,,-78.299101,35.609112
23476,,-78.296717,35.603754
23477,,-78.298469,35.608306
23478,,-78.312527,35.592266
23479,,-78.313694,35.600876
23480,,-78.314901,35.603623
23481,,-78.293195,35.590785
23482,,-78.295572,35.598929
23483,,-78.294288,35.609909
23484,,-78.297379,35.60735
23485,,-78.29395,35.615133
23486,,-78.290675,35.603499
23487,,-78.295416,35.627538
23488,,-78.296282,35.632672
23489,,-78.299669,35.642783
23490,,-78.294158,35.626122
23491,,-78.287948,35.629873
23492,,-78.287046,35.641401
23493,,-78.271548,35.599016
23494,,-78.255986,35.598301
23495,,-78.262958,35.592196
23496,,-78.254132,35.598301
23497,,-78.255255,35.598301
23498,,-78.253257,35.598308
23499,,-78.255029,35.622719
23500,,-78.26753,35.634883
23501,,-78.269178,35.621584
23502,,-78.27466,35.62178
23503,,-78.280714,35.638338
23504,,-78.282721,35.645573
23505,,-78.274352,35.636204
23506,,-78.251279,35.645647
23507,,-78.251219,35.643691
23508,,-78.248329,35.580701
23509,,-78.170021,35.616559
23510,,-78.179412,35.542617
23511,,-78.182751,35.570337
23512,,-78.147292,35.581764
23513,,-78.219443,35.55202
23514,,-78.203659,35.549198
23515,,-78.217577,35.550115
23516,,-78.217823,35.550836
23517,,-78.218363,35.556269
23518,,-78.207086,35.562249
23519,,-78.220393,35.550297
23520,,-78.23002,35.558802
23521,,-78.230189,35.558785
23522,,-78.218754,35.555074
23523,,-78.196153,35.54375
23524,,-78.192454,35.575193
23525,,-78.206042,35.565772
23526,,-78.203807,35.561372
23527,,-78.202762,35.55649
23528,,-78.202399,35.558896
23529,,-78.203195,35.560284
23530,,-78.205385,35.564278
23531,,-78.205922,35.565351
23532,,-78.204391,35.562437
23533,,-78.205251,35.564028
23534,,-78.205881,35.562703
23535,,-78.206818,35.56235
23536,,-78.206481,35.567526
23537,,-78.207004,35.569442
23538,,-78.203634,35.563548
23539,,-78.202553,35.563972
23540,,-78.201438,35.564423
23541,,-78.207347,35.5706
23542,,-78.191246,35.569371
23543,,-78.18963,35.563586
23544,,-78.19675,35.566392
23545,,-78.196331,35.566494
23546,,-78.192042,35.567191
23547,,-78.192506,35.574615
23548,,-78.192496,35.574759
23549,,-78.243811,35.617635
23550,,-78.224325,35.618885
23551,,-78.20263,35.617604
23552,,-78.21561,35.640604
23553,,-78.216186,35.64203
23554,,-78.237594,35.595224
23555,,-78.249476,35.598408
23556,,-78.240367,35.617471
23557,,-78.219873,35.600323
23558,,-78.223429,35.604374
23559,,-78.234562,35.643376
23560,,-78.236459,35.632458
23561,,-78.236613,35.632985
23562,,-78.247456,35.643367
23563,,-78.222419,35.619654
23564,,-78.230954,35.621846
23565,,-78.231297,35.624111
23566,,-78.197473,35.600539
23567,,-78.188758,35.595218
23568,,-78.18759,35.608703
23569,,-78.192552,35.600025
23570,,-78.212641,35.601121
23571,,-78.212298,35.603132
23572,,-78.213428,35.607666
23573,,-78.199243,35.586933
23574,,-78.196031,35.600535
23575,,-78.207012,35.629961
23576,,-78.206036,35.621887
23577,,-78.206474,35.646557
23578,,-78.198884,35.631937
23579,,-78.194063,35.632165
23580,,-78.170779,35.545607
23581,,-78.172875,35.561355
23582,,-78.146885,35.559544
23583,,-78.144776,35.573646
23584,,-78.179443,35.540784
23585,,-78.179591,35.543564
23586,,-78.179521,35.539448
23587,,-78.169421,35.576003
23588,,-78.176833,35.559475
23589,,-78.176422,35.572914
23590,,-78.180464,35.571205
23591,,-78.173203,35.58019
23592,,-78.173879,35.585971
23593,,-78.162627,35.580823
23594,,-78.165951,35.578789
23595,,-78.143343,35.569657
23596,,-78.146748,35.559982
23597,,-78.133002,35.582992
23598,,-78.136575,35.585964
23599,,-78.147254,35.582582
23600,,-78.147985,35.584883
23601,,-78.13905,35.579106
23602,,-78.14044,35.578612
23603,,-78.155338,35.597184
23604,,-78.163584,35.619597
23605,,-78.153561,35.590617
23606,,-78.158493,35.626535
23607,,-78.141652,35.619038
23608,,-78.171231,35.600717
23609,,-78.171364,35.601759
23610,,-78.184093,35.592519
23611,,-78.180169,35.593691
23612,,-78.173854,35.588679
23613,,-78.171549,35.593933
23614,,-78.171163,35.59352
23615,,-78.179317,35.609564
23616,,-78.172408,35.609907
23617,,-78.151822,35.596904
23618,,-78.156771,35.607249
23619,,-78.15304,35.64715
23620,,-78.17314,35.649374
23621,,-78.1758,35.632396
23622,,-78.180786,35.639186
23623,,-78.18094,35.64862
23624,,-78.156252,35.632095
23625,,-78.161704,35.638438
23626,,-78.155244,35.639533
23627,,-78.155317,35.638476
23628,,-78.134031,35.611656
23629,,-78.138509,35.615982
23630,,-78.128273,35.60093
23631,,-78.137287,35.596029
23632,,-78.149183,35.588911
23633,,-78.145611,35.589849
23634,,-78.151619,35.588628
23635,,-78.14668,35.596029
23636,,-78.142742,35.595375
23637,,-78.141488,35.595236
23638,,-78.139535,35.595342
23639,,-78.140522,35.595186
23640,,-78.129022,35.59406
23641,,-78.126891,35.591123
23642,,-78.127793,35.594656
23643,,-78.12354,35.594404
23644,,-78.123243,35.593997
23645,,-78.128106,35.590486
23646,,-78.129747,35.588582
23647,,-78.129352,35.589272
23648,,-78.130973,35.593274
23649,,-78.128416,35.590291
23650,,-78.134915,35.597
23651,,-78.122034,35.5923
23652,,-78.120739,35.590613
23653,,-78.125636,35.59171
23654,,-78.125098,35.591962
23655,,-78.124321,35.59233
23656,,-78.123716,35.592617
23657,,-78.12164,35.591754
23658,,-78.120966,35.59089
23659,,-78.120169,35.598334
23660,,-78.124065,35.595111
23661,,-78.125854,35.595602
23662,,-78.125389,35.5969
23663,,-78.123778,35.596613
23664,,-78.126468,35.595296
23665,,-78.126009,35.597741
23666,,-78.123149,35.596913
23667,,-78.122747,35.597104
23668,,-78.119471,35.59867
23669,,-78.144827,35.622145
23670,,-78.100667,35.579437
23671,,-78.111704,35.584394
23672,,-78.642968,35.841605
23673,,-78.642199,35.854455
23674,,-78.643647,35.873803
23675,,-78.643368,35.896215
23676,,-78.64277,35.802126
23677,,-78.643279,35.804904
23678,,-78.644343,35.838426
23679,,-78.644213,35.84847
23680,,-78.641398,35.867877
23681,,-78.642809,35.883872
23682,,-78.649235,35.917768
23683,,-78.64023,35.92119
23684,,-78.651568,35.844491
23685,,-78.672996,35.848964
23686,,-78.679557,35.81466
23687,,-78.675677,35.814392
23688,,-78.671381,35.815588
23689,,-78.658535,35.816202
23690,,-78.651061,35.815395
23691,,-78.677445,35.822187
23692,,-78.675809,35.828094
23693,,-78.674767,35.829576
23694,,-78.674493,35.843086
23695,,-78.677534,35.821501
23696,,-78.679418,35.818044
23697,,-78.677749,35.819951
23698,,-78.680391,35.824997
23699,,-78.67656,35.827177
23700,,-78.681333,35.825544
23701,,-78.681958,35.825812
23702,,-78.679043,35.824531
23703,,-78.677068,35.826126
23704,,-78.680269,35.847599
23705,,-78.680183,35.845417
23706,,-78.680259,35.847121
23707,,-78.659906,35.805516
23708,,-78.660497,35.806469
23709,,-78.647178,35.798359
23710,,-78.661127,35.807557
23711,,-78.659133,35.80971
23712,,-78.661145,35.808604
23713,,-78.658266,35.813257
23714,,-78.659334,35.814683
23715,,-78.66817,35.810866
23716,,-78.669746,35.811176
23717,,-78.660701,35.806694
23718,,-78.664164,35.813593
23719,,-78.664622,35.813998
23720,,-78.665989,35.810266
23721,,-78.665114,35.815332
23722,,-78.662388,35.809483
23723,,-78.661187,35.809763
23724,,-78.643766,35.797286
23725,,-78.655801,35.807083
23726,,-78.655479,35.807822
23727,,-78.652641,35.808291
23728,,-78.651446,35.807548
23729,,-78.65027,35.811236
23730,,-78.653696,35.804488
23731,,-78.65119,35.812143
23732,,-78.647304,35.806633
23733,,-78.653715,35.802948
23734,,-78.654268,35.80659
23735,,-78.65428,35.805879
23736,,-78.657558,35.812359
23737,,-78.655403,35.8082
23738,,-78.65645,35.810939
23739,,-78.658795,35.809595
23740,,-78.657271,35.809473
23741,,-78.656583,35.81111
23742,,-78.657159,35.811847
23743,,-78.656974,35.811611
23744,,-78.654403,35.80924
23745,,-78.652092,35.814381
23746,,-78.647435,35.806587
23747,,-78.644264,35.803053
23748,,-78.643965,35.80469
23749,,-78.650028,35.806666
23750,,-78.647712,35.807032
23751,,-78.647569,35.807057
23752,,-78.64609,35.799577
23753,,-78.646075,35.804638
23754,,-78.646469,35.805281
23755,,-78.648907,35.809252
23756,,-78.649503,35.809997
23757,,-78.649634,35.810426
23758,,-78.649403,35.810049
23759,,-78.650404,35.811667
23760,,-78.649918,35.813193
23761,,-78.650503,35.811623
23762,,-78.651069,35.81489
23763,,-78.649313,35.813303
23764,,-78.647505,35.813613
23765,,-78.644327,35.814347
23766,,-78.675699,35.823951
23767,,-78.673457,35.823456
23768,,-78.671647,35.823074
23769,,-78.667751,35.821444
23770,,-78.664837,35.822792
23771,,-78.668612,35.815955
23772,,-78.670604,35.821594
23773,,-78.673878,35.823546
23774,,-78.669736,35.819038
23775,,-78.669203,35.818329
23776,,-78.670518,35.822737
23777,,-78.668956,35.821946
23778,,-78.674879,35.823773
23779,,-78.674495,35.830514
23780,,-78.666491,35.816125
23781,,-78.664372,35.817792
23782,,-78.664151,35.81829
23783,,-78.664955,35.822723
23784,,-78.662422,35.817347
23785,,-78.659764,35.816163
23786,,-78.665664,35.824464
23787,,-78.665486,35.824493
23788,,-78.666691,35.829931
23789,,-78.666877,35.829917
23790,,-78.671872,35.839758
23791,,-78.668239,35.839882
23792,,-78.662776,35.842103
23793,,-78.665157,35.840772
23794,,-78.672836,35.837369
23795,,-78.673703,35.83898
23796,,-78.673325,35.833364
23797,,-78.675085,35.836221
23798,,-78.673379,35.837684
23799,,-78.674417,35.841941
23800,,-78.674328,35.841488
23801,,-78.673988,35.845129
23802,,-78.651197,35.817678
23803,,-78.651204,35.819005
23804,,-78.6511,35.822576
23805,,-78.658535,35.816296
23806,,-78.65386,35.815603
23807,,-78.651216,35.818929
23808,,-78.651057,35.816088
23809,,-78.64796,35.830277
23810,,-78.649467,35.825024
23811,,-78.649265,35.825611
23812,,-78.647756,35.83078
23813,,-78.658323,35.843432
23814,,-78.655316,35.843699
23815,,-78.652893,35.844446
23816,,-78.646258,35.834427
23817,,-78.646508,35.833714
23818,,-78.646138,35.835086
23819,,-78.646907,35.832801
23820,,-78.644654,35.838067
23821,,-78.648863,35.84443
23822,,-78.647622,35.844255
23823,,-78.645656,35.844073
23824,,-78.650428,35.844541
23825,,-78.646192,35.844096
23826,,-78.66162,35.880776
23827,,-78.67699,35.856738
23828,,-78.6806,35.85783
23829,,-78.689171,35.861201
23830,,-78.686503,35.861397
23831,,-78.684325,35.861117
23832,,-78.680363,35.849995
23833,,-78.680498,35.854282
23834,,-78.680443,35.851991
23835,,-78.680493,35.85341
23836,,-78.68081,35.862762
23837,,-78.682386,35.860756
23838,,-78.68075,35.861392
23839,,-78.680709,35.8641
23840,,-78.680748,35.863756
23841,,-78.678789,35.85765
23842,,-78.677842,35.857047
23843,,-78.686436,35.873256
23844,,-78.676287,35.872741
23845,,-78.679944,35.870002
23846,,-78.679705,35.87198
23847,,-78.676915,35.872757
23848,,-78.678885,35.87827
23849,,-78.683605,35.873238
23850,,-78.681382,35.873177
23851,,-78.679342,35.874572
23852,,-78.678818,35.87884
23853,,-78.676507,35.882759
23854,,-78.661695,35.876128
23855,,-78.675128,35.856636
23856,,-78.672938,35.856582
23857,,-78.668437,35.85749
23858,,-78.672781,35.851872
23859,,-78.672114,35.854695
23860,,-78.672706,35.852905
23861,,-78.670645,35.860328
23862,,-78.675501,35.856645
23863,,-78.670007,35.863258
23864,,-78.669629,35.864166
23865,,-78.660811,35.849339
23866,,-78.659648,35.851436
23867,,-78.672899,35.872658
23868,,-78.669602,35.872196
23869,,-78.666555,35.871267
23870,,-78.664891,35.870841
23871,,-78.659964,35.872223
23872,,-78.669377,35.864839
23873,,-78.668944,35.865827
23874,,-78.667954,35.866874
23875,,-78.668072,35.871687
23876,,-78.665207,35.86929
23877,,-78.662939,35.871783
23878,,-78.661312,35.871678
23879,,-78.661603,35.878268
23880,,-78.661579,35.877626
23881,,-78.654767,35.852679
23882,,-78.647491,35.856301
23883,,-78.65803,35.853566
23884,,-78.657853,35.854273
23885,,-78.657772,35.854598
23886,,-78.654083,35.860149
23887,,-78.656363,35.858147
23888,,-78.656614,35.857466
23889,,-78.655578,35.858807
23890,,-78.654845,35.8594
23891,,-78.649125,35.851501
23892,,-78.644395,35.851451
23893,,-78.651222,35.851932
23894,,-78.645414,35.85126
23895,,-78.659396,35.872273
23896,,-78.658148,35.872089
23897,,-78.65422,35.86582
23898,,-78.657435,35.871772
23899,,-78.656993,35.871548
23900,,-78.647878,35.869378
23901,,-78.643418,35.869381
23902,,-78.645711,35.869984
23903,,-78.64683,35.869718
23904,,-78.644467,35.869859
23905,,-78.644706,35.875173
23906,,-78.645007,35.875735
23907,,-78.644621,35.878965
23908,,-78.658922,35.883863
23909,,-78.66696,35.894536
23910,,-78.659259,35.897306
23911,,-78.661944,35.897379
23912,,-78.660476,35.888712
23913,,-78.657741,35.897262
23914,,-78.645785,35.897523
23915,,-78.649719,35.895842
23916,,-78.644937,35.896996
23917,,-78.65871,35.897294
23918,,-78.659456,35.907965
23919,,-78.667302,35.886361
23920,,-78.674238,35.882765
23921,,-78.673633,35.883181
23922,,-78.673174,35.883515
23923,,-78.669533,35.884662
23924,,-78.669912,35.894272
23925,,-78.675294,35.890288
23926,,-78.673052,35.892412
23927,,-78.671202,35.894486
23928,,-78.668282,35.894205
23929,,-78.659849,35.888159
23930,,-78.664156,35.89436
23931,,-78.662952,35.896008
23932,,-78.666187,35.894693
23933,,-78.663622,35.894223
23934,,-78.663057,35.900871
23935,,-78.663033,35.901599
23936,,-78.665789,35.902291
23937,,-78.664356,35.902418
23938,,-78.662963,35.898674
23939,,-78.663131,35.899551
23940,,-78.660315,35.897318
23941,,-78.661818,35.904436
23942,,-78.659931,35.9047
23943,,-78.660128,35.908469
23944,,-78.659377,35.884158
23945,,-78.657504,35.88263
23946,,-78.656365,35.88198
23947,,-78.659359,35.887174
23948,,-78.656896,35.887144
23949,,-78.657841,35.886564
23950,,-78.652995,35.896135
23951,,-78.655847,35.889714
23952,,-78.655638,35.897176
23953,,-78.655364,35.891128
23954,,-78.647217,35.882167
23955,,-78.646503,35.884923
23956,,-78.646878,35.886711
23957,,-78.650899,35.881901
23958,,-78.649827,35.881981
23959,,-78.647426,35.888535
23960,,-78.646423,35.884343
23961,,-78.644433,35.882786
23962,,-78.644176,35.883023
23963,,-78.643485,35.883524
23964,,-78.646997,35.887107
23965,,-78.649432,35.894958
23966,,-78.647849,35.889893
23967,,-78.648346,35.891489
23968,,-78.643854,35.896443
23969,,-78.652033,35.909378
23970,,-78.656326,35.901684
23971,,-78.659166,35.902244
23972,,-78.653083,35.904025
23973,,-78.650711,35.913504
23974,,-78.653456,35.915861
23975,,-78.651662,35.915062
23976,,-78.649578,35.916607
23977,,-78.64906,35.919161
23978,,-78.647661,35.924723
23979,,-78.649055,35.926843
23980,,-78.643611,35.923769
23981,,-78.644233,35.924182
23982,,-78.258723,36.176188
23983,,-78.292279,36.177732
23984,,-78.289886,36.178716
23985,,-78.579188,35.91363
23986,,-78.576865,35.914563
23987,,-78.550496,35.913856
23988,,-78.384983,35.709376
23989,,-78.385078,35.711289
23990,,-78.379139,35.744567
23991,,-78.386891,35.75531
23992,,-78.380033,35.763077
23993,,-78.449056,35.912229
23994,,-78.38642,35.81259
23995,,-78.381681,35.815009
23996,,-78.382665,35.847257
23997,,-78.433545,35.910054
23998,,-78.418514,35.910885
23999,,-78.416437,35.910923
24000,,-78.377534,35.870528
24001,,-78.378316,35.876604
24002,,-78.381195,35.912641
24003,,-78.578891,35.913894
24004,,-78.578006,35.913303
24005,,-78.422374,35.910225
24006,,-78.380339,35.936848
24007,,-78.380686,35.972418
24008,,-78.379153,35.98594
24009,,-78.387226,36.046948
24010,,-78.380882,36.052893
24011,,-78.381465,36.133095
24012,,-78.383281,35.680353
24013,,-78.376199,35.692205
24014,,-78.383871,35.71931
24015,,-78.379058,35.768036
24016,,-78.380343,35.815626
24017,,-78.36964,35.90884
24018,,-78.336076,35.914723
24019,,-78.322106,35.912531
24020,,-78.320515,35.912343
24021,,-78.312873,35.912386
24022,,-78.288444,35.915091
24023,,-78.281762,35.91358
24024,,-78.25729,35.916367
24025,,-78.249032,35.911744
24026,,-78.245556,35.91144
24027,,-78.215093,35.90924
24028,,-78.202828,35.912506
24029,,-78.199952,35.913271
24030,,-78.199001,35.913524
24031,,-78.379636,35.937763
24032,,-78.379815,35.95123
24033,,-78.331006,35.914584
24034,,-78.292476,35.916449
24035,,-78.275325,35.913886
24036,,-78.243135,35.91167
24037,,-78.236498,35.91199
24038,,-78.616618,35.78412
24039,,-78.615687,35.784108
24040,,-78.614818,35.7841
24041,,-78.613628,35.784073
24042,,-78.612564,35.78382
24043,,-78.602805,35.779963
24044,,-78.512532,35.698987
24045,,-78.514308,35.738305
24046,,-78.516011,35.74642
24047,,-78.60808,35.779579
24048,,-78.593567,35.782291
24049,,-78.519614,35.785023
24050,,-78.51663,35.784095
24051,,-78.51571,35.784048
24052,,-78.512723,35.857043
24053,,-78.514378,35.870237
24054,,-78.50525,35.905981
24055,,-78.513335,35.770166
24056,,-78.511843,35.893947
24057,,-78.606649,35.779772
24058,,-78.609171,35.7834
24059,,-78.612653,35.77994
24060,,-78.611065,35.779862
24061,,-78.603087,35.773837
24062,,-78.60902,35.779622
24063,,-78.607302,35.775258
24064,,-78.606616,35.779606
24065,,-78.602808,35.779791
24066,,-78.598121,35.772351
24067,,-78.598498,35.771002
24068,,-78.586059,35.772363
24069,,-78.592411,35.772114
24070,,-78.590973,35.772569
24071,,-78.591751,35.774452
24072,,-78.590724,35.772582
24073,,-78.589022,35.772517
24074,,-78.588444,35.772487
24075,,-78.589781,35.772555
24076,,-78.591751,35.775335
24077,,-78.591757,35.775735
24078,,-78.591789,35.778349
24079,,-78.59177,35.779231
24080,,-78.593432,35.782167
24081,,-78.584823,35.772154
24082,,-78.583075,35.772109
24083,,-78.580962,35.769097
24084,,-78.583355,35.775229
24085,,-78.51962,35.698842
24086,,-78.515348,35.698973
24087,,-78.521368,35.71612
24088,,-78.545062,35.777987
24089,,-78.545262,35.782334
24090,,-78.545168,35.780551
24091,,-78.526336,35.754463
24092,,-78.563564,35.768032
24093,,-78.56019,35.762279
24094,,-78.55785,35.7672
24095,,-78.568609,35.768099
24096,,-78.56219,35.78068
24097,,-78.54806,35.758325
24098,,-78.554236,35.761793
24099,,-78.555801,35.762755
24100,,-78.545263,35.75739
24101,,-78.546114,35.757656
24102,,-78.550347,35.759385
24103,,-78.552686,35.77233
24104,,-78.54623,35.776074
24105,,-78.539292,35.72281
24106,,-78.537944,35.72261
24107,,-78.538488,35.731549
24108,,-78.535338,35.722172
24109,,-78.534103,35.721684
24110,,-78.530367,35.723237
24111,,-78.532783,35.729896
24112,,-78.532306,35.728627
24113,,-78.532294,35.729365
24114,,-78.529979,35.72809
24115,,-78.529146,35.728119
24116,,-78.534107,35.731177
24117,,-78.536297,35.73155
24118,,-78.532371,35.728014
24119,,-78.531425,35.728026
24120,,-78.54194,35.741126
24121,,-78.536668,35.745363
24122,,-78.540272,35.742548
24123,,-78.537445,35.744812
24124,,-78.534319,35.74872
24125,,-78.520225,35.717772
24126,,-78.518241,35.722181
24127,,-78.527788,35.728233
24128,,-78.514835,35.740244
24129,,-78.516366,35.748127
24130,,-78.544614,35.757209
24131,,-78.538869,35.755486
24132,,-78.528971,35.754535
24133,,-78.534878,35.751104
24134,,-78.535384,35.752583
24135,,-78.534516,35.75445
24136,,-78.51949,35.765528
24137,,-78.523111,35.75442
24138,,-78.524984,35.754443
24139,,-78.517343,35.7596
24140,,-78.527773,35.781505
24141,,-78.526313,35.778605
24142,,-78.527286,35.780328
24143,,-78.524096,35.775354
24144,,-78.513525,35.770041
24145,,-78.5201,35.766661
24146,,-78.611898,35.850214
24147,,-78.577578,35.803504
24148,,-78.577493,35.804997
24149,,-78.577293,35.809867
24150,,-78.577374,35.807453
24151,,-78.577971,35.812
24152,,-78.606826,35.848652
24153,,-78.59025,35.848512
24154,,-78.577898,35.844069
24155,,-78.599095,35.848511
24156,,-78.574323,35.845402
24157,,-78.578479,35.850022
24158,,-78.579135,35.884457
24159,,-78.577729,35.800886
24160,,-78.577937,35.811931
24161,,-78.569292,35.826943
24162,,-78.579517,35.840021
24163,,-78.574895,35.848155
24164,,-78.513964,35.844614
24165,,-78.577715,35.849984
24166,,-78.575473,35.85178
24167,,-78.575369,35.85222
24168,,-78.55675,35.848034
24169,,-78.556353,35.848275
24170,,-78.552062,35.848967
24171,,-78.577421,35.900398
24172,,-78.641833,35.815674
24173,,-78.612825,35.837798
24174,,-78.610839,35.841755
24175,,-78.602605,35.81556
24176,,-78.602073,35.815271
24177,,-78.598781,35.816591
24178,,-78.609495,35.844317
24179,,-78.626524,35.79898
24180,,-78.626274,35.811902
24181,,-78.625778,35.790567
24182,,-78.627097,35.798664
24183,,-78.637323,35.794182
24184,,-78.640117,35.796844
24185,,-78.641735,35.796059
24186,,-78.635554,35.795701
24187,,-78.632852,35.794638
24188,,-78.631307,35.794441
24189,,-78.630357,35.796024
24190,,-78.630798,35.793216
24191,,-78.632688,35.792144
24192,,-78.632175,35.792977
24193,,-78.63422,35.791199
24194,,-78.63433,35.79522
24195,,-78.634081,35.795122
24196,,-78.630169,35.796339
24197,,-78.629754,35.797025
24198,,-78.630635,35.795565
24199,,-78.629339,35.797534
24200,,-78.628288,35.798127
24201,,-78.639184,35.80649
24202,,-78.637491,35.807179
24203,,-78.63487,35.807284
24204,,-78.631044,35.80675
24205,,-78.629511,35.80695
24206,,-78.641089,35.801077
24207,,-78.642618,35.802033
24208,,-78.641038,35.805715
24209,,-78.641554,35.805513
24210,,-78.638907,35.806604
24211,,-78.638166,35.806906
24212,,-78.642709,35.81501
24213,,-78.63237,35.806636
24214,,-78.620598,35.790802
24215,,-78.620947,35.788024
24216,,-78.62083,35.788952
24217,,-78.620712,35.789872
24218,,-78.620736,35.78422
24219,,-78.618793,35.784161
24220,,-78.625138,35.791992
24221,,-78.626496,35.793067
24222,,-78.624689,35.794014
24223,,-78.623135,35.792944
24224,,-78.624248,35.796134
24225,,-78.624467,35.798423
24226,,-78.62234,35.792913
24227,,-78.620466,35.791805
24228,,-78.621389,35.792876
24229,,-78.612547,35.788204
24230,,-78.614392,35.79286
24231,,-78.613912,35.792938
24232,,-78.611004,35.795929
24233,,-78.616008,35.792529
24234,,-78.61287,35.794257
24235,,-78.612194,35.792855
24236,,-78.611417,35.79279
24237,,-78.625347,35.807472
24238,,-78.622968,35.802879
24239,,-78.622684,35.802365
24240,,-78.625758,35.803486
24241,,-78.625334,35.8004
24242,,-78.625504,35.800003
24243,,-78.625167,35.804661
24244,,-78.622039,35.801427
24245,,-78.626063,35.811292
24246,,-78.625289,35.809095
24247,,-78.625779,35.810487
24248,,-78.623551,35.807933
24249,,-78.626116,35.807377
24250,,-78.624892,35.814826
24251,,-78.616777,35.812981
24252,,-78.627146,35.836514
24253,,-78.624964,35.817844
24254,,-78.611597,35.833026
24255,,-78.627429,35.842138
24256,,-78.614242,35.832064
24257,,-78.61304,35.832477
24258,,-78.634648,35.820729
24259,,-78.634627,35.828406
24260,,-78.635612,35.830499
24261,,-78.636001,35.819659
24262,,-78.633087,35.822367
24263,,-78.633806,35.826087
24264,,-78.63827,35.817936
24265,,-78.642052,35.815566
24266,,-78.628124,35.821165
24267,,-78.628985,35.821463
24268,,-78.634398,35.827878
24269,,-78.642228,35.839498
24270,,-78.631231,35.843099
24271,,-78.632269,35.843124
24272,,-78.634238,35.844852
24273,,-78.635695,35.846461
24274,,-78.640127,35.836281
24275,,-78.64061,35.838548
24276,,-78.636576,35.838301
24277,,-78.637034,35.847149
24278,,-78.635263,35.84605
24279,,-78.633194,35.837867
24280,,-78.631399,35.838451
24281,,-78.63464,35.837552
24282,,-78.62894,35.837189
24283,,-78.629603,35.837798
24284,,-78.633171,35.844343
24285,,-78.628408,35.842223
24286,,-78.629517,35.842608
24287,,-78.61771,35.830459
24288,,-78.62535,35.817063
24289,,-78.625756,35.820344
24290,,-78.620375,35.827293
24291,,-78.613006,35.820405
24292,,-78.616956,35.831121
24293,,-78.618286,35.831498
24294,,-78.617437,35.83088
24295,,-78.617363,35.830927
24296,,-78.626145,35.841775
24297,,-78.617499,35.832571
24298,,-78.619002,35.837347
24299,,-78.625398,35.837764
24300,,-78.623976,35.836065
24301,,-78.620382,35.836968
24302,,-78.623753,35.843002
24303,,-78.623666,35.843877
24304,,-78.623678,35.844824
24305,,-78.622222,35.847425
24306,,-78.623893,35.842687
24307,,-78.624191,35.842037
24308,,-78.622915,35.846639
24309,,-78.6226,35.846997
24310,,-78.615344,35.83487
24311,,-78.613675,35.836591
24312,,-78.615773,35.834408
24313,,-78.618392,35.837509
24314,,-78.611359,35.833133
24315,,-78.614148,35.837223
24316,,-78.614073,35.844029
24317,,-78.614605,35.844922
24318,,-78.614903,35.847897
24319,,-78.602636,35.791849
24320,,-78.605186,35.789405
24321,,-78.604179,35.792192
24322,,-78.599282,35.788173
24323,,-78.598543,35.789512
24324,,-78.601581,35.788983
24325,,-78.597274,35.789058
24326,,-78.600239,35.79116
24327,,-78.601065,35.810439
24328,,-78.608556,35.800991
24329,,-78.599955,35.811028
24330,,-78.591043,35.784311
24331,,-78.586905,35.789951
24332,,-78.586698,35.789895
24333,,-78.581514,35.788707
24334,,-78.584143,35.789089
24335,,-78.580879,35.788462
24336,,-78.580648,35.788278
24337,,-78.580292,35.787
24338,,-78.592165,35.811925
24339,,-78.588272,35.811638
24340,,-78.586079,35.811475
24341,,-78.579182,35.801702
24342,,-78.58416,35.811336
24343,,-78.579386,35.815116
24344,,-78.578219,35.812491
24345,,-78.579139,35.814338
24346,,-78.578889,35.813815
24347,,-78.608281,35.833923
24348,,-78.603038,35.830442
24349,,-78.593703,35.828225
24350,,-78.594031,35.830989
24351,,-78.593733,35.834448
24352,,-78.594448,35.816117
24353,,-78.58073,35.833631
24354,,-78.600967,35.82681
24355,,-78.602847,35.831425
24356,,-78.599618,35.825154
24357,,-78.605599,35.820872
24358,,-78.60344,35.81969
24359,,-78.60761,35.822645
24360,,-78.604821,35.826811
24361,,-78.604323,35.82759
24362,,-78.605059,35.82645
24363,,-78.603548,35.829158
24364,,-78.603886,35.828455
24365,,-78.600666,35.817824
24366,,-78.597682,35.821643
24367,,-78.598195,35.82289
24368,,-78.597112,35.820782
24369,,-78.599928,35.831247
24370,,-78.601044,35.828678
24371,,-78.602546,35.833019
24372,,-78.602385,35.833862
24373,,-78.601338,35.842837
24374,,-78.601841,35.836788
24375,,-78.60131,35.839912
24376,,-78.607749,35.835507
24377,,-78.610311,35.843022
24378,,-78.607738,35.847189
24379,,-78.594821,35.835719
24380,,-78.599299,35.833213
24381,,-78.597617,35.835253
24382,,-78.595045,35.848001
24383,,-78.586465,35.819143
24384,,-78.58628,35.826037
24385,,-78.587386,35.824192
24386,,-78.587799,35.819373
24387,,-78.591023,35.819936
24388,,-78.593459,35.820024
24389,,-78.592825,35.827987
24390,,-78.582637,35.818475
24391,,-78.579723,35.817279
24392,,-78.581122,35.818187
24393,,-78.579486,35.815576
24394,,-78.578534,35.818248
24395,,-78.577885,35.830647
24396,,-78.584849,35.845252
24397,,-78.589775,35.835593
24398,,-78.590668,35.835429
24399,,-78.587474,35.836387
24400,,-78.592136,35.835377
24401,,-78.591601,35.838632
24402,,-78.592508,35.836801
24403,,-78.59272,35.836381
24404,,-78.588406,35.835973
24405,,-78.589933,35.842058
24406,,-78.58812,35.844381
24407,,-78.592733,35.847812
24408,,-78.586711,35.847435
24409,,-78.581094,35.837253
24410,,-78.584239,35.832135
24411,,-78.580938,35.833926
24412,,-78.579451,35.831945
24413,,-78.581657,35.84467
24414,,-78.583706,35.845035
24415,,-78.582373,35.84479
24416,,-78.62992,35.879618
24417,,-78.627108,35.885141
24418,,-78.6188,35.880838
24419,,-78.617843,35.881235
24420,,-78.610366,35.853916
24421,,-78.608329,35.879948
24422,,-78.635291,35.86469
24423,,-78.625606,35.861302
24424,,-78.63976,35.855701
24425,,-78.635468,35.853371
24426,,-78.638794,35.860164
24427,,-78.636362,35.862124
24428,,-78.642905,35.852319
24429,,-78.642497,35.853442
24430,,-78.638388,35.855269
24431,,-78.636172,35.853901
24432,,-78.637033,35.854556
24433,,-78.639575,35.858872
24434,,-78.637516,35.86345
24435,,-78.634085,35.852203
24436,,-78.630437,35.851638
24437,,-78.62887,35.851621
24438,,-78.627629,35.851608
24439,,-78.633038,35.851804
24440,,-78.631661,35.851642
24441,,-78.626976,35.861798
24442,,-78.63374,35.862814
24443,,-78.634828,35.86592
24444,,-78.634422,35.866725
24445,,-78.639407,35.868938
24446,,-78.639029,35.868462
24447,,-78.640878,35.867414
24448,,-78.639632,35.866306
24449,,-78.642206,35.868578
24450,,-78.640133,35.866752
24451,,-78.641737,35.871563
24452,,-78.641653,35.871469
24453,,-78.638622,35.867873
24454,,-78.635167,35.86511
24455,,-78.640944,35.878446
24456,,-78.629795,35.869322
24457,,-78.634761,35.86605
24458,,-78.634177,35.867055
24459,,-78.633524,35.867565
24460,,-78.630413,35.879663
24461,,-78.614749,35.84899
24462,,-78.615353,35.855257
24463,,-78.615772,35.856535
24464,,-78.624942,35.85163
24465,,-78.624194,35.85163
24466,,-78.626176,35.8516
24467,,-78.62108,35.849895
24468,,-78.621483,35.848334
24469,,-78.622423,35.851208
24470,,-78.619775,35.850861
24471,,-78.624372,35.861136
24472,,-78.622598,35.861074
24473,,-78.626725,35.861661
24474,,-78.621615,35.861067
24475,,-78.61909,35.861145
24476,,-78.612841,35.850348
24477,,-78.614454,35.851886
24478,,-78.616938,35.850711
24479,,-78.614997,35.854286
24480,,-78.613554,35.853476
24481,,-78.612483,35.853624
24482,,-78.611416,35.853771
24483,,-78.617486,35.859345
24484,,-78.619345,35.880188
24485,,-78.620496,35.865843
24486,,-78.624255,35.865316
24487,,-78.620678,35.866935
24488,,-78.622675,35.866854
24489,,-78.621107,35.869289
24490,,-78.623816,35.876575
24491,,-78.624743,35.878761
24492,,-78.626075,35.879801
24493,,-78.624115,35.877316
24494,,-78.620577,35.877858
24495,,-78.620249,35.878427
24496,,-78.617464,35.86904
24497,,-78.616281,35.86935
24498,,-78.612758,35.869238
24499,,-78.611132,35.868318
24500,,-78.613386,35.869483
24501,,-78.614049,35.86958
24502,,-78.641858,35.895509
24503,,-78.627393,35.890364
24504,,-78.622308,35.903639
24505,,-78.622655,35.897283
24506,,-78.64106,35.888924
24507,,-78.635443,35.891177
24508,,-78.642008,35.885086
24509,,-78.642144,35.88447
24510,,-78.642046,35.884871
24511,,-78.64165,35.887102
24512,,-78.641775,35.88656
24513,,-78.638602,35.894778
24514,,-78.64021,35.890777
24515,,-78.640689,35.88988
24516,,-78.642397,35.89576
24517,,-78.640555,35.895096
24518,,-78.636703,35.89111
24519,,-78.635469,35.894453
24520,,-78.630611,35.889317
24521,,-78.634068,35.890894
24522,,-78.632697,35.890578
24523,,-78.632468,35.89429
24524,,-78.63061,35.890488
24525,,-78.628127,35.892963
24526,,-78.619208,35.895303
24527,,-78.624166,35.893665
24528,,-78.625314,35.893268
24529,,-78.620327,35.894811
24530,,-78.622626,35.895943
24531,,-78.616092,35.881788
24532,,-78.620905,35.908522
24533,,-78.622764,35.901799
24534,,-78.622676,35.89827
24535,,-78.618869,35.911781
24536,,-78.611745,35.911589
24537,,-78.615924,35.911775
24538,,-78.604723,35.863927
24539,,-78.608726,35.856046
24540,,-78.607963,35.856558
24541,,-78.60243,35.8549
24542,,-78.602176,35.862663
24543,,-78.600925,35.850799
24544,,-78.599723,35.854716
24545,,-78.609033,35.850137
24546,,-78.607799,35.850125
24547,,-78.604744,35.850099
24548,,-78.606043,35.849858
24549,,-78.605299,35.850873
24550,,-78.603443,35.853094
24551,,-78.602729,35.856024
24552,,-78.607094,35.857487
24553,,-78.605477,35.862402
24554,,-78.605197,35.863087
24555,,-78.605998,35.85949
24556,,-78.606994,35.857971
24557,,-78.602882,35.857444
24558,,-78.602605,35.858277
24559,,-78.602873,35.856707
24560,,-78.603447,35.863824
24561,,-78.598198,35.848369
24562,,-78.599599,35.860899
24563,,-78.600799,35.857354
24564,,-78.602152,35.858545
24565,,-78.595438,35.858788
24566,,-78.597758,35.863927
24567,,-78.606048,35.878295
24568,,-78.598205,35.864865
24569,,-78.595911,35.864683
24570,,-78.596353,35.87255
24571,,-78.59786,35.866893
24572,,-78.597219,35.869602
24573,,-78.598027,35.876944
24574,,-78.596169,35.874418
24575,,-78.596145,35.873933
24576,,-78.596732,35.876082
24577,,-78.597512,35.87857
24578,,-78.586362,35.851437
24579,,-78.589179,35.855187
24580,,-78.592509,35.855956
24581,,-78.578105,35.855326
24582,,-78.588486,35.849113
24583,,-78.578329,35.855309
24584,,-78.581755,35.8613
24585,,-78.581476,35.858774
24586,,-78.577853,35.863645
24587,,-78.589936,35.871456
24588,,-78.590422,35.8663
24589,,-78.589461,35.868927
24590,,-78.591845,35.865584
24591,,-78.582995,35.869971
24592,,-78.582085,35.870559
24593,,-78.594107,35.884731
24594,,-78.597664,35.89734
24595,,-78.595584,35.89713
24596,,-78.587348,35.898878
24597,,-78.601815,35.891954
24598,,-78.597856,35.88097
24599,,-78.595335,35.885017
24600,,-78.60085,35.887086
24601,,-78.597983,35.882215
24602,,-78.600169,35.894412
24603,,-78.599697,35.895305
24604,,-78.598625,35.897051
24605,,-78.596269,35.896764
24606,,-78.600814,35.900594
24607,,-78.602805,35.902461
24608,,-78.602628,35.904686
24609,,-78.606862,35.900395
24610,,-78.608114,35.899414
24611,,-78.609389,35.911796
24612,,-78.604258,35.909713
24613,,-78.600156,35.899461
24614,,-78.600323,35.899794
24615,,-78.599521,35.898107
24616,,-78.60167,35.9085
24617,,-78.599511,35.909212
24618,,-78.598603,35.910118
24619,,-78.596952,35.907435
24620,,-78.59477,35.906663
24621,,-78.589784,35.88401
24622,,-78.587559,35.884202
24623,,-78.591815,35.884216
24624,,-78.593091,35.884495
24625,,-78.579462,35.88452
24626,,-78.582665,35.884767
24627,,-78.587106,35.899494
24628,,-78.586745,35.900532
24629,,-78.58548,35.901819
24630,,-78.584601,35.903631
24631,,-78.592528,35.898734
24632,,-78.590461,35.899024
24633,,-78.593404,35.897786
24634,,-78.593024,35.898191
24635,,-78.591361,35.899115
24636,,-78.589415,35.898378
24637,,-78.589737,35.898637
24638,,-78.588175,35.898115
24639,,-78.586038,35.901494
24640,,-78.589448,35.908387
24641,,-78.593307,35.906115
24642,,-78.591865,35.912702
24643,,-78.591858,35.911857
24644,,-78.588274,35.908373
24645,,-78.586767,35.909407
24646,,-78.58774,35.910565
24647,,-78.586873,35.911892
24648,,-78.583934,35.902046
24649,,-78.581515,35.902298
24650,,-78.584789,35.902031
24651,,-78.582308,35.912433
24652,,-78.584704,35.913033
24653,,-78.582453,35.913038
24654,,-78.580817,35.912278
24655,,-78.580784,35.913205
24656,,-78.579499,35.913429
24657,,-78.578935,35.912678
24658,,-78.578473,35.912936
24659,,-78.545321,35.783131
24660,,-78.546718,35.787517
24661,,-78.559702,35.814947
24662,,-78.546453,35.82619
24663,,-78.545598,35.784353
24664,,-78.54432,35.812278
24665,,-78.543921,35.812684
24666,,-78.543189,35.813047
24667,,-78.564528,35.798785
24668,,-78.563038,35.796835
24669,,-78.576469,35.797727
24670,,-78.571727,35.798691
24671,,-78.564666,35.806177
24672,,-78.56485,35.808423
24673,,-78.567023,35.815327
24674,,-78.566439,35.81362
24675,,-78.577462,35.80554
24676,,-78.577408,35.806794
24677,,-78.576171,35.810536
24678,,-78.575111,35.810449
24679,,-78.573948,35.810418
24680,,-78.570195,35.811002
24681,,-78.577316,35.808999
24682,,-78.572758,35.810508
24683,,-78.567112,35.802145
24684,,-78.564291,35.80346
24685,,-78.567923,35.811291
24686,,-78.565232,35.809473
24687,,-78.564226,35.812357
24688,,-78.565279,35.809635
24689,,-78.554462,35.79683
24690,,-78.555122,35.797401
24691,,-78.553464,35.796283
24692,,-78.56062,35.798253
24693,,-78.546428,35.786702
24694,,-78.545414,35.783768
24695,,-78.546126,35.785839
24696,,-78.55052,35.794993
24697,,-78.550668,35.794823
24698,,-78.549292,35.793165
24699,,-78.554698,35.803997
24700,,-78.555606,35.805961
24701,,-78.554463,35.810137
24702,,-78.549713,35.810297
24703,,-78.5485,35.810843
24704,,-78.55285,35.809565
24705,,-78.545767,35.811075
24706,,-78.576411,35.830539
24707,,-78.565642,35.831457
24708,,-78.561466,35.832142
24709,,-78.560829,35.834428
24710,,-78.561732,35.837117
24711,,-78.569202,35.823116
24712,,-78.569211,35.824355
24713,,-78.569284,35.828246
24714,,-78.575673,35.819312
24715,,-78.572205,35.821175
24716,,-78.576985,35.818545
24717,,-78.575716,35.819264
24718,,-78.571659,35.82126
24719,,-78.570637,35.821554
24720,,-78.575343,35.830501
24721,,-78.568961,35.819917
24722,,-78.569154,35.8225
24723,,-78.569283,35.828384
24724,,-78.569186,35.832065
24725,,-78.569599,35.835907
24726,,-78.571252,35.838531
24727,,-78.568511,35.8439
24728,,-78.570573,35.837368
24729,,-78.576842,35.84308
24730,,-78.574236,35.844818
24731,,-78.571568,35.843808
24732,,-78.5744,35.845907
24733,,-78.574615,35.847174
24734,,-78.577334,35.843652
24735,,-78.571233,35.843958
24736,,-78.563411,35.838664
24737,,-78.5651,35.839258
24738,,-78.564064,35.838948
24739,,-78.561402,35.836383
24740,,-78.566078,35.840752
24741,,-78.567123,35.841899
24742,,-78.567536,35.843082
24743,,-78.566081,35.840757
24744,,-78.562151,35.846313
24745,,-78.552422,35.831124
24746,,-78.557376,35.817478
24747,,-78.556037,35.818637
24748,,-78.555451,35.825733
24749,,-78.555397,35.824281
24750,,-78.555478,35.827848
24751,,-78.55061,35.820674
24752,,-78.548428,35.820897
24753,,-78.547106,35.821488
24754,,-78.549998,35.830718
24755,,-78.560503,35.833661
24756,,-78.560674,35.834075
24757,,-78.559056,35.846967
24758,,-78.551191,35.834164
24759,,-78.549078,35.835058
24760,,-78.547599,35.839461
24761,,-78.549052,35.84359
24762,,-78.550879,35.843767
24763,,-78.550051,35.843561
24764,,-78.551466,35.844157
24765,,-78.552021,35.844614
24766,,-78.546849,35.842569
24767,,-78.534379,35.796107
24768,,-78.52801,35.782757
24769,,-78.525426,35.785694
24770,,-78.520877,35.796679
24771,,-78.537459,35.794439
24772,,-78.535158,35.797156
24773,,-78.535252,35.800579
24774,,-78.521194,35.792127
24775,,-78.520348,35.793191
24776,,-78.519972,35.79367
24777,,-78.527121,35.783978
24778,,-78.524433,35.787229
24779,,-78.524159,35.784983
24780,,-78.521163,35.785023
24781,,-78.522578,35.790246
24782,,-78.522903,35.789717
24783,,-78.522854,35.789797
24784,,-78.52198,35.791137
24785,,-78.52078,35.792644
24786,,-78.52221,35.79535
24787,,-78.517533,35.784301
24788,,-78.524926,35.813106
24789,,-78.542638,35.839514
24790,,-78.544118,35.836296
24791,,-78.543728,35.837175
24792,,-78.540836,35.843265
24793,,-78.541982,35.840863
24794,,-78.540084,35.844815
24795,,-78.537623,35.84637
24796,,-78.53584,35.846967
24797,,-78.533246,35.847887
24798,,-78.517487,35.819886
24799,,-78.512786,35.829707
24800,,-78.52572,35.847326
24801,,-78.549995,35.882348
24802,,-78.573294,35.880112
24803,,-78.57012,35.883123
24804,,-78.544986,35.869681
24805,,-78.559808,35.851694
24806,,-78.560124,35.868767
24807,,-78.562438,35.856044
24808,,-78.568792,35.856071
24809,,-78.575629,35.851458
24810,,-78.575418,35.854371
24811,,-78.575849,35.84927
24812,,-78.575409,35.8543
24813,,-78.575379,35.853348
24814,,-78.575371,35.852857
24815,,-78.5755,35.854827
24816,,-78.577113,35.855407
24817,,-78.575371,35.852915
24818,,-78.570314,35.863281
24819,,-78.565652,35.856052
24820,,-78.566754,35.858111
24821,,-78.566631,35.86223
24822,,-78.56642,35.864477
24823,,-78.566766,35.857584
24824,,-78.566713,35.859169
24825,,-78.567872,35.863182
24826,,-78.566654,35.860991
24827,,-78.569342,35.867354
24828,,-78.569725,35.871109
24829,,-78.571528,35.866605
24830,,-78.574126,35.880763
24831,,-78.564348,35.866402
24832,,-78.565246,35.867309
24833,,-78.562793,35.867505
24834,,-78.551243,35.849342
24835,,-78.555885,35.848836
24836,,-78.554384,35.848723
24837,,-78.550957,35.848217
24838,,-78.553218,35.871452
24839,,-78.551408,35.871528
24840,,-78.556268,35.871173
24841,,-78.553922,35.871368
24842,,-78.548525,35.870735
24843,,-78.549303,35.871298
24844,,-78.546549,35.865736
24845,,-78.546795,35.865237
24846,,-78.548141,35.870421
24847,,-78.54868,35.880937
24848,,-78.570367,35.897459
24849,,-78.562584,35.889845
24850,,-78.564241,35.895084
24851,,-78.574245,35.882259
24852,,-78.565372,35.887424
24853,,-78.567531,35.896483
24854,,-78.575344,35.89914
24855,,-78.55386,35.886085
24856,,-78.556388,35.889708
24857,,-78.558388,35.898791
24858,,-78.557034,35.905761
24859,,-78.551912,35.912132
24860,,-78.538095,35.864001
24861,,-78.543201,35.87288
24862,,-78.537867,35.865593
24863,,-78.539568,35.868989
24864,,-78.541752,35.868845
24865,,-78.538303,35.870422
24866,,-78.541395,35.876662
24867,,-78.538931,35.876956
24868,,-78.539045,35.875009
24869,,-78.538568,35.873521
24870,,-78.533939,35.87928
24871,,-78.536246,35.878217
24872,,-78.512811,35.854372
24873,,-78.513223,35.860165
24874,,-78.514686,35.871919
24875,,-78.514405,35.867677
24876,,-78.514524,35.865993
24877,,-78.514437,35.870776
24878,,-78.514365,35.872874
24879,,-78.51297,35.874049
24880,,-78.526895,35.888197
24881,,-78.526679,35.887726
24882,,-78.527036,35.88946
24883,,-78.52662,35.890997
24884,,-78.526051,35.891904
24885,,-78.523867,35.896965
24886,,-78.519922,35.890599
24887,,-78.526163,35.886568
24888,,-78.524604,35.885103
24889,,-78.523147,35.888462
24890,,-78.524488,35.894417
24891,,-78.523893,35.897147
24892,,-78.519334,35.885244
24893,,-78.515894,35.884698
24894,,-78.518856,35.885246
24895,,-78.513473,35.89332
24896,,-78.524711,35.902148
24897,,-78.525015,35.904069
24898,,-78.52678,35.908709
24899,,-78.525864,35.907962
24900,,-78.527905,35.910137
24901,,-78.449339,35.732759
24902,,-78.442376,35.732838
24903,,-78.446024,35.743029
24904,,-78.448551,35.753867
24905,,-78.448709,35.754673
24906,,-78.449744,35.672933
24907,,-78.479506,35.693212
24908,,-78.480363,35.696502
24909,,-78.479722,35.700115
24910,,-78.475551,35.680657
24911,,-78.475791,35.684242
24912,,-78.477902,35.689955
24913,,-78.484175,35.672768
24914,,-78.48629,35.673323
24915,,-78.483046,35.672495
24916,,-78.506802,35.700823
24917,,-78.504026,35.702469
24918,,-78.480405,35.699147
24919,,-78.459261,35.671035
24920,,-78.459247,35.673777
24921,,-78.472076,35.675497
24922,,-78.470431,35.675913
24923,,-78.47629,35.671829
24924,,-78.476014,35.673773
24925,,-78.473811,35.675041
24926,,-78.475563,35.680779
24927,,-78.475707,35.682468
24928,,-78.475802,35.68479
24929,,-78.472907,35.711491
24930,,-78.482533,35.731775
24931,,-78.484843,35.761148
24932,,-78.478826,35.782225
24933,,-78.478437,35.781291
24934,,-78.476137,35.751209
24935,,-78.49774,35.734778
24936,,-78.482983,35.733435
24937,,-78.491292,35.740089
24938,,-78.490496,35.740774
24939,,-78.480303,35.740514
24940,,-78.495333,35.736714
24941,,-78.493366,35.73842
24942,,-78.493679,35.749439
24943,,-78.48348,35.736141
24944,,-78.484166,35.739816
24945,,-78.482441,35.741534
24946,,-78.483457,35.745428
24947,,-78.496577,35.778179
24948,,-78.507052,35.753977
24949,,-78.504443,35.753632
24950,,-78.503543,35.7745
24951,,-78.508153,35.772334
24952,,-78.511466,35.771155
24953,,-78.509126,35.772083
24954,,-78.50092,35.776998
24955,,-78.500557,35.777214
24956,,-78.502086,35.775969
24957,,-78.502138,35.775917
24958,,-78.500309,35.777328
24959,,-78.4997,35.777529
24960,,-78.499498,35.777585
24961,,-78.484941,35.761531
24962,,-78.490419,35.751714
24963,,-78.48355,35.75513
24964,,-78.483318,35.75405
24965,,-78.485042,35.762045
24966,,-78.485388,35.763588
24967,,-78.485199,35.762714
24968,,-78.488528,35.76912
24969,,-78.48862,35.77163
24970,,-78.489524,35.774683
24971,,-78.490382,35.778589
24972,,-78.488862,35.773421
24973,,-78.490249,35.776433
24974,,-78.491437,35.77769
24975,,-78.495009,35.778045
24976,,-78.463805,35.726813
24977,,-78.4624,35.72886
24978,,-78.46275,35.748363
24979,,-78.470791,35.729092
24980,,-78.466102,35.725882
24981,,-78.467461,35.718757
24982,,-78.464364,35.724302
24983,,-78.467541,35.726533
24984,,-78.469832,35.727815
24985,,-78.470421,35.728565
24986,,-78.463593,35.727272
24987,,-78.468349,35.749045
24988,,-78.475308,35.739328
24989,,-78.476959,35.73977
24990,,-78.47274,35.738856
24991,,-78.469067,35.749317
24992,,-78.455162,35.732653
24993,,-78.459189,35.74802
24994,,-78.452605,35.747163
24995,,-78.467783,35.770726
24996,,-78.461192,35.780144
24997,,-78.457794,35.763446
24998,,-78.478671,35.75116
24999,,-78.475761,35.774776
25000,,-78.463912,35.782592
25001,,-78.452678,35.76062
25002,,-78.449736,35.757346
25003,,-78.453867,35.76161
25004,,-78.458366,35.763735
25005,,-78.449009,35.755502
25006,,-78.451696,35.759669
25007,,-78.46125,35.777678
25008,,-78.432707,35.67695
25009,,-78.417016,35.671938
25010,,-78.415205,35.671822
25011,,-78.41576,35.671846
25012,,-78.430419,35.701059
25013,,-78.421384,35.694553
25014,,-78.424273,35.697144
25015,,-78.421116,35.685857
25016,,-78.392417,35.667811
25017,,-78.402066,35.654798
25018,,-78.401315,35.656842
25019,,-78.402481,35.653838
25020,,-78.402836,35.67851
25021,,-78.403796,35.677278
25022,,-78.400715,35.680286
25023,,-78.411013,35.672777
25024,,-78.3881,35.658793
25025,,-78.381311,35.660556
25026,,-78.391596,35.654659
25027,,-78.39737,35.663923
25028,,-78.393601,35.683819
25029,,-78.408831,35.69374
25030,,-78.407401,35.69373
25031,,-78.40838,35.69375
25032,,-78.402323,35.691647
25033,,-78.392981,35.687518
25034,,-78.387686,35.687416
25035,,-78.384163,35.688297
25036,,-78.385456,35.704947
25037,,-78.385322,35.706336
25038,,-78.383239,35.70168
25039,,-78.385087,35.707426
25040,,-78.43196,35.749808
25041,,-78.421279,35.753902
25042,,-78.389203,35.749882
25043,,-78.41002,35.781708
25044,,-78.441974,35.740366
25045,,-78.438627,35.74719
25046,,-78.433693,35.740439
25047,,-78.42778,35.73828
25048,,-78.426496,35.738227
25049,,-78.429543,35.751509
25050,,-78.427607,35.752939
25051,,-78.422534,35.753774
25052,,-78.425692,35.758158
25053,,-78.419626,35.754103
25054,,-78.416853,35.772826
25055,,-78.415628,35.775101
25056,,-78.41517,35.775789
25057,,-78.397616,35.722211
25058,,-78.412182,35.730492
25059,,-78.409286,35.73812
25060,,-78.41312,35.738469
25061,,-78.38476,35.726218
25062,,-78.383108,35.725761
25063,,-78.383337,35.725824
25064,,-78.387666,35.745867
25065,,-78.38802,35.746916
25066,,-78.407431,35.754183
25067,,-78.411767,35.753605
25068,,-78.410942,35.764859
25069,,-78.409671,35.766258
25070,,-78.408412,35.769761
25071,,-78.407894,35.7682
25072,,-78.399796,35.772813
25073,,-78.394217,35.763029
25074,,-78.387527,35.754717
25075,,-78.383241,35.758615
25076,,-78.467179,35.847412
25077,,-78.460532,35.844495
25078,,-78.448622,35.833282
25079,,-78.443647,35.83311
25080,,-78.447077,35.839993
25081,,-78.446855,35.844364
25082,,-78.446355,35.84676
25083,,-78.444756,35.854697
25084,,-78.44425,35.857118
25085,,-78.448314,35.883631
25086,,-78.445342,35.894529
25087,,-78.446808,35.804536
25088,,-78.444528,35.855731
25089,,-78.445648,35.881732
25090,,-78.445616,35.901041
25091,,-78.394912,35.851668
25092,,-78.480058,35.784649
25093,,-78.478506,35.785487
25094,,-78.479152,35.786279
25095,,-78.482489,35.836818
25096,,-78.479799,35.787096
25097,,-78.479328,35.789312
25098,,-78.477576,35.816341
25099,,-78.494671,35.798943
25100,,-78.496171,35.799091
25101,,-78.490204,35.798401
25102,,-78.510331,35.796738
25103,,-78.511011,35.786997
25104,,-78.511519,35.786368
25105,,-78.509939,35.790638
25106,,-78.510051,35.789119
25107,,-78.510096,35.791639
25108,,-78.51058,35.793469
25109,,-78.510323,35.793748
25110,,-78.502967,35.797579
25111,,-78.497712,35.79855
25112,,-78.485563,35.786339
25113,,-78.484896,35.791286
25114,,-78.481927,35.787166
25115,,-78.481192,35.786347
25116,,-78.485717,35.786026
25117,,-78.487074,35.783768
25118,,-78.484252,35.787305
25119,,-78.485042,35.786759
25120,,-78.480351,35.787779
25121,,-78.481201,35.788426
25122,,-78.48329,35.789744
25123,,-78.486448,35.802295
25124,,-78.486979,35.800169
25125,,-78.480525,35.807326
25126,,-78.486581,35.801767
25127,,-78.485797,35.805286
25128,,-78.48101,35.813836
25129,,-78.481967,35.811971
25130,,-78.503361,35.829358
25131,,-78.50419,35.828572
25132,,-78.508769,35.828387
25133,,-78.507107,35.841258
25134,,-78.501529,35.835771
25135,,-78.498906,35.838999
25136,,-78.510607,35.843018
25137,,-78.501514,35.833815
25138,,-78.501085,35.840496
25139,,-78.500995,35.846356
25140,,-78.501002,35.847096
25141,,-78.495347,35.837737
25142,,-78.49417,35.837311
25143,,-78.491012,35.83255
25144,,-78.490712,35.844545
25145,,-78.478431,35.798925
25146,,-78.473603,35.799266
25147,,-78.476386,35.783325
25148,,-78.478214,35.789744
25149,,-78.477112,35.789709
25150,,-78.475954,35.789684
25151,,-78.475948,35.795766
25152,,-78.477386,35.793291
25153,,-78.476643,35.794519
25154,,-78.478084,35.791976
25155,,-78.467615,35.814299
25156,,-78.464604,35.805986
25157,,-78.476727,35.805311
25158,,-78.4725,35.80792
25159,,-78.46599,35.805187
25160,,-78.4659,35.805519
25161,,-78.455163,35.795087
25162,,-78.462782,35.796083
25163,,-78.460786,35.795314
25164,,-78.454911,35.794542
25165,,-78.454605,35.793818
25166,,-78.461535,35.825099
25167,,-78.469117,35.832623
25168,,-78.455256,35.831
25169,,-78.477317,35.817401
25170,,-78.474312,35.820187
25171,,-78.475732,35.819325
25172,,-78.473631,35.820571
25173,,-78.4729,35.820647
25174,,-78.466451,35.815853
25175,,-78.466317,35.817115
25176,,-78.477359,35.83636
25177,,-78.46824,35.832302
25178,,-78.466361,35.831962
25179,,-78.4639,35.844634
25180,,-78.46547,35.845221
25181,,-78.451508,35.817012
25182,,-78.459731,35.829275
25183,,-78.462783,35.831356
25184,,-78.447059,35.835788
25185,,-78.446869,35.838443
25186,,-78.447269,35.841498
25187,,-78.494645,35.879638
25188,,-78.483307,35.878559
25189,,-78.478852,35.891389
25190,,-78.479409,35.906304
25191,,-78.473141,35.879653
25192,,-78.464483,35.878056
25193,,-78.47911,35.888256
25194,,-78.479061,35.889192
25195,,-78.478649,35.892817
25196,,-78.478394,35.894081
25197,,-78.478251,35.894792
25198,,-78.495447,35.858167
25199,,-78.497466,35.855093
25200,,-78.511438,35.849637
25201,,-78.500855,35.850962
25202,,-78.500944,35.849546
25203,,-78.500615,35.852865
25204,,-78.49869,35.853909
25205,,-78.502397,35.880049
25206,,-78.501236,35.875984
25207,,-78.510644,35.876038
25208,,-78.509884,35.877871
25209,,-78.509634,35.879683
25210,,-78.499236,35.87147
25211,,-78.497292,35.86973
25212,,-78.500581,35.873728
25213,,-78.489488,35.848509
25214,,-78.491342,35.861287
25215,,-78.483494,35.864223
25216,,-78.480835,35.861433
25217,,-78.487166,35.85764
25218,,-78.486995,35.861337
25219,,-78.481005,35.86235
25220,,-78.48053,35.862852
25221,,-78.487089,35.866721
25222,,-78.486922,35.878854
25223,,-78.492887,35.86761
25224,,-78.488555,35.866763
25225,,-78.483738,35.864792
25226,,-78.486252,35.878808
25227,,-78.481165,35.879039
25228,,-78.495511,35.895638
25229,,-78.498196,35.899294
25230,,-78.49704,35.890202
25231,,-78.509584,35.886654
25232,,-78.508965,35.889061
25233,,-78.50916,35.888336
25234,,-78.504227,35.882708
25235,,-78.504731,35.881684
25236,,-78.508433,35.891643
25237,,-78.509876,35.894717
25238,,-78.510621,35.894428
25239,,-78.507842,35.893164
25240,,-78.500493,35.885291
25241,,-78.503175,35.881259
25242,,-78.503196,35.88324
25243,,-78.50264,35.883555
25244,,-78.495993,35.894202
25245,,-78.496015,35.894036
25246,,-78.505356,35.905598
25247,,-78.50514,35.906395
25248,,-78.505078,35.912524
25249,,-78.506861,35.898707
25250,,-78.506073,35.903484
25251,,-78.504739,35.909321
25252,,-78.505113,35.912577
25253,,-78.497123,35.899708
25254,,-78.495655,35.895332
25255,,-78.492557,35.900525
25256,,-78.481245,35.906278
25257,,-78.47956,35.907534
25258,,-78.456124,35.864887
25259,,-78.469934,35.849629
25260,,-78.476216,35.852576
25261,,-78.475005,35.861418
25262,,-78.47389,35.861382
25263,,-78.477574,35.866301
25264,,-78.477394,35.8682
25265,,-78.47745,35.8669
25266,,-78.477367,35.869009
25267,,-78.470513,35.879385
25268,,-78.449763,35.869349
25269,,-78.4616,35.877754
25270,,-78.45,35.874291
25271,,-78.453077,35.877941
25272,,-78.452721,35.877949
25273,,-78.448211,35.879963
25274,,-78.478453,35.893788
25275,,-78.478921,35.890665
25276,,-78.478819,35.891738
25277,,-78.478204,35.895152
25278,,-78.475557,35.911808
25279,,-78.447293,35.887372
25280,,-78.44868,35.882245
25281,,-78.40819,35.78969
25282,,-78.426805,35.815162
25283,,-78.38308,35.814358
25284,,-78.384427,35.813715
25285,,-78.427929,35.813731
25286,,-78.428655,35.814642
25287,,-78.42117,35.803241
25288,,-78.426001,35.811374
25289,,-78.427163,35.812792
25290,,-78.414513,35.800446
25291,,-78.441801,35.830831
25292,,-78.441068,35.829918
25293,,-78.442584,35.820154
25294,,-78.438511,35.826807
25295,,-78.44034,35.829006
25296,,-78.434465,35.82185
25297,,-78.43735,35.82537
25298,,-78.431224,35.843934
25299,,-78.442856,35.832138
25300,,-78.445717,35.835655
25301,,-78.431059,35.842233
25302,,-78.429902,35.816193
25303,,-78.42763,35.838475
25304,,-78.397353,35.802177
25305,,-78.396664,35.804648
25306,,-78.408852,35.787828
25307,,-78.409577,35.785736
25308,,-78.408105,35.791149
25309,,-78.411236,35.796192
25310,,-78.408811,35.793017
25311,,-78.404672,35.785078
25312,,-78.399734,35.805226
25313,,-78.399662,35.81475
25314,,-78.399743,35.807399
25315,,-78.38955,35.798442
25316,,-78.383452,35.796909
25317,,-78.387159,35.812095
25318,,-78.395474,35.801859
25319,,-78.393927,35.806383
25320,,-78.390381,35.809436
25321,,-78.383384,35.814216
25322,,-78.404708,35.832055
25323,,-78.39893,35.819216
25324,,-78.398146,35.824454
25325,,-78.399624,35.815837
25326,,-78.404283,35.830767
25327,,-78.406849,35.817029
25328,,-78.401146,35.829283
25329,,-78.404635,35.843475
25330,,-78.404685,35.833193
25331,,-78.404618,35.835664
25332,,-78.404776,35.841012
25333,,-78.404627,35.835135
25334,,-78.404661,35.834393
25335,,-78.40477,35.841172
25336,,-78.404665,35.842914
25337,,-78.444956,35.882135
25338,,-78.388454,35.881798
25339,,-78.444067,35.858107
25340,,-78.444195,35.857421
25341,,-78.432569,35.850307
25342,,-78.432423,35.850312
25343,,-78.423314,35.851402
25344,,-78.423554,35.859998
25345,,-78.418775,35.861698
25346,,-78.418695,35.876366
25347,,-78.417826,35.870129
25348,,-78.416024,35.867035
25349,,-78.425381,35.895791
25350,,-78.444397,35.882454
25351,,-78.436476,35.887766
25352,,-78.433907,35.889353
25353,,-78.436707,35.895665
25354,,-78.433089,35.894699
25355,,-78.445808,35.902377
25356,,-78.434359,35.910075
25357,,-78.437884,35.909926
25358,,-78.422293,35.885156
25359,,-78.425424,35.888516
25360,,-78.426145,35.910265
25361,,-78.426403,35.910237
25362,,-78.425302,35.910273
25363,,-78.424043,35.910124
25364,,-78.416815,35.897792
25365,,-78.421181,35.910526
25366,,-78.419779,35.910826
25367,,-78.412166,35.855831
25368,,-78.402891,35.856464
25369,,-78.410399,35.855424
25370,,-78.408879,35.855092
25371,,-78.408252,35.854942
25372,,-78.397865,35.852021
25373,,-78.40241,35.859455
25374,,-78.401742,35.864012
25375,,-78.403851,35.875334
25376,,-78.410232,35.868105
25377,,-78.398977,35.872049
25378,,-78.400228,35.869063
25379,,-78.398841,35.876437
25380,,-78.398793,35.875461
25381,,-78.389771,35.850662
25382,,-78.396299,35.851865
25383,,-78.395624,35.851782
25384,,-78.395394,35.908952
25385,,-78.403462,35.882843
25386,,-78.411508,35.883011
25387,,-78.410546,35.883
25388,,-78.409139,35.883015
25389,,-78.405603,35.909139
25390,,-78.407838,35.910171
25391,,-78.398169,35.906477
25392,,-78.40979,35.899475
25393,,-78.409014,35.89972
25394,,-78.389484,35.904031
25395,,-78.394938,35.909439
25396,,-78.512724,36.008276
25397,,-78.50354,36.034572
25398,,-78.511133,35.97419
25399,,-78.513556,35.975184
25400,,-78.510176,35.991891
25401,,-78.510841,36.023039
25402,,-78.507402,36.027718
25403,,-78.455818,36.044649
25404,,-78.421754,36.043241
25405,,-78.421309,36.043725
25406,,-78.418743,36.044659
25407,,-78.579871,35.942806
25408,,-78.513228,35.979559
25409,,-78.537538,35.97942
25410,,-78.536859,35.979509
25411,,-78.531556,35.979739
25412,,-78.630908,35.946384
25413,,-78.609756,35.93701
25414,,-78.60974,35.94258
25415,,-78.609823,35.943699
25416,,-78.610386,35.947237
25417,,-78.62811,35.943594
25418,,-78.625076,35.932215
25419,,-78.623893,35.931165
25420,,-78.636756,35.918791
25421,,-78.634557,35.927274
25422,,-78.638956,35.920091
25423,,-78.635763,35.918403
25424,,-78.642001,35.922601
25425,,-78.640127,35.924055
25426,,-78.635421,35.926387
25427,,-78.629043,35.916404
25428,,-78.632633,35.929223
25429,,-78.633235,35.928622
25430,,-78.629017,35.938232
25431,,-78.630718,35.930977
25432,,-78.628138,35.93591
25433,,-78.629626,35.939932
25434,,-78.628625,35.942188
25435,,-78.629461,35.941205
25436,,-78.621578,35.917988
25437,,-78.621088,35.919837
25438,,-78.620483,35.923628
25439,,-78.621537,35.929078
25440,,-78.618504,35.936277
25441,,-78.625216,35.933371
25442,,-78.623309,35.93406
25443,,-78.622741,35.934345
25444,,-78.621304,35.935135
25445,,-78.610568,35.940238
25446,,-78.62508,35.953837
25447,,-78.624006,35.954967
25448,,-78.619414,35.957316
25449,,-78.584106,35.930398
25450,,-78.585861,35.929264
25451,,-78.605239,35.927183
25452,,-78.599433,35.918751
25453,,-78.595569,35.917124
25454,,-78.601214,35.920011
25455,,-78.61031,35.938203
25456,,-78.608174,35.934157
25457,,-78.607887,35.932475
25458,,-78.607792,35.933166
25459,,-78.608995,35.935512
25460,,-78.610199,35.941124
25461,,-78.610336,35.945643
25462,,-78.588726,35.924481
25463,,-78.592521,35.919622
25464,,-78.59334,35.915872
25465,,-78.591831,35.920749
25466,,-78.589819,35.923274
25467,,-78.587445,35.92732
25468,,-78.587489,35.927124
25469,,-78.58233,35.925234
25470,,-78.577959,35.925061
25471,,-78.579616,35.939725
25472,,-78.578004,35.937014
25473,,-78.580527,35.932285
25474,,-78.609389,35.951488
25475,,-78.610104,35.949626
25476,,-78.578122,35.982321
25477,,-78.575764,35.946631
25478,,-78.564389,35.945186
25479,,-78.536159,35.947195
25480,,-78.529436,35.946505
25481,,-78.561164,35.941782
25482,,-78.562058,35.944638
25483,,-78.570345,35.91931
25484,,-78.572436,35.916997
25485,,-78.571522,35.917467
25486,,-78.577496,35.914893
25487,,-78.576333,35.914806
25488,,-78.574801,35.915839
25489,,-78.569959,35.917676
25490,,-78.574468,35.923606
25491,,-78.576309,35.924172
25492,,-78.576002,35.924506
25493,,-78.570039,35.938771
25494,,-78.568985,35.939299
25495,,-78.568914,35.939112
25496,,-78.566256,35.939258
25497,,-78.563201,35.944881
25498,,-78.547897,35.917022
25499,,-78.545363,35.920144
25500,,-78.559487,35.942823
25501,,-78.555741,35.944601
25502,,-78.549856,35.945498
25503,,-78.56281,35.963121
25504,,-78.561404,35.966159
25505,,-78.560062,35.974002
25506,,-78.569587,35.949445
25507,,-78.567167,35.953883
25508,,-78.567567,35.947801
25509,,-78.56316,35.961058
25510,,-78.567409,35.97649
25511,,-78.563359,35.976089
25512,,-78.553929,35.972563
25513,,-78.558411,35.969957
25514,,-78.56089,35.977795
25515,,-78.548094,35.966217
25516,,-78.54784,35.977364
25517,,-78.549357,35.975852
25518,,-78.547406,35.978027
25519,,-78.529028,35.914634
25520,,-78.528875,35.931761
25521,,-78.532913,35.936348
25522,,-78.53864,35.922317
25523,,-78.537648,35.92153
25524,,-78.536968,35.926466
25525,,-78.543014,35.918091
25526,,-78.54303,35.926877
25527,,-78.532209,35.918996
25528,,-78.538232,35.946057
25529,,-78.541992,35.937325
25530,,-78.531128,35.933968
25531,,-78.532261,35.935
25532,,-78.532968,35.940606
25533,,-78.530932,35.943868
25534,,-78.530172,35.945108
25535,,-78.522088,35.920033
25536,,-78.526991,35.917047
25537,,-78.525335,35.924938
25538,,-78.524781,35.92417
25539,,-78.527185,35.928302
25540,,-78.513552,35.925979
25541,,-78.517261,35.923018
25542,,-78.516669,35.923988
25543,,-78.527464,35.979125
25544,,-78.529324,35.950782
25545,,-78.540649,35.954121
25546,,-78.539518,35.949933
25547,,-78.539288,35.949978
25548,,-78.541455,35.957373
25549,,-78.541713,35.95732
25550,,-78.533163,35.948767
25551,,-78.530479,35.948637
25552,,-78.529846,35.947499
25553,,-78.532136,35.951259
25554,,-78.528584,35.95164
25555,,-78.539223,35.96535
25556,,-78.539244,35.965174
25557,,-78.541538,35.978398
25558,,-78.526175,35.954571
25559,,-78.52286,35.957852
25560,,-78.52388,35.957103
25561,,-78.522745,35.951748
25562,,-78.524362,35.952449
25563,,-78.524937,35.956045
25564,,-78.521567,35.958771
25565,,-78.52132,35.958948
25566,,-78.513305,35.950265
25567,,-78.518168,35.961985
25568,,-78.518111,35.962499
25569,,-78.520966,35.972371
25570,,-78.525064,35.966774
25571,,-78.525049,35.966944
25572,,-78.527538,35.973423
25573,,-78.525152,35.973371
25574,,-78.52142,35.972505
25575,,-78.522388,35.973114
25576,,-78.516586,35.969089
25577,,-78.517288,35.967171
25578,,-78.516966,35.967973
25579,,-78.513775,35.96885
25580,,-78.514746,35.973571
25581,,-78.519997,35.972361
25582,,-78.518216,35.972368
25583,,-78.517514,35.972117
25584,,-78.516799,35.97171
25585,,-78.515716,35.971749
25586,,-78.51341,35.9754
25587,,-78.512353,35.977793
25588,,-78.553393,36.010981
25589,,-78.553314,36.012137
25590,,-78.552182,36.012231
25591,,-78.545927,36.011811
25592,,-78.543612,36.011887
25593,,-78.535297,36.008383
25594,,-78.531393,36.007911
25595,,-78.514301,36.012237
25596,,-78.561352,35.982753
25597,,-78.558575,35.990221
25598,,-78.560656,35.987191
25599,,-78.55941,35.988639
25600,,-78.552352,35.988142
25601,,-78.547064,35.986669
25602,,-78.55578,35.99408
25603,,-78.549386,35.985904
25604,,-78.553063,36.003521
25605,,-78.553432,36.000182
25606,,-78.551977,36.003271
25607,,-78.552929,36.008528
25608,,-78.553104,36.002582
25609,,-78.548031,36.001398
25610,,-78.546662,36.000563
25611,,-78.547703,36.026384
25612,,-78.545528,36.026332
25613,,-78.555019,36.017134
25614,,-78.555465,36.019299
25615,,-78.555134,36.017616
25616,,-78.555058,36.012814
25617,,-78.547301,36.026156
25618,,-78.537559,35.994898
25619,,-78.544306,35.986713
25620,,-78.542224,35.983803
25621,,-78.543235,35.981468
25622,,-78.532871,35.979873
25623,,-78.535881,35.993876
25624,,-78.541483,35.99731
25625,,-78.543922,35.998886
25626,,-78.539116,35.995844
25627,,-78.540107,36.010477
25628,,-78.544809,36.011714
25629,,-78.538101,36.009338
25630,,-78.534592,36.008357
25631,,-78.534467,36.008351
25632,,-78.52156,35.986768
25633,,-78.520538,35.98573
25634,,-78.519396,35.984581
25635,,-78.528504,35.991881
25636,,-78.523189,35.987987
25637,,-78.515762,35.98327
25638,,-78.514911,35.98288
25639,,-78.519023,36.0012
25640,,-78.512179,36.003861
25641,,-78.522282,36.00226
25642,,-78.523868,36.005781
25643,,-78.512963,35.996848
25644,,-78.519741,36.003884
25645,,-78.519501,36.009103
25646,,-78.519279,36.009053
25647,,-78.512732,36.006661
25648,,-78.513639,36.011313
25649,,-78.537034,36.02776
25650,,-78.53415,36.027322
25651,,-78.541922,36.027275
25652,,-78.515516,36.016485
25653,,-78.51297,36.020125
25654,,-78.527198,36.036399
25655,,-78.465241,35.981938
25656,,-78.453492,35.959533
25657,,-78.453029,35.965261
25658,,-78.446509,36.042066
25659,,-78.479923,35.933398
25660,,-78.504416,35.946954
25661,,-78.503579,35.947435
25662,,-78.481233,35.948149
25663,,-78.479849,35.956078
25664,,-78.47935,35.916366
25665,,-78.504561,35.927491
25666,,-78.510478,35.926069
25667,,-78.498075,35.92384
25668,,-78.507124,35.936644
25669,,-78.502448,35.944542
25670,,-78.507219,35.937148
25671,,-78.50648,35.933854
25672,,-78.50707,35.943482
25673,,-78.50722,35.942308
25674,,-78.506815,35.944854
25675,,-78.495005,35.921201
25676,,-78.492268,35.919867
25677,,-78.492669,35.920023
25678,,-78.490257,35.91876
25679,,-78.48667,35.917785
25680,,-78.483982,35.916612
25681,,-78.486881,35.917808
25682,,-78.48792,35.940628
25683,,-78.494192,35.942991
25684,,-78.485332,35.939055
25685,,-78.496869,35.973605
25686,,-78.507831,35.956412
25687,,-78.50757,35.958011
25688,,-78.500626,35.951428
25689,,-78.500464,35.953261
25690,,-78.501455,35.958589
25691,,-78.501566,35.958061
25692,,-78.498686,35.961774
25693,,-78.510529,35.970499
25694,,-78.50589,35.976484
25695,,-78.503837,35.974717
25696,,-78.510601,35.966385
25697,,-78.509456,35.975225
25698,,-78.507071,35.978098
25699,,-78.510076,35.977045
25700,,-78.509789,35.97791
25701,,-78.50954,35.978778
25702,,-78.508121,35.978887
25703,,-78.50667,35.973539
25704,,-78.499209,35.974874
25705,,-78.499481,35.97502
25706,,-78.5007,35.978555
25707,,-78.500941,35.977329
25708,,-78.487281,35.951664
25709,,-78.488921,35.95379
25710,,-78.487611,35.957995
25711,,-78.484742,35.9499
25712,,-78.480081,35.948111
25713,,-78.482327,35.957815
25714,,-78.483583,35.958934
25715,,-78.486572,35.958963
25716,,-78.490484,35.966872
25717,,-78.489985,35.974521
25718,,-78.488533,35.978271
25719,,-78.483771,35.968295
25720,,-78.482915,35.968213
25721,,-78.475984,35.930076
25722,,-78.462375,35.920023
25723,,-78.457536,35.929314
25724,,-78.447633,35.929806
25725,,-78.469687,35.915942
25726,,-78.471312,35.915037
25727,,-78.468329,35.924177
25728,,-78.470256,35.926695
25729,,-78.466126,35.920782
25730,,-78.469283,35.916165
25731,,-78.46872,35.916475
25732,,-78.465564,35.919812
25733,,-78.474364,35.945759
25734,,-78.467659,35.939796
25735,,-78.45629,35.921738
25736,,-78.455617,35.924758
25737,,-78.460124,35.921346
25738,,-78.455927,35.921248
25739,,-78.457506,35.926527
25740,,-78.456792,35.922429
25741,,-78.457522,35.928084
25742,,-78.452265,35.916416
25743,,-78.453508,35.926252
25744,,-78.460225,35.938953
25745,,-78.457397,35.931582
25746,,-78.457005,35.934481
25747,,-78.457463,35.931026
25748,,-78.457194,35.933457
25749,,-78.456908,35.935138
25750,,-78.471385,35.951259
25751,,-78.477205,35.947432
25752,,-78.478203,35.955442
25753,,-78.476662,35.954837
25754,,-78.466559,35.947843
25755,,-78.466971,35.948136
25756,,-78.475098,35.967528
25757,,-78.474754,35.9675
25758,,-78.467907,35.96609
25759,,-78.465822,35.965275
25760,,-78.455025,35.949657
25761,,-78.453007,35.965567
25762,,-78.459377,35.962922
25763,,-78.459708,35.978631
25764,,-78.480329,36.004656
25765,,-78.479504,36.025972
25766,,-78.479675,36.005154
25767,,-78.479543,36.027328
25768,,-78.505875,35.995531
25769,,-78.497449,35.998049
25770,,-78.493304,36.002942
25771,,-78.490776,36.009744
25772,,-78.495094,36.00071
25773,,-78.489482,35.995794
25774,,-78.503737,35.983799
25775,,-78.506442,35.987425
25776,,-78.50612,35.987913
25777,,-78.500521,35.979457
25778,,-78.500544,35.981208
25779,,-78.500008,35.988176
25780,,-78.508538,35.981435
25781,,-78.50855,35.984239
25782,,-78.507792,35.985384
25783,,-78.509496,35.982811
25784,,-78.511643,35.981899
25785,,-78.509894,35.981147
25786,,-78.508784,35.980713
25787,,-78.50719,35.983631
25788,,-78.502197,35.983223
25789,,-78.500476,35.980382
25790,,-78.503035,35.986542
25791,,-78.501662,35.987286
25792,,-78.498998,35.98243
25793,,-78.499818,35.982471
25794,,-78.503397,35.99343
25795,,-78.497056,35.989851
25796,,-78.509829,35.995873
25797,,-78.511389,36.000423
25798,,-78.499174,35.996663
25799,,-78.491211,35.993895
25800,,-78.493866,35.981743
25801,,-78.490309,35.994825
25802,,-78.486639,35.981392
25803,,-78.490464,36.006975
25804,,-78.483512,36.002241
25805,,-78.481788,36.003549
25806,,-78.479907,36.004977
25807,,-78.49538,36.040332
25808,,-78.491072,36.022966
25809,,-78.480772,36.0294
25810,,-78.479606,36.028035
25811,,-78.492192,36.038345
25812,,-78.499696,36.024094
25813,,-78.504045,36.032353
25814,,-78.506715,36.028661
25815,,-78.505017,36.031004
25816,,-78.500991,36.036501
25817,,-78.49611,36.040777
25818,,-78.499359,36.038725
25819,,-78.490185,36.015958
25820,,-78.494476,36.023187
25821,,-78.48545,36.019509
25822,,-78.486274,36.018686
25823,,-78.479301,36.024521
25824,,-78.479504,36.025859
25825,,-78.489565,36.0367
25826,,-78.488451,36.036004
25827,,-78.485064,36.036247
25828,,-78.486718,36.040864
25829,,-78.487296,36.044527
25830,,-78.486896,36.035034
25831,,-78.486279,36.034648
25832,,-78.480786,36.029416
25833,,-78.486375,36.040018
25834,,-78.467102,35.981972
25835,,-78.475429,36.00221
25836,,-78.477319,36.006655
25837,,-78.476775,36.003432
25838,,-78.477199,36.003786
25839,,-78.476342,36.007277
25840,,-78.475363,36.008395
25841,,-78.476159,36.002886
25842,,-78.474868,35.998417
25843,,-78.474678,35.999693
25844,,-78.474679,35.999957
25845,,-78.477612,36.004163
25846,,-78.474466,36.009747
25847,,-78.473731,36.010863
25848,,-78.456982,35.985947
25849,,-78.454097,35.994517
25850,,-78.453431,35.991944
25851,,-78.459807,35.979365
25852,,-78.458154,35.984634
25853,,-78.449438,35.985582
25854,,-78.452182,35.989265
25855,,-78.453353,35.991725
25856,,-78.453057,35.990968
25857,,-78.45512,35.999345
25858,,-78.455809,36.002573
25859,,-78.457573,36.009835
25860,,-78.454433,35.996099
25861,,-78.463007,36.014596
25862,,-78.46614,36.024897
25863,,-78.473479,36.018808
25864,,-78.469334,36.018529
25865,,-78.473589,36.013278
25866,,-78.473805,36.021416
25867,,-78.473916,36.02217
25868,,-78.476986,36.024695
25869,,-78.476456,36.024737
25870,,-78.474092,36.023452
25871,,-78.472439,36.020558
25872,,-78.47247,36.026277
25873,,-78.465244,36.015987
25874,,-78.46418,36.015328
25875,,-78.463532,36.014924
25876,,-78.469028,36.0253
25877,,-78.463739,36.024462
25878,,-78.471839,36.030978
25879,,-78.476979,36.044698
25880,,-78.477045,36.043587
25881,,-78.455274,36.022984
25882,,-78.449122,36.020034
25883,,-78.451482,36.021463
25884,,-78.459952,36.026796
25885,,-78.458287,36.027775
25886,,-78.456122,36.041085
25887,,-78.417587,35.941868
25888,,-78.40406,35.941929
25889,,-78.438176,35.930147
25890,,-78.435675,35.935315
25891,,-78.432567,35.926132
25892,,-78.438545,35.933988
25893,,-78.438298,35.934102
25894,,-78.436174,35.935084
25895,,-78.425279,35.925213
25896,,-78.428045,35.925569
25897,,-78.423436,35.924981
25898,,-78.424574,35.92511
25899,,-78.420764,35.924998
25900,,-78.426257,35.940811
25901,,-78.435846,35.962861
25902,,-78.439936,35.97037
25903,,-78.44384,35.97782
25904,,-78.441547,35.973147
25905,,-78.444254,35.978624
25906,,-78.444527,35.97912
25907,,-78.442982,35.976055
25908,,-78.443437,35.976991
25909,,-78.436168,35.964764
25910,,-78.429232,35.955363
25911,,-78.428506,35.954765
25912,,-78.418358,35.969163
25913,,-78.419977,35.974587
25914,,-78.420962,35.978398
25915,,-78.420082,35.97486
25916,,-78.419646,35.973725
25917,,-78.420447,35.975801
25918,,-78.404299,35.924805
25919,,-78.406027,35.944617
25920,,-78.402871,35.935667
25921,,-78.394714,35.920135
25922,,-78.391237,35.921241
25923,,-78.382471,35.913759
25924,,-78.382485,35.930782
25925,,-78.381123,35.935577
25926,,-78.406341,35.961572
25927,,-78.410724,35.95376
25928,,-78.404764,35.964487
25929,,-78.397939,35.970541
25930,,-78.407919,35.967151
25931,,-78.406482,35.978648
25932,,-78.406678,35.976229
25933,,-78.406604,35.977337
25934,,-78.401698,35.966467
25935,,-78.394109,35.956389
25936,,-78.391652,35.954996
25937,,-78.387727,35.952073
25938,,-78.387537,35.951928
25939,,-78.387009,35.95153
25940,,-78.384241,35.950302
25941,,-78.389691,35.970627
25942,,-78.389373,35.977943
25943,,-78.385845,35.9714
25944,,-78.386736,35.971222
25945,,-78.391094,35.977002
25946,,-78.393231,35.96992
25947,,-78.393656,35.975026
25948,,-78.392314,35.976131
25949,,-78.390631,35.977281
25950,,-78.385448,35.971479
25951,,-78.387106,35.971147
25952,,-78.38889,35.978174
25953,,-78.382639,35.972035
25954,,-78.437545,36.011802
25955,,-78.41429,36.005112
25956,,-78.412551,36.0076
25957,,-78.412323,36.007877
25958,,-78.443346,36.016576
25959,,-78.438202,36.012862
25960,,-78.437737,36.012113
25961,,-78.414672,36.039549
25962,,-78.408657,35.986402
25963,,-78.414575,36.00026
25964,,-78.413266,36.00664
25965,,-78.411698,36.01177
25966,,-78.412518,36.015346
25967,,-78.412355,36.016716
25968,,-78.413575,36.028505
25969,,-78.42658,36.000041
25970,,-78.427388,36.000722
25971,,-78.430418,36.002944
25972,,-78.429839,36.002546
25973,,-78.431081,36.003391
25974,,-78.444957,35.979821
25975,,-78.445911,35.981133
25976,,-78.43345,36.005185
25977,,-78.431243,36.003501
25978,,-78.436095,36.009446
25979,,-78.437339,36.011469
25980,,-78.417618,35.98508
25981,,-78.419492,35.982261
25982,,-78.417362,35.985512
25983,,-78.419669,35.981965
25984,,-78.417023,35.98632
25985,,-78.417583,35.988593
25986,,-78.418069,35.992186
25987,,-78.428158,36.001337
25988,,-78.426108,35.999648
25989,,-78.428721,36.001767
25990,,-78.415957,35.997772
25991,,-78.414479,36.001752
25992,,-78.414453,36.0046
25993,,-78.421611,36.028221
25994,,-78.419265,36.030316
25995,,-78.414281,36.028987
25996,,-78.43756,36.017228
25997,,-78.445799,36.018049
25998,,-78.437787,36.012193
25999,,-78.442059,36.041867
26000,,-78.443497,36.042612
26001,,-78.439275,36.040426
26002,,-78.442087,36.04276
26003,,-78.441298,36.04285
26004,,-78.435037,36.039463
26005,,-78.429488,36.019384
26006,,-78.422745,36.025414
26007,,-78.424226,36.039853
26008,,-78.417596,36.033575
26009,,-78.423547,36.040332
26010,,-78.428678,36.038615
26011,,-78.422325,36.042434
26012,,-78.415904,36.030077
26013,,-78.410033,35.993528
26014,,-78.401429,35.988723
26015,,-78.411986,35.9945
26016,,-78.404959,35.990685
26017,,-78.404729,35.990523
26018,,-78.403408,35.989651
26019,,-78.396064,35.986248
26020,,-78.39313,35.9846
26021,,-78.384194,35.980505
26022,,-78.384676,35.980214
26023,,-78.39572,36.021784
26024,,-78.405374,36.021639
26025,,-78.404213,36.021809
26026,,-78.411847,36.012557
26027,,-78.412415,36.014341
26028,,-78.412153,36.017544
26029,,-78.39887,36.020148
26030,,-78.405264,36.021657
26031,,-78.388898,36.018893
26032,,-78.387894,36.018932
26033,,-78.386324,36.019069
26034,,-78.381526,36.019513
26035,,-78.383524,36.019283
26036,,-78.396918,36.01929
26037,,-78.396306,36.019092
26038,,-78.394283,36.018844
26039,,-78.384695,36.0192
26040,,-78.382495,36.019372
26041,,-78.384546,36.019211
26042,,-78.392774,36.036254
26043,,-78.392911,36.032742
26044,,-78.392969,36.122458
26045,,-78.477788,36.047169
26046,,-78.477726,36.048688
26047,,-78.47732,36.051209
26048,,-78.487476,36.047164
26049,,-78.487522,36.04773
26050,,-78.484656,36.058982
26051,,-78.492728,36.047774
26052,,-78.494338,36.045478
26053,,-78.493561,36.046575
26054,,-78.455012,36.049578
26055,,-78.463943,36.067866
26056,,-78.457643,36.063733
26057,,-78.476863,36.052097
26058,,-78.477098,36.051844
26059,,-78.477462,36.050028
26060,,-78.471667,36.062865
26061,,-78.470597,36.06447
26062,,-78.454908,36.048344
26063,,-78.455036,36.052141
26064,,-78.457828,36.060632
26065,,-78.455708,36.070952
26066,,-78.455219,36.073725
26067,,-78.456506,36.068283
26068,,-78.455595,36.072306
26069,,-78.451601,36.083909
26070,,-78.44694,36.081369
26071,,-78.449688,36.082722
26072,,-78.40965,36.074103
26073,,-78.431544,36.060936
26074,,-78.436417,36.051902
26075,,-78.435008,36.055195
26076,,-78.432655,36.058809
26077,,-78.432562,36.058927
26078,,-78.434586,36.056031
26079,,-78.425906,36.081739
26080,,-78.399666,36.051259
26081,,-78.398028,36.053037
26082,,-78.412293,36.05701
26083,,-78.413259,36.05498
26084,,-78.411062,36.059571
26085,,-78.398933,36.051929
26086,,-78.397989,36.053092
26087,,-78.40817,36.066685
26088,,-78.4087,36.077423
26089,,-78.392899,36.058931
26090,,-78.396279,36.055696
26091,,-78.39431,36.057394
26092,,-78.384133,36.050857
26093,,-78.399319,36.091643
26094,,-78.393476,36.090084
26095,,-78.410033,36.083572
26096,,-78.408476,36.078209
26097,,-78.41157,36.089721
26098,,-78.402454,36.092491
26099,,-78.40447,36.093009
26100,,-78.398383,36.091395
26101,,-78.402926,36.104757
26102,,-78.396491,36.090893
26103,,-78.383819,36.087493
26104,,-78.383239,36.132822
26105,,-78.399677,36.130916
26106,,-78.391699,36.123828
26107,,-78.384162,36.121458
26108,,-78.385954,36.129121
26109,,-78.384709,36.131776
26110,,-78.355185,35.782484
26111,,-78.257655,35.667227
26112,,-78.249651,35.675492
26113,,-78.249031,35.677097
26114,,-78.294498,35.784868
26115,,-78.246974,35.765359
26116,,-78.257515,35.778593
26117,,-78.360543,35.783315
26118,,-78.250885,35.835903
26119,,-78.248828,35.695269
26120,,-78.250919,35.707724
26121,,-78.254973,35.740377
26122,,-78.232039,35.779097
26123,,-78.233061,35.784992
26124,,-78.172543,35.781815
26125,,-78.186064,35.787265
26126,,-78.2498,35.889018
26127,,-78.369594,35.725382
26128,,-78.312938,35.679807
26129,,-78.3146,35.683551
26130,,-78.315625,35.746604
26131,,-78.308728,35.663258
26132,,-78.306786,35.669009
26133,,-78.255689,35.717718
26134,,-78.296768,35.717871
26135,,-78.347815,35.658914
26136,,-78.364833,35.68306
26137,,-78.363418,35.681475
26138,,-78.37831,35.65929
26139,,-78.380892,35.660561
26140,,-78.378026,35.665833
26141,,-78.378482,35.667655
26142,,-78.371561,35.654547
26143,,-78.374828,35.680154
26144,,-78.378303,35.67536
26145,,-78.37924,35.671394
26146,,-78.379003,35.670231
26147,,-78.379536,35.672797
26148,,-78.359288,35.65179
26149,,-78.353189,35.652646
26150,,-78.351967,35.665259
26151,,-78.360334,35.678204
26152,,-78.359061,35.676854
26153,,-78.356672,35.674344
26154,,-78.360353,35.678224
26155,,-78.361705,35.679653
26156,,-78.35857,35.676335
26157,,-78.353853,35.669663
26158,,-78.354535,35.671226
26159,,-78.364105,35.696099
26160,,-78.359746,35.696257
26161,,-78.364789,35.709215
26162,,-78.363804,35.710792
26163,,-78.374524,35.695044
26164,,-78.373579,35.693056
26165,,-78.373455,35.696368
26166,,-78.370455,35.689399
26167,,-78.3669,35.685368
26168,,-78.368037,35.703942
26169,,-78.360386,35.696252
26170,,-78.358184,35.696269
26171,,-78.356441,35.696282
26172,,-78.355252,35.696291
26173,,-78.36377,35.71085
26174,,-78.360313,35.715454
26175,,-78.3468,35.65715
26176,,-78.344451,35.651749
26177,,-78.331983,35.713087
26178,,-78.331998,35.712348
26179,,-78.331965,35.709885
26180,,-78.327174,35.698619
26181,,-78.325887,35.697917
26182,,-78.325674,35.697791
26183,,-78.321212,35.693095
26184,,-78.323316,35.707932
26185,,-78.321069,35.709112
26186,,-78.317212,35.711783
26187,,-78.34698,35.742729
26188,,-78.348686,35.737792
26189,,-78.349601,35.780831
26190,,-78.346749,35.744905
26191,,-78.347129,35.746926
26192,,-78.32314,35.748728
26193,,-78.326256,35.749793
26194,,-78.321317,35.748101
26195,,-78.347974,35.751225
26196,,-78.35125,35.752885
26197,,-78.328803,35.750552
26198,,-78.367035,35.725518
26199,,-78.364608,35.72562
26200,,-78.379398,35.724931
26201,,-78.374366,35.725129
26202,,-78.380327,35.725022
26203,,-78.356805,35.718145
26204,,-78.357868,35.727285
26205,,-78.350324,35.729915
26206,,-78.351116,35.730843
26207,,-78.350314,35.733134
26208,,-78.349977,35.734097
26209,,-78.365781,35.763559
26210,,-78.366468,35.775262
26211,,-78.366443,35.776128
26212,,-78.379743,35.765054
26213,,-78.372071,35.750081
26214,,-78.366846,35.76435
26215,,-78.366996,35.765395
26216,,-78.379475,35.766957
26217,,-78.36747,35.769065
26218,,-78.366504,35.774017
26219,,-78.366995,35.771439
26220,,-78.36675,35.77189
26221,,-78.366393,35.778307
26222,,-78.372149,35.781188
26223,,-78.371002,35.781995
26224,,-78.370992,35.782268
26225,,-78.371059,35.780352
26226,,-78.36985,35.781023
26227,,-78.36638,35.779236
26228,,-78.367515,35.780875
26229,,-78.366368,35.780043
26230,,-78.366375,35.779555
26231,,-78.36443,35.763471
26232,,-78.349612,35.759358
26233,,-78.357954,35.774377
26234,,-78.351644,35.773701
26235,,-78.361104,35.780487
26236,,-78.361386,35.775175
26237,,-78.36201,35.778106
26238,,-78.362123,35.779019
26239,,-78.359958,35.780508
26240,,-78.359286,35.780666
26241,,-78.358579,35.780823
26242,,-78.358109,35.780921
26243,,-78.351207,35.781009
26244,,-78.352302,35.781343
26245,,-78.333575,35.727089
26246,,-78.33684,35.732835
26247,,-78.331766,35.718121
26248,,-78.331711,35.721368
26249,,-78.346955,35.742815
26250,,-78.338042,35.748916
26251,,-78.331701,35.721804
26252,,-78.325563,35.731449
26253,,-78.327935,35.732431
26254,,-78.317827,35.732972
26255,,-78.320501,35.747817
26256,,-78.335093,35.767293
26257,,-78.334094,35.770883
26258,,-78.316368,35.765811
26259,,-78.339089,35.759289
26260,,-78.342746,35.760442
26261,,-78.333924,35.754608
26262,,-78.335463,35.765743
26263,,-78.335958,35.764118
26264,,-78.335319,35.766259
26265,,-78.345784,35.773818
26266,,-78.345664,35.780418
26267,,-78.334854,35.768554
26268,,-78.321153,35.761738
26269,,-78.320176,35.762462
26270,,-78.278564,35.667707
26271,,-78.293217,35.687453
26272,,-78.286733,35.688616
26273,,-78.301074,35.68585
26274,,-78.279114,35.665883
26275,,-78.275317,35.675013
26276,,-78.282125,35.701657
26277,,-78.307231,35.658578
26278,,-78.305639,35.658787
26279,,-78.299785,35.659555
26280,,-78.307274,35.66597
26281,,-78.30699,35.666941
26282,,-78.313373,35.680675
26283,,-78.296896,35.659934
26284,,-78.292954,35.660451
26285,,-78.28754,35.661161
26286,,-78.289,35.66097
26287,,-78.308867,35.687014
26288,,-78.307796,35.68682
26289,,-78.297685,35.713552
26290,,-78.298222,35.713693
26291,,-78.285343,35.704534
26292,,-78.286679,35.705935
26293,,-78.27705,35.66255
26294,,-78.274724,35.662859
26295,,-78.273027,35.677701
26296,,-78.271439,35.680699
26297,,-78.256599,35.657625
26298,,-78.258844,35.66414
26299,,-78.264027,35.664324
26300,,-78.256782,35.655855
26301,,-78.25199,35.669396
26302,,-78.253046,35.669646
26303,,-78.250592,35.670929
26304,,-78.251222,35.671424
26305,,-78.273915,35.685229
26306,,-78.275863,35.691335
26307,,-78.279066,35.697183
26308,,-78.276309,35.692741
26309,,-78.275523,35.687942
26310,,-78.27865,35.696521
26311,,-78.251803,35.709794
26312,,-78.297406,35.718655
26313,,-78.296379,35.747277
26314,,-78.29836,35.729831
26315,,-78.291209,35.732452
26316,,-78.308956,35.732961
26317,,-78.299807,35.723849
26318,,-78.30747,35.743538
26319,,-78.312835,35.746214
26320,,-78.303508,35.739714
26321,,-78.305467,35.741632
26322,,-78.305727,35.74188
26323,,-78.298392,35.720456
26324,,-78.295914,35.73712
26325,,-78.295632,35.742266
26326,,-78.29552,35.743609
26327,,-78.294939,35.767383
26328,,-78.301195,35.777909
26329,,-78.303155,35.77577
26330,,-78.306825,35.772074
26331,,-78.28935,35.780874
26332,,-78.294751,35.768259
26333,,-78.293359,35.774789
26334,,-78.275582,35.734773
26335,,-78.257035,35.727995
26336,,-78.280569,35.734489
26337,,-78.256457,35.72184
26338,,-78.256611,35.722692
26339,,-78.257058,35.727864
26340,,-78.257152,35.725997
26341,,-78.264078,35.739608
26342,,-78.257864,35.747002
26343,,-78.258124,35.74847
26344,,-78.257709,35.746098
26345,,-78.264496,35.76131
26346,,-78.26503,35.762869
26347,,-78.268477,35.772473
26348,,-78.259262,35.753651
26349,,-78.261644,35.756713
26350,,-78.263864,35.759918
26351,,-78.259134,35.753362
26352,,-78.258586,35.7509
26353,,-78.252885,35.761582
26354,,-78.256249,35.758304
26355,,-78.251244,35.762012
26356,,-78.252631,35.77896
26357,,-78.356935,35.847786
26358,,-78.316715,35.800131
26359,,-78.31722,35.819275
26360,,-78.317682,35.820211
26361,,-78.313894,35.823191
26362,,-78.315342,35.825401
26363,,-78.316064,35.826493
26364,,-78.31828,35.829852
26365,,-78.317542,35.828734
26366,,-78.320209,35.832795
26367,,-78.313888,35.832879
26368,,-78.3144,35.847043
26369,,-78.378197,35.845
26370,,-78.332447,35.848298
26371,,-78.314563,35.787328
26372,,-78.296797,35.835551
26373,,-78.283859,35.849826
26374,,-78.32002,35.900026
26375,,-78.282427,35.849449
26376,,-78.349659,35.79382
26377,,-78.347911,35.822038
26378,,-78.351031,35.82195
26379,,-78.332834,35.810702
26380,,-78.373889,35.783453
26381,,-78.374088,35.785991
26382,,-78.374328,35.788554
26383,,-78.374345,35.789634
26384,,-78.374371,35.790569
26385,,-78.374431,35.792355
26386,,-78.374394,35.791254
26387,,-78.374457,35.793478
26388,,-78.374443,35.792932
26389,,-78.369452,35.784325
26390,,-78.370926,35.783797
26391,,-78.372055,35.784648
26392,,-78.36973,35.784368
26393,,-78.368595,35.784164
26394,,-78.367467,35.783963
26395,,-78.373958,35.811639
26396,,-78.358065,35.785735
26397,,-78.363168,35.783555
26398,,-78.350797,35.792573
26399,,-78.374504,35.830174
26400,,-78.37509,35.822996
26401,,-78.36702,35.817376
26402,,-78.366738,35.837254
26403,,-78.374712,35.835017
26404,,-78.374023,35.840056
26405,,-78.380268,35.84599
26406,,-78.375374,35.843263
26407,,-78.368941,35.838705
26408,,-78.369566,35.839116
26409,,-78.358938,35.820655
26410,,-78.354424,35.821794
26411,,-78.362165,35.81963
26412,,-78.362495,35.819986
26413,,-78.359341,35.822514
26414,,-78.348603,35.830611
26415,,-78.326434,35.799631
26416,,-78.346669,35.797018
26417,,-78.335725,35.80759
26418,,-78.323762,35.785768
26419,,-78.328472,35.793718
26420,,-78.327678,35.791543
26421,,-78.327523,35.797817
26422,,-78.32142,35.791178
26423,,-78.32056,35.792929
26424,,-78.326038,35.800413
26425,,-78.323174,35.812982
26426,,-78.33385,35.821353
26427,,-78.347056,35.822059
26428,,-78.344408,35.831815
26429,,-78.336205,35.821813
26430,,-78.332533,35.821065
26431,,-78.335008,35.821595
26432,,-78.346146,35.841523
26433,,-78.34205,35.84216
26434,,-78.345134,35.84168
26435,,-78.337029,35.83453
26436,,-78.319663,35.823508
26437,,-78.321862,35.826864
26438,,-78.327272,35.820304
26439,,-78.327818,35.816889
26440,,-78.318228,35.821291
26441,,-78.321187,35.821427
26442,,-78.320385,35.824595
26443,,-78.322599,35.827981
26444,,-78.324095,35.837994
26445,,-78.322393,35.843757
26446,,-78.322805,35.842839
26447,,-78.327571,35.843206
26448,,-78.327068,35.843052
26449,,-78.326197,35.842787
26450,,-78.324671,35.84233
26451,,-78.323958,35.840297
26452,,-78.325387,35.842544
26453,,-78.320273,35.841015
26454,,-78.322249,35.844078
26455,,-78.321782,35.841467
26456,,-78.356499,35.852419
26457,,-78.356479,35.858491
26458,,-78.359339,35.883719
26459,,-78.347927,35.886035
26460,,-78.374119,35.857089
26461,,-78.363512,35.878293
26462,,-78.374176,35.852644
26463,,-78.377735,35.871897
26464,,-78.356568,35.854056
26465,,-78.356506,35.856767
26466,,-78.352902,35.877693
26467,,-78.352783,35.880486
26468,,-78.367358,35.895298
26469,,-78.365515,35.909805
26470,,-78.374172,35.88186
26471,,-78.367612,35.889892
26472,,-78.374167,35.906962
26473,,-78.373238,35.908791
26474,,-78.374947,35.907563
26475,,-78.380477,35.912013
26476,,-78.367907,35.898058
26477,,-78.3698,35.908832
26478,,-78.367541,35.908954
26479,,-78.358782,35.883678
26480,,-78.361279,35.894313
26481,,-78.352552,35.883277
26482,,-78.351617,35.890396
26483,,-78.351449,35.891702
26484,,-78.350977,35.910917
26485,,-78.350266,35.911115
26486,,-78.331579,35.855989
26487,,-78.339501,35.855639
26488,,-78.333536,35.85481
26489,,-78.316763,35.856033
26490,,-78.321431,35.857608
26491,,-78.318704,35.853172
26492,,-78.319002,35.859654
26493,,-78.317707,35.864053
26494,,-78.343409,35.890055
26495,,-78.334097,35.892639
26496,,-78.342533,35.882407
26497,,-78.34285,35.897017
26498,,-78.33903,35.882474
26499,,-78.347405,35.911451
26500,,-78.342494,35.911604
26501,,-78.346464,35.911423
26502,,-78.343711,35.911342
26503,,-78.32442,35.88392
26504,,-78.320052,35.892454
26505,,-78.32993,35.888376
26506,,-78.328216,35.886584
26507,,-78.328025,35.88634
26508,,-78.32071,35.885713
26509,,-78.320176,35.890897
26510,,-78.326292,35.903032
26511,,-78.324385,35.903163
26512,,-78.330019,35.901383
26513,,-78.308449,35.814956
26514,,-78.291137,35.819262
26515,,-78.284889,35.812171
26516,,-78.28528,35.813115
26517,,-78.294759,35.829298
26518,,-78.297461,35.792008
26519,,-78.284836,35.803698
26520,,-78.309462,35.787449
26521,,-78.302404,35.786082
26522,,-78.305128,35.787066
26523,,-78.30341,35.807454
26524,,-78.313839,35.807151
26525,,-78.31388,35.811166
26526,,-78.304274,35.808716
26527,,-78.303769,35.807976
26528,,-78.303949,35.808239
26529,,-78.304186,35.808586
26530,,-78.304886,35.809621
26531,,-78.297925,35.792846
26532,,-78.295606,35.787828
26533,,-78.294809,35.785644
26534,,-78.298371,35.798636
26535,,-78.290843,35.806016
26536,,-78.289748,35.805295
26537,,-78.287512,35.803814
26538,,-78.311275,35.823023
26539,,-78.311082,35.818934
26540,,-78.315137,35.81594
26541,,-78.310691,35.822118
26542,,-78.308933,35.822888
26543,,-78.313224,35.827675
26544,,-78.311597,35.82553
26545,,-78.313082,35.826369
26546,,-78.313014,35.825752
26547,,-78.315098,35.831413
26548,,-78.311122,35.825654
26549,,-78.305485,35.826929
26550,,-78.306741,35.826646
26551,,-78.311861,35.838064
26552,,-78.308737,35.837691
26553,,-78.287864,35.817208
26554,,-78.282459,35.803741
26555,,-78.268245,35.793103
26556,,-78.267969,35.794825
26557,,-78.267757,35.801188
26558,,-78.280309,35.804031
26559,,-78.272833,35.80273
26560,,-78.268001,35.805331
26561,,-78.276575,35.832426
26562,,-78.269439,35.829147
26563,,-78.268761,35.818376
26564,,-78.252228,35.835841
26565,,-78.252977,35.835805
26566,,-78.303575,35.881739
26567,,-78.283021,35.910357
26568,,-78.270974,35.880675
26569,,-78.300157,35.861941
26570,,-78.312472,35.85319
26571,,-78.307654,35.854993
26572,,-78.313558,35.878648
26573,,-78.303533,35.872566
26574,,-78.303613,35.879795
26575,,-78.306075,35.873946
26576,,-78.29711,35.852263
26577,,-78.289066,35.851983
26578,,-78.28785,35.851752
26579,,-78.294273,35.867314
26580,,-78.291937,35.867904
26581,,-78.295128,35.874278
26582,,-78.290792,35.868179
26583,,-78.297213,35.887976
26584,,-78.295671,35.900267
26585,,-78.294596,35.899422
26586,,-78.292317,35.89832
26587,,-78.314851,35.882852
26588,,-78.312778,35.889157
26589,,-78.309388,35.885742
26590,,-78.312567,35.891546
26591,,-78.312418,35.893208
26592,,-78.312034,35.894555
26593,,-78.309204,35.900754
26594,,-78.308896,35.906876
26595,,-78.302317,35.907203
26596,,-78.309307,35.899383
26597,,-78.312183,35.910378
26598,,-78.308845,35.908189
26599,,-78.310186,35.909337
26600,,-78.299803,35.905003
26601,,-78.302743,35.90757
26602,,-78.303537,35.90809
26603,,-78.291198,35.89357
26604,,-78.293396,35.891172
26605,,-78.290166,35.906336
26606,,-78.289865,35.90682
26607,,-78.295856,35.900513
26608,,-78.297318,35.902833
26609,,-78.293619,35.898815
26610,,-78.28816,35.898718
26611,,-78.282696,35.911069
26612,,-78.268652,35.857742
26613,,-78.267149,35.86618
26614,,-78.265031,35.874849
26615,,-78.269694,35.852074
26616,,-78.272888,35.851068
26617,,-78.279151,35.849321
26618,,-78.276672,35.850126
26619,,-78.269065,35.853704
26620,,-78.268914,35.854597
26621,,-78.268822,35.855699
26622,,-78.268622,35.858105
26623,,-78.268572,35.8587
26624,,-78.279711,35.872036
26625,,-78.277143,35.873971
26626,,-78.274605,35.876988
26627,,-78.274907,35.876729
26628,,-78.271567,35.879967
26629,,-78.26599,35.870915
26630,,-78.264768,35.875903
26631,,-78.270249,35.894711
26632,,-78.26583,35.902429
26633,,-78.264494,35.909938
26634,,-78.26507,35.886732
26635,,-78.26743,35.88675
26636,,-78.2661,35.89607
26637,,-78.266152,35.896558
26638,,-78.26629,35.898436
26639,,-78.265401,35.904855
26640,,-78.264944,35.907431
26641,,-78.274934,35.894697
26642,,-78.279746,35.894703
26643,,-78.277608,35.894699
26644,,-78.275494,35.894698
26645,,-78.272733,35.894697
26646,,-78.274154,35.894696
26647,,-78.279226,35.912602
26648,,-78.279775,35.9128
26649,,-78.277281,35.91319
26650,,-78.25498,35.887531
26651,,-78.263428,35.885199
26652,,-78.265276,35.888597
26653,,-78.265684,35.892285
26654,,-78.265922,35.894423
26655,,-78.251766,35.888452
26656,,-78.266147,35.900632
26657,,-78.265839,35.902382
26658,,-78.264093,35.912155
26659,,-78.229466,35.716516
26660,,-78.229038,35.680646
26661,,-78.219589,35.681953
26662,,-78.216753,35.688507
26663,,-78.21772,35.651801
26664,,-78.212608,35.653123
26665,,-78.216017,35.659354
26666,,-78.213935,35.661304
26667,,-78.209894,35.681329
26668,,-78.212776,35.684382
26669,,-78.236319,35.665964
26670,,-78.239024,35.669002
26671,,-78.230722,35.680412
26672,,-78.249152,35.676785
26673,,-78.249819,35.671332
26674,,-78.230362,35.661539
26675,,-78.227921,35.657042
26676,,-78.227366,35.656613
26677,,-78.226581,35.680986
26678,,-78.219882,35.681912
26679,,-78.247918,35.699735
26680,,-78.227949,35.704141
26681,,-78.244496,35.6933
26682,,-78.243007,35.693249
26683,,-78.239591,35.694781
26684,,-78.220492,35.692418
26685,,-78.229277,35.716202
26686,,-78.20019,35.669031
26687,,-78.20035,35.671518
26688,,-78.210141,35.667417
26689,,-78.204786,35.659905
26690,,-78.212351,35.655081
26691,,-78.209397,35.673135
26692,,-78.201564,35.680312
26693,,-78.210057,35.668499
26694,,-78.21271,35.681696
26695,,-78.214411,35.681981
26696,,-78.196931,35.66157
26697,,-78.199982,35.66426
26698,,-78.199906,35.665778
26699,,-78.199878,35.666979
26700,,-78.194479,35.66937
26701,,-78.190009,35.681824
26702,,-78.190282,35.681815
26703,,-78.216818,35.688575
26704,,-78.229775,35.718756
26705,,-78.229776,35.718957
26706,,-78.227403,35.729934
26707,,-78.231754,35.7282
26708,,-78.231376,35.727777
26709,,-78.228852,35.740821
26710,,-78.227713,35.741788
26711,,-78.2283,35.741341
26712,,-78.223216,35.748547
26713,,-78.225395,35.744655
26714,,-78.229146,35.740401
26715,,-78.227166,35.742185
26716,,-78.225215,35.745157
26717,,-78.242553,35.767095
26718,,-78.219797,35.756901
26719,,-78.248992,35.762227
26720,,-78.24312,35.778155
26721,,-78.24046,35.769684
26722,,-78.236898,35.782065
26723,,-78.228922,35.775134
26724,,-78.228881,35.779391
26725,,-78.223393,35.771095
26726,,-78.203371,35.741156
26727,,-78.203563,35.740474
26728,,-78.202176,35.744477
26729,,-78.209661,35.729123
26730,,-78.213082,35.729111
26731,,-78.211777,35.729083
26732,,-78.192297,35.7446
26733,,-78.202482,35.761659
26734,,-78.203656,35.768434
26735,,-78.169338,35.677851
26736,,-78.170746,35.678419
26737,,-78.18157,35.681392
26738,,-78.174088,35.679771
26739,,-78.184102,35.741018
26740,,-78.185415,35.813233
26741,,-78.184934,35.817371
26742,,-78.183653,35.83253
26743,,-78.204901,35.849239
26744,,-78.186301,35.807171
26745,,-78.218565,35.833453
26746,,-78.223815,35.804501
26747,,-78.219338,35.829494
26748,,-78.216607,35.845709
26749,,-78.216564,35.847307
26750,,-78.232923,35.788589
26751,,-78.234007,35.808084
26752,,-78.223572,35.808782
26753,,-78.24412,35.813746
26754,,-78.239193,35.811518
26755,,-78.232992,35.786814
26756,,-78.228795,35.794914
26757,,-78.226623,35.797451
26758,,-78.218556,35.791901
26759,,-78.225669,35.802209
26760,,-78.223379,35.811883
26761,,-78.23327,35.838127
26762,,-78.228967,35.84031
26763,,-78.239534,35.836479
26764,,-78.244739,35.83634
26765,,-78.240979,35.836551
26766,,-78.22017,35.826992
26767,,-78.224018,35.841317
26768,,-78.228733,35.840369
26769,,-78.221388,35.842124
26770,,-78.220013,35.842561
26771,,-78.211678,35.7898
26772,,-78.207495,35.790524
26773,,-78.2065,35.790289
26774,,-78.205141,35.789974
26775,,-78.209943,35.791326
26776,,-78.216503,35.784938
26777,,-78.214438,35.787286
26778,,-78.209372,35.789477
26779,,-78.211809,35.789736
26780,,-78.215881,35.7941
26781,,-78.215566,35.793949
26782,,-78.206104,35.786937
26783,,-78.206162,35.786115
26784,,-78.208089,35.789179
26785,,-78.207624,35.790555
26786,,-78.205193,35.787376
26787,,-78.205175,35.788511
26788,,-78.206072,35.787353
26789,,-78.206518,35.788817
26790,,-78.204052,35.784149
26791,,-78.203927,35.790067
26792,,-78.204582,35.787374
26793,,-78.204562,35.788371
26794,,-78.20396,35.787327
26795,,-78.202724,35.789415
26796,,-78.201534,35.789138
26797,,-78.203911,35.791303
26798,,-78.203844,35.792642
26799,,-78.202682,35.793794
26800,,-78.201918,35.794039
26801,,-78.203593,35.793199
26802,,-78.213194,35.807494
26803,,-78.193465,35.787611
26804,,-78.19897,35.788541
26805,,-78.200327,35.788857
26806,,-78.194141,35.787628
26807,,-78.199568,35.794904
26808,,-78.193348,35.797428
26809,,-78.190349,35.78754
26810,,-78.19119,35.787559
26811,,-78.188224,35.787484
26812,,-78.185235,35.814744
26813,,-78.184751,35.822283
26814,,-78.185049,35.830566
26815,,-78.220738,35.859654
26816,,-78.219292,35.856097
26817,,-78.220528,35.859021
26818,,-78.222836,35.866657
26819,,-78.222315,35.870973
26820,,-78.222847,35.867029
26821,,-78.221954,35.873753
26822,,-78.236874,35.896272
26823,,-78.248498,35.889388
26824,,-78.2493,35.889162
26825,,-78.241538,35.892986
26826,,-78.246387,35.890011
26827,,-78.245514,35.890413
26828,,-78.245178,35.890637
26829,,-78.246599,35.911334
26830,,-78.23558,35.900636
26831,,-78.234786,35.897589
26832,,-78.231344,35.895371
26833,,-78.225391,35.887001
26834,,-78.229421,35.902601
26835,,-78.22936,35.902671
26836,,-78.232914,35.899175
26837,,-78.22687,35.910552
26838,,-78.21821,35.908409
26839,,-78.222215,35.908548
26840,,-78.22118,35.907618
26841,,-78.201404,35.852063
26842,,-78.210831,35.910375
26843,,-78.18187,35.785645
26844,,-78.179614,35.803989
26845,,-78.258103,35.917183
26846,,-78.248236,35.945502
26847,,-78.249087,35.956585
26848,,-78.250618,35.957981
26849,,-78.249843,36.048575
26850,,-78.247549,35.947774
26851,,-78.246985,35.949063
26852,,-78.249292,35.956773
26853,,-78.250176,35.991086
26854,,-78.249438,35.991891
26855,,-78.237832,36.014952
26856,,-78.168532,36.051077
26857,,-78.256113,36.060799
26858,,-78.377566,35.97911
26859,,-78.364483,35.975261
26860,,-78.31719,35.979549
26861,,-78.279734,35.977666
26862,,-78.289728,35.980624
26863,,-78.278412,35.978849
26864,,-78.314489,35.983414
26865,,-78.316751,35.981046
26866,,-78.278013,35.979545
26867,,-78.357301,35.947437
26868,,-78.357589,35.964689
26869,,-78.34884,35.976244
26870,,-78.347725,35.924329
26871,,-78.374367,35.920243
26872,,-78.368602,35.92264
26873,,-78.374379,35.941985
26874,,-78.37366,35.942708
26875,,-78.373121,35.943681
26876,,-78.373608,35.94278
26877,,-78.378593,35.939067
26878,,-78.377336,35.940011
26879,,-78.378356,35.939294
26880,,-78.35009,35.927467
26881,,-78.356516,35.942295
26882,,-78.356555,35.943811
26883,,-78.353088,35.932419
26884,,-78.353456,35.934566
26885,,-78.353522,35.934679
26886,,-78.354212,35.935975
26887,,-78.355545,35.939194
26888,,-78.356334,35.94163
26889,,-78.364312,35.975278
26890,,-78.372282,35.949306
26891,,-78.374108,35.952743
26892,,-78.379102,35.952131
26893,,-78.377965,35.953584
26894,,-78.376472,35.958286
26895,,-78.372083,35.950112
26896,,-78.369336,35.952669
26897,,-78.370023,35.952809
26898,,-78.365865,35.951948
26899,,-78.373995,35.973749
26900,,-78.379581,35.972635
26901,,-78.367137,35.974984
26902,,-78.368857,35.974762
26903,,-78.357464,35.959222
26904,,-78.363606,35.97535
26905,,-78.357358,35.970993
26906,,-78.354528,35.972859
26907,,-78.356743,35.968071
26908,,-78.353079,35.973957
26909,,-78.354523,35.976252
26910,,-78.351849,35.976517
26911,,-78.351253,35.976546
26912,,-78.332218,35.940254
26913,,-78.34559,35.922795
26914,,-78.340395,35.92042
26915,,-78.341637,35.921389
26916,,-78.343555,35.92235
26917,,-78.338804,35.914225
26918,,-78.335138,35.916926
26919,,-78.341993,35.935958
26920,,-78.337027,35.938224
26921,,-78.340527,35.936802
26922,,-78.338509,35.937714
26923,,-78.339244,35.937479
26924,,-78.316808,35.923495
26925,,-78.329385,35.914571
26926,,-78.322811,35.929306
26927,,-78.320888,35.927055
26928,,-78.331037,35.940723
26929,,-78.323528,35.934305
26930,,-78.32355,35.932577
26931,,-78.323642,35.938215
26932,,-78.323554,35.932431
26933,,-78.334269,35.968274
26934,,-78.326124,35.959083
26935,,-78.340543,35.971254
26936,,-78.340937,35.971492
26937,,-78.344589,35.973947
26938,,-78.346933,35.97548
26939,,-78.343412,35.973153
26940,,-78.343584,35.973268
26941,,-78.337832,35.96987
26942,,-78.336255,35.969069
26943,,-78.32189,35.954982
26944,,-78.324712,35.957331
26945,,-78.321559,35.94656
26946,,-78.319432,35.952626
26947,,-78.316043,35.969413
26948,,-78.319755,35.965953
26949,,-78.317226,35.978339
26950,,-78.316985,35.976916
26951,,-78.354354,36.013469
26952,,-78.356658,36.014542
26953,,-78.351022,36.012897
26954,,-78.339297,36.009326
26955,,-78.337457,36.015607
26956,,-78.333571,36.014077
26957,,-78.348648,36.040298
26958,,-78.368545,35.996212
26959,,-78.36642,36.000558
26960,,-78.362681,36.008335
26961,,-78.366951,35.999459
26962,,-78.373186,35.990981
26963,,-78.378489,35.986504
26964,,-78.379625,35.985533
26965,,-78.374898,35.989536
26966,,-78.376617,35.988106
26967,,-78.370424,35.993526
26968,,-78.370455,35.993492
26969,,-78.369314,35.994938
26970,,-78.368842,35.995687
26971,,-78.365248,36.002989
26972,,-78.348398,35.985068
26973,,-78.361714,36.010338
26974,,-78.360778,36.011908
26975,,-78.369783,36.022482
26976,,-78.380722,36.019717
26977,,-78.371188,36.022586
26978,,-78.370515,36.022547
26979,,-78.369165,36.022312
26980,,-78.357245,36.016234
26981,,-78.360945,36.016941
26982,,-78.353385,36.013279
26983,,-78.349899,36.012777
26984,,-78.348995,36.013605
26985,,-78.353957,36.027129
26986,,-78.353289,36.030631
26987,,-78.350845,36.036717
26988,,-78.353367,36.030221
26989,,-78.346437,35.996732
26990,,-78.346869,35.987186
26991,,-78.347781,35.980431
26992,,-78.344116,35.993543
26993,,-78.3477,35.999026
26994,,-78.335373,36.007131
26995,,-78.322291,36.003618
26996,,-78.326137,36.00349
26997,,-78.32506,36.003353
26998,,-78.328338,36.004314
26999,,-78.316723,36.00433
27000,,-78.338749,36.016428
27001,,-78.343118,36.016635
27002,,-78.345225,36.015804
27003,,-78.324157,36.016104
27004,,-78.322363,36.016002
27005,,-78.313458,35.94836
27006,,-78.307533,35.945943
27007,,-78.298897,35.943192
27008,,-78.283206,35.935538
27009,,-78.282367,35.93518
27010,,-78.309299,35.947107
27011,,-78.283851,35.97336
27012,,-78.281692,35.934924
27013,,-78.282807,35.974586
27014,,-78.301294,35.927865
27015,,-78.298464,35.917878
27016,,-78.299042,35.931134
27017,,-78.311324,35.92122
27018,,-78.307423,35.914793
27019,,-78.308675,35.917799
27020,,-78.311671,35.913785
27021,,-78.309305,35.915336
27022,,-78.310594,35.920174
27023,,-78.313284,35.922905
27024,,-78.299558,35.918008
27025,,-78.303536,35.922329
27026,,-78.303415,35.925057
27027,,-78.300524,35.928988
27028,,-78.300118,35.929649
27029,,-78.306474,35.945522
27030,,-78.299695,35.930403
27031,,-78.302318,35.944616
27032,,-78.299794,35.943572
27033,,-78.304911,35.945234
27034,,-78.30183,35.944419
27035,,-78.294141,35.917437
27036,,-78.290373,35.916526
27037,,-78.289487,35.917939
27038,,-78.283217,35.922445
27039,,-78.297575,35.917789
27040,,-78.293118,35.916856
27041,,-78.288546,35.919331
27042,,-78.28733,35.920942
27043,,-78.286078,35.914392
27044,,-78.284343,35.921907
27045,,-78.293273,35.939994
27046,,-78.289715,35.938819
27047,,-78.289007,35.93843
27048,,-78.296118,35.935717
27049,,-78.294646,35.941265
27050,,-78.286973,35.937345
27051,,-78.283497,35.935674
27052,,-78.284866,35.936331
27053,,-78.290289,35.939121
27054,,-78.311295,35.964623
27055,,-78.297979,35.960939
27056,,-78.300693,35.963092
27057,,-78.305131,35.951951
27058,,-78.303251,35.956492
27059,,-78.301838,35.958151
27060,,-78.301448,35.958566
27061,,-78.302472,35.957474
27062,,-78.3127,35.964844
27063,,-78.288778,35.953856
27064,,-78.288956,35.955968
27065,,-78.286694,35.961631
27066,,-78.286363,35.970487
27067,,-78.291515,35.9665
27068,,-78.287433,35.969454
27069,,-78.275643,35.933245
27070,,-78.264573,35.927575
27071,,-78.259572,35.931049
27072,,-78.259788,35.930812
27073,,-78.277062,35.924003
27074,,-78.27253,35.914657
27075,,-78.274014,35.925373
27076,,-78.27232,35.927588
27077,,-78.272108,35.929192
27078,,-78.273096,35.926137
27079,,-78.27727,35.93362
27080,,-78.259726,35.919429
27081,,-78.258232,35.917319
27082,,-78.263011,35.918435
27083,,-78.262059,35.923826
27084,,-78.261965,35.924383
27085,,-78.261748,35.925623
27086,,-78.258772,35.931895
27087,,-78.254418,35.936595
27088,,-78.254047,35.936995
27089,,-78.252485,35.938682
27090,,-78.269496,35.958805
27091,,-78.266179,35.9589
27092,,-78.271517,35.958749
27093,,-78.281259,35.960769
27094,,-78.276656,35.959162
27095,,-78.279429,35.977883
27096,,-78.278909,35.978281
27097,,-78.264171,35.958957
27098,,-78.260526,35.959061
27099,,-78.255738,35.959669
27100,,-78.255379,35.959827
27101,,-78.25128,35.95858
27102,,-78.254756,35.960165
27103,,-78.254673,35.961983
27104,,-78.251063,35.958384
27105,,-78.252282,35.959487
27106,,-78.253216,35.961111
27107,,-78.25315,35.961138
27108,,-78.251952,35.961432
27109,,-78.252741,35.959903
27110,,-78.253161,35.960283
27111,,-78.260662,35.969331
27112,,-78.257489,35.965539
27113,,-78.256832,35.96473
27114,,-78.255623,35.963199
27115,,-78.277094,35.997283
27116,,-78.307299,36.012325
27117,,-78.286327,36.012445
27118,,-78.301041,35.982106
27119,,-78.298966,36.004906
27120,,-78.313317,35.984626
27121,,-78.312025,35.983652
27122,,-78.309575,35.98333
27123,,-78.311016,35.983514
27124,,-78.313321,35.984459
27125,,-78.311296,35.983551
27126,,-78.309381,35.983306
27127,,-78.310742,35.983478
27128,,-78.312825,35.993543
27129,,-78.301232,35.982105
27130,,-78.31438,36.000099
27131,,-78.314333,36.001026
27132,,-78.314203,36.003174
27133,,-78.310008,36.006198
27134,,-78.30887,36.00649
27135,,-78.315089,36.00457
27136,,-78.302924,36.005286
27137,,-78.305304,36.006067
27138,,-78.298353,35.982113
27139,,-78.297144,35.982113
27140,,-78.295929,35.98211
27141,,-78.295913,36.004957
27142,,-78.292171,36.005911
27143,,-78.293691,36.005442
27144,,-78.288835,36.006639
27145,,-78.287126,36.007257
27146,,-78.284992,36.009768
27147,,-78.290113,36.006345
27148,,-78.288992,36.006593
27149,,-78.286324,36.007574
27150,,-78.298019,36.030723
27151,,-78.301109,36.040313
27152,,-78.301119,36.042284
27153,,-78.310239,36.016325
27154,,-78.289223,36.016985
27155,,-78.296217,36.016843
27156,,-78.289356,36.017201
27157,,-78.276015,35.995728
27158,,-78.250836,35.99041
27159,,-78.277427,35.980482
27160,,-78.272724,35.989519
27161,,-78.274126,35.993168
27162,,-78.279042,36.001985
27163,,-78.277992,35.998844
27164,,-78.27814,35.999282
27165,,-78.276346,35.996206
27166,,-78.278481,36.00037
27167,,-78.2602,35.982744
27168,,-78.253663,35.987773
27169,,-78.333027,36.110633
27170,,-78.314934,36.083916
27171,,-78.315626,36.084084
27172,,-78.345156,36.107195
27173,,-78.306446,36.061933
27174,,-78.316387,36.082095
27175,,-78.266449,36.10854
27176,,-78.260815,36.112205
27177,,-78.274935,36.101333
27178,,-78.271067,36.116837
27179,,-78.379699,36.086701
27180,,-78.371028,36.075933
27181,,-78.349628,36.063669
27182,,-78.348831,36.095942
27183,,-78.349349,36.098992
27184,,-78.365903,36.059292
27185,,-78.374994,36.054426
27186,,-78.3769,36.054527
27187,,-78.369708,36.057838
27188,,-78.369342,36.058062
27189,,-78.368995,36.058215
27190,,-78.376926,36.072645
27191,,-78.360894,36.057998
27192,,-78.361734,36.058021
27193,,-78.373308,36.087711
27194,,-78.368266,36.088948
27195,,-78.364327,36.079857
27196,,-78.359928,36.087608
27197,,-78.352619,36.086568
27198,,-78.356344,36.086596
27199,,-78.348753,36.092933
27200,,-78.349429,36.100486
27201,,-78.349111,36.102578
27202,,-78.341763,36.051725
27203,,-78.339458,36.057537
27204,,-78.33925,36.058052
27205,,-78.336551,36.064613
27206,,-78.329826,36.063804
27207,,-78.318287,36.063845
27208,,-78.329125,36.071648
27209,,-78.330573,36.070571
27210,,-78.332909,36.085055
27211,,-78.330153,36.086418
27212,,-78.33209,36.085499
27213,,-78.328938,36.107299
27214,,-78.31894,36.085472
27215,,-78.328461,36.086873
27216,,-78.329512,36.107788
27217,,-78.37379,36.13834
27218,,-78.378947,36.120622
27219,,-78.373404,36.121218
27220,,-78.369906,36.121799
27221,,-78.375238,36.121332
27222,,-78.379785,36.120661
27223,,-78.371453,36.121147
27224,,-78.370624,36.121391
27225,,-78.368736,36.122484
27226,,-78.365548,36.122994
27227,,-78.378199,36.135264
27228,,-78.374285,36.137855
27229,,-78.378926,36.134745
27230,,-78.364154,36.1231
27231,,-78.361653,36.123285
27232,,-78.36075,36.123348
27233,,-78.359032,36.123457
27234,,-78.358448,36.12339
27235,,-78.354224,36.121941
27236,,-78.352532,36.121786
27237,,-78.355546,36.122181
27238,,-78.351157,36.121726
27239,,-78.350132,36.121694
27240,,-78.347428,36.121591
27241,,-78.336162,36.113264
27242,,-78.338391,36.112351
27243,,-78.327134,36.140207
27244,,-78.318959,36.133571
27245,,-78.335091,36.150805
27246,,-78.333547,36.151328
27247,,-78.334759,36.150977
27248,,-78.328564,36.147018
27249,,-78.328455,36.146534
27250,,-78.328047,36.144278
27251,,-78.32893,36.148545
27252,,-78.303072,36.079141
27253,,-78.299363,36.054983
27254,,-78.301102,36.056798
27255,,-78.300616,36.047746
27256,,-78.310949,36.064088
27257,,-78.302985,36.073792
27258,,-78.311276,36.063965
27259,,-78.30423,36.068486
27260,,-78.30387,36.071028
27261,,-78.302617,36.075032
27262,,-78.303005,36.081124
27263,,-78.302579,36.085194
27264,,-78.302548,36.096805
27265,,-78.299526,36.098423
27266,,-78.287444,36.097364
27267,,-78.300097,36.100228
27268,,-78.299289,36.101383
27269,,-78.298451,36.102564
27270,,-78.297805,36.103468
27271,,-78.296751,36.10502
27272,,-78.310628,36.087274
27273,,-78.307633,36.08979
27274,,-78.302737,36.085643
27275,,-78.308649,36.088826
27276,,-78.307852,36.089562
27277,,-78.309628,36.088056
27278,,-78.309375,36.088254
27279,,-78.310479,36.08739
27280,,-78.30744,36.090013
27281,,-78.302528,36.084887
27282,,-78.303026,36.078977
27283,,-78.302929,36.081424
27284,,-78.304407,36.085321
27285,,-78.30466,36.08907
27286,,-78.304755,36.089414
27287,,-78.304706,36.089233
27288,,-78.305132,36.091211
27289,,-78.30503,36.093339
27290,,-78.305537,36.092617
27291,,-78.305094,36.093248
27292,,-78.299462,36.091927
27293,,-78.311507,36.100085
27294,,-78.311295,36.099908
27295,,-78.313368,36.101074
27296,,-78.308492,36.096934
27297,,-78.309939,36.098776
27298,,-78.303395,36.095625
27299,,-78.301383,36.098427
27300,,-78.300636,36.099471
27301,,-78.301226,36.098646
27302,,-78.301309,36.098531
27303,,-78.301407,36.098394
27304,,-78.300333,36.098802
27305,,-78.291451,36.098169
27306,,-78.291663,36.107913
27307,,-78.292571,36.104463
27308,,-78.291728,36.109611
27309,,-78.29795,36.098143
27310,,-78.297182,36.098161
27311,,-78.297028,36.095351
27312,,-78.292494,36.098374
27313,,-78.29479,36.099178
27314,,-78.29529,36.098009
27315,,-78.294177,36.10064
27316,,-78.296562,36.096018
27317,,-78.296006,36.096815
27318,,-78.298766,36.098136
27319,,-78.293715,36.098587
27320,,-78.293399,36.098546
27321,,-78.294,36.101062
27322,,-78.292589,36.098392
27323,,-78.296322,36.107275
27324,,-78.296554,36.10894
27325,,-78.296589,36.109489
27326,,-78.294962,36.105355
27327,,-78.296473,36.108346
27328,,-78.296268,36.106911
27329,,-78.296399,36.107806
27330,,-78.29277,36.103996
27331,,-78.291666,36.107863
27332,,-78.291847,36.106477
27333,,-78.288509,36.097578
27334,,-78.284768,36.097746
27335,,-78.28969,36.107478
27336,,-78.286351,36.110137
27337,,-78.256072,36.062219
27338,,-78.251844,36.053255
27339,,-78.255274,36.058524
27340,,-78.256065,36.060242
27341,,-78.25278,36.054384
27342,,-78.261598,36.074219
27343,,-78.255947,36.066893
27344,,-78.256042,36.063624
27345,,-78.255933,36.067505
27346,,-78.25597,36.06875
27347,,-78.256004,36.064775
27348,,-78.279288,36.092511
27349,,-78.26629,36.083237
27350,,-78.265854,36.080776
27351,,-78.26723,36.084766
27352,,-78.260767,36.093816
27353,,-78.261346,36.093828
27354,,-78.278327,36.092231
27355,,-78.274567,36.101433
27356,,-78.272069,36.103408
27357,,-78.270393,36.094391
27358,,-78.26962,36.106365
27359,,-78.264968,36.078583
27360,,-78.265812,36.080531
27361,,-78.265832,36.080639
27362,,-78.260674,36.093814
27363,,-78.264184,36.093888
27364,,-78.256743,36.093746
27365,,-78.250131,36.093983
27366,,-78.28335,36.111968
27367,,-78.28189,36.140367
27368,,-78.281476,36.140917
27369,,-78.274627,36.159109
27370,,-78.294423,36.116133
27371,,-78.30241,36.127331
27372,,-78.299504,36.127291
27373,,-78.296615,36.111064
27374,,-78.295939,36.113117
27375,,-78.295453,36.133149
27376,,-78.293631,36.141813
27377,,-78.307609,36.130989
27378,,-78.307562,36.130835
27379,,-78.308829,36.132791
27380,,-78.307884,36.131766
27381,,-78.302618,36.127333
27382,,-78.306343,36.128469
27383,,-78.294121,36.118376
27384,,-78.293592,36.115677
27385,,-78.292048,36.110983
27386,,-78.293135,36.11428
27387,,-78.296572,36.111617
27388,,-78.296277,36.112395
27389,,-78.292815,36.113337
27390,,-78.292383,36.112023
27391,,-78.292107,36.11117
27392,,-78.29283,36.113382
27393,,-78.292565,36.112579
27394,,-78.29451,36.121323
27395,,-78.29486,36.124028
27396,,-78.294773,36.12338
27397,,-78.295038,36.125312
27398,,-78.294427,36.120672
27399,,-78.294466,36.120979
27400,,-78.294247,36.119342
27401,,-78.285391,36.11082
27402,,-78.295381,36.133319
27403,,-78.284776,36.139046
27404,,-78.295403,36.126947
27405,,-78.292154,36.138122
27406,,-78.295918,36.174972
27407,,-78.294331,36.149166
27408,,-78.29472,36.156403
27409,,-78.294868,36.157889
27410,,-78.295094,36.169151
27411,,-78.295302,36.170578
27412,,-78.295571,36.172432
27413,,-78.295762,36.173777
27414,,-78.295008,36.168471
27415,,-78.29532,36.170701
27416,,-78.295518,36.172065
27417,,-78.294938,36.167958
27418,,-78.263824,36.120391
27419,,-78.253548,36.126131
27420,,-78.277407,36.11434
27421,,-78.281788,36.112617
27422,,-78.2809,36.112977
27423,,-78.277792,36.114189
27424,,-78.273874,36.115727
27425,,-78.282032,36.140235
27426,,-78.281276,36.142717
27427,,-78.254059,36.115388
27428,,-78.259668,36.112785
27429,,-78.263326,36.110583
27430,,-78.257811,36.1137
27431,,-78.252156,36.115614
27432,,-78.25546,36.125057
27433,,-78.264603,36.167583
27434,,-78.264162,36.167924
27435,,-78.276506,36.151495
27436,,-78.275099,36.154291
27437,,-78.275058,36.155019
27438,,-78.274903,36.157784
27439,,-78.274862,36.158416
27440,,-78.28121,36.143648
27441,,-78.28006,36.148329
27442,,-78.274794,36.158839
27443,,-78.271527,36.162204
27444,,-78.269559,36.163873
27445,,-78.271986,36.1616
27446,,-78.264912,36.167344
27447,,-78.260107,36.172918
27448,,-78.180479,35.992769
27449,,-78.184774,36.000224
27450,,-78.176887,36.018994
27451,,-78.240883,35.947654
27452,,-78.2284,35.945781
27453,,-78.223671,35.944106
27454,,-78.225926,35.944998
27455,,-78.235759,35.948727
27456,,-78.219081,35.966762
27457,,-78.234276,35.940858
27458,,-78.231872,35.936346
27459,,-78.249218,35.942995
27460,,-78.248323,35.945209
27461,,-78.23516,35.942052
27462,,-78.234565,35.941233
27463,,-78.226498,35.919631
27464,,-78.231924,35.929746
27465,,-78.231701,35.932252
27466,,-78.231811,35.935694
27467,,-78.22857,35.945834
27468,,-78.221119,35.942946
27469,,-78.236146,35.96508
27470,,-78.233615,35.96535
27471,,-78.246102,35.95393
27472,,-78.245959,35.953835
27473,,-78.245206,35.952737
27474,,-78.24388,35.951229
27475,,-78.24565,35.951843
27476,,-78.245898,35.951321
27477,,-78.245217,35.962836
27478,,-78.241787,35.951715
27479,,-78.235933,35.948814
27480,,-78.236547,35.94912
27481,,-78.240519,35.963706
27482,,-78.235708,35.965167
27483,,-78.231173,35.965538
27484,,-78.224811,35.966211
27485,,-78.219754,35.966575
27486,,-78.194523,35.92838
27487,,-78.192606,35.926597
27488,,-78.199753,35.942736
27489,,-78.211252,35.940022
27490,,-78.214494,35.940784
27491,,-78.207298,35.936848
27492,,-78.204996,35.934532
27493,,-78.191545,35.925603
27494,,-78.196558,35.914173
27495,,-78.195351,35.946357
27496,,-78.201435,35.953111
27497,,-78.208352,35.964024
27498,,-78.211198,35.974618
27499,,-78.208437,35.96439
27500,,-78.21899,35.995023
27501,,-78.248289,35.993145
27502,,-78.243276,35.999946
27503,,-78.243492,35.99907
27504,,-78.241087,36.009321
27505,,-78.2183,35.992022
27506,,-78.218865,35.993844
27507,,-78.2193,35.999054
27508,,-78.235304,36.016899
27509,,-78.231388,36.020325
27510,,-78.228681,36.022659
27511,,-78.225487,36.028251
27512,,-78.221734,36.034018
27513,,-78.221442,36.034623
27514,,-78.223643,36.038438
27515,,-78.1965,35.996583
27516,,-78.200559,35.995956
27517,,-78.195076,35.996889
27518,,-78.193238,35.997289
27519,,-78.196026,36.006076
27520,,-78.194522,36.005105
27521,,-78.190958,35.997781
27522,,-78.185358,36.001313
27523,,-78.197929,36.031721
27524,,-78.198431,36.035813
27525,,-78.196275,36.042327
27526,,-78.19763,36.030004
27527,,-78.197822,36.031266
27528,,-78.197607,36.029706
27529,,-78.198087,36.032698
27530,,-78.19764,36.030126
27531,,-78.197569,36.039077
27532,,-78.196828,36.040927
27533,,-78.197917,36.038144
27534,,-78.195863,36.043358
27535,,-78.182174,35.938768
27536,,-78.17333,35.968541
27537,,-78.172527,35.957097
27538,,-78.174607,35.983144
27539,,-78.1774,35.990102
27540,,-78.178928,35.991862
27541,,-78.171,35.980757
27542,,-78.180702,36.001433
27543,,-78.181727,36.000351
27544,,-78.183354,35.998485
27545,,-78.182903,35.999121
27546,,-78.174907,36.01089
27547,,-78.167908,36.039278
27548,,-78.170763,36.023494
27549,,-78.170091,36.025388
27550,,-78.169311,36.027033
27551,,-78.167953,36.041086
27552,,-78.187385,36.118595
27553,,-78.180797,36.098181
27554,,-78.169896,36.109594
27555,,-78.219697,36.070744
27556,,-78.241383,36.083703
27557,,-78.207843,36.078964
27558,,-78.200635,36.079018
27559,,-78.189609,36.061103
27560,,-78.19107,36.079143
27561,,-78.218303,36.102262
27562,,-78.198916,36.079225
27563,,-78.193527,36.07883
27564,,-78.225019,36.063956
27565,,-78.22477,36.058596
27566,,-78.225196,36.060264
27567,,-78.222282,36.05439
27568,,-78.22506,36.063502
27569,,-78.223913,36.067884
27570,,-78.223256,36.076189
27571,,-78.246103,36.094295
27572,,-78.243017,36.095861
27573,,-78.238646,36.098234
27574,,-78.240915,36.097016
27575,,-78.224151,36.093358
27576,,-78.229066,36.098781
27577,,-78.219538,36.101288
27578,,-78.200939,36.062633
27579,,-78.196678,36.061135
27580,,-78.195553,36.061072
27581,,-78.200729,36.06253
27582,,-78.204638,36.063737
27583,,-78.197138,36.061184
27584,,-78.207989,36.063814
27585,,-78.211487,36.064326
27586,,-78.194515,36.04744
27587,,-78.194494,36.047518
27588,,-78.191452,36.058406
27589,,-78.198488,36.061473
27590,,-78.18484,36.064391
27591,,-78.210428,36.079395
27592,,-78.206363,36.07872
27593,,-78.213002,36.110098
27594,,-78.203722,36.10538
27595,,-78.203018,36.105207
27596,,-78.201151,36.104545
27597,,-78.186945,36.081515
27598,,-78.194413,36.078886
27599,,-78.195583,36.104438
27600,,-78.191499,36.106882
27601,,-78.189536,36.107577
27602,,-78.187858,36.10836
27603,,-78.187003,36.107264
27604,,-78.216115,36.141415
27605,,-78.246754,36.129901
27606,,-78.238971,36.116944
27607,,-78.248882,36.115952
27608,,-78.243135,36.116512
27609,,-78.239107,36.116928
27610,,-78.237117,36.134016
27611,,-78.239429,36.133205
27612,,-78.236922,36.134077
27613,,-78.224629,36.121339
27614,,-78.228429,36.118495
27615,,-78.223535,36.12217
27616,,-78.225428,36.137321
27617,,-78.220608,36.138896
27618,,-78.227121,36.136846
27619,,-78.224108,36.137678
27620,,-78.207082,36.130816
27621,,-78.197225,36.120842
27622,,-78.212926,36.112782
27623,,-78.212883,36.11451
27624,,-78.203638,36.122038
27625,,-78.202427,36.122022
27626,,-78.208793,36.135098
27627,,-78.206025,36.127943
27628,,-78.208218,36.134237
27629,,-78.198768,36.121117
27630,,-78.194641,36.119918
27631,,-78.191699,36.11886
27632,,-78.169929,36.077503
27633,,-78.168442,36.050556
27634,,-78.169455,36.054745
27635,,-78.175487,36.068411
27636,,-78.171387,36.075137
27637,,-78.168042,36.04544
27638,,-78.166923,36.083656
27639,,-78.166815,36.084631
27640,,-78.178786,36.087255
27641,,-78.169148,36.093032
27642,,-78.179481,36.095039
27643,,-78.181513,36.100159
27644,,-78.167431,36.081796
27645,,-78.164748,36.092327
27646,,-78.164872,36.091694
27647,,-78.167475,36.093377
27648,,-78.166013,36.095302
27649,,-78.180825,36.115112
27650,,-78.178361,36.112658
27651,,-78.284075,36.182847
27652,,-78.28507,36.181724
27653,,-78.295963,36.177287
27654,,-78.294833,36.176682
27655,,-78.287685,36.179632
27656,,-78.287912,36.179525
27657,,-78.264736,36.182782
27658,,-78.268661,36.184714
27659,,-78.279214,36.18663
27660,,-78.260544,36.178726
27661,,-78.647558,35.346271
27662,,-78.646241,35.344654
27663,,-78.885604,35.545995
27664,,-78.881942,35.550103
27665,,-78.881848,35.550536
27666,,-78.881625,35.551296
27667,,-78.881471,35.551529
27668,,-78.880658,35.552453
27669,,-78.874623,35.55773
27670,,-78.888729,35.557084
27671,,-78.886861,35.557028
27672,,-78.881708,35.562508
27673,,-78.874313,35.558247
27674,,-78.873221,35.560036
27675,,-78.872331,35.561616
27676,,-78.846332,35.619786
27677,,-78.832078,35.645884
27678,,-78.82726,35.645811
27679,,-78.825003,35.645764
27680,,-78.824545,35.645729
27681,,-78.821854,35.645813
27682,,-78.820115,35.646603
27683,,-78.754093,35.400793
27684,,-78.734629,35.402455
27685,,-78.733896,35.399785
27686,,-78.735003,35.403055
27687,,-78.737162,35.406547
27688,,-78.671278,35.402025
27689,,-78.671195,35.402948
27690,,-78.671019,35.405831
27691,,-78.672136,35.411802
27692,,-78.671059,35.406926
27693,,-78.671178,35.40889
27694,,-78.671439,35.409647
27695,,-78.671577,35.41007
27696,,-78.671794,35.410737
27697,,-78.739798,35.535374
27698,,-78.739912,35.535638
27699,,-78.76282,35.597191
27700,,-78.761973,35.597436
27701,,-78.756652,35.598905
27702,,-78.527856,35.352273
27703,,-78.526123,35.355478
27704,,-78.526094,35.356285
27705,,-78.525407,35.360823
27706,,-78.485513,35.370637
27707,,-78.475885,35.375369
27708,,-78.471971,35.382622
27709,,-78.470406,35.38739
27710,,-78.46967,35.390197
27711,,-78.584349,35.411514
27712,,-78.569137,35.395923
27713,,-78.567021,35.395894
27714,,-78.562368,35.395828
27715,,-78.463091,35.395504
27716,,-78.405995,35.440912
27717,,-78.404625,35.444073
27718,,-78.401328,35.446103
27719,,-78.387083,35.457789
27720,,-78.381947,35.457232
27721,,-78.470751,35.636907
27722,,-78.455622,35.651324
27723,,-78.457802,35.653107
27724,,-78.454823,35.650649
27725,,-78.453335,35.6492
27726,,-78.453186,35.649036
27727,,-78.435299,35.613629
27728,,-78.434187,35.614016
27729,,-78.365063,35.422176
27730,,-78.365506,35.42999
27731,,-78.36129,35.412081
27732,,-78.367949,35.434428
27733,,-78.369324,35.436892
27734,,-78.373375,35.44417
27735,,-78.374016,35.445312
27736,,-78.375684,35.449107
27737,,-78.378917,35.456561
27738,,-78.264205,35.45469
27739,,-78.262348,35.449555
27740,,-78.264171,35.455454
27741,,-78.262103,35.449175
27742,,-78.2412,35.454054
27743,,-78.266689,35.461784
27744,,-78.2662,35.464229
27745,,-78.264118,35.456598
27746,,-78.265556,35.465734
27747,,-78.265211,35.466488
27748,,-78.263279,35.469331
27749,,-78.262469,35.470403
27750,,-78.261139,35.488612
27751,,-78.244006,35.437525
27752,,-78.241467,35.442712
27753,,-78.240547,35.448112
27754,,-78.240245,35.449443
27755,,-78.240432,35.450779
27756,,-78.240913,35.452902
27757,,-78.242289,35.457279
27758,,-78.242352,35.457465
27759,,-78.242735,35.458619
27760,,-78.242846,35.461031
27761,,-78.242894,35.462978
27762,,-78.242914,35.463754
27763,,-78.244166,35.46645
27764,,-78.24295,35.46449
27765,,-78.246774,35.478619
27766,,-78.24646,35.47957
27767,,-78.244713,35.484281
27768,,-78.24452,35.486719
27769,,-78.234009,35.483478
27770,,-78.23447,35.484851
27771,,-78.234628,35.485491
27772,,-78.235001,35.486945
27773,,-78.2332,35.481936
27774,,-78.228712,35.481081
27775,,-78.244429,35.501371
27776,,-78.244204,35.505434
27777,,-78.237058,35.490954
27778,,-78.236925,35.49346
27779,,-78.236037,35.499858
27780,,-78.235949,35.501347
27781,,-78.235932,35.501801
27782,,-78.235872,35.502828
27783,,-78.244179,35.506365
27784,,-78.24417,35.506612
27785,,-78.778283,35.666145
27786,,-78.779138,35.670646
27787,,-78.781267,35.679255
27788,,-78.782328,35.68369
27789,,-78.782281,35.684035
27790,,-78.782216,35.686838
27791,,-78.687053,35.774171
27792,,-78.68492,35.775941
27793,,-78.684711,35.776401
27794,,-78.679898,35.780099
27795,,-78.681764,35.778828
27796,,-78.654521,35.736401
27797,,-78.666664,35.775526
27798,,-78.666567,35.773143
27799,,-78.666893,35.775182
27800,,-78.666394,35.775763
27801,,-78.665957,35.776146
27802,,-78.66574,35.776353
27803,,-78.702903,35.792007
27804,,-78.692804,35.787043
27805,,-78.705121,35.800428
27806,,-78.689949,35.787024
27807,,-78.668307,35.783847
27808,,-78.666902,35.783364
27809,,-78.635298,35.706701
27810,,-78.633258,35.705898
27811,,-78.6305,35.70541
27812,,-78.634642,35.706173
27813,,-78.63179,35.705673
27814,,-78.629349,35.70513
27815,,-78.582013,35.693216
27816,,-78.581782,35.693114
27817,,-78.579988,35.689645
27818,,-78.581883,35.693377
27819,,-78.589871,35.719162
27820,,-78.590232,35.719154
27821,,-78.588024,35.743084
27822,,-78.586841,35.744912
27823,,-78.599837,35.766036
27824,,-78.599484,35.766962
27825,,-78.590993,35.763402
27826,,-78.575256,35.685802
27827,,-78.573544,35.683424
27828,,-78.561843,35.725619
27829,,-78.560246,35.722367
27830,,-78.549788,35.721947
27831,,-78.561142,35.723908
27832,,-78.56082,35.726565
27833,,-78.558887,35.727665
27834,,-78.463672,35.65863
27835,,-78.465921,35.659813
27836,,-78.463084,35.658333
27837,,-78.467158,35.660596
27838,,-78.467844,35.66116
27839,,-78.460668,35.655432
27840,,-78.458927,35.654019
27841,,-78.823881,35.652848
27842,,-78.730421,35.652822
27843,,-78.585404,35.652601
27844,,-78.485547,35.650034
27845,,-78.413837,35.646702
27846,,-78.822268,35.652299
27847,,-78.478974,35.650478
27848,,-78.647517,35.518573
27849,,-78.642494,35.532329
27850,,-78.643235,35.559579
27851,,-78.645801,35.645954
27852,,-78.644884,35.644339
27853,,-78.641406,35.446866
27854,,-78.639463,35.459127
27855,,-78.641835,35.551199
27856,,-78.642819,35.559122
27857,,-78.640714,35.588095
27858,,-78.641467,35.629562
27859,,-78.908001,35.533563
27860,,-78.726942,35.389873
27861,,-78.709402,35.390394
27862,,-78.701294,35.391529
27863,,-78.689098,35.389286
27864,,-78.682045,35.391718
27865,,-78.707938,35.352474
27866,,-78.708268,35.371546
27867,,-78.709129,35.355644
27868,,-78.726651,35.383342
27869,,-78.718009,35.368791
27870,,-78.71959,35.371146
27871,,-78.712566,35.363145
27872,,-78.710924,35.360219
27873,,-78.710994,35.36073
27874,,-78.716302,35.365963
27875,,-78.717142,35.381479
27876,,-78.712822,35.377932
27877,,-78.711202,35.380182
27878,,-78.71402,35.379163
27879,,-78.665211,35.357913
27880,,-78.691781,35.350543
27881,,-78.699071,35.340275
27882,,-78.70629,35.348985
27883,,-78.704378,35.344348
27884,,-78.704839,35.345413
27885,,-78.707761,35.352011
27886,,-78.706961,35.350188
27887,,-78.708522,35.354021
27888,,-78.69328,35.352311
27889,,-78.69578,35.355243
27890,,-78.693164,35.352384
27891,,-78.685853,35.346017
27892,,-78.692682,35.360089
27893,,-78.685034,35.372646
27894,,-78.680432,35.381872
27895,,-78.68888,35.373528
27896,,-78.702889,35.364591
27897,,-78.700019,35.360544
27898,,-78.701086,35.362205
27899,,-78.696251,35.359189
27900,,-78.695585,35.378082
27901,,-78.691156,35.383411
27902,,-78.681144,35.382817
27903,,-78.667196,35.350845
27904,,-78.669059,35.346528
27905,,-78.666607,35.352932
27906,,-78.666209,35.354346
27907,,-78.665944,35.355286
27908,,-78.66796,35.366287
27909,,-78.664416,35.360738
27910,,-78.665514,35.356841
27911,,-78.665045,35.358505
27912,,-78.672975,35.379275
27913,,-78.664878,35.3869
27914,,-78.863799,35.520278
27915,,-78.775102,35.475744
27916,,-78.774827,35.61795
27917,,-78.775184,35.621698
27918,,-78.77477,35.409116
27919,,-78.773739,35.477194
27920,,-78.760338,35.472316
27921,,-78.772208,35.515909
27922,,-78.756214,35.522616
27923,,-78.748522,35.518859
27924,,-78.674299,35.520516
27925,,-78.675303,35.52515
27926,,-78.670363,35.519339
27927,,-78.772325,35.523959
27928,,-78.772656,35.52961
27929,,-78.772895,35.530491
27930,,-78.775833,35.538755
27931,,-78.774488,35.598168
27932,,-78.6841,35.519953
27933,,-78.845376,35.461633
27934,,-78.828524,35.448599
27935,,-78.876683,35.485645
27936,,-78.873255,35.481469
27937,,-78.875235,35.48437
27938,,-78.874679,35.493107
27939,,-78.863916,35.49069
27940,,-78.871625,35.505228
27941,,-78.877653,35.486522
27942,,-78.888838,35.497149
27943,,-78.885047,35.496397
27944,,-78.890834,35.498395
27945,,-78.873984,35.503118
27946,,-78.873267,35.503751
27947,,-78.892177,35.499229
27948,,-78.894318,35.502433
27949,,-78.880853,35.495761
27950,,-78.876045,35.494291
27951,,-78.877115,35.499911
27952,,-78.859429,35.467596
27953,,-78.871025,35.479793
27954,,-78.862218,35.47131
27955,,-78.871705,35.480165
27956,,-78.871894,35.480275
27957,,-78.862551,35.47345
27958,,-78.863284,35.475414
27959,,-78.862732,35.474449
27960,,-78.864275,35.476526
27961,,-78.849004,35.463465
27962,,-78.849574,35.463785
27963,,-78.856371,35.511796
27964,,-78.855214,35.489688
27965,,-78.870432,35.491933
27966,,-78.867996,35.511553
27967,,-78.869835,35.507103
27968,,-78.86864,35.509956
27969,,-78.865431,35.518009
27970,,-78.858106,35.512515
27971,,-78.852017,35.50955
27972,,-78.80115,35.420666
27973,,-78.812092,35.423028
27974,,-78.806703,35.419573
27975,,-78.783248,35.430662
27976,,-78.807694,35.413599
27977,,-78.808701,35.420815
27978,,-78.828176,35.446228
27979,,-78.828355,35.447451
27980,,-78.828586,35.449019
27981,,-78.829207,35.453245
27982,,-78.806485,35.41473
27983,,-78.805698,35.41547
27984,,-78.805401,35.415752
27985,,-78.784049,35.410476
27986,,-78.785122,35.410581
27987,,-78.786142,35.429265
27988,,-78.794583,35.433808
27989,,-78.792306,35.448822
27990,,-78.77483,35.438586
27991,,-78.798406,35.423813
27992,,-78.796265,35.428883
27993,,-78.794538,35.434079
27994,,-78.793414,35.424557
27995,,-78.793145,35.444638
27996,,-78.778779,35.453632
27997,,-78.777666,35.451658
27998,,-78.777345,35.451044
27999,,-78.77842,35.452988
28000,,-78.776696,35.44933
28001,,-78.776557,35.447796
28002,,-78.77689,35.450011
28003,,-78.776941,35.450133
28004,,-78.810483,35.493793
28005,,-78.830417,35.460244
28006,,-78.835735,35.457189
28007,,-78.829929,35.457349
28008,,-78.828477,35.466081
28009,,-78.832049,35.480057
28010,,-78.834303,35.479732
28011,,-78.829504,35.481439
28012,,-78.814183,35.476521
28013,,-78.820528,35.478538
28014,,-78.820671,35.479521
28015,,-78.817626,35.477647
28016,,-78.818755,35.48359
28017,,-78.811412,35.475467
28018,,-78.827467,35.504377
28019,,-78.816329,35.506855
28020,,-78.814398,35.49605
28021,,-78.814126,35.497079
28022,,-78.816661,35.48844
28023,,-78.816923,35.487828
28024,,-78.811407,35.493123
28025,,-78.809363,35.495438
28026,,-78.81349,35.500004
28027,,-78.8136,35.499154
28028,,-78.817213,35.506651
28029,,-78.810453,35.512227
28030,,-78.813611,35.508062
28031,,-78.813407,35.513695
28032,,-78.812748,35.512336
28033,,-78.807162,35.512947
28034,,-78.790326,35.463896
28035,,-78.789893,35.464477
28036,,-78.794539,35.463077
28037,,-78.804331,35.465602
28038,,-78.797531,35.463274
28039,,-78.785336,35.460576
28040,,-78.784836,35.467529
28041,,-78.775247,35.459686
28042,,-78.779397,35.455734
28043,,-78.77883,35.458827
28044,,-78.777998,35.465439
28045,,-78.777928,35.467836
28046,,-78.776444,35.474038
28047,,-78.777139,35.473076
28048,,-78.792497,35.514284
28049,,-78.798827,35.506132
28050,,-78.797166,35.510429
28051,,-78.804998,35.513604
28052,,-78.799126,35.505074
28053,,-78.793468,35.514244
28054,,-78.777244,35.516049
28055,,-78.778254,35.516069
28056,,-78.776712,35.516036
28057,,-78.776079,35.51602
28058,,-78.775135,35.515996
28059,,-78.84051,35.585471
28060,,-78.840962,35.614682
28061,,-78.841452,35.619687
28062,,-78.841413,35.622849
28063,,-78.840607,35.625473
28064,,-78.8405,35.626033
28065,,-78.840967,35.584349
28066,,-78.805758,35.584455
28067,,-78.802524,35.584396
28068,,-78.796101,35.58432
28069,,-78.788869,35.584019
28070,,-78.839561,35.603013
28071,,-78.839661,35.604185
28072,,-78.840435,35.641571
28073,,-78.786415,35.584504
28074,,-78.902568,35.537096
28075,,-78.894564,35.548057
28076,,-78.89427,35.552942
28077,,-78.879268,35.522294
28078,,-78.876945,35.526853
28079,,-78.89404,35.564985
28080,,-78.881386,35.563554
28081,,-78.876402,35.564234
28082,,-78.878921,35.563786
28083,,-78.866113,35.531078
28084,,-78.85975,35.525366
28085,,-78.859424,35.527854
28086,,-78.85666,35.535058
28087,,-78.846365,35.531881
28088,,-78.845714,35.531966
28089,,-78.843623,35.53228
28090,,-78.841533,35.531879
28091,,-78.855663,35.542821
28092,,-78.852037,35.549989
28093,,-78.853619,35.546752
28094,,-78.867999,35.573351
28095,,-78.840882,35.569988
28096,,-78.866892,35.562552
28097,,-78.861844,35.562665
28098,,-78.865819,35.562533
28099,,-78.867567,35.562553
28100,,-78.86868,35.562567
28101,,-78.869421,35.562573
28102,,-78.858712,35.563137
28103,,-78.858517,35.563184
28104,,-78.857744,35.563399
28105,,-78.869872,35.570689
28106,,-78.866642,35.576787
28107,,-78.850797,35.554506
28108,,-78.849455,35.563806
28109,,-78.851126,35.558106
28110,,-78.85053,35.556867
28111,,-78.844668,35.574842
28112,,-78.844586,35.574458
28113,,-78.841721,35.582592
28114,,-78.840751,35.612724
28115,,-78.841521,35.619994
28116,,-78.841506,35.621567
28117,,-78.840535,35.625839
28118,,-78.839629,35.630101
28119,,-78.813255,35.550331
28120,,-78.812621,35.522958
28121,,-78.804282,35.536166
28122,,-78.81892,35.542369
28123,,-78.82276,35.547877
28124,,-78.823602,35.549533
28125,,-78.828554,35.532225
28126,,-78.824131,35.551679
28127,,-78.823699,35.549829
28128,,-78.823545,35.549366
28129,,-78.813213,35.530788
28130,,-78.812637,35.522807
28131,,-78.812276,35.526235
28132,,-78.812309,35.527843
28133,,-78.812918,35.529921
28134,,-78.812764,35.529475
28135,,-78.815923,35.545852
28136,,-78.816895,35.541705
28137,,-78.820226,35.544143
28138,,-78.816914,35.542884
28139,,-78.815321,35.547301
28140,,-78.81436,35.549025
28141,,-78.817602,35.581397
28142,,-78.82496,35.56305
28143,,-78.830589,35.576985
28144,,-78.83024,35.577136
28145,,-78.821273,35.562753
28146,,-78.820495,35.562703
28147,,-78.819197,35.562624
28148,,-78.816121,35.56275
28149,,-78.813587,35.563808
28150,,-78.809072,35.566462
28151,,-78.815661,35.582035
28152,,-78.808703,35.574879
28153,,-78.810693,35.57671
28154,,-78.80953,35.584414
28155,,-78.810368,35.584736
28156,,-78.807218,35.584479
28157,,-78.791242,35.534426
28158,,-78.779562,35.538296
28159,,-78.781269,35.530912
28160,,-78.788256,35.534161
28161,,-78.787507,35.534021
28162,,-78.781803,35.527026
28163,,-78.779086,35.540287
28164,,-78.779289,35.539437
28165,,-78.778824,35.541497
28166,,-78.779516,35.544797
28167,,-78.776325,35.552635
28168,,-78.777538,35.545598
28169,,-78.777142,35.546144
28170,,-78.776439,35.549528
28171,,-78.776196,35.551244
28172,,-78.790879,35.574266
28173,,-78.802577,35.56873
28174,,-78.79976,35.58275
28175,,-78.800574,35.574817
28176,,-78.800239,35.57655
28177,,-78.793663,35.577977
28178,,-78.805427,35.57386
28179,,-78.800595,35.570176
28180,,-78.800335,35.576011
28181,,-78.805017,35.584436
28182,,-78.804411,35.584424
28183,,-78.799923,35.57891
28184,,-78.801959,35.584384
28185,,-78.800854,35.584361
28186,,-78.799862,35.585749
28187,,-78.799786,35.583686
28188,,-78.797521,35.573243
28189,,-78.798265,35.581992
28190,,-78.794784,35.579374
28191,,-78.79828,35.584329
28192,,-78.79703,35.582776
28193,,-78.791994,35.584283
28194,,-78.79135,35.584285
28195,,-78.791024,35.584268
28196,,-78.793135,35.585792
28197,,-78.785968,35.565481
28198,,-78.78642,35.567084
28199,,-78.776946,35.557443
28200,,-78.774534,35.565496
28201,,-78.790184,35.577669
28202,,-78.783324,35.573253
28203,,-78.783282,35.580789
28204,,-78.789584,35.571627
28205,,-78.788485,35.57007
28206,,-78.78781,35.575184
28207,,-78.787797,35.577283
28208,,-78.78587,35.575349
28209,,-78.787271,35.584624
28210,,-78.789827,35.584005
28211,,-78.787539,35.584619
28212,,-78.784897,35.579219
28213,,-78.783224,35.583957
28214,,-78.776732,35.571424
28215,,-78.776882,35.571446
28216,,-78.834422,35.61789
28217,,-78.831574,35.617579
28218,,-78.806509,35.601034
28219,,-78.807178,35.610811
28220,,-78.796385,35.616958
28221,,-78.838139,35.591583
28222,,-78.837529,35.594616
28223,,-78.827135,35.597235
28224,,-78.839737,35.605173
28225,,-78.826357,35.617555
28226,,-78.821522,35.589328
28227,,-78.820975,35.588632
28228,,-78.822475,35.590454
28229,,-78.808102,35.600182
28230,,-78.816607,35.61743
28231,,-78.815257,35.618589
28232,,-78.812711,35.616274
28233,,-78.828447,35.634125
28234,,-78.826583,35.631914
28235,,-78.832716,35.640298
28236,,-78.833193,35.64366
28237,,-78.833364,35.645484
28238,,-78.833576,35.647508
28239,,-78.822505,35.627523
28240,,-78.812494,35.623181
28241,,-78.816534,35.646927
28242,,-78.82061,35.650275
28243,,-78.813181,35.645838
28244,,-78.807683,35.644778
28245,,-78.793112,35.586804
28246,,-78.802667,35.601685
28247,,-78.792263,35.594533
28248,,-78.798868,35.592801
28249,,-78.799893,35.586633
28250,,-78.799709,35.588692
28251,,-78.79954,35.596401
28252,,-78.794779,35.593555
28253,,-78.793077,35.593678
28254,,-78.799619,35.589317
28255,,-78.804614,35.601849
28256,,-78.805419,35.601546
28257,,-78.80108,35.599285
28258,,-78.798733,35.590076
28259,,-78.795402,35.591459
28260,,-78.793077,35.589496
28261,,-78.793085,35.588573
28262,,-78.793069,35.590433
28263,,-78.791269,35.592402
28264,,-78.798336,35.596646
28265,,-78.797548,35.614445
28266,,-78.802961,35.60651
28267,,-78.805007,35.606435
28268,,-78.801176,35.603176
28269,,-78.802422,35.607562
28270,,-78.802287,35.608592
28271,,-78.800858,35.610745
28272,,-78.800002,35.611344
28273,,-78.783141,35.5918
28274,,-78.788279,35.592284
28275,,-78.789358,35.598788
28276,,-78.788946,35.601208
28277,,-78.781317,35.587252
28278,,-78.781549,35.591804
28279,,-78.776822,35.591833
28280,,-78.774444,35.600399
28281,,-78.789031,35.611296
28282,,-78.775831,35.610723
28283,,-78.788797,35.615142
28284,,-78.788725,35.60432
28285,,-78.78872,35.606041
28286,,-78.789528,35.607971
28287,,-78.789713,35.608295
28288,,-78.774585,35.608244
28289,,-78.775382,35.609217
28290,,-78.774826,35.6182
28291,,-78.774763,35.616954
28292,,-78.798654,35.636966
28293,,-78.794304,35.628156
28294,,-78.793324,35.630292
28295,,-78.796486,35.634293
28296,,-78.801046,35.640624
28297,,-78.797659,35.63574
28298,,-78.778526,35.626928
28299,,-78.789547,35.622417
28300,,-78.790257,35.628061
28301,,-78.784191,35.627932
28302,,-78.782662,35.632745
28303,,-78.775709,35.622603
28304,,-78.781799,35.630934
28305,,-78.781112,35.629529
28306,,-78.774283,35.629343
28307,,-78.782991,35.641334
28308,,-78.783263,35.637351
28309,,-78.783273,35.636506
28310,,-78.785433,35.649905
28311,,-78.784449,35.648282
28312,,-78.716675,35.406423
28313,,-78.745549,35.455238
28314,,-78.713025,35.458252
28315,,-78.708504,35.421662
28316,,-78.694344,35.455099
28317,,-78.694067,35.455316
28318,,-78.70863,35.47153
28319,,-78.708957,35.472144
28320,,-78.741399,35.405201
28321,,-78.757822,35.415616
28322,,-78.755852,35.432221
28323,,-78.741889,35.40726
28324,,-78.73587,35.414166
28325,,-78.730485,35.421692
28326,,-78.729906,35.422305
28327,,-78.741137,35.433607
28328,,-78.765826,35.407576
28329,,-78.768506,35.413498
28330,,-78.772785,35.408778
28331,,-78.76764,35.409162
28332,,-78.755725,35.436517
28333,,-78.74713,35.453088
28334,,-78.746242,35.454138
28335,,-78.717038,35.405997
28336,,-78.733215,35.398374
28337,,-78.739532,35.404346
28338,,-78.729163,35.392768
28339,,-78.729665,35.411968
28340,,-78.733067,35.418357
28341,,-78.737796,35.409253
28342,,-78.737365,35.410216
28343,,-78.736358,35.412525
28344,,-78.740164,35.407153
28345,,-78.734108,35.407986
28346,,-78.735953,35.407418
28347,,-78.736968,35.411092
28348,,-78.73615,35.413201
28349,,-78.733666,35.416917
28350,,-78.735092,35.415724
28351,,-78.732647,35.40845
28352,,-78.732961,35.418602
28353,,-78.731062,35.421074
28354,,-78.71935,35.40297
28355,,-78.723141,35.392085
28356,,-78.710262,35.390369
28357,,-78.716092,35.413585
28358,,-78.724539,35.410973
28359,,-78.718027,35.412988
28360,,-78.717566,35.41313
28361,,-78.715666,35.409725
28362,,-78.71534,35.411373
28363,,-78.729534,35.422779
28364,,-78.722752,35.439349
28365,,-78.731155,35.432357
28366,,-78.729275,35.426974
28367,,-78.725354,35.435564
28368,,-78.740982,35.442993
28369,,-78.737735,35.446374
28370,,-78.735245,35.450542
28371,,-78.725479,35.443507
28372,,-78.728886,35.451685
28373,,-78.726422,35.454344
28374,,-78.730379,35.452886
28375,,-78.732086,35.453171
28376,,-78.716891,35.449665
28377,,-78.739508,35.496997
28378,,-78.729985,35.487579
28379,,-78.741059,35.505418
28380,,-78.740998,35.506216
28381,,-78.740786,35.509243
28382,,-78.740723,35.51123
28383,,-78.740756,35.512953
28384,,-78.740827,35.516302
28385,,-78.740923,35.517315
28386,,-78.766142,35.458366
28387,,-78.764203,35.45844
28388,,-78.761318,35.458311
28389,,-78.759606,35.461343
28390,,-78.764857,35.458446
28391,,-78.763447,35.458414
28392,,-78.760121,35.45826
28393,,-78.760735,35.458285
28394,,-78.77349,35.477457
28395,,-78.771465,35.479587
28396,,-78.771236,35.479827
28397,,-78.768016,35.48293
28398,,-78.772433,35.47857
28399,,-78.769612,35.481538
28400,,-78.767288,35.483486
28401,,-78.761784,35.477102
28402,,-78.759215,35.479795
28403,,-78.756478,35.456112
28404,,-78.743385,35.459069
28405,,-78.745401,35.455575
28406,,-78.744457,35.457296
28407,,-78.755078,35.484323
28408,,-78.750315,35.486225
28409,,-78.758275,35.495084
28410,,-78.755614,35.497491
28411,,-78.752991,35.501051
28412,,-78.761,35.491972
28413,,-78.766423,35.514299
28414,,-78.763786,35.514216
28415,,-78.772784,35.518306
28416,,-78.771997,35.515887
28417,,-78.772645,35.519506
28418,,-78.7524,35.501864
28419,,-78.755442,35.497715
28420,,-78.753749,35.500038
28421,,-78.748281,35.505934
28422,,-78.748961,35.505456
28423,,-78.745585,35.508867
28424,,-78.744516,35.507338
28425,,-78.744387,35.508524
28426,,-78.743365,35.507357
28427,,-78.743328,35.508318
28428,,-78.748937,35.505474
28429,,-78.747099,35.506456
28430,,-78.745707,35.506983
28431,,-78.742592,35.508286
28432,,-78.7429,35.515227
28433,,-78.741567,35.514555
28434,,-78.743504,35.515532
28435,,-78.74037,35.467087
28436,,-78.709737,35.469117
28437,,-78.718834,35.473029
28438,,-78.733517,35.45627
28439,,-78.740016,35.458821
28440,,-78.733708,35.456497
28441,,-78.732608,35.484376
28442,,-78.729067,35.486907
28443,,-78.712021,35.464168
28444,,-78.723735,35.467273
28445,,-78.709465,35.469702
28446,,-78.710092,35.468354
28447,,-78.713129,35.475199
28448,,-78.715691,35.477082
28449,,-78.739115,35.504404
28450,,-78.731582,35.504132
28451,,-78.730396,35.5041
28452,,-78.726371,35.50649
28453,,-78.739224,35.495926
28454,,-78.737827,35.493373
28455,,-78.738901,35.494791
28456,,-78.738682,35.493926
28457,,-78.738705,35.494052
28458,,-78.737236,35.492911
28459,,-78.740312,35.50003
28460,,-78.740432,35.500473
28461,,-78.740626,35.501187
28462,,-78.732743,35.489598
28463,,-78.728975,35.503877
28464,,-78.738062,35.511539
28465,,-78.736927,35.512138
28466,,-78.736748,35.51225
28467,,-78.733658,35.513983
28468,,-78.738181,35.507087
28469,,-78.739343,35.508144
28470,,-78.739727,35.50717
28471,,-78.738385,35.504378
28472,,-78.739198,35.510173
28473,,-78.74074,35.51026
28474,,-78.736303,35.506992
28475,,-78.736363,35.504305
28476,,-78.733667,35.504208
28477,,-78.739624,35.515817
28478,,-78.739376,35.512906
28479,,-78.739507,35.514416
28480,,-78.740765,35.513852
28481,,-78.739661,35.516309
28482,,-78.739707,35.516753
28483,,-78.740985,35.518001
28484,,-78.740139,35.518217
28485,,-78.731577,35.506755
28486,,-78.730394,35.506697
28487,,-78.732653,35.504171
28488,,-78.730117,35.506683
28489,,-78.732766,35.51459
28490,,-78.717984,35.500715
28491,,-78.718964,35.518348
28492,,-78.709539,35.508822
28493,,-78.711454,35.509034
28494,,-78.711454,35.510457
28495,,-78.711459,35.509236
28496,,-78.711449,35.509983
28497,,-78.670811,35.39388
28498,,-78.676819,35.425249
28499,,-78.675384,35.420824
28500,,-78.651482,35.422971
28501,,-78.698214,35.392782
28502,,-78.701942,35.391321
28503,,-78.697162,35.393138
28504,,-78.697619,35.417126
28505,,-78.699453,35.421685
28506,,-78.688495,35.395867
28507,,-78.681685,35.392337
28508,,-78.678047,35.396978
28509,,-78.679914,35.412124
28510,,-78.677481,35.412355
28511,,-78.676077,35.412414
28512,,-78.677301,35.41237
28513,,-78.69567,35.433766
28514,,-78.699579,35.423223
28515,,-78.699532,35.424539
28516,,-78.699504,35.425134
28517,,-78.696781,35.431654
28518,,-78.696197,35.453751
28519,,-78.696276,35.453698
28520,,-78.677231,35.426558
28521,,-78.677563,35.427616
28522,,-78.679311,35.433072
28523,,-78.681251,35.448698
28524,,-78.688398,35.454259
28525,,-78.686076,35.448453
28526,,-78.684855,35.447921
28527,,-78.686721,35.451203
28528,,-78.67778,35.449639
28529,,-78.665499,35.405782
28530,,-78.670053,35.392915
28531,,-78.667965,35.390518
28532,,-78.674422,35.400145
28533,,-78.673321,35.40111
28534,,-78.672179,35.402996
28535,,-78.674608,35.404761
28536,,-78.675751,35.404475
28537,,-78.67229,35.401981
28538,,-78.673421,35.404804
28539,,-78.672182,35.403935
28540,,-78.667034,35.389459
28541,,-78.665047,35.404127
28542,,-78.66546,35.40501
28543,,-78.674661,35.412439
28544,,-78.673413,35.414713
28545,,-78.668003,35.408978
28546,,-78.668029,35.409752
28547,,-78.667865,35.411672
28548,,-78.666582,35.413839
28549,,-78.664576,35.414258
28550,,-78.663185,35.414552
28551,,-78.660668,35.415005
28552,,-78.67233,35.406893
28553,,-78.672428,35.408852
28554,,-78.67247,35.409621
28555,,-78.67375,35.412454
28556,,-78.672308,35.412535
28557,,-78.672581,35.411617
28558,,-78.671077,35.407912
28559,,-78.671838,35.407894
28560,,-78.669134,35.407965
28561,,-78.669485,35.413153
28562,,-78.675456,35.421048
28563,,-78.665508,35.405967
28564,,-78.666792,35.408046
28565,,-78.66556,35.407075
28566,,-78.664686,35.414235
28567,,-78.661909,35.414813
28568,,-78.651564,35.398769
28569,,-78.652181,35.400269
28570,,-78.650309,35.395867
28571,,-78.650629,35.396273
28572,,-78.651457,35.398496
28573,,-78.658554,35.401951
28574,,-78.653456,35.401176
28575,,-78.648618,35.413316
28576,,-78.664622,35.429844
28577,,-78.673715,35.432257
28578,,-78.673829,35.431935
28579,,-78.67338,35.43536
28580,,-78.656595,35.442064
28581,,-78.654201,35.453481
28582,,-78.674966,35.458471
28583,,-78.68331,35.488627
28584,,-78.675838,35.487392
28585,,-78.667492,35.484386
28586,,-78.692586,35.463275
28587,,-78.692338,35.468032
28588,,-78.697143,35.461846
28589,,-78.695987,35.460684
28590,,-78.693073,35.456166
28591,,-78.698783,35.463817
28592,,-78.693075,35.464455
28593,,-78.694637,35.468216
28594,,-78.697017,35.477542
28595,,-78.70617,35.47741
28596,,-78.70612,35.476978
28597,,-78.707985,35.472856
28598,,-78.70769,35.473493
28599,,-78.707039,35.474857
28600,,-78.706311,35.478005
28601,,-78.698886,35.482161
28602,,-78.689747,35.45628
28603,,-78.688138,35.4672
28604,,-78.691527,35.467807
28605,,-78.681741,35.466933
28606,,-78.680553,35.466782
28607,,-78.677133,35.487592
28608,,-78.691557,35.51803
28609,,-78.706985,35.497889
28610,,-78.697073,35.49881
28611,,-78.69659,35.513215
28612,,-78.693807,35.513651
28613,,-78.687103,35.501906
28614,,-78.676156,35.496687
28615,,-78.67901,35.487899
28616,,-78.681751,35.500018
28617,,-78.68868,35.504935
28618,,-78.687997,35.517559
28619,,-78.658457,35.460971
28620,,-78.658308,35.461392
28621,,-78.652106,35.470234
28622,,-78.651393,35.470685
28623,,-78.648784,35.470785
28624,,-78.650679,35.471136
28625,,-78.669174,35.469285
28626,,-78.654335,35.468826
28627,,-78.653432,35.469397
28628,,-78.652737,35.469835
28629,,-78.648069,35.460719
28630,,-78.645693,35.467565
28631,,-78.654549,35.486996
28632,,-78.653938,35.485285
28633,,-78.654474,35.486801
28634,,-78.650451,35.476035
28635,,-78.650233,35.48233
28636,,-78.647285,35.49694
28637,,-78.664502,35.509752
28638,,-78.673842,35.495952
28639,,-78.667825,35.496464
28640,,-78.665759,35.496414
28641,,-78.666146,35.496428
28642,,-78.659809,35.494724
28643,,-78.662284,35.498665
28644,,-78.665278,35.506026
28645,,-78.665477,35.517816
28646,,-78.66928,35.518989
28647,,-78.664837,35.504174
28648,,-78.66563,35.507496
28649,,-78.664894,35.509255
28650,,-78.663442,35.513991
28651,,-78.665888,35.517917
28652,,-78.653144,35.496926
28653,,-78.652546,35.496846
28654,,-78.655711,35.490307
28655,,-78.645467,35.496909
28656,,-78.731978,35.585915
28657,,-78.670609,35.58469
28658,,-78.664753,35.584894
28659,,-78.685498,35.588473
28660,,-78.709655,35.644855
28661,,-78.741998,35.523338
28662,,-78.75582,35.550827
28663,,-78.742751,35.537648
28664,,-78.740901,35.552812
28665,,-78.718638,35.555694
28666,,-78.724291,35.553602
28667,,-78.769533,35.533421
28668,,-78.755672,35.529229
28669,,-78.756198,35.522761
28670,,-78.756101,35.523151
28671,,-78.755812,35.526274
28672,,-78.754864,35.533946
28673,,-78.747586,35.536897
28674,,-78.74433,35.537876
28675,,-78.772507,35.529049
28676,,-78.769073,35.533487
28677,,-78.773685,35.53309
28678,,-78.765686,35.533693
28679,,-78.761432,35.533708
28680,,-78.756054,35.523315
28681,,-78.750074,35.536139
28682,,-78.742771,35.525494
28683,,-78.742724,35.525363
28684,,-78.744005,35.528945
28685,,-78.746446,35.536235
28686,,-78.744171,35.529409
28687,,-78.749356,35.541809
28688,,-78.745898,35.542599
28689,,-78.74438,35.544803
28690,,-78.7528,35.544775
28691,,-78.754982,35.547711
28692,,-78.747071,35.540897
28693,,-78.745141,35.543698
28694,,-78.747168,35.539272
28695,,-78.744469,35.537781
28696,,-78.766205,35.568688
28697,,-78.755869,35.573371
28698,,-78.774091,35.566944
28699,,-78.763125,35.566187
28700,,-78.761426,35.564606
28701,,-78.772432,35.583162
28702,,-78.767602,35.585281
28703,,-78.765024,35.583501
28704,,-78.743129,35.560992
28705,,-78.742507,35.561099
28706,,-78.754611,35.557186
28707,,-78.754817,35.562885
28708,,-78.75489,35.563615
28709,,-78.755461,35.569348
28710,,-78.753095,35.562248
28711,,-78.74739,35.561039
28712,,-78.755617,35.570918
28713,,-78.756065,35.575262
28714,,-78.754954,35.583019
28715,,-78.753016,35.582501
28716,,-78.726168,35.532614
28717,,-78.726422,35.537448
28718,,-78.727098,35.540857
28719,,-78.725521,35.546978
28720,,-78.725481,35.549169
28721,,-78.727191,35.528165
28722,,-78.727063,35.528719
28723,,-78.726281,35.533179
28724,,-78.72631,35.544406
28725,,-78.726425,35.537163
28726,,-78.72534,35.550402
28727,,-78.724922,35.525229
28728,,-78.720049,35.521341
28729,,-78.720076,35.520891
28730,,-78.723903,35.552192
28731,,-78.725408,35.581889
28732,,-78.725488,35.554879
28733,,-78.72368,35.562897
28734,,-78.741439,35.561161
28735,,-78.735071,35.569236
28736,,-78.740485,35.561096
28737,,-78.734525,35.5607
28738,,-78.732138,35.558414
28739,,-78.721188,35.555622
28740,,-78.722863,35.565206
28741,,-78.722627,35.566324
28742,,-78.715857,35.556001
28743,,-78.719403,35.573307
28744,,-78.71925,35.576204
28745,,-78.719307,35.578156
28746,,-78.709346,35.583037
28747,,-78.756465,35.616729
28748,,-78.754314,35.618797
28749,,-78.734819,35.616599
28750,,-78.766508,35.594581
28751,,-78.762824,35.595616
28752,,-78.772819,35.586438
28753,,-78.77367,35.591639
28754,,-78.772021,35.593076
28755,,-78.769542,35.586653
28756,,-78.763125,35.595539
28757,,-78.757681,35.590097
28758,,-78.757839,35.590894
28759,,-78.757375,35.595121
28760,,-78.757536,35.597701
28761,,-78.755936,35.602799
28762,,-78.754488,35.62977
28763,,-78.743872,35.635695
28764,,-78.769196,35.630318
28765,,-78.770968,35.629984
28766,,-78.770066,35.630163
28767,,-78.76804,35.630577
28768,,-78.759074,35.630056
28769,,-78.759801,35.63032
28770,,-78.74599,35.625791
28771,,-78.75031,35.631042
28772,,-78.746534,35.625492
28773,,-78.742048,35.631755
28774,,-78.71826,35.599576
28775,,-78.733455,35.596227
28776,,-78.739494,35.590589
28777,,-78.738395,35.590554
28778,,-78.736483,35.598159
28779,,-78.737029,35.599379
28780,,-78.737188,35.599996
28781,,-78.732345,35.589026
28782,,-78.725756,35.591677
28783,,-78.726657,35.593431
28784,,-78.719123,35.592336
28785,,-78.711655,35.586542
28786,,-78.72381,35.617985
28787,,-78.735529,35.631067
28788,,-78.739234,35.631657
28789,,-78.734643,35.630352
28790,,-78.731554,35.622155
28791,,-78.730585,35.620699
28792,,-78.731719,35.623821
28793,,-78.731504,35.626028
28794,,-78.729192,35.632256
28795,,-78.729312,35.630993
28796,,-78.72944,35.62974
28797,,-78.733505,35.651072
28798,,-78.725599,35.6395
28799,,-78.737453,35.647368
28800,,-78.736478,35.648301
28801,,-78.736853,35.64795
28802,,-78.739527,35.64582
28803,,-78.720236,35.627098
28804,,-78.715218,35.633559
28805,,-78.723643,35.619842
28806,,-78.723547,35.621096
28807,,-78.711405,35.635161
28808,,-78.713302,35.638548
28809,,-78.709501,35.645281
28810,,-78.691031,35.553605
28811,,-78.67586,35.524809
28812,,-78.695766,35.537026
28813,,-78.703804,35.526276
28814,,-78.692503,35.520826
28815,,-78.693641,35.524723
28816,,-78.695917,35.544805
28817,,-78.696749,35.542333
28818,,-78.678037,35.523122
28819,,-78.690126,35.571613
28820,,-78.694859,35.57227
28821,,-78.693066,35.579706
28822,,-78.692146,35.58334
28823,,-78.691638,35.585328
28824,,-78.692771,35.554316
28825,,-78.702914,35.578105
28826,,-78.693395,35.577575
28827,,-78.705727,35.580256
28828,,-78.682509,35.55899
28829,,-78.690201,35.56217
28830,,-78.691433,35.567429
28831,,-78.691617,35.568049
28832,,-78.684052,35.557099
28833,,-78.691938,35.574718
28834,,-78.690903,35.572965
28835,,-78.671728,35.52706
28836,,-78.670365,35.527617
28837,,-78.666508,35.541562
28838,,-78.670776,35.54829
28839,,-78.67344,35.551624
28840,,-78.669632,35.546514
28841,,-78.667515,35.543187
28842,,-78.65169,35.540127
28843,,-78.645276,35.546255
28844,,-78.643781,35.547812
28845,,-78.675358,35.554678
28846,,-78.667412,35.574291
28847,,-78.673485,35.583706
28848,,-78.653837,35.566964
28849,,-78.649847,35.565429
28850,,-78.675893,35.629104
28851,,-78.674697,35.631205
28852,,-78.65991,35.620306
28853,,-78.690066,35.597539
28854,,-78.699243,35.593214
28855,,-78.69679,35.592694
28856,,-78.697974,35.592943
28857,,-78.694072,35.592116
28858,,-78.69026,35.595108
28859,,-78.690994,35.587815
28860,,-78.686306,35.588912
28861,,-78.690065,35.597166
28862,,-78.684028,35.58768
28863,,-78.68467,35.613505
28864,,-78.687354,35.606354
28865,,-78.687861,35.604899
28866,,-78.68484,35.616545
28867,,-78.686435,35.618016
28868,,-78.686157,35.617639
28869,,-78.685896,35.617377
28870,,-78.704048,35.634598
28871,,-78.690947,35.624138
28872,,-78.6996,35.634594
28873,,-78.703243,35.634561
28874,,-78.697913,35.634731
28875,,-78.694003,35.635235
28876,,-78.6917,35.635534
28877,,-78.690763,35.625803
28878,,-78.679834,35.636972
28879,,-78.706218,35.634816
28880,,-78.707604,35.649917
28881,,-78.689953,35.62199
28882,,-78.687349,35.619507
28883,,-78.687928,35.628189
28884,,-78.688461,35.634675
28885,,-78.688106,35.631669
28886,,-78.688311,35.633476
28887,,-78.688213,35.632826
28888,,-78.678616,35.625276
28889,,-78.688208,35.63937
28890,,-78.688572,35.64162
28891,,-78.68899,35.644511
28892,,-78.689138,35.646627
28893,,-78.67602,35.636927
28894,,-78.660385,35.605623
28895,,-78.667759,35.615392
28896,,-78.662806,35.608559
28897,,-78.663238,35.609075
28898,,-78.665836,35.612148
28899,,-78.652647,35.598604
28900,,-78.65399,35.600357
28901,,-78.65459,35.601137
28902,,-78.653255,35.599408
28903,,-78.647042,35.592886
28904,,-78.650582,35.595945
28905,,-78.656706,35.603022
28906,,-78.657027,35.603295
28907,,-78.651516,35.617941
28908,,-78.648127,35.616805
28909,,-78.668621,35.629766
28910,,-78.66761,35.62471
28911,,-78.668299,35.619187
28912,,-78.667815,35.623908
28913,,-78.668127,35.628964
28914,,-78.669443,35.631199
28915,,-78.667578,35.624841
28916,,-78.670246,35.643503
28917,,-78.667815,35.650444
28918,,-78.647123,35.647238
28919,,-78.6484,35.651574
28920,,-78.644828,35.644241
28921,,-78.645344,35.645171
28922,,-78.63878,35.385438
28923,,-78.581291,35.38985
28924,,-78.542392,35.389214
28925,,-78.543317,35.389581
28926,,-78.535624,35.39035
28927,,-78.597817,35.38962
28928,,-78.53867,35.389903
28929,,-78.537554,35.390073
28930,,-78.381457,35.413806
28931,,-78.384659,35.487495
28932,,-78.38287,35.55286
28933,,-78.380428,35.609018
28934,,-78.384516,35.611863
28935,,-78.520671,35.366942
28936,,-78.613086,35.358886
28937,,-78.600894,35.366012
28938,,-78.637891,35.355727
28939,,-78.61351,35.350113
28940,,-78.613094,35.355235
28941,,-78.613241,35.352453
28942,,-78.61317,35.352863
28943,,-78.63408,35.372277
28944,,-78.629641,35.378659
28945,,-78.631556,35.368386
28946,,-78.633381,35.365068
28947,,-78.636127,35.360084
28948,,-78.63152,35.368449
28949,,-78.634623,35.362792
28950,,-78.633789,35.36432
28951,,-78.63208,35.380134
28952,,-78.636939,35.384126
28953,,-78.631788,35.379958
28954,,-78.629293,35.378446
28955,,-78.634167,35.381592
28956,,-78.611252,35.361878
28957,,-78.623631,35.377162
28958,,-78.598661,35.379913
28959,,-78.599635,35.368007
28960,,-78.602358,35.365836
28961,,-78.599272,35.371112
28962,,-78.603247,35.386225
28963,,-78.599377,35.375408
28964,,-78.599227,35.374457
28965,,-78.598006,35.387225
28966,,-78.598437,35.382831
28967,,-78.544862,35.379662
28968,,-78.537076,35.357117
28969,,-78.544728,35.386964
28970,,-78.554386,35.375344
28971,,-78.557134,35.371032
28972,,-78.561894,35.365488
28973,,-78.563579,35.387666
28974,,-78.567346,35.388146
28975,,-78.560959,35.366577
28976,,-78.553412,35.384585
28977,,-78.553235,35.376997
28978,,-78.55248,35.377888
28979,,-78.551774,35.378717
28980,,-78.550371,35.380363
28981,,-78.549665,35.381191
28982,,-78.547965,35.381429
28983,,-78.547683,35.381271
28984,,-78.546763,35.380762
28985,,-78.555343,35.385692
28986,,-78.554401,35.385154
28987,,-78.557476,35.388139
28988,,-78.557949,35.386929
28989,,-78.556321,35.386243
28990,,-78.55107,35.379543
28991,,-78.547231,35.381023
28992,,-78.545762,35.380186
28993,,-78.549242,35.381685
28994,,-78.546842,35.384493
28995,,-78.550594,35.382962
28996,,-78.551758,35.383638
28997,,-78.552896,35.384288
28998,,-78.548686,35.382335
28999,,-78.548249,35.382845
29000,,-78.548446,35.381718
29001,,-78.530299,35.347179
29002,,-78.530371,35.347291
29003,,-78.533132,35.351603
29004,,-78.533866,35.37292
29005,,-78.540639,35.365852
29006,,-78.537963,35.358333
29007,,-78.530115,35.37059
29008,,-78.531444,35.371422
29009,,-78.540984,35.373388
29010,,-78.54284,35.378495
29011,,-78.543679,35.378991
29012,,-78.542683,35.378399
29013,,-78.543861,35.379095
29014,,-78.54476,35.379599
29015,,-78.541714,35.377781
29016,,-78.537066,35.374907
29017,,-78.53625,35.374408
29018,,-78.523165,35.367494
29019,,-78.515254,35.365487
29020,,-78.509403,35.366939
29021,,-78.497948,35.367299
29022,,-78.496167,35.373936
29023,,-78.499121,35.388159
29024,,-78.503248,35.367281
29025,,-78.502526,35.367286
29026,,-78.503988,35.375967
29027,,-78.504226,35.375931
29028,,-78.497022,35.377279
29029,,-78.496888,35.376365
29030,,-78.493518,35.367412
29031,,-78.633444,35.519777
29032,,-78.579093,35.520434
29033,,-78.519667,35.476856
29034,,-78.53643,35.5141
29035,,-78.639065,35.519345
29036,,-78.613148,35.52128
29037,,-78.510519,35.566545
29038,,-78.511939,35.617228
29039,,-78.511115,35.613704
29040,,-78.508572,35.599064
29041,,-78.506953,35.626078
29042,,-78.388917,35.520914
29043,,-78.630592,35.459803
29044,,-78.57652,35.503265
29045,,-78.573477,35.456406
29046,,-78.5761,35.501678
29047,,-78.5777,35.507657
29048,,-78.518585,35.457627
29049,,-78.631084,35.42736
29050,,-78.60962,35.402883
29051,,-78.6101,35.421071
29052,,-78.609833,35.454896
29053,,-78.619363,35.406801
29054,,-78.628619,35.409232
29055,,-78.625287,35.408558
29056,,-78.614539,35.438629
29057,,-78.637206,35.435124
29058,,-78.638607,35.453743
29059,,-78.624512,35.428784
29060,,-78.613932,35.436737
29061,,-78.620453,35.428934
29062,,-78.611554,35.431127
29063,,-78.614343,35.437852
29064,,-78.622534,35.428837
29065,,-78.621231,35.428892
29066,,-78.617119,35.42931
29067,,-78.612917,35.430131
29068,,-78.613178,35.432078
29069,,-78.613381,35.433579
29070,,-78.613475,35.434271
29071,,-78.613656,35.435575
29072,,-78.619843,35.445868
29073,,-78.618954,35.444666
29074,,-78.622753,35.452403
29075,,-78.614681,35.439308
29076,,-78.616404,35.443261
29077,,-78.600118,35.404787
29078,,-78.606907,35.392273
29079,,-78.610015,35.403052
29080,,-78.605056,35.400927
29081,,-78.595957,35.395379
29082,,-78.5969,35.399329
29083,,-78.606209,35.414
29084,,-78.588794,35.392503
29085,,-78.586777,35.417468
29086,,-78.590299,35.409502
29087,,-78.587278,35.418683
29088,,-78.608593,35.431791
29089,,-78.604711,35.432375
29090,,-78.591397,35.42973
29091,,-78.578335,35.43605
29092,,-78.58196,35.440212
29093,,-78.608935,35.46413
29094,,-78.624904,35.489842
29095,,-78.607009,35.502248
29096,,-78.604521,35.514756
29097,,-78.607518,35.505067
29098,,-78.603825,35.517487
29099,,-78.633699,35.46061
29100,,-78.626952,35.45798
29101,,-78.640674,35.463175
29102,,-78.611147,35.482694
29103,,-78.615861,35.484982
29104,,-78.629997,35.492283
29105,,-78.63571,35.494934
29106,,-78.632178,35.493648
29107,,-78.630238,35.492429
29108,,-78.627142,35.49056
29109,,-78.634759,35.519673
29110,,-78.626485,35.490316
29111,,-78.624645,35.520447
29112,,-78.59394,35.459972
29113,,-78.60067,35.469229
29114,,-78.601269,35.470121
29115,,-78.608883,35.460316
29116,,-78.608676,35.461691
29117,,-78.609012,35.463366
29118,,-78.608429,35.468656
29119,,-78.608672,35.466481
29120,,-78.600007,35.468351
29121,,-78.591946,35.500116
29122,,-78.598941,35.504304
29123,,-78.606494,35.499125
29124,,-78.606905,35.501688
29125,,-78.605705,35.494478
29126,,-78.60479,35.511827
29127,,-78.6027,35.508518
29128,,-78.604188,35.516203
29129,,-78.600563,35.507836
29130,,-78.599587,35.520203
29131,,-78.587357,35.495651
29132,,-78.581124,35.511914
29133,,-78.586254,35.518884
29134,,-78.584582,35.511547
29135,,-78.582164,35.518263
29136,,-78.584522,35.518627
29137,,-78.540429,35.408992
29138,,-78.544914,35.421975
29139,,-78.572259,35.42255
29140,,-78.546397,35.423513
29141,,-78.543036,35.396302
29142,,-78.532792,35.421408
29143,,-78.519074,35.42099
29144,,-78.516546,35.421419
29145,,-78.560817,35.417164
29146,,-78.557424,35.395772
29147,,-78.557346,35.407092
29148,,-78.5574,35.399035
29149,,-78.557385,35.40255
29150,,-78.557442,35.409137
29151,,-78.558455,35.412788
29152,,-78.563739,35.423805
29153,,-78.564013,35.437897
29154,,-78.564062,35.436651
29155,,-78.571122,35.423794
29156,,-78.576899,35.435709
29157,,-78.574817,35.435104
29158,,-78.569356,35.425718
29159,,-78.563907,35.439116
29160,,-78.56363,35.440362
29161,,-78.568284,35.454587
29162,,-78.555148,35.426762
29163,,-78.555355,35.426811
29164,,-78.549184,35.425471
29165,,-78.547668,35.446552
29166,,-78.549422,35.446592
29167,,-78.540665,35.405821
29168,,-78.526813,35.393645
29169,,-78.518937,35.402167
29170,,-78.512816,35.406387
29171,,-78.539228,35.389829
29172,,-78.54068,35.405731
29173,,-78.543194,35.393343
29174,,-78.543237,35.392412
29175,,-78.542437,35.399308
29176,,-78.534529,35.390506
29177,,-78.535705,35.390338
29178,,-78.535838,35.419524
29179,,-78.540393,35.409522
29180,,-78.522045,35.398862
29181,,-78.525194,35.395441
29182,,-78.524887,35.421418
29183,,-78.530236,35.437589
29184,,-78.532946,35.433373
29185,,-78.534319,35.441432
29186,,-78.533048,35.434977
29187,,-78.527999,35.443144
29188,,-78.539613,35.445964
29189,,-78.535781,35.448433
29190,,-78.518613,35.434186
29191,,-78.523918,35.434014
29192,,-78.528119,35.445063
29193,,-78.524667,35.454953
29194,,-78.576999,35.475419
29195,,-78.577298,35.488145
29196,,-78.557585,35.489898
29197,,-78.543546,35.508798
29198,,-78.543799,35.476617
29199,,-78.536952,35.488745
29200,,-78.530453,35.484314
29201,,-78.566988,35.469967
29202,,-78.563036,35.468168
29203,,-78.566097,35.483172
29204,,-78.560109,35.47724
29205,,-78.556446,35.473061
29206,,-78.561243,35.516563
29207,,-78.574524,35.495847
29208,,-78.575186,35.498297
29209,,-78.56362,35.489909
29210,,-78.566922,35.489166
29211,,-78.577544,35.516339
29212,,-78.564266,35.51611
29213,,-78.553719,35.515885
29214,,-78.546912,35.514413
29215,,-78.554667,35.516109
29216,,-78.53239,35.477166
29217,,-78.528371,35.483072
29218,,-78.532522,35.485427
29219,,-78.516974,35.458199
29220,,-78.518796,35.476434
29221,,-78.543061,35.502334
29222,,-78.543478,35.491328
29223,,-78.537786,35.49144
29224,,-78.54347,35.507257
29225,,-78.543414,35.50615
29226,,-78.536006,35.514056
29227,,-78.526926,35.511182
29228,,-78.523583,35.509889
29229,,-78.512661,35.510675
29230,,-78.523084,35.509698
29231,,-78.518135,35.507416
29232,,-78.5181,35.505961
29233,,-78.514022,35.510267
29234,,-78.636704,35.585803
29235,,-78.577761,35.591538
29236,,-78.577447,35.592134
29237,,-78.571816,35.604081
29238,,-78.579522,35.533065
29239,,-78.627344,35.553036
29240,,-78.622213,35.5537
29241,,-78.609873,35.55504
29242,,-78.611694,35.555506
29243,,-78.608628,35.52115
29244,,-78.607053,35.55489
29245,,-78.604977,35.554883
29246,,-78.584512,35.553881
29247,,-78.631298,35.52382
29248,,-78.630961,35.534098
29249,,-78.628853,35.548374
29250,,-78.633537,35.525643
29251,,-78.631202,35.520756
29252,,-78.631006,35.533504
29253,,-78.630861,35.535662
29254,,-78.640802,35.552381
29255,,-78.630471,35.538941
29256,,-78.628368,35.544499
29257,,-78.629898,35.540347
29258,,-78.62822,35.546161
29259,,-78.629724,35.550808
29260,,-78.622845,35.520584
29261,,-78.632133,35.569888
29262,,-78.639368,35.554088
29263,,-78.640364,35.55696
29264,,-78.636145,35.55452
29265,,-78.634107,35.55347
29266,,-78.630592,35.556029
29267,,-78.630689,35.554683
29268,,-78.630612,35.558618
29269,,-78.635874,35.584699
29270,,-78.633275,35.580257
29271,,-78.633726,35.581909
29272,,-78.635217,35.584095
29273,,-78.632428,35.576659
29274,,-78.632854,35.578669
29275,,-78.633388,35.580671
29276,,-78.632738,35.578223
29277,,-78.634117,35.583188
29278,,-78.62062,35.554744
29279,,-78.613363,35.555696
29280,,-78.599777,35.533489
29281,,-78.594349,35.55138
29282,,-78.598835,35.528782
29283,,-78.601527,35.524008
29284,,-78.601109,35.524848
29285,,-78.601473,35.540956
29286,,-78.602014,35.537789
29287,,-78.600599,35.543487
29288,,-78.600325,35.54427
29289,,-78.601097,35.542043
29290,,-78.600386,35.544097
29291,,-78.599065,35.549094
29292,,-78.599063,35.550256
29293,,-78.599267,35.551234
29294,,-78.578876,35.523621
29295,,-78.578946,35.522561
29296,,-78.578567,35.528592
29297,,-78.578649,35.529813
29298,,-78.589041,35.543415
29299,,-78.592466,35.548313
29300,,-78.592133,35.547773
29301,,-78.591103,35.546101
29302,,-78.58489,35.539651
29303,,-78.595984,35.580587
29304,,-78.599372,35.555063
29305,,-78.596017,35.555452
29306,,-78.594283,35.576522
29307,,-78.598326,35.585409
29308,,-78.585837,35.554004
29309,,-78.591635,35.556338
29310,,-78.594019,35.56101
29311,,-78.592827,35.563501
29312,,-78.592483,35.564237
29313,,-78.589505,35.571816
29314,,-78.582999,35.578532
29315,,-78.579418,35.583437
29316,,-78.621779,35.620155
29317,,-78.608053,35.626134
29318,,-78.611208,35.631748
29319,,-78.602335,35.617745
29320,,-78.598987,35.616571
29321,,-78.59986,35.61688
29322,,-78.596595,35.615714
29323,,-78.624962,35.59155
29324,,-78.633496,35.594165
29325,,-78.635325,35.600306
29326,,-78.642891,35.589333
29327,,-78.632672,35.590385
29328,,-78.63432,35.603023
29329,,-78.636611,35.615887
29330,,-78.638311,35.617801
29331,,-78.63727,35.615538
29332,,-78.641436,35.615992
29333,,-78.633948,35.604106
29334,,-78.621969,35.591694
29335,,-78.623352,35.591628
29336,,-78.620811,35.591748
29337,,-78.622651,35.591661
29338,,-78.618133,35.591874
29339,,-78.613661,35.592086
29340,,-78.612351,35.601294
29341,,-78.610613,35.597722
29342,,-78.61968,35.603872
29343,,-78.619807,35.604777
29344,,-78.620311,35.606224
29345,,-78.6204,35.607834
29346,,-78.62041,35.613422
29347,,-78.612264,35.602526
29348,,-78.618157,35.612216
29349,,-78.617263,35.612065
29350,,-78.639048,35.623905
29351,,-78.640202,35.626244
29352,,-78.639063,35.621416
29353,,-78.641481,35.630354
29354,,-78.641366,35.633843
29355,,-78.641197,35.63714
29356,,-78.639833,35.640268
29357,,-78.636775,35.639587
29358,,-78.621152,35.624821
29359,,-78.621483,35.6195
29360,,-78.621355,35.624311
29361,,-78.618787,35.629147
29362,,-78.612222,35.633554
29363,,-78.614822,35.646414
29364,,-78.625307,35.638362
29365,,-78.623599,35.637794
29366,,-78.626727,35.638817
29367,,-78.61467,35.642395
29368,,-78.614588,35.640362
29369,,-78.614281,35.63781
29370,,-78.614771,35.645134
29371,,-78.598431,35.600973
29372,,-78.59417,35.61488
29373,,-78.61036,35.592254
29374,,-78.607225,35.592413
29375,,-78.599317,35.58983
29376,,-78.599308,35.590684
29377,,-78.599107,35.587534
29378,,-78.601718,35.59546
29379,,-78.598939,35.597524
29380,,-78.601418,35.614758
29381,,-78.601214,35.614429
29382,,-78.599313,35.61126
29383,,-78.598298,35.608513
29384,,-78.598265,35.608369
29385,,-78.597928,35.606123
29386,,-78.590857,35.59337
29387,,-78.584744,35.595432
29388,,-78.578191,35.588786
29389,,-78.580008,35.609132
29390,,-78.584748,35.611187
29391,,-78.58347,35.610621
29392,,-78.581163,35.609624
29393,,-78.591238,35.613883
29394,,-78.608844,35.627529
29395,,-78.610349,35.630213
29396,,-78.546482,35.53471
29397,,-78.528304,35.553318
29398,,-78.562254,35.540251
29399,,-78.569204,35.545528
29400,,-78.570451,35.546396
29401,,-78.566669,35.544468
29402,,-78.574464,35.548983
29403,,-78.575311,35.549484
29404,,-78.57263,35.547931
29405,,-78.567752,35.544794
29406,,-78.568877,35.545307
29407,,-78.557232,35.539513
29408,,-78.558781,35.539757
29409,,-78.56007,35.539823
29410,,-78.57446,35.573755
29411,,-78.563974,35.573081
29412,,-78.568195,35.573825
29413,,-78.5481,35.582196
29414,,-78.559921,35.572449
29415,,-78.548388,35.57301
29416,,-78.552719,35.571578
29417,,-78.549845,35.571685
29418,,-78.550287,35.58382
29419,,-78.529912,35.547747
29420,,-78.531012,35.545366
29421,,-78.528616,35.551418
29422,,-78.542099,35.524875
29423,,-78.542676,35.523353
29424,,-78.541361,35.527002
29425,,-78.543238,35.534033
29426,,-78.54135,35.533827
29427,,-78.532356,35.542136
29428,,-78.535575,35.538299
29429,,-78.529657,35.54841
29430,,-78.533025,35.563588
29431,,-78.528899,35.555387
29432,,-78.529751,35.566426
29433,,-78.534507,35.566589
29434,,-78.529517,35.566337
29435,,-78.539458,35.577805
29436,,-78.537629,35.575461
29437,,-78.538358,35.576388
29438,,-78.541363,35.58586
29439,,-78.525211,35.554879
29440,,-78.524156,35.559837
29441,,-78.526607,35.566247
29442,,-78.525052,35.566413
29443,,-78.52229,35.566676
29444,,-78.519222,35.558083
29445,,-78.545424,35.614333
29446,,-78.529083,35.617657
29447,,-78.524096,35.618354
29448,,-78.513633,35.61889
29449,,-78.572898,35.602111
29450,,-78.571612,35.603865
29451,,-78.559753,35.591932
29452,,-78.569384,35.60149
29453,,-78.561864,35.594431
29454,,-78.561353,35.593781
29455,,-78.560887,35.608928
29456,,-78.575576,35.595686
29457,,-78.577149,35.607913
29458,,-78.568739,35.604472
29459,,-78.556498,35.588452
29460,,-78.557492,35.589365
29461,,-78.558688,35.590742
29462,,-78.555874,35.587983
29463,,-78.558474,35.610146
29464,,-78.540025,35.587677
29465,,-78.536849,35.591161
29466,,-78.537923,35.589246
29467,,-78.536477,35.596907
29468,,-78.535677,35.618693
29469,,-78.527219,35.617914
29470,,-78.513359,35.618623
29471,,-78.525737,35.639371
29472,,-78.53623,35.620112
29473,,-78.53683,35.624256
29474,,-78.53831,35.63258
29475,,-78.537315,35.632789
29476,,-78.539318,35.646272
29477,,-78.539401,35.64666
29478,,-78.53772,35.63922
29479,,-78.539915,35.649099
29480,,-78.538897,35.644377
29481,,-78.532462,35.63832
29482,,-78.518108,35.619753
29483,,-78.52403,35.639339
29484,,-78.448317,35.415805
29485,,-78.464718,35.448257
29486,,-78.45059,35.456828
29487,,-78.447636,35.455613
29488,,-78.451231,35.41202
29489,,-78.445592,35.454726
29490,,-78.388924,35.454953
29491,,-78.449812,35.476428
29492,,-78.39355,35.457682
29493,,-78.50947,35.421494
29494,,-78.477064,35.424898
29495,,-78.496415,35.416446
29496,,-78.501448,35.402079
29497,,-78.500212,35.39802
29498,,-78.504253,35.409554
29499,,-78.511172,35.407123
29500,,-78.504341,35.408312
29501,,-78.507012,35.408989
29502,,-78.511053,35.421567
29503,,-78.501301,35.413126
29504,,-78.502851,35.411814
29505,,-78.509292,35.43593
29506,,-78.496401,35.433257
29507,,-78.501626,35.442541
29508,,-78.501514,35.443885
29509,,-78.491922,35.432064
29510,,-78.492515,35.432539
29511,,-78.490866,35.448923
29512,,-78.484784,35.449243
29513,,-78.486911,35.449232
29514,,-78.479974,35.449181
29515,,-78.461865,35.418985
29516,,-78.458318,35.404354
29517,,-78.463638,35.406948
29518,,-78.463331,35.413508
29519,,-78.463182,35.416281
29520,,-78.463839,35.407392
29521,,-78.463489,35.414806
29522,,-78.462291,35.40482
29523,,-78.451522,35.411588
29524,,-78.46157,35.420305
29525,,-78.468723,35.438794
29526,,-78.465906,35.426852
29527,,-78.46277,35.429112
29528,,-78.462073,35.422924
29529,,-78.464192,35.427287
29530,,-78.467648,35.436541
29531,,-78.47344,35.425462
29532,,-78.473246,35.425492
29533,,-78.47854,35.448966
29534,,-78.471063,35.448102
29535,,-78.476883,35.448652
29536,,-78.477917,35.448851
29537,,-78.476675,35.448613
29538,,-78.472807,35.448039
29539,,-78.467906,35.441898
29540,,-78.454626,35.431788
29541,,-78.453117,35.432566
29542,,-78.449901,35.428267
29543,,-78.462141,35.423369
29544,,-78.451417,35.428477
29545,,-78.452824,35.428671
29546,,-78.450311,35.433972
29547,,-78.455775,35.447458
29548,,-78.447866,35.447343
29549,,-78.462186,35.447782
29550,,-78.448916,35.447183
29551,,-78.482489,35.490438
29552,,-78.473974,35.487118
29553,,-78.50388,35.457803
29554,,-78.509654,35.471163
29555,,-78.511506,35.460193
29556,,-78.496354,35.464176
29557,,-78.501147,35.464
29558,,-78.492563,35.464237
29559,,-78.488563,35.464726
29560,,-78.483683,35.465452
29561,,-78.482121,35.465269
29562,,-78.48153,35.465184
29563,,-78.494359,35.494918
29564,,-78.502467,35.498173
29565,,-78.510072,35.500856
29566,,-78.500514,35.497398
29567,,-78.501833,35.514706
29568,,-78.506547,35.512861
29569,,-78.504762,35.513566
29570,,-78.503912,35.513914
29571,,-78.496262,35.515271
29572,,-78.492412,35.494131
29573,,-78.488341,35.492501
29574,,-78.490874,35.4935
29575,,-78.482643,35.490492
29576,,-78.485327,35.491435
29577,,-78.482403,35.512305
29578,,-78.495293,35.515089
29579,,-78.487599,35.516838
29580,,-78.483106,35.512476
29581,,-78.487433,35.515877
29582,,-78.462891,35.481859
29583,,-78.47717,35.464702
29584,,-78.473355,35.486833
29585,,-78.467613,35.483702
29586,,-78.456645,35.462118
29587,,-78.46061,35.463354
29588,,-78.447532,35.477907
29589,,-78.462017,35.485199
29590,,-78.45971,35.480348
29591,,-78.462752,35.489436
29592,,-78.4617,35.492776
29593,,-78.478615,35.511383
29594,,-78.477684,35.511155
29595,,-78.466334,35.505905
29596,,-78.461474,35.492989
29597,,-78.450144,35.502653
29598,,-78.416126,35.401332
29599,,-78.42946,35.421819
29600,,-78.418324,35.438471
29601,,-78.415062,35.411075
29602,,-78.413285,35.41566
29603,,-78.409439,35.424335
29604,,-78.397278,35.426508
29605,,-78.41462,35.449791
29606,,-78.428905,35.412159
29607,,-78.430187,35.406154
29608,,-78.429775,35.419853
29609,,-78.430858,35.404359
29610,,-78.443325,35.421601
29611,,-78.443864,35.419978
29612,,-78.432352,35.400557
29613,,-78.415934,35.402852
29614,,-78.415808,35.40549
29615,,-78.415844,35.403633
29616,,-78.415532,35.410013
29617,,-78.428986,35.410036
29618,,-78.414094,35.413123
29619,,-78.441395,35.437584
29620,,-78.43267,35.432945
29621,,-78.430668,35.446801
29622,,-78.425995,35.437182
29623,,-78.426638,35.439515
29624,,-78.435669,35.432005
29625,,-78.443135,35.428254
29626,,-78.442963,35.424283
29627,,-78.443406,35.436767
29628,,-78.442292,35.437219
29629,,-78.438767,35.452029
29630,,-78.436655,35.447979
29631,,-78.442783,35.448137
29632,,-78.444564,35.447998
29633,,-78.443783,35.448112
29634,,-78.444162,35.44805
29635,,-78.44317,35.448144
29636,,-78.43906,35.448038
29637,,-78.438668,35.451967
29638,,-78.435121,35.440882
29639,,-78.431993,35.442611
29640,,-78.431304,35.445592
29641,,-78.434701,35.449842
29642,,-78.435986,35.450497
29643,,-78.435338,35.447947
29644,,-78.438237,35.448018
29645,,-78.434773,35.447933
29646,,-78.434954,35.449968
29647,,-78.43733,35.451189
29648,,-78.431571,35.448322
29649,,-78.432292,35.449554
29650,,-78.432435,35.447511
29651,,-78.427886,35.427865
29652,,-78.426171,35.43406
29653,,-78.423782,35.443361
29654,,-78.429283,35.444478
29655,,-78.428752,35.443598
29656,,-78.427935,35.444489
29657,,-78.427391,35.444707
29658,,-78.429945,35.445588
29659,,-78.4295,35.444842
29660,,-78.429681,35.445145
29661,,-78.430208,35.446029
29662,,-78.422152,35.441241
29663,,-78.425128,35.445609
29664,,-78.424171,35.444851
29665,,-78.425721,35.445373
29666,,-78.424686,35.445785
29667,,-78.388724,35.421585
29668,,-78.387237,35.438304
29669,,-78.387303,35.438955
29670,,-78.410531,35.423209
29671,,-78.410597,35.423109
29672,,-78.410527,35.431453
29673,,-78.398919,35.427606
29674,,-78.410153,35.451571
29675,,-78.409146,35.451971
29676,,-78.386455,35.430331
29677,,-78.386681,35.432637
29678,,-78.386893,35.434799
29679,,-78.394767,35.425341
29680,,-78.395985,35.425778
29681,,-78.387892,35.444772
29682,,-78.387497,35.440871
29683,,-78.387748,35.443354
29684,,-78.387374,35.439659
29685,,-78.387612,35.442012
29686,,-78.387593,35.441821
29687,,-78.431031,35.485728
29688,,-78.419238,35.50151
29689,,-78.417269,35.498022
29690,,-78.43064,35.486164
29691,,-78.443383,35.479123
29692,,-78.434738,35.480585
29693,,-78.440778,35.479306
29694,,-78.435118,35.481675
29695,,-78.421983,35.479569
29696,,-78.428875,35.479725
29697,,-78.421426,35.479474
29698,,-78.430229,35.501997
29699,,-78.442234,35.506423
29700,,-78.437748,35.506409
29701,,-78.428118,35.488206
29702,,-78.422649,35.501181
29703,,-78.413979,35.503597
29704,,-78.431944,35.502829
29705,,-78.440012,35.506521
29706,,-78.414799,35.503514
29707,,-78.383492,35.471302
29708,,-78.412065,35.478116
29709,,-78.401175,35.477965
29710,,-78.410807,35.477944
29711,,-78.389314,35.459022
29712,,-78.388867,35.463906
29713,,-78.389993,35.459235
29714,,-78.393899,35.457579
29715,,-78.386202,35.46696
29716,,-78.387937,35.464985
29717,,-78.383645,35.471005
29718,,-78.395282,35.478436
29719,,-78.386505,35.479204
29720,,-78.393901,35.478405
29721,,-78.391294,35.478387
29722,,-78.382845,35.472556
29723,,-78.413225,35.503511
29724,,-78.41185,35.503221
29725,,-78.400614,35.494135
29726,,-78.411557,35.503151
29727,,-78.402689,35.495264
29728,,-78.402411,35.49502
29729,,-78.397658,35.512661
29730,,-78.403451,35.506456
29731,,-78.399307,35.515368
29732,,-78.398958,35.514795
29733,,-78.39825,35.513633
29734,,-78.393279,35.491333
29735,,-78.393833,35.491537
29736,,-78.394887,35.491925
29737,,-78.392025,35.490879
29738,,-78.4474,35.524751
29739,,-78.47302,35.587549
29740,,-78.435272,35.575295
29741,,-78.420124,35.584022
29742,,-78.415112,35.585634
29743,,-78.41412,35.586198
29744,,-78.446607,35.634863
29745,,-78.503136,35.553686
29746,,-78.485549,35.53695
29747,,-78.484317,35.534088
29748,,-78.484059,35.529969
29749,,-78.487865,35.544413
29750,,-78.48785,35.54203
29751,,-78.494507,35.551656
29752,,-78.485815,35.537424
29753,,-78.486523,35.538654
29754,,-78.485853,35.549588
29755,,-78.509162,35.556633
29756,,-78.508028,35.564725
29757,,-78.499255,35.579323
29758,,-78.499004,35.58171
29759,,-78.498759,35.583071
29760,,-78.486114,35.561149
29761,,-78.493429,35.563803
29762,,-78.488846,35.562141
29763,,-78.494482,35.578142
29764,,-78.486544,35.583447
29765,,-78.485586,35.584356
29766,,-78.477306,35.550941
29767,,-78.463484,35.523331
29768,,-78.455543,35.52352
29769,,-78.450896,35.52371
29770,,-78.454195,35.546638
29771,,-78.449363,35.546272
29772,,-78.459175,35.547293
29773,,-78.448001,35.54613
29774,,-78.459358,35.567172
29775,,-78.473996,35.556976
29776,,-78.472441,35.556094
29777,,-78.474893,35.557372
29778,,-78.470379,35.584767
29779,,-78.465983,35.578168
29780,,-78.464758,35.575921
29781,,-78.46542,35.577337
29782,,-78.457479,35.562191
29783,,-78.45745,35.562531
29784,,-78.49744,35.619405
29785,,-78.479317,35.626822
29786,,-78.454077,35.619198
29787,,-78.481209,35.63855
29788,,-78.478616,35.641792
29789,,-78.450167,35.624435
29790,,-78.497774,35.591111
29791,,-78.497133,35.590273
29792,,-78.482666,35.603203
29793,,-78.479821,35.601778
29794,,-78.483571,35.603647
29795,,-78.504734,35.596056
29796,,-78.497267,35.589345
29797,,-78.497851,35.615844
29798,,-78.508237,35.610211
29799,,-78.507864,35.60676
29800,,-78.50906,35.602673
29801,,-78.508629,35.603888
29802,,-78.507931,35.607224
29803,,-78.508773,35.611103
29804,,-78.498011,35.617502
29805,,-78.497941,35.616241
29806,,-78.485197,35.593329
29807,,-78.485083,35.588855
29808,,-78.485074,35.586528
29809,,-78.485062,35.587053
29810,,-78.485089,35.589345
29811,,-78.483262,35.594225
29812,,-78.483946,35.607757
29813,,-78.484036,35.605733
29814,,-78.483859,35.609704
29815,,-78.483697,35.612609
29816,,-78.483618,35.614056
29817,,-78.4949,35.637813
29818,,-78.49759,35.619135
29819,,-78.503338,35.650735
29820,,-78.504817,35.645145
29821,,-78.502246,35.648832
29822,,-78.497896,35.646595
29823,,-78.5037,35.645404
29824,,-78.502442,35.648973
29825,,-78.503404,35.651092
29826,,-78.503232,35.650119
29827,,-78.500435,35.647877
29828,,-78.494083,35.634002
29829,,-78.482478,35.621843
29830,,-78.486753,35.624896
29831,,-78.482949,35.619861
29832,,-78.48232,35.622494
29833,,-78.48092,35.624855
29834,,-78.486881,35.649161
29835,,-78.493334,35.640851
29836,,-78.489136,35.647523
29837,,-78.483611,35.637711
29838,,-78.48496,35.637242
29839,,-78.484238,35.643152
29840,,-78.482105,35.638236
29841,,-78.482621,35.650221
29842,,-78.480982,35.650387
29843,,-78.478368,35.601024
29844,,-78.479229,35.601473
29845,,-78.467139,35.608434
29846,,-78.47637,35.592174
29847,,-78.473111,35.600674
29848,,-78.471103,35.603281
29849,,-78.468233,35.607008
29850,,-78.460533,35.613755
29851,,-78.464247,35.644536
29852,,-78.462208,35.647686
29853,,-78.478645,35.628198
29854,,-78.47818,35.629248
29855,,-78.476128,35.633478
29856,,-78.477012,35.640009
29857,,-78.478067,35.639649
29858,,-78.473878,35.637909
29859,,-78.47449,35.636739
29860,,-78.473901,35.641091
29861,,-78.472881,35.639924
29862,,-78.472625,35.64041
29863,,-78.473365,35.649438
29864,,-78.469994,35.642457
29865,,-78.467474,35.643235
29866,,-78.466779,35.647778
29867,,-78.466033,35.643751
29868,,-78.46777,35.648655
29869,,-78.468708,35.649507
29870,,-78.452858,35.620506
29871,,-78.450561,35.623766
29872,,-78.450043,35.624639
29873,,-78.457266,35.644014
29874,,-78.453497,35.64299
29875,,-78.451635,35.64392
29876,,-78.454583,35.643353
29877,,-78.460311,35.647561
29878,,-78.459668,35.64807
29879,,-78.458044,35.64936
29880,,-78.461725,35.646333
29881,,-78.458887,35.644491
29882,,-78.459393,35.648279
29883,,-78.45871,35.64462
29884,,-78.457215,35.650038
29885,,-78.457745,35.651467
29886,,-78.449338,35.638648
29887,,-78.44968,35.639079
29888,,-78.449928,35.640433
29889,,-78.448663,35.637962
29890,,-78.44778,35.637029
29891,,-78.451216,35.645166
29892,,-78.451906,35.646589
29893,,-78.451462,35.645668
29894,,-78.452098,35.645253
29895,,-78.452646,35.646838
29896,,-78.414205,35.529216
29897,,-78.410078,35.527161
29898,,-78.412495,35.570522
29899,,-78.440803,35.543418
29900,,-78.423765,35.536169
29901,,-78.42235,35.535343
29902,,-78.445211,35.526431
29903,,-78.436398,35.541411
29904,,-78.442649,35.544172
29905,,-78.430473,35.538254
29906,,-78.437656,35.5421
29907,,-78.421759,35.534897
29908,,-78.418986,35.532628
29909,,-78.417571,35.531475
29910,,-78.428046,35.575435
29911,,-78.439026,35.583652
29912,,-78.437456,35.579606
29913,,-78.438289,35.581621
29914,,-78.438826,35.583184
29915,,-78.41701,35.560087
29916,,-78.419246,35.561485
29917,,-78.427056,35.567767
29918,,-78.423773,35.565904
29919,,-78.416081,35.559939
29920,,-78.421747,35.576234
29921,,-78.422562,35.579408
29922,,-78.428282,35.57321
29923,,-78.428704,35.571624
29924,,-78.422594,35.576783
29925,,-78.426395,35.585681
29926,,-78.418419,35.575162
29927,,-78.397981,35.523498
29928,,-78.393891,35.54511
29929,,-78.41275,35.528458
29930,,-78.406213,35.53417
29931,,-78.400125,35.524106
29932,,-78.39986,35.524027
29933,,-78.406668,35.540837
29934,,-78.389461,35.521119
29935,,-78.39486,35.522734
29936,,-78.391548,35.546111
29937,,-78.381864,35.551564
29938,,-78.395879,35.572894
29939,,-78.398183,35.57559
29940,,-78.400542,35.579399
29941,,-78.407287,35.566116
29942,,-78.408583,35.567367
29943,,-78.403278,35.584678
29944,,-78.403692,35.585389
29945,,-78.390677,35.560321
29946,,-78.38982,35.557558
29947,,-78.392424,35.565806
29948,,-78.384716,35.55593
29949,,-78.381886,35.557385
29950,,-78.38118,35.557941
29951,,-78.39644,35.573542
29952,,-78.397021,35.574218
29953,,-78.420483,35.619015
29954,,-78.414702,35.608539
29955,,-78.417248,35.611379
29956,,-78.414141,35.646656
29957,,-78.393038,35.618561
29958,,-78.389527,35.616573
29959,,-78.413595,35.637196
29960,,-78.391783,35.61806
29961,,-78.392352,35.618288
29962,,-78.390979,35.617729
29963,,-78.427928,35.593115
29964,,-78.436466,35.593099
29965,,-78.438495,35.591206
29966,,-78.437631,35.59197
29967,,-78.435827,35.596156
29968,,-78.436038,35.596954
29969,,-78.438954,35.613452
29970,,-78.439059,35.614182
29971,,-78.426364,35.590111
29972,,-78.428618,35.595539
29973,,-78.427831,35.59281
29974,,-78.416267,35.606305
29975,,-78.439754,35.634935
29976,,-78.432771,35.630262
29977,,-78.434114,35.631314
29978,,-78.433685,35.641768
29979,,-78.424366,35.623551
29980,,-78.429762,35.642789
29981,,-78.427092,35.643465
29982,,-78.416257,35.637079
29983,,-78.410716,35.587474
29984,,-78.407638,35.59221
29985,,-78.40824,35.592266
29986,,-78.405454,35.608481
29987,,-78.402757,35.608341
29988,,-78.38774,35.5912
29989,,-78.383422,35.592345
29990,,-78.387725,35.590985
29991,,-78.387924,35.597686
29992,,-78.384707,35.612004
29993,,-78.389752,35.616783
29994,,-78.386239,35.61327
29995,,-78.404424,35.635913
29996,,-78.397836,35.62041
29997,,-78.398686,35.625156
29998,,-78.399456,35.627524
29999,,-78.407582,35.619926
30000,,-78.40211,35.620709
30001,,-78.399117,35.62668
30002,,-78.398929,35.62623
30003,,-78.40129,35.631815
30004,,-78.401045,35.631457
30005,,-78.41104,35.637151
30006,,-78.410342,35.646975
30007,,-78.395068,35.619372
30008,,-78.252266,35.434335
30009,,-78.249238,35.431637
30010,,-78.260155,35.493218
30011,,-78.250903,35.504872
30012,,-78.250782,35.510241
30013,,-78.25006,35.510129
30014,,-78.25701,35.520084
30015,,-78.253295,35.53662
30016,,-78.247841,35.538753
30017,,-78.192257,35.519873
30018,,-78.189611,35.51964
30019,,-78.187626,35.519492
30020,,-78.169126,35.516313
30021,,-78.173841,35.525282
30022,,-78.24195,35.517589
30023,,-78.218747,35.517308
30024,,-78.332974,35.471678
30025,,-78.328577,35.470294
30026,,-78.289894,35.45793
30027,,-78.275363,35.446711
30028,,-78.375647,35.403881
30029,,-78.361084,35.411626
30030,,-78.379868,35.411042
30031,,-78.362378,35.486568
30032,,-78.361686,35.487447
30033,,-78.348916,35.495531
30034,,-78.348665,35.495021
30035,,-78.348403,35.501029
30036,,-78.348881,35.51247
30037,,-78.342294,35.478954
30038,,-78.345571,35.487302
30039,,-78.345981,35.488466
30040,,-78.347846,35.493134
30041,,-78.34925,35.505148
30042,,-78.348921,35.50646
30043,,-78.347502,35.508829
30044,,-78.322271,35.50222
30045,,-78.364497,35.484664
30046,,-78.377869,35.477931
30047,,-78.375174,35.479678
30048,,-78.371274,35.480517
30049,,-78.380321,35.475035
30050,,-78.378019,35.477318
30051,,-78.378587,35.480569
30052,,-78.363748,35.485126
30053,,-78.362783,35.486084
30054,,-78.363062,35.485768
30055,,-78.362108,35.486906
30056,,-78.349572,35.504222
30057,,-78.376291,35.518402
30058,,-78.372102,35.518233
30059,,-78.369699,35.518162
30060,,-78.3581,35.492051
30061,,-78.356401,35.494222
30062,,-78.355304,35.495639
30063,,-78.354578,35.496577
30064,,-78.360347,35.489168
30065,,-78.360985,35.488348
30066,,-78.357829,35.492398
30067,,-78.357125,35.493299
30068,,-78.355383,35.495535
30069,,-78.35442,35.496779
30070,,-78.353593,35.497839
30071,,-78.352582,35.499092
30072,,-78.349948,35.497747
30073,,-78.348996,35.500866
30074,,-78.351,35.501622
30075,,-78.350367,35.502796
30076,,-78.350107,35.503264
30077,,-78.350485,35.50258
30078,,-78.348947,35.512369
30079,,-78.362242,35.517569
30080,,-78.358664,35.520003
30081,,-78.358068,35.517282
30082,,-78.35886,35.520002
30083,,-78.358221,35.517222
30084,,-78.349451,35.504478
30085,,-78.349006,35.506154
30086,,-78.355743,35.515972
30087,,-78.355821,35.515828
30088,,-78.341013,35.476425
30089,,-78.343764,35.482083
30090,,-78.33914,35.474577
30091,,-78.343176,35.504061
30092,,-78.348204,35.494011
30093,,-78.345022,35.502481
30094,,-78.343926,35.503322
30095,,-78.346637,35.501602
30096,,-78.347472,35.511814
30097,,-78.345249,35.51241
30098,,-78.34067,35.506702
30099,,-78.340065,35.507571
30100,,-78.338657,35.509958
30101,,-78.337171,35.51197
30102,,-78.343123,35.510003
30103,,-78.344562,35.510605
30104,,-78.340619,35.508957
30105,,-78.348263,35.507658
30106,,-78.346765,35.510003
30107,,-78.341747,35.505538
30108,,-78.341376,35.505922
30109,,-78.342199,35.505074
30110,,-78.341758,35.509433
30111,,-78.34116,35.509183
30112,,-78.341952,35.509514
30113,,-78.344508,35.513583
30114,,-78.343753,35.514779
30115,,-78.342994,35.515983
30116,,-78.342563,35.515821
30117,,-78.338403,35.508042
30118,,-78.336111,35.507124
30119,,-78.338096,35.510883
30120,,-78.335635,35.506983
30121,,-78.335295,35.512675
30122,,-78.334034,35.513035
30123,,-78.332837,35.513393
30124,,-78.332383,35.513532
30125,,-78.324617,35.5051
30126,,-78.323338,35.505768
30127,,-78.32608,35.506156
30128,,-78.323575,35.506471
30129,,-78.330096,35.506026
30130,,-78.327248,35.515107
30131,,-78.326529,35.515318
30132,,-78.324895,35.515805
30133,,-78.330623,35.514077
30134,,-78.327639,35.514993
30135,,-78.325547,35.515609
30136,,-78.320218,35.505811
30137,,-78.322062,35.505766
30138,,-78.318713,35.505996
30139,,-78.322547,35.516588
30140,,-78.320664,35.515488
30141,,-78.280059,35.449099
30142,,-78.262962,35.441818
30143,,-78.27728,35.44752
30144,,-78.276523,35.447135
30145,,-78.277487,35.447634
30146,,-78.277341,35.447553
30147,,-78.281391,35.449968
30148,,-78.273671,35.446225
30149,,-78.256514,35.437928
30150,,-78.25393,35.435816
30151,,-78.290351,35.458502
30152,,-78.293228,35.496215
30153,,-78.286598,35.494234
30154,,-78.280191,35.500662
30155,,-78.261234,35.487464
30156,,-78.306049,35.467179
30157,,-78.301981,35.466137
30158,,-78.293413,35.460905
30159,,-78.294784,35.461634
30160,,-78.304795,35.498526
30161,,-78.311008,35.519902
30162,,-78.301925,35.514028
30163,,-78.294453,35.496525
30164,,-78.261242,35.487306
30165,,-78.251446,35.483285
30166,,-78.255961,35.484958
30167,,-78.255878,35.485086
30168,,-78.251359,35.483422
30169,,-78.266607,35.503602
30170,,-78.27356,35.517906
30171,,-78.252216,35.50321
30172,,-78.26824,35.49582
30173,,-78.279992,35.500769
30174,,-78.267881,35.499492
30175,,-78.266388,35.505941
30176,,-78.255097,35.499571
30177,,-78.251665,35.503907
30178,,-78.259357,35.511584
30179,,-78.257752,35.511328
30180,,-78.250974,35.516604
30181,,-78.315678,35.522929
30182,,-78.317595,35.5527
30183,,-78.376989,35.586673
30184,,-78.315872,35.529054
30185,,-78.345229,35.56016
30186,,-78.344703,35.555092
30187,,-78.348,35.577096
30188,,-78.34456,35.546635
30189,,-78.345693,35.564439
30190,,-78.34564,35.567703
30191,,-78.372927,35.534913
30192,,-78.372781,35.535042
30193,,-78.371523,35.534093
30194,,-78.371679,35.533968
30195,,-78.366433,35.529934
30196,,-78.366571,35.530294
30197,,-78.376032,35.537774
30198,,-78.376192,35.53765
30199,,-78.356988,35.523336
30200,,-78.35614,35.524915
30201,,-78.35585,35.525908
30202,,-78.355679,35.526829
30203,,-78.355523,35.527851
30204,,-78.355371,35.528793
30205,,-78.362207,35.525807
30206,,-78.361571,35.525125
30207,,-78.361725,35.525031
30208,,-78.358266,35.52148
30209,,-78.356807,35.523619
30210,,-78.355597,35.52735
30211,,-78.352789,35.536333
30212,,-78.354902,35.531503
30213,,-78.354707,35.532649
30214,,-78.353871,35.535141
30215,,-78.3551,35.53036
30216,,-78.354808,35.532053
30217,,-78.354169,35.534591
30218,,-78.354643,35.533033
30219,,-78.351304,35.537597
30220,,-78.36976,35.569482
30221,,-78.3687,35.570908
30222,,-78.380203,35.558774
30223,,-78.374555,35.563974
30224,,-78.37495,35.563612
30225,,-78.376473,35.562219
30226,,-78.371058,35.567536
30227,,-78.350745,35.578557
30228,,-78.363747,35.576879
30229,,-78.361447,35.583748
30230,,-78.349431,35.577861
30231,,-78.355524,35.581113
30232,,-78.355933,35.583907
30233,,-78.353755,35.580173
30234,,-78.352804,35.579661
30235,,-78.356222,35.583586
30236,,-78.321096,35.530675
30237,,-78.322031,35.542775
30238,,-78.335462,35.525518
30239,,-78.345791,35.542522
30240,,-78.344504,35.548409
30241,,-78.344569,35.552453
30242,,-78.323561,35.530723
30243,,-78.324235,35.530738
30244,,-78.315688,35.522074
30245,,-78.315627,35.527315
30246,,-78.316163,35.529549
30247,,-78.320753,35.543017
30248,,-78.337817,35.565866
30249,,-78.344863,35.556819
30250,,-78.336173,35.564491
30251,,-78.346495,35.576142
30252,,-78.346038,35.57573
30253,,-78.345076,35.573889
30254,,-78.3451,35.573257
30255,,-78.329858,35.560166
30256,,-78.329984,35.56005
30257,,-78.352554,35.59022
30258,,-78.349266,35.59961
30259,,-78.368877,35.604339
30260,,-78.349404,35.59948
30261,,-78.37691,35.586872
30262,,-78.37625,35.588393
30263,,-78.371744,35.586613
30264,,-78.370663,35.586181
30265,,-78.37288,35.606082
30266,,-78.369754,35.604781
30267,,-78.360593,35.594104
30268,,-78.358413,35.590447
30269,,-78.361,35.594763
30270,,-78.353015,35.587124
30271,,-78.358964,35.591425
30272,,-78.358329,35.59013
30273,,-78.35828,35.589681
30274,,-78.352588,35.590585
30275,,-78.352667,35.591958
30276,,-78.352958,35.587198
30277,,-78.352665,35.592151
30278,,-78.352489,35.593456
30279,,-78.345185,35.603053
30280,,-78.282447,35.535225
30281,,-78.283092,35.537983
30282,,-78.282434,35.5388
30283,,-78.263443,35.555102
30284,,-78.298975,35.525242
30285,,-78.287144,35.536631
30286,,-78.285485,35.536898
30287,,-78.283756,35.537155
30288,,-78.306619,35.52135
30289,,-78.299305,35.525069
30290,,-78.304867,35.522254
30291,,-78.30516,35.522104
30292,,-78.303028,35.523187
30293,,-78.306463,35.546606
30294,,-78.29835,35.525566
30295,,-78.295539,35.527016
30296,,-78.291094,35.529302
30297,,-78.288441,35.533278
30298,,-78.286715,35.533513
30299,,-78.288761,35.534635
30300,,-78.287082,35.534911
30301,,-78.285095,35.535478
30302,,-78.283479,35.535791
30303,,-78.283928,35.536038
30304,,-78.290993,35.54494
30305,,-78.290819,35.541003
30306,,-78.290172,35.541842
30307,,-78.291478,35.540181
30308,,-78.294309,35.548812
30309,,-78.294236,35.548747
30310,,-78.296527,35.550833
30311,,-78.295502,35.549905
30312,,-78.291993,35.546104
30313,,-78.294918,35.549366
30314,,-78.285139,35.539069
30315,,-78.289486,35.539093
30316,,-78.290278,35.544147
30317,,-78.284484,35.539876
30318,,-78.283522,35.54208
30319,,-78.297344,35.560123
30320,,-78.294435,35.559195
30321,,-78.291243,35.55981
30322,,-78.275715,35.5377
30323,,-78.275215,35.537697
30324,,-78.269383,35.526979
30325,,-78.267573,35.525966
30326,,-78.273321,35.529924
30327,,-78.273924,35.537818
30328,,-78.267088,35.539687
30329,,-78.272959,35.521794
30330,,-78.272676,35.528173
30331,,-78.275109,35.531201
30332,,-78.278151,35.532868
30333,,-78.280418,35.534112
30334,,-78.28142,35.534661
30335,,-78.279342,35.533521
30336,,-78.272039,35.527701
30337,,-78.274588,35.537756
30338,,-78.278061,35.538773
30339,,-78.279078,35.539335
30340,,-78.280405,35.541246
30341,,-78.279042,35.542891
30342,,-78.280098,35.539899
30343,,-78.279735,35.542054
30344,,-78.27887,35.543099
30345,,-78.282719,35.544003
30346,,-78.276299,35.537879
30347,,-78.277076,35.538237
30348,,-78.276575,35.545881
30349,,-78.275971,35.546618
30350,,-78.270583,35.538756
30351,,-78.273716,35.537838
30352,,-78.272612,35.537941
30353,,-78.271642,35.538295
30354,,-78.272272,35.538033
30355,,-78.269596,35.539133
30356,,-78.269694,35.539101
30357,,-78.266903,35.539723
30358,,-78.264227,35.540287
30359,,-78.256146,35.540449
30360,,-78.253663,35.541184
30361,,-78.257982,35.540031
30362,,-78.255604,35.540625
30363,,-78.280768,35.563121
30364,,-78.270436,35.560629
30365,,-78.269938,35.561664
30366,,-78.257767,35.557451
30367,,-78.26341,35.555118
30368,,-78.263081,35.555273
30369,,-78.261813,35.555875
30370,,-78.261449,35.556048
30371,,-78.181689,35.509877
30372,,-78.248198,35.430756
30373,,-78.231539,35.469873
30374,,-78.2333,35.48099
30375,,-78.245228,35.482788
30376,,-78.245176,35.482941
30377,,-78.234581,35.481469
30378,,-78.22922,35.479163
30379,,-78.229731,35.479327
30380,,-78.229329,35.479051
30381,,-78.233267,35.48113
30382,,-78.244753,35.512735
30383,,-78.242762,35.515433
30384,,-78.247758,35.508852
30385,,-78.245523,35.50943
30386,,-78.245084,35.509356
30387,,-78.244127,35.509174
30388,,-78.246197,35.510872
30389,,-78.24555,35.511702
30390,,-78.249918,35.506119
30391,,-78.249165,35.507072
30392,,-78.248468,35.507954
30393,,-78.248841,35.507482
30394,,-78.248605,35.509904
30395,,-78.243163,35.512305
30396,,-78.242071,35.511627
30397,,-78.248701,35.515322
30398,,-78.246736,35.514259
30399,,-78.24561,35.513647
30400,,-78.237649,35.50919
30401,,-78.237905,35.506953
30402,,-78.240196,35.50806
30403,,-78.241597,35.50848
30404,,-78.237256,35.506633
30405,,-78.23562,35.5072
30406,,-78.217816,35.497799
30407,,-78.229699,35.519654
30408,,-78.214148,35.495769
30409,,-78.212558,35.488499
30410,,-78.206095,35.491313
30411,,-78.210052,35.493503
30412,,-78.21393,35.495649
30413,,-78.202947,35.492278
30414,,-78.214537,35.51574
30415,,-78.211355,35.515852
30416,,-78.20236,35.517876
30417,,-78.193184,35.500392
30418,,-78.188001,35.504411
30419,,-78.18495,35.50772
30420,,-78.172227,35.51729
30421,,-78.237915,35.54002
30422,,-78.245651,35.540667
30423,,-78.232359,35.528579
30424,,-78.235916,35.540065
30425,,-78.220809,35.548734
30426,,-78.235467,35.52562
30427,,-78.248202,35.540988
30428,,-78.2419,35.53994
30429,,-78.231943,35.528793
30430,,-78.19706,35.543823
30431,,-78.212915,35.542781
30432,,-78.179259,35.536957
30433,,-78.176665,35.532798
30434,,-78.178624,35.536011
30435,,-78.178224,35.535409
30436,,-78.643422,35.748874
30437,,-78.642105,35.655405
30438,,-78.640183,35.735739
30439,,-78.642872,35.750229
30440,,-78.641372,35.758484
30441,,-78.643094,35.760381
30442,,-78.644059,35.770507
30443,,-78.644826,35.784067
30444,,-78.643317,35.786919
30445,,-78.643025,35.787604
30446,,-78.776513,35.713722
30447,,-78.695329,35.783997
30448,,-78.667696,35.781803
30449,,-78.807337,35.683771
30450,,-78.8068,35.686083
30451,,-78.828208,35.652978
30452,,-78.829111,35.653006
30453,,-78.826734,35.654808
30454,,-78.807196,35.659032
30455,,-78.816524,35.655874
30456,,-78.812505,35.65653
30457,,-78.807548,35.658581
30458,,-78.811943,35.680003
30459,,-78.808929,35.680753
30460,,-78.808967,35.680476
30461,,-78.808457,35.679518
30462,,-78.808108,35.682409
30463,,-78.812466,35.680008
30464,,-78.808452,35.679517
30465,,-78.810569,35.679916
30466,,-78.799417,35.668212
30467,,-78.790801,35.657434
30468,,-78.791369,35.658375
30469,,-78.792073,35.65961
30470,,-78.790132,35.656344
30471,,-78.790577,35.680363
30472,,-78.791485,35.65858
30473,,-78.802961,35.672532
30474,,-78.805034,35.675749
30475,,-78.795248,35.671719
30476,,-78.79474,35.672437
30477,,-78.794929,35.675842
30478,,-78.795975,35.67782
30479,,-78.796616,35.681565
30480,,-78.796713,35.682123
30481,,-78.796487,35.680831
30482,,-78.786767,35.652223
30483,,-78.788312,35.65351
30484,,-78.789763,35.655606
30485,,-78.790406,35.656791
30486,,-78.788876,35.662894
30487,,-78.787519,35.663223
30488,,-78.777913,35.663381
30489,,-78.791362,35.711213
30490,,-78.781714,35.700316
30491,,-78.780004,35.69944
30492,,-78.788812,35.702443
30493,,-78.786202,35.701752
30494,,-78.806511,35.68768
30495,,-78.805929,35.688949
30496,,-78.797175,35.68523
30497,,-78.797176,35.687706
30498,,-78.797193,35.686099
30499,,-78.797035,35.691575
30500,,-78.791509,35.696932
30501,,-78.796096,35.694473
30502,,-78.79282,35.697585
30503,,-78.794547,35.700628
30504,,-78.793962,35.706843
30505,,-78.791337,35.702916
30506,,-78.794395,35.701952
30507,,-78.794566,35.704275
30508,,-78.793048,35.703029
30509,,-78.784601,35.689747
30510,,-78.782605,35.687739
30511,,-78.784034,35.689138
30512,,-78.77557,35.692558
30513,,-78.779885,35.689541
30514,,-78.775582,35.697453
30515,,-78.783502,35.701004
30516,,-78.780358,35.714069
30517,,-78.785097,35.701446
30518,,-78.714001,35.716694
30519,,-78.710116,35.711659
30520,,-78.714527,35.717459
30521,,-78.709142,35.72194
30522,,-78.70288,35.71579
30523,,-78.69354,35.716832
30524,,-78.708744,35.773642
30525,,-78.709525,35.774412
30526,,-78.708481,35.778787
30527,,-78.713315,35.778677
30528,,-78.708468,35.780656
30529,,-78.707817,35.781771
30530,,-78.74257,35.655235
30531,,-78.742003,35.65427
30532,,-78.742594,35.683713
30533,,-78.739933,35.686367
30534,,-78.742192,35.703598
30535,,-78.741473,35.659344
30536,,-78.738873,35.701458
30537,,-78.758669,35.660966
30538,,-78.757542,35.672333
30539,,-78.757533,35.672453
30540,,-78.757366,35.673376
30541,,-78.75617,35.68109
30542,,-78.756186,35.682617
30543,,-78.772523,35.661837
30544,,-78.773671,35.662321
30545,,-78.746135,35.660091
30546,,-78.754859,35.654495
30547,,-78.756775,35.658667
30548,,-78.755417,35.662499
30549,,-78.752499,35.66187
30550,,-78.750288,35.661178
30551,,-78.751762,35.661696
30552,,-78.745627,35.661582
30553,,-78.745391,35.663955
30554,,-78.745096,35.666735
30555,,-78.747956,35.660575
30556,,-78.744604,35.673509
30557,,-78.756652,35.674248
30558,,-78.757643,35.670447
30559,,-78.755351,35.677808
30560,,-78.756206,35.682318
30561,,-78.758437,35.712355
30562,,-78.744342,35.704192
30563,,-78.770305,35.693934
30564,,-78.76871,35.692876
30565,,-78.765886,35.69163
30566,,-78.764132,35.691324
30567,,-78.76133,35.690805
30568,,-78.761917,35.690921
30569,,-78.764148,35.691327
30570,,-78.765553,35.691572
30571,,-78.759007,35.689071
30572,,-78.759379,35.689505
30573,,-78.769021,35.712764
30574,,-78.770281,35.713116
30575,,-78.760592,35.710517
30576,,-78.759574,35.711324
30577,,-78.748045,35.684665
30578,,-78.749487,35.684888
30579,,-78.757827,35.709055
30580,,-78.752439,35.708276
30581,,-78.753971,35.716045
30582,,-78.757112,35.709054
30583,,-78.755204,35.7151
30584,,-78.745639,35.704763
30585,,-78.747483,35.705652
30586,,-78.747035,35.705442
30587,,-78.72827,35.655257
30588,,-78.725261,35.668144
30589,,-78.72223,35.682281
30590,,-78.709499,35.668015
30591,,-78.739406,35.658792
30592,,-78.732272,35.658859
30593,,-78.737582,35.658633
30594,,-78.729517,35.658728
30595,,-78.731786,35.652085
30596,,-78.730882,35.658749
30597,,-78.729035,35.654026
30598,,-78.736958,35.677279
30599,,-78.730993,35.675591
30600,,-78.730271,35.675418
30601,,-78.72684,35.673316
30602,,-78.720192,35.658727
30603,,-78.717796,35.658442
30604,,-78.716768,35.662245
30605,,-78.716995,35.661297
30606,,-78.715941,35.657397
30607,,-78.708875,35.655362
30608,,-78.713653,35.665627
30609,,-78.72332,35.672533
30610,,-78.725293,35.693566
30611,,-78.72393,35.685057
30612,,-78.723781,35.685645
30613,,-78.736257,35.69342
30614,,-78.738847,35.689569
30615,,-78.739034,35.689308
30616,,-78.736161,35.696979
30617,,-78.737023,35.699358
30618,,-78.731039,35.69809
30619,,-78.730179,35.697549
30620,,-78.728738,35.696713
30621,,-78.731373,35.698271
30622,,-78.730814,35.697951
30623,,-78.725144,35.693165
30624,,-78.740654,35.703321
30625,,-78.723552,35.686585
30626,,-78.717081,35.703614
30627,,-78.712392,35.707219
30628,,-78.716683,35.703917
30629,,-78.736808,35.727496
30630,,-78.73654,35.728799
30631,,-78.721283,35.74986
30632,,-78.713467,35.74943
30633,,-78.736856,35.726411
30634,,-78.736582,35.72832
30635,,-78.736542,35.729835
30636,,-78.736886,35.726919
30637,,-78.73653,35.730829
30638,,-78.736231,35.736741
30639,,-78.736256,35.739875
30640,,-78.734841,35.745753
30641,,-78.729557,35.74033
30642,,-78.730125,35.740928
30643,,-78.725834,35.736914
30644,,-78.723081,35.731779
30645,,-78.723957,35.733014
30646,,-78.718933,35.728206
30647,,-78.7163,35.723325
30648,,-78.7158,35.719421
30649,,-78.710668,35.722014
30650,,-78.722832,35.748134
30651,,-78.711237,35.749718
30652,,-78.725978,35.765704
30653,,-78.723691,35.768978
30654,,-78.733626,35.750725
30655,,-78.735444,35.754765
30656,,-78.727164,35.752039
30657,,-78.727907,35.761192
30658,,-78.727648,35.761903
30659,,-78.728354,35.759888
30660,,-78.72702,35.763495
30661,,-78.726444,35.764782
30662,,-78.718046,35.7538
30663,,-78.718189,35.752705
30664,,-78.717944,35.750397
30665,,-78.718142,35.751447
30666,,-78.718104,35.753556
30667,,-78.71341,35.764705
30668,,-78.71138,35.765844
30669,,-78.714137,35.763839
30670,,-78.717941,35.775449
30671,,-78.72229,35.773538
30672,,-78.72119,35.78098
30673,,-78.721173,35.779585
30674,,-78.7214,35.782029
30675,,-78.722139,35.774832
30676,,-78.721548,35.778548
30677,,-78.725037,35.782665
30678,,-78.714376,35.77194
30679,,-78.713635,35.773173
30680,,-78.711598,35.770375
30681,,-78.710159,35.777499
30682,,-78.712784,35.782338
30683,,-78.697343,35.682704
30684,,-78.69642,35.683881
30685,,-78.676028,35.702272
30686,,-78.703915,35.658974
30687,,-78.704615,35.657262
30688,,-78.703874,35.659079
30689,,-78.70328,35.660527
30690,,-78.701072,35.667583
30691,,-78.703251,35.660622
30692,,-78.699571,35.680677
30693,,-78.699143,35.681068
30694,,-78.703889,35.675363
30695,,-78.70092,35.679041
30696,,-78.687745,35.657611
30697,,-78.678242,35.657871
30698,,-78.686457,35.679541
30699,,-78.685993,35.681343
30700,,-78.694078,35.687573
30701,,-78.69403,35.689747
30702,,-78.694006,35.690133
30703,,-78.692649,35.712492
30704,,-78.694054,35.689071
30705,,-78.687217,35.701506
30706,,-78.689025,35.700973
30707,,-78.685057,35.701997
30708,,-78.692286,35.712705
30709,,-78.692935,35.696104
30710,,-78.693259,35.694849
30711,,-78.706508,35.709785
30712,,-78.704362,35.715663
30713,,-78.703824,35.715675
30714,,-78.70538,35.709775
30715,,-78.705656,35.71697
30716,,-78.702584,35.709748
30717,,-78.697179,35.70993
30718,,-78.699659,35.716216
30719,,-78.698246,35.716395
30720,,-78.695001,35.716811
30721,,-78.691725,35.69839
30722,,-78.689018,35.70193
30723,,-78.688541,35.707556
30724,,-78.689058,35.703368
30725,,-78.689022,35.702316
30726,,-78.688879,35.714956
30727,,-78.686631,35.711454
30728,,-78.685645,35.715222
30729,,-78.680821,35.702467
30730,,-78.677697,35.702363
30731,,-78.679298,35.702418
30732,,-78.659678,35.668
30733,,-78.659031,35.668745
30734,,-78.664752,35.659091
30735,,-78.675125,35.656768
30736,,-78.673144,35.656761
30737,,-78.668265,35.656526
30738,,-78.668895,35.65671
30739,,-78.662244,35.663592
30740,,-78.645363,35.654083
30741,,-78.655293,35.680238
30742,,-78.670373,35.700947
30743,,-78.655763,35.716286
30744,,-78.671567,35.699257
30745,,-78.67082,35.700527
30746,,-78.671908,35.698397
30747,,-78.665647,35.703462
30748,,-78.659547,35.708567
30749,,-78.673184,35.702113
30750,,-78.675146,35.702222
30751,,-78.659891,35.707876
30752,,-78.65306,35.697359
30753,,-78.652536,35.693855
30754,,-78.653858,35.699728
30755,,-78.650348,35.688567
30756,,-78.647311,35.688699
30757,,-78.643953,35.690047
30758,,-78.656399,35.706685
30759,,-78.655533,35.703178
30760,,-78.65603,35.704044
30761,,-78.654979,35.702219
30762,,-78.655301,35.702778
30763,,-78.654781,35.701865
30764,,-78.643895,35.701004
30765,,-78.649032,35.709679
30766,,-78.683852,35.724668
30767,,-78.68924,35.749526
30768,,-78.6772,35.745556
30769,,-78.693635,35.750347
30770,,-78.686985,35.750054
30771,,-78.67124,35.749486
30772,,-78.663889,35.749321
30773,,-78.658512,35.749294
30774,,-78.707223,35.720848
30775,,-78.705905,35.749495
30776,,-78.695847,35.746521
30777,,-78.692844,35.745424
30778,,-78.697163,35.746972
30779,,-78.695662,35.747452
30780,,-78.695329,35.748839
30781,,-78.695537,35.748091
30782,,-78.682886,35.730358
30783,,-78.690809,35.744664
30784,,-78.683521,35.744208
30785,,-78.684662,35.746913
30786,,-78.685104,35.749485
30787,,-78.683649,35.744656
30788,,-78.683818,35.745248
30789,,-78.684139,35.746262
30790,,-78.689852,35.744255
30791,,-78.688565,35.74378
30792,,-78.689357,35.744073
30793,,-78.690279,35.749764
30794,,-78.686126,35.742937
30795,,-78.68759,35.743416
30796,,-78.685158,35.747445
30797,,-78.682233,35.735068
30798,,-78.68147,35.738485
30799,,-78.683472,35.744037
30800,,-78.700261,35.766719
30801,,-78.69821,35.767034
30802,,-78.692421,35.75051
30803,,-78.692389,35.757316
30804,,-78.692112,35.775821
30805,,-78.693815,35.781589
30806,,-78.69382,35.780797
30807,,-78.699856,35.757332
30808,,-78.704895,35.755348
30809,,-78.705599,35.75369
30810,,-78.70479,35.765405
30811,,-78.705045,35.765853
30812,,-78.704267,35.759308
30813,,-78.703697,35.7631
30814,,-78.696834,35.755773
30815,,-78.697848,35.756082
30816,,-78.692957,35.750515
30817,,-78.694949,35.754744
30818,,-78.695733,35.755165
30819,,-78.695495,35.762424
30820,,-78.692395,35.774715
30821,,-78.707357,35.771158
30822,,-78.708344,35.76705
30823,,-78.703106,35.766713
30824,,-78.703342,35.777236
30825,,-78.701786,35.777173
30826,,-78.704699,35.777293
30827,,-78.708537,35.779647
30828,,-78.701384,35.777157
30829,,-78.693362,35.772509
30830,,-78.697201,35.767377
30831,,-78.694103,35.769492
30832,,-78.693081,35.768556
30833,,-78.694239,35.767097
30834,,-78.694028,35.770641
30835,,-78.698263,35.777001
30836,,-78.693944,35.778105
30837,,-78.693032,35.776775
30838,,-78.693839,35.780375
30839,,-78.693814,35.781819
30840,,-78.69381,35.782532
30841,,-78.684316,35.750729
30842,,-78.691514,35.750311
30843,,-78.686583,35.750023
30844,,-78.684967,35.750363
30845,,-78.680357,35.751156
30846,,-78.682867,35.751084
30847,,-78.6821,35.751058
30848,,-78.680688,35.751116
30849,,-78.681237,35.751036
30850,,-78.68198,35.751046
30851,,-78.67804,35.75201
30852,,-78.676916,35.751841
30853,,-78.68001,35.751173
30854,,-78.680208,35.760879
30855,,-78.677033,35.761897
30856,,-78.688972,35.774602
30857,,-78.682822,35.773717
30858,,-78.682068,35.774449
30859,,-78.681639,35.774883
30860,,-78.690509,35.769493
30861,,-78.687244,35.771113
30862,,-78.690797,35.773576
30863,,-78.688718,35.770381
30864,,-78.685252,35.772219
30865,,-78.687124,35.781835
30866,,-78.687993,35.776855
30867,,-78.687317,35.778277
30868,,-78.687159,35.780318
30869,,-78.684754,35.779223
30870,,-78.692145,35.776255
30871,,-78.688394,35.77588
30872,,-78.679726,35.776167
30873,,-78.680287,35.780729
30874,,-78.663408,35.743676
30875,,-78.670209,35.740859
30876,,-78.668789,35.740069
30877,,-78.674367,35.747467
30878,,-78.666843,35.740371
30879,,-78.666276,35.741217
30880,,-78.662826,35.744149
30881,,-78.661953,35.744807
30882,,-78.665049,35.742649
30883,,-78.654102,35.719692
30884,,-78.645028,35.724407
30885,,-78.654574,35.718724
30886,,-78.655034,35.717782
30887,,-78.644242,35.724394
30888,,-78.644885,35.731492
30889,,-78.655775,35.746268
30890,,-78.657425,35.745225
30891,,-78.658915,35.745048
30892,,-78.656984,35.746625
30893,,-78.652236,35.747576
30894,,-78.650643,35.733908
30895,,-78.650938,35.733938
30896,,-78.648941,35.743332
30897,,-78.648866,35.745592
30898,,-78.647467,35.74475
30899,,-78.659265,35.762164
30900,,-78.659164,35.781573
30901,,-78.658127,35.762923
30902,,-78.660216,35.770436
30903,,-78.652081,35.766984
30904,,-78.661682,35.779487
30905,,-78.66012,35.780768
30906,,-78.674024,35.75137
30907,,-78.672457,35.751114
30908,,-78.675654,35.751631
30909,,-78.670787,35.751379
30910,,-78.668028,35.752373
30911,,-78.665752,35.750388
30912,,-78.664893,35.75175
30913,,-78.666589,35.75043
30914,,-78.666745,35.753759
30915,,-78.666719,35.752154
30916,,-78.665363,35.750232
30917,,-78.661594,35.751645
30918,,-78.666146,35.761818
30919,,-78.673269,35.772709
30920,,-78.671944,35.769281
30921,,-78.673085,35.779791
30922,,-78.672335,35.781447
30923,,-78.664875,35.777566
30924,,-78.662688,35.777801
30925,,-78.662725,35.778808
30926,,-78.661565,35.779581
30927,,-78.649139,35.757902
30928,,-78.651654,35.760802
30929,,-78.649056,35.755582
30930,,-78.659048,35.750364
30931,,-78.659377,35.750863
30932,,-78.657619,35.763263
30933,,-78.655402,35.761066
30934,,-78.653317,35.760838
30935,,-78.652931,35.760802
30936,,-78.653662,35.765942
30937,,-78.643951,35.762537
30938,,-78.643886,35.762887
30939,,-78.649187,35.759784
30940,,-78.649198,35.761853
30941,,-78.647948,35.76082
30942,,-78.649145,35.761849
30943,,-78.649187,35.762881
30944,,-78.648863,35.762875
30945,,-78.649241,35.768864
30946,,-78.652551,35.771841
30947,,-78.650981,35.775659
30948,,-78.649106,35.774623
30949,,-78.649486,35.77328
30950,,-78.648129,35.774569
30951,,-78.654332,35.772424
30952,,-78.655224,35.779991
30953,,-78.655799,35.780976
30954,,-78.655796,35.780991
30955,,-78.655428,35.782049
30956,,-78.658591,35.775352
30957,,-78.65721,35.782273
30958,,-78.65356,35.781755
30959,,-78.653748,35.779895
30960,,-78.652168,35.77937
30961,,-78.65185,35.77872
30962,,-78.652935,35.781474
30963,,-78.645962,35.769759
30964,,-78.645015,35.769509
30965,,-78.644745,35.769638
30966,,-78.647216,35.770082
30967,,-78.650436,35.768069
30968,,-78.648914,35.766423
30969,,-78.650142,35.77251
30970,,-78.64797,35.77361
30971,,-78.646594,35.767197
30972,,-78.646082,35.768042
30973,,-78.644427,35.769355
30974,,-78.644718,35.769169
30975,,-78.644177,35.771472
30976,,-78.645329,35.774459
30977,,-78.645402,35.773128
30978,,-78.649861,35.777098
30979,,-78.650497,35.776529
30980,,-78.649843,35.774531
30981,,-78.648569,35.774591
30982,,-78.651245,35.778693
30983,,-78.650505,35.779188
30984,,-78.647508,35.78192
30985,,-78.649155,35.781981
30986,,-78.644468,35.777108
30987,,-78.717738,35.788224
30988,,-78.718724,35.789412
30989,,-78.721666,35.782828
30990,,-78.724436,35.785552
30991,,-78.714041,35.786484
30992,,-78.712732,35.78448
30993,,-78.712947,35.788209
30994,,-78.710723,35.786554
30995,,-78.709215,35.786576
30996,,-78.715432,35.786454
30997,,-78.712701,35.785569
30998,,-78.714593,35.791203
30999,,-78.715757,35.790849
31000,,-78.718653,35.805693
31001,,-78.686083,35.816269
31002,,-78.680859,35.815034
31003,,-78.67698,35.813037
31004,,-78.683189,35.815798
31005,,-78.674941,35.786277
31006,,-78.680042,35.788135
31007,,-78.676075,35.7959
31008,,-78.67271,35.797574
31009,,-78.676626,35.797603
31010,,-78.676301,35.799815
31011,,-78.676108,35.802226
31012,,-78.678096,35.806103
31013,,-78.678284,35.807105
31014,,-78.677419,35.809787
31015,,-78.676641,35.811801
31016,,-78.69366,35.793366
31017,,-78.70484,35.785452
31018,,-78.706814,35.786081
31019,,-78.704362,35.789586
31020,,-78.704107,35.788921
31021,,-78.706362,35.784377
31022,,-78.703322,35.787732
31023,,-78.693792,35.790118
31024,,-78.693326,35.78921
31025,,-78.693799,35.789927
31026,,-78.699544,35.795798
31027,,-78.693762,35.790911
31028,,-78.695591,35.794824
31029,,-78.684151,35.788644
31030,,-78.680009,35.790995
31031,,-78.67916,35.790472
31032,,-78.677373,35.789809
31033,,-78.68262,35.792504
31034,,-78.68434,35.793783
31035,,-78.688026,35.784881
31036,,-78.686938,35.788999
31037,,-78.689668,35.784681
31038,,-78.687079,35.78358
31039,,-78.685117,35.793739
31040,,-78.677873,35.789929
31041,,-78.676902,35.789705
31042,,-78.680294,35.79116
31043,,-78.68361,35.793036
31044,,-78.681399,35.7918
31045,,-78.681913,35.792098
31046,,-78.684064,35.796979
31047,,-78.68399,35.798123
31048,,-78.676295,35.796517
31049,,-78.683891,35.799653
31050,,-78.684825,35.809524
31051,,-78.676764,35.810636
31052,,-78.684484,35.810838
31053,,-78.687446,35.803928
31054,,-78.687543,35.803571
31055,,-78.686109,35.806491
31056,,-78.686474,35.805824
31057,,-78.684797,35.809632
31058,,-78.684314,35.811523
31059,,-78.689292,35.815341
31060,,-78.685286,35.808123
31061,,-78.681212,35.801065
31062,,-78.678078,35.801066
31063,,-78.676409,35.799259
31064,,-78.68283,35.814048
31065,,-78.676658,35.812245
31066,,-78.683736,35.81243
31067,,-78.681214,35.81697
31068,,-78.669609,35.800463
31069,,-78.65959,35.784956
31070,,-78.66005,35.794057
31071,,-78.657055,35.796122
31072,,-78.675045,35.789289
31073,,-78.668908,35.790008
31074,,-78.669679,35.791775
31075,,-78.66782,35.797759
31076,,-78.670686,35.789369
31077,,-78.673064,35.789882
31078,,-78.669685,35.788117
31079,,-78.668045,35.787753
31080,,-78.670266,35.793017
31081,,-78.672958,35.793123
31082,,-78.672994,35.792089
31083,,-78.672891,35.795161
31084,,-78.669006,35.79473
31085,,-78.672138,35.798599
31086,,-78.668169,35.79631
31087,,-78.672648,35.79641
31088,,-78.675726,35.79318
31089,,-78.672938,35.793607
31090,,-78.675752,35.792138
31091,,-78.675896,35.795217
31092,,-78.672726,35.795873
31093,,-78.668113,35.797068
31094,,-78.663123,35.78637
31095,,-78.662149,35.786395
31096,,-78.661354,35.786457
31097,,-78.662927,35.790421
31098,,-78.665197,35.783334
31099,,-78.665565,35.78948
31100,,-78.665944,35.787197
31101,,-78.667177,35.787527
31102,,-78.666837,35.78794
31103,,-78.666031,35.788523
31104,,-78.660645,35.785404
31105,,-78.661902,35.787955
31106,,-78.666245,35.795522
31107,,-78.665204,35.795782
31108,,-78.662821,35.791738
31109,,-78.662211,35.793708
31110,,-78.660597,35.793226
31111,,-78.663691,35.795486
31112,,-78.667188,35.798856
31113,,-78.661799,35.794378
31114,,-78.66031,35.79699
31115,,-78.662336,35.795494
31116,,-78.660678,35.796098
31117,,-78.660537,35.796353
31118,,-78.67398,35.808384
31119,,-78.673379,35.808366
31120,,-78.672237,35.80832
31121,,-78.670983,35.799774
31122,,-78.674933,35.801028
31123,,-78.674155,35.801012
31124,,-78.672347,35.800951
31125,,-78.673967,35.801009
31126,,-78.671223,35.810159
31127,,-78.663854,35.80045
31128,,-78.665463,35.800458
31129,,-78.659784,35.802669
31130,,-78.650761,35.785896
31131,,-78.655088,35.788651
31132,,-78.651418,35.796073
31133,,-78.650815,35.786716
31134,,-78.650893,35.787465
31135,,-78.651662,35.791105
31136,,-78.652154,35.79171
31137,,-78.653062,35.798891
31138,,-78.646838,35.79093
31139,,-78.65568,35.782997
31140,,-78.65855,35.784492
31141,,-78.657496,35.784021
31142,,-78.652373,35.788635
31143,,-78.656735,35.796226
31144,,-78.655144,35.796224
31145,,-78.654126,35.795898
31146,,-78.653206,35.794033
31147,,-78.64739,35.784165
31148,,-78.648905,35.786312
31149,,-78.64722,35.787328
31150,,-78.648845,35.78737
31151,,-78.647158,35.790021
31152,,-78.647193,35.789334
31153,,-78.649021,35.78422
31154,,-78.650698,35.784278
31155,,-78.650786,35.786379
31156,,-78.648951,35.785491
31157,,-78.650029,35.788641
31158,,-78.645928,35.78865
31159,,-78.645591,35.787253
31160,,-78.647007,35.790011
31161,,-78.647018,35.789335
31162,,-78.644463,35.786901
31163,,-78.646976,35.791263
31164,,-78.646644,35.794002
31165,,-78.647496,35.798069
31166,,-78.646756,35.791834
31167,,-78.646459,35.793991
31168,,-78.646915,35.791846
31169,,-78.64702,35.790945
31170,,-78.646296,35.795255
31171,,-78.646498,35.795264
31172,,-78.658735,35.801971
31173,,-78.658133,35.803016
31174,,-78.659342,35.801207
31175,,-78.653282,35.800006
31176,,-78.653633,35.801793
31177,,-78.628079,35.782164
31178,,-78.627996,35.7835
31179,,-78.627276,35.782135
31180,,-78.627211,35.783473
31181,,-78.626395,35.783448
31182,,-78.625641,35.782087
31183,,-78.625566,35.783421
31184,,-78.624711,35.782056
31185,,-78.623478,35.78201
31186,,-78.634074,35.716781
31187,,-78.578514,35.67999
31188,,-78.573244,35.724889
31189,,-78.575485,35.663559
31190,,-78.575506,35.665389
31191,,-78.579374,35.68247
31192,,-78.611096,35.709834
31193,,-78.627064,35.65575
31194,,-78.634564,35.655008
31195,,-78.641742,35.65551
31196,,-78.637278,35.655343
31197,,-78.633755,35.654917
31198,,-78.632356,35.654793
31199,,-78.63013,35.655052
31200,,-78.628326,35.655435
31201,,-78.637287,35.675304
31202,,-78.639335,35.677507
31203,,-78.6413,35.680658
31204,,-78.642026,35.682463
31205,,-78.634159,35.673431
31206,,-78.625592,35.656222
31207,,-78.622739,35.656481
31208,,-78.620199,35.656453
31209,,-78.61536,35.667115
31210,,-78.618433,35.671663
31211,,-78.618798,35.672207
31212,,-78.619684,35.682938
31213,,-78.622366,35.675177
31214,,-78.620784,35.67442
31215,,-78.620274,35.674115
31216,,-78.621579,35.680804
31217,,-78.623755,35.678338
31218,,-78.62281,35.679426
31219,,-78.616406,35.668661
31220,,-78.641573,35.700988
31221,,-78.631844,35.701489
31222,,-78.630014,35.701479
31223,,-78.624722,35.701263
31224,,-78.636568,35.701517
31225,,-78.628097,35.701889
31226,,-78.625374,35.702458
31227,,-78.624219,35.700803
31228,,-78.617779,35.700884
31229,,-78.640372,35.692209
31230,,-78.637539,35.692531
31231,,-78.633981,35.694724
31232,,-78.633877,35.689404
31233,,-78.639457,35.697268
31234,,-78.636538,35.693847
31235,,-78.62807,35.686341
31236,,-78.627517,35.686252
31237,,-78.631165,35.697948
31238,,-78.634577,35.693817
31239,,-78.642845,35.709669
31240,,-78.634168,35.709425
31241,,-78.632461,35.708995
31242,,-78.638734,35.70153
31243,,-78.638315,35.701529
31244,,-78.633948,35.701495
31245,,-78.630403,35.701484
31246,,-78.62966,35.701474
31247,,-78.627592,35.708853
31248,,-78.634401,35.711936
31249,,-78.630637,35.714765
31250,,-78.633427,35.71169
31251,,-78.634148,35.716643
31252,,-78.629696,35.709332
31253,,-78.617448,35.69988
31254,,-78.617986,35.697606
31255,,-78.625131,35.685864
31256,,-78.621874,35.685494
31257,,-78.620542,35.685645
31258,,-78.619693,35.685782
31259,,-78.620592,35.697909
31260,,-78.621882,35.698958
31261,,-78.622781,35.69967
31262,,-78.621276,35.698469
31263,,-78.619712,35.697589
31264,,-78.6171,35.68792
31265,,-78.616817,35.691511
31266,,-78.616927,35.690244
31267,,-78.614509,35.686234
31268,,-78.61264,35.686242
31269,,-78.61408,35.698386
31270,,-78.616744,35.692604
31271,,-78.616521,35.696463
31272,,-78.617669,35.700551
31273,,-78.617192,35.699095
31274,,-78.616531,35.696806
31275,,-78.618083,35.701805
31276,,-78.618395,35.702751
31277,,-78.623194,35.706512
31278,,-78.626228,35.70846
31279,,-78.62131,35.711973
31280,,-78.620209,35.712562
31281,,-78.613007,35.704836
31282,,-78.612858,35.704102
31283,,-78.618486,35.703024
31284,,-78.612516,35.702479
31285,,-78.613091,35.705255
31286,,-78.617933,35.712137
31287,,-78.6139,35.709523
31288,,-78.61579,35.711639
31289,,-78.615249,35.711538
31290,,-78.613976,35.709929
31291,,-78.611554,35.710337
31292,,-78.593089,35.672183
31293,,-78.581303,35.670085
31294,,-78.606941,35.664104
31295,,-78.598145,35.660134
31296,,-78.598307,35.660659
31297,,-78.603512,35.677762
31298,,-78.603483,35.676955
31299,,-78.603619,35.679866
31300,,-78.60369,35.681312
31301,,-78.59165,35.669703
31302,,-78.590762,35.674221
31303,,-78.588225,35.669812
31304,,-78.587963,35.680284
31305,,-78.579962,35.670052
31306,,-78.583793,35.670138
31307,,-78.581924,35.6701
31308,,-78.591919,35.698429
31309,,-78.606945,35.692514
31310,,-78.602751,35.688558
31311,,-78.602711,35.690781
31312,,-78.602697,35.692717
31313,,-78.602848,35.695698
31314,,-78.602596,35.698581
31315,,-78.605849,35.690825
31316,,-78.608156,35.686261
31317,,-78.605889,35.686273
31318,,-78.602719,35.691158
31319,,-78.609295,35.696047
31320,,-78.602943,35.697205
31321,,-78.602363,35.699453
31322,,-78.602533,35.698816
31323,,-78.608645,35.708532
31324,,-78.602377,35.716394
31325,,-78.60642,35.707688
31326,,-78.609008,35.704752
31327,,-78.609076,35.704942
31328,,-78.607653,35.708155
31329,,-78.602995,35.702699
31330,,-78.609938,35.709012
31331,,-78.598612,35.701085
31332,,-78.601279,35.703548
31333,,-78.60086,35.705149
31334,,-78.591825,35.698591
31335,,-78.589616,35.697814
31336,,-78.589707,35.697646
31337,,-78.583666,35.692678
31338,,-78.588813,35.705038
31339,,-78.584016,35.70274
31340,,-78.603089,35.747284
31341,,-78.610551,35.776437
31342,,-78.623331,35.748672
31343,,-78.621713,35.733407
31344,,-78.623562,35.744155
31345,,-78.643124,35.724203
31346,,-78.642658,35.721408
31347,,-78.63608,35.721464
31348,,-78.64299,35.731216
31349,,-78.632701,35.720285
31350,,-78.637093,35.741957
31351,,-78.639055,35.742417
31352,,-78.630815,35.741209
31353,,-78.627056,35.739993
31354,,-78.634208,35.741281
31355,,-78.633838,35.741194
31356,,-78.629849,35.739132
31357,,-78.632156,35.740803
31358,,-78.627932,35.735051
31359,,-78.629477,35.73839
31360,,-78.626991,35.739993
31361,,-78.630106,35.739645
31362,,-78.629831,35.740357
31363,,-78.627539,35.739991
31364,,-78.631599,35.747392
31365,,-78.630992,35.742262
31366,,-78.63118,35.743871
31367,,-78.631307,35.744919
31368,,-78.631495,35.746493
31369,,-78.624278,35.718462
31370,,-78.625649,35.724554
31371,,-78.625762,35.731517
31372,,-78.622145,35.731909
31373,,-78.62221,35.731468
31374,,-78.621929,35.732667
31375,,-78.617872,35.73496
31376,,-78.622887,35.74187
31377,,-78.621845,35.741816
31378,,-78.620802,35.741756
31379,,-78.617714,35.741896
31380,,-78.616005,35.741856
31381,,-78.623521,35.747689
31382,,-78.618786,35.741924
31383,,-78.614093,35.738178
31384,,-78.615009,35.737747
31385,,-78.611567,35.739115
31386,,-78.612639,35.73883
31387,,-78.613257,35.741043
31388,,-78.611221,35.738849
31389,,-78.614524,35.741917
31390,,-78.614033,35.743867
31391,,-78.613928,35.745238
31392,,-78.613755,35.746137
31393,,-78.613281,35.747791
31394,,-78.61359,35.746925
31395,,-78.612943,35.748596
31396,,-78.627414,35.751487
31397,,-78.628499,35.756181
31398,,-78.632943,35.765739
31399,,-78.626537,35.750851
31400,,-78.6259,35.765575
31401,,-78.626644,35.76788
31402,,-78.626753,35.765611
31403,,-78.640887,35.756165
31404,,-78.640802,35.756408
31405,,-78.640736,35.756597
31406,,-78.639494,35.762074
31407,,-78.637298,35.764674
31408,,-78.637232,35.765688
31409,,-78.63117,35.75133
31410,,-78.631242,35.753831
31411,,-78.6312,35.752315
31412,,-78.627934,35.75368
31413,,-78.630269,35.755982
31414,,-78.629516,35.755887
31415,,-78.62814,35.755328
31416,,-78.631491,35.763979
31417,,-78.631432,35.761131
31418,,-78.631487,35.763347
31419,,-78.632389,35.765718
31420,,-78.630875,35.765721
31421,,-78.635531,35.767026
31422,,-78.635458,35.768277
31423,,-78.635337,35.770531
31424,,-78.630602,35.773977
31425,,-78.630045,35.773979
31426,,-78.631401,35.775366
31427,,-78.631502,35.773992
31428,,-78.627146,35.775286
31429,,-78.638663,35.769942
31430,,-78.641564,35.768358
31431,,-78.640365,35.770858
31432,,-78.637095,35.768338
31433,,-78.637006,35.769993
31434,,-78.63858,35.771271
31435,,-78.637464,35.772102
31436,,-78.636303,35.774138
31437,,-78.638262,35.777504
31438,,-78.639124,35.779601
31439,,-78.636186,35.776827
31440,,-78.636679,35.776226
31441,,-78.638107,35.780362
31442,,-78.636466,35.7803
31443,,-78.636141,35.779542
31444,,-78.6346,35.769319
31445,,-78.632822,35.76977
31446,,-78.631291,35.771871
31447,,-78.632163,35.768338
31448,,-78.631595,35.76707
31449,,-78.633707,35.770498
31450,,-78.634595,35.772006
31451,,-78.628266,35.767359
31452,,-78.628321,35.768772
31453,,-78.628263,35.770048
31454,,-78.629037,35.772705
31455,,-78.630078,35.772722
31456,,-78.628553,35.771074
31457,,-78.628234,35.770741
31458,,-78.627241,35.772616
31459,,-78.628261,35.772677
31460,,-78.627974,35.777919
31461,,-78.633231,35.779378
31462,,-78.632292,35.779362
31463,,-78.632286,35.779586
31464,,-78.631656,35.780169
31465,,-78.628053,35.776551
31466,,-78.62812,35.775276
31467,,-78.630738,35.778006
31468,,-78.627695,35.777905
31469,,-78.628213,35.780069
31470,,-78.628172,35.780841
31471,,-78.629745,35.780115
31472,,-78.629706,35.780891
31473,,-78.621442,35.75284
31474,,-78.623413,35.75697
31475,,-78.620476,35.750751
31476,,-78.619207,35.751127
31477,,-78.614702,35.753875
31478,,-78.615516,35.75347
31479,,-78.612535,35.753797
31480,,-78.616576,35.752148
31481,,-78.617573,35.751541
31482,,-78.611915,35.750853
31483,,-78.613362,35.754444
31484,,-78.626515,35.775268
31485,,-78.625831,35.775249
31486,,-78.618969,35.779661
31487,,-78.625666,35.772586
31488,,-78.6233,35.772546
31489,,-78.624575,35.77019
31490,,-78.623554,35.76774
31491,,-78.625038,35.772578
31492,,-78.62601,35.772591
31493,,-78.624906,35.772576
31494,,-78.620096,35.767925
31495,,-78.622277,35.772529
31496,,-78.621488,35.772821
31497,,-78.622509,35.772533
31498,,-78.620421,35.770812
31499,,-78.622412,35.775807
31500,,-78.623651,35.777734
31501,,-78.621488,35.779808
31502,,-78.625802,35.776472
31503,,-78.624814,35.777778
31504,,-78.624872,35.776443
31505,,-78.623907,35.776408
31506,,-78.624933,35.775224
31507,,-78.623964,35.775197
31508,,-78.625756,35.779994
31509,,-78.625701,35.780762
31510,,-78.624128,35.779933
31511,,-78.624084,35.780691
31512,,-78.623549,35.77991
31513,,-78.624749,35.780721
31514,,-78.624002,35.78203
31515,,-78.622329,35.775557
31516,,-78.622222,35.781232
31517,,-78.622182,35.782566
31518,,-78.620657,35.780333
31519,,-78.61897,35.77995
31520,,-78.62068,35.779789
31521,,-78.614681,35.767275
31522,,-78.614495,35.77043
31523,,-78.618138,35.769345
31524,,-78.615737,35.778351
31525,,-78.6149,35.778032
31526,,-78.614871,35.779887
31527,,-78.613567,35.777541
31528,,-78.612682,35.779782
31529,,-78.617658,35.780081
31530,,-78.615852,35.780091
31531,,-78.616905,35.779892
31532,,-78.61808,35.77982
31533,,-78.618099,35.779221
31534,,-78.617676,35.779861
31535,,-78.617435,35.778975
31536,,-78.616784,35.780086
31537,,-78.616572,35.778665
31538,,-78.615885,35.779912
31539,,-78.613967,35.775742
31540,,-78.611735,35.776871
31541,,-78.612936,35.77731
31542,,-78.613201,35.777407
31543,,-78.603404,35.733737
31544,,-78.601585,35.720143
31545,,-78.601369,35.720728
31546,,-78.601917,35.719254
31547,,-78.600831,35.722758
31548,,-78.60099,35.722056
31549,,-78.606899,35.735705
31550,,-78.610203,35.738092
31551,,-78.606644,35.748284
31552,,-78.609231,35.749893
31553,,-78.604532,35.747629
31554,,-78.598882,35.747329
31555,,-78.601096,35.747246
31556,,-78.594918,35.74746
31557,,-78.581256,35.72503
31558,,-78.586894,35.720585
31559,,-78.584793,35.74591
31560,,-78.59146,35.747615
31561,,-78.586066,35.74637
31562,,-78.609452,35.776036
31563,,-78.608387,35.775652
31564,,-78.60912,35.775916
31565,,-78.601557,35.771847
31566,,-78.585304,35.751537
31567,,-78.582895,35.75784
31568,,-78.545181,35.691606
31569,,-78.533198,35.681903
31570,,-78.526134,35.684037
31571,,-78.516011,35.678891
31572,,-78.575779,35.668151
31573,,-78.577647,35.657581
31574,,-78.569037,35.666506
31575,,-78.575454,35.664657
31576,,-78.57066,35.666711
31577,,-78.566423,35.666146
31578,,-78.567534,35.666299
31579,,-78.575478,35.671212
31580,,-78.574051,35.668842
31581,,-78.574693,35.669382
31582,,-78.575803,35.67215
31583,,-78.562263,35.681059
31584,,-78.546283,35.661014
31585,,-78.555792,35.663755
31586,,-78.55687,35.664023
31587,,-78.546495,35.666687
31588,,-78.546445,35.661073
31589,,-78.549945,35.66217
31590,,-78.551285,35.677117
31591,,-78.547989,35.671063
31592,,-78.550531,35.682498
31593,,-78.558039,35.687023
31594,,-78.557765,35.693128
31595,,-78.561831,35.710944
31596,,-78.550155,35.691036
31597,,-78.552507,35.69269
31598,,-78.550292,35.686481
31599,,-78.554088,35.692889
31600,,-78.549901,35.69569
31601,,-78.548925,35.696491
31602,,-78.550014,35.693664
31603,,-78.547205,35.697049
31604,,-78.557559,35.708197
31605,,-78.557366,35.706011
31606,,-78.555821,35.707741
31607,,-78.558433,35.708938
31608,,-78.559302,35.709687
31609,,-78.546038,35.716569
31610,,-78.522613,35.676915
31611,,-78.54411,35.659153
31612,,-78.544865,35.660309
31613,,-78.53197,35.681182
31614,,-78.531927,35.681328
31615,,-78.520145,35.672703
31616,,-78.514647,35.673442
31617,,-78.525265,35.683347
31618,,-78.512627,35.678107
31619,,-78.536398,35.701968
31620,,-78.541321,35.691397
31621,,-78.54289,35.685336
31622,,-78.534541,35.689066
31623,,-78.526453,35.684682
31624,,-78.546426,35.71736
31625,,-78.544691,35.723753
31626,,-78.545909,35.724015
31627,,-78.549159,35.738656
31628,,-78.560148,35.733002
31629,,-78.575116,35.733355
31630,,-78.576523,35.731056
31631,,-78.571907,35.740947
31632,,-78.57438,35.734591
31633,,-78.574951,35.733625
31634,,-78.577389,35.743102
31635,,-78.576648,35.742818
31636,,-78.566995,35.737964
31637,,-78.56565,35.73701
31638,,-78.555638,35.731208
31639,,-78.548123,35.725206
31640,,-78.55578,35.729783
31641,,-78.560004,35.732864
31642,,-78.548742,35.721955
31643,,-78.547925,35.720393
31644,,-78.547237,35.719028
31645,,-78.545587,35.739563
31646,,-78.550601,35.737788
31647,,-78.541931,35.733071
31648,,-78.54151,35.731777
31649,,-78.539566,35.731555
31650,,-78.54126,35.734345
31651,,-78.541202,35.735263
31652,,-78.541635,35.737951
31653,,-78.542913,35.739577
31654,,-78.542429,35.739883
31655,,-78.636223,35.784531
31656,,-78.634584,35.784457
31657,,-78.635948,35.789124
31658,,-78.634352,35.78898
31659,,-78.635883,35.790136
31660,,-78.635823,35.790829
31661,,-78.638491,35.789982
31662,,-78.637827,35.786714
31663,,-78.638577,35.788798
31664,,-78.642845,35.78596
31665,,-78.642722,35.785502
31666,,-78.641161,35.788193
31667,,-78.639638,35.788108
31668,,-78.642909,35.7876
31669,,-78.637873,35.78461
31670,,-78.638461,35.790393
31671,,-78.636945,35.787922
31672,,-78.637722,35.787986
31673,,-78.641758,35.793734
31674,,-78.63841,35.791094
31675,,-78.638338,35.792076
31676,,-78.638291,35.792726
31677,,-78.635216,35.791223
31678,,-78.631874,35.787293
31679,,-78.630251,35.787224
31680,,-78.634437,35.787348
31681,,-78.632795,35.787292
31682,,-78.628627,35.78655
31683,,-78.627933,35.784607
31684,,-78.627144,35.784593
31685,,-78.629533,35.787945
31686,,-78.628558,35.787244
31687,,-78.624633,35.783386
31688,,-78.624579,35.78455
31689,,-78.623376,35.783342
31690,,-78.4988,35.666105
31691,,-78.50415,35.655066
31692,,-78.504322,35.655497
31693,,-78.50473,35.65599
31694,,-78.510257,35.65805
31695,,-78.508471,35.657101
31696,,-78.497794,35.665647
31697,,-78.504729,35.668834
31698,,-78.509385,35.670964
31699,,-78.508686,35.670649
31700,,-78.509862,35.671179
31701,,-78.506369,35.669598
31702,,-78.50972,35.677464
31703,,-78.497606,35.673748
31704,,-78.495969,35.673872
31705,,-78.487023,35.660756
31706,,-78.489997,35.662111
31707,,-78.488571,35.661461
31708,,-78.48377,35.659274
31709,,-78.492815,35.674097
31710,,-78.495405,35.673906
31711,,-78.494624,35.67397
31712,,-78.46369,35.655244
31713,,-78.462345,35.656376
31714,,-78.462107,35.656565
31715,,-78.462604,35.657993
31716,,-78.469471,35.660968
31717,,-78.471154,35.662459
31718,,-78.470007,35.656075
31719,,-78.471231,35.662544
31720,,-78.46806,35.659796
31721,,-78.471396,35.654949
31722,,-78.478039,35.65767
31723,,-78.478179,35.659699
31724,,-78.476837,35.656041
31725,,-78.477672,35.66285
31726,,-78.471386,35.662743
31727,,-78.473182,35.666114
31728,,-78.472088,35.665499
31729,,-78.471672,35.664742
31730,,-78.466497,35.652897
31731,,-78.467371,35.65822
31732,,-78.468253,35.657502
31733,,-78.465785,35.653499
31734,,-78.464635,35.657024
31735,,-78.455102,35.658147
31736,,-78.454515,35.658649
31737,,-78.452244,35.659485
31738,,-78.458787,35.652299
31739,,-78.459786,35.654327
31740,,-78.458938,35.65502
31741,,-78.458309,35.65553
31742,,-78.457705,35.656021
31743,,-78.459931,35.653213
31744,,-78.461304,35.654329
31745,,-78.459547,35.654525
31746,,-78.459918,35.654221
31747,,-78.462191,35.657621
31748,,-78.461497,35.657074
31749,,-78.457076,35.656531
31750,,-78.455574,35.657756
31751,,-78.455204,35.658062
31752,,-78.453252,35.659247
31753,,-78.442465,35.662816
31754,,-78.755179,35.600144
31755,,-78.76339,35.597002
31756,,-78.573052,35.882708
31757,,-78.408254,35.799015
31758,,-78.38796,35.7884
31759,,-78.659323,35.745132
31760,,-78.659423,35.745135
31761,,-78.646237,35.864618
31762,,-79.260713,36.091252
31763,,-79.08091,35.94725
31764,,-79.011579,35.951166
31765,,-79.01383,35.950759
31766,,-78.966365,36.012534
31767,,-78.941462,36.022144
31768,,-78.945517,36.021099
31769,,-78.945509,36.021584
31770,,-78.820435,35.746091
31771,,-78.788958,35.824042
31772,,-78.674972,35.772493
31773,,-78.676849,35.769264
31774,,-78.685491,35.774271
31775,,-78.685827,35.779816
31776,,-78.670328,35.774539
31777,,-78.716903,35.802358
31778,,-78.716784,35.800645
31779,,-78.748908,35.88271
31780,,-78.715336,35.870597
31781,,-78.705066,35.797817
31782,,-78.702166,35.792243
31783,,-78.683711,35.786758
31784,,-78.681575,35.785753
31785,,-78.68166,35.785159
31786,,-78.667683,35.785189
31787,,-78.670518,35.785914
31788,,-78.671966,35.88693
31789,,-78.649434,35.857623
31790,,-78.585745,35.781698
31791,,-78.601648,35.769691
31792,,-78.605923,35.763948
31793,,-78.607693,35.785887
31794,,-78.634181,35.811447
31795,,-78.629135,35.83463
31796,,-78.635852,35.836959
31797,,-78.638834,35.838252
31798,,-78.585387,35.802282
31799,,-78.603268,35.786365
31800,,-78.619274,35.887246
31801,,-78.608664,35.892292
31802,,-78.519223,35.948903
31803,,-78.837459,35.633905
31804,,-78.801517,35.572922
31805,,-78.806747,35.623221
31806,,-78.831408,35.632728
31807,,-78.739571,35.532774
31808,,-78.725585,35.625175
31809,,-78.717758,35.628822
31810,,-78.716416,35.630793
31811,,-78.716158,35.631379
31812,,-78.716109,35.631014
31813,,-78.559062,35.609172
31814,,-78.643907,35.852188
31815,,-78.643254,35.786914
31816,,-79.16599,35.746345
31817,,-79.024336,35.928154
31818,,-78.99559,35.926372
31819,,-78.82358,35.909692
31820,,-78.905293,35.995521
31821,,-79.148858,35.731818
31822,,-79.146838,35.734988
31823,,-79.146563,35.735419
31824,,-79.084325,35.853511
31825,,-79.09007,35.900969
31826,,-79.065734,35.879857
31827,,-79.06496,35.878721
31828,,-78.920143,35.737472
31829,,-78.92437,35.734865
31830,,-78.916102,35.743679
31831,,-78.915793,35.744809
31832,,-79.002913,35.902372
31833,,-79.012485,35.896455
31834,,-79.014304,35.894776
31835,,-79.011992,35.902611
31836,,-79.0121,35.902483
31837,,-79.001913,35.902148
31838,,-78.993028,35.91001
31839,,-78.925917,35.800472
31840,,-78.947086,35.904331
31841,,-79.096236,35.915967
31842,,-79.071607,35.970555
31843,,-79.074322,35.96889
31844,,-79.06691,35.930453
31845,,-79.054769,35.924373
31846,,-79.039012,35.925824
31847,,-79.092936,36.040946
31848,,-79.07359,36.064074
31849,,-79.100499,36.08602
31850,,-79.025339,35.927259
31851,,-78.989627,35.933076
31852,,-78.990219,35.950459
31853,,-78.954944,35.969076
31854,,-78.96056,35.962401
31855,,-78.954064,35.968795
31856,,-78.95997,35.962135
31857,,-78.943263,35.993725
31858,,-78.953044,36.004498
31859,,-78.946226,36.021389
31860,,-78.928627,36.006322
31861,,-78.934716,36.011025
31862,,-78.929152,36.00624
31863,,-78.923725,36.010728
31864,,-78.75808,35.784037
31865,,-78.751226,35.787542
31866,,-78.841143,35.719641
31867,,-78.842788,35.668397
31868,,-78.846833,35.66648
31869,,-78.848842,35.66548
31870,,-78.852312,35.711604
31871,,-78.850807,35.726344
31872,,-78.822933,35.745744
31873,,-78.777379,35.740091
31874,,-78.782701,35.769699
31875,,-78.821092,35.847998
31876,,-78.834229,35.847904
31877,,-78.890519,35.809316
31878,,-78.882977,35.810911
31879,,-78.894498,35.808996
31880,,-78.896969,35.807643
31881,,-78.870248,35.787485
31882,,-78.817559,35.836608
31883,,-78.819838,35.844118
31884,,-78.83532,35.846781
31885,,-78.782375,35.788364
31886,,-78.658918,35.733688
31887,,-78.657323,35.732233
31888,,-78.665946,35.749513
31889,,-78.670705,35.779351
31890,,-78.666976,35.776865
31891,,-78.71588,35.801204
31892,,-78.680594,35.816337
31893,,-78.702489,35.785481
31894,,-78.707601,35.805918
31895,,-78.677505,35.838344
31896,,-78.674874,35.835118
31897,,-78.703772,35.859326
31898,,-78.665419,35.858064
31899,,-78.7777,35.919795
31900,,-78.772252,35.919128
31901,,-78.896738,35.989326
31902,,-78.89728,35.988979
31903,,-78.778069,35.922522
31904,,-78.778925,35.926099
31905,,-78.882328,36.047026
31906,,-79.136988,36.179798
31907,,-78.389625,35.788321
31908,,-78.560513,35.723051
31909,,-78.622927,35.707343
31910,,-78.564219,35.767622
31911,,-78.576602,35.864843
31912,,-78.579234,35.847559
31913,,-78.607497,35.867964
31914,,-78.546512,35.796864
31915,,-78.497234,35.664417
31916,,-78.471862,35.82487
31917,,-78.491399,35.797494
31918,,-78.405155,35.798737
31919,,-78.511318,35.975254
31920,,-78.475593,36.020266
31921,,-78.490137,35.985837
31922,,-78.49128,35.987022
31923,,-78.427368,36.132246
31924,,-78.449344,36.145582
31925,,-78.367817,35.782382
31926,,-78.358735,35.801011
31927,,-78.323452,35.82177
31928,,-78.333426,35.872977
31929,,-78.667357,35.777992
31930,,-79.143952,35.933772
31931,,-79.3261,35.97856
31932,,-79.085642,35.894522
31933,,-79.075108,35.833955
31934,,-78.89022,35.809328
31935,,-78.557901,35.693302
31936,,-78.707304,35.474321
31937,,-78.707005,35.47492
31938,,-78.715031,35.514538
31939,,-78.713991,35.513475
31940,,-78.735841,35.512755
31941,,-78.883915,35.613007
31942,,-78.68417,35.702292
31943,,-78.787475,35.7571
31944,,-78.784521,35.757644
31945,,-78.781242,35.78386
31946,,-78.781242,35.784601
31947,,-78.781186,35.788565
31948,,-78.683361,35.889568
31949,,-78.725873,35.887446
31950,,-78.702658,35.860471
31951,,-78.49391,35.798789
31952,,-78.374416,35.791921
31953,,-78.350807,35.799474
31954,,-78.194892,36.005263
31955,,-78.215983,36.001699
31956,,-78.218087,36.002209
31957,,-78.279993,36.004123
31958,,-78.279102,36.002171
31959,,-78.293151,36.005617
31960,,-78.292612,36.005781
31961,,-78.406731,35.974403
31962,,-78.406749,35.975323
31963,,-78.429888,35.937949
31964,,-79.053772,36.353476
31965,,-79.073129,36.378132
31966,,-78.896375,36.314191
31967,,-78.745724,36.330087
31968,,-78.742542,36.325714
31969,,-78.777332,36.154369
31970,,-78.690427,36.123403
31971,,-78.671961,36.106334
31972,,-78.750753,36.104345
31973,,-78.743074,36.084073
31974,,-78.986842,35.975224
31975,,-78.580301,35.787365
31976,,-78.735589,35.415188
31977,,-78.532685,36.008156
31978,,-78.576339,35.914972
31979,,-79.111561,36.059546
31980,,-78.547212,35.521682
31981,,-79.221703,35.740866
31982,,-78.858807,35.740337
31983,,-78.806131,35.813246
31984,,-78.703949,35.911256
31985,,-79.326544,36.070952
31986,,-79.346602,36.045323
31987,,-79.36838,36.02591
31988,,-79.321971,35.945244
31989,,-79.276491,36.153621
31990,,-78.925395,35.65232
31991,,-78.849101,35.651194
31992,,-78.466798,35.652642
31993,,-78.654884,35.376038
31994,,-79.05207,35.630472
31995,,-79.089709,35.618265
31996,,-79.017032,35.555826
31997,,-79.002803,35.633996
31998,,-78.675133,35.377232
31999,,-78.695335,35.339228
32000,,-78.683105,35.344937
32001,,-78.669658,35.345551
32002,,-78.776784,35.449672
32003,,-78.811728,35.409172
32004,,-78.781901,35.461154
32005,,-78.82613,35.645768
32006,,-78.821011,35.646251
32007,,-78.793123,35.586298
32008,,-78.73783,35.446198
32009,,-78.743043,35.475118
32010,,-78.673469,35.414876
32011,,-78.733699,35.545755
32012,,-78.756311,35.604083
32013,,-78.76648,35.594588
32014,,-78.728853,35.594949
32015,,-78.694877,35.533511
32016,,-78.650775,35.596149
32017,,-78.613501,35.35001
32018,,-78.529145,35.34975
32019,,-78.540398,35.361844
32020,,-78.502887,35.367284
32021,,-78.488656,35.369145
32022,,-78.590019,35.393065
32023,,-78.599023,35.610627
32024,,-78.543022,35.522087
32025,,-78.52469,35.560728
32026,,-78.543403,35.614989
32027,,-78.535613,35.613897
32028,,-78.405718,35.453334
32029,,-78.476779,35.558082
32030,,-78.505764,35.555747
32031,,-78.460461,35.613808
32032,,-78.393181,35.56845
32033,,-78.273116,35.550121
32034,,-78.263426,35.55511
32035,,-78.247565,35.430289
32036,,-78.22682,35.477265
32037,,-78.20116,35.488582
32038,,-78.163498,35.514
32039,,-78.183741,35.631889
32040,,-78.182963,35.553662
32041,,-78.214856,35.639252
32042,,-78.166915,35.54555
32043,,-78.158969,35.561318
32044,,-78.141489,35.590781
32045,,-78.100077,35.579223
32046,,-78.642852,35.78134
32047,,-78.642256,35.791921
32048,,-78.642643,35.778384
32049,,-79.149016,36.170916
32050,,-79.399717,35.734386
32051,,-79.286126,35.681596
32052,,-79.21383,35.747035
32053,,-79.271263,35.848424
32054,,-79.20076,35.862859
32055,,-79.19508,35.911536
32056,,-79.237405,36.04129
32057,,-79.305351,36.074527
32058,,-79.293082,35.954917
32059,,-79.323413,36.077499
32060,,-79.326634,36.095195
32061,,-79.308857,36.116688
32062,,-79.239326,36.078602
32063,,-79.268679,36.074498
32064,,-79.269369,36.096306
32065,,-79.258096,36.093939
32066,,-79.250123,36.079442
32067,,-79.190174,36.081498
32068,,-79.224005,36.076787
32069,,-79.250529,36.197546
32070,,-79.249332,36.235615
32071,,-79.19481,36.209075
32072,,-79.189757,36.244205
32073,,-78.960806,35.911609
32074,,-78.90118,36.033848
32075,,-78.903475,36.049562
32076,,-78.90456,36.002396
32077,,-78.905222,35.990254
32078,,-78.877974,35.91382
32079,,-78.905485,35.750585
32080,,-78.904435,35.992807
32081,,-79.119149,35.865569
32082,,-79.039489,35.8179
32083,,-79.07412,35.91116
32084,,-79.071627,35.910378
32085,,-79.061827,35.895038
32086,,-79.051013,35.901567
32087,,-79.051143,35.911925
32088,,-79.056224,35.907584
32089,,-79.05474,35.902193
32090,,-79.054659,35.908656
32091,,-79.056884,35.912734
32092,,-79.054958,35.9061
32093,,-79.057629,35.912449
32094,,-79.044787,35.907161
32095,,-79.043086,35.900321
32096,,-78.930012,35.728549
32097,,-78.948278,35.763641
32098,,-78.922607,35.72626
32099,,-78.997012,35.879799
32100,,-79.019523,35.900557
32101,,-79.014853,35.904492
32102,,-78.997945,35.905007
32103,,-78.975637,35.886069
32104,,-78.938698,35.903541
32105,,-78.951631,35.903075
32106,,-78.933826,35.910486
32107,,-79.095875,35.914515
32108,,-79.07644,35.935694
32109,,-79.071018,35.969668
32110,,-79.061989,35.915122
32111,,-79.054517,35.91475
32112,,-79.105248,36.061783
32113,,-79.005442,35.968469
32114,,-79.005706,35.947768
32115,,-79.019335,35.937291
32116,,-79.032536,35.928065
32117,,-79.028272,35.926551
32118,,-79.028232,35.933838
32119,,-79.023783,35.932973
32120,,-79.015389,35.940569
32121,,-79.013161,35.941861
32122,,-78.996226,35.932277
32123,,-78.977901,35.942757
32124,,-78.994472,35.950058
32125,,-78.999795,35.95047
32126,,-78.989632,35.950164
32127,,-78.971048,35.952083
32128,,-78.974732,35.958786
32129,,-78.973357,35.960609
32130,,-78.997275,36.01244
32131,,-78.954647,35.925837
32132,,-78.954618,35.922453
32133,,-78.966166,35.953882
32134,,-78.956194,35.965794
32135,,-78.93927,35.969589
32136,,-78.941753,35.975631
32137,,-78.940012,36.008479
32138,,-78.934266,36.004305
32139,,-78.938496,36.00828
32140,,-78.941929,36.002937
32141,,-78.945706,36.000808
32142,,-78.945569,36.018068
32143,,-78.936177,36.019317
32144,,-78.907549,35.996232
32145,,-78.932679,35.993485
32146,,-78.927065,35.992279
32147,,-78.928885,36.009361
32148,,-78.927193,36.001423
32149,,-78.931775,35.997992
32150,,-78.922305,36.001519
32151,,-78.925936,36.005634
32152,,-78.922127,36.008532
32153,,-78.923311,36.010415
32154,,-78.911386,35.984555
32155,,-78.908804,35.995321
32156,,-78.90759,35.993267
32157,,-78.915679,36.005247
32158,,-78.907929,35.999831
32159,,-78.905834,35.999167
32160,,-78.906835,35.998574
32161,,-78.906585,36.002001
32162,,-78.935656,36.036024
32163,,-78.908251,36.017888
32164,,-78.90821,36.038591
32165,,-78.910859,36.032658
32166,,-78.978213,36.064386
32167,,-78.935298,36.051808
32168,,-78.796465,35.783357
32169,,-78.77758,35.787523
32170,,-78.674885,35.784851
32171,,-78.687093,35.783039
32172,,-78.783681,35.781279
32173,,-78.643297,35.781656
32174,,-78.869697,35.712421
32175,,-78.837353,35.708989
32176,,-78.878113,35.685058
32177,,-78.887783,35.714265
32178,,-78.85921,35.698458
32179,,-78.84711,35.713812
32180,,-78.895004,35.735487
32181,,-78.893946,35.740913
32182,,-78.876274,35.723051
32183,,-78.894506,35.750372
32184,,-78.853061,35.736144
32185,,-78.852138,35.755891
32186,,-78.8312,35.659141
32187,,-78.830304,35.65655
32188,,-78.816257,35.655917
32189,,-78.837402,35.6917
32190,,-78.838276,35.690746
32191,,-78.835812,35.706078
32192,,-78.789317,35.681482
32193,,-78.832233,35.750913
32194,,-78.833561,35.723549
32195,,-78.836281,35.745236
32196,,-78.817059,35.745931
32197,,-78.809895,35.739557
32198,,-78.787855,35.74492
32199,,-78.801726,35.745643
32200,,-78.839605,35.877611
32201,,-78.840899,35.897452
32202,,-78.857694,35.795425
32203,,-78.845134,35.812417
32204,,-78.844687,35.819263
32205,,-78.849481,35.881935
32206,,-78.876698,35.856458
32207,,-78.895202,35.867214
32208,,-78.884254,35.86229
32209,,-78.875338,35.8755
32210,,-78.897006,35.897125
32211,,-78.879773,35.896724
32212,,-78.898269,35.887766
32213,,-78.895463,35.88839
32214,,-78.879358,35.893165
32215,,-78.885418,35.885884
32216,,-78.883723,35.899918
32217,,-78.871543,35.859143
32218,,-78.851066,35.873828
32219,,-78.850468,35.880229
32220,,-78.843676,35.873259
32221,,-78.843242,35.880884
32222,,-78.853361,35.884819
32223,,-78.865906,35.892709
32224,,-78.860946,35.892744
32225,,-78.851758,35.905194
32226,,-78.807618,35.796051
32227,,-78.795752,35.829725
32228,,-78.808758,35.792278
32229,,-78.812528,35.805946
32230,,-78.833195,35.84544
32231,,-78.789787,35.788437
32232,,-78.795219,35.798165
32233,,-78.79037,35.79406
32234,,-78.803318,35.800571
32235,,-78.815517,35.870618
32236,,-78.837791,35.860536
32237,,-78.836503,35.851256
32238,,-78.829133,35.852725
32239,,-78.831416,35.868945
32240,,-78.821968,35.86086
32241,,-78.825792,35.890794
32242,,-78.817943,35.902026
32243,,-78.711375,35.656404
32244,,-78.746195,35.75612
32245,,-78.764216,35.778355
32246,,-78.768939,35.771817
32247,,-78.736524,35.748641
32248,,-78.740693,35.768657
32249,,-78.705415,35.749378
32250,,-78.672979,35.778334
32251,,-78.674898,35.762443
32252,,-78.675282,35.774948
32253,,-78.690921,35.760286
32254,,-78.662181,35.760189
32255,,-78.669662,35.782549
32256,,-78.651378,35.77998
32257,,-78.649403,35.773276
32258,,-78.646608,35.774499
32259,,-78.644818,35.777123
32260,,-78.707162,35.795899
32261,,-78.766976,35.796707
32262,,-78.770378,35.790807
32263,,-78.745328,35.810202
32264,,-78.738256,35.798591
32265,,-78.725968,35.789298
32266,,-78.720478,35.7853
32267,,-78.714736,35.786469
32268,,-78.769828,35.894488
32269,,-78.72956,35.85995
32270,,-78.677442,35.836769
32271,,-78.676168,35.835262
32272,,-78.69389,35.786278
32273,,-78.68394,35.784658
32274,,-78.688239,35.789029
32275,,-78.678084,35.784505
32276,,-78.704967,35.818208
32277,,-78.682392,35.843664
32278,,-78.657321,35.804432
32279,,-78.648895,35.786498
32280,,-78.649079,35.783145
32281,,-78.668821,35.839867
32282,,-78.698645,35.858417
32283,,-78.680176,35.868147
32284,,-78.651953,35.909694
32285,,-78.848648,36.033426
32286,,-78.801434,36.049227
32287,,-78.769873,35.969905
32288,,-78.771898,35.943778
32289,,-78.873912,35.951813
32290,,-78.869681,35.964106
32291,,-78.88862,35.917229
32292,,-78.87801,35.91563
32293,,-78.886771,35.961545
32294,,-78.882435,35.949377
32295,,-78.869328,35.925003
32296,,-78.872438,35.918892
32297,,-78.862218,35.96978
32298,,-78.873738,35.976487
32299,,-78.869877,36.020692
32300,,-78.897105,35.991532
32301,,-78.899068,35.988214
32302,,-78.900873,35.995139
32303,,-78.901981,35.992679
32304,,-78.898244,35.991542
32305,,-78.900874,35.99138
32306,,-78.902481,35.991501
32307,,-78.902754,35.995289
32308,,-78.897013,35.989279
32309,,-78.89222,35.985048
32310,,-78.891282,35.98716
32311,,-78.894594,35.988188
32312,,-78.895867,35.990163
32313,,-78.901384,36.004627
32314,,-78.901415,36.002878
32315,,-78.90384,35.997559
32316,,-78.901674,35.997537
32317,,-78.903388,36.002816
32318,,-78.902941,36.003981
32319,,-78.890487,36.000003
32320,,-78.881467,35.983498
32321,,-78.881851,35.990628
32322,,-78.881545,36.011924
32323,,-78.853702,35.997341
32324,,-78.86973,35.993283
32325,,-78.864426,35.998625
32326,,-78.868305,36.004751
32327,,-78.86652,36.020184
32328,,-78.862233,36.027682
32329,,-78.801492,35.991697
32330,,-78.789412,35.982564
32331,,-78.831815,36.100092
32332,,-78.779496,36.111713
32333,,-78.840153,36.063979
32334,,-78.859004,36.078772
32335,,-78.84,36.092471
32336,,-78.822247,36.081782
32337,,-78.743137,35.950293
32338,,-78.718242,35.920399
32339,,-78.687199,35.965859
32340,,-78.746743,36.107609
32341,,-78.744872,36.063728
32342,,-78.928566,36.448231
32343,,-79.015739,36.434623
32344,,-79.059381,36.366825
32345,,-79.035544,36.403659
32346,,-79.004562,36.214888
32347,,-78.982737,36.370788
32348,,-78.979063,36.359056
32349,,-79.006643,36.373299
32350,,-78.992166,36.388191
32351,,-78.978188,36.402253
32352,,-79.00217,36.484585
32353,,-79.007987,36.458218
32354,,-78.752123,36.292888
32355,,-78.844624,36.184505
32356,,-78.87623,36.217357
32357,,-78.832944,36.311638
32358,,-78.65058,36.197643
32359,,-78.669031,36.250664
32360,,-78.714539,36.313091
32361,,-78.464632,35.782563
32362,,-78.633437,35.782356
32363,,-78.630476,35.782917
32364,,-78.586015,35.670052
32365,,-78.5804,35.69154
32366,,-78.634477,35.690669
32367,,-78.639284,35.717345
32368,,-78.634955,35.708113
32369,,-78.593722,35.667845
32370,,-78.585749,35.69967
32371,,-78.595936,35.7001
32372,,-78.592542,35.698853
32373,,-78.613456,35.759954
32374,,-78.636666,35.72423
32375,,-78.627558,35.765645
32376,,-78.641018,35.75579
32377,,-78.635296,35.756208
32378,,-78.633665,35.771232
32379,,-78.636086,35.77413
32380,,-78.63623,35.778169
32381,,-78.642006,35.774627
32382,,-78.637125,35.774165
32383,,-78.638624,35.770606
32384,,-78.638339,35.775951
32385,,-78.638499,35.78253
32386,,-78.641361,35.778337
32387,,-78.639714,35.778282
32388,,-78.641147,35.781281
32389,,-78.636356,35.782186
32390,,-78.629621,35.765698
32391,,-78.633267,35.778588
32392,,-78.603436,35.747363
32393,,-78.548065,35.696772
32394,,-78.564438,35.710577
32395,,-78.533404,35.688615
32396,,-78.536088,35.753719
32397,,-78.584277,35.845143
32398,,-78.597004,35.815392
32399,,-78.642676,35.785763
32400,,-78.637821,35.785611
32401,,-78.636204,35.784853
32402,,-78.638184,35.798892
32403,,-78.617853,35.80423
32404,,-78.578918,35.796923
32405,,-78.607728,35.813
32406,,-78.597707,35.805429
32407,,-78.59438,35.808861
32408,,-78.586264,35.786695
32409,,-78.58525,35.795432
32410,,-78.580296,35.787182
32411,,-78.603787,35.819825
32412,,-78.601697,35.848387
32413,,-78.601767,35.837173
32414,,-78.590784,35.819888
32415,,-78.611949,35.853698
32416,,-78.626171,35.882085
32417,,-78.621758,35.867748
32418,,-78.630942,35.894163
32419,,-78.599821,35.851948
32420,,-78.608566,35.86012
32421,,-78.58554,35.868673
32422,,-78.603392,35.898719
32423,,-78.559663,35.798347
32424,,-78.574554,35.820568
32425,,-78.562907,35.846158
32426,,-78.538055,35.863678
32427,,-78.576928,35.86356
32428,,-78.558198,35.900548
32429,,-78.567601,35.886867
32430,,-78.495424,35.664576
32431,,-78.475738,35.65543
32432,,-78.479084,35.782781
32433,,-78.461817,35.824648
32434,,-78.405032,35.902158
32435,,-78.437671,35.886989
32436,,-78.511046,35.981635
32437,,-78.577331,35.935865
32438,,-78.527569,35.91997
32439,,-78.517673,35.949938
32440,,-78.514752,35.998393
32441,,-78.50728,35.941805
32442,,-78.482727,35.987101
32443,,-78.476983,36.097322
32444,,-78.477945,36.076721
32445,,-78.487621,36.048958
32446,,-78.4682,36.067398
32447,,-78.450644,36.083315
32448,,-78.453139,36.161747
32449,,-78.344759,35.774544
32450,,-78.342097,35.851234
32451,,-78.372171,35.784671
32452,,-78.33442,35.80859
32453,,-78.214913,35.660286
32454,,-78.151752,35.67083
32455,,-78.181974,35.739925
32456,,-78.225955,35.88807
32457,,-78.197158,35.855866
32458,,-78.178051,35.803681
32459,,-78.180374,35.833412
32460,,-78.327995,36.106474
32461,,-78.372759,36.140377
32462,,-78.337489,36.149463
32463,,-78.30291,36.078625
32464,,-78.260731,36.073529
32465,,-78.188039,35.922349
32466,,-78.197521,36.025155
32467,,-78.182117,35.93874
32468,,-78.17233,35.956699
32469,,-78.174913,36.008435
32470,,-78.179671,36.114247
32471,,-78.626728,36.191642
32472,,-78.628822,36.219196
32473,,-78.583249,36.191787
32474,,-78.558372,36.188832
32475,,-78.942485,36.008089
32476,,-78.944331,36.004898
32477,,-78.939846,36.004597
32478,,-78.678955,35.771556
32479,,-78.672532,35.77366
32480,,-78.676528,35.779519
32481,,-78.682901,35.780515
32482,,-78.666759,35.774162
32483,,-78.668678,35.782181
32484,,-78.680624,35.782954
32485,,-78.597342,35.818367
32486,,-78.793246,35.796254
32487,,-78.797137,35.799079
32488,,-78.810807,35.809794
32489,,-78.574135,35.810418
32490,,-79.104504,35.823335
32491,,-79.009995,35.903673
32492,,-78.337887,35.565721
32493,,-78.994398,35.952599
32494,,-78.475463,35.819488
32495,,-79.270035,36.099287
32496,,-79.082318,36.059029
32497,,-79.102826,36.057174
32498,,-79.104129,36.057026
32499,,-79.104848,36.057786
32500,,-79.103886,36.058099
32501,,-79.105203,36.056765
32502,,-79.103149,36.056183
32503,,-79.104323,36.055666
32504,,-78.816541,35.953019
32505,,-79.007588,35.945923
32506,,-78.995135,35.930035
32507,,-79.156673,35.742542
32508,,-78.8268,35.899865
32509,,-78.942849,36.04393
32510,,-78.940212,36.049762
32511,,-78.938781,36.035827
32512,,-78.943364,36.026169
32513,,-79.0233,35.936867
32514,,-79.022175,35.937779
32515,,-79.018175,35.941477
32516,,-79.021346,35.93958
32517,,-79.018828,35.937941
32518,,-79.020528,35.940149
32519,,-79.021592,35.93732
32520,,-79.023357,35.910706
32521,,-79.075555,35.952619
32522,,-78.950845,35.808697
32523,,-78.855863,35.877212
32524,,-79.015565,35.943685
32525,,-79.038216,35.95537
32526,,-78.968365,36.024093
32527,,-78.965151,36.01623
32528,,-78.892542,36.000339
32529,,-78.890944,36.000356
32530,,-78.887694,36.000389
32531,,-78.867933,35.879134
32532,,-78.867926,35.878946
32533,,-78.866913,35.879321
32534,,-78.866807,35.879147
32535,,-78.85861,35.8576
32536,,-78.858445,35.857661
32537,,-78.857634,35.856891
32538,,-78.857507,35.857004
32539,,-78.857382,35.856724
32540,,-78.85727,35.856824
32541,,-78.856936,35.856335
32542,,-78.856824,35.856457
32543,,-78.86354,35.850276
32544,,-78.863407,35.850359
32545,,-78.86497,35.850203
32546,,-78.865083,35.850092
32547,,-78.892669,35.831048
32548,,-78.892725,35.830916
32549,,-78.892289,35.830932
32550,,-78.892341,35.830803
32551,,-78.891477,35.752121
32552,,-78.891477,35.751988
32553,,-78.892197,35.752785
32554,,-78.892202,35.752653
32555,,-78.884488,35.717226
32556,,-78.884543,35.717351
32557,,-78.884191,35.717451
32558,,-78.884135,35.71732
32559,,-78.88085,35.710719
32560,,-78.880786,35.71062
32561,,-78.881813,35.70851
32562,,-78.881702,35.708424
32563,,-78.849546,35.68843
32564,,-78.849751,35.688437
32565,,-78.849748,35.688121
32566,,-78.849566,35.688115
32567,,-78.645723,35.745314
32568,,-78.829236,35.747904
32569,,-78.848124,35.878038
32570,,-78.931418,35.729013
32571,,-78.921231,35.760937
32572,,-78.923782,35.773606
32573,,-78.922452,35.784254
32574,,-78.922285,35.794438
32575,,-78.926325,35.801272
32576,,-78.928005,35.816924
32577,,-78.925838,35.847049
32578,,-78.925187,35.856336
32579,,-78.933955,35.875251
32580,,-78.943678,35.888823
32581,,-78.949304,35.89157
32582,,-78.953432,35.894655
32583,,-78.950468,35.903372
32584,,-78.940565,35.911146
32585,,-78.90305,35.947577
32586,,-78.906232,35.99062
32587,,-78.927792,35.923794
32588,,-78.917297,35.932382
32589,,-78.908801,35.935635
32590,,-78.906695,35.939504
32591,,-78.901842,35.950353
32592,,-78.907071,35.963996
32593,,-78.908911,35.983805
32594,,-78.907952,35.986915
32595,,-78.902649,35.776288
32596,,-78.872164,35.779698
32597,,-78.859926,35.777203
32598,,-78.813777,35.772461
32599,,-78.846046,35.773871
32600,,-78.83706,35.777266
32601,,-78.818882,35.773035
32602,,-78.810169,35.783461
32603,,-78.809902,35.786084
32604,,-78.802238,35.79146
32605,,-78.801025,35.795439
32606,,-78.795865,35.798627
32607,,-78.684298,35.841332
32608,,-78.724366,35.845276
32609,,-78.71209,35.844723
32610,,-78.533269,35.918772
32611,,-78.528268,35.883951
32612,,-78.538231,35.870855
32613,,-78.53038,35.848265
32614,,-78.532522,35.754493
32615,,-78.513908,35.726566
32616,,-78.489707,35.700988
32617,,-78.435838,35.675141
32618,,-78.442564,35.662538
32619,,-78.607326,35.80552
32620,,-78.633366,35.819562
32621,,-78.661902,35.842619
32622,,-78.548811,35.77418
32623,,-78.5616,35.782579
32624,,-78.534421,35.749138
32625,,-78.583099,35.760561
32626,,-78.564752,35.747738
32627,,-78.6001,35.760661
32628,,-78.614159,35.762228
32629,,-78.623949,35.758345
32630,,-78.631362,35.758772
32631,,-79.010914,36.046536
32632,,-78.977816,36.059133
32633,,-78.934988,36.071489
32634,,-79.053893,35.925838
32635,,-79.035181,35.927572
32636,,-79.099246,36.072404
32637,,-78.641619,35.758912
32638,,-78.64904,35.754284
32639,,-78.664083,35.75872
32640,,-78.674635,35.762928
32641,,-78.605854,35.928377
32642,,-78.579789,35.940062
32643,,-78.572726,35.937126
32644,,-78.508459,35.949136
32645,,-78.480847,35.934764
32646,,-78.643415,35.878651
32647,,-78.650828,35.868529
32648,,-78.661227,35.855486
32649,,-78.677203,35.834578
32650,,-78.68326,35.826286
32651,,-78.691606,35.8032
32652,,-78.687463,35.802053
32653,,-78.689454,35.770016
32654,,-78.694351,35.765244
32655,,-78.690754,35.767703
32656,,-78.703653,35.761747
32657,,-78.643087,35.765682
32658,,-78.724328,35.846317
32659,,-78.807748,35.828004
32660,,-78.788002,35.811792
32661,,-78.791536,35.801445
32662,,-78.788232,35.797352
32663,,-78.787829,35.797047
32664,,-78.809789,35.788608
32665,,-78.811464,35.831347
32666,,-78.847492,35.817097
32667,,-78.838251,35.827091
32668,,-78.841261,35.82476
32669,,-78.843193,35.835786
32670,,-78.843997,35.83916
32671,,-78.844979,35.841056
32672,,-78.952816,35.922694
32673,,-78.895424,35.975803
32674,,-78.916928,36.028292
32675,,-78.910549,36.033637
32676,,-78.902914,36.033403
32677,,-78.902169,36.028772
32678,,-78.899531,36.033582
32679,,-78.902717,36.028785
32680,,-78.90189,36.01289
32681,,-78.899819,36.016789
32682,,-78.925779,36.057489
32683,,-78.919006,36.046395
32684,,-78.863105,36.071866
32685,,-78.817378,36.060235
32686,,-78.816861,36.059117
32687,,-78.77636,36.052056
32688,,-79.070352,36.075137
32689,,-79.114822,36.068877
32690,,-79.069208,35.874043
32691,,-79.059717,35.891643
32692,,-79.012363,35.905955
32693,,-79.02627,35.936484
32694,,-79.024337,35.932529
32695,,-78.76646,35.755178
32696,,-78.89551,35.732317
32697,,-78.612873,35.770344
32698,,-78.794598,35.9214
32699,,-78.620456,35.709096
32700,,-79.24666,35.64855
32701,,-79.27466,35.854669
32702,,-79.19043,36.246562
32703,,-78.960077,36.49035
32704,,-78.916929,36.494953
32705,,-78.795347,36.369845
32706,,-78.886351,36.392294
32707,,-78.890573,36.439775
32708,,-78.451267,36.165367
32709,,-78.251249,36.171732
32710,,-78.183538,35.921121
32711,,-78.171457,35.981815
32712,,-78.174266,36.005673
32713,,-79.374223,35.776295
32714,,-78.169696,36.058418
32715,,-78.163549,36.094218
32716,,-78.281374,36.187459
32717,,-78.580752,35.852234
32718,,-78.770088,35.904696
32719,,-78.706624,35.804731
32720,,-78.706747,35.804842
32721,,-78.706776,35.80471
32722,,-78.70712,35.802877
32723,,-78.707153,35.802898
32724,,-78.707162,35.802844
32725,,-78.647111,35.796759
32726,,-78.646142,35.798763
32727,,-78.646411,35.798806
32728,,-78.546311,35.724159
32729,,-78.753997,35.903894
32730,,-78.588787,35.711941
32731,,-78.89037,35.76923
32732,,-78.721779,35.591097
32733,,-78.470516,36.10646
32734,,-78.471606,36.097569
32735,,-78.518802,36.000899
32736,,-78.512438,36.024529
32737,,-78.530851,35.990796
32738,,-78.495888,36.040639
32739,,-78.498778,36.042494
32740,,-78.573012,35.668054
32741,,-78.560773,35.683737
32742,,-78.41326,35.798816
32743,,-78.465998,35.820294
32744,,-78.500929,35.816114
32745,,-78.486562,35.822357
32746,,-78.473991,35.820426
32747,,-78.932975,35.674611
32748,,-78.937884,35.68565
32749,,-78.474986,35.912427
32750,,-78.476993,35.915307
32751,,-78.343413,35.832106
32752,,-78.343594,35.834965
32753,,-78.343725,35.8352
32754,,-78.346107,35.834607
32755,,-78.345908,35.834377
32756,,-78.285125,35.851893
32757,,-78.286932,35.851397
32758,,-78.28722,35.849922
32759,,-78.286922,35.849808
32760,,-78.285297,35.850551
32761,,-78.2849,35.851722
32762,,-78.540113,35.875859
32763,,-78.540709,35.876234
32764,,-78.527796,35.990216
32765,,-78.528713,35.99198
32766,,-78.531769,35.991359
32767,,-78.836055,35.645322
32768,,-78.477937,35.897564
32769,,-78.473763,36.013955
32770,,-78.498323,36.02375
32771,,-78.302368,35.805955
32772,,-78.315468,35.802527
32773,,-78.325776,35.80093
32774,,-78.750148,35.592662
32775,,-78.753289,35.600977
32776,,-78.516576,35.961734
32777,,-78.834907,35.704446
32778,,-78.833642,35.69805
32779,,-78.459395,36.09058
32780,,-78.46515,36.091476
32781,,-78.467178,36.097082
32782,,-78.458418,35.615355
32783,,-78.88087,35.693758
32784,,-78.862549,35.684331
32785,,-78.839794,35.605922
32786,,-78.455817,36.105329
32787,,-78.883032,35.559481
32788,,-78.749104,35.562008
32789,,-78.743684,35.580238
32790,,-78.740503,35.590624
32791,,-78.740952,35.611336
32792,,-78.892691,35.611413
32793,,-78.88457,35.596652
32794,,-78.826443,35.578444
32795,,-78.822279,35.617996
32796,,-78.8611,35.691722
32797,,-78.859736,35.696007
32798,,-78.838001,35.693243
32799,,-78.83391,35.696564
32800,,-78.648978,35.743
32801,,-78.743524,35.76033
32802,,-78.743299,35.760065
32803,,-78.572104,35.694038
32804,,-78.571893,35.695843
32805,,-78.87867,35.612557
32806,,-78.445965,36.145118
32807,,-78.454758,36.115596
32808,,-78.532273,35.963008
32809,,-78.876969,35.612335
32810,,-78.45467,36.115467
32811,,-78.527026,35.990325
32812,,-78.724182,35.783276
32813,,-78.724512,35.786062
32814,,-78.724404,35.785547
32815,,-78.70576,35.794651
32816,,-78.70721,35.795973
32817,,-78.513025,35.961368
32818,,-78.513955,35.961442
32819,,-78.398263,35.769006
32820,,-78.405838,35.770532
32821,,-78.789393,35.786607
32822,,-78.926474,35.801203
32823,,-78.502239,36.045915
32824,,-78.512501,35.826706
32825,,-78.512535,35.829349
32826,,-78.691029,36.123223
32827,,-78.690685,36.122743
32828,,-78.533854,35.858867
32829,,-78.743364,35.760236
32830,,-78.654221,35.724831
32831,,-78.324025,35.837929
32832,,-78.324336,35.83825
32833,,-78.549505,35.687497
32834,,-78.553465,35.688796
32835,,-78.559093,35.691186
32836,,-78.800063,35.796205
32837,,-78.797927,35.797522
32838,,-78.812379,35.806288
32839,,-78.812898,35.805152
32840,,-78.814271,35.804095
32841,,-78.831755,35.849069
32842,,-78.825095,35.868277
32843,,-78.723422,35.870807
32844,,-78.573486,35.882349
32845,,-78.878389,35.693971
32846,,-78.732367,35.618492
32847,,-78.730047,35.620149
32848,,-78.730014,35.620118
32849,,-78.729964,35.620061
32850,,-78.72183,35.625946
32851,,-78.738869,35.613113
32852,,-78.737187,35.614279
32853,,-78.73609,35.6156
32854,,-78.742783,35.609769
32855,,-78.740823,35.611201
32856,,-78.738718,35.612983
32857,,-78.725164,35.623675
32858,,-78.727661,35.621724
32859,,-78.727744,35.621811
32860,,-78.727738,35.621812
32861,,-78.725101,35.623605
32862,,-78.732328,35.618391
32863,,-78.733993,35.617244
32864,,-78.736045,35.615531
32865,,-78.734895,35.616686
32866,,-78.734058,35.617292
32867,,-78.73001,35.620031
32868,,-78.729941,35.620226
32869,,-78.730658,35.61971
32870,,-78.730578,35.619623
32871,,-78.729223,35.620598
32872,,-78.729325,35.62067
32873,,-78.723179,35.62501
32874,,-78.723826,35.624847
32875,,-78.72362,35.625019
32876,,-78.722698,35.625338
32877,,-78.722807,35.62544
32878,,-78.736708,35.614804
32879,,-78.736824,35.614877
32880,,-78.737149,35.614589
32881,,-78.716906,35.630003
32882,,-78.717336,35.62947
32883,,-78.818906,35.938734
32884,,-78.813237,35.93527
32885,,-78.837632,35.948978
32886,,-78.837486,35.949386
32887,,-78.846952,35.965594
32888,,-78.920633,36.003857
32889,,-78.920736,36.003703
32890,,-78.875877,35.976523
32891,,-78.87591,35.97632
32892,,-78.890354,35.982294
32893,,-78.890433,35.98212
32894,,-78.897076,35.987815
32895,,-78.89724,35.987667
32896,,-78.90122,35.989525
32897,,-78.901325,35.98935
32898,,-78.902996,35.990126
32899,,-78.903069,35.989954
32900,,-78.905719,35.991135
32901,,-78.905847,35.990936
32902,,-78.908877,35.99268
32903,,-78.90888,35.992471
32904,,-78.911597,35.994203
32905,,-78.91145,35.994402
32906,,-78.912054,35.996898
32907,,-78.91229,35.996891
32908,,-78.914046,35.9999
32909,,-78.913969,36.000113
32910,,-78.919198,36.003348
32911,,-78.822814,35.900233
32912,,-79.15715,35.694359
32913,,-79.17781,35.687688
32914,,-79.062562,35.969915
32915,,-79.062678,35.969362
32916,,-78.876252,35.902251
32917,,-78.872392,35.90321
32918,,-78.876523,35.900534
32919,,-79.288015,36.107567
32920,,-79.294024,36.098956
32921,,-78.53585,35.986541
32922,,-78.537025,35.946696
32923,,-78.550615,35.630821
32924,,-78.566163,35.632145
32925,,-78.567962,35.640297
32926,,-78.794247,35.673289
32927,,-78.792559,35.677378
32928,,-78.839106,35.689638
32929,,-78.840905,35.686522
32930,,-78.596144,35.818598
32931,,-78.596351,35.818845
32932,,-78.581845,35.834736
32933,,-78.58343,35.835592
32934,,-78.591483,35.820207
32935,,-78.592305,35.82178
32936,,-78.578726,35.844437
32937,,-78.579568,35.84994
32938,,-78.582154,35.849755
32939,,-78.58003,35.855188
32940,,-78.582589,35.855069
32941,,-78.581615,35.866391
32942,,-78.579612,35.87042
32943,,-78.58151,35.870863
32944,,-78.366571,35.579821
32945,,-78.36393,35.576623
32946,,-78.363873,35.578051
32947,,-78.360017,35.575734
32948,,-78.362728,35.578845
32949,,-78.362853,35.578559
32950,,-78.362292,35.577265
32951,,-78.363364,35.57759
32952,,-78.363119,35.57806
32953,,-78.349442,35.572272
32954,,-78.345413,35.570174
32955,,-78.341703,35.568445
32956,,-78.341534,35.568527
32957,,-78.345261,35.571576
32958,,-78.349339,35.57245
32959,,-78.345359,35.570786
32960,,-78.345224,35.571894
32961,,-78.595307,35.817857
32962,,-78.581745,35.834665
32963,,-78.80953,35.932133
32964,,-78.834513,35.695407
32965,,-78.833863,35.696399
32966,,-78.833568,35.698055
32967,,-78.833895,35.702042
32968,,-78.834772,35.70434
32969,,-78.834834,35.704491
32970,,-78.835704,35.706102
32971,,-78.8378,35.710243
32972,,-78.838445,35.71167
32973,,-78.83907,35.712381
32974,,-78.833603,35.697515
32975,,-78.835117,35.694561
32976,,-78.833815,35.694544
32977,,-78.839302,35.712606
32978,,-78.555651,35.630943
32979,,-78.560103,35.632556
32980,,-78.560362,35.632321
32981,,-78.675636,35.835673
32982,,-78.421437,35.805787
32983,,-78.420717,35.804888
32984,,-78.409762,35.616864
32985,,-78.418197,35.614646
32986,,-78.448904,35.640619
32987,,-78.46884,35.649627
32988,,-78.480187,35.657642
32989,,-78.496947,35.665261
32990,,-78.588847,35.70267
32991,,-78.619513,35.709013
32992,,-78.636458,35.717859
32993,,-78.635234,35.717402
32994,,-78.717938,35.786467
32995,,-78.806831,35.827184
32996,,-78.806417,35.826804
32997,,-78.815927,35.833985
32998,,-78.815285,35.833582
32999,,-78.826343,35.848831
33000,,-78.824877,35.848717
33001,,-78.409764,35.616861
33002,,-78.446412,35.632082
33003,,-78.446561,35.634271
33004,,-78.446493,35.631439
33005,,-78.902041,35.677009
33006,,-78.402218,35.591713
33007,,-78.364147,35.576357
33008,,-78.762688,35.830463
33009,,-78.739802,35.814724
33010,,-78.698929,35.783306
33011,,-78.700674,35.784536
33012,,-78.702129,35.784297
33013,,-78.698445,35.783657
33014,,-78.69555,35.78397
33015,,-78.70203,35.783771
33016,,-78.472342,36.033355
33017,,-78.721842,35.807542
33018,,-78.72406,35.808531
33019,,-78.724668,35.807692
33020,,-78.722416,35.806676
33021,,-78.724145,35.806612
33022,,-78.721982,35.808604
33023,,-78.364609,35.652927
33024,,-78.64886,35.7409
33025,,-78.649696,35.740873
33026,,-78.728666,36.150199
33027,,-78.894955,35.90703
33028,,-78.755599,35.778184
33029,,-78.072727,35.57052
33030,,-78.098568,35.568266
33031,,-78.079516,35.557503
33032,,-78.148456,35.545153
33033,,-78.149368,35.547112
33034,,-78.144811,35.514318
33035,,-78.140306,35.485451
33036,,-78.151078,35.475855
33037,,-78.219311,35.471511
33038,,-78.219244,35.471762
33039,,-78.195275,35.468014
33040,,-78.195302,35.46832
33041,,-78.17897,35.473415
33042,,-78.178968,35.473552
33043,,-78.167862,35.473876
33044,,-78.176073,35.473568
33045,,-78.167829,35.473677
33046,,-78.178839,35.474104
33047,,-78.179366,35.474354
33048,,-78.188042,35.48135
33049,,-78.16245,35.46715
33050,,-78.161929,35.473583
33051,,-78.159801,35.491235
33052,,-78.161945,35.473387
33053,,-78.15612,35.471338
33054,,-78.162731,35.46731
33055,,-78.155996,35.47149
33056,,-78.149417,35.46611
33057,,-78.149705,35.466078
33058,,-78.144765,35.466776
33059,,-78.145215,35.46037
33060,,-78.146435,35.461308
33061,,-78.147441,35.462003
33062,,-78.146905,35.461363
33063,,-78.147431,35.461297
33064,,-78.14743,35.461296
33065,,-78.145321,35.460174
33066,,-78.13771,35.455947
33067,,-78.137603,35.456189
33068,,-78.135038,35.45454
33069,,-78.134856,35.454701
33070,,-78.160453,35.465996
33071,,-78.159191,35.467568
33072,,-78.156279,35.465932
33073,,-78.162409,35.46941
33074,,-78.184092,35.463804
33075,,-78.187267,35.459461
33076,,-78.158425,35.464952
33077,,-78.163257,35.4584
33078,,-78.15445,35.397527
33079,,-78.212234,35.449556
33080,,-78.192812,35.407298
33081,,-78.366517,35.366491
33082,,-78.358283,35.282104
33083,,-78.216173,35.334663
33084,,-78.279736,35.320445
33085,,-78.320285,35.302009
33086,,-78.357491,35.273824
33087,,-78.390917,35.269869
33088,,-78.388065,35.265622
33089,,-78.38839,35.26546
33090,,-78.392523,35.264325
33091,,-78.395793,35.267911
33092,,-78.401531,35.278608
33093,,-78.428257,35.302795
33094,,-78.41329,35.302876
33095,,-78.413648,35.302835
33096,,-78.400474,35.2659
33097,,-78.443374,35.327879
33098,,-78.455662,35.320356
33099,,-78.449634,35.328824
33100,,-78.448084,35.330357
33101,,-78.444399,35.354817
33102,,-78.453184,35.331028
33103,,-78.453541,35.330877
33104,,-78.444707,35.328078
33105,,-78.492129,35.366237
33106,,-78.492311,35.366107
33107,,-78.471477,35.343767
33108,,-78.471027,35.343889
33109,,-78.450497,35.257443
33110,,-78.491907,35.263287
33111,,-78.510431,35.311846
33112,,-78.477766,35.336027
33113,,-78.185281,35.402398
33114,,-78.813344,35.407275
33115,,-78.814589,35.404071
33116,,-78.816233,35.398805
33117,,-78.814247,35.40399
33118,,-78.812883,35.407162
33119,,-78.820037,35.399778
33120,,-78.814351,35.403657
33121,,-78.810653,35.397203
33122,,-78.814487,35.403223
33123,,-78.826012,35.401354
33124,,-78.886999,35.418278
33125,,-78.935555,35.419897
33126,,-79.052999,35.438408
33127,,-79.036427,35.438408
33128,,-78.976473,35.379807
33129,,-78.906908,35.35594
33130,,-78.899917,35.359679
33131,,-78.82848,35.394234
33132,,-78.957441,35.339017
33133,,-78.843583,35.359986
33134,,-78.794269,35.347994
33135,,-78.784268,35.335027
33136,,-78.818292,35.39361
33137,,-78.791345,35.389928
33138,,-78.77822,35.388791
33139,,-78.822567,35.39338
33140,,-78.81863,35.392854
33141,,-78.836922,35.3949
33142,,-78.811186,35.391803
33143,,-79.045256,35.445764
33144,,-78.746949,35.335295
33145,,-78.826578,35.393972
33146,,-78.823901,35.400797
33147,,-78.987761,35.37039
33148,,-79.010017,35.43424
33149,,-79.022777,35.402054
33150,,-78.723642,35.32641
33151,,-78.749816,35.342598
33152,,-78.790315,35.343401
33153,,-78.937834,35.344303
33154,,-78.945424,35.385018
33155,,-78.93377,35.416452
33156,,-78.935566,35.417018
33157,,-78.2966,35.346777
33158,,-78.496787,35.325829
33159,,-78.527072,35.302887
33160,,-78.434032,35.368777
33161,,-78.308631,35.36381
33162,,-78.118982,35.484183
33163,,-78.47445,35.37607
33164,,-78.232712,35.48189
33165,,-78.185529,35.463031
33166,,-78.1676,35.470002
33167,,-78.161542,35.476953
33168,,-78.164488,35.464632
33169,,-78.160451,35.462448
33170,,-78.988515,35.389318
33171,,-78.970604,35.41979
33172,,-78.962882,35.41821
33173,,-78.956939,35.424796
33174,,-78.887341,35.415072
33175,,-78.846839,35.39523
33176,,-78.920325,35.411771
33177,,-78.920507,35.41811
33178,,-78.795817,35.389644
33179,,-78.747029,35.3326
33180,,-78.887909,35.367498
33181,,-78.895306,35.397245
33182,,-78.895196,35.397154
33183,,-78.904212,35.413942
33184,,-78.361243,35.314685
33185,,-78.380893,35.318339
33186,,-78.41116,35.310589
33187,,-78.436896,35.307572
33188,,-78.218742,35.44203
33189,,-78.245129,35.483067
33190,,-78.245297,35.482635
33191,,-78.245894,35.481078
33192,,-78.247541,35.482926
33193,,-78.246568,35.482927
33194,,-78.247932,35.482798
33195,,-78.246545,35.482775
33196,,-78.100037,35.545771
33197,,-78.10245,35.545865
33198,,-79.147238,35.726582
33199,,-79.147487,35.723828
33200,,-79.139116,35.719155
33201,,-79.129287,35.71831
33202,,-78.302905,36.081517
33203,,-78.10545,35.581834
33204,,-78.413238,35.41594
33205,,-78.429777,35.419833
33206,,-78.334818,35.389569
33207,,-78.367254,35.379265
33208,,-78.469722,35.390102
33209,,-78.453341,35.372571
33210,,-78.117317,35.546531
33211,,-78.146819,35.532622
33212,,-78.164663,35.429208
33213,,-78.188206,35.439079
33214,,-78.236051,35.421957
33215,,-78.229561,35.460421
33216,,-78.201826,35.45482
33217,,-78.229884,35.464457
33218,,-78.457355,35.310338
33219,,-78.490929,35.326383
33220,,-78.526299,35.3417
33221,,-78.496937,35.325809
33222,,-78.207804,35.353813
33223,,-78.458429,35.295029
33224,,-78.424677,35.38644
33225,,-78.370712,35.390258
33226,,-78.29528,35.330235
33227,,-78.122423,35.51824
33228,,-78.137683,35.494117
33229,,-78.456989,35.345881
33230,,-78.309479,35.37232
33231,,-79.00085,35.432644
33232,,-78.991752,35.431059
33233,,-78.932284,35.404259
33234,,-78.982518,35.403684
33235,,-78.81707,35.396693
33236,,-78.821087,35.397123
33237,,-78.818181,35.399303
33238,,-78.82292,35.400538
33239,,-78.824471,35.393661
33240,,-78.848079,35.405797
33241,,-78.818623,35.402953
33242,,-78.810801,35.403073
33243,,-78.808633,35.396727
33244,,-78.53398,35.958269
33245,,-78.532632,35.96231
33246,,-78.535254,35.965126
33247,,-78.535477,35.965261
33248,,-78.563143,35.878244
33249,,-78.5429,35.863637
33250,,-78.600881,35.900704
33251,,-78.58729,35.861093
33252,,-78.508414,35.808806
33253,,-78.472688,35.780875
33254,,-78.476971,35.77598
33255,,-78.466105,35.819228
33256,,-78.460513,35.818907
33257,,-78.847265,35.722023
33258,,-78.847937,35.723083
33259,,-78.850576,35.721158
33260,,-78.845995,35.720487
33261,,-78.847525,35.719802
33262,,-78.843764,35.718319
33263,,-78.851862,35.747572
33264,,-78.906162,35.74549
33265,,-78.906197,35.745681
33266,,-78.913079,35.74479
33267,,-78.912777,35.745016
33268,,-78.915354,35.744757
33269,,-78.916236,35.744472
33270,,-78.915874,35.744705
33271,,-78.919132,35.74418
33272,,-78.91872,35.744417
33273,,-78.93888,35.687826
33274,,-78.932114,35.691299
33275,,-78.802352,35.39049
33276,,-78.797536,35.35477
33277,,-78.835405,35.373699
33278,,-78.819219,35.359698
33279,,-78.839002,35.367708
33280,,-78.837047,35.404091
33281,,-78.840744,35.394437
33282,,-78.868133,35.413687
33283,,-78.867213,35.393336
33284,,-78.870924,35.371527
33285,,-78.894518,35.381203
33286,,-78.963539,35.382904
33287,,-78.950605,35.361232
33288,,-78.932195,35.38497
33289,,-78.921327,35.352665
33290,,-79.021902,35.436214
33291,,-78.809154,35.369662
33292,,-78.768683,35.381952
33293,,-78.805102,35.363944
33294,,-78.750402,35.360928
33295,,-78.781266,35.344287
33296,,-78.813661,35.398067
33297,,-78.817487,35.395642
33298,,-78.815737,35.392863
33299,,-78.843603,35.394609
33300,,-78.83773,35.387753
33301,,-78.829311,35.379456
33302,,-78.813825,35.38379
33303,,-78.826982,35.381497
33304,,-78.752288,35.502016
33305,,-78.756486,35.481367
33306,,-78.760985,35.466973
33307,,-78.457833,35.65308
33308,,-78.44128,35.640632
33309,,-78.434039,35.631303
33310,,-78.49021,35.627154
33311,,-78.503727,35.628399
33312,,-78.642616,35.742957
33313,,-78.737853,35.790162
33314,,-78.722663,35.799147
33315,,-78.585349,35.801344
33316,,-78.577779,35.799987
33317,,-78.541704,35.72324
33318,,-78.587955,35.6803
33319,,-78.776966,35.594162
33320,,-78.779808,35.597118
33321,,-78.812961,35.586141
33322,,-78.78595,35.556266
33323,,-78.688747,35.64281
33324,,-78.726808,35.636998
33325,,-78.765392,35.594896
33326,,-78.855065,35.623576
33327,,-78.842084,35.64035
33328,,-78.800137,35.611328
33329,,-78.755924,35.779891
33330,,-78.762092,35.784595
33331,,-78.555185,35.893057
33332,,-78.550293,35.897969
33333,,-78.585554,35.868666
33334,,-78.537645,35.867482
33335,,-78.538122,35.867662
33336,,-78.544215,35.868205
33337,,-78.538468,35.867832
33338,,-78.445939,35.903334
33339,,-78.49108,35.890571
33340,,-78.477775,35.884725
33341,,-78.499469,35.886412
33342,,-78.298353,35.828543
33343,,-78.425735,35.758288
33344,,-78.395819,35.76555
33345,,-78.415391,35.75467
33346,,-78.794805,35.974798
33347,,-78.916247,35.907715
33348,,-78.864219,35.924802
33349,,-79.087814,35.905332
33350,,-79.078617,35.892738
33351,,-79.06875,36.085546
33352,,-79.0306,35.933853
33353,,-79.028324,35.929705
33354,,-79.061218,35.885283
33355,,-79.092731,36.046291
33356,,-78.839126,35.941243
33357,,-78.790161,35.960114
33358,,-78.775466,35.955007
33359,,-78.134329,35.454301
33360,,-78.387729,35.265062
33361,,-78.793892,35.950894
33362,,-78.816474,35.404487
33363,,-78.827161,35.401691
33364,,-78.829332,35.402327
33365,,-78.839982,35.404587
33366,,-78.815859,35.404444
33367,,-78.812847,35.403608
33368,,-78.814746,35.402398
33369,,-78.815778,35.399841
33370,,-78.81488,35.398417
33371,,-78.8175,35.399129
33372,,-78.818735,35.399445
33373,,-78.819613,35.400862
33374,,-78.81243,35.397713
33375,,-78.820459,35.39871
33376,,-78.820861,35.397695
33377,,-78.821258,35.4001
33378,,-78.822553,35.400441
33379,,-78.821271,35.396659
33380,,-78.821677,35.395631
33381,,-78.825524,35.396659
33382,,-78.825926,35.395635
33383,,-78.822087,35.394594
33384,,-78.823861,35.393571
33385,,-78.825174,35.393765
33386,,-78.824313,35.399746
33387,,-78.82512,35.39769
33388,,-78.816677,35.397685
33389,,-78.817893,35.394617
33390,,-78.821205,35.393198
33391,,-78.819931,35.393028
33392,,-78.816974,35.393225
33393,,-78.814525,35.392512
33394,,-78.818758,35.392569
33395,,-78.81911,35.391495
33396,,-78.811985,35.391973
33397,,-78.810552,35.392633
33398,,-78.809035,35.395665
33399,,-78.805015,35.390835
33400,,-78.79934,35.390167
33401,,-78.803802,35.390678
33402,,-78.782836,35.389886
33403,,-78.779613,35.389124
33404,,-78.812466,35.378861
33405,,-78.760647,35.374324
33406,,-78.784911,35.344701
33407,,-78.782455,35.344681
33408,,-78.784015,35.344785
33409,,-78.778039,35.342706
33410,,-78.776129,35.341816
33411,,-78.770363,35.339617
33412,,-78.770244,35.339605
33413,,-78.766894,35.339702
33414,,-78.728178,35.331903
33415,,-78.725826,35.32993
33416,,-78.813686,35.355322
33417,,-78.812944,35.354733
33418,,-78.809591,35.352756
33419,,-78.807752,35.352237
33420,,-78.80684,35.351979
33421,,-78.80669,35.351973
33422,,-78.801212,35.353556
33423,,-78.794637,35.348845
33424,,-78.798095,35.355846
33425,,-78.80236,35.361906
33426,,-78.806186,35.364767
33427,,-78.808577,35.368161
33428,,-78.808826,35.368794
33429,,-78.823622,35.363631
33430,,-78.826195,35.368019
33431,,-78.825303,35.36653
33432,,-78.811364,35.375679
33433,,-78.811076,35.374856
33434,,-78.809389,35.370286
33435,,-78.834976,35.390027
33436,,-78.82364,35.384106
33437,,-78.826264,35.382141
33438,,-78.835738,35.389533
33439,,-78.817971,35.3883
33440,,-78.820581,35.388615
33441,,-78.824146,35.383727
33442,,-78.824464,35.383489
33443,,-78.828884,35.379819
33444,,-78.845894,35.378725
33445,,-78.849275,35.375668
33446,,-78.82786,35.394161
33447,,-78.829808,35.399084
33448,,-78.832293,35.403074
33449,,-78.835051,35.395989
33450,,-78.834404,35.403609
33451,,-78.830803,35.402767
33452,,-78.846204,35.405507
33453,,-78.852983,35.406781
33454,,-78.866844,35.407978
33455,,-78.865361,35.407497
33456,,-78.864571,35.407241
33457,,-78.861331,35.410498
33458,,-78.863191,35.406794
33459,,-78.859512,35.405602
33460,,-78.857859,35.405075
33461,,-78.863136,35.411348
33462,,-78.868995,35.41409
33463,,-78.870247,35.409493
33464,,-78.882802,35.402195
33465,,-78.875973,35.413558
33466,,-78.881508,35.41541
33467,,-78.875396,35.413339
33468,,-78.871402,35.415216
33469,,-78.871105,35.410438
33470,,-78.901378,35.417501
33471,,-79.018853,35.435742
33472,,-78.978313,35.428716
33473,,-79.026579,35.436938
33474,,-79.032055,35.415527
33475,,-79.010856,35.400725
33476,,-78.99656,35.429612
33477,,-79.000726,35.43195
33478,,-78.981823,35.420561
33479,,-79.007612,35.433821
33480,,-79.01221,35.422427
33481,,-78.970055,35.419759
33482,,-78.977185,35.428519
33483,,-78.977746,35.413253
33484,,-78.961237,35.417469
33485,,-78.941773,35.41636
33486,,-78.940648,35.416659
33487,,-78.948017,35.385268
33488,,-78.974259,35.380792
33489,,-78.967074,35.382659
33490,,-78.923859,35.388123
33491,,-78.931934,35.39608
33492,,-78.954878,35.384185
33493,,-78.945065,35.373148
33494,,-78.944608,35.37618
33495,,-78.945377,35.37146
33496,,-78.928174,35.350084
33497,,-78.912819,35.353431
33498,,-78.917986,35.391356
33499,,-78.89539,35.382788
33500,,-78.895668,35.363098
33501,,-78.91744,35.410862
33502,,-78.092987,35.564832
33503,,-78.093439,35.578171
33504,,-78.080211,35.557835
33505,,-78.082075,35.5754
33506,,-78.132021,35.544926
33507,,-78.123479,35.556189
33508,,-78.124494,35.517576
33509,,-78.136736,35.514605
33510,,-78.114413,35.519807
33511,,-78.148572,35.526214
33512,,-78.125267,35.517328
33513,,-78.136228,35.499114
33514,,-78.137576,35.507327
33515,,-78.189152,35.503167
33516,,-78.16625,35.499865
33517,,-78.145923,35.538123
33518,,-78.146151,35.53522
33519,,-78.147017,35.531003
33520,,-78.148474,35.527027
33521,,-78.147272,35.51975
33522,,-78.150297,35.513556
33523,,-78.15606,35.545428
33524,,-78.199977,35.496271
33525,,-78.196565,35.486039
33526,,-78.222564,35.484048
33527,,-78.20409,35.490204
33528,,-78.206452,35.469698
33529,,-78.18699,35.480751
33530,,-78.184725,35.47873
33531,,-78.185239,35.472103
33532,,-78.160352,35.486719
33533,,-78.16121,35.479675
33534,,-78.159443,35.490548
33535,,-78.163311,35.496691
33536,,-78.185336,35.471782
33537,,-78.162093,35.472122
33538,,-78.156946,35.470377
33539,,-78.160171,35.468129
33540,,-78.158209,35.468805
33541,,-78.171751,35.463153
33542,,-78.162493,35.463553
33543,,-78.161486,35.463008
33544,,-78.167611,35.464019
33545,,-78.163809,35.465503
33546,,-78.163505,35.464101
33547,,-78.163136,35.466319
33548,,-78.161455,35.466574
33549,,-78.159788,35.463268
33550,,-78.159457,35.465483
33551,,-78.159123,35.464089
33552,,-78.163926,35.467971
33553,,-78.160175,35.466342
33554,,-78.162599,35.467536
33555,,-78.158191,35.465232
33556,,-78.158167,35.466993
33557,,-78.161354,35.468806
33558,,-78.159507,35.467174
33559,,-78.167109,35.445637
33560,,-78.15863,35.464699
33561,,-78.152661,35.466012
33562,,-78.151498,35.466038
33563,,-78.15384,35.465986
33564,,-78.156142,35.465935
33565,,-78.157329,35.469914
33566,,-78.156771,35.47058
33567,,-78.148578,35.472277
33568,,-78.147158,35.470221
33569,,-78.146349,35.469057
33570,,-78.21651,35.470474
33571,,-78.226758,35.453574
33572,,-78.226393,35.452859
33573,,-78.192301,35.457784
33574,,-78.189378,35.450163
33575,,-78.209447,35.406187
33576,,-78.189873,35.418452
33577,,-78.188812,35.432156
33578,,-78.189348,35.453201
33579,,-78.189852,35.447602
33580,,-78.166522,35.452091
33581,,-78.166741,35.448221
33582,,-78.16615,35.439672
33583,,-78.165518,35.435984
33584,,-78.188427,35.433645
33585,,-78.189286,35.430324
33586,,-78.189873,35.420321
33587,,-78.18244,35.400549
33588,,-78.188543,35.440176
33589,,-78.234082,35.432926
33590,,-78.229908,35.414544
33591,,-78.226149,35.408751
33592,,-78.230274,35.415101
33593,,-78.231173,35.433563
33594,,-78.229015,35.434251
33595,,-78.226799,35.434958
33596,,-78.235385,35.432655
33597,,-78.220019,35.406419
33598,,-78.197352,35.36894
33599,,-78.197117,35.371012
33600,,-78.348047,35.398344
33601,,-78.343784,35.396599
33602,,-78.332305,35.388385
33603,,-78.307641,35.369323
33604,,-78.250983,35.328437
33605,,-78.234811,35.332676
33606,,-78.270408,35.325403
33607,,-78.369495,35.386388
33608,,-78.337827,35.360327
33609,,-78.336949,35.390564
33610,,-78.325816,35.384339
33611,,-78.317156,35.37753
33612,,-78.311762,35.375043
33613,,-78.319565,35.362479
33614,,-78.316439,35.36266
33615,,-78.354374,35.364784
33616,,-78.36556,35.357088
33617,,-78.297659,35.336455
33618,,-78.326286,35.362103
33619,,-78.297671,35.316017
33620,,-78.30575,35.310882
33621,,-78.337128,35.293614
33622,,-78.40292,35.368511
33623,,-78.391801,35.369615
33624,,-78.375439,35.367701
33625,,-78.426214,35.368332
33626,,-78.424803,35.368302
33627,,-78.412388,35.368312
33628,,-78.434238,35.395198
33629,,-78.439426,35.383948
33630,,-78.444619,35.372302
33631,,-78.435294,35.369292
33632,,-78.451516,35.372623
33633,,-78.462123,35.374818
33634,,-78.460842,35.398431
33635,,-78.461044,35.397564
33636,,-78.364333,35.345022
33637,,-78.409853,35.368385
33638,,-78.421946,35.368036
33639,,-78.429525,35.368234
33640,,-78.446572,35.3367
33641,,-78.362352,35.325544
33642,,-78.393822,35.316462
33643,,-78.401932,35.314094
33644,,-78.366505,35.315414
33645,,-78.360488,35.306379
33646,,-78.403455,35.313019
33647,,-78.385474,35.272043
33648,,-78.390656,35.316696
33649,,-78.382889,35.316844
33650,,-78.449374,35.283483
33651,,-78.449751,35.272243
33652,,-78.429028,35.309134
33653,,-78.451206,35.318645
33654,,-78.457497,35.37302
33655,,-78.43886,35.362789
33656,,-78.453573,35.348896
33657,,-78.495362,35.367306
33658,,-78.486877,35.350174
33659,,-78.442286,35.347914
33660,,-78.44228,35.348937
33661,,-78.442613,35.351171
33662,,-78.443608,35.345101
33663,,-78.446658,35.335753
33664,,-78.462708,35.342085
33665,,-78.507822,35.364114
33666,,-78.520541,35.330745
33667,,-78.498922,35.324631
33668,,-78.520112,35.326476
33669,,-78.473008,35.330538
33670,,-78.463298,35.323251
33671,,-78.472344,35.329989
33672,,-78.48431,35.330173
33673,,-78.457355,35.31643
33674,,-78.498404,35.29671
33675,,-78.498399,35.296677
33676,,-78.508085,35.309449
33677,,-78.458401,35.296552
33678,,-78.449744,35.287999
33679,,-78.493019,35.283372
33680,,-78.449635,35.275696
33681,,-78.457741,35.29342
33682,,-78.994683,35.913493
33683,,-79.045632,35.901797
33684,,-78.903757,35.947739
33685,,-78.802359,35.624336
33686,,-78.887261,35.851765
33687,,-78.837247,35.716683
33688,,-78.837721,35.717992
33689,,-79.082617,36.058916
33690,,-78.861945,35.877327
33691,,-78.862749,35.875915
33692,,-78.869374,35.857801
33693,,-78.869618,35.85573
33694,,-78.857404,35.845565
33695,,-78.855874,35.836132
33696,,-78.853856,35.835123
33697,,-78.853025,35.829924
33698,,-78.848015,35.821474
33699,,-78.849324,35.820374
33700,,-78.847935,35.814124
33701,,-78.847668,35.813526
33702,,-78.84707,35.792428
33703,,-78.846299,35.791825
33704,,-78.84829,35.753563
33705,,-78.848126,35.750221
33706,,-78.848949,35.736459
33707,,-78.848253,35.735549
33708,,-78.870985,35.895119
33709,,-78.576527,35.85548
33710,,-78.581597,35.834566
33711,,-78.594234,35.815781
33712,,-78.635103,35.799895
33713,,-78.620533,35.829459
33714,,-78.619578,35.828904
33715,,-78.619821,35.830851
33716,,-78.640919,35.837225
33717,,-78.562709,35.799124
33718,,-78.562658,35.799549
33719,,-78.567881,35.801304
33720,,-78.577758,35.799066
33721,,-78.576178,35.79781
33722,,-78.575924,35.798087
33723,,-78.607897,35.779737
33724,,-78.607705,35.779574
33725,,-78.613408,35.780893
33726,,-78.613114,35.779805
33727,,-78.612989,35.779965
33728,,-78.622511,35.779856
33729,,-78.622277,35.779729
33730,,-78.622451,35.780552
33731,,-78.62928,35.780102
33732,,-78.62919,35.780874
33733,,-78.635718,35.78109
33734,,-78.635688,35.779736
33735,,-78.65541,35.724833
33736,,-78.657371,35.727985
33737,,-78.645199,35.746084
33738,,-78.641294,35.755006
33739,,-78.639712,35.760094
33740,,-78.648612,35.76867
33741,,-78.649405,35.770511
33742,,-78.665779,35.778891
33743,,-78.664346,35.778692
33744,,-78.676744,35.781304
33745,,-78.682289,35.785393
33746,,-78.683628,35.784261
33747,,-78.68365,35.784531
33748,,-78.688489,35.784825
33749,,-78.704341,35.785295
33750,,-78.712349,35.78652
33751,,-78.719985,35.788975
33752,,-78.745163,35.780733
33753,,-78.755983,35.779088
33754,,-78.764212,35.777806
33755,,-78.763201,35.775895
33756,,-78.76419,35.785544
33757,,-78.775024,35.787734
33758,,-78.793807,35.796798
33759,,-78.848853,35.866259
33760,,-78.851138,35.875739
33761,,-78.853113,35.877132
33762,,-78.774742,35.820351
33763,,-78.771796,35.818537
33764,,-78.78255,35.807898
33765,,-78.781793,35.770341
33766,,-78.785929,35.757317
33767,,-78.782917,35.757212
33768,,-78.780024,35.740947
33769,,-79.288316,36.107796
33770,,-79.274222,36.122588
33771,,-79.274459,36.124307
33772,,-79.166322,35.751151
33773,,-79.148381,35.728881
33774,,-78.957904,35.891504
33775,,-78.95775,35.890668
33776,,-78.944904,35.868886
33777,,-78.934957,35.87505
33778,,-78.824084,35.867901
33779,,-78.824537,35.867891
33780,,-78.751015,35.788152
33781,,-78.74928,35.789742
33782,,-78.745376,35.807722
33783,,-78.459297,35.668895
33784,,-78.469425,35.662422
33785,,-78.47163,35.664287
33786,,-78.769565,35.586665
33787,,-78.756369,35.552277
33788,,-78.709684,35.5945
33789,,-78.712099,35.587121
33790,,-78.588754,35.709265
33791,,-78.599908,35.728617
33792,,-78.592271,35.719605
33793,,-78.881408,35.65481
33794,,-78.865418,35.680273
33795,,-78.863727,35.678145
33796,,-78.451371,35.82822
33797,,-78.438813,35.827172
33798,,-78.536272,35.861035
33799,,-78.704932,35.821072
33800,,-78.709014,35.822134
33801,,-78.48811,36.054398
33802,,-78.570051,35.883033
33803,,-78.569851,35.882823
33804,,-78.541943,35.918053
33805,,-78.534028,35.948361
33806,,-78.462927,36.014546
33807,,-78.52886,35.989974
33808,,-78.518188,36.000371
33809,,-78.47499,36.001769
33810,,-78.837305,35.836601
33811,,-78.833896,35.692959
33812,,-78.839353,35.695516
33813,,-78.915924,35.727351
33814,,-78.919682,35.737968
33815,,-78.884563,35.709873
33816,,-78.896845,35.700823
33817,,-78.476807,35.640898
33818,,-78.476256,35.640274
33819,,-78.827523,35.5586
33820,,-78.826635,35.563187
33821,,-78.823786,35.592285
33822,,-78.754323,35.558257
33823,,-78.750088,35.562082
33824,,-78.724982,35.615212
33825,,-78.724038,35.617496
33826,,-78.843062,35.619927
33827,,-78.841294,35.619107
33828,,-78.835871,35.618056
33829,,-78.819779,35.400491
33830,,-78.819612,35.399669
33831,,-78.834012,35.702029
33832,,-78.811905,35.3766
33833,,-78.761045,35.406965
33834,,-78.853804,35.407014
33835,,-78.836101,35.372545
33836,,-78.849906,35.375296
33837,,-78.856453,35.396171
33838,,-78.85538,35.404243
33839,,-78.829973,35.440183
33840,,-78.793729,35.441446
33841,,-78.794066,35.439828
33842,,-78.828063,35.438859
33843,,-78.82816,35.439422
33844,,-78.854569,35.407285
33845,,-78.836801,35.867057
33846,,-78.834183,35.870928
33847,,-78.460983,36.092795
33848,,-78.535838,35.860654
33849,,-78.803056,35.927689
33850,,-78.845554,35.965709
33851,,-78.848825,35.965593
33852,,-78.839861,35.9471
33853,,-78.81229,35.935788
33854,,-79.069655,35.910615
33855,,-79.186905,35.921543
33856,,-79.186081,35.922077
33857,,-79.099531,36.068997
33858,,-78.705084,35.859674
33859,,-78.767751,35.900296
33860,,-78.785732,35.907307
33861,,-78.765755,35.90168
33862,,-78.803436,35.90269
33863,,-78.765953,35.901558
33864,,-78.945553,36.017371
33865,,-78.957127,36.023825
33866,,-79.058598,36.038474
33867,,-78.51975,35.754379
33868,,-78.531654,35.754543
33869,,-79.00025,35.736644
33870,,-78.984361,35.735861
33871,,-78.984411,35.735984
33872,,-79.000443,35.737779
33873,,-79.003002,35.737133
33874,,-78.99823,35.736557
33875,,-79.003084,35.736945
33876,,-79.00067,35.73509
33877,,-78.998164,35.736348
33878,,-79.057531,35.738879
33879,,-79.057582,35.738761
33880,,-79.057303,35.739451
33881,,-79.059094,35.739025
33882,,-79.05581,35.738773
33883,,-79.05913,35.738815
33884,,-79.055881,35.738569
33885,,-79.083617,35.736946
33886,,-79.083723,35.737607
33887,,-79.08496,35.736891
33888,,-79.082311,35.737023
33889,,-79.085098,35.736684
33890,,-79.083492,35.736179
33891,,-79.08223,35.73685
33892,,-78.44718,35.629686
33893,,-78.474691,35.636352
33894,,-78.529156,35.99127
33895,,-78.529332,35.991387
33896,,-78.867928,35.992436
33897,,-78.868317,35.993223
33898,,-78.937268,36.009245
33899,,-78.901658,35.998149
33900,,-78.916805,36.00175
33901,,-78.916925,36.001593
33902,,-78.895188,35.908177
33903,,-78.894682,35.908241
33904,,-78.894927,35.908293
33905,,-78.709436,35.860946
33906,,-78.708263,35.860135
33907,,-78.809796,35.863771
33908,,-78.810066,35.863424
33909,,-78.59881,35.816559
33910,,-78.510606,35.965329
33911,,-78.513769,35.964946
33912,,-78.508483,35.965572
33913,,-78.449353,35.625816
33914,,-78.624579,35.83353
33915,,-78.867371,35.721003
33916,,-78.867424,35.721207
33917,,-78.803901,35.86493
33918,,-78.802757,35.865701
33919,,-78.804023,35.864903
33920,,-78.803088,35.865782
33921,,-78.802698,35.865185
33922,,-78.801982,35.865624
33923,,-78.429459,36.093007
33924,,-78.429452,36.092376
33925,,-78.428802,36.101354
33926,,-78.810313,35.902473
33927,,-78.810867,35.90228
33928,,-78.810789,35.902225
33929,,-78.427569,36.100711
33930,,-78.429457,36.093537
33931,,-78.429054,36.099435
33932,,-78.426558,36.100182
33933,,-79.186956,35.922079
33934,,-78.868453,35.992558
33935,,-78.915815,35.744409
33936,,-78.915697,35.744525
33937,,-78.820876,35.847845
33938,,-78.471181,36.08524
33939,,-78.915717,35.744507
33940,,-78.915751,35.744854
33941,,-78.565972,35.743207
33942,,-78.453253,36.084968
33943,,-78.456014,36.084295
33944,,-78.872355,35.719006
33945,,-78.870742,35.720075
33946,,-78.837905,35.710002
33947,,-78.837711,35.710068
33948,,-78.919334,35.697777
33949,,-78.860313,35.693778
33950,,-79.028521,35.791769
33951,,-78.814989,35.40244
33952,,-78.821523,35.743339
33953,,-78.8352,35.748034
33954,,-78.835575,35.747388
33955,,-78.798235,35.739158
33956,,-78.799329,35.739199
33957,,-78.798527,35.738456
33958,,-78.794423,35.73796
33959,,-78.801891,35.739364
33960,,-78.801747,35.739665
33961,,-78.809032,35.741472
33962,,-78.705937,35.793947
33963,,-78.706033,35.794104
